run,seed,n,fault,policy,audit_triggered,detected,corrected,bad_finalized,honest_votes,audit_reexecution_ms,correct_digest,submitted_digest
0,2035581000,27,label,no_trigger,False,False,False,True,0,0.000342,9bbc0afce3a1c592ca4f2aed6a1e0643d6761b17d892d9fc41f6846c67e723a8,b8f66afc54fd95f8d783903025afe0f10ad39a2713e785e6da2cef9839afe7ec
0,2035581000,27,label,proactive,True,True,True,False,5,8.83057,9bbc0afce3a1c592ca4f2aed6a1e0643d6761b17d892d9fc41f6846c67e723a8,b8f66afc54fd95f8d783903025afe0f10ad39a2713e785e6da2cef9839afe7ec
0,2035581000,27,label,timely_challenge,True,True,True,False,5,8.584778,9bbc0afce3a1c592ca4f2aed6a1e0643d6761b17d892d9fc41f6846c67e723a8,b8f66afc54fd95f8d783903025afe0f10ad39a2713e785e6da2cef9839afe7ec
0,2035581000,27,label,delayed_challenge,True,True,True,False,5,9.161018,9bbc0afce3a1c592ca4f2aed6a1e0643d6761b17d892d9fc41f6846c67e723a8,b8f66afc54fd95f8d783903025afe0f10ad39a2713e785e6da2cef9839afe7ec
0,2035581000,27,weight,no_trigger,False,False,False,True,0,0.000118,9bbc0afce3a1c592ca4f2aed6a1e0643d6761b17d892d9fc41f6846c67e723a8,b2ec333e489bcccd081d20a700e0a4911a5afb36cfddc89497a5b601abbee128
0,2035581000,27,weight,proactive,True,True,True,False,5,8.498339,9bbc0afce3a1c592ca4f2aed6a1e0643d6761b17d892d9fc41f6846c67e723a8,b2ec333e489bcccd081d20a700e0a4911a5afb36cfddc89497a5b601abbee128
0,2035581000,27,weight,timely_challenge,True,True,True,False,5,8.495433,9bbc0afce3a1c592ca4f2aed6a1e0643d6761b17d892d9fc41f6846c67e723a8,b2ec333e489bcccd081d20a700e0a4911a5afb36cfddc89497a5b601abbee128
0,2035581000,27,weight,delayed_challenge,True,True,True,False,5,8.406418,9bbc0afce3a1c592ca4f2aed6a1e0643d6761b17d892d9fc41f6846c67e723a8,b2ec333e489bcccd081d20a700e0a4911a5afb36cfddc89497a5b601abbee128
0,2035581000,27,reputation_state,no_trigger,False,False,False,True,0,0.000107,9bbc0afce3a1c592ca4f2aed6a1e0643d6761b17d892d9fc41f6846c67e723a8,86bab068bd2fe5d614cf39199d44ddc85f49636e2dcd3e9dfd7321bf47c13006
0,2035581000,27,reputation_state,proactive,True,True,True,False,5,8.548059,9bbc0afce3a1c592ca4f2aed6a1e0643d6761b17d892d9fc41f6846c67e723a8,86bab068bd2fe5d614cf39199d44ddc85f49636e2dcd3e9dfd7321bf47c13006
0,2035581000,27,reputation_state,timely_challenge,True,True,True,False,5,9.608344,9bbc0afce3a1c592ca4f2aed6a1e0643d6761b17d892d9fc41f6846c67e723a8,86bab068bd2fe5d614cf39199d44ddc85f49636e2dcd3e9dfd7321bf47c13006
0,2035581000,27,reputation_state,delayed_challenge,True,True,True,False,5,10.629034,9bbc0afce3a1c592ca4f2aed6a1e0643d6761b17d892d9fc41f6846c67e723a8,86bab068bd2fe5d614cf39199d44ddc85f49636e2dcd3e9dfd7321bf47c13006
0,2035581000,27,aggregate,no_trigger,False,False,False,True,0,0.000139,9bbc0afce3a1c592ca4f2aed6a1e0643d6761b17d892d9fc41f6846c67e723a8,5246872d1a03e30d220b6db99e86d0b88220ad08f6e217c78d3df18e48b334c5
0,2035581000,27,aggregate,proactive,True,True,True,False,5,8.674668,9bbc0afce3a1c592ca4f2aed6a1e0643d6761b17d892d9fc41f6846c67e723a8,5246872d1a03e30d220b6db99e86d0b88220ad08f6e217c78d3df18e48b334c5
0,2035581000,27,aggregate,timely_challenge,True,True,True,False,5,8.801853,9bbc0afce3a1c592ca4f2aed6a1e0643d6761b17d892d9fc41f6846c67e723a8,5246872d1a03e30d220b6db99e86d0b88220ad08f6e217c78d3df18e48b334c5
0,2035581000,27,aggregate,delayed_challenge,True,True,True,False,5,8.449495,9bbc0afce3a1c592ca4f2aed6a1e0643d6761b17d892d9fc41f6846c67e723a8,5246872d1a03e30d220b6db99e86d0b88220ad08f6e217c78d3df18e48b334c5
0,2035581000,27,payment,no_trigger,False,False,False,True,0,0.000129,9bbc0afce3a1c592ca4f2aed6a1e0643d6761b17d892d9fc41f6846c67e723a8,0900ebcbbe837588da98b640309b875470d3ff28d0c1679ce1ff246d4448d6e0
0,2035581000,27,payment,proactive,True,True,True,False,5,8.470466,9bbc0afce3a1c592ca4f2aed6a1e0643d6761b17d892d9fc41f6846c67e723a8,0900ebcbbe837588da98b640309b875470d3ff28d0c1679ce1ff246d4448d6e0
0,2035581000,27,payment,timely_challenge,True,True,True,False,5,8.133554,9bbc0afce3a1c592ca4f2aed6a1e0643d6761b17d892d9fc41f6846c67e723a8,0900ebcbbe837588da98b640309b875470d3ff28d0c1679ce1ff246d4448d6e0
0,2035581000,27,payment,delayed_challenge,True,True,True,False,5,8.16506,9bbc0afce3a1c592ca4f2aed6a1e0643d6761b17d892d9fc41f6846c67e723a8,0900ebcbbe837588da98b640309b875470d3ff28d0c1679ce1ff246d4448d6e0
0,2035581000,27,missing_package,no_trigger,False,False,False,True,0,0.000118,9bbc0afce3a1c592ca4f2aed6a1e0643d6761b17d892d9fc41f6846c67e723a8,MISSING
0,2035581000,27,missing_package,proactive,True,True,True,False,5,0.000973,9bbc0afce3a1c592ca4f2aed6a1e0643d6761b17d892d9fc41f6846c67e723a8,MISSING
0,2035581000,27,missing_package,timely_challenge,True,True,True,False,5,0.000545,9bbc0afce3a1c592ca4f2aed6a1e0643d6761b17d892d9fc41f6846c67e723a8,MISSING
0,2035581000,27,missing_package,delayed_challenge,True,True,True,False,5,0.000428,9bbc0afce3a1c592ca4f2aed6a1e0643d6761b17d892d9fc41f6846c67e723a8,MISSING
1,2035581001,27,label,no_trigger,False,False,False,True,0,0.000246,c2bff4795f40d112cb1f0de0e089f36fb93ec7e7bab0061a64c2894af3ed477f,5fba1795e4161cc265f767a8a35928bf466e2e2685117f51a5caca1cdb9e4354
1,2035581001,27,label,proactive,True,True,True,False,5,8.074859,c2bff4795f40d112cb1f0de0e089f36fb93ec7e7bab0061a64c2894af3ed477f,5fba1795e4161cc265f767a8a35928bf466e2e2685117f51a5caca1cdb9e4354
1,2035581001,27,label,timely_challenge,True,True,True,False,5,8.542109,c2bff4795f40d112cb1f0de0e089f36fb93ec7e7bab0061a64c2894af3ed477f,5fba1795e4161cc265f767a8a35928bf466e2e2685117f51a5caca1cdb9e4354
1,2035581001,27,label,delayed_challenge,True,True,True,False,5,8.273497,c2bff4795f40d112cb1f0de0e089f36fb93ec7e7bab0061a64c2894af3ed477f,5fba1795e4161cc265f767a8a35928bf466e2e2685117f51a5caca1cdb9e4354
1,2035581001,27,weight,no_trigger,False,False,False,True,0,0.000117,c2bff4795f40d112cb1f0de0e089f36fb93ec7e7bab0061a64c2894af3ed477f,9201eec85cd10c1585323e1f46f4173673ab3529d223fdb7aab75942f02d8488
1,2035581001,27,weight,proactive,True,True,True,False,5,8.47929,c2bff4795f40d112cb1f0de0e089f36fb93ec7e7bab0061a64c2894af3ed477f,9201eec85cd10c1585323e1f46f4173673ab3529d223fdb7aab75942f02d8488
1,2035581001,27,weight,timely_challenge,True,True,True,False,5,8.460145,c2bff4795f40d112cb1f0de0e089f36fb93ec7e7bab0061a64c2894af3ed477f,9201eec85cd10c1585323e1f46f4173673ab3529d223fdb7aab75942f02d8488
1,2035581001,27,weight,delayed_challenge,True,True,True,False,5,8.466641,c2bff4795f40d112cb1f0de0e089f36fb93ec7e7bab0061a64c2894af3ed477f,9201eec85cd10c1585323e1f46f4173673ab3529d223fdb7aab75942f02d8488
1,2035581001,27,reputation_state,no_trigger,False,False,False,True,0,0.000117,c2bff4795f40d112cb1f0de0e089f36fb93ec7e7bab0061a64c2894af3ed477f,5d65a45315e84e7134ca0f02c4bd72cec0f21374e20a7befb05b522e1da73e74
1,2035581001,27,reputation_state,proactive,True,True,True,False,5,8.568304,c2bff4795f40d112cb1f0de0e089f36fb93ec7e7bab0061a64c2894af3ed477f,5d65a45315e84e7134ca0f02c4bd72cec0f21374e20a7befb05b522e1da73e74
1,2035581001,27,reputation_state,timely_challenge,True,True,True,False,5,7.72874,c2bff4795f40d112cb1f0de0e089f36fb93ec7e7bab0061a64c2894af3ed477f,5d65a45315e84e7134ca0f02c4bd72cec0f21374e20a7befb05b522e1da73e74
1,2035581001,27,reputation_state,delayed_challenge,True,True,True,False,5,8.916711,c2bff4795f40d112cb1f0de0e089f36fb93ec7e7bab0061a64c2894af3ed477f,5d65a45315e84e7134ca0f02c4bd72cec0f21374e20a7befb05b522e1da73e74
1,2035581001,27,aggregate,no_trigger,False,False,False,True,0,0.000128,c2bff4795f40d112cb1f0de0e089f36fb93ec7e7bab0061a64c2894af3ed477f,d9ef7f9d37a42af7b02aaab14ea94c7710e52632515b36c127f56d687653544c
1,2035581001,27,aggregate,proactive,True,True,True,False,5,7.94543,c2bff4795f40d112cb1f0de0e089f36fb93ec7e7bab0061a64c2894af3ed477f,d9ef7f9d37a42af7b02aaab14ea94c7710e52632515b36c127f56d687653544c
1,2035581001,27,aggregate,timely_challenge,True,True,True,False,5,8.266862,c2bff4795f40d112cb1f0de0e089f36fb93ec7e7bab0061a64c2894af3ed477f,d9ef7f9d37a42af7b02aaab14ea94c7710e52632515b36c127f56d687653544c
1,2035581001,27,aggregate,delayed_challenge,True,True,True,False,5,8.272417,c2bff4795f40d112cb1f0de0e089f36fb93ec7e7bab0061a64c2894af3ed477f,d9ef7f9d37a42af7b02aaab14ea94c7710e52632515b36c127f56d687653544c
1,2035581001,27,payment,no_trigger,False,False,False,True,0,0.000129,c2bff4795f40d112cb1f0de0e089f36fb93ec7e7bab0061a64c2894af3ed477f,93dc83fb7c52fe201504990cac3008aecedc40096316c62a4108e653629a25a0
1,2035581001,27,payment,proactive,True,True,True,False,5,8.135616,c2bff4795f40d112cb1f0de0e089f36fb93ec7e7bab0061a64c2894af3ed477f,93dc83fb7c52fe201504990cac3008aecedc40096316c62a4108e653629a25a0
1,2035581001,27,payment,timely_challenge,True,True,True,False,5,7.973923,c2bff4795f40d112cb1f0de0e089f36fb93ec7e7bab0061a64c2894af3ed477f,93dc83fb7c52fe201504990cac3008aecedc40096316c62a4108e653629a25a0
1,2035581001,27,payment,delayed_challenge,True,True,True,False,5,8.596604,c2bff4795f40d112cb1f0de0e089f36fb93ec7e7bab0061a64c2894af3ed477f,93dc83fb7c52fe201504990cac3008aecedc40096316c62a4108e653629a25a0
1,2035581001,27,missing_package,no_trigger,False,False,False,True,0,8.5e-05,c2bff4795f40d112cb1f0de0e089f36fb93ec7e7bab0061a64c2894af3ed477f,MISSING
1,2035581001,27,missing_package,proactive,True,True,True,False,5,0.000855,c2bff4795f40d112cb1f0de0e089f36fb93ec7e7bab0061a64c2894af3ed477f,MISSING
1,2035581001,27,missing_package,timely_challenge,True,True,True,False,5,0.000417,c2bff4795f40d112cb1f0de0e089f36fb93ec7e7bab0061a64c2894af3ed477f,MISSING
1,2035581001,27,missing_package,delayed_challenge,True,True,True,False,5,0.000406,c2bff4795f40d112cb1f0de0e089f36fb93ec7e7bab0061a64c2894af3ed477f,MISSING
2,2035581002,27,label,no_trigger,False,False,False,True,0,0.000256,5782bb20040146b78540d6a0b97251e21879401deeaddd07c08ec75b854bc889,ecd0a756979765b9a2f12638742d7bb03d6b33b09b33c993420341504a4834eb
2,2035581002,27,label,proactive,True,True,True,False,5,8.34531,5782bb20040146b78540d6a0b97251e21879401deeaddd07c08ec75b854bc889,ecd0a756979765b9a2f12638742d7bb03d6b33b09b33c993420341504a4834eb
2,2035581002,27,label,timely_challenge,True,True,True,False,5,7.977886,5782bb20040146b78540d6a0b97251e21879401deeaddd07c08ec75b854bc889,ecd0a756979765b9a2f12638742d7bb03d6b33b09b33c993420341504a4834eb
2,2035581002,27,label,delayed_challenge,True,True,True,False,5,7.93088,5782bb20040146b78540d6a0b97251e21879401deeaddd07c08ec75b854bc889,ecd0a756979765b9a2f12638742d7bb03d6b33b09b33c993420341504a4834eb
2,2035581002,27,weight,no_trigger,False,False,False,True,0,0.000128,5782bb20040146b78540d6a0b97251e21879401deeaddd07c08ec75b854bc889,2b53c751b9f9dc13d5ed22131b0aa387b16b102556e3c6cb51465cf5850d42a9
2,2035581002,27,weight,proactive,True,True,True,False,5,8.277106,5782bb20040146b78540d6a0b97251e21879401deeaddd07c08ec75b854bc889,2b53c751b9f9dc13d5ed22131b0aa387b16b102556e3c6cb51465cf5850d42a9
2,2035581002,27,weight,timely_challenge,True,True,True,False,5,7.711849,5782bb20040146b78540d6a0b97251e21879401deeaddd07c08ec75b854bc889,2b53c751b9f9dc13d5ed22131b0aa387b16b102556e3c6cb51465cf5850d42a9
2,2035581002,27,weight,delayed_challenge,True,True,True,False,5,8.327832,5782bb20040146b78540d6a0b97251e21879401deeaddd07c08ec75b854bc889,2b53c751b9f9dc13d5ed22131b0aa387b16b102556e3c6cb51465cf5850d42a9
2,2035581002,27,reputation_state,no_trigger,False,False,False,True,0,0.000128,5782bb20040146b78540d6a0b97251e21879401deeaddd07c08ec75b854bc889,a5689667a838621a1dc0f476251ec70f2efa52db1d5d64625cea1e8cc46da982
2,2035581002,27,reputation_state,proactive,True,True,True,False,5,8.237525,5782bb20040146b78540d6a0b97251e21879401deeaddd07c08ec75b854bc889,a5689667a838621a1dc0f476251ec70f2efa52db1d5d64625cea1e8cc46da982
2,2035581002,27,reputation_state,timely_challenge,True,True,True,False,5,8.039968,5782bb20040146b78540d6a0b97251e21879401deeaddd07c08ec75b854bc889,a5689667a838621a1dc0f476251ec70f2efa52db1d5d64625cea1e8cc46da982
2,2035581002,27,reputation_state,delayed_challenge,True,True,True,False,5,8.594008,5782bb20040146b78540d6a0b97251e21879401deeaddd07c08ec75b854bc889,a5689667a838621a1dc0f476251ec70f2efa52db1d5d64625cea1e8cc46da982
2,2035581002,27,aggregate,no_trigger,False,False,False,True,0,0.000117,5782bb20040146b78540d6a0b97251e21879401deeaddd07c08ec75b854bc889,21bcda1c7239ce88e8d7f8dc88bc4ecb172f8d88c9d50a05c6dc228eb6ef2cb1
2,2035581002,27,aggregate,proactive,True,True,True,False,5,8.8276,5782bb20040146b78540d6a0b97251e21879401deeaddd07c08ec75b854bc889,21bcda1c7239ce88e8d7f8dc88bc4ecb172f8d88c9d50a05c6dc228eb6ef2cb1
2,2035581002,27,aggregate,timely_challenge,True,True,True,False,5,8.295066,5782bb20040146b78540d6a0b97251e21879401deeaddd07c08ec75b854bc889,21bcda1c7239ce88e8d7f8dc88bc4ecb172f8d88c9d50a05c6dc228eb6ef2cb1
2,2035581002,27,aggregate,delayed_challenge,True,True,True,False,5,8.370747,5782bb20040146b78540d6a0b97251e21879401deeaddd07c08ec75b854bc889,21bcda1c7239ce88e8d7f8dc88bc4ecb172f8d88c9d50a05c6dc228eb6ef2cb1
2,2035581002,27,payment,no_trigger,False,False,False,True,0,0.000128,5782bb20040146b78540d6a0b97251e21879401deeaddd07c08ec75b854bc889,8d352e1f2c0949a2831a2a236c3549cd9122d884b70cef1f68a0f33eceef331d
2,2035581002,27,payment,proactive,True,True,True,False,5,8.242942,5782bb20040146b78540d6a0b97251e21879401deeaddd07c08ec75b854bc889,8d352e1f2c0949a2831a2a236c3549cd9122d884b70cef1f68a0f33eceef331d
2,2035581002,27,payment,timely_challenge,True,True,True,False,5,8.491095,5782bb20040146b78540d6a0b97251e21879401deeaddd07c08ec75b854bc889,8d352e1f2c0949a2831a2a236c3549cd9122d884b70cef1f68a0f33eceef331d
2,2035581002,27,payment,delayed_challenge,True,True,True,False,5,8.331998,5782bb20040146b78540d6a0b97251e21879401deeaddd07c08ec75b854bc889,8d352e1f2c0949a2831a2a236c3549cd9122d884b70cef1f68a0f33eceef331d
2,2035581002,27,missing_package,no_trigger,False,False,False,True,0,0.000128,5782bb20040146b78540d6a0b97251e21879401deeaddd07c08ec75b854bc889,MISSING
2,2035581002,27,missing_package,proactive,True,True,True,False,5,0.000876,5782bb20040146b78540d6a0b97251e21879401deeaddd07c08ec75b854bc889,MISSING
2,2035581002,27,missing_package,timely_challenge,True,True,True,False,5,0.000406,5782bb20040146b78540d6a0b97251e21879401deeaddd07c08ec75b854bc889,MISSING
2,2035581002,27,missing_package,delayed_challenge,True,True,True,False,5,0.00031,5782bb20040146b78540d6a0b97251e21879401deeaddd07c08ec75b854bc889,MISSING
3,2035581003,27,label,no_trigger,False,False,False,True,0,0.000246,90683f0077d5193e01338c6bbf01f093aa60e0912a820f000c4daa0e6d972136,59f5f75cdb3ed940b576e1ca32c5e826b28968fa2c3a6f27bef61b6efc01e5e2
3,2035581003,27,label,proactive,True,True,True,False,5,8.096846,90683f0077d5193e01338c6bbf01f093aa60e0912a820f000c4daa0e6d972136,59f5f75cdb3ed940b576e1ca32c5e826b28968fa2c3a6f27bef61b6efc01e5e2
3,2035581003,27,label,timely_challenge,True,True,True,False,5,8.608356,90683f0077d5193e01338c6bbf01f093aa60e0912a820f000c4daa0e6d972136,59f5f75cdb3ed940b576e1ca32c5e826b28968fa2c3a6f27bef61b6efc01e5e2
3,2035581003,27,label,delayed_challenge,True,True,True,False,5,8.268956,90683f0077d5193e01338c6bbf01f093aa60e0912a820f000c4daa0e6d972136,59f5f75cdb3ed940b576e1ca32c5e826b28968fa2c3a6f27bef61b6efc01e5e2
3,2035581003,27,weight,no_trigger,False,False,False,True,0,0.000117,90683f0077d5193e01338c6bbf01f093aa60e0912a820f000c4daa0e6d972136,41b94340c05008d95dc34b41225770a92e5901f913375a5daa574104a4226cf9
3,2035581003,27,weight,proactive,True,True,True,False,5,8.180359,90683f0077d5193e01338c6bbf01f093aa60e0912a820f000c4daa0e6d972136,41b94340c05008d95dc34b41225770a92e5901f913375a5daa574104a4226cf9
3,2035581003,27,weight,timely_challenge,True,True,True,False,5,8.208103,90683f0077d5193e01338c6bbf01f093aa60e0912a820f000c4daa0e6d972136,41b94340c05008d95dc34b41225770a92e5901f913375a5daa574104a4226cf9
3,2035581003,27,weight,delayed_challenge,True,True,True,False,5,8.221457,90683f0077d5193e01338c6bbf01f093aa60e0912a820f000c4daa0e6d972136,41b94340c05008d95dc34b41225770a92e5901f913375a5daa574104a4226cf9
3,2035581003,27,reputation_state,no_trigger,False,False,False,True,0,0.000107,90683f0077d5193e01338c6bbf01f093aa60e0912a820f000c4daa0e6d972136,8e71f6f086893a092c4984cbd65ae505fbfd9e88ee6a66cc2534d7956fd9b0be
3,2035581003,27,reputation_state,proactive,True,True,True,False,5,8.362179,90683f0077d5193e01338c6bbf01f093aa60e0912a820f000c4daa0e6d972136,8e71f6f086893a092c4984cbd65ae505fbfd9e88ee6a66cc2534d7956fd9b0be
3,2035581003,27,reputation_state,timely_challenge,True,True,True,False,5,8.147699,90683f0077d5193e01338c6bbf01f093aa60e0912a820f000c4daa0e6d972136,8e71f6f086893a092c4984cbd65ae505fbfd9e88ee6a66cc2534d7956fd9b0be
3,2035581003,27,reputation_state,delayed_challenge,True,True,True,False,5,8.13209,90683f0077d5193e01338c6bbf01f093aa60e0912a820f000c4daa0e6d972136,8e71f6f086893a092c4984cbd65ae505fbfd9e88ee6a66cc2534d7956fd9b0be
3,2035581003,27,aggregate,no_trigger,False,False,False,True,0,0.000118,90683f0077d5193e01338c6bbf01f093aa60e0912a820f000c4daa0e6d972136,6e6ba233b4bca80c5986890aedcf527a59bbd17a0b4cbc894f0231834939fba3
3,2035581003,27,aggregate,proactive,True,True,True,False,5,8.283218,90683f0077d5193e01338c6bbf01f093aa60e0912a820f000c4daa0e6d972136,6e6ba233b4bca80c5986890aedcf527a59bbd17a0b4cbc894f0231834939fba3
3,2035581003,27,aggregate,timely_challenge,True,True,True,False,5,8.436813,90683f0077d5193e01338c6bbf01f093aa60e0912a820f000c4daa0e6d972136,6e6ba233b4bca80c5986890aedcf527a59bbd17a0b4cbc894f0231834939fba3
3,2035581003,27,aggregate,delayed_challenge,True,True,True,False,5,7.751794,90683f0077d5193e01338c6bbf01f093aa60e0912a820f000c4daa0e6d972136,6e6ba233b4bca80c5986890aedcf527a59bbd17a0b4cbc894f0231834939fba3
3,2035581003,27,payment,no_trigger,False,False,False,True,0,0.000128,90683f0077d5193e01338c6bbf01f093aa60e0912a820f000c4daa0e6d972136,af64e0f4c86b1a4cc93fc10f0c4f499c7efbec83807875e7ffa3c398e3ce22ba
3,2035581003,27,payment,proactive,True,True,True,False,5,8.695083,90683f0077d5193e01338c6bbf01f093aa60e0912a820f000c4daa0e6d972136,af64e0f4c86b1a4cc93fc10f0c4f499c7efbec83807875e7ffa3c398e3ce22ba
3,2035581003,27,payment,timely_challenge,True,True,True,False,5,8.158233,90683f0077d5193e01338c6bbf01f093aa60e0912a820f000c4daa0e6d972136,af64e0f4c86b1a4cc93fc10f0c4f499c7efbec83807875e7ffa3c398e3ce22ba
3,2035581003,27,payment,delayed_challenge,True,True,True,False,5,7.878788,90683f0077d5193e01338c6bbf01f093aa60e0912a820f000c4daa0e6d972136,af64e0f4c86b1a4cc93fc10f0c4f499c7efbec83807875e7ffa3c398e3ce22ba
3,2035581003,27,missing_package,no_trigger,False,False,False,True,0,0.000118,90683f0077d5193e01338c6bbf01f093aa60e0912a820f000c4daa0e6d972136,MISSING
3,2035581003,27,missing_package,proactive,True,True,True,False,5,0.000908,90683f0077d5193e01338c6bbf01f093aa60e0912a820f000c4daa0e6d972136,MISSING
3,2035581003,27,missing_package,timely_challenge,True,True,True,False,5,0.000438,90683f0077d5193e01338c6bbf01f093aa60e0912a820f000c4daa0e6d972136,MISSING
3,2035581003,27,missing_package,delayed_challenge,True,True,True,False,5,0.000374,90683f0077d5193e01338c6bbf01f093aa60e0912a820f000c4daa0e6d972136,MISSING
4,2035581004,27,label,no_trigger,False,False,False,True,0,0.000213,3113df41efa7e42ff49061b398cc3110b2f13347ff0f882d51a2ff67ee27b9ca,acc340b303b3d9946fdcd18f39831cd79e2c7e573697d4751a20125bc668ca60
4,2035581004,27,label,proactive,True,True,True,False,5,7.894887,3113df41efa7e42ff49061b398cc3110b2f13347ff0f882d51a2ff67ee27b9ca,acc340b303b3d9946fdcd18f39831cd79e2c7e573697d4751a20125bc668ca60
4,2035581004,27,label,timely_challenge,True,True,True,False,5,8.245965,3113df41efa7e42ff49061b398cc3110b2f13347ff0f882d51a2ff67ee27b9ca,acc340b303b3d9946fdcd18f39831cd79e2c7e573697d4751a20125bc668ca60
4,2035581004,27,label,delayed_challenge,True,True,True,False,5,8.159141,3113df41efa7e42ff49061b398cc3110b2f13347ff0f882d51a2ff67ee27b9ca,acc340b303b3d9946fdcd18f39831cd79e2c7e573697d4751a20125bc668ca60
4,2035581004,27,weight,no_trigger,False,False,False,True,0,0.00015,3113df41efa7e42ff49061b398cc3110b2f13347ff0f882d51a2ff67ee27b9ca,bcde3754616775f91740fae444a796d07cac44b0fd75659d7bf4be047c5a94f3
4,2035581004,27,weight,proactive,True,True,True,False,5,8.233497,3113df41efa7e42ff49061b398cc3110b2f13347ff0f882d51a2ff67ee27b9ca,bcde3754616775f91740fae444a796d07cac44b0fd75659d7bf4be047c5a94f3
4,2035581004,27,weight,timely_challenge,True,True,True,False,5,8.422786,3113df41efa7e42ff49061b398cc3110b2f13347ff0f882d51a2ff67ee27b9ca,bcde3754616775f91740fae444a796d07cac44b0fd75659d7bf4be047c5a94f3
4,2035581004,27,weight,delayed_challenge,True,True,True,False,5,8.33046,3113df41efa7e42ff49061b398cc3110b2f13347ff0f882d51a2ff67ee27b9ca,bcde3754616775f91740fae444a796d07cac44b0fd75659d7bf4be047c5a94f3
4,2035581004,27,reputation_state,no_trigger,False,False,False,True,0,0.000139,3113df41efa7e42ff49061b398cc3110b2f13347ff0f882d51a2ff67ee27b9ca,5dafe6449d935a7b2e7ff5a5270af526327db3fe3164fa13b28c768be12b1767
4,2035581004,27,reputation_state,proactive,True,True,True,False,5,8.303794,3113df41efa7e42ff49061b398cc3110b2f13347ff0f882d51a2ff67ee27b9ca,5dafe6449d935a7b2e7ff5a5270af526327db3fe3164fa13b28c768be12b1767
4,2035581004,27,reputation_state,timely_challenge,True,True,True,False,5,8.232376,3113df41efa7e42ff49061b398cc3110b2f13347ff0f882d51a2ff67ee27b9ca,5dafe6449d935a7b2e7ff5a5270af526327db3fe3164fa13b28c768be12b1767
4,2035581004,27,reputation_state,delayed_challenge,True,True,True,False,5,7.993741,3113df41efa7e42ff49061b398cc3110b2f13347ff0f882d51a2ff67ee27b9ca,5dafe6449d935a7b2e7ff5a5270af526327db3fe3164fa13b28c768be12b1767
4,2035581004,27,aggregate,no_trigger,False,False,False,True,0,0.000149,3113df41efa7e42ff49061b398cc3110b2f13347ff0f882d51a2ff67ee27b9ca,599eae3388ed40efb0015cb854237c732bdc54e928083948e3e941d4962264b6
4,2035581004,27,aggregate,proactive,True,True,True,False,5,8.418961,3113df41efa7e42ff49061b398cc3110b2f13347ff0f882d51a2ff67ee27b9ca,599eae3388ed40efb0015cb854237c732bdc54e928083948e3e941d4962264b6
4,2035581004,27,aggregate,timely_challenge,True,True,True,False,5,8.605611,3113df41efa7e42ff49061b398cc3110b2f13347ff0f882d51a2ff67ee27b9ca,599eae3388ed40efb0015cb854237c732bdc54e928083948e3e941d4962264b6
4,2035581004,27,aggregate,delayed_challenge,True,True,True,False,5,8.143982,3113df41efa7e42ff49061b398cc3110b2f13347ff0f882d51a2ff67ee27b9ca,599eae3388ed40efb0015cb854237c732bdc54e928083948e3e941d4962264b6
4,2035581004,27,payment,no_trigger,False,False,False,True,0,0.000118,3113df41efa7e42ff49061b398cc3110b2f13347ff0f882d51a2ff67ee27b9ca,34c41ca3c621ff31c60b79446aff325bec98247e8e6a4c5fc22b3410b48c5e08
4,2035581004,27,payment,proactive,True,True,True,False,5,8.578422,3113df41efa7e42ff49061b398cc3110b2f13347ff0f882d51a2ff67ee27b9ca,34c41ca3c621ff31c60b79446aff325bec98247e8e6a4c5fc22b3410b48c5e08
4,2035581004,27,payment,timely_challenge,True,True,True,False,5,7.733717,3113df41efa7e42ff49061b398cc3110b2f13347ff0f882d51a2ff67ee27b9ca,34c41ca3c621ff31c60b79446aff325bec98247e8e6a4c5fc22b3410b48c5e08
4,2035581004,27,payment,delayed_challenge,True,True,True,False,5,8.11302,3113df41efa7e42ff49061b398cc3110b2f13347ff0f882d51a2ff67ee27b9ca,34c41ca3c621ff31c60b79446aff325bec98247e8e6a4c5fc22b3410b48c5e08
4,2035581004,27,missing_package,no_trigger,False,False,False,True,0,0.000107,3113df41efa7e42ff49061b398cc3110b2f13347ff0f882d51a2ff67ee27b9ca,MISSING
4,2035581004,27,missing_package,proactive,True,True,True,False,5,0.000961,3113df41efa7e42ff49061b398cc3110b2f13347ff0f882d51a2ff67ee27b9ca,MISSING
4,2035581004,27,missing_package,timely_challenge,True,True,True,False,5,0.000384,3113df41efa7e42ff49061b398cc3110b2f13347ff0f882d51a2ff67ee27b9ca,MISSING
4,2035581004,27,missing_package,delayed_challenge,True,True,True,False,5,0.00032,3113df41efa7e42ff49061b398cc3110b2f13347ff0f882d51a2ff67ee27b9ca,MISSING
5,2035581005,27,label,no_trigger,False,False,False,True,0,0.000203,2ad0319434d1cf2fce5ca2fd815951533831d774f8451e5dbdc3ded2c878ff6e,c2de95fda1ef60ec688836da2746224a16047b4c7808aff84d471510cba66eb8
5,2035581005,27,label,proactive,True,True,True,False,5,7.966018,2ad0319434d1cf2fce5ca2fd815951533831d774f8451e5dbdc3ded2c878ff6e,c2de95fda1ef60ec688836da2746224a16047b4c7808aff84d471510cba66eb8
5,2035581005,27,label,timely_challenge,True,True,True,False,5,7.929523,2ad0319434d1cf2fce5ca2fd815951533831d774f8451e5dbdc3ded2c878ff6e,c2de95fda1ef60ec688836da2746224a16047b4c7808aff84d471510cba66eb8
5,2035581005,27,label,delayed_challenge,True,True,True,False,5,8.313612,2ad0319434d1cf2fce5ca2fd815951533831d774f8451e5dbdc3ded2c878ff6e,c2de95fda1ef60ec688836da2746224a16047b4c7808aff84d471510cba66eb8
5,2035581005,27,weight,no_trigger,False,False,False,True,0,0.000107,2ad0319434d1cf2fce5ca2fd815951533831d774f8451e5dbdc3ded2c878ff6e,ff81569e70551e02b13c6c3f9a72f3522dd616295c72dcce178c3e7c1107852f
5,2035581005,27,weight,proactive,True,True,True,False,5,8.216244,2ad0319434d1cf2fce5ca2fd815951533831d774f8451e5dbdc3ded2c878ff6e,ff81569e70551e02b13c6c3f9a72f3522dd616295c72dcce178c3e7c1107852f
5,2035581005,27,weight,timely_challenge,True,True,True,False,5,8.290846,2ad0319434d1cf2fce5ca2fd815951533831d774f8451e5dbdc3ded2c878ff6e,ff81569e70551e02b13c6c3f9a72f3522dd616295c72dcce178c3e7c1107852f
5,2035581005,27,weight,delayed_challenge,True,True,True,False,5,7.847144,2ad0319434d1cf2fce5ca2fd815951533831d774f8451e5dbdc3ded2c878ff6e,ff81569e70551e02b13c6c3f9a72f3522dd616295c72dcce178c3e7c1107852f
5,2035581005,27,reputation_state,no_trigger,False,False,False,True,0,0.000118,2ad0319434d1cf2fce5ca2fd815951533831d774f8451e5dbdc3ded2c878ff6e,e710ae3619012e5dcce801264946dee601423c1889165e79680628c65b1bab42
5,2035581005,27,reputation_state,proactive,True,True,True,False,5,8.337629,2ad0319434d1cf2fce5ca2fd815951533831d774f8451e5dbdc3ded2c878ff6e,e710ae3619012e5dcce801264946dee601423c1889165e79680628c65b1bab42
5,2035581005,27,reputation_state,timely_challenge,True,True,True,False,5,8.568187,2ad0319434d1cf2fce5ca2fd815951533831d774f8451e5dbdc3ded2c878ff6e,e710ae3619012e5dcce801264946dee601423c1889165e79680628c65b1bab42
5,2035581005,27,reputation_state,delayed_challenge,True,True,True,False,5,8.505262,2ad0319434d1cf2fce5ca2fd815951533831d774f8451e5dbdc3ded2c878ff6e,e710ae3619012e5dcce801264946dee601423c1889165e79680628c65b1bab42
5,2035581005,27,aggregate,no_trigger,False,False,False,True,0,0.000128,2ad0319434d1cf2fce5ca2fd815951533831d774f8451e5dbdc3ded2c878ff6e,0e5ca85cf0697ddc6bc730f3a92a9e50bec6217f8ad04f98c5f39a4bcf10e2ba
5,2035581005,27,aggregate,proactive,True,True,True,False,5,8.766705,2ad0319434d1cf2fce5ca2fd815951533831d774f8451e5dbdc3ded2c878ff6e,0e5ca85cf0697ddc6bc730f3a92a9e50bec6217f8ad04f98c5f39a4bcf10e2ba
5,2035581005,27,aggregate,timely_challenge,True,True,True,False,5,8.988682,2ad0319434d1cf2fce5ca2fd815951533831d774f8451e5dbdc3ded2c878ff6e,0e5ca85cf0697ddc6bc730f3a92a9e50bec6217f8ad04f98c5f39a4bcf10e2ba
5,2035581005,27,aggregate,delayed_challenge,True,True,True,False,5,7.569236,2ad0319434d1cf2fce5ca2fd815951533831d774f8451e5dbdc3ded2c878ff6e,0e5ca85cf0697ddc6bc730f3a92a9e50bec6217f8ad04f98c5f39a4bcf10e2ba
5,2035581005,27,payment,no_trigger,False,False,False,True,0,0.000107,2ad0319434d1cf2fce5ca2fd815951533831d774f8451e5dbdc3ded2c878ff6e,cb4ba9977c90ca8107bed4b3ea0559e97803918a7116a6e388b980f7532f663e
5,2035581005,27,payment,proactive,True,True,True,False,5,6.940658,2ad0319434d1cf2fce5ca2fd815951533831d774f8451e5dbdc3ded2c878ff6e,cb4ba9977c90ca8107bed4b3ea0559e97803918a7116a6e388b980f7532f663e
5,2035581005,27,payment,timely_challenge,True,True,True,False,5,7.258788,2ad0319434d1cf2fce5ca2fd815951533831d774f8451e5dbdc3ded2c878ff6e,cb4ba9977c90ca8107bed4b3ea0559e97803918a7116a6e388b980f7532f663e
5,2035581005,27,payment,delayed_challenge,True,True,True,False,5,7.118868,2ad0319434d1cf2fce5ca2fd815951533831d774f8451e5dbdc3ded2c878ff6e,cb4ba9977c90ca8107bed4b3ea0559e97803918a7116a6e388b980f7532f663e
5,2035581005,27,missing_package,no_trigger,False,False,False,True,0,0.000118,2ad0319434d1cf2fce5ca2fd815951533831d774f8451e5dbdc3ded2c878ff6e,MISSING
5,2035581005,27,missing_package,proactive,True,True,True,False,5,0.000844,2ad0319434d1cf2fce5ca2fd815951533831d774f8451e5dbdc3ded2c878ff6e,MISSING
5,2035581005,27,missing_package,timely_challenge,True,True,True,False,5,0.000406,2ad0319434d1cf2fce5ca2fd815951533831d774f8451e5dbdc3ded2c878ff6e,MISSING
5,2035581005,27,missing_package,delayed_challenge,True,True,True,False,5,0.00032,2ad0319434d1cf2fce5ca2fd815951533831d774f8451e5dbdc3ded2c878ff6e,MISSING
6,2035581006,27,label,no_trigger,False,False,False,True,0,0.000171,d4e5d68da0cea69563098712dbd9dccb2054053d0d253f74ed9b39c4eedcdb23,c81a10306fb4810ee6a2fa02611139673f20d76a1e8c0fb596f578fd9e72dbfd
6,2035581006,27,label,proactive,True,True,True,False,5,7.276672,d4e5d68da0cea69563098712dbd9dccb2054053d0d253f74ed9b39c4eedcdb23,c81a10306fb4810ee6a2fa02611139673f20d76a1e8c0fb596f578fd9e72dbfd
6,2035581006,27,label,timely_challenge,True,True,True,False,5,7.117329,d4e5d68da0cea69563098712dbd9dccb2054053d0d253f74ed9b39c4eedcdb23,c81a10306fb4810ee6a2fa02611139673f20d76a1e8c0fb596f578fd9e72dbfd
6,2035581006,27,label,delayed_challenge,True,True,True,False,5,7.27477,d4e5d68da0cea69563098712dbd9dccb2054053d0d253f74ed9b39c4eedcdb23,c81a10306fb4810ee6a2fa02611139673f20d76a1e8c0fb596f578fd9e72dbfd
6,2035581006,27,weight,no_trigger,False,False,False,True,0,0.000117,d4e5d68da0cea69563098712dbd9dccb2054053d0d253f74ed9b39c4eedcdb23,3b3fcf2a097ebf186cd70aae8f52522500b4bb94590a07322e0767cb1198a9ea
6,2035581006,27,weight,proactive,True,True,True,False,5,7.315538,d4e5d68da0cea69563098712dbd9dccb2054053d0d253f74ed9b39c4eedcdb23,3b3fcf2a097ebf186cd70aae8f52522500b4bb94590a07322e0767cb1198a9ea
6,2035581006,27,weight,timely_challenge,True,True,True,False,5,7.371433,d4e5d68da0cea69563098712dbd9dccb2054053d0d253f74ed9b39c4eedcdb23,3b3fcf2a097ebf186cd70aae8f52522500b4bb94590a07322e0767cb1198a9ea
6,2035581006,27,weight,delayed_challenge,True,True,True,False,5,7.561972,d4e5d68da0cea69563098712dbd9dccb2054053d0d253f74ed9b39c4eedcdb23,3b3fcf2a097ebf186cd70aae8f52522500b4bb94590a07322e0767cb1198a9ea
6,2035581006,27,reputation_state,no_trigger,False,False,False,True,0,0.000129,d4e5d68da0cea69563098712dbd9dccb2054053d0d253f74ed9b39c4eedcdb23,6d1431bb233e4964d77e0ee6a3052b2603604f1f6c187dfedfff417ce93d6b89
6,2035581006,27,reputation_state,proactive,True,True,True,False,5,7.178811,d4e5d68da0cea69563098712dbd9dccb2054053d0d253f74ed9b39c4eedcdb23,6d1431bb233e4964d77e0ee6a3052b2603604f1f6c187dfedfff417ce93d6b89
6,2035581006,27,reputation_state,timely_challenge,True,True,True,False,5,7.374477,d4e5d68da0cea69563098712dbd9dccb2054053d0d253f74ed9b39c4eedcdb23,6d1431bb233e4964d77e0ee6a3052b2603604f1f6c187dfedfff417ce93d6b89
6,2035581006,27,reputation_state,delayed_challenge,True,True,True,False,5,6.992333,d4e5d68da0cea69563098712dbd9dccb2054053d0d253f74ed9b39c4eedcdb23,6d1431bb233e4964d77e0ee6a3052b2603604f1f6c187dfedfff417ce93d6b89
6,2035581006,27,aggregate,no_trigger,False,False,False,True,0,0.000128,d4e5d68da0cea69563098712dbd9dccb2054053d0d253f74ed9b39c4eedcdb23,bc6ab506f67f7de428b07bc1aff22a1331d4c7fd8239605e9e01c29b625aeab1
6,2035581006,27,aggregate,proactive,True,True,True,False,5,7.404274,d4e5d68da0cea69563098712dbd9dccb2054053d0d253f74ed9b39c4eedcdb23,bc6ab506f67f7de428b07bc1aff22a1331d4c7fd8239605e9e01c29b625aeab1
6,2035581006,27,aggregate,timely_challenge,True,True,True,False,5,7.264204,d4e5d68da0cea69563098712dbd9dccb2054053d0d253f74ed9b39c4eedcdb23,bc6ab506f67f7de428b07bc1aff22a1331d4c7fd8239605e9e01c29b625aeab1
6,2035581006,27,aggregate,delayed_challenge,True,True,True,False,5,7.398163,d4e5d68da0cea69563098712dbd9dccb2054053d0d253f74ed9b39c4eedcdb23,bc6ab506f67f7de428b07bc1aff22a1331d4c7fd8239605e9e01c29b625aeab1
6,2035581006,27,payment,no_trigger,False,False,False,True,0,0.000117,d4e5d68da0cea69563098712dbd9dccb2054053d0d253f74ed9b39c4eedcdb23,aa7d0b7dc793ed81a900c6848a3b9110219df47022c24dca81d55831c37f93a6
6,2035581006,27,payment,proactive,True,True,True,False,5,7.310078,d4e5d68da0cea69563098712dbd9dccb2054053d0d253f74ed9b39c4eedcdb23,aa7d0b7dc793ed81a900c6848a3b9110219df47022c24dca81d55831c37f93a6
6,2035581006,27,payment,timely_challenge,True,True,True,False,5,6.953627,d4e5d68da0cea69563098712dbd9dccb2054053d0d253f74ed9b39c4eedcdb23,aa7d0b7dc793ed81a900c6848a3b9110219df47022c24dca81d55831c37f93a6
6,2035581006,27,payment,delayed_challenge,True,True,True,False,5,7.719145,d4e5d68da0cea69563098712dbd9dccb2054053d0d253f74ed9b39c4eedcdb23,aa7d0b7dc793ed81a900c6848a3b9110219df47022c24dca81d55831c37f93a6
6,2035581006,27,missing_package,no_trigger,False,False,False,True,0,0.000118,d4e5d68da0cea69563098712dbd9dccb2054053d0d253f74ed9b39c4eedcdb23,MISSING
6,2035581006,27,missing_package,proactive,True,True,True,False,5,0.000844,d4e5d68da0cea69563098712dbd9dccb2054053d0d253f74ed9b39c4eedcdb23,MISSING
6,2035581006,27,missing_package,timely_challenge,True,True,True,False,5,0.000449,d4e5d68da0cea69563098712dbd9dccb2054053d0d253f74ed9b39c4eedcdb23,MISSING
6,2035581006,27,missing_package,delayed_challenge,True,True,True,False,5,0.000352,d4e5d68da0cea69563098712dbd9dccb2054053d0d253f74ed9b39c4eedcdb23,MISSING
7,2035581007,27,label,no_trigger,False,False,False,True,0,0.000289,b1a207c52f86dede480bc6864fbfab47ee3984f96a63f5ad5d477b307a7f58c8,9525a42acecd093290be6a45ff5a1b8db881d1282c827b7d68264d22ffb722d5
7,2035581007,27,label,proactive,True,True,True,False,5,7.135009,b1a207c52f86dede480bc6864fbfab47ee3984f96a63f5ad5d477b307a7f58c8,9525a42acecd093290be6a45ff5a1b8db881d1282c827b7d68264d22ffb722d5
7,2035581007,27,label,timely_challenge,True,True,True,False,5,7.665312,b1a207c52f86dede480bc6864fbfab47ee3984f96a63f5ad5d477b307a7f58c8,9525a42acecd093290be6a45ff5a1b8db881d1282c827b7d68264d22ffb722d5
7,2035581007,27,label,delayed_challenge,True,True,True,False,5,7.318026,b1a207c52f86dede480bc6864fbfab47ee3984f96a63f5ad5d477b307a7f58c8,9525a42acecd093290be6a45ff5a1b8db881d1282c827b7d68264d22ffb722d5
7,2035581007,27,weight,no_trigger,False,False,False,True,0,0.000117,b1a207c52f86dede480bc6864fbfab47ee3984f96a63f5ad5d477b307a7f58c8,42c696c79af7de4931d101dcc65c8361219bcd253afa4fe7206b7abeffab5806
7,2035581007,27,weight,proactive,True,True,True,False,5,7.439956,b1a207c52f86dede480bc6864fbfab47ee3984f96a63f5ad5d477b307a7f58c8,42c696c79af7de4931d101dcc65c8361219bcd253afa4fe7206b7abeffab5806
7,2035581007,27,weight,timely_challenge,True,True,True,False,5,7.158151,b1a207c52f86dede480bc6864fbfab47ee3984f96a63f5ad5d477b307a7f58c8,42c696c79af7de4931d101dcc65c8361219bcd253afa4fe7206b7abeffab5806
7,2035581007,27,weight,delayed_challenge,True,True,True,False,5,7.676807,b1a207c52f86dede480bc6864fbfab47ee3984f96a63f5ad5d477b307a7f58c8,42c696c79af7de4931d101dcc65c8361219bcd253afa4fe7206b7abeffab5806
7,2035581007,27,reputation_state,no_trigger,False,False,False,True,0,0.000107,b1a207c52f86dede480bc6864fbfab47ee3984f96a63f5ad5d477b307a7f58c8,35395299d2bef18683f57689ecc7aa7d6de3d09a8c384ae11368a06d59df0ee0
7,2035581007,27,reputation_state,proactive,True,True,True,False,5,7.033881,b1a207c52f86dede480bc6864fbfab47ee3984f96a63f5ad5d477b307a7f58c8,35395299d2bef18683f57689ecc7aa7d6de3d09a8c384ae11368a06d59df0ee0
7,2035581007,27,reputation_state,timely_challenge,True,True,True,False,5,7.252538,b1a207c52f86dede480bc6864fbfab47ee3984f96a63f5ad5d477b307a7f58c8,35395299d2bef18683f57689ecc7aa7d6de3d09a8c384ae11368a06d59df0ee0
7,2035581007,27,reputation_state,delayed_challenge,True,True,True,False,5,7.35872,b1a207c52f86dede480bc6864fbfab47ee3984f96a63f5ad5d477b307a7f58c8,35395299d2bef18683f57689ecc7aa7d6de3d09a8c384ae11368a06d59df0ee0
7,2035581007,27,aggregate,no_trigger,False,False,False,True,0,0.000107,b1a207c52f86dede480bc6864fbfab47ee3984f96a63f5ad5d477b307a7f58c8,d0975a32feee4484e0deb26311c24bff51b7da681755ad41ea4abd2771e032c9
7,2035581007,27,aggregate,proactive,True,True,True,False,5,7.19114,b1a207c52f86dede480bc6864fbfab47ee3984f96a63f5ad5d477b307a7f58c8,d0975a32feee4484e0deb26311c24bff51b7da681755ad41ea4abd2771e032c9
7,2035581007,27,aggregate,timely_challenge,True,True,True,False,5,7.504548,b1a207c52f86dede480bc6864fbfab47ee3984f96a63f5ad5d477b307a7f58c8,d0975a32feee4484e0deb26311c24bff51b7da681755ad41ea4abd2771e032c9
7,2035581007,27,aggregate,delayed_challenge,True,True,True,False,5,7.226,b1a207c52f86dede480bc6864fbfab47ee3984f96a63f5ad5d477b307a7f58c8,d0975a32feee4484e0deb26311c24bff51b7da681755ad41ea4abd2771e032c9
7,2035581007,27,payment,no_trigger,False,False,False,True,0,0.000128,b1a207c52f86dede480bc6864fbfab47ee3984f96a63f5ad5d477b307a7f58c8,8293bee96cd768be8976a434dacbb76c6753b779197d58e9466df71b42fe7df2
7,2035581007,27,payment,proactive,True,True,True,False,5,7.572024,b1a207c52f86dede480bc6864fbfab47ee3984f96a63f5ad5d477b307a7f58c8,8293bee96cd768be8976a434dacbb76c6753b779197d58e9466df71b42fe7df2
7,2035581007,27,payment,timely_challenge,True,True,True,False,5,7.504185,b1a207c52f86dede480bc6864fbfab47ee3984f96a63f5ad5d477b307a7f58c8,8293bee96cd768be8976a434dacbb76c6753b779197d58e9466df71b42fe7df2
7,2035581007,27,payment,delayed_challenge,True,True,True,False,5,7.271052,b1a207c52f86dede480bc6864fbfab47ee3984f96a63f5ad5d477b307a7f58c8,8293bee96cd768be8976a434dacbb76c6753b779197d58e9466df71b42fe7df2
7,2035581007,27,missing_package,no_trigger,False,False,False,True,0,0.000107,b1a207c52f86dede480bc6864fbfab47ee3984f96a63f5ad5d477b307a7f58c8,MISSING
7,2035581007,27,missing_package,proactive,True,True,True,False,5,0.00079,b1a207c52f86dede480bc6864fbfab47ee3984f96a63f5ad5d477b307a7f58c8,MISSING
7,2035581007,27,missing_package,timely_challenge,True,True,True,False,5,0.00047,b1a207c52f86dede480bc6864fbfab47ee3984f96a63f5ad5d477b307a7f58c8,MISSING
7,2035581007,27,missing_package,delayed_challenge,True,True,True,False,5,0.000363,b1a207c52f86dede480bc6864fbfab47ee3984f96a63f5ad5d477b307a7f58c8,MISSING
8,2035581008,27,label,no_trigger,False,False,False,True,0,0.000171,9c38042bb8def5906d7764163da2d873bb9e7d38dd0cefcb98492cbe6ba3c092,f266add9b8099c801281f1561eead2bb24d5073a67b1ce8fbb12b9d64a0e4c12
8,2035581008,27,label,proactive,True,True,True,False,5,7.308027,9c38042bb8def5906d7764163da2d873bb9e7d38dd0cefcb98492cbe6ba3c092,f266add9b8099c801281f1561eead2bb24d5073a67b1ce8fbb12b9d64a0e4c12
8,2035581008,27,label,timely_challenge,True,True,True,False,5,7.276105,9c38042bb8def5906d7764163da2d873bb9e7d38dd0cefcb98492cbe6ba3c092,f266add9b8099c801281f1561eead2bb24d5073a67b1ce8fbb12b9d64a0e4c12
8,2035581008,27,label,delayed_challenge,True,True,True,False,5,7.400214,9c38042bb8def5906d7764163da2d873bb9e7d38dd0cefcb98492cbe6ba3c092,f266add9b8099c801281f1561eead2bb24d5073a67b1ce8fbb12b9d64a0e4c12
8,2035581008,27,weight,no_trigger,False,False,False,True,0,0.000117,9c38042bb8def5906d7764163da2d873bb9e7d38dd0cefcb98492cbe6ba3c092,ea51467f7d8f4d0b0246d00162ba3a9ac3a684868992afa2e210f97638e1514a
8,2035581008,27,weight,proactive,True,True,True,False,5,7.872346,9c38042bb8def5906d7764163da2d873bb9e7d38dd0cefcb98492cbe6ba3c092,ea51467f7d8f4d0b0246d00162ba3a9ac3a684868992afa2e210f97638e1514a
8,2035581008,27,weight,timely_challenge,True,True,True,False,5,7.44579,9c38042bb8def5906d7764163da2d873bb9e7d38dd0cefcb98492cbe6ba3c092,ea51467f7d8f4d0b0246d00162ba3a9ac3a684868992afa2e210f97638e1514a
8,2035581008,27,weight,delayed_challenge,True,True,True,False,5,7.71547,9c38042bb8def5906d7764163da2d873bb9e7d38dd0cefcb98492cbe6ba3c092,ea51467f7d8f4d0b0246d00162ba3a9ac3a684868992afa2e210f97638e1514a
8,2035581008,27,reputation_state,no_trigger,False,False,False,True,0,0.000139,9c38042bb8def5906d7764163da2d873bb9e7d38dd0cefcb98492cbe6ba3c092,7e51d701df97dc640c5ea6ac3cc677753a55b0c80c6b09c4ff401e5d353a89d2
8,2035581008,27,reputation_state,proactive,True,True,True,False,5,7.454892,9c38042bb8def5906d7764163da2d873bb9e7d38dd0cefcb98492cbe6ba3c092,7e51d701df97dc640c5ea6ac3cc677753a55b0c80c6b09c4ff401e5d353a89d2
8,2035581008,27,reputation_state,timely_challenge,True,True,True,False,5,7.542164,9c38042bb8def5906d7764163da2d873bb9e7d38dd0cefcb98492cbe6ba3c092,7e51d701df97dc640c5ea6ac3cc677753a55b0c80c6b09c4ff401e5d353a89d2
8,2035581008,27,reputation_state,delayed_challenge,True,True,True,False,5,7.56258,9c38042bb8def5906d7764163da2d873bb9e7d38dd0cefcb98492cbe6ba3c092,7e51d701df97dc640c5ea6ac3cc677753a55b0c80c6b09c4ff401e5d353a89d2
8,2035581008,27,aggregate,no_trigger,False,False,False,True,0,0.000139,9c38042bb8def5906d7764163da2d873bb9e7d38dd0cefcb98492cbe6ba3c092,6e4680bc66565a5b710289ea30db94aeec5050ceffe6863f360172a17c56348a
8,2035581008,27,aggregate,proactive,True,True,True,False,5,7.969287,9c38042bb8def5906d7764163da2d873bb9e7d38dd0cefcb98492cbe6ba3c092,6e4680bc66565a5b710289ea30db94aeec5050ceffe6863f360172a17c56348a
8,2035581008,27,aggregate,timely_challenge,True,True,True,False,5,7.07639,9c38042bb8def5906d7764163da2d873bb9e7d38dd0cefcb98492cbe6ba3c092,6e4680bc66565a5b710289ea30db94aeec5050ceffe6863f360172a17c56348a
8,2035581008,27,aggregate,delayed_challenge,True,True,True,False,5,7.616393,9c38042bb8def5906d7764163da2d873bb9e7d38dd0cefcb98492cbe6ba3c092,6e4680bc66565a5b710289ea30db94aeec5050ceffe6863f360172a17c56348a
8,2035581008,27,payment,no_trigger,False,False,False,True,0,0.000128,9c38042bb8def5906d7764163da2d873bb9e7d38dd0cefcb98492cbe6ba3c092,1a10c4513471b4615c497f60767559a14924d3a9534841aba711058bfccf70b2
8,2035581008,27,payment,proactive,True,True,True,False,5,7.433952,9c38042bb8def5906d7764163da2d873bb9e7d38dd0cefcb98492cbe6ba3c092,1a10c4513471b4615c497f60767559a14924d3a9534841aba711058bfccf70b2
8,2035581008,27,payment,timely_challenge,True,True,True,False,5,7.678528,9c38042bb8def5906d7764163da2d873bb9e7d38dd0cefcb98492cbe6ba3c092,1a10c4513471b4615c497f60767559a14924d3a9534841aba711058bfccf70b2
8,2035581008,27,payment,delayed_challenge,True,True,True,False,5,7.446366,9c38042bb8def5906d7764163da2d873bb9e7d38dd0cefcb98492cbe6ba3c092,1a10c4513471b4615c497f60767559a14924d3a9534841aba711058bfccf70b2
8,2035581008,27,missing_package,no_trigger,False,False,False,True,0,0.000128,9c38042bb8def5906d7764163da2d873bb9e7d38dd0cefcb98492cbe6ba3c092,MISSING
8,2035581008,27,missing_package,proactive,True,True,True,False,5,0.000951,9c38042bb8def5906d7764163da2d873bb9e7d38dd0cefcb98492cbe6ba3c092,MISSING
8,2035581008,27,missing_package,timely_challenge,True,True,True,False,5,0.000459,9c38042bb8def5906d7764163da2d873bb9e7d38dd0cefcb98492cbe6ba3c092,MISSING
8,2035581008,27,missing_package,delayed_challenge,True,True,True,False,5,0.000374,9c38042bb8def5906d7764163da2d873bb9e7d38dd0cefcb98492cbe6ba3c092,MISSING
9,2035581009,27,label,no_trigger,False,False,False,True,0,0.000203,9cdb103e325b6613fbdcadf96295a08a20b9503e6a77c14ba5dfc92d0d719578,1c5dc498dddb3370b181f0d3aec43533d920c02c7d1a91ef5c2dc59c90d7ff51
9,2035581009,27,label,proactive,True,True,True,False,5,7.441794,9cdb103e325b6613fbdcadf96295a08a20b9503e6a77c14ba5dfc92d0d719578,1c5dc498dddb3370b181f0d3aec43533d920c02c7d1a91ef5c2dc59c90d7ff51
9,2035581009,27,label,timely_challenge,True,True,True,False,5,7.397693,9cdb103e325b6613fbdcadf96295a08a20b9503e6a77c14ba5dfc92d0d719578,1c5dc498dddb3370b181f0d3aec43533d920c02c7d1a91ef5c2dc59c90d7ff51
9,2035581009,27,label,delayed_challenge,True,True,True,False,5,7.782476,9cdb103e325b6613fbdcadf96295a08a20b9503e6a77c14ba5dfc92d0d719578,1c5dc498dddb3370b181f0d3aec43533d920c02c7d1a91ef5c2dc59c90d7ff51
9,2035581009,27,weight,no_trigger,False,False,False,True,0,0.000107,9cdb103e325b6613fbdcadf96295a08a20b9503e6a77c14ba5dfc92d0d719578,8dd3f1d1b135a561c0ee3e6d6edb93a5ed8d8b823fb6c05ba2f0b104902d9261
9,2035581009,27,weight,proactive,True,True,True,False,5,7.498149,9cdb103e325b6613fbdcadf96295a08a20b9503e6a77c14ba5dfc92d0d719578,8dd3f1d1b135a561c0ee3e6d6edb93a5ed8d8b823fb6c05ba2f0b104902d9261
9,2035581009,27,weight,timely_challenge,True,True,True,False,5,7.360344,9cdb103e325b6613fbdcadf96295a08a20b9503e6a77c14ba5dfc92d0d719578,8dd3f1d1b135a561c0ee3e6d6edb93a5ed8d8b823fb6c05ba2f0b104902d9261
9,2035581009,27,weight,delayed_challenge,True,True,True,False,5,7.552111,9cdb103e325b6613fbdcadf96295a08a20b9503e6a77c14ba5dfc92d0d719578,8dd3f1d1b135a561c0ee3e6d6edb93a5ed8d8b823fb6c05ba2f0b104902d9261
9,2035581009,27,reputation_state,no_trigger,False,False,False,True,0,0.000107,9cdb103e325b6613fbdcadf96295a08a20b9503e6a77c14ba5dfc92d0d719578,9d149817f030e98e0bc95fb4db6062e578ef7b1779890ce8cc28ee1a5d25829f
9,2035581009,27,reputation_state,proactive,True,True,True,False,5,7.096411,9cdb103e325b6613fbdcadf96295a08a20b9503e6a77c14ba5dfc92d0d719578,9d149817f030e98e0bc95fb4db6062e578ef7b1779890ce8cc28ee1a5d25829f
9,2035581009,27,reputation_state,timely_challenge,True,True,True,False,5,7.489441,9cdb103e325b6613fbdcadf96295a08a20b9503e6a77c14ba5dfc92d0d719578,9d149817f030e98e0bc95fb4db6062e578ef7b1779890ce8cc28ee1a5d25829f
9,2035581009,27,reputation_state,delayed_challenge,True,True,True,False,5,7.20848,9cdb103e325b6613fbdcadf96295a08a20b9503e6a77c14ba5dfc92d0d719578,9d149817f030e98e0bc95fb4db6062e578ef7b1779890ce8cc28ee1a5d25829f
9,2035581009,27,aggregate,no_trigger,False,False,False,True,0,0.000139,9cdb103e325b6613fbdcadf96295a08a20b9503e6a77c14ba5dfc92d0d719578,52813bcc324b8885d55c473da673c73871d99e442791b49b554f0e9dfd158c4d
9,2035581009,27,aggregate,proactive,True,True,True,False,5,7.704894,9cdb103e325b6613fbdcadf96295a08a20b9503e6a77c14ba5dfc92d0d719578,52813bcc324b8885d55c473da673c73871d99e442791b49b554f0e9dfd158c4d
9,2035581009,27,aggregate,timely_challenge,True,True,True,False,5,7.380525,9cdb103e325b6613fbdcadf96295a08a20b9503e6a77c14ba5dfc92d0d719578,52813bcc324b8885d55c473da673c73871d99e442791b49b554f0e9dfd158c4d
9,2035581009,27,aggregate,delayed_challenge,True,True,True,False,5,7.619373,9cdb103e325b6613fbdcadf96295a08a20b9503e6a77c14ba5dfc92d0d719578,52813bcc324b8885d55c473da673c73871d99e442791b49b554f0e9dfd158c4d
9,2035581009,27,payment,no_trigger,False,False,False,True,0,0.000117,9cdb103e325b6613fbdcadf96295a08a20b9503e6a77c14ba5dfc92d0d719578,64b17ce3d7a9d5e98b7a63e669f9656db97a1e31f7ff4eb0d2a02480692c9740
9,2035581009,27,payment,proactive,True,True,True,False,5,7.290657,9cdb103e325b6613fbdcadf96295a08a20b9503e6a77c14ba5dfc92d0d719578,64b17ce3d7a9d5e98b7a63e669f9656db97a1e31f7ff4eb0d2a02480692c9740
9,2035581009,27,payment,timely_challenge,True,True,True,False,5,7.317396,9cdb103e325b6613fbdcadf96295a08a20b9503e6a77c14ba5dfc92d0d719578,64b17ce3d7a9d5e98b7a63e669f9656db97a1e31f7ff4eb0d2a02480692c9740
9,2035581009,27,payment,delayed_challenge,True,True,True,False,5,7.688506,9cdb103e325b6613fbdcadf96295a08a20b9503e6a77c14ba5dfc92d0d719578,64b17ce3d7a9d5e98b7a63e669f9656db97a1e31f7ff4eb0d2a02480692c9740
9,2035581009,27,missing_package,no_trigger,False,False,False,True,0,0.000128,9cdb103e325b6613fbdcadf96295a08a20b9503e6a77c14ba5dfc92d0d719578,MISSING
9,2035581009,27,missing_package,proactive,True,True,True,False,5,0.000898,9cdb103e325b6613fbdcadf96295a08a20b9503e6a77c14ba5dfc92d0d719578,MISSING
9,2035581009,27,missing_package,timely_challenge,True,True,True,False,5,0.000459,9cdb103e325b6613fbdcadf96295a08a20b9503e6a77c14ba5dfc92d0d719578,MISSING
9,2035581009,27,missing_package,delayed_challenge,True,True,True,False,5,0.000353,9cdb103e325b6613fbdcadf96295a08a20b9503e6a77c14ba5dfc92d0d719578,MISSING
10,2035581010,27,label,no_trigger,False,False,False,True,0,0.000138,dcb44939968337d61c02142ce6164ae59eff7f6b519e69ded9a6219f5f243dd7,fa7d7d1da90dc4bfb474577aa06c49bb9814ae42bb86f250e12392911fde0b73
10,2035581010,27,label,proactive,True,True,True,False,5,7.585506,dcb44939968337d61c02142ce6164ae59eff7f6b519e69ded9a6219f5f243dd7,fa7d7d1da90dc4bfb474577aa06c49bb9814ae42bb86f250e12392911fde0b73
10,2035581010,27,label,timely_challenge,True,True,True,False,5,7.168022,dcb44939968337d61c02142ce6164ae59eff7f6b519e69ded9a6219f5f243dd7,fa7d7d1da90dc4bfb474577aa06c49bb9814ae42bb86f250e12392911fde0b73
10,2035581010,27,label,delayed_challenge,True,True,True,False,5,7.386592,dcb44939968337d61c02142ce6164ae59eff7f6b519e69ded9a6219f5f243dd7,fa7d7d1da90dc4bfb474577aa06c49bb9814ae42bb86f250e12392911fde0b73
10,2035581010,27,weight,no_trigger,False,False,False,True,0,0.000106,dcb44939968337d61c02142ce6164ae59eff7f6b519e69ded9a6219f5f243dd7,1bb411ad999cb1357e83a5db28406490cc04d27c403414236fd1f849ffbef2d1
10,2035581010,27,weight,proactive,True,True,True,False,5,7.526139,dcb44939968337d61c02142ce6164ae59eff7f6b519e69ded9a6219f5f243dd7,1bb411ad999cb1357e83a5db28406490cc04d27c403414236fd1f849ffbef2d1
10,2035581010,27,weight,timely_challenge,True,True,True,False,5,7.520659,dcb44939968337d61c02142ce6164ae59eff7f6b519e69ded9a6219f5f243dd7,1bb411ad999cb1357e83a5db28406490cc04d27c403414236fd1f849ffbef2d1
10,2035581010,27,weight,delayed_challenge,True,True,True,False,5,7.130566,dcb44939968337d61c02142ce6164ae59eff7f6b519e69ded9a6219f5f243dd7,1bb411ad999cb1357e83a5db28406490cc04d27c403414236fd1f849ffbef2d1
10,2035581010,27,reputation_state,no_trigger,False,False,False,True,0,0.000117,dcb44939968337d61c02142ce6164ae59eff7f6b519e69ded9a6219f5f243dd7,7f2541bf8f930d7135b4a9a3af015ac87944e01888fa20b7faea1172a3a456e5
10,2035581010,27,reputation_state,proactive,True,True,True,False,5,7.55632,dcb44939968337d61c02142ce6164ae59eff7f6b519e69ded9a6219f5f243dd7,7f2541bf8f930d7135b4a9a3af015ac87944e01888fa20b7faea1172a3a456e5
10,2035581010,27,reputation_state,timely_challenge,True,True,True,False,5,7.166109,dcb44939968337d61c02142ce6164ae59eff7f6b519e69ded9a6219f5f243dd7,7f2541bf8f930d7135b4a9a3af015ac87944e01888fa20b7faea1172a3a456e5
10,2035581010,27,reputation_state,delayed_challenge,True,True,True,False,5,7.317034,dcb44939968337d61c02142ce6164ae59eff7f6b519e69ded9a6219f5f243dd7,7f2541bf8f930d7135b4a9a3af015ac87944e01888fa20b7faea1172a3a456e5
10,2035581010,27,aggregate,no_trigger,False,False,False,True,0,0.00015,dcb44939968337d61c02142ce6164ae59eff7f6b519e69ded9a6219f5f243dd7,3a31fef676ff1687cf03b41ad1591e0fdb725fa7b0502e3336c2dc5a98699bb5
10,2035581010,27,aggregate,proactive,True,True,True,False,5,7.406048,dcb44939968337d61c02142ce6164ae59eff7f6b519e69ded9a6219f5f243dd7,3a31fef676ff1687cf03b41ad1591e0fdb725fa7b0502e3336c2dc5a98699bb5
10,2035581010,27,aggregate,timely_challenge,True,True,True,False,5,7.234408,dcb44939968337d61c02142ce6164ae59eff7f6b519e69ded9a6219f5f243dd7,3a31fef676ff1687cf03b41ad1591e0fdb725fa7b0502e3336c2dc5a98699bb5
10,2035581010,27,aggregate,delayed_challenge,True,True,True,False,5,7.454112,dcb44939968337d61c02142ce6164ae59eff7f6b519e69ded9a6219f5f243dd7,3a31fef676ff1687cf03b41ad1591e0fdb725fa7b0502e3336c2dc5a98699bb5
10,2035581010,27,payment,no_trigger,False,False,False,True,0,0.000128,dcb44939968337d61c02142ce6164ae59eff7f6b519e69ded9a6219f5f243dd7,75a4f1dd4073193cfcc42178fb6ca098d2cc8cb020830c0ab00f44e7395af682
10,2035581010,27,payment,proactive,True,True,True,False,5,7.127873,dcb44939968337d61c02142ce6164ae59eff7f6b519e69ded9a6219f5f243dd7,75a4f1dd4073193cfcc42178fb6ca098d2cc8cb020830c0ab00f44e7395af682
10,2035581010,27,payment,timely_challenge,True,True,True,False,5,7.328315,dcb44939968337d61c02142ce6164ae59eff7f6b519e69ded9a6219f5f243dd7,75a4f1dd4073193cfcc42178fb6ca098d2cc8cb020830c0ab00f44e7395af682
10,2035581010,27,payment,delayed_challenge,True,True,True,False,5,7.119498,dcb44939968337d61c02142ce6164ae59eff7f6b519e69ded9a6219f5f243dd7,75a4f1dd4073193cfcc42178fb6ca098d2cc8cb020830c0ab00f44e7395af682
10,2035581010,27,missing_package,no_trigger,False,False,False,True,0,0.000117,dcb44939968337d61c02142ce6164ae59eff7f6b519e69ded9a6219f5f243dd7,MISSING
10,2035581010,27,missing_package,proactive,True,True,True,False,5,0.00078,dcb44939968337d61c02142ce6164ae59eff7f6b519e69ded9a6219f5f243dd7,MISSING
10,2035581010,27,missing_package,timely_challenge,True,True,True,False,5,0.000406,dcb44939968337d61c02142ce6164ae59eff7f6b519e69ded9a6219f5f243dd7,MISSING
10,2035581010,27,missing_package,delayed_challenge,True,True,True,False,5,0.000331,dcb44939968337d61c02142ce6164ae59eff7f6b519e69ded9a6219f5f243dd7,MISSING
11,2035581011,27,label,no_trigger,False,False,False,True,0,0.000171,5420d54bd97104b36cf576630fd65a1f0eb09501164563f021c09f0dfcc1588b,41b2e70082353abfaf4f94cbe11903068bc2025b596e2172e79689ccf96e7dc2
11,2035581011,27,label,proactive,True,True,True,False,5,7.545797,5420d54bd97104b36cf576630fd65a1f0eb09501164563f021c09f0dfcc1588b,41b2e70082353abfaf4f94cbe11903068bc2025b596e2172e79689ccf96e7dc2
11,2035581011,27,label,timely_challenge,True,True,True,False,5,7.344789,5420d54bd97104b36cf576630fd65a1f0eb09501164563f021c09f0dfcc1588b,41b2e70082353abfaf4f94cbe11903068bc2025b596e2172e79689ccf96e7dc2
11,2035581011,27,label,delayed_challenge,True,True,True,False,5,7.791696,5420d54bd97104b36cf576630fd65a1f0eb09501164563f021c09f0dfcc1588b,41b2e70082353abfaf4f94cbe11903068bc2025b596e2172e79689ccf96e7dc2
11,2035581011,27,weight,no_trigger,False,False,False,True,0,0.000118,5420d54bd97104b36cf576630fd65a1f0eb09501164563f021c09f0dfcc1588b,2acd87fe651a2189d5db269bd89fa47993febf7830a3b84fd58808e5711602ea
11,2035581011,27,weight,proactive,True,True,True,False,5,7.42406,5420d54bd97104b36cf576630fd65a1f0eb09501164563f021c09f0dfcc1588b,2acd87fe651a2189d5db269bd89fa47993febf7830a3b84fd58808e5711602ea
11,2035581011,27,weight,timely_challenge,True,True,True,False,5,7.507838,5420d54bd97104b36cf576630fd65a1f0eb09501164563f021c09f0dfcc1588b,2acd87fe651a2189d5db269bd89fa47993febf7830a3b84fd58808e5711602ea
11,2035581011,27,weight,delayed_challenge,True,True,True,False,5,7.739476,5420d54bd97104b36cf576630fd65a1f0eb09501164563f021c09f0dfcc1588b,2acd87fe651a2189d5db269bd89fa47993febf7830a3b84fd58808e5711602ea
11,2035581011,27,reputation_state,no_trigger,False,False,False,True,0,0.000118,5420d54bd97104b36cf576630fd65a1f0eb09501164563f021c09f0dfcc1588b,bf887f0ae3ed89f0aa05a5b057809eeb52f467f7092e7e8aa3270a1f1e74237f
11,2035581011,27,reputation_state,proactive,True,True,True,False,5,7.242955,5420d54bd97104b36cf576630fd65a1f0eb09501164563f021c09f0dfcc1588b,bf887f0ae3ed89f0aa05a5b057809eeb52f467f7092e7e8aa3270a1f1e74237f
11,2035581011,27,reputation_state,timely_challenge,True,True,True,False,5,7.812166,5420d54bd97104b36cf576630fd65a1f0eb09501164563f021c09f0dfcc1588b,bf887f0ae3ed89f0aa05a5b057809eeb52f467f7092e7e8aa3270a1f1e74237f
11,2035581011,27,reputation_state,delayed_challenge,True,True,True,False,5,7.479144,5420d54bd97104b36cf576630fd65a1f0eb09501164563f021c09f0dfcc1588b,bf887f0ae3ed89f0aa05a5b057809eeb52f467f7092e7e8aa3270a1f1e74237f
11,2035581011,27,aggregate,no_trigger,False,False,False,True,0,0.000118,5420d54bd97104b36cf576630fd65a1f0eb09501164563f021c09f0dfcc1588b,765fbe09d7ab3bbb450264a96f5e286859bb9e5c3c7f129d1d2c94e20e7be9ff
11,2035581011,27,aggregate,proactive,True,True,True,False,5,7.501642,5420d54bd97104b36cf576630fd65a1f0eb09501164563f021c09f0dfcc1588b,765fbe09d7ab3bbb450264a96f5e286859bb9e5c3c7f129d1d2c94e20e7be9ff
11,2035581011,27,aggregate,timely_challenge,True,True,True,False,5,7.394253,5420d54bd97104b36cf576630fd65a1f0eb09501164563f021c09f0dfcc1588b,765fbe09d7ab3bbb450264a96f5e286859bb9e5c3c7f129d1d2c94e20e7be9ff
11,2035581011,27,aggregate,delayed_challenge,True,True,True,False,5,7.785255,5420d54bd97104b36cf576630fd65a1f0eb09501164563f021c09f0dfcc1588b,765fbe09d7ab3bbb450264a96f5e286859bb9e5c3c7f129d1d2c94e20e7be9ff
11,2035581011,27,payment,no_trigger,False,False,False,True,0,0.000128,5420d54bd97104b36cf576630fd65a1f0eb09501164563f021c09f0dfcc1588b,a3cb296d1f9e35ccf05e9e6a25b0a9df88d5fa4121d6451111b69a85aef3abe6
11,2035581011,27,payment,proactive,True,True,True,False,5,6.999203,5420d54bd97104b36cf576630fd65a1f0eb09501164563f021c09f0dfcc1588b,a3cb296d1f9e35ccf05e9e6a25b0a9df88d5fa4121d6451111b69a85aef3abe6
11,2035581011,27,payment,timely_challenge,True,True,True,False,5,7.648176,5420d54bd97104b36cf576630fd65a1f0eb09501164563f021c09f0dfcc1588b,a3cb296d1f9e35ccf05e9e6a25b0a9df88d5fa4121d6451111b69a85aef3abe6
11,2035581011,27,payment,delayed_challenge,True,True,True,False,5,7.080151,5420d54bd97104b36cf576630fd65a1f0eb09501164563f021c09f0dfcc1588b,a3cb296d1f9e35ccf05e9e6a25b0a9df88d5fa4121d6451111b69a85aef3abe6
11,2035581011,27,missing_package,no_trigger,False,False,False,True,0,9.7e-05,5420d54bd97104b36cf576630fd65a1f0eb09501164563f021c09f0dfcc1588b,MISSING
11,2035581011,27,missing_package,proactive,True,True,True,False,5,0.000886,5420d54bd97104b36cf576630fd65a1f0eb09501164563f021c09f0dfcc1588b,MISSING
11,2035581011,27,missing_package,timely_challenge,True,True,True,False,5,0.000534,5420d54bd97104b36cf576630fd65a1f0eb09501164563f021c09f0dfcc1588b,MISSING
11,2035581011,27,missing_package,delayed_challenge,True,True,True,False,5,0.000352,5420d54bd97104b36cf576630fd65a1f0eb09501164563f021c09f0dfcc1588b,MISSING
12,2035581012,27,label,no_trigger,False,False,False,True,0,0.000192,48e9a62187aa475d26cf7524458a27a0f40391beace091f14233bd63f438f614,c8047d5c2086db952e04b0a05a9c8aa5f97c1ef7a8b23fc6913b4b097230d108
12,2035581012,27,label,proactive,True,True,True,False,5,7.542549,48e9a62187aa475d26cf7524458a27a0f40391beace091f14233bd63f438f614,c8047d5c2086db952e04b0a05a9c8aa5f97c1ef7a8b23fc6913b4b097230d108
12,2035581012,27,label,timely_challenge,True,True,True,False,5,7.418953,48e9a62187aa475d26cf7524458a27a0f40391beace091f14233bd63f438f614,c8047d5c2086db952e04b0a05a9c8aa5f97c1ef7a8b23fc6913b4b097230d108
12,2035581012,27,label,delayed_challenge,True,True,True,False,5,7.387042,48e9a62187aa475d26cf7524458a27a0f40391beace091f14233bd63f438f614,c8047d5c2086db952e04b0a05a9c8aa5f97c1ef7a8b23fc6913b4b097230d108
12,2035581012,27,weight,no_trigger,False,False,False,True,0,0.000129,48e9a62187aa475d26cf7524458a27a0f40391beace091f14233bd63f438f614,074c85e862a4860909259b4cb31380b46c82da75847cc1a1664193df2989d192
12,2035581012,27,weight,proactive,True,True,True,False,5,7.730395,48e9a62187aa475d26cf7524458a27a0f40391beace091f14233bd63f438f614,074c85e862a4860909259b4cb31380b46c82da75847cc1a1664193df2989d192
12,2035581012,27,weight,timely_challenge,True,True,True,False,5,7.472829,48e9a62187aa475d26cf7524458a27a0f40391beace091f14233bd63f438f614,074c85e862a4860909259b4cb31380b46c82da75847cc1a1664193df2989d192
12,2035581012,27,weight,delayed_challenge,True,True,True,False,5,7.337823,48e9a62187aa475d26cf7524458a27a0f40391beace091f14233bd63f438f614,074c85e862a4860909259b4cb31380b46c82da75847cc1a1664193df2989d192
12,2035581012,27,reputation_state,no_trigger,False,False,False,True,0,0.000128,48e9a62187aa475d26cf7524458a27a0f40391beace091f14233bd63f438f614,f9c5a6847f20120715211fa5b71c3fa916d73a72d45de1273572ec279c0eed58
12,2035581012,27,reputation_state,proactive,True,True,True,False,5,6.946662,48e9a62187aa475d26cf7524458a27a0f40391beace091f14233bd63f438f614,f9c5a6847f20120715211fa5b71c3fa916d73a72d45de1273572ec279c0eed58
12,2035581012,27,reputation_state,timely_challenge,True,True,True,False,5,7.424508,48e9a62187aa475d26cf7524458a27a0f40391beace091f14233bd63f438f614,f9c5a6847f20120715211fa5b71c3fa916d73a72d45de1273572ec279c0eed58
12,2035581012,27,reputation_state,delayed_challenge,True,True,True,False,5,6.97775,48e9a62187aa475d26cf7524458a27a0f40391beace091f14233bd63f438f614,f9c5a6847f20120715211fa5b71c3fa916d73a72d45de1273572ec279c0eed58
12,2035581012,27,aggregate,no_trigger,False,False,False,True,0,0.000149,48e9a62187aa475d26cf7524458a27a0f40391beace091f14233bd63f438f614,d9fa5bb33a0cd7eb7f8dc7817a39dca58b3a7d49324b8b15715987f09686220e
12,2035581012,27,aggregate,proactive,True,True,True,False,5,7.575144,48e9a62187aa475d26cf7524458a27a0f40391beace091f14233bd63f438f614,d9fa5bb33a0cd7eb7f8dc7817a39dca58b3a7d49324b8b15715987f09686220e
12,2035581012,27,aggregate,timely_challenge,True,True,True,False,5,7.56993,48e9a62187aa475d26cf7524458a27a0f40391beace091f14233bd63f438f614,d9fa5bb33a0cd7eb7f8dc7817a39dca58b3a7d49324b8b15715987f09686220e
12,2035581012,27,aggregate,delayed_challenge,True,True,True,False,5,7.205809,48e9a62187aa475d26cf7524458a27a0f40391beace091f14233bd63f438f614,d9fa5bb33a0cd7eb7f8dc7817a39dca58b3a7d49324b8b15715987f09686220e
12,2035581012,27,payment,no_trigger,False,False,False,True,0,0.000139,48e9a62187aa475d26cf7524458a27a0f40391beace091f14233bd63f438f614,fdbc97391bcf5ed9018a7900c2e37ec70bbeb8feb2710fa6ca43f4f3a0436c2a
12,2035581012,27,payment,proactive,True,True,True,False,5,7.320911,48e9a62187aa475d26cf7524458a27a0f40391beace091f14233bd63f438f614,fdbc97391bcf5ed9018a7900c2e37ec70bbeb8feb2710fa6ca43f4f3a0436c2a
12,2035581012,27,payment,timely_challenge,True,True,True,False,5,7.186707,48e9a62187aa475d26cf7524458a27a0f40391beace091f14233bd63f438f614,fdbc97391bcf5ed9018a7900c2e37ec70bbeb8feb2710fa6ca43f4f3a0436c2a
12,2035581012,27,payment,delayed_challenge,True,True,True,False,5,7.170938,48e9a62187aa475d26cf7524458a27a0f40391beace091f14233bd63f438f614,fdbc97391bcf5ed9018a7900c2e37ec70bbeb8feb2710fa6ca43f4f3a0436c2a
12,2035581012,27,missing_package,no_trigger,False,False,False,True,0,0.000118,48e9a62187aa475d26cf7524458a27a0f40391beace091f14233bd63f438f614,MISSING
12,2035581012,27,missing_package,proactive,True,True,True,False,5,0.000865,48e9a62187aa475d26cf7524458a27a0f40391beace091f14233bd63f438f614,MISSING
12,2035581012,27,missing_package,timely_challenge,True,True,True,False,5,0.000417,48e9a62187aa475d26cf7524458a27a0f40391beace091f14233bd63f438f614,MISSING
12,2035581012,27,missing_package,delayed_challenge,True,True,True,False,5,0.00032,48e9a62187aa475d26cf7524458a27a0f40391beace091f14233bd63f438f614,MISSING
13,2035581013,27,label,no_trigger,False,False,False,True,0,0.00015,25726af72cba6ad089e289dfce0eea920a0cc398f09b7870c60b4215bc9e20e0,c36f88ef6c242188117d5a270f317663f21c602530bc6d24c4fade1c98d91bf9
13,2035581013,27,label,proactive,True,True,True,False,5,7.156537,25726af72cba6ad089e289dfce0eea920a0cc398f09b7870c60b4215bc9e20e0,c36f88ef6c242188117d5a270f317663f21c602530bc6d24c4fade1c98d91bf9
13,2035581013,27,label,timely_challenge,True,True,True,False,5,7.227442,25726af72cba6ad089e289dfce0eea920a0cc398f09b7870c60b4215bc9e20e0,c36f88ef6c242188117d5a270f317663f21c602530bc6d24c4fade1c98d91bf9
13,2035581013,27,label,delayed_challenge,True,True,True,False,5,7.535936,25726af72cba6ad089e289dfce0eea920a0cc398f09b7870c60b4215bc9e20e0,c36f88ef6c242188117d5a270f317663f21c602530bc6d24c4fade1c98d91bf9
13,2035581013,27,weight,no_trigger,False,False,False,True,0,0.000128,25726af72cba6ad089e289dfce0eea920a0cc398f09b7870c60b4215bc9e20e0,218c47ea3c7bf660f7d89da8092aeee2a575077e031b8f3738d77982f20fba3d
13,2035581013,27,weight,proactive,True,True,True,False,5,7.149133,25726af72cba6ad089e289dfce0eea920a0cc398f09b7870c60b4215bc9e20e0,218c47ea3c7bf660f7d89da8092aeee2a575077e031b8f3738d77982f20fba3d
13,2035581013,27,weight,timely_challenge,True,True,True,False,5,7.839996,25726af72cba6ad089e289dfce0eea920a0cc398f09b7870c60b4215bc9e20e0,218c47ea3c7bf660f7d89da8092aeee2a575077e031b8f3738d77982f20fba3d
13,2035581013,27,weight,delayed_challenge,True,True,True,False,5,7.617183,25726af72cba6ad089e289dfce0eea920a0cc398f09b7870c60b4215bc9e20e0,218c47ea3c7bf660f7d89da8092aeee2a575077e031b8f3738d77982f20fba3d
13,2035581013,27,reputation_state,no_trigger,False,False,False,True,0,0.000107,25726af72cba6ad089e289dfce0eea920a0cc398f09b7870c60b4215bc9e20e0,565c68041812cfbdece171fb42e1bd4fe1fcd66f7cae342fbac61d088c506716
13,2035581013,27,reputation_state,proactive,True,True,True,False,5,7.480276,25726af72cba6ad089e289dfce0eea920a0cc398f09b7870c60b4215bc9e20e0,565c68041812cfbdece171fb42e1bd4fe1fcd66f7cae342fbac61d088c506716
13,2035581013,27,reputation_state,timely_challenge,True,True,True,False,5,7.41454,25726af72cba6ad089e289dfce0eea920a0cc398f09b7870c60b4215bc9e20e0,565c68041812cfbdece171fb42e1bd4fe1fcd66f7cae342fbac61d088c506716
13,2035581013,27,reputation_state,delayed_challenge,True,True,True,False,5,7.437734,25726af72cba6ad089e289dfce0eea920a0cc398f09b7870c60b4215bc9e20e0,565c68041812cfbdece171fb42e1bd4fe1fcd66f7cae342fbac61d088c506716
13,2035581013,27,aggregate,no_trigger,False,False,False,True,0,0.000117,25726af72cba6ad089e289dfce0eea920a0cc398f09b7870c60b4215bc9e20e0,fa8a61e462828d72c2bc025431b4afc3307b603978251b006c6200d870626769
13,2035581013,27,aggregate,proactive,True,True,True,False,5,7.471333,25726af72cba6ad089e289dfce0eea920a0cc398f09b7870c60b4215bc9e20e0,fa8a61e462828d72c2bc025431b4afc3307b603978251b006c6200d870626769
13,2035581013,27,aggregate,timely_challenge,True,True,True,False,5,7.55835,25726af72cba6ad089e289dfce0eea920a0cc398f09b7870c60b4215bc9e20e0,fa8a61e462828d72c2bc025431b4afc3307b603978251b006c6200d870626769
13,2035581013,27,aggregate,delayed_challenge,True,True,True,False,5,7.373057,25726af72cba6ad089e289dfce0eea920a0cc398f09b7870c60b4215bc9e20e0,fa8a61e462828d72c2bc025431b4afc3307b603978251b006c6200d870626769
13,2035581013,27,payment,no_trigger,False,False,False,True,0,0.000129,25726af72cba6ad089e289dfce0eea920a0cc398f09b7870c60b4215bc9e20e0,9cd006b676e25690f5dd7a961e8c3d91f9d6699b8eb7f7f32c15e3b63891c43c
13,2035581013,27,payment,proactive,True,True,True,False,5,6.969364,25726af72cba6ad089e289dfce0eea920a0cc398f09b7870c60b4215bc9e20e0,9cd006b676e25690f5dd7a961e8c3d91f9d6699b8eb7f7f32c15e3b63891c43c
13,2035581013,27,payment,timely_challenge,True,True,True,False,5,7.513074,25726af72cba6ad089e289dfce0eea920a0cc398f09b7870c60b4215bc9e20e0,9cd006b676e25690f5dd7a961e8c3d91f9d6699b8eb7f7f32c15e3b63891c43c
13,2035581013,27,payment,delayed_challenge,True,True,True,False,5,6.965197,25726af72cba6ad089e289dfce0eea920a0cc398f09b7870c60b4215bc9e20e0,9cd006b676e25690f5dd7a961e8c3d91f9d6699b8eb7f7f32c15e3b63891c43c
13,2035581013,27,missing_package,no_trigger,False,False,False,True,0,0.000139,25726af72cba6ad089e289dfce0eea920a0cc398f09b7870c60b4215bc9e20e0,MISSING
13,2035581013,27,missing_package,proactive,True,True,True,False,5,0.000876,25726af72cba6ad089e289dfce0eea920a0cc398f09b7870c60b4215bc9e20e0,MISSING
13,2035581013,27,missing_package,timely_challenge,True,True,True,False,5,0.000427,25726af72cba6ad089e289dfce0eea920a0cc398f09b7870c60b4215bc9e20e0,MISSING
13,2035581013,27,missing_package,delayed_challenge,True,True,True,False,5,0.000353,25726af72cba6ad089e289dfce0eea920a0cc398f09b7870c60b4215bc9e20e0,MISSING
14,2035581014,27,label,no_trigger,False,False,False,True,0,0.000245,aaf1d0fdfd2aa59a89da7226e0b78bdea6b605a73721ad04274db5e2bd1c499c,805b5d46de7e7c933500570d435615e2ed39606f2606a1f74538c98d3ec12ec2
14,2035581014,27,label,proactive,True,True,True,False,5,7.355205,aaf1d0fdfd2aa59a89da7226e0b78bdea6b605a73721ad04274db5e2bd1c499c,805b5d46de7e7c933500570d435615e2ed39606f2606a1f74538c98d3ec12ec2
14,2035581014,27,label,timely_challenge,True,True,True,False,5,7.091913,aaf1d0fdfd2aa59a89da7226e0b78bdea6b605a73721ad04274db5e2bd1c499c,805b5d46de7e7c933500570d435615e2ed39606f2606a1f74538c98d3ec12ec2
14,2035581014,27,label,delayed_challenge,True,True,True,False,5,7.28524,aaf1d0fdfd2aa59a89da7226e0b78bdea6b605a73721ad04274db5e2bd1c499c,805b5d46de7e7c933500570d435615e2ed39606f2606a1f74538c98d3ec12ec2
14,2035581014,27,weight,no_trigger,False,False,False,True,0,0.000128,aaf1d0fdfd2aa59a89da7226e0b78bdea6b605a73721ad04274db5e2bd1c499c,5e57974f9360aecb02a595532ec4f56b3c9027028b5eefb7d698c0ba7102679b
14,2035581014,27,weight,proactive,True,True,True,False,5,7.265091,aaf1d0fdfd2aa59a89da7226e0b78bdea6b605a73721ad04274db5e2bd1c499c,5e57974f9360aecb02a595532ec4f56b3c9027028b5eefb7d698c0ba7102679b
14,2035581014,27,weight,timely_challenge,True,True,True,False,5,7.434775,aaf1d0fdfd2aa59a89da7226e0b78bdea6b605a73721ad04274db5e2bd1c499c,5e57974f9360aecb02a595532ec4f56b3c9027028b5eefb7d698c0ba7102679b
14,2035581014,27,weight,delayed_challenge,True,True,True,False,5,7.440074,aaf1d0fdfd2aa59a89da7226e0b78bdea6b605a73721ad04274db5e2bd1c499c,5e57974f9360aecb02a595532ec4f56b3c9027028b5eefb7d698c0ba7102679b
14,2035581014,27,reputation_state,no_trigger,False,False,False,True,0,0.000118,aaf1d0fdfd2aa59a89da7226e0b78bdea6b605a73721ad04274db5e2bd1c499c,352be97eb8838cf401ac2a450ef64f2197efcf636810278588379fcdf9de313d
14,2035581014,27,reputation_state,proactive,True,True,True,False,5,7.034073,aaf1d0fdfd2aa59a89da7226e0b78bdea6b605a73721ad04274db5e2bd1c499c,352be97eb8838cf401ac2a450ef64f2197efcf636810278588379fcdf9de313d
14,2035581014,27,reputation_state,timely_challenge,True,True,True,False,5,7.392511,aaf1d0fdfd2aa59a89da7226e0b78bdea6b605a73721ad04274db5e2bd1c499c,352be97eb8838cf401ac2a450ef64f2197efcf636810278588379fcdf9de313d
14,2035581014,27,reputation_state,delayed_challenge,True,True,True,False,5,7.03402,aaf1d0fdfd2aa59a89da7226e0b78bdea6b605a73721ad04274db5e2bd1c499c,352be97eb8838cf401ac2a450ef64f2197efcf636810278588379fcdf9de313d
14,2035581014,27,aggregate,no_trigger,False,False,False,True,0,0.000139,aaf1d0fdfd2aa59a89da7226e0b78bdea6b605a73721ad04274db5e2bd1c499c,d8def9528208cfb51e64356afedd027801f5513cea8690a9efbbac0f4dbcc31a
14,2035581014,27,aggregate,proactive,True,True,True,False,5,7.226898,aaf1d0fdfd2aa59a89da7226e0b78bdea6b605a73721ad04274db5e2bd1c499c,d8def9528208cfb51e64356afedd027801f5513cea8690a9efbbac0f4dbcc31a
14,2035581014,27,aggregate,timely_challenge,True,True,True,False,5,7.401742,aaf1d0fdfd2aa59a89da7226e0b78bdea6b605a73721ad04274db5e2bd1c499c,d8def9528208cfb51e64356afedd027801f5513cea8690a9efbbac0f4dbcc31a
14,2035581014,27,aggregate,delayed_challenge,True,True,True,False,5,7.134155,aaf1d0fdfd2aa59a89da7226e0b78bdea6b605a73721ad04274db5e2bd1c499c,d8def9528208cfb51e64356afedd027801f5513cea8690a9efbbac0f4dbcc31a
14,2035581014,27,payment,no_trigger,False,False,False,True,0,0.000128,aaf1d0fdfd2aa59a89da7226e0b78bdea6b605a73721ad04274db5e2bd1c499c,6e3cf904ad41e9779185caac9ec59ab120c632bfe044c876ab1891eea96768da
14,2035581014,27,payment,proactive,True,True,True,False,5,7.455106,aaf1d0fdfd2aa59a89da7226e0b78bdea6b605a73721ad04274db5e2bd1c499c,6e3cf904ad41e9779185caac9ec59ab120c632bfe044c876ab1891eea96768da
14,2035581014,27,payment,timely_challenge,True,True,True,False,5,7.050995,aaf1d0fdfd2aa59a89da7226e0b78bdea6b605a73721ad04274db5e2bd1c499c,6e3cf904ad41e9779185caac9ec59ab120c632bfe044c876ab1891eea96768da
14,2035581014,27,payment,delayed_challenge,True,True,True,False,5,7.506194,aaf1d0fdfd2aa59a89da7226e0b78bdea6b605a73721ad04274db5e2bd1c499c,6e3cf904ad41e9779185caac9ec59ab120c632bfe044c876ab1891eea96768da
14,2035581014,27,missing_package,no_trigger,False,False,False,True,0,0.000118,aaf1d0fdfd2aa59a89da7226e0b78bdea6b605a73721ad04274db5e2bd1c499c,MISSING
14,2035581014,27,missing_package,proactive,True,True,True,False,5,0.000973,aaf1d0fdfd2aa59a89da7226e0b78bdea6b605a73721ad04274db5e2bd1c499c,MISSING
14,2035581014,27,missing_package,timely_challenge,True,True,True,False,5,0.000384,aaf1d0fdfd2aa59a89da7226e0b78bdea6b605a73721ad04274db5e2bd1c499c,MISSING
14,2035581014,27,missing_package,delayed_challenge,True,True,True,False,5,0.00031,aaf1d0fdfd2aa59a89da7226e0b78bdea6b605a73721ad04274db5e2bd1c499c,MISSING
15,2035581015,27,label,no_trigger,False,False,False,True,0,0.00016,47068da5b2ce6f6fe8c3f7106f83c632638562abc83deadd1bda32bc7b701b4f,fd53ec23b6cb00ee7147a9bbf24d1174540a693a4b90c67e9c75535a7d955501
15,2035581015,27,label,proactive,True,True,True,False,5,7.420331,47068da5b2ce6f6fe8c3f7106f83c632638562abc83deadd1bda32bc7b701b4f,fd53ec23b6cb00ee7147a9bbf24d1174540a693a4b90c67e9c75535a7d955501
15,2035581015,27,label,timely_challenge,True,True,True,False,5,7.442029,47068da5b2ce6f6fe8c3f7106f83c632638562abc83deadd1bda32bc7b701b4f,fd53ec23b6cb00ee7147a9bbf24d1174540a693a4b90c67e9c75535a7d955501
15,2035581015,27,label,delayed_challenge,True,True,True,False,5,7.544964,47068da5b2ce6f6fe8c3f7106f83c632638562abc83deadd1bda32bc7b701b4f,fd53ec23b6cb00ee7147a9bbf24d1174540a693a4b90c67e9c75535a7d955501
15,2035581015,27,weight,no_trigger,False,False,False,True,0,0.000118,47068da5b2ce6f6fe8c3f7106f83c632638562abc83deadd1bda32bc7b701b4f,20bda12a45c449faefaaa906a8b294a6e599e668baa38627ee6febc1e97f5140
15,2035581015,27,weight,proactive,True,True,True,False,5,7.206972,47068da5b2ce6f6fe8c3f7106f83c632638562abc83deadd1bda32bc7b701b4f,20bda12a45c449faefaaa906a8b294a6e599e668baa38627ee6febc1e97f5140
15,2035581015,27,weight,timely_challenge,True,True,True,False,5,7.323166,47068da5b2ce6f6fe8c3f7106f83c632638562abc83deadd1bda32bc7b701b4f,20bda12a45c449faefaaa906a8b294a6e599e668baa38627ee6febc1e97f5140
15,2035581015,27,weight,delayed_challenge,True,True,True,False,5,7.532646,47068da5b2ce6f6fe8c3f7106f83c632638562abc83deadd1bda32bc7b701b4f,20bda12a45c449faefaaa906a8b294a6e599e668baa38627ee6febc1e97f5140
15,2035581015,27,reputation_state,no_trigger,False,False,False,True,0,0.000118,47068da5b2ce6f6fe8c3f7106f83c632638562abc83deadd1bda32bc7b701b4f,c60dcfd667eee9bacba050b18d9373fa2cce68eebffc5caf7c8c70146091cd3b
15,2035581015,27,reputation_state,proactive,True,True,True,False,5,7.61542,47068da5b2ce6f6fe8c3f7106f83c632638562abc83deadd1bda32bc7b701b4f,c60dcfd667eee9bacba050b18d9373fa2cce68eebffc5caf7c8c70146091cd3b
15,2035581015,27,reputation_state,timely_challenge,True,True,True,False,5,7.577227,47068da5b2ce6f6fe8c3f7106f83c632638562abc83deadd1bda32bc7b701b4f,c60dcfd667eee9bacba050b18d9373fa2cce68eebffc5caf7c8c70146091cd3b
15,2035581015,27,reputation_state,delayed_challenge,True,True,True,False,5,7.476376,47068da5b2ce6f6fe8c3f7106f83c632638562abc83deadd1bda32bc7b701b4f,c60dcfd667eee9bacba050b18d9373fa2cce68eebffc5caf7c8c70146091cd3b
15,2035581015,27,aggregate,no_trigger,False,False,False,True,0,0.000117,47068da5b2ce6f6fe8c3f7106f83c632638562abc83deadd1bda32bc7b701b4f,47a625e6561b854bf639481cfddf5e9faee1730071256cbb62e9f38ad1db7b14
15,2035581015,27,aggregate,proactive,True,True,True,False,5,7.338197,47068da5b2ce6f6fe8c3f7106f83c632638562abc83deadd1bda32bc7b701b4f,47a625e6561b854bf639481cfddf5e9faee1730071256cbb62e9f38ad1db7b14
15,2035581015,27,aggregate,timely_challenge,True,True,True,False,5,7.016659,47068da5b2ce6f6fe8c3f7106f83c632638562abc83deadd1bda32bc7b701b4f,47a625e6561b854bf639481cfddf5e9faee1730071256cbb62e9f38ad1db7b14
15,2035581015,27,aggregate,delayed_challenge,True,True,True,False,5,7.513992,47068da5b2ce6f6fe8c3f7106f83c632638562abc83deadd1bda32bc7b701b4f,47a625e6561b854bf639481cfddf5e9faee1730071256cbb62e9f38ad1db7b14
15,2035581015,27,payment,no_trigger,False,False,False,True,0,0.000107,47068da5b2ce6f6fe8c3f7106f83c632638562abc83deadd1bda32bc7b701b4f,d09c860aa9ed899c9beabef90395ae08677404a545874dcd9e25ae88b9bbc3aa
15,2035581015,27,payment,proactive,True,True,True,False,5,6.964171,47068da5b2ce6f6fe8c3f7106f83c632638562abc83deadd1bda32bc7b701b4f,d09c860aa9ed899c9beabef90395ae08677404a545874dcd9e25ae88b9bbc3aa
15,2035581015,27,payment,timely_challenge,True,True,True,False,5,7.622632,47068da5b2ce6f6fe8c3f7106f83c632638562abc83deadd1bda32bc7b701b4f,d09c860aa9ed899c9beabef90395ae08677404a545874dcd9e25ae88b9bbc3aa
15,2035581015,27,payment,delayed_challenge,True,True,True,False,5,7.192156,47068da5b2ce6f6fe8c3f7106f83c632638562abc83deadd1bda32bc7b701b4f,d09c860aa9ed899c9beabef90395ae08677404a545874dcd9e25ae88b9bbc3aa
15,2035581015,27,missing_package,no_trigger,False,False,False,True,0,0.000118,47068da5b2ce6f6fe8c3f7106f83c632638562abc83deadd1bda32bc7b701b4f,MISSING
15,2035581015,27,missing_package,proactive,True,True,True,False,5,0.0011,47068da5b2ce6f6fe8c3f7106f83c632638562abc83deadd1bda32bc7b701b4f,MISSING
15,2035581015,27,missing_package,timely_challenge,True,True,True,False,5,0.000384,47068da5b2ce6f6fe8c3f7106f83c632638562abc83deadd1bda32bc7b701b4f,MISSING
15,2035581015,27,missing_package,delayed_challenge,True,True,True,False,5,0.000396,47068da5b2ce6f6fe8c3f7106f83c632638562abc83deadd1bda32bc7b701b4f,MISSING
16,2035581016,27,label,no_trigger,False,False,False,True,0,0.000192,f30721e1b01a69696913c2edd9fe2e29b0f39a1e91e87629050b6f95a2569c21,5cecbce01ad44b8ad1f8768e43cdb02d6cde3919f97c7e1347ce6acb56d12666
16,2035581016,27,label,proactive,True,True,True,False,5,7.612184,f30721e1b01a69696913c2edd9fe2e29b0f39a1e91e87629050b6f95a2569c21,5cecbce01ad44b8ad1f8768e43cdb02d6cde3919f97c7e1347ce6acb56d12666
16,2035581016,27,label,timely_challenge,True,True,True,False,5,7.206204,f30721e1b01a69696913c2edd9fe2e29b0f39a1e91e87629050b6f95a2569c21,5cecbce01ad44b8ad1f8768e43cdb02d6cde3919f97c7e1347ce6acb56d12666
16,2035581016,27,label,delayed_challenge,True,True,True,False,5,7.296211,f30721e1b01a69696913c2edd9fe2e29b0f39a1e91e87629050b6f95a2569c21,5cecbce01ad44b8ad1f8768e43cdb02d6cde3919f97c7e1347ce6acb56d12666
16,2035581016,27,weight,no_trigger,False,False,False,True,0,0.000139,f30721e1b01a69696913c2edd9fe2e29b0f39a1e91e87629050b6f95a2569c21,601d9903ffc21d79845f14575c93a28bad5dfc8fe337dbe2be6e54efc0ade8d5
16,2035581016,27,weight,proactive,True,True,True,False,5,7.210659,f30721e1b01a69696913c2edd9fe2e29b0f39a1e91e87629050b6f95a2569c21,601d9903ffc21d79845f14575c93a28bad5dfc8fe337dbe2be6e54efc0ade8d5
16,2035581016,27,weight,timely_challenge,True,True,True,False,5,7.281426,f30721e1b01a69696913c2edd9fe2e29b0f39a1e91e87629050b6f95a2569c21,601d9903ffc21d79845f14575c93a28bad5dfc8fe337dbe2be6e54efc0ade8d5
16,2035581016,27,weight,delayed_challenge,True,True,True,False,5,7.179035,f30721e1b01a69696913c2edd9fe2e29b0f39a1e91e87629050b6f95a2569c21,601d9903ffc21d79845f14575c93a28bad5dfc8fe337dbe2be6e54efc0ade8d5
16,2035581016,27,reputation_state,no_trigger,False,False,False,True,0,0.000128,f30721e1b01a69696913c2edd9fe2e29b0f39a1e91e87629050b6f95a2569c21,681e32f1a35802c847f04bfb5efad6196034acc9ea8e12186f0880ff76c8ffca
16,2035581016,27,reputation_state,proactive,True,True,True,False,5,7.037438,f30721e1b01a69696913c2edd9fe2e29b0f39a1e91e87629050b6f95a2569c21,681e32f1a35802c847f04bfb5efad6196034acc9ea8e12186f0880ff76c8ffca
16,2035581016,27,reputation_state,timely_challenge,True,True,True,False,5,7.536631,f30721e1b01a69696913c2edd9fe2e29b0f39a1e91e87629050b6f95a2569c21,681e32f1a35802c847f04bfb5efad6196034acc9ea8e12186f0880ff76c8ffca
16,2035581016,27,reputation_state,delayed_challenge,True,True,True,False,5,7.357694,f30721e1b01a69696913c2edd9fe2e29b0f39a1e91e87629050b6f95a2569c21,681e32f1a35802c847f04bfb5efad6196034acc9ea8e12186f0880ff76c8ffca
16,2035581016,27,aggregate,no_trigger,False,False,False,True,0,0.000128,f30721e1b01a69696913c2edd9fe2e29b0f39a1e91e87629050b6f95a2569c21,3574b6ab05829c4cdd7d3c76119a759cfca5d746e264e1feae3aa08ea3a6121a
16,2035581016,27,aggregate,proactive,True,True,True,False,5,7.3595,f30721e1b01a69696913c2edd9fe2e29b0f39a1e91e87629050b6f95a2569c21,3574b6ab05829c4cdd7d3c76119a759cfca5d746e264e1feae3aa08ea3a6121a
16,2035581016,27,aggregate,timely_challenge,True,True,True,False,5,7.160137,f30721e1b01a69696913c2edd9fe2e29b0f39a1e91e87629050b6f95a2569c21,3574b6ab05829c4cdd7d3c76119a759cfca5d746e264e1feae3aa08ea3a6121a
16,2035581016,27,aggregate,delayed_challenge,True,True,True,False,5,7.131933,f30721e1b01a69696913c2edd9fe2e29b0f39a1e91e87629050b6f95a2569c21,3574b6ab05829c4cdd7d3c76119a759cfca5d746e264e1feae3aa08ea3a6121a
16,2035581016,27,payment,no_trigger,False,False,False,True,0,0.000139,f30721e1b01a69696913c2edd9fe2e29b0f39a1e91e87629050b6f95a2569c21,f30a956087cbb5e01cdcb142e1f4822436c4d0a6f2f701e38c9d82cda98ce67c
16,2035581016,27,payment,proactive,True,True,True,False,5,7.607846,f30721e1b01a69696913c2edd9fe2e29b0f39a1e91e87629050b6f95a2569c21,f30a956087cbb5e01cdcb142e1f4822436c4d0a6f2f701e38c9d82cda98ce67c
16,2035581016,27,payment,timely_challenge,True,True,True,False,5,7.43626,f30721e1b01a69696913c2edd9fe2e29b0f39a1e91e87629050b6f95a2569c21,f30a956087cbb5e01cdcb142e1f4822436c4d0a6f2f701e38c9d82cda98ce67c
16,2035581016,27,payment,delayed_challenge,True,True,True,False,5,7.090525,f30721e1b01a69696913c2edd9fe2e29b0f39a1e91e87629050b6f95a2569c21,f30a956087cbb5e01cdcb142e1f4822436c4d0a6f2f701e38c9d82cda98ce67c
16,2035581016,27,missing_package,no_trigger,False,False,False,True,0,0.000138,f30721e1b01a69696913c2edd9fe2e29b0f39a1e91e87629050b6f95a2569c21,MISSING
16,2035581016,27,missing_package,proactive,True,True,True,False,5,0.000908,f30721e1b01a69696913c2edd9fe2e29b0f39a1e91e87629050b6f95a2569c21,MISSING
16,2035581016,27,missing_package,timely_challenge,True,True,True,False,5,0.000427,f30721e1b01a69696913c2edd9fe2e29b0f39a1e91e87629050b6f95a2569c21,MISSING
16,2035581016,27,missing_package,delayed_challenge,True,True,True,False,5,0.000352,f30721e1b01a69696913c2edd9fe2e29b0f39a1e91e87629050b6f95a2569c21,MISSING
17,2035581017,27,label,no_trigger,False,False,False,True,0,0.000182,8a5f119913f0592c873e3af57b7dae046da2bc5b5b7bbf21108880bd9e41565a,bd4ed3904dcb01cb2d320f00bc9cc19197d0e60c451d04236e9a36f635656788
17,2035581017,27,label,proactive,True,True,True,False,5,7.509387,8a5f119913f0592c873e3af57b7dae046da2bc5b5b7bbf21108880bd9e41565a,bd4ed3904dcb01cb2d320f00bc9cc19197d0e60c451d04236e9a36f635656788
17,2035581017,27,label,timely_challenge,True,True,True,False,5,7.430448,8a5f119913f0592c873e3af57b7dae046da2bc5b5b7bbf21108880bd9e41565a,bd4ed3904dcb01cb2d320f00bc9cc19197d0e60c451d04236e9a36f635656788
17,2035581017,27,label,delayed_challenge,True,True,True,False,5,7.224793,8a5f119913f0592c873e3af57b7dae046da2bc5b5b7bbf21108880bd9e41565a,bd4ed3904dcb01cb2d320f00bc9cc19197d0e60c451d04236e9a36f635656788
17,2035581017,27,weight,no_trigger,False,False,False,True,0,0.000139,8a5f119913f0592c873e3af57b7dae046da2bc5b5b7bbf21108880bd9e41565a,ece419cb9c31a579cec9a599811555fa282287dfc163689f9d1b291a0e51ccb4
17,2035581017,27,weight,proactive,True,True,True,False,5,7.593381,8a5f119913f0592c873e3af57b7dae046da2bc5b5b7bbf21108880bd9e41565a,ece419cb9c31a579cec9a599811555fa282287dfc163689f9d1b291a0e51ccb4
17,2035581017,27,weight,timely_challenge,True,True,True,False,5,7.421816,8a5f119913f0592c873e3af57b7dae046da2bc5b5b7bbf21108880bd9e41565a,ece419cb9c31a579cec9a599811555fa282287dfc163689f9d1b291a0e51ccb4
17,2035581017,27,weight,delayed_challenge,True,True,True,False,5,7.1075,8a5f119913f0592c873e3af57b7dae046da2bc5b5b7bbf21108880bd9e41565a,ece419cb9c31a579cec9a599811555fa282287dfc163689f9d1b291a0e51ccb4
17,2035581017,27,reputation_state,no_trigger,False,False,False,True,0,0.000139,8a5f119913f0592c873e3af57b7dae046da2bc5b5b7bbf21108880bd9e41565a,d0c64b3b5c16e9ebfe50b39751424f50b605a1fb8afd91562858c7fe3f259f34
17,2035581017,27,reputation_state,proactive,True,True,True,False,5,7.61259,8a5f119913f0592c873e3af57b7dae046da2bc5b5b7bbf21108880bd9e41565a,d0c64b3b5c16e9ebfe50b39751424f50b605a1fb8afd91562858c7fe3f259f34
17,2035581017,27,reputation_state,timely_challenge,True,True,True,False,5,7.496386,8a5f119913f0592c873e3af57b7dae046da2bc5b5b7bbf21108880bd9e41565a,d0c64b3b5c16e9ebfe50b39751424f50b605a1fb8afd91562858c7fe3f259f34
17,2035581017,27,reputation_state,delayed_challenge,True,True,True,False,5,7.139572,8a5f119913f0592c873e3af57b7dae046da2bc5b5b7bbf21108880bd9e41565a,d0c64b3b5c16e9ebfe50b39751424f50b605a1fb8afd91562858c7fe3f259f34
17,2035581017,27,aggregate,no_trigger,False,False,False,True,0,0.000128,8a5f119913f0592c873e3af57b7dae046da2bc5b5b7bbf21108880bd9e41565a,f813882eae60da37458c21f849421aa54f614b4445aca2c0b16bd28f8f53b7e0
17,2035581017,27,aggregate,proactive,True,True,True,False,5,7.367983,8a5f119913f0592c873e3af57b7dae046da2bc5b5b7bbf21108880bd9e41565a,f813882eae60da37458c21f849421aa54f614b4445aca2c0b16bd28f8f53b7e0
17,2035581017,27,aggregate,timely_challenge,True,True,True,False,5,7.468545,8a5f119913f0592c873e3af57b7dae046da2bc5b5b7bbf21108880bd9e41565a,f813882eae60da37458c21f849421aa54f614b4445aca2c0b16bd28f8f53b7e0
17,2035581017,27,aggregate,delayed_challenge,True,True,True,False,5,7.24037,8a5f119913f0592c873e3af57b7dae046da2bc5b5b7bbf21108880bd9e41565a,f813882eae60da37458c21f849421aa54f614b4445aca2c0b16bd28f8f53b7e0
17,2035581017,27,payment,no_trigger,False,False,False,True,0,0.000118,8a5f119913f0592c873e3af57b7dae046da2bc5b5b7bbf21108880bd9e41565a,072d17b86349028909b266e643b7c8a06cdd61d6782299f65ff743e6afa54296
17,2035581017,27,payment,proactive,True,True,True,False,5,7.123461,8a5f119913f0592c873e3af57b7dae046da2bc5b5b7bbf21108880bd9e41565a,072d17b86349028909b266e643b7c8a06cdd61d6782299f65ff743e6afa54296
17,2035581017,27,payment,timely_challenge,True,True,True,False,5,7.576127,8a5f119913f0592c873e3af57b7dae046da2bc5b5b7bbf21108880bd9e41565a,072d17b86349028909b266e643b7c8a06cdd61d6782299f65ff743e6afa54296
17,2035581017,27,payment,delayed_challenge,True,True,True,False,5,7.064692,8a5f119913f0592c873e3af57b7dae046da2bc5b5b7bbf21108880bd9e41565a,072d17b86349028909b266e643b7c8a06cdd61d6782299f65ff743e6afa54296
17,2035581017,27,missing_package,no_trigger,False,False,False,True,0,0.000117,8a5f119913f0592c873e3af57b7dae046da2bc5b5b7bbf21108880bd9e41565a,MISSING
17,2035581017,27,missing_package,proactive,True,True,True,False,5,0.000983,8a5f119913f0592c873e3af57b7dae046da2bc5b5b7bbf21108880bd9e41565a,MISSING
17,2035581017,27,missing_package,timely_challenge,True,True,True,False,5,0.000438,8a5f119913f0592c873e3af57b7dae046da2bc5b5b7bbf21108880bd9e41565a,MISSING
17,2035581017,27,missing_package,delayed_challenge,True,True,True,False,5,0.000416,8a5f119913f0592c873e3af57b7dae046da2bc5b5b7bbf21108880bd9e41565a,MISSING
18,2035581018,27,label,no_trigger,False,False,False,True,0,0.000213,fc8b08c2d2633026512c90d3c8f39c288db9c130fb55cd3732508f9779712c27,a7e921a3b9f04a81e46ef13199ae21bb3ae2a1058301cc849a5d77d0f91c9be0
18,2035581018,27,label,proactive,True,True,True,False,5,7.524964,fc8b08c2d2633026512c90d3c8f39c288db9c130fb55cd3732508f9779712c27,a7e921a3b9f04a81e46ef13199ae21bb3ae2a1058301cc849a5d77d0f91c9be0
18,2035581018,27,label,timely_challenge,True,True,True,False,5,7.053389,fc8b08c2d2633026512c90d3c8f39c288db9c130fb55cd3732508f9779712c27,a7e921a3b9f04a81e46ef13199ae21bb3ae2a1058301cc849a5d77d0f91c9be0
18,2035581018,27,label,delayed_challenge,True,True,True,False,5,7.501878,fc8b08c2d2633026512c90d3c8f39c288db9c130fb55cd3732508f9779712c27,a7e921a3b9f04a81e46ef13199ae21bb3ae2a1058301cc849a5d77d0f91c9be0
18,2035581018,27,weight,no_trigger,False,False,False,True,0,0.000117,fc8b08c2d2633026512c90d3c8f39c288db9c130fb55cd3732508f9779712c27,989867cf75779a708989046d8836e075b3cb06c6aaaee5a3d761b05d4944bf71
18,2035581018,27,weight,proactive,True,True,True,False,5,7.406261,fc8b08c2d2633026512c90d3c8f39c288db9c130fb55cd3732508f9779712c27,989867cf75779a708989046d8836e075b3cb06c6aaaee5a3d761b05d4944bf71
18,2035581018,27,weight,timely_challenge,True,True,True,False,5,7.300698,fc8b08c2d2633026512c90d3c8f39c288db9c130fb55cd3732508f9779712c27,989867cf75779a708989046d8836e075b3cb06c6aaaee5a3d761b05d4944bf71
18,2035581018,27,weight,delayed_challenge,True,True,True,False,5,7.665184,fc8b08c2d2633026512c90d3c8f39c288db9c130fb55cd3732508f9779712c27,989867cf75779a708989046d8836e075b3cb06c6aaaee5a3d761b05d4944bf71
18,2035581018,27,reputation_state,no_trigger,False,False,False,True,0,0.000128,fc8b08c2d2633026512c90d3c8f39c288db9c130fb55cd3732508f9779712c27,e3230b35b787dd59715fd832efc35ca30edd11bec5d97b8dae5204c7b98125fc
18,2035581018,27,reputation_state,proactive,True,True,True,False,5,7.119294,fc8b08c2d2633026512c90d3c8f39c288db9c130fb55cd3732508f9779712c27,e3230b35b787dd59715fd832efc35ca30edd11bec5d97b8dae5204c7b98125fc
18,2035581018,27,reputation_state,timely_challenge,True,True,True,False,5,7.466847,fc8b08c2d2633026512c90d3c8f39c288db9c130fb55cd3732508f9779712c27,e3230b35b787dd59715fd832efc35ca30edd11bec5d97b8dae5204c7b98125fc
18,2035581018,27,reputation_state,delayed_challenge,True,True,True,False,5,7.310687,fc8b08c2d2633026512c90d3c8f39c288db9c130fb55cd3732508f9779712c27,e3230b35b787dd59715fd832efc35ca30edd11bec5d97b8dae5204c7b98125fc
18,2035581018,27,aggregate,no_trigger,False,False,False,True,0,0.000117,fc8b08c2d2633026512c90d3c8f39c288db9c130fb55cd3732508f9779712c27,0eb3dba2bb13ee2dffe467b0d9f2a835106bf5fe43b68463de59b1b346742e5c
18,2035581018,27,aggregate,proactive,True,True,True,False,5,7.594182,fc8b08c2d2633026512c90d3c8f39c288db9c130fb55cd3732508f9779712c27,0eb3dba2bb13ee2dffe467b0d9f2a835106bf5fe43b68463de59b1b346742e5c
18,2035581018,27,aggregate,timely_challenge,True,True,True,False,5,7.283851,fc8b08c2d2633026512c90d3c8f39c288db9c130fb55cd3732508f9779712c27,0eb3dba2bb13ee2dffe467b0d9f2a835106bf5fe43b68463de59b1b346742e5c
18,2035581018,27,aggregate,delayed_challenge,True,True,True,False,5,7.272985,fc8b08c2d2633026512c90d3c8f39c288db9c130fb55cd3732508f9779712c27,0eb3dba2bb13ee2dffe467b0d9f2a835106bf5fe43b68463de59b1b346742e5c
18,2035581018,27,payment,no_trigger,False,False,False,True,0,0.000106,fc8b08c2d2633026512c90d3c8f39c288db9c130fb55cd3732508f9779712c27,d54e277b9d368be65ecac42e55c1f96df32e78c416fb56726c94d78cecd581a4
18,2035581018,27,payment,proactive,True,True,True,False,5,7.281692,fc8b08c2d2633026512c90d3c8f39c288db9c130fb55cd3732508f9779712c27,d54e277b9d368be65ecac42e55c1f96df32e78c416fb56726c94d78cecd581a4
18,2035581018,27,payment,timely_challenge,True,True,True,False,5,7.382779,fc8b08c2d2633026512c90d3c8f39c288db9c130fb55cd3732508f9779712c27,d54e277b9d368be65ecac42e55c1f96df32e78c416fb56726c94d78cecd581a4
18,2035581018,27,payment,delayed_challenge,True,True,True,False,5,7.564001,fc8b08c2d2633026512c90d3c8f39c288db9c130fb55cd3732508f9779712c27,d54e277b9d368be65ecac42e55c1f96df32e78c416fb56726c94d78cecd581a4
18,2035581018,27,missing_package,no_trigger,False,False,False,True,0,0.000128,fc8b08c2d2633026512c90d3c8f39c288db9c130fb55cd3732508f9779712c27,MISSING
18,2035581018,27,missing_package,proactive,True,True,True,False,5,0.000876,fc8b08c2d2633026512c90d3c8f39c288db9c130fb55cd3732508f9779712c27,MISSING
18,2035581018,27,missing_package,timely_challenge,True,True,True,False,5,0.000395,fc8b08c2d2633026512c90d3c8f39c288db9c130fb55cd3732508f9779712c27,MISSING
18,2035581018,27,missing_package,delayed_challenge,True,True,True,False,5,0.000321,fc8b08c2d2633026512c90d3c8f39c288db9c130fb55cd3732508f9779712c27,MISSING
19,2035581019,27,label,no_trigger,False,False,False,True,0,0.000128,bc2625492fb3f66154937da26fe51cc812d819791f3d537cc0e7223a5cb91f53,f9082e3a072435f154bb5ae12f72a2d3d7636b777e25494f1fb1a2c0b726a125
19,2035581019,27,label,proactive,True,True,True,False,5,7.622674,bc2625492fb3f66154937da26fe51cc812d819791f3d537cc0e7223a5cb91f53,f9082e3a072435f154bb5ae12f72a2d3d7636b777e25494f1fb1a2c0b726a125
19,2035581019,27,label,timely_challenge,True,True,True,False,5,7.214163,bc2625492fb3f66154937da26fe51cc812d819791f3d537cc0e7223a5cb91f53,f9082e3a072435f154bb5ae12f72a2d3d7636b777e25494f1fb1a2c0b726a125
19,2035581019,27,label,delayed_challenge,True,True,True,False,5,7.132926,bc2625492fb3f66154937da26fe51cc812d819791f3d537cc0e7223a5cb91f53,f9082e3a072435f154bb5ae12f72a2d3d7636b777e25494f1fb1a2c0b726a125
19,2035581019,27,weight,no_trigger,False,False,False,True,0,0.000128,bc2625492fb3f66154937da26fe51cc812d819791f3d537cc0e7223a5cb91f53,95be76548cf28b0f7b8f18fc9625b13d8d83d638d75cc05970b42d293e5bab29
19,2035581019,27,weight,proactive,True,True,True,False,5,7.162102,bc2625492fb3f66154937da26fe51cc812d819791f3d537cc0e7223a5cb91f53,95be76548cf28b0f7b8f18fc9625b13d8d83d638d75cc05970b42d293e5bab29
19,2035581019,27,weight,timely_challenge,True,True,True,False,5,7.121805,bc2625492fb3f66154937da26fe51cc812d819791f3d537cc0e7223a5cb91f53,95be76548cf28b0f7b8f18fc9625b13d8d83d638d75cc05970b42d293e5bab29
19,2035581019,27,weight,delayed_challenge,True,True,True,False,5,7.296372,bc2625492fb3f66154937da26fe51cc812d819791f3d537cc0e7223a5cb91f53,95be76548cf28b0f7b8f18fc9625b13d8d83d638d75cc05970b42d293e5bab29
19,2035581019,27,reputation_state,no_trigger,False,False,False,True,0,0.000107,bc2625492fb3f66154937da26fe51cc812d819791f3d537cc0e7223a5cb91f53,58e0567627c1388d88e2361d7c4b2a4292f23c21b6f53329e4edfbd4d84fc937
19,2035581019,27,reputation_state,proactive,True,True,True,False,5,7.622909,bc2625492fb3f66154937da26fe51cc812d819791f3d537cc0e7223a5cb91f53,58e0567627c1388d88e2361d7c4b2a4292f23c21b6f53329e4edfbd4d84fc937
19,2035581019,27,reputation_state,timely_challenge,True,True,True,False,5,7.347481,bc2625492fb3f66154937da26fe51cc812d819791f3d537cc0e7223a5cb91f53,58e0567627c1388d88e2361d7c4b2a4292f23c21b6f53329e4edfbd4d84fc937
19,2035581019,27,reputation_state,delayed_challenge,True,True,True,False,5,7.148728,bc2625492fb3f66154937da26fe51cc812d819791f3d537cc0e7223a5cb91f53,58e0567627c1388d88e2361d7c4b2a4292f23c21b6f53329e4edfbd4d84fc937
19,2035581019,27,aggregate,no_trigger,False,False,False,True,0,0.000128,bc2625492fb3f66154937da26fe51cc812d819791f3d537cc0e7223a5cb91f53,b4d62d984cd7850217eea147bace6f44e0604b1a368e146e165c769fe07ba61d
19,2035581019,27,aggregate,proactive,True,True,True,False,5,7.307568,bc2625492fb3f66154937da26fe51cc812d819791f3d537cc0e7223a5cb91f53,b4d62d984cd7850217eea147bace6f44e0604b1a368e146e165c769fe07ba61d
19,2035581019,27,aggregate,timely_challenge,True,True,True,False,5,7.154432,bc2625492fb3f66154937da26fe51cc812d819791f3d537cc0e7223a5cb91f53,b4d62d984cd7850217eea147bace6f44e0604b1a368e146e165c769fe07ba61d
19,2035581019,27,aggregate,delayed_challenge,True,True,True,False,5,7.334479,bc2625492fb3f66154937da26fe51cc812d819791f3d537cc0e7223a5cb91f53,b4d62d984cd7850217eea147bace6f44e0604b1a368e146e165c769fe07ba61d
19,2035581019,27,payment,no_trigger,False,False,False,True,0,0.000129,bc2625492fb3f66154937da26fe51cc812d819791f3d537cc0e7223a5cb91f53,0c313cbda8ce2aabe751c320692c1ee8da6bab225c0011dbb7813163f51d63d4
19,2035581019,27,payment,proactive,True,True,True,False,5,6.899323,bc2625492fb3f66154937da26fe51cc812d819791f3d537cc0e7223a5cb91f53,0c313cbda8ce2aabe751c320692c1ee8da6bab225c0011dbb7813163f51d63d4
19,2035581019,27,payment,timely_challenge,True,True,True,False,5,7.344831,bc2625492fb3f66154937da26fe51cc812d819791f3d537cc0e7223a5cb91f53,0c313cbda8ce2aabe751c320692c1ee8da6bab225c0011dbb7813163f51d63d4
19,2035581019,27,payment,delayed_challenge,True,True,True,False,5,7.391166,bc2625492fb3f66154937da26fe51cc812d819791f3d537cc0e7223a5cb91f53,0c313cbda8ce2aabe751c320692c1ee8da6bab225c0011dbb7813163f51d63d4
19,2035581019,27,missing_package,no_trigger,False,False,False,True,0,0.000106,bc2625492fb3f66154937da26fe51cc812d819791f3d537cc0e7223a5cb91f53,MISSING
19,2035581019,27,missing_package,proactive,True,True,True,False,5,0.000897,bc2625492fb3f66154937da26fe51cc812d819791f3d537cc0e7223a5cb91f53,MISSING
19,2035581019,27,missing_package,timely_challenge,True,True,True,False,5,0.000417,bc2625492fb3f66154937da26fe51cc812d819791f3d537cc0e7223a5cb91f53,MISSING
19,2035581019,27,missing_package,delayed_challenge,True,True,True,False,5,0.000331,bc2625492fb3f66154937da26fe51cc812d819791f3d537cc0e7223a5cb91f53,MISSING
20,2035581020,27,label,no_trigger,False,False,False,True,0,0.000235,472be7fe5a0b23d4402b8fc044d29d6593cbe0d1a2811cf2c1a50b3f25a2d901,56f5a3bad4bee12b864fadc20f7f1a3cffc25b4d11afac52a79969fe30e1a546
20,2035581020,27,label,proactive,True,True,True,False,5,7.28977,472be7fe5a0b23d4402b8fc044d29d6593cbe0d1a2811cf2c1a50b3f25a2d901,56f5a3bad4bee12b864fadc20f7f1a3cffc25b4d11afac52a79969fe30e1a546
20,2035581020,27,label,timely_challenge,True,True,True,False,5,7.251716,472be7fe5a0b23d4402b8fc044d29d6593cbe0d1a2811cf2c1a50b3f25a2d901,56f5a3bad4bee12b864fadc20f7f1a3cffc25b4d11afac52a79969fe30e1a546
20,2035581020,27,label,delayed_challenge,True,True,True,False,5,7.688559,472be7fe5a0b23d4402b8fc044d29d6593cbe0d1a2811cf2c1a50b3f25a2d901,56f5a3bad4bee12b864fadc20f7f1a3cffc25b4d11afac52a79969fe30e1a546
20,2035581020,27,weight,no_trigger,False,False,False,True,0,0.000139,472be7fe5a0b23d4402b8fc044d29d6593cbe0d1a2811cf2c1a50b3f25a2d901,42d273181fc48c87d67e5e2db25e1d9294eca2c3328f79a9745131bffa02a71e
20,2035581020,27,weight,proactive,True,True,True,False,5,7.17395,472be7fe5a0b23d4402b8fc044d29d6593cbe0d1a2811cf2c1a50b3f25a2d901,42d273181fc48c87d67e5e2db25e1d9294eca2c3328f79a9745131bffa02a71e
20,2035581020,27,weight,timely_challenge,True,True,True,False,5,7.186557,472be7fe5a0b23d4402b8fc044d29d6593cbe0d1a2811cf2c1a50b3f25a2d901,42d273181fc48c87d67e5e2db25e1d9294eca2c3328f79a9745131bffa02a71e
20,2035581020,27,weight,delayed_challenge,True,True,True,False,5,7.462071,472be7fe5a0b23d4402b8fc044d29d6593cbe0d1a2811cf2c1a50b3f25a2d901,42d273181fc48c87d67e5e2db25e1d9294eca2c3328f79a9745131bffa02a71e
20,2035581020,27,reputation_state,no_trigger,False,False,False,True,0,0.000129,472be7fe5a0b23d4402b8fc044d29d6593cbe0d1a2811cf2c1a50b3f25a2d901,10f88fdb8e216ea20a24c15387c615d0e400783a01414b976641b2053f17dbae
20,2035581020,27,reputation_state,proactive,True,True,True,False,5,7.111976,472be7fe5a0b23d4402b8fc044d29d6593cbe0d1a2811cf2c1a50b3f25a2d901,10f88fdb8e216ea20a24c15387c615d0e400783a01414b976641b2053f17dbae
20,2035581020,27,reputation_state,timely_challenge,True,True,True,False,5,7.65309,472be7fe5a0b23d4402b8fc044d29d6593cbe0d1a2811cf2c1a50b3f25a2d901,10f88fdb8e216ea20a24c15387c615d0e400783a01414b976641b2053f17dbae
20,2035581020,27,reputation_state,delayed_challenge,True,True,True,False,5,7.233778,472be7fe5a0b23d4402b8fc044d29d6593cbe0d1a2811cf2c1a50b3f25a2d901,10f88fdb8e216ea20a24c15387c615d0e400783a01414b976641b2053f17dbae
20,2035581020,27,aggregate,no_trigger,False,False,False,True,0,0.000106,472be7fe5a0b23d4402b8fc044d29d6593cbe0d1a2811cf2c1a50b3f25a2d901,286b4b25130978708fe51abf0fed398e8de14d56324e9f34b2f3a9ceeab5d6d3
20,2035581020,27,aggregate,proactive,True,True,True,False,5,7.461249,472be7fe5a0b23d4402b8fc044d29d6593cbe0d1a2811cf2c1a50b3f25a2d901,286b4b25130978708fe51abf0fed398e8de14d56324e9f34b2f3a9ceeab5d6d3
20,2035581020,27,aggregate,timely_challenge,True,True,True,False,5,7.314011,472be7fe5a0b23d4402b8fc044d29d6593cbe0d1a2811cf2c1a50b3f25a2d901,286b4b25130978708fe51abf0fed398e8de14d56324e9f34b2f3a9ceeab5d6d3
20,2035581020,27,aggregate,delayed_challenge,True,True,True,False,5,7.476099,472be7fe5a0b23d4402b8fc044d29d6593cbe0d1a2811cf2c1a50b3f25a2d901,286b4b25130978708fe51abf0fed398e8de14d56324e9f34b2f3a9ceeab5d6d3
20,2035581020,27,payment,no_trigger,False,False,False,True,0,0.000107,472be7fe5a0b23d4402b8fc044d29d6593cbe0d1a2811cf2c1a50b3f25a2d901,6413bfc4763a4b02eb31c2af73c12841f11a98b81c67d07c520c67bd576c172b
20,2035581020,27,payment,proactive,True,True,True,False,5,7.386647,472be7fe5a0b23d4402b8fc044d29d6593cbe0d1a2811cf2c1a50b3f25a2d901,6413bfc4763a4b02eb31c2af73c12841f11a98b81c67d07c520c67bd576c172b
20,2035581020,27,payment,timely_challenge,True,True,True,False,5,7.5804,472be7fe5a0b23d4402b8fc044d29d6593cbe0d1a2811cf2c1a50b3f25a2d901,6413bfc4763a4b02eb31c2af73c12841f11a98b81c67d07c520c67bd576c172b
20,2035581020,27,payment,delayed_challenge,True,True,True,False,5,7.328209,472be7fe5a0b23d4402b8fc044d29d6593cbe0d1a2811cf2c1a50b3f25a2d901,6413bfc4763a4b02eb31c2af73c12841f11a98b81c67d07c520c67bd576c172b
20,2035581020,27,missing_package,no_trigger,False,False,False,True,0,0.000107,472be7fe5a0b23d4402b8fc044d29d6593cbe0d1a2811cf2c1a50b3f25a2d901,MISSING
20,2035581020,27,missing_package,proactive,True,True,True,False,5,0.000908,472be7fe5a0b23d4402b8fc044d29d6593cbe0d1a2811cf2c1a50b3f25a2d901,MISSING
20,2035581020,27,missing_package,timely_challenge,True,True,True,False,5,0.000459,472be7fe5a0b23d4402b8fc044d29d6593cbe0d1a2811cf2c1a50b3f25a2d901,MISSING
20,2035581020,27,missing_package,delayed_challenge,True,True,True,False,5,0.000331,472be7fe5a0b23d4402b8fc044d29d6593cbe0d1a2811cf2c1a50b3f25a2d901,MISSING
21,2035581021,27,label,no_trigger,False,False,False,True,0,0.000256,af1b0b2e8ed03b1621949d013056c29533b6f54d41c1a5625a4e42a992dde6e2,8b2b237e3198a3f6762d78ef4c17804f47343e9d6b2a159f419a261fa88bcd95
21,2035581021,27,label,proactive,True,True,True,False,5,7.172188,af1b0b2e8ed03b1621949d013056c29533b6f54d41c1a5625a4e42a992dde6e2,8b2b237e3198a3f6762d78ef4c17804f47343e9d6b2a159f419a261fa88bcd95
21,2035581021,27,label,timely_challenge,True,True,True,False,5,7.17395,af1b0b2e8ed03b1621949d013056c29533b6f54d41c1a5625a4e42a992dde6e2,8b2b237e3198a3f6762d78ef4c17804f47343e9d6b2a159f419a261fa88bcd95
21,2035581021,27,label,delayed_challenge,True,True,True,False,5,7.347342,af1b0b2e8ed03b1621949d013056c29533b6f54d41c1a5625a4e42a992dde6e2,8b2b237e3198a3f6762d78ef4c17804f47343e9d6b2a159f419a261fa88bcd95
21,2035581021,27,weight,no_trigger,False,False,False,True,0,0.000129,af1b0b2e8ed03b1621949d013056c29533b6f54d41c1a5625a4e42a992dde6e2,d251c7c2c71fb2ec3ef02b3dd177ddc81bea203cd1322236be8dc90697803126
21,2035581021,27,weight,proactive,True,True,True,False,5,7.702725,af1b0b2e8ed03b1621949d013056c29533b6f54d41c1a5625a4e42a992dde6e2,d251c7c2c71fb2ec3ef02b3dd177ddc81bea203cd1322236be8dc90697803126
21,2035581021,27,weight,timely_challenge,True,True,True,False,5,7.213159,af1b0b2e8ed03b1621949d013056c29533b6f54d41c1a5625a4e42a992dde6e2,d251c7c2c71fb2ec3ef02b3dd177ddc81bea203cd1322236be8dc90697803126
21,2035581021,27,weight,delayed_challenge,True,True,True,False,5,7.527816,af1b0b2e8ed03b1621949d013056c29533b6f54d41c1a5625a4e42a992dde6e2,d251c7c2c71fb2ec3ef02b3dd177ddc81bea203cd1322236be8dc90697803126
21,2035581021,27,reputation_state,no_trigger,False,False,False,True,0,0.000118,af1b0b2e8ed03b1621949d013056c29533b6f54d41c1a5625a4e42a992dde6e2,5e4055fc0f5814fc603c691440d565a996af896af5d64d95d50864086a718e50
21,2035581021,27,reputation_state,proactive,True,True,True,False,5,6.930284,af1b0b2e8ed03b1621949d013056c29533b6f54d41c1a5625a4e42a992dde6e2,5e4055fc0f5814fc603c691440d565a996af896af5d64d95d50864086a718e50
21,2035581021,27,reputation_state,timely_challenge,True,True,True,False,5,7.263596,af1b0b2e8ed03b1621949d013056c29533b6f54d41c1a5625a4e42a992dde6e2,5e4055fc0f5814fc603c691440d565a996af896af5d64d95d50864086a718e50
21,2035581021,27,reputation_state,delayed_challenge,True,True,True,False,5,7.592258,af1b0b2e8ed03b1621949d013056c29533b6f54d41c1a5625a4e42a992dde6e2,5e4055fc0f5814fc603c691440d565a996af896af5d64d95d50864086a718e50
21,2035581021,27,aggregate,no_trigger,False,False,False,True,0,0.000107,af1b0b2e8ed03b1621949d013056c29533b6f54d41c1a5625a4e42a992dde6e2,1be25189b4a44cce5ef4aeebab6bf9467955c281f84778383689bd9eb809919d
21,2035581021,27,aggregate,proactive,True,True,True,False,5,7.483951,af1b0b2e8ed03b1621949d013056c29533b6f54d41c1a5625a4e42a992dde6e2,1be25189b4a44cce5ef4aeebab6bf9467955c281f84778383689bd9eb809919d
21,2035581021,27,aggregate,timely_challenge,True,True,True,False,5,7.403206,af1b0b2e8ed03b1621949d013056c29533b6f54d41c1a5625a4e42a992dde6e2,1be25189b4a44cce5ef4aeebab6bf9467955c281f84778383689bd9eb809919d
21,2035581021,27,aggregate,delayed_challenge,True,True,True,False,5,7.401229,af1b0b2e8ed03b1621949d013056c29533b6f54d41c1a5625a4e42a992dde6e2,1be25189b4a44cce5ef4aeebab6bf9467955c281f84778383689bd9eb809919d
21,2035581021,27,payment,no_trigger,False,False,False,True,0,0.000128,af1b0b2e8ed03b1621949d013056c29533b6f54d41c1a5625a4e42a992dde6e2,04551dea2ef0ddaa70bb6be58b88b7650242c9d39acf81c352ed9fcc24b5e520
21,2035581021,27,payment,proactive,True,True,True,False,5,7.510328,af1b0b2e8ed03b1621949d013056c29533b6f54d41c1a5625a4e42a992dde6e2,04551dea2ef0ddaa70bb6be58b88b7650242c9d39acf81c352ed9fcc24b5e520
21,2035581021,27,payment,timely_challenge,True,True,True,False,5,7.284599,af1b0b2e8ed03b1621949d013056c29533b6f54d41c1a5625a4e42a992dde6e2,04551dea2ef0ddaa70bb6be58b88b7650242c9d39acf81c352ed9fcc24b5e520
21,2035581021,27,payment,delayed_challenge,True,True,True,False,5,7.322675,af1b0b2e8ed03b1621949d013056c29533b6f54d41c1a5625a4e42a992dde6e2,04551dea2ef0ddaa70bb6be58b88b7650242c9d39acf81c352ed9fcc24b5e520
21,2035581021,27,missing_package,no_trigger,False,False,False,True,0,0.000106,af1b0b2e8ed03b1621949d013056c29533b6f54d41c1a5625a4e42a992dde6e2,MISSING
21,2035581021,27,missing_package,proactive,True,True,True,False,5,0.001271,af1b0b2e8ed03b1621949d013056c29533b6f54d41c1a5625a4e42a992dde6e2,MISSING
21,2035581021,27,missing_package,timely_challenge,True,True,True,False,5,0.000513,af1b0b2e8ed03b1621949d013056c29533b6f54d41c1a5625a4e42a992dde6e2,MISSING
21,2035581021,27,missing_package,delayed_challenge,True,True,True,False,5,0.000385,af1b0b2e8ed03b1621949d013056c29533b6f54d41c1a5625a4e42a992dde6e2,MISSING
22,2035581022,27,label,no_trigger,False,False,False,True,0,0.000235,7181569cac468338821b888f1b8c48ef8630234ef158b19264369d8d7cea0e74,71e2777477748ea7f431174ea99b76e3b423f0bd8ac2c27491db636d273b647c
22,2035581022,27,label,proactive,True,True,True,False,5,7.461687,7181569cac468338821b888f1b8c48ef8630234ef158b19264369d8d7cea0e74,71e2777477748ea7f431174ea99b76e3b423f0bd8ac2c27491db636d273b647c
22,2035581022,27,label,timely_challenge,True,True,True,False,5,7.062715,7181569cac468338821b888f1b8c48ef8630234ef158b19264369d8d7cea0e74,71e2777477748ea7f431174ea99b76e3b423f0bd8ac2c27491db636d273b647c
22,2035581022,27,label,delayed_challenge,True,True,True,False,5,7.595314,7181569cac468338821b888f1b8c48ef8630234ef158b19264369d8d7cea0e74,71e2777477748ea7f431174ea99b76e3b423f0bd8ac2c27491db636d273b647c
22,2035581022,27,weight,no_trigger,False,False,False,True,0,0.000118,7181569cac468338821b888f1b8c48ef8630234ef158b19264369d8d7cea0e74,d0a4f3728d331123a3a4b7b74e1e74776c7114cc1738889cd25538513d6d43bb
22,2035581022,27,weight,proactive,True,True,True,False,5,7.354436,7181569cac468338821b888f1b8c48ef8630234ef158b19264369d8d7cea0e74,d0a4f3728d331123a3a4b7b74e1e74776c7114cc1738889cd25538513d6d43bb
22,2035581022,27,weight,timely_challenge,True,True,True,False,5,7.442574,7181569cac468338821b888f1b8c48ef8630234ef158b19264369d8d7cea0e74,d0a4f3728d331123a3a4b7b74e1e74776c7114cc1738889cd25538513d6d43bb
22,2035581022,27,weight,delayed_challenge,True,True,True,False,5,7.208073,7181569cac468338821b888f1b8c48ef8630234ef158b19264369d8d7cea0e74,d0a4f3728d331123a3a4b7b74e1e74776c7114cc1738889cd25538513d6d43bb
22,2035581022,27,reputation_state,no_trigger,False,False,False,True,0,0.000118,7181569cac468338821b888f1b8c48ef8630234ef158b19264369d8d7cea0e74,e028f72fefc9f50303ca73cc460dab24314f65745fe669d413e6f6ae9d56b951
22,2035581022,27,reputation_state,proactive,True,True,True,False,5,7.11203,7181569cac468338821b888f1b8c48ef8630234ef158b19264369d8d7cea0e74,e028f72fefc9f50303ca73cc460dab24314f65745fe669d413e6f6ae9d56b951
22,2035581022,27,reputation_state,timely_challenge,True,True,True,False,5,7.268819,7181569cac468338821b888f1b8c48ef8630234ef158b19264369d8d7cea0e74,e028f72fefc9f50303ca73cc460dab24314f65745fe669d413e6f6ae9d56b951
22,2035581022,27,reputation_state,delayed_challenge,True,True,True,False,5,7.458995,7181569cac468338821b888f1b8c48ef8630234ef158b19264369d8d7cea0e74,e028f72fefc9f50303ca73cc460dab24314f65745fe669d413e6f6ae9d56b951
22,2035581022,27,aggregate,no_trigger,False,False,False,True,0,0.000128,7181569cac468338821b888f1b8c48ef8630234ef158b19264369d8d7cea0e74,a2a5c2d2be4337eadb3efb8de02450b02c39e8d08ced8bae3b1da6a4d9e8bc98
22,2035581022,27,aggregate,proactive,True,True,True,False,5,7.492284,7181569cac468338821b888f1b8c48ef8630234ef158b19264369d8d7cea0e74,a2a5c2d2be4337eadb3efb8de02450b02c39e8d08ced8bae3b1da6a4d9e8bc98
22,2035581022,27,aggregate,timely_challenge,True,True,True,False,5,7.46769,7181569cac468338821b888f1b8c48ef8630234ef158b19264369d8d7cea0e74,a2a5c2d2be4337eadb3efb8de02450b02c39e8d08ced8bae3b1da6a4d9e8bc98
22,2035581022,27,aggregate,delayed_challenge,True,True,True,False,5,7.632663,7181569cac468338821b888f1b8c48ef8630234ef158b19264369d8d7cea0e74,a2a5c2d2be4337eadb3efb8de02450b02c39e8d08ced8bae3b1da6a4d9e8bc98
22,2035581022,27,payment,no_trigger,False,False,False,True,0,0.000117,7181569cac468338821b888f1b8c48ef8630234ef158b19264369d8d7cea0e74,a3cc04fbb6e68521a9fbaa4651d182dd475687c5220da45dea49c6cea7c48d32
22,2035581022,27,payment,proactive,True,True,True,False,5,7.187573,7181569cac468338821b888f1b8c48ef8630234ef158b19264369d8d7cea0e74,a3cc04fbb6e68521a9fbaa4651d182dd475687c5220da45dea49c6cea7c48d32
22,2035581022,27,payment,timely_challenge,True,True,True,False,5,7.418899,7181569cac468338821b888f1b8c48ef8630234ef158b19264369d8d7cea0e74,a3cc04fbb6e68521a9fbaa4651d182dd475687c5220da45dea49c6cea7c48d32
22,2035581022,27,payment,delayed_challenge,True,True,True,False,5,7.061273,7181569cac468338821b888f1b8c48ef8630234ef158b19264369d8d7cea0e74,a3cc04fbb6e68521a9fbaa4651d182dd475687c5220da45dea49c6cea7c48d32
22,2035581022,27,missing_package,no_trigger,False,False,False,True,0,0.000128,7181569cac468338821b888f1b8c48ef8630234ef158b19264369d8d7cea0e74,MISSING
22,2035581022,27,missing_package,proactive,True,True,True,False,5,0.000951,7181569cac468338821b888f1b8c48ef8630234ef158b19264369d8d7cea0e74,MISSING
22,2035581022,27,missing_package,timely_challenge,True,True,True,False,5,0.000438,7181569cac468338821b888f1b8c48ef8630234ef158b19264369d8d7cea0e74,MISSING
22,2035581022,27,missing_package,delayed_challenge,True,True,True,False,5,0.000406,7181569cac468338821b888f1b8c48ef8630234ef158b19264369d8d7cea0e74,MISSING
23,2035581023,27,label,no_trigger,False,False,False,True,0,0.000224,11c7b2e13c46617d47f90186cc563da6231eff52f05d388df13f274f4e0b53ee,23c22f064afde8a22213678034c4979a03f39d117ca8ce5de5ca372381f33efd
23,2035581023,27,label,proactive,True,True,True,False,5,7.437104,11c7b2e13c46617d47f90186cc563da6231eff52f05d388df13f274f4e0b53ee,23c22f064afde8a22213678034c4979a03f39d117ca8ce5de5ca372381f33efd
23,2035581023,27,label,timely_challenge,True,True,True,False,5,7.066571,11c7b2e13c46617d47f90186cc563da6231eff52f05d388df13f274f4e0b53ee,23c22f064afde8a22213678034c4979a03f39d117ca8ce5de5ca372381f33efd
23,2035581023,27,label,delayed_challenge,True,True,True,False,5,7.00652,11c7b2e13c46617d47f90186cc563da6231eff52f05d388df13f274f4e0b53ee,23c22f064afde8a22213678034c4979a03f39d117ca8ce5de5ca372381f33efd
23,2035581023,27,weight,no_trigger,False,False,False,True,0,0.000129,11c7b2e13c46617d47f90186cc563da6231eff52f05d388df13f274f4e0b53ee,fa7239c9a1186376775461a44cb598f6e662d916764849ba9bfbe9fd7fbbe287
23,2035581023,27,weight,proactive,True,True,True,False,5,7.558511,11c7b2e13c46617d47f90186cc563da6231eff52f05d388df13f274f4e0b53ee,fa7239c9a1186376775461a44cb598f6e662d916764849ba9bfbe9fd7fbbe287
23,2035581023,27,weight,timely_challenge,True,True,True,False,5,7.109476,11c7b2e13c46617d47f90186cc563da6231eff52f05d388df13f274f4e0b53ee,fa7239c9a1186376775461a44cb598f6e662d916764849ba9bfbe9fd7fbbe287
23,2035581023,27,weight,delayed_challenge,True,True,True,False,5,7.797604,11c7b2e13c46617d47f90186cc563da6231eff52f05d388df13f274f4e0b53ee,fa7239c9a1186376775461a44cb598f6e662d916764849ba9bfbe9fd7fbbe287
23,2035581023,27,reputation_state,no_trigger,False,False,False,True,0,0.000107,11c7b2e13c46617d47f90186cc563da6231eff52f05d388df13f274f4e0b53ee,89611296294b6faeb7bde03deb898f6572c2a775c3247a03ae062de584687a98
23,2035581023,27,reputation_state,proactive,True,True,True,False,5,7.342,11c7b2e13c46617d47f90186cc563da6231eff52f05d388df13f274f4e0b53ee,89611296294b6faeb7bde03deb898f6572c2a775c3247a03ae062de584687a98
23,2035581023,27,reputation_state,timely_challenge,True,True,True,False,5,7.568136,11c7b2e13c46617d47f90186cc563da6231eff52f05d388df13f274f4e0b53ee,89611296294b6faeb7bde03deb898f6572c2a775c3247a03ae062de584687a98
23,2035581023,27,reputation_state,delayed_challenge,True,True,True,False,5,7.136836,11c7b2e13c46617d47f90186cc563da6231eff52f05d388df13f274f4e0b53ee,89611296294b6faeb7bde03deb898f6572c2a775c3247a03ae062de584687a98
23,2035581023,27,aggregate,no_trigger,False,False,False,True,0,0.000118,11c7b2e13c46617d47f90186cc563da6231eff52f05d388df13f274f4e0b53ee,9b34d7e22e6e0337e9196d78f01c9924e3c797a42d67bf5c9dbeb50bf2010333
23,2035581023,27,aggregate,proactive,True,True,True,False,5,7.232335,11c7b2e13c46617d47f90186cc563da6231eff52f05d388df13f274f4e0b53ee,9b34d7e22e6e0337e9196d78f01c9924e3c797a42d67bf5c9dbeb50bf2010333
23,2035581023,27,aggregate,timely_challenge,True,True,True,False,5,7.305378,11c7b2e13c46617d47f90186cc563da6231eff52f05d388df13f274f4e0b53ee,9b34d7e22e6e0337e9196d78f01c9924e3c797a42d67bf5c9dbeb50bf2010333
23,2035581023,27,aggregate,delayed_challenge,True,True,True,False,5,7.179506,11c7b2e13c46617d47f90186cc563da6231eff52f05d388df13f274f4e0b53ee,9b34d7e22e6e0337e9196d78f01c9924e3c797a42d67bf5c9dbeb50bf2010333
23,2035581023,27,payment,no_trigger,False,False,False,True,0,0.000107,11c7b2e13c46617d47f90186cc563da6231eff52f05d388df13f274f4e0b53ee,d7995a99812a93089d3b20fc1f2f834a564d1ad08d1c307bf9472f120cdbed85
23,2035581023,27,payment,proactive,True,True,True,False,5,7.622845,11c7b2e13c46617d47f90186cc563da6231eff52f05d388df13f274f4e0b53ee,d7995a99812a93089d3b20fc1f2f834a564d1ad08d1c307bf9472f120cdbed85
23,2035581023,27,payment,timely_challenge,True,True,True,False,5,7.401475,11c7b2e13c46617d47f90186cc563da6231eff52f05d388df13f274f4e0b53ee,d7995a99812a93089d3b20fc1f2f834a564d1ad08d1c307bf9472f120cdbed85
23,2035581023,27,payment,delayed_challenge,True,True,True,False,5,7.125373,11c7b2e13c46617d47f90186cc563da6231eff52f05d388df13f274f4e0b53ee,d7995a99812a93089d3b20fc1f2f834a564d1ad08d1c307bf9472f120cdbed85
23,2035581023,27,missing_package,no_trigger,False,False,False,True,0,0.000129,11c7b2e13c46617d47f90186cc563da6231eff52f05d388df13f274f4e0b53ee,MISSING
23,2035581023,27,missing_package,proactive,True,True,True,False,5,0.000929,11c7b2e13c46617d47f90186cc563da6231eff52f05d388df13f274f4e0b53ee,MISSING
23,2035581023,27,missing_package,timely_challenge,True,True,True,False,5,0.000427,11c7b2e13c46617d47f90186cc563da6231eff52f05d388df13f274f4e0b53ee,MISSING
23,2035581023,27,missing_package,delayed_challenge,True,True,True,False,5,0.000341,11c7b2e13c46617d47f90186cc563da6231eff52f05d388df13f274f4e0b53ee,MISSING
24,2035581024,27,label,no_trigger,False,False,False,True,0,0.000257,a817ebf068b7729fdcfb0d25ad067629a322d9ae5c07edbb316f8f9bdf85781f,c2cf52f1710c8153350a77e7f145cba04eb9b5e0091c7e2f4fb0a257b571ff6c
24,2035581024,27,label,proactive,True,True,True,False,5,7.310377,a817ebf068b7729fdcfb0d25ad067629a322d9ae5c07edbb316f8f9bdf85781f,c2cf52f1710c8153350a77e7f145cba04eb9b5e0091c7e2f4fb0a257b571ff6c
24,2035581024,27,label,timely_challenge,True,True,True,False,5,7.257826,a817ebf068b7729fdcfb0d25ad067629a322d9ae5c07edbb316f8f9bdf85781f,c2cf52f1710c8153350a77e7f145cba04eb9b5e0091c7e2f4fb0a257b571ff6c
24,2035581024,27,label,delayed_challenge,True,True,True,False,5,7.262569,a817ebf068b7729fdcfb0d25ad067629a322d9ae5c07edbb316f8f9bdf85781f,c2cf52f1710c8153350a77e7f145cba04eb9b5e0091c7e2f4fb0a257b571ff6c
24,2035581024,27,weight,no_trigger,False,False,False,True,0,0.000107,a817ebf068b7729fdcfb0d25ad067629a322d9ae5c07edbb316f8f9bdf85781f,d5b3917f50592fe1fd49abc817d09b41c3cd66debec66ebdb0deee42b408d743
24,2035581024,27,weight,proactive,True,True,True,False,5,7.106614,a817ebf068b7729fdcfb0d25ad067629a322d9ae5c07edbb316f8f9bdf85781f,d5b3917f50592fe1fd49abc817d09b41c3cd66debec66ebdb0deee42b408d743
24,2035581024,27,weight,timely_challenge,True,True,True,False,5,7.459005,a817ebf068b7729fdcfb0d25ad067629a322d9ae5c07edbb316f8f9bdf85781f,d5b3917f50592fe1fd49abc817d09b41c3cd66debec66ebdb0deee42b408d743
24,2035581024,27,weight,delayed_challenge,True,True,True,False,5,7.534355,a817ebf068b7729fdcfb0d25ad067629a322d9ae5c07edbb316f8f9bdf85781f,d5b3917f50592fe1fd49abc817d09b41c3cd66debec66ebdb0deee42b408d743
24,2035581024,27,reputation_state,no_trigger,False,False,False,True,0,0.000118,a817ebf068b7729fdcfb0d25ad067629a322d9ae5c07edbb316f8f9bdf85781f,d6127cf7646dc3259204c5ca10f3db4b721b7f303981783394c2686034a53a02
24,2035581024,27,reputation_state,proactive,True,True,True,False,5,7.065526,a817ebf068b7729fdcfb0d25ad067629a322d9ae5c07edbb316f8f9bdf85781f,d6127cf7646dc3259204c5ca10f3db4b721b7f303981783394c2686034a53a02
24,2035581024,27,reputation_state,timely_challenge,True,True,True,False,5,7.708313,a817ebf068b7729fdcfb0d25ad067629a322d9ae5c07edbb316f8f9bdf85781f,d6127cf7646dc3259204c5ca10f3db4b721b7f303981783394c2686034a53a02
24,2035581024,27,reputation_state,delayed_challenge,True,True,True,False,5,7.448492,a817ebf068b7729fdcfb0d25ad067629a322d9ae5c07edbb316f8f9bdf85781f,d6127cf7646dc3259204c5ca10f3db4b721b7f303981783394c2686034a53a02
24,2035581024,27,aggregate,no_trigger,False,False,False,True,0,0.000128,a817ebf068b7729fdcfb0d25ad067629a322d9ae5c07edbb316f8f9bdf85781f,5b1f5e34f6d374b2cec04ad2eedd2ac9b7e1622366ee21834b87856e35594f43
24,2035581024,27,aggregate,proactive,True,True,True,False,5,7.271106,a817ebf068b7729fdcfb0d25ad067629a322d9ae5c07edbb316f8f9bdf85781f,5b1f5e34f6d374b2cec04ad2eedd2ac9b7e1622366ee21834b87856e35594f43
24,2035581024,27,aggregate,timely_challenge,True,True,True,False,5,7.354927,a817ebf068b7729fdcfb0d25ad067629a322d9ae5c07edbb316f8f9bdf85781f,5b1f5e34f6d374b2cec04ad2eedd2ac9b7e1622366ee21834b87856e35594f43
24,2035581024,27,aggregate,delayed_challenge,True,True,True,False,5,7.752628,a817ebf068b7729fdcfb0d25ad067629a322d9ae5c07edbb316f8f9bdf85781f,5b1f5e34f6d374b2cec04ad2eedd2ac9b7e1622366ee21834b87856e35594f43
24,2035581024,27,payment,no_trigger,False,False,False,True,0,0.000107,a817ebf068b7729fdcfb0d25ad067629a322d9ae5c07edbb316f8f9bdf85781f,75e5da36a6c70a629e509199e581010efde76c5137c19c7c5d0bcdfc2bd92193
24,2035581024,27,payment,proactive,True,True,True,False,5,7.293337,a817ebf068b7729fdcfb0d25ad067629a322d9ae5c07edbb316f8f9bdf85781f,75e5da36a6c70a629e509199e581010efde76c5137c19c7c5d0bcdfc2bd92193
24,2035581024,27,payment,timely_challenge,True,True,True,False,5,7.592547,a817ebf068b7729fdcfb0d25ad067629a322d9ae5c07edbb316f8f9bdf85781f,75e5da36a6c70a629e509199e581010efde76c5137c19c7c5d0bcdfc2bd92193
24,2035581024,27,payment,delayed_challenge,True,True,True,False,5,7.080748,a817ebf068b7729fdcfb0d25ad067629a322d9ae5c07edbb316f8f9bdf85781f,75e5da36a6c70a629e509199e581010efde76c5137c19c7c5d0bcdfc2bd92193
24,2035581024,27,missing_package,no_trigger,False,False,False,True,0,0.000128,a817ebf068b7729fdcfb0d25ad067629a322d9ae5c07edbb316f8f9bdf85781f,MISSING
24,2035581024,27,missing_package,proactive,True,True,True,False,5,0.000855,a817ebf068b7729fdcfb0d25ad067629a322d9ae5c07edbb316f8f9bdf85781f,MISSING
24,2035581024,27,missing_package,timely_challenge,True,True,True,False,5,0.000406,a817ebf068b7729fdcfb0d25ad067629a322d9ae5c07edbb316f8f9bdf85781f,MISSING
24,2035581024,27,missing_package,delayed_challenge,True,True,True,False,5,0.00031,a817ebf068b7729fdcfb0d25ad067629a322d9ae5c07edbb316f8f9bdf85781f,MISSING
25,2035581025,27,label,no_trigger,False,False,False,True,0,0.000213,b6e9b91dda87a45ce6ed83fc3a20c9cd288deba1ac4aed50d67356155af093a0,b12b1af4a9dc587f5ea962b9e7473f15c0b5f857565cfc1f1875b144636858c9
25,2035581025,27,label,proactive,True,True,True,False,5,7.561769,b6e9b91dda87a45ce6ed83fc3a20c9cd288deba1ac4aed50d67356155af093a0,b12b1af4a9dc587f5ea962b9e7473f15c0b5f857565cfc1f1875b144636858c9
25,2035581025,27,label,timely_challenge,True,True,True,False,5,7.177839,b6e9b91dda87a45ce6ed83fc3a20c9cd288deba1ac4aed50d67356155af093a0,b12b1af4a9dc587f5ea962b9e7473f15c0b5f857565cfc1f1875b144636858c9
25,2035581025,27,label,delayed_challenge,True,True,True,False,5,7.279299,b6e9b91dda87a45ce6ed83fc3a20c9cd288deba1ac4aed50d67356155af093a0,b12b1af4a9dc587f5ea962b9e7473f15c0b5f857565cfc1f1875b144636858c9
25,2035581025,27,weight,no_trigger,False,False,False,True,0,0.000117,b6e9b91dda87a45ce6ed83fc3a20c9cd288deba1ac4aed50d67356155af093a0,5279355f41f25f6dc8d26413c6c041e9b09481614f4cb980d27001399226ef80
25,2035581025,27,weight,proactive,True,True,True,False,5,7.108558,b6e9b91dda87a45ce6ed83fc3a20c9cd288deba1ac4aed50d67356155af093a0,5279355f41f25f6dc8d26413c6c041e9b09481614f4cb980d27001399226ef80
25,2035581025,27,weight,timely_challenge,True,True,True,False,5,7.120064,b6e9b91dda87a45ce6ed83fc3a20c9cd288deba1ac4aed50d67356155af093a0,5279355f41f25f6dc8d26413c6c041e9b09481614f4cb980d27001399226ef80
25,2035581025,27,weight,delayed_challenge,True,True,True,False,5,7.668913,b6e9b91dda87a45ce6ed83fc3a20c9cd288deba1ac4aed50d67356155af093a0,5279355f41f25f6dc8d26413c6c041e9b09481614f4cb980d27001399226ef80
25,2035581025,27,reputation_state,no_trigger,False,False,False,True,0,0.000107,b6e9b91dda87a45ce6ed83fc3a20c9cd288deba1ac4aed50d67356155af093a0,209cb87b25d849a8e94636958a4995e19fe9a4de3d29c5f39873bf60882f33d7
25,2035581025,27,reputation_state,proactive,True,True,True,False,5,7.261181,b6e9b91dda87a45ce6ed83fc3a20c9cd288deba1ac4aed50d67356155af093a0,209cb87b25d849a8e94636958a4995e19fe9a4de3d29c5f39873bf60882f33d7
25,2035581025,27,reputation_state,timely_challenge,True,True,True,False,5,7.317706,b6e9b91dda87a45ce6ed83fc3a20c9cd288deba1ac4aed50d67356155af093a0,209cb87b25d849a8e94636958a4995e19fe9a4de3d29c5f39873bf60882f33d7
25,2035581025,27,reputation_state,delayed_challenge,True,True,True,False,5,7.462296,b6e9b91dda87a45ce6ed83fc3a20c9cd288deba1ac4aed50d67356155af093a0,209cb87b25d849a8e94636958a4995e19fe9a4de3d29c5f39873bf60882f33d7
25,2035581025,27,aggregate,no_trigger,False,False,False,True,0,0.000128,b6e9b91dda87a45ce6ed83fc3a20c9cd288deba1ac4aed50d67356155af093a0,4457daae86bb6162c8a2c04cc827f505a56a21c034b3d287565879d8e19d2563
25,2035581025,27,aggregate,proactive,True,True,True,False,5,7.658218,b6e9b91dda87a45ce6ed83fc3a20c9cd288deba1ac4aed50d67356155af093a0,4457daae86bb6162c8a2c04cc827f505a56a21c034b3d287565879d8e19d2563
25,2035581025,27,aggregate,timely_challenge,True,True,True,False,5,7.481942,b6e9b91dda87a45ce6ed83fc3a20c9cd288deba1ac4aed50d67356155af093a0,4457daae86bb6162c8a2c04cc827f505a56a21c034b3d287565879d8e19d2563
25,2035581025,27,aggregate,delayed_challenge,True,True,True,False,5,7.574813,b6e9b91dda87a45ce6ed83fc3a20c9cd288deba1ac4aed50d67356155af093a0,4457daae86bb6162c8a2c04cc827f505a56a21c034b3d287565879d8e19d2563
25,2035581025,27,payment,no_trigger,False,False,False,True,0,9.6e-05,b6e9b91dda87a45ce6ed83fc3a20c9cd288deba1ac4aed50d67356155af093a0,06a8412f9cb05e7095f1370be64f7313a6c31e1a8034be4b7c1bb3efe60c1c52
25,2035581025,27,payment,proactive,True,True,True,False,5,7.453717,b6e9b91dda87a45ce6ed83fc3a20c9cd288deba1ac4aed50d67356155af093a0,06a8412f9cb05e7095f1370be64f7313a6c31e1a8034be4b7c1bb3efe60c1c52
25,2035581025,27,payment,timely_challenge,True,True,True,False,5,7.409498,b6e9b91dda87a45ce6ed83fc3a20c9cd288deba1ac4aed50d67356155af093a0,06a8412f9cb05e7095f1370be64f7313a6c31e1a8034be4b7c1bb3efe60c1c52
25,2035581025,27,payment,delayed_challenge,True,True,True,False,5,6.935775,b6e9b91dda87a45ce6ed83fc3a20c9cd288deba1ac4aed50d67356155af093a0,06a8412f9cb05e7095f1370be64f7313a6c31e1a8034be4b7c1bb3efe60c1c52
25,2035581025,27,missing_package,no_trigger,False,False,False,True,0,0.000117,b6e9b91dda87a45ce6ed83fc3a20c9cd288deba1ac4aed50d67356155af093a0,MISSING
25,2035581025,27,missing_package,proactive,True,True,True,False,5,0.001004,b6e9b91dda87a45ce6ed83fc3a20c9cd288deba1ac4aed50d67356155af093a0,MISSING
25,2035581025,27,missing_package,timely_challenge,True,True,True,False,5,0.000438,b6e9b91dda87a45ce6ed83fc3a20c9cd288deba1ac4aed50d67356155af093a0,MISSING
25,2035581025,27,missing_package,delayed_challenge,True,True,True,False,5,0.000395,b6e9b91dda87a45ce6ed83fc3a20c9cd288deba1ac4aed50d67356155af093a0,MISSING
26,2035581026,27,label,no_trigger,False,False,False,True,0,0.000235,d57b2852bb27928f7d6f60d53515f795f0f005db5c0f1e741159ec1dfbe4a991,0fd1de1c9e55e52886efcd9ff5f802d8d4f506ab432edca8cf391bf70e658bbd
26,2035581026,27,label,proactive,True,True,True,False,5,7.181194,d57b2852bb27928f7d6f60d53515f795f0f005db5c0f1e741159ec1dfbe4a991,0fd1de1c9e55e52886efcd9ff5f802d8d4f506ab432edca8cf391bf70e658bbd
26,2035581026,27,label,timely_challenge,True,True,True,False,5,7.573648,d57b2852bb27928f7d6f60d53515f795f0f005db5c0f1e741159ec1dfbe4a991,0fd1de1c9e55e52886efcd9ff5f802d8d4f506ab432edca8cf391bf70e658bbd
26,2035581026,27,label,delayed_challenge,True,True,True,False,5,7.53787,d57b2852bb27928f7d6f60d53515f795f0f005db5c0f1e741159ec1dfbe4a991,0fd1de1c9e55e52886efcd9ff5f802d8d4f506ab432edca8cf391bf70e658bbd
26,2035581026,27,weight,no_trigger,False,False,False,True,0,0.000129,d57b2852bb27928f7d6f60d53515f795f0f005db5c0f1e741159ec1dfbe4a991,4dbb66ba69b381dd09cb6437a28de8a6f2f7e99226ee93cf14ec8e9e79b65749
26,2035581026,27,weight,proactive,True,True,True,False,5,7.357417,d57b2852bb27928f7d6f60d53515f795f0f005db5c0f1e741159ec1dfbe4a991,4dbb66ba69b381dd09cb6437a28de8a6f2f7e99226ee93cf14ec8e9e79b65749
26,2035581026,27,weight,timely_challenge,True,True,True,False,5,7.446762,d57b2852bb27928f7d6f60d53515f795f0f005db5c0f1e741159ec1dfbe4a991,4dbb66ba69b381dd09cb6437a28de8a6f2f7e99226ee93cf14ec8e9e79b65749
26,2035581026,27,weight,delayed_challenge,True,True,True,False,5,7.549269,d57b2852bb27928f7d6f60d53515f795f0f005db5c0f1e741159ec1dfbe4a991,4dbb66ba69b381dd09cb6437a28de8a6f2f7e99226ee93cf14ec8e9e79b65749
26,2035581026,27,reputation_state,no_trigger,False,False,False,True,0,0.000118,d57b2852bb27928f7d6f60d53515f795f0f005db5c0f1e741159ec1dfbe4a991,fe3a0505bba1bf5b115722456c3a5c8b0202722da5a445781b4dbc428182b553
26,2035581026,27,reputation_state,proactive,True,True,True,False,5,7.585839,d57b2852bb27928f7d6f60d53515f795f0f005db5c0f1e741159ec1dfbe4a991,fe3a0505bba1bf5b115722456c3a5c8b0202722da5a445781b4dbc428182b553
26,2035581026,27,reputation_state,timely_challenge,True,True,True,False,5,7.464389,d57b2852bb27928f7d6f60d53515f795f0f005db5c0f1e741159ec1dfbe4a991,fe3a0505bba1bf5b115722456c3a5c8b0202722da5a445781b4dbc428182b553
26,2035581026,27,reputation_state,delayed_challenge,True,True,True,False,5,7.656659,d57b2852bb27928f7d6f60d53515f795f0f005db5c0f1e741159ec1dfbe4a991,fe3a0505bba1bf5b115722456c3a5c8b0202722da5a445781b4dbc428182b553
26,2035581026,27,aggregate,no_trigger,False,False,False,True,0,0.000139,d57b2852bb27928f7d6f60d53515f795f0f005db5c0f1e741159ec1dfbe4a991,0ac463042d985fa88474f1b1b8b2f82a15af824a0ae208f8fe5c1e6632a68984
26,2035581026,27,aggregate,proactive,True,True,True,False,5,7.630356,d57b2852bb27928f7d6f60d53515f795f0f005db5c0f1e741159ec1dfbe4a991,0ac463042d985fa88474f1b1b8b2f82a15af824a0ae208f8fe5c1e6632a68984
26,2035581026,27,aggregate,timely_challenge,True,True,True,False,5,7.233297,d57b2852bb27928f7d6f60d53515f795f0f005db5c0f1e741159ec1dfbe4a991,0ac463042d985fa88474f1b1b8b2f82a15af824a0ae208f8fe5c1e6632a68984
26,2035581026,27,aggregate,delayed_challenge,True,True,True,False,5,7.655472,d57b2852bb27928f7d6f60d53515f795f0f005db5c0f1e741159ec1dfbe4a991,0ac463042d985fa88474f1b1b8b2f82a15af824a0ae208f8fe5c1e6632a68984
26,2035581026,27,payment,no_trigger,False,False,False,True,0,0.000128,d57b2852bb27928f7d6f60d53515f795f0f005db5c0f1e741159ec1dfbe4a991,9d86ee4a0c70372f114e582e0a094482167ba0001d86c5d61c62be329de0497d
26,2035581026,27,payment,proactive,True,True,True,False,5,7.622129,d57b2852bb27928f7d6f60d53515f795f0f005db5c0f1e741159ec1dfbe4a991,9d86ee4a0c70372f114e582e0a094482167ba0001d86c5d61c62be329de0497d
26,2035581026,27,payment,timely_challenge,True,True,True,False,5,7.354105,d57b2852bb27928f7d6f60d53515f795f0f005db5c0f1e741159ec1dfbe4a991,9d86ee4a0c70372f114e582e0a094482167ba0001d86c5d61c62be329de0497d
26,2035581026,27,payment,delayed_challenge,True,True,True,False,5,7.310794,d57b2852bb27928f7d6f60d53515f795f0f005db5c0f1e741159ec1dfbe4a991,9d86ee4a0c70372f114e582e0a094482167ba0001d86c5d61c62be329de0497d
26,2035581026,27,missing_package,no_trigger,False,False,False,True,0,0.000139,d57b2852bb27928f7d6f60d53515f795f0f005db5c0f1e741159ec1dfbe4a991,MISSING
26,2035581026,27,missing_package,proactive,True,True,True,False,5,0.001463,d57b2852bb27928f7d6f60d53515f795f0f005db5c0f1e741159ec1dfbe4a991,MISSING
26,2035581026,27,missing_package,timely_challenge,True,True,True,False,5,0.000438,d57b2852bb27928f7d6f60d53515f795f0f005db5c0f1e741159ec1dfbe4a991,MISSING
26,2035581026,27,missing_package,delayed_challenge,True,True,True,False,5,0.000342,d57b2852bb27928f7d6f60d53515f795f0f005db5c0f1e741159ec1dfbe4a991,MISSING
27,2035581027,27,label,no_trigger,False,False,False,True,0,0.000235,9c16365fcc22cd10e17d1595531daac512d4e8206884e0076f230229204dc74d,3033b0ab9c14ae6bae826c1235ba17e1a6509162f706a138938e3277bba26331
27,2035581027,27,label,proactive,True,True,True,False,5,7.643197,9c16365fcc22cd10e17d1595531daac512d4e8206884e0076f230229204dc74d,3033b0ab9c14ae6bae826c1235ba17e1a6509162f706a138938e3277bba26331
27,2035581027,27,label,timely_challenge,True,True,True,False,5,7.136099,9c16365fcc22cd10e17d1595531daac512d4e8206884e0076f230229204dc74d,3033b0ab9c14ae6bae826c1235ba17e1a6509162f706a138938e3277bba26331
27,2035581027,27,label,delayed_challenge,True,True,True,False,5,7.63245,9c16365fcc22cd10e17d1595531daac512d4e8206884e0076f230229204dc74d,3033b0ab9c14ae6bae826c1235ba17e1a6509162f706a138938e3277bba26331
27,2035581027,27,weight,no_trigger,False,False,False,True,0,0.000138,9c16365fcc22cd10e17d1595531daac512d4e8206884e0076f230229204dc74d,19d4f103110b357993afa199f91b335f972bfd5d5ae327915f27380b9994a7cb
27,2035581027,27,weight,proactive,True,True,True,False,5,7.260722,9c16365fcc22cd10e17d1595531daac512d4e8206884e0076f230229204dc74d,19d4f103110b357993afa199f91b335f972bfd5d5ae327915f27380b9994a7cb
27,2035581027,27,weight,timely_challenge,True,True,True,False,5,7.527623,9c16365fcc22cd10e17d1595531daac512d4e8206884e0076f230229204dc74d,19d4f103110b357993afa199f91b335f972bfd5d5ae327915f27380b9994a7cb
27,2035581027,27,weight,delayed_challenge,True,True,True,False,5,7.168246,9c16365fcc22cd10e17d1595531daac512d4e8206884e0076f230229204dc74d,19d4f103110b357993afa199f91b335f972bfd5d5ae327915f27380b9994a7cb
27,2035581027,27,reputation_state,no_trigger,False,False,False,True,0,0.000235,9c16365fcc22cd10e17d1595531daac512d4e8206884e0076f230229204dc74d,74e8522871fcefeef388efccb3b7e1dc8034084b41670b5448d48638d0d37292
27,2035581027,27,reputation_state,proactive,True,True,True,False,5,7.473844,9c16365fcc22cd10e17d1595531daac512d4e8206884e0076f230229204dc74d,74e8522871fcefeef388efccb3b7e1dc8034084b41670b5448d48638d0d37292
27,2035581027,27,reputation_state,timely_challenge,True,True,True,False,5,7.052897,9c16365fcc22cd10e17d1595531daac512d4e8206884e0076f230229204dc74d,74e8522871fcefeef388efccb3b7e1dc8034084b41670b5448d48638d0d37292
27,2035581027,27,reputation_state,delayed_challenge,True,True,True,False,5,7.473523,9c16365fcc22cd10e17d1595531daac512d4e8206884e0076f230229204dc74d,74e8522871fcefeef388efccb3b7e1dc8034084b41670b5448d48638d0d37292
27,2035581027,27,aggregate,no_trigger,False,False,False,True,0,0.000128,9c16365fcc22cd10e17d1595531daac512d4e8206884e0076f230229204dc74d,bbc6ab141e51409a05903a7549625b07be33fb84729cf23805b888715ffbf0ae
27,2035581027,27,aggregate,proactive,True,True,True,False,5,7.359542,9c16365fcc22cd10e17d1595531daac512d4e8206884e0076f230229204dc74d,bbc6ab141e51409a05903a7549625b07be33fb84729cf23805b888715ffbf0ae
27,2035581027,27,aggregate,timely_challenge,True,True,True,False,5,7.101057,9c16365fcc22cd10e17d1595531daac512d4e8206884e0076f230229204dc74d,bbc6ab141e51409a05903a7549625b07be33fb84729cf23805b888715ffbf0ae
27,2035581027,27,aggregate,delayed_challenge,True,True,True,False,5,7.527624,9c16365fcc22cd10e17d1595531daac512d4e8206884e0076f230229204dc74d,bbc6ab141e51409a05903a7549625b07be33fb84729cf23805b888715ffbf0ae
27,2035581027,27,payment,no_trigger,False,False,False,True,0,0.000107,9c16365fcc22cd10e17d1595531daac512d4e8206884e0076f230229204dc74d,7c57242f6d7fa851762c03f517a0dcc0849172536b6b5c8023d7fa2b273d8199
27,2035581027,27,payment,proactive,True,True,True,False,5,6.912155,9c16365fcc22cd10e17d1595531daac512d4e8206884e0076f230229204dc74d,7c57242f6d7fa851762c03f517a0dcc0849172536b6b5c8023d7fa2b273d8199
27,2035581027,27,payment,timely_challenge,True,True,True,False,5,7.572292,9c16365fcc22cd10e17d1595531daac512d4e8206884e0076f230229204dc74d,7c57242f6d7fa851762c03f517a0dcc0849172536b6b5c8023d7fa2b273d8199
27,2035581027,27,payment,delayed_challenge,True,True,True,False,5,6.927912,9c16365fcc22cd10e17d1595531daac512d4e8206884e0076f230229204dc74d,7c57242f6d7fa851762c03f517a0dcc0849172536b6b5c8023d7fa2b273d8199
27,2035581027,27,missing_package,no_trigger,False,False,False,True,0,0.000118,9c16365fcc22cd10e17d1595531daac512d4e8206884e0076f230229204dc74d,MISSING
27,2035581027,27,missing_package,proactive,True,True,True,False,5,0.000919,9c16365fcc22cd10e17d1595531daac512d4e8206884e0076f230229204dc74d,MISSING
27,2035581027,27,missing_package,timely_challenge,True,True,True,False,5,0.000438,9c16365fcc22cd10e17d1595531daac512d4e8206884e0076f230229204dc74d,MISSING
27,2035581027,27,missing_package,delayed_challenge,True,True,True,False,5,0.000331,9c16365fcc22cd10e17d1595531daac512d4e8206884e0076f230229204dc74d,MISSING
28,2035581028,27,label,no_trigger,False,False,False,True,0,0.000235,bb49f591624eb525a8efb90cbd287837a0dff26cb9cf2c665f8eaf3236198215,978611edd48e2a84849c8690b07e9ed69bce95de6c524cb62691d8068875c638
28,2035581028,27,label,proactive,True,True,True,False,5,7.735854,bb49f591624eb525a8efb90cbd287837a0dff26cb9cf2c665f8eaf3236198215,978611edd48e2a84849c8690b07e9ed69bce95de6c524cb62691d8068875c638
28,2035581028,27,label,timely_challenge,True,True,True,False,5,7.160917,bb49f591624eb525a8efb90cbd287837a0dff26cb9cf2c665f8eaf3236198215,978611edd48e2a84849c8690b07e9ed69bce95de6c524cb62691d8068875c638
28,2035581028,27,label,delayed_challenge,True,True,True,False,5,7.294182,bb49f591624eb525a8efb90cbd287837a0dff26cb9cf2c665f8eaf3236198215,978611edd48e2a84849c8690b07e9ed69bce95de6c524cb62691d8068875c638
28,2035581028,27,weight,no_trigger,False,False,False,True,0,0.000107,bb49f591624eb525a8efb90cbd287837a0dff26cb9cf2c665f8eaf3236198215,2f51fa2a1599419968aa7914d13bf583b41b2b0350de4e9abbfc550782345124
28,2035581028,27,weight,proactive,True,True,True,False,5,7.250059,bb49f591624eb525a8efb90cbd287837a0dff26cb9cf2c665f8eaf3236198215,2f51fa2a1599419968aa7914d13bf583b41b2b0350de4e9abbfc550782345124
28,2035581028,27,weight,timely_challenge,True,True,True,False,5,7.285367,bb49f591624eb525a8efb90cbd287837a0dff26cb9cf2c665f8eaf3236198215,2f51fa2a1599419968aa7914d13bf583b41b2b0350de4e9abbfc550782345124
28,2035581028,27,weight,delayed_challenge,True,True,True,False,5,7.388271,bb49f591624eb525a8efb90cbd287837a0dff26cb9cf2c665f8eaf3236198215,2f51fa2a1599419968aa7914d13bf583b41b2b0350de4e9abbfc550782345124
28,2035581028,27,reputation_state,no_trigger,False,False,False,True,0,0.000128,bb49f591624eb525a8efb90cbd287837a0dff26cb9cf2c665f8eaf3236198215,48580a2317ae5d660310029db54e681a52d7087a7231a99fa63678a1850d381a
28,2035581028,27,reputation_state,proactive,True,True,True,False,5,7.151665,bb49f591624eb525a8efb90cbd287837a0dff26cb9cf2c665f8eaf3236198215,48580a2317ae5d660310029db54e681a52d7087a7231a99fa63678a1850d381a
28,2035581028,27,reputation_state,timely_challenge,True,True,True,False,5,7.211097,bb49f591624eb525a8efb90cbd287837a0dff26cb9cf2c665f8eaf3236198215,48580a2317ae5d660310029db54e681a52d7087a7231a99fa63678a1850d381a
28,2035581028,27,reputation_state,delayed_challenge,True,True,True,False,5,7.241524,bb49f591624eb525a8efb90cbd287837a0dff26cb9cf2c665f8eaf3236198215,48580a2317ae5d660310029db54e681a52d7087a7231a99fa63678a1850d381a
28,2035581028,27,aggregate,no_trigger,False,False,False,True,0,0.000139,bb49f591624eb525a8efb90cbd287837a0dff26cb9cf2c665f8eaf3236198215,f253f1e130583f5eba7120da1bf49457abd1a7195c4be358ae7e3c16de6cff68
28,2035581028,27,aggregate,proactive,True,True,True,False,5,7.487647,bb49f591624eb525a8efb90cbd287837a0dff26cb9cf2c665f8eaf3236198215,f253f1e130583f5eba7120da1bf49457abd1a7195c4be358ae7e3c16de6cff68
28,2035581028,27,aggregate,timely_challenge,True,True,True,False,5,7.499078,bb49f591624eb525a8efb90cbd287837a0dff26cb9cf2c665f8eaf3236198215,f253f1e130583f5eba7120da1bf49457abd1a7195c4be358ae7e3c16de6cff68
28,2035581028,27,aggregate,delayed_challenge,True,True,True,False,5,7.682213,bb49f591624eb525a8efb90cbd287837a0dff26cb9cf2c665f8eaf3236198215,f253f1e130583f5eba7120da1bf49457abd1a7195c4be358ae7e3c16de6cff68
28,2035581028,27,payment,no_trigger,False,False,False,True,0,0.000128,bb49f591624eb525a8efb90cbd287837a0dff26cb9cf2c665f8eaf3236198215,92cac77c6a6a7749ecab10808f76ee98291a56a96436dcf8fdc94e3d1a7d78c1
28,2035581028,27,payment,proactive,True,True,True,False,5,7.435501,bb49f591624eb525a8efb90cbd287837a0dff26cb9cf2c665f8eaf3236198215,92cac77c6a6a7749ecab10808f76ee98291a56a96436dcf8fdc94e3d1a7d78c1
28,2035581028,27,payment,timely_challenge,True,True,True,False,5,7.613369,bb49f591624eb525a8efb90cbd287837a0dff26cb9cf2c665f8eaf3236198215,92cac77c6a6a7749ecab10808f76ee98291a56a96436dcf8fdc94e3d1a7d78c1
28,2035581028,27,payment,delayed_challenge,True,True,True,False,5,7.476697,bb49f591624eb525a8efb90cbd287837a0dff26cb9cf2c665f8eaf3236198215,92cac77c6a6a7749ecab10808f76ee98291a56a96436dcf8fdc94e3d1a7d78c1
28,2035581028,27,missing_package,no_trigger,False,False,False,True,0,0.000118,bb49f591624eb525a8efb90cbd287837a0dff26cb9cf2c665f8eaf3236198215,MISSING
28,2035581028,27,missing_package,proactive,True,True,True,False,5,0.000866,bb49f591624eb525a8efb90cbd287837a0dff26cb9cf2c665f8eaf3236198215,MISSING
28,2035581028,27,missing_package,timely_challenge,True,True,True,False,5,0.000416,bb49f591624eb525a8efb90cbd287837a0dff26cb9cf2c665f8eaf3236198215,MISSING
28,2035581028,27,missing_package,delayed_challenge,True,True,True,False,5,0.000352,bb49f591624eb525a8efb90cbd287837a0dff26cb9cf2c665f8eaf3236198215,MISSING
29,2035581029,27,label,no_trigger,False,False,False,True,0,0.000224,ab9f3b831b42d746cdf60f6ae376999df2fe0a87e49a7ba62f6224b32ee78460,61f0ab540f0435f3740abd4489275dad854b8f435ab99d5fe9f3971fb3306b69
29,2035581029,27,label,proactive,True,True,True,False,5,7.577644,ab9f3b831b42d746cdf60f6ae376999df2fe0a87e49a7ba62f6224b32ee78460,61f0ab540f0435f3740abd4489275dad854b8f435ab99d5fe9f3971fb3306b69
29,2035581029,27,label,timely_challenge,True,True,True,False,5,7.398131,ab9f3b831b42d746cdf60f6ae376999df2fe0a87e49a7ba62f6224b32ee78460,61f0ab540f0435f3740abd4489275dad854b8f435ab99d5fe9f3971fb3306b69
29,2035581029,27,label,delayed_challenge,True,True,True,False,5,7.480596,ab9f3b831b42d746cdf60f6ae376999df2fe0a87e49a7ba62f6224b32ee78460,61f0ab540f0435f3740abd4489275dad854b8f435ab99d5fe9f3971fb3306b69
29,2035581029,27,weight,no_trigger,False,False,False,True,0,0.000118,ab9f3b831b42d746cdf60f6ae376999df2fe0a87e49a7ba62f6224b32ee78460,8d03213b6d2ac328d6d03bd54252b8883dce32dbe632912f42471f855ceed094
29,2035581029,27,weight,proactive,True,True,True,False,5,7.106015,ab9f3b831b42d746cdf60f6ae376999df2fe0a87e49a7ba62f6224b32ee78460,8d03213b6d2ac328d6d03bd54252b8883dce32dbe632912f42471f855ceed094
29,2035581029,27,weight,timely_challenge,True,True,True,False,5,7.686529,ab9f3b831b42d746cdf60f6ae376999df2fe0a87e49a7ba62f6224b32ee78460,8d03213b6d2ac328d6d03bd54252b8883dce32dbe632912f42471f855ceed094
29,2035581029,27,weight,delayed_challenge,True,True,True,False,5,7.217945,ab9f3b831b42d746cdf60f6ae376999df2fe0a87e49a7ba62f6224b32ee78460,8d03213b6d2ac328d6d03bd54252b8883dce32dbe632912f42471f855ceed094
29,2035581029,27,reputation_state,no_trigger,False,False,False,True,0,0.000117,ab9f3b831b42d746cdf60f6ae376999df2fe0a87e49a7ba62f6224b32ee78460,3cf833c952041fc017365b1967b4d52daa1198f125de29bed425f59eda63037f
29,2035581029,27,reputation_state,proactive,True,True,True,False,5,7.594129,ab9f3b831b42d746cdf60f6ae376999df2fe0a87e49a7ba62f6224b32ee78460,3cf833c952041fc017365b1967b4d52daa1198f125de29bed425f59eda63037f
29,2035581029,27,reputation_state,timely_challenge,True,True,True,False,5,6.943254,ab9f3b831b42d746cdf60f6ae376999df2fe0a87e49a7ba62f6224b32ee78460,3cf833c952041fc017365b1967b4d52daa1198f125de29bed425f59eda63037f
29,2035581029,27,reputation_state,delayed_challenge,True,True,True,False,5,7.265497,ab9f3b831b42d746cdf60f6ae376999df2fe0a87e49a7ba62f6224b32ee78460,3cf833c952041fc017365b1967b4d52daa1198f125de29bed425f59eda63037f
29,2035581029,27,aggregate,no_trigger,False,False,False,True,0,0.000118,ab9f3b831b42d746cdf60f6ae376999df2fe0a87e49a7ba62f6224b32ee78460,5d6fdef794f36d9556a133ccaeeaa419c93c083f1d38131dd0ef4a7b5751afc5
29,2035581029,27,aggregate,proactive,True,True,True,False,5,7.332748,ab9f3b831b42d746cdf60f6ae376999df2fe0a87e49a7ba62f6224b32ee78460,5d6fdef794f36d9556a133ccaeeaa419c93c083f1d38131dd0ef4a7b5751afc5
29,2035581029,27,aggregate,timely_challenge,True,True,True,False,5,7.186066,ab9f3b831b42d746cdf60f6ae376999df2fe0a87e49a7ba62f6224b32ee78460,5d6fdef794f36d9556a133ccaeeaa419c93c083f1d38131dd0ef4a7b5751afc5
29,2035581029,27,aggregate,delayed_challenge,True,True,True,False,5,7.453941,ab9f3b831b42d746cdf60f6ae376999df2fe0a87e49a7ba62f6224b32ee78460,5d6fdef794f36d9556a133ccaeeaa419c93c083f1d38131dd0ef4a7b5751afc5
29,2035581029,27,payment,no_trigger,False,False,False,True,0,0.000129,ab9f3b831b42d746cdf60f6ae376999df2fe0a87e49a7ba62f6224b32ee78460,645a3c019132a78bad823309b922fb0e1c62e0fc26b0ac694052a87c25da5c68
29,2035581029,27,payment,proactive,True,True,True,False,5,7.437275,ab9f3b831b42d746cdf60f6ae376999df2fe0a87e49a7ba62f6224b32ee78460,645a3c019132a78bad823309b922fb0e1c62e0fc26b0ac694052a87c25da5c68
29,2035581029,27,payment,timely_challenge,True,True,True,False,5,7.686604,ab9f3b831b42d746cdf60f6ae376999df2fe0a87e49a7ba62f6224b32ee78460,645a3c019132a78bad823309b922fb0e1c62e0fc26b0ac694052a87c25da5c68
29,2035581029,27,payment,delayed_challenge,True,True,True,False,5,7.159625,ab9f3b831b42d746cdf60f6ae376999df2fe0a87e49a7ba62f6224b32ee78460,645a3c019132a78bad823309b922fb0e1c62e0fc26b0ac694052a87c25da5c68
29,2035581029,27,missing_package,no_trigger,False,False,False,True,0,0.000107,ab9f3b831b42d746cdf60f6ae376999df2fe0a87e49a7ba62f6224b32ee78460,MISSING
29,2035581029,27,missing_package,proactive,True,True,True,False,5,0.00093,ab9f3b831b42d746cdf60f6ae376999df2fe0a87e49a7ba62f6224b32ee78460,MISSING
29,2035581029,27,missing_package,timely_challenge,True,True,True,False,5,0.000416,ab9f3b831b42d746cdf60f6ae376999df2fe0a87e49a7ba62f6224b32ee78460,MISSING
29,2035581029,27,missing_package,delayed_challenge,True,True,True,False,5,0.000353,ab9f3b831b42d746cdf60f6ae376999df2fe0a87e49a7ba62f6224b32ee78460,MISSING
