protocol,n,dimension,payload_bytes,seed,audit_mode,offchain_active_ms,declared_wait_ms,offchain_final_ms,worker_ms,tp_sp_cloudA_ms,dr_cloudB_ms,rb_rc_ta_ms,auditor_ms,analytics_ms,crypto_and_protocol_ms,traffic_task_bytes,traffic_report_bytes,iterations,retained_count,valid,run
IRPP-TD,10,9,256,2026181000,normal,12.331781,0.0,12.331781,7.313228,0.573401,4.341845,0.0,0.0,2.30464,10.027141,86220,1568.0,6,10,True,0
BSIF,10,9,256,2026181000,normal,2571.433275,0.0,2571.433275,1833.748994,536.24453,201.356275,0.0,0.0,0.082341,2571.350934,155504,7324.0,1,10,True,0
RPPS-TDC,10,9,256,2026181000,normal,2796.271973,0.0,2796.271973,1825.49821,192.216347,725.243344,52.955814,0.0,475.785399,2320.486574,158184,6912.0,8,8,True,0
PRTD,10,9,256,2026181000,normal,6188.291351,0.0,6188.291351,3556.511813,1742.414121,848.204553,40.2077,0.0,380.685834,5807.605517,206540,7808.0,8,10,True,0
BSIF,10,9,256,2026181001,normal,2469.780049,0.0,2469.780049,1812.410641,515.994694,141.299933,0.0,0.0,0.081534,2469.698515,132272,7324.0,1,7,True,1
RPPS-TDC,10,9,256,2026181001,normal,2799.470418,0.0,2799.470418,1820.506878,193.661143,731.480322,53.488944,0.0,479.926538,2319.5438799999997,158184,6912.0,8,8,True,1
PRTD,10,9,256,2026181001,normal,6163.153957,0.0,6163.153957,3543.803386,1729.853268,847.418485,41.094627,0.0,381.923162,5781.230795,206540,7808.0,8,10,True,1
IRPP-TD,10,9,256,2026181001,normal,12.074782,0.0,12.074782,7.599203,0.544936,3.827266,0.0,0.0,1.944492,10.13029,86220,1568.0,6,10,True,1
RPPS-TDC,10,9,256,2026181002,normal,2809.163588,0.0,2809.163588,1830.871235,193.16624,731.841415,52.992092,0.0,480.005554,2329.158034,158184,6912.0,8,8,True,2
PRTD,10,9,256,2026181002,normal,6176.724315,0.0,6176.724315,3543.900707,1742.641517,848.992723,40.225864,0.0,381.671319,5795.052996,206540,7808.0,8,10,True,2
IRPP-TD,10,9,256,2026181002,normal,11.500459,0.0,11.500459,7.005513,0.552261,3.841188,0.0,0.0,1.956422,9.544037,86220,1568.0,7,10,True,2
BSIF,10,9,256,2026181002,normal,2491.338408,0.0,2491.338408,1824.559336,522.845115,143.853906,0.0,0.0,0.082449,2491.255959,132272,7324.0,1,7,True,2
PRTD,10,9,256,2026181003,normal,6157.283176,0.0,6157.283176,3532.107847,1733.67462,850.524222,40.065665,0.0,382.40363,5774.879546,206540,7808.0,8,10,True,3
IRPP-TD,10,9,256,2026181003,normal,12.533582,0.0,12.533582,7.951932,0.64798,3.826278,0.0,0.0,1.88732,10.646261999999998,86220,1568.0,6,10,True,3
BSIF,10,9,256,2026181003,normal,2557.141496,0.0,2557.141496,1823.98241,532.539376,200.54058,0.0,0.0,0.082382,2557.059114,155504,7324.0,1,10,True,3
RPPS-TDC,10,9,256,2026181003,normal,2794.329008,0.0,2794.329008,1818.200616,192.809373,729.732856,53.264238,0.0,478.317965,2316.011043,158184,6912.0,8,8,True,3
IRPP-TD,10,9,256,2026181004,normal,12.065939,0.0,12.065939,7.594647,0.551259,3.82503,0.0,0.0,1.84334,10.222599,86220,1568.0,6,10,True,4
BSIF,10,9,256,2026181004,normal,2561.637477,0.0,2561.637477,1825.335664,533.650853,202.567105,0.0,0.0,0.090464,2561.5470130000003,155504,7324.0,1,10,True,4
RPPS-TDC,10,9,256,2026181004,normal,2795.703687,0.0,2795.703687,1819.392205,193.095679,729.880452,53.006126,0.0,479.360112,2316.3435750000003,158184,6912.0,8,8,True,4
PRTD,10,9,256,2026181004,normal,6089.922249,0.0,6089.922249,3505.469299,1703.37807,839.972305,40.16978,0.0,377.891071,5712.031178,206540,7808.0,8,10,True,4
BSIF,10,9,256,2026181005,normal,2453.715424,0.0,2453.715424,1795.413192,517.311349,140.917088,0.0,0.0,0.083557,2453.631867,132272,7324.0,1,7,True,5
RPPS-TDC,10,9,256,2026181005,normal,2799.760957,0.0,2799.760957,1813.117565,192.879848,740.17177,53.252358,0.0,489.223159,2310.537798,158184,6912.0,8,8,True,5
PRTD,10,9,256,2026181005,normal,6161.543835,0.0,6161.543835,3540.024823,1731.147854,848.875433,40.559787,0.0,381.965712,5779.578123,206540,7808.0,8,10,True,5
IRPP-TD,10,9,256,2026181005,normal,12.477501,0.0,12.477501,7.908145,0.600051,3.859173,0.0,0.0,1.892039,10.585462,86220,1568.0,6,10,True,5
RPPS-TDC,10,9,256,2026181006,normal,2793.610809,0.0,2793.610809,1822.584924,192.707646,724.982835,53.043795,0.0,475.266084,2318.344725,158184,6912.0,8,8,True,6
PRTD,10,9,256,2026181006,normal,6103.628262,0.0,6103.628262,3506.605717,1716.440765,839.527378,40.079948,0.0,377.278917,5726.3493450000005,206540,7808.0,8,10,True,6
IRPP-TD,10,9,256,2026181006,normal,11.910664,0.0,11.910664,7.525893,0.555555,3.733408,0.0,0.0,1.942215,9.968449,86220,1568.0,6,10,True,6
BSIF,10,9,256,2026181006,normal,2446.041329,0.0,2446.041329,1795.11822,511.039521,139.801154,0.0,0.0,0.081257,2445.9600720000003,132272,7324.0,1,7,True,6
PRTD,10,9,256,2026181007,normal,6087.024706,0.0,6087.024706,3495.989279,1713.523321,836.471088,40.109846,0.0,376.21101,5710.813696,206540,7808.0,8,10,True,7
IRPP-TD,10,9,256,2026181007,normal,11.914508,0.0,11.914508,7.392851,0.548322,3.809667,0.0,0.0,1.992074,9.922433999999999,86220,1568.0,7,10,True,7
BSIF,10,9,256,2026181007,normal,2448.098254,0.0,2448.098254,1794.271505,513.853495,139.896634,0.0,0.0,0.082054,2448.0162,132272,7324.0,1,7,True,7
RPPS-TDC,10,9,256,2026181007,normal,2761.535163,0.0,2761.535163,1798.178007,191.164657,719.274568,52.601973,0.0,472.238944,2289.296219,158184,6912.0,8,8,True,7
IRPP-TD,10,9,256,2026181008,normal,12.039001,0.0,12.039001,7.615402,0.579312,3.74645,0.0,0.0,1.825387,10.213614,86220,1568.0,6,10,True,8
BSIF,10,9,256,2026181008,normal,2450.951276,0.0,2450.951276,1799.41485,511.666116,139.796831,0.0,0.0,0.079297,2450.8719789999996,132272,7324.0,1,7,True,8
RPPS-TDC,10,9,256,2026181008,normal,2761.701494,0.0,2761.701494,1798.556848,190.990593,719.426125,52.401339,0.0,472.23273,2289.4687639999997,158184,6912.0,8,8,True,8
PRTD,10,9,256,2026181008,normal,6161.160074,0.0,6161.160074,3542.849353,1732.831152,844.311255,40.204662,0.0,379.215578,5781.944496,206540,7808.0,8,10,True,8
BSIF,10,9,256,2026181009,normal,2525.131932,0.0,2525.131932,1799.003774,526.457518,199.589836,0.0,0.0,0.093282,2525.03865,155504,7324.0,1,10,True,9
RPPS-TDC,10,9,256,2026181009,normal,2775.210828,0.0,2775.210828,1804.055244,191.448166,725.900307,53.423064,0.0,477.085265,2298.125563,158184,6912.0,8,8,True,9
PRTD,10,9,256,2026181009,normal,6150.403538,0.0,6150.403538,3533.752007,1732.023798,843.107612,40.549559,0.0,379.148929,5771.254609,206540,7808.0,8,10,True,9
IRPP-TD,10,9,256,2026181009,normal,11.928598,0.0,11.928598,7.54045,0.556724,3.73,0.0,0.0,1.902767,10.025830999999998,86220,1568.0,6,10,True,9
RPPS-TDC,10,9,256,2026181010,normal,2762.42966,0.0,2762.42966,1801.465557,190.392308,717.621941,52.629461,0.0,471.222079,2291.2075809999997,158184,6912.0,8,8,True,10
PRTD,10,9,256,2026181010,normal,6099.63145,0.0,6099.63145,3505.012322,1715.902593,837.38763,40.342586,0.0,376.586184,5723.045266,206540,7808.0,8,10,True,10
IRPP-TD,10,9,256,2026181010,normal,11.482927,0.0,11.482927,7.026535,0.56797,3.78062,0.0,0.0,1.829064,9.653863,86220,1568.0,7,10,True,10
BSIF,10,9,256,2026181010,normal,2535.979906,0.0,2535.979906,1805.311039,529.909689,200.674507,0.0,0.0,0.102106,2535.8778,155504,7324.0,1,10,True,10
PRTD,10,9,256,2026181011,normal,5670.347474,0.0,5670.347474,3339.162104,1538.148988,751.861048,40.256181,0.0,335.996811,5334.350663,191868,7808.0,7,10,True,11
IRPP-TD,10,9,256,2026181011,normal,12.225567,0.0,12.225567,7.717702,0.599848,3.792317,0.0,0.0,1.861952,10.363615,86220,1568.0,6,10,True,11
BSIF,10,9,256,2026181011,normal,2566.15398,0.0,2566.15398,1829.659479,534.160564,202.252549,0.0,0.0,0.080855,2566.073125,155504,7324.0,1,10,True,11
RPPS-TDC,10,9,256,2026181011,normal,2811.984332,0.0,2811.984332,1834.655994,195.338394,728.355723,53.279805,0.0,477.092385,2334.891947,158184,6912.0,8,8,True,11
IRPP-TD,10,9,256,2026181012,normal,12.485032,0.0,12.485032,7.906191,0.564931,3.915363,0.0,0.0,2.090936,10.394096000000001,86220,1568.0,6,10,True,12
BSIF,10,9,256,2026181012,normal,2475.864713,0.0,2475.864713,1821.147742,514.168703,140.474718,0.0,0.0,0.081438,2475.783275,132272,7324.0,1,7,True,12
RPPS-TDC,10,9,256,2026181012,normal,2778.250565,0.0,2778.250565,1808.974397,192.057516,724.101714,52.79276,0.0,475.157481,2303.0930839999996,158184,6912.0,8,8,True,12
PRTD,10,9,256,2026181012,normal,6139.863942,0.0,6139.863942,3527.404697,1725.69528,845.396201,40.370738,0.0,380.373076,5759.490866,206540,7808.0,8,10,True,12
BSIF,10,9,256,2026181013,normal,2463.201835,0.0,2463.201835,1803.874963,517.704245,141.546011,0.0,0.0,0.091068,2463.1107669999997,132272,7324.0,1,7,True,13
RPPS-TDC,10,9,256,2026181013,normal,2770.298349,0.0,2770.298349,1805.741842,191.503777,720.003531,52.727058,0.0,472.207988,2298.090361,158184,6912.0,8,8,True,13
PRTD,10,9,256,2026181013,normal,6011.52552,0.0,6011.52552,3468.183658,1675.843317,826.862853,39.478964,0.0,373.024968,5638.500552,206540,7808.0,8,10,True,13
IRPP-TD,10,9,256,2026181013,normal,11.335372,0.0,11.335372,6.949039,0.572691,3.706981,0.0,0.0,1.802039,9.533332999999999,86220,1568.0,6,10,True,13
RPPS-TDC,10,9,256,2026181014,normal,2705.560201,0.0,2705.560201,1765.932159,186.253396,701.939131,51.149428,0.0,460.879932,2244.680269,158184,6912.0,8,8,True,14
PRTD,10,9,256,2026181014,normal,6151.058655,0.0,6151.058655,3527.783635,1732.39797,849.766795,40.093827,0.0,380.08226,5770.976395,206540,7808.0,8,10,True,14
IRPP-TD,10,9,256,2026181014,normal,12.428746,0.0,12.428746,7.789355,0.558262,3.970569,0.0,0.0,2.060142,10.368604000000001,86220,1568.0,6,10,True,14
BSIF,10,9,256,2026181014,normal,2472.658866,0.0,2472.658866,1815.728975,516.16948,140.681123,0.0,0.0,0.081786,2472.57708,132272,7324.0,1,7,True,14
PRTD,10,9,256,2026181015,normal,6099.036486,0.0,6099.036486,3511.61486,1709.740654,836.789208,40.015342,0.0,377.048212,5721.988274,206540,7808.0,8,10,True,15
IRPP-TD,10,9,256,2026181015,normal,11.976698,0.0,11.976698,7.548489,0.563173,3.764252,0.0,0.0,1.858816,10.117882000000002,86220,1568.0,6,10,True,15
BSIF,10,9,256,2026181015,normal,2443.971591,0.0,2443.971591,1794.576931,509.697897,139.612147,0.0,0.0,0.079004,2443.892587,132272,7324.0,1,7,True,15
RPPS-TDC,10,9,256,2026181015,normal,2752.559357,0.0,2752.559357,1791.260125,190.481956,718.113094,52.393586,0.0,471.346739,2281.212618,158184,6912.0,8,8,True,15
IRPP-TD,10,9,256,2026181016,normal,11.959218,0.0,11.959218,7.640204,0.552105,3.64366,0.0,0.0,1.79431,10.164908,86220,1568.0,7,10,True,16
BSIF,10,9,256,2026181016,normal,2443.648168,0.0,2443.648168,1792.988596,510.907132,139.671903,0.0,0.0,0.105795,2443.542373,132272,7324.0,1,7,True,16
RPPS-TDC,10,9,256,2026181016,normal,2753.565473,0.0,2753.565473,1792.842883,190.487413,717.403595,52.494788,0.0,471.078586,2282.486887,158184,6912.0,8,8,True,16
PRTD,10,9,256,2026181016,normal,6085.269918,0.0,6085.269918,3493.706292,1714.234021,836.358041,40.015063,0.0,375.851221,5709.418697,206540,7808.0,8,10,True,16
BSIF,10,9,256,2026181017,normal,2524.741813,0.0,2524.741813,1798.857661,526.199403,199.609881,0.0,0.0,0.07828,2524.663533,155504,7324.0,1,10,True,17
RPPS-TDC,10,9,256,2026181017,normal,2768.544801,0.0,2768.544801,1791.054254,191.296588,733.696331,52.196387,0.0,487.070126,2281.474675,158184,6912.0,8,8,True,17
PRTD,10,9,256,2026181017,normal,6089.440262,0.0,6089.440262,3499.223369,1713.404266,835.813818,40.059525,0.0,375.803101,5713.637161,206540,7808.0,8,10,True,17
IRPP-TD,10,9,256,2026181017,normal,11.989165,0.0,11.989165,7.548263,0.56827,3.76355,0.0,0.0,1.882107,10.107058,86220,1568.0,6,10,True,17
RPPS-TDC,10,9,256,2026181018,normal,2769.755488,0.0,2769.755488,1792.896614,190.822651,733.318395,52.424489,0.0,486.7395,2283.0159879999997,158184,6912.0,8,8,True,18
PRTD,10,9,256,2026181018,normal,6127.195795,0.0,6127.195795,3517.876904,1727.608431,840.829941,39.897314,0.0,378.437492,5748.758303,206540,7808.0,8,10,True,18
IRPP-TD,10,9,256,2026181018,normal,12.08167,0.0,12.08167,7.442392,0.613167,3.925224,0.0,0.0,1.988006,10.093664,86220,1568.0,6,10,True,18
BSIF,10,9,256,2026181018,normal,2519.754019,0.0,2519.754019,1794.143217,526.300053,199.226505,0.0,0.0,0.08232,2519.671699,155504,7324.0,1,10,True,18
PRTD,10,9,256,2026181019,normal,6088.976304,0.0,6088.976304,3496.489276,1715.851066,835.517559,40.214453,0.0,375.12645,5713.849854,206540,7808.0,8,10,True,19
IRPP-TD,10,9,256,2026181019,normal,11.4513,0.0,11.4513,7.002118,0.54296,3.802954,0.0,0.0,1.993141,9.458159,86220,1568.0,6,10,True,19
BSIF,10,9,256,2026181019,normal,2458.295437,0.0,2458.295437,1805.582333,511.981161,140.615816,0.0,0.0,0.084575,2458.2108620000004,132272,7324.0,1,7,True,19
RPPS-TDC,10,9,256,2026181019,normal,2793.333743,0.0,2793.333743,1817.132209,193.260737,729.359659,53.219622,0.0,479.232081,2314.101662,158184,6912.0,8,8,True,19
IRPP-TD,10,9,256,2026181020,normal,12.294892,0.0,12.294892,7.738611,0.550552,3.907499,0.0,0.0,1.877523,10.417369,86220,1568.0,6,10,True,20
BSIF,10,9,256,2026181020,normal,2488.466333,0.0,2488.466333,1824.260364,520.845551,143.237893,0.0,0.0,0.084095,2488.3822379999997,132272,7324.0,1,7,True,20
RPPS-TDC,10,9,256,2026181020,normal,2803.105781,0.0,2803.105781,1817.02044,194.583332,737.100981,54.048092,0.0,484.460376,2318.645405,158184,6912.0,8,8,True,20
PRTD,10,9,256,2026181020,normal,6217.750124,0.0,6217.750124,3588.882687,1739.806514,847.523567,40.489891,0.0,380.777097,5836.973027,206540,7808.0,8,10,True,20
BSIF,10,9,256,2026181021,normal,2479.829451,0.0,2479.829451,1815.350504,521.248932,143.154948,0.0,0.0,0.080786,2479.748665,132272,7324.0,1,7,True,21
RPPS-TDC,10,9,256,2026181021,normal,2776.273597,0.0,2776.273597,1814.864411,190.569737,717.983162,52.524175,0.0,471.404073,2304.8695239999997,158184,6912.0,8,8,True,21
PRTD,10,9,256,2026181021,normal,6143.186699,0.0,6143.186699,3520.497731,1734.021845,847.208949,40.497725,0.0,381.478633,5761.708066,206540,7808.0,8,10,True,21
IRPP-TD,10,9,256,2026181021,normal,11.949251,0.0,11.949251,7.174297,0.561359,4.102675,0.0,0.0,2.212167,9.737084,86220,1568.0,6,10,True,21
RPPS-TDC,10,9,256,2026181022,normal,2795.052269,0.0,2795.052269,1825.570249,191.859195,724.501298,52.750219,0.0,475.659028,2319.3932409999998,158184,6912.0,8,8,True,22
PRTD,10,9,256,2026181022,normal,6175.457422,0.0,6175.457422,3545.958491,1738.445798,849.873444,40.186373,0.0,382.393285,5793.064137,206540,7808.0,8,10,True,22
IRPP-TD,10,9,256,2026181022,normal,11.826021,0.0,11.826021,7.522835,0.545064,3.66074,0.0,0.0,1.836149,9.989872,86220,1568.0,6,10,True,22
BSIF,10,9,256,2026181022,normal,2453.42157,0.0,2453.42157,1796.624587,515.70295,141.006291,0.0,0.0,0.082381,2453.339189,132272,7324.0,1,7,True,22
PRTD,10,9,256,2026181023,normal,6188.686034,0.0,6188.686034,3552.261799,1740.862854,854.083864,40.338187,0.0,385.16574,5803.520294,206540,7808.0,8,10,True,23
IRPP-TD,10,9,256,2026181023,normal,11.428203,0.0,11.428203,6.970428,0.552148,3.799358,0.0,0.0,1.95237,9.475833,86220,1568.0,6,10,True,23
BSIF,10,9,256,2026181023,normal,2542.480581,0.0,2542.480581,1808.660416,530.721336,203.005179,0.0,0.0,0.088143,2542.392438,155504,7324.0,1,10,True,23
RPPS-TDC,10,9,256,2026181023,normal,2781.630196,0.0,2781.630196,1808.474949,191.798131,728.014544,53.009855,0.0,476.805147,2304.825049,158184,6912.0,8,8,True,23
IRPP-TD,10,9,256,2026181024,normal,11.930298,0.0,11.930298,7.588608,0.563669,3.672186,0.0,0.0,1.816494,10.113804,86220,1568.0,6,10,True,24
BSIF,10,9,256,2026181024,normal,2496.188679,0.0,2496.188679,1844.092719,511.795098,140.207215,0.0,0.0,0.101451,2496.087228,132272,7324.0,1,7,True,24
RPPS-TDC,10,9,256,2026181024,normal,2764.385432,0.0,2764.385432,1796.050249,192.317581,723.123352,52.595483,0.0,473.529985,2290.855447,158184,6912.0,8,8,True,24
PRTD,10,9,256,2026181024,normal,6149.4654,0.0,6149.4654,3536.092936,1727.998597,843.773465,40.599406,0.0,379.542482,5769.922918,206540,7808.0,8,10,True,24
BSIF,10,9,256,2026181025,normal,2526.222277,0.0,2526.222277,1791.27955,530.821795,204.042944,0.0,0.0,0.081693,2526.1405839999998,155504,7324.0,1,10,True,25
RPPS-TDC,10,9,256,2026181025,normal,2767.591539,0.0,2767.591539,1811.081377,189.672628,714.170455,52.295911,0.0,468.838658,2298.752881,158184,6912.0,8,8,True,25
PRTD,10,9,256,2026181025,normal,6206.507056,0.0,6206.507056,3547.75084,1756.342043,860.524935,40.751329,0.0,385.419694,5821.087362,206540,7808.0,8,10,True,25
IRPP-TD,10,9,256,2026181025,normal,12.062327,0.0,12.062327,7.340824,0.56785,4.029972,0.0,0.0,1.982934,10.079393,86220,1568.0,7,10,True,25
RPPS-TDC,10,9,256,2026181026,normal,2806.8249,0.0,2806.8249,1833.99919,193.069425,726.05935,53.342458,0.0,476.401979,2330.4229210000003,158184,6912.0,8,8,True,26
PRTD,10,9,256,2026181026,normal,6158.246877,0.0,6158.246877,3541.403215,1730.623534,844.242602,40.947494,0.0,379.333675,5778.913202,206540,7808.0,8,10,True,26
IRPP-TD,10,9,256,2026181026,normal,12.411037,0.0,12.411037,7.687665,0.56767,4.052208,0.0,0.0,2.004973,10.406064,86220,1568.0,6,10,True,26
BSIF,10,9,256,2026181026,normal,2477.180924,0.0,2477.180924,1819.17318,517.032497,140.897948,0.0,0.0,0.085266,2477.0956579999997,132272,7324.0,1,7,True,26
PRTD,10,9,256,2026181027,normal,6187.941147,0.0,6187.941147,3560.554417,1737.207939,848.227401,40.921696,0.0,381.716356,5806.224791,206540,7808.0,8,10,True,27
IRPP-TD,10,9,256,2026181027,normal,11.800974,0.0,11.800974,7.187218,0.57318,3.913371,0.0,0.0,1.96299,9.837984,86220,1568.0,6,10,True,27
BSIF,10,9,256,2026181027,normal,2494.328501,0.0,2494.328501,1837.35088,515.243765,141.627547,0.0,0.0,0.081517,2494.246984,132272,7324.0,1,7,True,27
RPPS-TDC,10,9,256,2026181027,normal,2788.074688,0.0,2788.074688,1810.083822,192.695979,731.637277,53.299266,0.0,480.297057,2307.777631,158184,6912.0,8,8,True,27
IRPP-TD,10,9,256,2026181028,normal,12.150188,0.0,12.150188,7.797179,0.553959,3.696562,0.0,0.0,1.844754,10.305434,86220,1568.0,6,10,True,28
BSIF,10,9,256,2026181028,normal,2549.231188,0.0,2549.231188,1814.499201,531.833331,202.809969,0.0,0.0,0.080964,2549.150224,155504,7324.0,1,10,True,28
RPPS-TDC,10,9,256,2026181028,normal,2784.773266,0.0,2784.773266,1810.361946,193.821874,726.645513,53.56221,0.0,475.71935,2309.0539160000003,158184,6912.0,8,8,True,28
PRTD,10,9,256,2026181028,normal,6171.739904,0.0,6171.739904,3554.506172,1726.358595,848.895162,40.941011,0.0,379.266198,5792.473706,206540,7808.0,8,10,True,28
BSIF,10,9,256,2026181029,normal,2484.207116,0.0,2484.207116,1822.952956,519.337955,141.843916,0.0,0.0,0.079788,2484.127328,132272,7324.0,1,7,True,29
RPPS-TDC,10,9,256,2026181029,normal,2776.715057,0.0,2776.715057,1813.488937,190.384153,719.975334,52.527927,0.0,472.321428,2304.3936289999997,158184,6912.0,8,8,True,29
PRTD,10,9,256,2026181029,normal,6092.23321,0.0,6092.23321,3498.461601,1716.172291,836.619751,40.089951,0.0,376.13356,5716.09965,206540,7808.0,8,10,True,29
IRPP-TD,10,9,256,2026181029,normal,12.039425,0.0,12.039425,7.530028,0.548716,3.861083,0.0,0.0,1.938525,10.1009,86220,1568.0,7,10,True,29
IRPP-TD,20,9,256,2026281000,normal,31.551334,0.0,31.551334,23.844479,1.107773,6.452172,0.0,0.0,3.019731,28.531603,211480,1568.0,6,20,True,0
BSIF,20,9,256,2026281000,normal,4898.354414,0.0,4898.354414,3593.722704,1025.328096,279.1834,0.0,0.0,0.097667,4898.256747,264480,7324.0,1,14,True,0
RPPS-TDC,20,9,256,2026281000,normal,5323.19812,0.0,5323.19812,3605.363277,201.355252,1409.72999,106.178333,0.0,957.004014,4366.194106,309328,6912.0,8,16,True,0
PRTD,20,9,256,2026281000,normal,10342.938523,0.0,10342.938523,6993.357026,1975.959619,1292.280741,80.031571,0.0,376.270422,9966.668101000001,357300,7808.0,8,20,True,0
BSIF,20,9,256,2026281001,normal,5047.940828,0.0,5047.940828,3594.502277,1053.418396,399.90163,0.0,0.0,0.078176,5047.862652,310944,7324.0,1,20,True,1
RPPS-TDC,20,9,256,2026281001,normal,5285.057667,0.0,5285.057667,3591.91537,200.09511,1387.918392,104.58335,0.0,941.929421,4343.128246,309328,6912.0,8,16,True,1
PRTD,20,9,256,2026281001,normal,10356.119599,0.0,10356.119599,7003.801255,1980.557299,1290.248032,80.240058,0.0,375.099886,9981.019713,357300,7808.0,8,20,True,1
IRPP-TD,20,9,256,2026281001,normal,32.615202,0.0,32.615202,24.669133,1.100428,6.668314,0.0,0.0,3.124715,29.490486999999995,211480,1568.0,6,20,True,1
RPPS-TDC,20,9,256,2026281002,normal,5279.399117,0.0,5279.399117,3585.049269,200.553124,1388.749473,104.528544,0.0,942.194255,4337.204862,309328,6912.0,8,16,True,2
PRTD,20,9,256,2026281002,normal,10359.906653,0.0,10359.906653,7006.8846,1980.744877,1290.317014,80.592832,0.0,375.226657,9984.679996,357300,7808.0,8,20,True,2
IRPP-TD,20,9,256,2026281002,normal,32.32366,0.0,32.32366,24.484411,1.107202,6.548845,0.0,0.0,3.014489,29.309170999999996,211480,1568.0,6,20,True,2
BSIF,20,9,256,2026281002,normal,4901.331872,0.0,4901.331872,3589.026452,1029.163797,283.006774,0.0,0.0,0.096266,4901.235606,264480,7324.0,1,14,True,2
PRTD,20,9,256,2026281003,normal,10446.188085,0.0,10446.188085,7067.09892,1998.05253,1298.753157,80.928192,0.0,377.725962,10068.462123,357300,7808.0,8,20,True,3
IRPP-TD,20,9,256,2026281003,normal,32.696876,0.0,32.696876,24.529231,1.135642,6.848282,0.0,0.0,3.124806,29.572070000000004,211480,1568.0,7,20,True,3
BSIF,20,9,256,2026281003,normal,5099.558821,0.0,5099.558821,3625.334341,1064.751865,409.35148,0.0,0.0,0.086368,5099.472452999999,310944,7324.0,1,20,True,3
RPPS-TDC,20,9,256,2026281003,normal,5299.485335,0.0,5299.485335,3592.915872,205.160839,1394.127554,106.713568,0.0,940.350557,4359.134778000001,309328,6912.0,9,16,True,3
IRPP-TD,20,9,256,2026281004,normal,33.488646,0.0,33.488646,25.10255,1.14571,7.050746,0.0,0.0,3.245471,30.243175,211480,1568.0,6,20,True,4
BSIF,20,9,256,2026281004,normal,5130.423873,0.0,5130.423873,3658.987785,1062.774277,408.538546,0.0,0.0,0.084877,5130.3389959999995,310944,7324.0,1,20,True,4
RPPS-TDC,20,9,256,2026281004,normal,5323.274317,0.0,5323.274317,3631.589469,200.350532,1386.35799,104.384094,0.0,939.745286,4383.529031,309328,6912.0,8,16,True,4
PRTD,20,9,256,2026281004,normal,10418.021036,0.0,10418.021036,7023.348995,2005.522853,1305.960653,81.856067,0.0,381.304317,10036.716719,357300,7808.0,8,20,True,4
BSIF,20,9,256,2026281005,normal,5078.8713,0.0,5078.8713,3620.143745,1060.254273,398.351251,0.0,0.0,0.085341,5078.785959,310944,7324.0,1,20,True,5
RPPS-TDC,20,9,256,2026281005,normal,5277.177842,0.0,5277.177842,3584.878572,200.714907,1386.551111,104.451704,0.0,940.534388,4336.643454,309328,6912.0,8,16,True,5
PRTD,20,9,256,2026281005,normal,10341.7775,0.0,10341.7775,6992.199104,1977.611575,1290.166972,80.533061,0.0,375.432018,9966.345482,357300,7808.0,8,20,True,5
IRPP-TD,20,9,256,2026281005,normal,32.633842,0.0,32.633842,24.6297,1.095805,6.72047,0.0,0.0,3.133997,29.499845,211480,1568.0,7,20,True,5
RPPS-TDC,20,9,256,2026281006,normal,5345.209686,0.0,5345.209686,3632.579062,205.644612,1400.901948,105.487599,0.0,951.251842,4393.9578440000005,309328,6912.0,8,16,True,6
PRTD,20,9,256,2026281006,normal,10373.343958,0.0,10373.343958,7002.015565,1991.868171,1295.505327,82.527452,0.0,376.778006,9996.565951999999,357300,7808.0,8,20,True,6
IRPP-TD,20,9,256,2026281006,normal,32.148408,0.0,32.148408,24.015383,1.126317,6.761261,0.0,0.0,3.224174,28.924234000000002,211480,1568.0,6,20,True,6
BSIF,20,9,256,2026281006,normal,4929.806213,0.0,4929.806213,3617.896818,1029.582784,282.194112,0.0,0.0,0.081722,4929.724491,264480,7324.0,1,14,True,6
PRTD,20,9,256,2026281007,normal,10403.528815,0.0,10403.528815,7038.642794,1989.088812,1294.179989,80.286884,0.0,376.86055,10026.668265,357300,7808.0,8,20,True,7
IRPP-TD,20,9,256,2026281007,normal,32.637742,0.0,32.637742,24.702111,1.122164,6.638888,0.0,0.0,3.090102,29.54764,211480,1568.0,6,20,True,7
BSIF,20,9,256,2026281007,normal,4951.397433,0.0,4951.397433,3629.429041,1038.347887,283.495128,0.0,0.0,0.084993,4951.31244,264480,7324.0,1,14,True,7
RPPS-TDC,20,9,256,2026281007,normal,5279.491312,0.0,5279.491312,3585.053072,200.738686,1388.588438,104.546393,0.0,942.970749,4336.520563,309328,6912.0,8,16,True,7
IRPP-TD,20,9,256,2026281008,normal,32.491114,0.0,32.491114,24.603329,1.116299,6.602583,0.0,0.0,3.00635,29.484764000000002,211480,1568.0,7,20,True,8
BSIF,20,9,256,2026281008,normal,4920.851307,0.0,4920.851307,3608.293133,1031.800801,280.628408,0.0,0.0,0.10207,4920.749237,264480,7324.0,1,14,True,8
RPPS-TDC,20,9,256,2026281008,normal,5337.263392,0.0,5337.263392,3627.053326,203.024881,1400.152324,106.412165,0.0,949.686204,4387.577188,309328,6912.0,8,16,True,8
PRTD,20,9,256,2026281008,normal,10457.608112,0.0,10457.608112,7073.134994,1998.914937,1303.719611,80.318557,0.0,379.430258,10078.177854,357300,7808.0,8,20,True,8
BSIF,20,9,256,2026281009,normal,5089.322195,0.0,5089.322195,3624.176562,1062.814142,402.21165,0.0,0.0,0.084298,5089.237897,310944,7324.0,1,20,True,9
RPPS-TDC,20,9,256,2026281009,normal,5314.131969,0.0,5314.131969,3621.636845,201.186007,1385.703982,105.018318,0.0,940.196047,4373.935922,309328,6912.0,8,16,True,9
PRTD,20,9,256,2026281009,normal,10349.69556,0.0,10349.69556,6994.068926,1981.605536,1292.490769,80.196388,0.0,375.90731,9973.78825,357300,7808.0,8,20,True,9
IRPP-TD,20,9,256,2026281009,normal,33.012897,0.0,33.012897,24.977992,1.126898,6.710694,0.0,0.0,3.115236,29.897661000000003,211480,1568.0,6,20,True,9
RPPS-TDC,20,9,256,2026281010,normal,5283.678955,0.0,5283.678955,3591.056297,200.210946,1387.374934,104.497186,0.0,941.380887,4342.298068,309328,6912.0,8,16,True,10
PRTD,20,9,256,2026281010,normal,10371.756755,0.0,10371.756755,7021.342558,1971.201062,1296.828914,81.051814,0.0,377.007725,9994.74903,357300,7808.0,8,20,True,10
IRPP-TD,20,9,256,2026281010,normal,33.554754,0.0,33.554754,24.93967,1.143142,7.265687,0.0,0.0,3.4118,30.142954000000003,211480,1568.0,6,20,True,10
BSIF,20,9,256,2026281010,normal,5091.264963,0.0,5091.264963,3629.113207,1059.878613,402.124434,0.0,0.0,0.082234,5091.182728999999,310944,7324.0,1,20,True,10
PRTD,20,9,256,2026281011,normal,10482.706877,0.0,10482.706877,7084.015527,2009.913856,1307.020481,80.426718,0.0,380.671079,10102.035798,357300,7808.0,8,20,True,11
IRPP-TD,20,9,256,2026281011,normal,32.036577,0.0,32.036577,24.117613,1.134086,6.611679,0.0,0.0,3.017298,29.019279,211480,1568.0,6,20,True,11
BSIF,20,9,256,2026281011,normal,4945.145036,0.0,4945.145036,3627.437679,1031.896484,285.678953,0.0,0.0,0.124348,4945.020688,264480,7324.0,1,14,True,11
RPPS-TDC,20,9,256,2026281011,normal,5322.344382,0.0,5322.344382,3627.523086,200.648004,1388.926525,104.6341,0.0,942.891848,4379.452534,309328,6912.0,8,16,True,11
IRPP-TD,20,9,256,2026281012,normal,32.381,0.0,32.381,24.533405,1.103702,6.57891,0.0,0.0,2.918031,29.462969,211480,1568.0,6,20,True,12
BSIF,20,9,256,2026281012,normal,4937.876728,0.0,4937.876728,3620.885744,1031.563043,285.28048,0.0,0.0,0.083237,4937.793491,264480,7324.0,1,14,True,12
RPPS-TDC,20,9,256,2026281012,normal,5342.70379,0.0,5342.70379,3630.803008,203.160206,1401.679994,106.410049,0.0,950.298613,4392.405177,309328,6912.0,8,16,True,12
PRTD,20,9,256,2026281012,normal,10455.408133,0.0,10455.408133,7060.355221,2005.922373,1306.112892,81.613297,0.0,379.687468,10075.720665,357300,7808.0,8,20,True,12
BSIF,20,9,256,2026281013,normal,5099.649813,0.0,5099.649813,3628.022333,1065.823269,405.684205,0.0,0.0,0.091741,5099.558072,310944,7324.0,1,20,True,13
RPPS-TDC,20,9,256,2026281013,normal,5338.801204,0.0,5338.801204,3627.993376,200.639888,1404.261513,105.298995,0.0,955.254259,4383.546945,309328,6912.0,8,16,True,13
PRTD,20,9,256,2026281013,normal,10345.709861,0.0,10345.709861,6996.930267,1976.270095,1291.056665,80.167632,0.0,375.502052,9970.207809,357300,7808.0,8,20,True,13
IRPP-TD,20,9,256,2026281013,normal,32.410355,0.0,32.410355,24.652174,1.089755,6.49564,0.0,0.0,2.912706,29.497649000000003,211480,1568.0,6,20,True,13
RPPS-TDC,20,9,256,2026281014,normal,5282.121642,0.0,5282.121642,3588.654143,200.861787,1387.48542,104.589997,0.0,941.575225,4340.546417,309328,6912.0,9,16,True,14
PRTD,20,9,256,2026281014,normal,10379.67295,0.0,10379.67295,7011.824905,1990.060599,1295.879305,80.473981,0.0,375.854309,10003.818641,357300,7808.0,8,20,True,14
IRPP-TD,20,9,256,2026281014,normal,32.58758,0.0,32.58758,24.602953,1.110898,6.692429,0.0,0.0,3.197861,29.389719000000003,211480,1568.0,7,20,True,14
BSIF,20,9,256,2026281014,normal,4949.896948,0.0,4949.896948,3649.423827,1020.736271,279.617546,0.0,0.0,0.082812,4949.814136,264480,7324.0,1,14,True,14
PRTD,20,9,256,2026281015,normal,10435.535205,0.0,10435.535205,7039.494443,2004.35816,1309.624923,80.743875,0.0,381.341695,10054.193510000001,357300,7808.0,8,20,True,15
IRPP-TD,20,9,256,2026281015,normal,32.528346,0.0,32.528346,24.742574,1.08808,6.518198,0.0,0.0,3.105204,29.423142,211480,1568.0,6,20,True,15
BSIF,20,9,256,2026281015,normal,4947.528329,0.0,4947.528329,3619.089101,1042.97037,285.343888,0.0,0.0,0.084021,4947.444308,264480,7324.0,1,14,True,15
RPPS-TDC,20,9,256,2026281015,normal,5325.533378,0.0,5325.533378,3618.036167,201.378155,1400.679943,104.846038,0.0,952.33385,4373.199528,309328,6912.0,8,16,True,15
IRPP-TD,20,9,256,2026281016,normal,34.321665,0.0,34.321665,26.229499,1.110992,6.797397,0.0,0.0,3.170648,31.151017000000003,211480,1568.0,6,20,True,16
BSIF,20,9,256,2026281016,normal,5104.691508,0.0,5104.691508,3638.166948,1062.886745,403.514397,0.0,0.0,0.082881,5104.608627,310944,7324.0,1,20,True,16
RPPS-TDC,20,9,256,2026281016,normal,5332.472797,0.0,5332.472797,3621.519565,201.369794,1402.219477,106.769279,0.0,952.626032,4379.846765,309328,6912.0,8,16,True,16
PRTD,20,9,256,2026281016,normal,10363.117283,0.0,10363.117283,7001.836179,1985.040957,1293.57781,81.363203,0.0,376.326126,9986.791157,357300,7808.0,8,20,True,16
BSIF,20,9,256,2026281017,normal,4961.988078,0.0,4961.988078,3646.370731,1032.427173,283.069137,0.0,0.0,0.08212,4961.905958,264480,7324.0,1,14,True,17
RPPS-TDC,20,9,256,2026281017,normal,5352.588711,0.0,5352.588711,3632.665671,202.205514,1409.691664,107.381418,0.0,956.127865,4396.460846,309328,6912.0,9,16,True,17
PRTD,20,9,256,2026281017,normal,10428.576979,0.0,10428.576979,7052.246647,1992.173423,1301.024325,81.800029,0.0,378.395329,10050.181649999999,357300,7808.0,8,20,True,17
IRPP-TD,20,9,256,2026281017,normal,33.452969,0.0,33.452969,25.250998,1.243691,6.773503,0.0,0.0,3.03168,30.421289,211480,1568.0,7,20,True,17
RPPS-TDC,20,9,256,2026281018,normal,5349.582496,0.0,5349.582496,3634.954001,203.04485,1404.825719,106.181461,0.0,954.54185,4395.040646,309328,6912.0,8,16,True,18
PRTD,20,9,256,2026281018,normal,10424.747649,0.0,10424.747649,7026.882041,2002.42548,1310.345374,83.763444,0.0,380.997224,10043.750425,357300,7808.0,8,20,True,18
IRPP-TD,20,9,256,2026281018,normal,33.402319,0.0,33.402319,25.057702,1.104265,7.037619,0.0,0.0,3.402234,30.000085,211480,1568.0,6,20,True,18
BSIF,20,9,256,2026281018,normal,4943.553556,0.0,4943.553556,3622.220155,1039.988967,281.220616,0.0,0.0,0.081332,4943.472224,264480,7324.0,1,14,True,18
PRTD,20,9,256,2026281019,normal,10341.34299,0.0,10341.34299,6985.447538,1982.437033,1291.19161,80.961341,0.0,375.924313,9965.418677,357300,7808.0,8,20,True,19
IRPP-TD,20,9,256,2026281019,normal,32.746642,0.0,32.746642,24.723015,1.151006,6.666881,0.0,0.0,3.094568,29.652074000000002,211480,1568.0,6,20,True,19
BSIF,20,9,256,2026281019,normal,4900.596129,0.0,4900.596129,3589.518129,1023.28366,287.652935,0.0,0.0,0.086286,4900.509843,264480,7324.0,1,14,True,19
RPPS-TDC,20,9,256,2026281019,normal,5348.633446,0.0,5348.633446,3639.920585,203.263326,1398.944862,105.849345,0.0,949.015895,4399.617550999999,309328,6912.0,8,16,True,19
IRPP-TD,20,9,256,2026281020,normal,33.022126,0.0,33.022126,24.816641,1.104531,6.923821,0.0,0.0,3.32682,29.695306,211480,1568.0,6,20,True,20
BSIF,20,9,256,2026281020,normal,4894.288976,0.0,4894.288976,3594.726948,1020.669813,278.747112,0.0,0.0,0.089557,4894.199419,264480,7324.0,1,14,True,20
RPPS-TDC,20,9,256,2026281020,normal,5314.661387,0.0,5314.661387,3603.031116,203.377741,1402.199327,105.467747,0.0,951.771833,4362.889554,309328,6912.0,8,16,True,20
PRTD,20,9,256,2026281020,normal,10384.62411,0.0,10384.62411,7014.405291,1990.6835,1296.879393,81.259609,0.0,377.540024,10007.084086,357300,7808.0,8,20,True,20
BSIF,20,9,256,2026281021,normal,4962.234364,0.0,4962.234364,3641.596611,1035.226303,285.28597,0.0,0.0,0.082745,4962.151619,264480,7324.0,1,14,True,21
RPPS-TDC,20,9,256,2026281021,normal,5358.904302,0.0,5358.904302,3620.03578,201.346772,1431.074472,105.8387,0.0,980.31772,4378.586582,309328,6912.0,8,16,True,21
PRTD,20,9,256,2026281021,normal,10472.772774,0.0,10472.772774,7080.355598,2004.144954,1305.46373,81.380146,0.0,379.415452,10093.357322,357300,7808.0,8,20,True,21
IRPP-TD,20,9,256,2026281021,normal,33.673233,0.0,33.673233,25.36869,1.137601,6.971942,0.0,0.0,3.260909,30.412324000000005,211480,1568.0,6,20,True,21
RPPS-TDC,20,9,256,2026281022,normal,5353.139878,0.0,5353.139878,3632.729732,202.596682,1411.669522,105.589405,0.0,958.991218,4394.14866,309328,6912.0,8,16,True,22
PRTD,20,9,256,2026281022,normal,10487.095568,0.0,10487.095568,7091.371501,2005.621383,1307.266702,81.422056,0.0,381.397258,10105.69831,357300,7808.0,8,20,True,22
IRPP-TD,20,9,256,2026281022,normal,33.118305,0.0,33.118305,24.879926,1.109108,6.945915,0.0,0.0,3.062625,30.05568,211480,1568.0,6,20,True,22
BSIF,20,9,256,2026281022,normal,4945.431936,0.0,4945.431936,3617.227131,1042.238367,285.849638,0.0,0.0,0.082934,4945.349002,264480,7324.0,1,14,True,22
PRTD,20,9,256,2026281023,normal,10444.717317,0.0,10444.717317,7055.386465,2003.50106,1303.36863,81.133788,0.0,379.530895,10065.186422,357300,7808.0,8,20,True,23
IRPP-TD,20,9,256,2026281023,normal,32.581425,0.0,32.581425,24.813551,1.116198,6.471863,0.0,0.0,2.906541,29.674884000000002,211480,1568.0,6,20,True,23
BSIF,20,9,256,2026281023,normal,5149.425413,0.0,5149.425413,3766.865409,1077.925438,304.485371,0.0,0.0,0.094089,5149.331324,264480,7324.0,1,14,True,23
RPPS-TDC,20,9,256,2026281023,normal,5348.946865,0.0,5348.946865,3634.992075,201.121686,1406.609033,105.599728,0.0,954.229771,4394.717094,309328,6912.0,8,16,True,23
IRPP-TD,20,9,256,2026281024,normal,32.200462,0.0,32.200462,24.224455,1.098685,6.716243,0.0,0.0,3.159149,29.041313000000002,211480,1568.0,7,20,True,24
BSIF,20,9,256,2026281024,normal,5082.699588,0.0,5082.699588,3615.796374,1063.841543,402.93421,0.0,0.0,0.081743,5082.617845000001,310944,7324.0,1,20,True,24
RPPS-TDC,20,9,256,2026281024,normal,5319.746722,0.0,5319.746722,3621.819638,199.702571,1392.647258,104.895616,0.0,946.476725,4373.269996999999,309328,6912.0,8,16,True,24
PRTD,20,9,256,2026281024,normal,10411.930429,0.0,10411.930429,7025.220059,1995.420104,1309.730738,80.222487,0.0,381.199813,10030.730616,357300,7808.0,8,20,True,24
BSIF,20,9,256,2026281025,normal,4951.227003,0.0,4951.227003,3636.853196,1031.398437,282.843507,0.0,0.0,0.09223,4951.134773,264480,7324.0,1,14,True,25
RPPS-TDC,20,9,256,2026281025,normal,5326.394658,0.0,5326.394658,3618.833633,201.49103,1400.269509,105.186951,0.0,950.753747,4375.640911,309328,6912.0,8,16,True,25
PRTD,20,9,256,2026281025,normal,10430.606308,0.0,10430.606308,7051.866077,1995.998602,1301.127592,80.25116,0.0,378.818814,10051.787494,357300,7808.0,8,20,True,25
IRPP-TD,20,9,256,2026281025,normal,32.385852,0.0,32.385852,24.543992,1.096142,6.57451,0.0,0.0,3.011662,29.37419,211480,1568.0,6,20,True,25
RPPS-TDC,20,9,256,2026281026,normal,5343.415523,0.0,5343.415523,3621.172219,204.068776,1411.408996,106.18119,0.0,956.817027,4386.598496,309328,6912.0,8,16,True,26
PRTD,20,9,256,2026281026,normal,10445.074275,0.0,10445.074275,7070.552305,1993.676314,1299.173689,80.236255,0.0,378.955792,10066.118483,357300,7808.0,8,20,True,26
IRPP-TD,20,9,256,2026281026,normal,32.025116,0.0,32.025116,23.951799,1.138314,6.748996,0.0,0.0,3.124065,28.901050999999995,211480,1568.0,6,20,True,26
BSIF,20,9,256,2026281026,normal,5046.88568,0.0,5046.88568,3593.822744,1054.05114,398.879879,0.0,0.0,0.124264,5046.761416,310944,7324.0,1,20,True,26
PRTD,20,9,256,2026281027,normal,10440.633006,0.0,10440.633006,7045.653279,2006.185451,1306.071701,81.298961,0.0,380.432155,10060.200851,357300,7808.0,8,20,True,27
IRPP-TD,20,9,256,2026281027,normal,33.343965,0.0,33.343965,25.128896,1.14788,6.880395,0.0,0.0,3.151008,30.192956999999996,211480,1568.0,6,20,True,27
BSIF,20,9,256,2026281027,normal,5095.855267,0.0,5095.855267,3624.102382,1062.814164,408.78042,0.0,0.0,0.104233,5095.751034,310944,7324.0,1,20,True,27
RPPS-TDC,20,9,256,2026281027,normal,5338.518343,0.0,5338.518343,3628.321551,201.901961,1402.303051,105.359087,0.0,952.439472,4386.078871,309328,6912.0,9,16,True,27
IRPP-TD,20,9,256,2026281028,normal,33.563418,0.0,33.563418,25.291085,1.121095,6.971244,0.0,0.0,3.114399,30.449019,211480,1568.0,6,20,True,28
BSIF,20,9,256,2026281028,normal,4934.550874,0.0,4934.550874,3622.746432,1028.083954,283.587482,0.0,0.0,0.098348,4934.452525999999,264480,7324.0,1,14,True,28
RPPS-TDC,20,9,256,2026281028,normal,5373.872614,0.0,5373.872614,3659.322836,202.615337,1405.419434,105.87744,0.0,951.99813,4421.874484,309328,6912.0,8,16,True,28
PRTD,20,9,256,2026281028,normal,10430.76624,0.0,10430.76624,7072.34979,1983.829118,1293.036099,80.151464,0.0,376.105146,10054.661094000001,357300,7808.0,8,20,True,28
BSIF,20,9,256,2026281029,normal,4918.751581,0.0,4918.751581,3592.420355,1046.748494,279.470793,0.0,0.0,0.082099,4918.669482,264480,7324.0,1,14,True,29
RPPS-TDC,20,9,256,2026281029,normal,5308.572979,0.0,5308.572979,3599.610781,201.414876,1401.747954,105.225718,0.0,951.417428,4357.155551,309328,6912.0,9,16,True,29
PRTD,20,9,256,2026281029,normal,10362.795788,0.0,10362.795788,7005.258454,1981.562071,1293.54423,80.997145,0.0,376.522727,9986.273061,357300,7808.0,8,20,True,29
IRPP-TD,20,9,256,2026281029,normal,32.551913,0.0,32.551913,24.597362,1.0991,6.632128,0.0,0.0,3.006817,29.545096,211480,1568.0,6,20,True,29
IRPP-TD,27,9,256,2026351000,normal,52.529638,0.0,52.529638,42.338596,1.513281,8.457513,0.0,0.0,3.798394,48.731244,321786,1568.0,6,27,True,0
BSIF,27,9,256,2026351000,normal,6863.611322,0.0,6863.611322,4875.695695,1441.774195,545.989011,0.0,0.0,0.08689,6863.524432,419752,7324.0,1,27,True,0
RPPS-TDC,27,9,256,2026351000,normal,7116.994362,0.0,7116.994362,4895.637238,210.004181,1868.028224,142.459109,0.0,1274.912879,5842.081483,415148,6912.0,8,22,True,0
PRTD,27,9,256,2026351000,normal,13401.077906,0.0,13401.077906,9505.082352,2171.689929,1614.846513,107.981716,0.0,377.576227,13023.501679,462832,7808.0,8,27,True,0
BSIF,27,9,256,2026351001,normal,6624.999454,0.0,6624.999454,4856.897766,1386.564712,381.392267,0.0,0.0,0.088383,6624.9110709999995,357800,7324.0,1,19,True,1
RPPS-TDC,27,9,256,2026351001,normal,7084.361749,0.0,7084.361749,4870.384221,207.984281,1863.960074,141.246714,0.0,1275.247457,5809.114292,415148,6912.0,8,22,True,1
PRTD,27,9,256,2026351001,normal,13343.72935,0.0,13343.72935,9456.262458,2165.901315,1611.617095,108.374428,0.0,375.296078,12968.433272,462832,7808.0,8,27,True,1
IRPP-TD,27,9,256,2026351001,normal,52.518052,0.0,52.518052,42.199705,1.568937,8.50989,0.0,0.0,3.78813,48.729921999999995,321786,1568.0,6,27,True,1
RPPS-TDC,27,9,256,2026351002,normal,7074.373481,0.0,7074.373481,4867.473787,207.136736,1857.812632,141.225223,0.0,1272.449177,5801.924304,415148,6912.0,8,22,True,2
PRTD,27,9,256,2026351002,normal,13393.019565,0.0,13393.019565,9475.313413,2184.971612,1621.495233,109.66298,0.0,378.082696,13014.936869000001,462832,7808.0,8,27,True,2
IRPP-TD,27,9,256,2026351002,normal,54.525131,0.0,54.525131,43.719893,1.517176,9.046196,0.0,0.0,4.161072,50.364059000000005,321786,1568.0,6,27,True,2
BSIF,27,9,256,2026351002,normal,6880.881688,0.0,6880.881688,4897.339397,1443.12453,540.269413,0.0,0.0,0.086291,6880.795397000001,419752,7324.0,1,27,True,2
PRTD,27,9,256,2026351003,normal,13293.685524,0.0,13293.685524,9429.227686,2149.024576,1605.81,108.303015,0.0,374.15219,12919.533334,462832,7808.0,8,27,True,3
IRPP-TD,27,9,256,2026351003,normal,57.751692,0.0,57.751692,47.124511,1.670153,8.724309,0.0,0.0,3.781235,53.970456999999996,321786,1568.0,6,27,True,3
BSIF,27,9,256,2026351003,normal,6545.084894,0.0,6545.084894,4812.648572,1358.383894,373.95811,0.0,0.0,0.080462,6545.004432,357800,7324.0,1,19,True,3
RPPS-TDC,27,9,256,2026351003,normal,6984.120223,0.0,6984.120223,4775.045249,208.444221,1858.727677,141.489618,0.0,1271.274529,5712.845694,415148,6912.0,8,22,True,3
IRPP-TD,27,9,256,2026351004,normal,54.953951,0.0,54.953951,44.05261,1.627399,9.035281,0.0,0.0,3.864154,51.089797000000004,321786,1568.0,6,27,True,4
BSIF,27,9,256,2026351004,normal,6665.432717,0.0,6665.432717,4879.830052,1403.07668,382.435143,0.0,0.0,0.097272,6665.335445,357800,7324.0,1,19,True,4
RPPS-TDC,27,9,256,2026351004,normal,7062.245231,0.0,7062.245231,4858.582601,206.982732,1855.131198,141.123528,0.0,1271.314768,5790.930463,415148,6912.0,8,22,True,4
PRTD,27,9,256,2026351004,normal,13246.966492,0.0,13246.966492,9383.349693,2146.320173,1608.315541,107.96543,0.0,374.593393,12872.373099,462832,7808.0,8,27,True,4
BSIF,27,9,256,2026351005,normal,6553.685467,0.0,6553.685467,4804.71304,1371.823036,377.069652,0.0,0.0,0.079607,6553.605860000001,357800,7324.0,1,19,True,5
RPPS-TDC,27,9,256,2026351005,normal,7017.549009,0.0,7017.549009,4820.631011,206.200305,1849.884442,140.399453,0.0,1267.161963,5750.387046,415148,6912.0,8,22,True,5
PRTD,27,9,256,2026351005,normal,13225.362526,0.0,13225.362526,9368.913828,2149.738486,1598.130388,107.587744,0.0,372.796531,12852.565995,462832,7808.0,8,27,True,5
IRPP-TD,27,9,256,2026351005,normal,51.504528,0.0,51.504528,41.534285,1.469548,8.305975,0.0,0.0,3.650752,47.853776,321786,1568.0,6,27,True,5
RPPS-TDC,27,9,256,2026351006,normal,6977.560915,0.0,6977.560915,4792.518743,204.737587,1840.060444,139.849047,0.0,1259.902073,5717.658842,415148,6912.0,8,22,True,6
PRTD,27,9,256,2026351006,normal,13123.068942,0.0,13123.068942,9299.167331,2128.804869,1586.573893,107.59721,0.0,370.074832,12752.99411,462832,7808.0,8,27,True,6
IRPP-TD,27,9,256,2026351006,normal,52.123094,0.0,52.123094,41.906643,1.453508,8.552212,0.0,0.0,3.760807,48.362287,321786,1568.0,6,27,True,6
BSIF,27,9,256,2026351006,normal,6725.378819,0.0,6725.378819,4784.706801,1409.119002,531.461072,0.0,0.0,0.080462,6725.298357,419752,7324.0,1,27,True,6
PRTD,27,9,256,2026351007,normal,13180.434887,0.0,13180.434887,9331.326933,2141.692034,1598.99577,107.462322,0.0,373.184507,12807.25038,462832,7808.0,8,27,True,7
IRPP-TD,27,9,256,2026351007,normal,52.113254,0.0,52.113254,42.009019,1.470116,8.4356,0.0,0.0,3.697356,48.415898,321786,1568.0,6,27,True,7
BSIF,27,9,256,2026351007,normal,6527.162104,0.0,6527.162104,4789.089296,1363.803535,374.185589,0.0,0.0,0.079668,6527.082436,357800,7324.0,1,19,True,7
RPPS-TDC,27,9,256,2026351007,normal,6985.985003,0.0,6985.985003,4796.312786,205.792847,1843.170056,140.296212,0.0,1261.538213,5724.44679,415148,6912.0,8,22,True,7
IRPP-TD,27,9,256,2026351008,normal,52.987401,0.0,52.987401,43.007401,1.52827,8.238014,0.0,0.0,3.495975,49.491426,321786,1568.0,6,27,True,8
BSIF,27,9,256,2026351008,normal,6553.811832,0.0,6553.811832,4803.479805,1372.589973,377.657696,0.0,0.0,0.078937,6553.732895,357800,7324.0,1,19,True,8
RPPS-TDC,27,9,256,2026351008,normal,7035.947877,0.0,7035.947877,4843.952524,205.030811,1846.786881,139.769632,0.0,1265.595358,5770.352519,415148,6912.0,8,22,True,8
PRTD,27,9,256,2026351008,normal,13279.381773,0.0,13279.381773,9409.197391,2156.86177,1604.663446,107.707447,0.0,374.406266,12904.975507,462832,7808.0,8,27,True,8
BSIF,27,9,256,2026351009,normal,6543.382675,0.0,6543.382675,4795.298455,1372.69206,375.308824,0.0,0.0,0.082742,6543.299933,357800,7324.0,1,19,True,9
RPPS-TDC,27,9,256,2026351009,normal,7001.789776,0.0,7001.789776,4806.802867,207.022308,1846.299702,141.224668,0.0,1262.889713,5738.900062999999,415148,6912.0,8,22,True,9
PRTD,27,9,256,2026351009,normal,13240.122573,0.0,13240.122573,9377.178546,2149.26164,1604.93457,107.822186,0.0,374.386213,12865.73636,462832,7808.0,8,27,True,9
IRPP-TD,27,9,256,2026351009,normal,52.227173,0.0,52.227173,42.215037,1.4873,8.328635,0.0,0.0,3.691961,48.535212,321786,1568.0,6,27,True,9
RPPS-TDC,27,9,256,2026351010,normal,6977.587675,0.0,6977.587675,4795.260998,204.496981,1837.362766,140.098257,0.0,1257.935137,5719.652538,415148,6912.0,8,22,True,10
PRTD,27,9,256,2026351010,normal,13190.260683,0.0,13190.260683,9341.212359,2140.033984,1600.414423,107.649472,0.0,373.601508,12816.659175,462832,7808.0,8,27,True,10
IRPP-TD,27,9,256,2026351010,normal,52.030004,0.0,52.030004,42.124802,1.502815,8.204205,0.0,0.0,3.661034,48.36897,321786,1568.0,6,27,True,10
BSIF,27,9,256,2026351010,normal,6592.598823,0.0,6592.598823,4818.126525,1381.434947,392.923373,0.0,0.0,0.081881,6592.516942,357800,7324.0,1,19,True,10
PRTD,27,9,256,2026351011,normal,13326.025125,0.0,13326.025125,9449.017495,2164.204359,1603.106721,108.674509,0.0,372.70888,12953.316245,462832,7808.0,8,27,True,11
IRPP-TD,27,9,256,2026351011,normal,52.617877,0.0,52.617877,41.981344,1.474079,8.956884,0.0,0.0,3.681873,48.936004,321786,1568.0,6,27,True,11
BSIF,27,9,256,2026351011,normal,6630.904201,0.0,6630.904201,4841.686143,1391.364383,397.740565,0.0,0.0,0.093241,6630.810960000001,357800,7324.0,1,19,True,11
RPPS-TDC,27,9,256,2026351011,normal,7065.865767,0.0,7065.865767,4874.211409,207.448173,1842.511699,141.151374,0.0,1258.043417,5807.82235,415148,6912.0,8,22,True,11
IRPP-TD,27,9,256,2026351012,normal,53.669058,0.0,53.669058,43.235935,1.519055,8.702543,0.0,0.0,3.733904,49.935154,321786,1568.0,6,27,True,12
BSIF,27,9,256,2026351012,normal,6592.755354,0.0,6592.755354,4836.777746,1378.801572,377.087202,0.0,0.0,0.085692,6592.669662,357800,7324.0,1,19,True,12
RPPS-TDC,27,9,256,2026351012,normal,6999.710238,0.0,6999.710238,4814.773296,205.123388,1838.987968,140.41331,0.0,1258.962948,5740.747289999999,415148,6912.0,8,22,True,12
PRTD,27,9,256,2026351012,normal,13160.122455,0.0,13160.122455,9327.110979,2132.623527,1592.587626,106.905592,0.0,371.748117,12788.374338000001,462832,7808.0,8,27,True,12
BSIF,27,9,256,2026351013,normal,6470.138013,0.0,6470.138013,4749.161756,1349.530837,371.373001,0.0,0.0,0.07736,6470.060653,357800,7324.0,1,19,True,13
RPPS-TDC,27,9,256,2026351013,normal,6856.20207,0.0,6856.20207,4712.594508,201.350861,1804.351187,137.503857,0.0,1235.400397,5620.801673,415148,6912.0,8,22,True,13
PRTD,27,9,256,2026351013,normal,13286.367302,0.0,13286.367302,9397.994677,2165.175627,1613.603952,108.651201,0.0,376.41207,12909.955232,462832,7808.0,8,27,True,13
IRPP-TD,27,9,256,2026351013,normal,52.627666,0.0,52.627666,42.286673,1.51263,8.589315,0.0,0.0,3.655755,48.971911,321786,1568.0,6,27,True,13
RPPS-TDC,27,9,256,2026351014,normal,7030.250894,0.0,7030.250894,4843.296417,205.785976,1839.838217,140.81777,0.0,1259.019466,5771.231428,415148,6912.0,8,22,True,14
PRTD,27,9,256,2026351014,normal,13230.179379,0.0,13230.179379,9369.303371,2151.589838,1600.611758,107.62357,0.0,373.476425,12856.702953999998,462832,7808.0,8,27,True,14
IRPP-TD,27,9,256,2026351014,normal,51.382228,0.0,51.382228,41.46813,1.460956,8.25851,0.0,0.0,3.696028,47.6862,321786,1568.0,6,27,True,14
BSIF,27,9,256,2026351014,normal,6557.742965,0.0,6557.742965,4808.259021,1372.250382,377.131677,0.0,0.0,0.085702,6557.657263,357800,7324.0,1,19,True,14
PRTD,27,9,256,2026351015,normal,13200.906317,0.0,13200.906317,9350.061418,2140.389563,1601.677027,107.831642,0.0,373.880785,12827.025532000001,462832,7808.0,8,27,True,15
IRPP-TD,27,9,256,2026351015,normal,52.07208,0.0,52.07208,42.022629,1.515796,8.33784,0.0,0.0,3.652256,48.419824,321786,1568.0,6,27,True,15
BSIF,27,9,256,2026351015,normal,6529.436649,0.0,6529.436649,4792.001456,1362.98652,374.355517,0.0,0.0,0.080473,6529.356176,357800,7324.0,1,19,True,15
RPPS-TDC,27,9,256,2026351015,normal,6972.545469,0.0,6972.545469,4789.654507,204.857407,1837.677607,139.968668,0.0,1257.411774,5715.1336949999995,415148,6912.0,8,22,True,15
IRPP-TD,27,9,256,2026351016,normal,51.858533,0.0,51.858533,41.635204,1.468158,8.561832,0.0,0.0,3.905933,47.952600000000004,321786,1568.0,6,27,True,16
BSIF,27,9,256,2026351016,normal,6530.924761,0.0,6530.924761,4792.108025,1364.224397,374.500595,0.0,0.0,0.07887,6530.845891,357800,7324.0,1,19,True,16
RPPS-TDC,27,9,256,2026351016,normal,6977.081571,0.0,6977.081571,4793.008241,205.412691,1838.477991,139.758655,0.0,1259.049275,5718.032295999999,415148,6912.0,8,22,True,16
PRTD,27,9,256,2026351016,normal,13179.921414,0.0,13179.921414,9336.640145,2141.442559,1593.154936,107.65431,0.0,371.68288,12808.238534,462832,7808.0,8,27,True,16
BSIF,27,9,256,2026351017,normal,6567.872017,0.0,6567.872017,4819.704902,1370.996145,377.089197,0.0,0.0,0.08055,6567.791467,357800,7324.0,1,19,True,17
RPPS-TDC,27,9,256,2026351017,normal,6972.482763,0.0,6972.482763,4783.810895,204.8562,1843.811336,139.632212,0.0,1264.403892,5708.078871,415148,6912.0,8,22,True,17
PRTD,27,9,256,2026351017,normal,13174.498795,0.0,13174.498795,9332.112271,2137.427018,1595.866977,108.132663,0.0,372.228354,12802.270440999999,462832,7808.0,8,27,True,17
IRPP-TD,27,9,256,2026351017,normal,51.693377,0.0,51.693377,41.784234,1.528977,8.169992,0.0,0.0,3.58896,48.104417,321786,1568.0,6,27,True,17
RPPS-TDC,27,9,256,2026351018,normal,7029.105513,0.0,7029.105513,4819.695896,206.654052,1861.467403,140.877381,0.0,1274.084871,5755.020642,415148,6912.0,8,22,True,18
PRTD,27,9,256,2026351018,normal,13227.381595,0.0,13227.381595,9368.53526,2149.626487,1600.490732,107.785279,0.0,372.657364,12854.724231,462832,7808.0,8,27,True,18
IRPP-TD,27,9,256,2026351018,normal,52.033335,0.0,52.033335,41.773784,1.49228,8.56344,0.0,0.0,3.736691,48.296644,321786,1568.0,6,27,True,18
BSIF,27,9,256,2026351018,normal,6566.274017,0.0,6566.274017,4814.134179,1375.184456,376.873978,0.0,0.0,0.07964,6566.194377,357800,7324.0,1,19,True,18
PRTD,27,9,256,2026351019,normal,13286.793947,0.0,13286.793947,9403.344872,2163.487348,1609.833687,109.22769,0.0,378.857159,12907.936788,462832,7808.0,8,27,True,19
IRPP-TD,27,9,256,2026351019,normal,53.661685,0.0,53.661685,42.874575,1.558958,9.016628,0.0,0.0,4.119274,49.542411,321786,1568.0,6,27,True,19
BSIF,27,9,256,2026351019,normal,6544.134348,0.0,6544.134348,4800.675322,1366.447192,376.92059,0.0,0.0,0.081861,6544.052487,357800,7324.0,1,19,True,19
RPPS-TDC,27,9,256,2026351019,normal,6992.872975,0.0,6992.872975,4803.152489,205.009753,1845.092401,139.210206,0.0,1262.707473,5730.165502,415148,6912.0,8,22,True,19
IRPP-TD,27,9,256,2026351020,normal,52.031899,0.0,52.031899,42.123909,1.477961,8.231353,0.0,0.0,3.527295,48.504604,321786,1568.0,6,27,True,20
BSIF,27,9,256,2026351020,normal,6537.537264,0.0,6537.537264,4798.185601,1364.104717,375.161898,0.0,0.0,0.08053,6537.456733999999,357800,7324.0,1,19,True,20
RPPS-TDC,27,9,256,2026351020,normal,6985.740111,0.0,6985.740111,4802.693595,204.365401,1839.328246,138.961408,0.0,1258.062016,5727.678095,415148,6912.0,8,22,True,20
PRTD,27,9,256,2026351020,normal,13215.458992,0.0,13215.458992,9357.742341,2152.540332,1596.168116,107.993021,0.0,372.135012,12843.32398,462832,7808.0,8,27,True,20
BSIF,27,9,256,2026351021,normal,6561.522685,0.0,6561.522685,4815.974035,1370.717344,374.73925,0.0,0.0,0.080909,6561.441776,357800,7324.0,1,19,True,21
RPPS-TDC,27,9,256,2026351021,normal,6986.228734,0.0,6986.228734,4800.451272,205.436737,1840.387993,139.566577,0.0,1259.119697,5727.109037,415148,6912.0,8,22,True,21
PRTD,27,9,256,2026351021,normal,13254.754661,0.0,13254.754661,9406.883537,2142.965149,1594.768796,109.083144,0.0,372.000815,12882.753846000001,462832,7808.0,8,27,True,21
IRPP-TD,27,9,256,2026351021,normal,52.483168,0.0,52.483168,42.307557,1.522088,8.434141,0.0,0.0,3.772662,48.710506,321786,1568.0,6,27,True,21
RPPS-TDC,27,9,256,2026351022,normal,7034.961552,0.0,7034.961552,4833.796002,206.481088,1854.343525,139.962975,0.0,1266.425316,5768.536236,415148,6912.0,8,22,True,22
PRTD,27,9,256,2026351022,normal,13431.034877,0.0,13431.034877,9557.335375,2158.798538,1605.027227,108.951149,0.0,373.150349,13057.884528,462832,7808.0,8,27,True,22
IRPP-TD,27,9,256,2026351022,normal,52.231362,0.0,52.231362,42.099835,1.495442,8.440113,0.0,0.0,3.910104,48.321258,321786,1568.0,6,27,True,22
BSIF,27,9,256,2026351022,normal,6506.342689,0.0,6506.342689,4783.026029,1351.449305,371.762212,0.0,0.0,0.082022,6506.2606670000005,357800,7324.0,1,19,True,22
PRTD,27,9,256,2026351023,normal,13278.531785,0.0,13278.531785,9364.206804,2175.681077,1627.600517,110.058925,0.0,379.383367,12899.148417999999,462832,7808.0,8,27,True,23
IRPP-TD,27,9,256,2026351023,normal,52.596125,0.0,52.596125,42.257605,1.512575,8.623261,0.0,0.0,3.822642,48.773483,321786,1568.0,6,27,True,23
BSIF,27,9,256,2026351023,normal,6560.752074,0.0,6560.752074,4818.237801,1366.783838,375.621182,0.0,0.0,0.081696,6560.670378,357800,7324.0,1,19,True,23
RPPS-TDC,27,9,256,2026351023,normal,6998.430972,0.0,6998.430972,4800.1367,206.783694,1850.457553,140.672926,0.0,1267.376684,5731.054288,415148,6912.0,8,22,True,23
IRPP-TD,27,9,256,2026351024,normal,53.640278,0.0,53.640278,43.179848,1.524309,8.725399,0.0,0.0,3.838421,49.801857000000005,321786,1568.0,6,27,True,24
BSIF,27,9,256,2026351024,normal,6559.140871,0.0,6559.140871,4828.043531,1357.440604,373.557526,0.0,0.0,0.087693,6559.053177999999,357800,7324.0,1,19,True,24
RPPS-TDC,27,9,256,2026351024,normal,6993.574581,0.0,6993.574581,4780.162414,211.395863,1858.126649,143.490951,0.0,1262.870659,5730.703922,415148,6912.0,8,22,True,24
PRTD,27,9,256,2026351024,normal,13334.751367,0.0,13334.751367,9480.307415,2151.699862,1593.978207,107.805716,0.0,372.634002,12962.117365,462832,7808.0,8,27,True,24
BSIF,27,9,256,2026351025,normal,6529.238372,0.0,6529.238372,4791.85861,1363.381192,373.921853,0.0,0.0,0.079323,6529.159049,357800,7324.0,1,19,True,25
RPPS-TDC,27,9,256,2026351025,normal,6968.534586,0.0,6968.534586,4786.31726,204.988051,1837.374437,139.470318,0.0,1258.473798,5710.060788,415148,6912.0,8,22,True,25
PRTD,27,9,256,2026351025,normal,13220.019831,0.0,13220.019831,9368.485649,2143.745463,1596.764187,109.947412,0.0,371.485765,12848.534066,462832,7808.0,8,27,True,25
IRPP-TD,27,9,256,2026351025,normal,65.35418,0.0,65.35418,50.357848,1.781207,12.901081,0.0,0.0,6.295182,59.058998,321786,1568.0,6,27,True,25
RPPS-TDC,27,9,256,2026351026,normal,7007.851066,0.0,7007.851066,4823.756092,204.725094,1839.342365,139.572578,0.0,1259.808043,5748.043023,415148,6912.0,8,22,True,26
PRTD,27,9,256,2026351026,normal,13297.372809,0.0,13297.372809,9406.077457,2171.106929,1611.40649,107.732622,0.0,371.855499,12925.517310000001,462832,7808.0,8,27,True,26
IRPP-TD,27,9,256,2026351026,normal,52.525138,0.0,52.525138,42.315492,1.456631,8.549399,0.0,0.0,3.782989,48.742149,321786,1568.0,6,27,True,26
BSIF,27,9,256,2026351026,normal,6801.493487,0.0,6801.493487,4847.432409,1417.901429,536.057588,0.0,0.0,0.080088,6801.413399,419752,7324.0,1,27,True,26
PRTD,27,9,256,2026351027,normal,13312.739807,0.0,13312.739807,9433.741012,2153.10019,1616.637425,108.290886,0.0,374.17611,12938.563697,462832,7808.0,8,27,True,27
IRPP-TD,27,9,256,2026351027,normal,51.57244,0.0,51.57244,41.574612,1.496367,8.307351,0.0,0.0,3.765736,47.806704,321786,1568.0,6,27,True,27
BSIF,27,9,256,2026351027,normal,6620.915031,0.0,6620.915031,4830.057964,1414.769394,375.994065,0.0,0.0,0.080938,6620.834093,357800,7324.0,1,19,True,27
RPPS-TDC,27,9,256,2026351027,normal,7054.228945,0.0,7054.228945,4825.469916,205.10692,1878.631734,144.611923,0.0,1292.97848,5761.250465,415148,6912.0,8,22,True,27
IRPP-TD,27,9,256,2026351028,normal,53.083868,0.0,53.083868,43.161993,1.47949,8.245983,0.0,0.0,3.537654,49.546214000000006,321786,1568.0,6,27,True,28
BSIF,27,9,256,2026351028,normal,6543.773704,0.0,6543.773704,4800.175864,1367.781475,375.721101,0.0,0.0,0.080685,6543.693019,357800,7324.0,1,19,True,28
RPPS-TDC,27,9,256,2026351028,normal,7029.687837,0.0,7029.687837,4840.684939,205.67133,1842.694642,140.141841,0.0,1261.081699,5768.606138,415148,6912.0,8,22,True,28
PRTD,27,9,256,2026351028,normal,13198.865121,0.0,13198.865121,9350.779477,2141.891053,1596.298563,108.965127,0.0,371.825891,12827.03923,462832,7808.0,8,27,True,28
BSIF,27,9,256,2026351029,normal,6828.706656,0.0,6828.706656,4943.643098,1498.683746,386.268455,0.0,0.0,0.079473,6828.6271830000005,357800,7324.0,1,19,True,29
RPPS-TDC,27,9,256,2026351029,normal,7346.778681,0.0,7346.778681,4992.682413,214.732586,1986.640452,151.991743,0.0,1377.869661,5968.90902,415148,6912.0,8,22,True,29
PRTD,27,9,256,2026351029,normal,13427.645588,0.0,13427.645588,9489.682036,2168.908957,1659.448163,107.981788,0.0,387.999085,13039.646503,462832,7808.0,8,27,True,29
IRPP-TD,27,9,256,2026351029,normal,53.079402,0.0,53.079402,42.716816,1.526975,8.589815,0.0,0.0,3.847414,49.231988,321786,1568.0,6,27,True,29
IRPP-TD,39,9,256,2026471000,normal,98.729731,0.0,98.729731,84.242823,2.128858,12.061753,0.0,0.0,5.162128,93.567603,555906,1568.0,7,39,True,0
BSIF,39,9,256,2026471000,normal,9894.307951,0.0,9894.307951,7037.042683,2080.257329,776.772454,0.0,0.0,0.08637,9894.221581,606280,7324.0,1,39,True,0
RPPS-TDC,39,9,256,2026471000,normal,10254.83288,0.0,10254.83288,6996.413753,225.315429,2823.873202,208.063907,0.0,1903.253228,8351.579652,596540,6912.0,9,32,True,0
PRTD,39,9,256,2026471000,normal,18516.434312,0.0,18516.434312,13716.745872,2478.249757,2162.216192,156.934235,0.0,375.805841,18140.628471,643744,7808.0,8,39,True,0
BSIF,39,9,256,2026471001,normal,9855.731517,0.0,9855.731517,7011.683775,2065.301289,778.543426,0.0,0.0,0.08386,9855.647657,606280,7324.0,1,39,True,1
RPPS-TDC,39,9,256,2026471001,normal,10110.24913,0.0,10110.24913,7016.502775,218.976303,2669.491012,204.227957,0.0,1841.996189,8268.252941,596540,6912.0,9,32,True,1
PRTD,39,9,256,2026471001,normal,18478.709378,0.0,18478.709378,13654.79643,2495.705894,2167.651411,158.475092,0.0,379.21013,18099.499248,643744,7808.0,8,39,True,1
IRPP-TD,39,9,256,2026471001,normal,101.324834,0.0,101.324834,86.638402,2.203623,12.167557,0.0,0.0,5.302167,96.022667,555906,1568.0,7,39,True,1
RPPS-TDC,39,9,256,2026471002,normal,10233.738576,0.0,10233.738576,7114.13943,220.626095,2692.608967,205.154328,0.0,1861.637232,8372.101343999999,596540,6912.0,8,32,True,2
PRTD,39,9,256,2026471002,normal,18615.529971,0.0,18615.529971,13785.854385,2488.985124,2181.99956,156.430105,0.0,378.451464,18237.078507,643744,7808.0,8,39,True,2
IRPP-TD,39,9,256,2026471002,normal,98.63887,0.0,98.63887,84.317727,2.150007,11.860811,0.0,0.0,5.158003,93.480867,555906,1568.0,7,39,True,2
BSIF,39,9,256,2026471002,normal,9698.455403,0.0,9698.455403,7110.924798,2040.141061,547.193994,0.0,0.0,0.089669,9698.365733999999,513352,7324.0,1,27,True,2
PRTD,39,9,256,2026471003,normal,18545.645332,0.0,18545.645332,13738.197427,2479.146128,2169.529024,156.693713,0.0,376.041373,18169.603959,643744,7808.0,8,39,True,3
IRPP-TD,39,9,256,2026471003,normal,99.061273,0.0,99.061273,84.798681,2.172487,11.777536,0.0,0.0,5.074675,93.986598,555906,1568.0,7,39,True,3
BSIF,39,9,256,2026471003,normal,9563.700629,0.0,9563.700629,7015.75418,2003.340489,544.405511,0.0,0.0,0.085506,9563.615123000001,513352,7324.0,1,27,True,3
RPPS-TDC,39,9,256,2026471003,normal,10139.129593,0.0,10139.129593,7046.845614,220.184529,2666.479042,204.489457,0.0,1839.51558,8299.614013,596540,6912.0,8,32,True,3
IRPP-TD,39,9,256,2026471004,normal,99.716443,0.0,99.716443,85.543119,2.139802,11.746971,0.0,0.0,5.047593,94.66884999999999,555906,1568.0,7,39,True,4
BSIF,39,9,256,2026471004,normal,9564.699396,0.0,9564.699396,7028.132953,1996.959918,539.391267,0.0,0.0,0.087159,9564.612237,513352,7324.0,1,27,True,4
RPPS-TDC,39,9,256,2026471004,normal,10168.012901,0.0,10168.012901,7030.017606,221.388424,2708.084316,207.371453,0.0,1866.438565,8301.574336,596540,6912.0,9,32,True,4
PRTD,39,9,256,2026471004,normal,18822.627699,0.0,18822.627699,13944.374244,2519.008441,2198.358629,158.611972,0.0,383.114468,18439.513231,643744,7808.0,8,39,True,4
BSIF,39,9,256,2026471005,normal,9664.502733,0.0,9664.502733,7129.969112,1994.359592,539.96725,0.0,0.0,0.087909,9664.414824,513352,7324.0,1,27,True,5
RPPS-TDC,39,9,256,2026471005,normal,10129.213225,0.0,10129.213225,7013.509539,233.490807,2676.360381,204.737686,0.0,1840.155186,8289.058039,596540,6912.0,8,32,True,5
PRTD,39,9,256,2026471005,normal,18496.408965,0.0,18496.408965,13693.210939,2481.202515,2162.937289,157.080677,0.0,377.190842,18119.218123,643744,7808.0,8,39,True,5
IRPP-TD,39,9,256,2026471005,normal,99.27863,0.0,99.27863,84.721546,2.140088,12.09593,0.0,0.0,5.337747,93.94088300000001,555906,1568.0,7,39,True,5
RPPS-TDC,39,9,256,2026471006,normal,10100.631473,0.0,10100.631473,7011.163098,218.451138,2665.926827,204.061991,0.0,1839.400157,8261.231316,596540,6912.0,8,32,True,6
PRTD,39,9,256,2026471006,normal,18496.879421,0.0,18496.879421,13689.525733,2485.080385,2163.159478,157.109433,0.0,376.685239,18120.194182000003,643744,7808.0,8,39,True,6
IRPP-TD,39,9,256,2026471006,normal,99.118287,0.0,99.118287,84.857458,2.149143,11.792889,0.0,0.0,5.128518,93.989769,555906,1568.0,7,39,True,6
BSIF,39,9,256,2026471006,normal,9617.730138,0.0,9617.730138,7039.543514,2030.588122,547.396041,0.0,0.0,0.087924,9617.642214000001,513352,7324.0,1,27,True,6
PRTD,39,9,256,2026471007,normal,18794.797932,0.0,18794.797932,13914.97563,2518.302235,2200.662908,158.691002,0.0,385.41681,18409.381122000003,643744,7808.0,8,39,True,7
IRPP-TD,39,9,256,2026471007,normal,100.716791,0.0,100.716791,86.393453,2.161038,11.842526,0.0,0.0,5.18589,95.530901,555906,1568.0,7,39,True,7
BSIF,39,9,256,2026471007,normal,9693.423852,0.0,9693.423852,7129.61015,2022.804654,540.801416,0.0,0.0,0.085121,9693.338731,513352,7324.0,1,27,True,7
RPPS-TDC,39,9,256,2026471007,normal,10151.472615,0.0,10151.472615,7016.103787,223.065344,2701.022313,210.206173,0.0,1846.436002,8305.036613,596540,6912.0,9,32,True,7
IRPP-TD,39,9,256,2026471008,normal,101.846446,0.0,101.846446,87.172348,2.217851,12.116689,0.0,0.0,5.216672,96.629774,555906,1568.0,7,39,True,8
BSIF,39,9,256,2026471008,normal,9779.765036,0.0,9779.765036,7192.921536,2035.568622,551.054525,0.0,0.0,0.085301,9779.679735000002,513352,7324.0,1,27,True,8
RPPS-TDC,39,9,256,2026471008,normal,10279.748228,0.0,10279.748228,7172.987148,219.806287,2681.597751,204.156248,0.0,1852.926306,8426.821922000001,596540,6912.0,9,32,True,8
PRTD,39,9,256,2026471008,normal,18795.2848,0.0,18795.2848,13905.991499,2522.830724,2205.590056,158.664085,0.0,384.475812,18410.808988,643744,7808.0,8,39,True,8
BSIF,39,9,256,2026471009,normal,10012.236068,0.0,10012.236068,7135.380433,2087.480492,789.164679,0.0,0.0,0.085444,10012.150624,606280,7324.0,1,39,True,9
RPPS-TDC,39,9,256,2026471009,normal,10256.226764,0.0,10256.226764,7127.195119,228.412368,2695.455145,203.969183,0.0,1866.634784,8389.59198,596540,6912.0,8,32,True,9
PRTD,39,9,256,2026471009,normal,18521.887317,0.0,18521.887317,13687.036409,2488.584791,2180.070521,164.074963,0.0,380.076623,18141.810694,643744,7808.0,8,39,True,9
IRPP-TD,39,9,256,2026471009,normal,103.179497,0.0,103.179497,87.843066,2.442483,12.563759,0.0,0.0,5.435199,97.744298,555906,1568.0,7,39,True,9
RPPS-TDC,39,9,256,2026471010,normal,10284.675451,0.0,10284.675451,7190.229175,219.063756,2669.829695,204.441994,0.0,1841.124501,8443.550949999999,596540,6912.0,9,32,True,10
PRTD,39,9,256,2026471010,normal,18595.156827,0.0,18595.156827,13740.626591,2501.082242,2193.726655,157.444417,0.0,380.220556,18214.936271,643744,7808.0,8,39,True,10
IRPP-TD,39,9,256,2026471010,normal,100.981677,0.0,100.981677,86.016092,2.14979,12.432067,0.0,0.0,5.322456,95.659221,555906,1568.0,7,39,True,10
BSIF,39,9,256,2026471010,normal,9672.457947,0.0,9672.457947,7136.640861,1995.438832,540.164619,0.0,0.0,0.087614,9672.370333,513352,7324.0,1,27,True,10
PRTD,39,9,256,2026471011,normal,18717.960389,0.0,18717.960389,13843.281227,2515.591125,2197.283951,159.701344,0.0,384.724911,18333.235478,643744,7808.0,8,39,True,11
IRPP-TD,39,9,256,2026471011,normal,101.554155,0.0,101.554155,86.941218,2.187697,12.104963,0.0,0.0,5.094918,96.459237,555906,1568.0,6,39,True,11
BSIF,39,9,256,2026471011,normal,9646.222799,0.0,9646.222799,7084.837661,2009.148644,552.022526,0.0,0.0,0.085572,9646.137227,513352,7324.0,1,27,True,11
RPPS-TDC,39,9,256,2026471011,normal,10280.555291,0.0,10280.555291,7128.024115,222.206083,2720.704298,208.360129,0.0,1878.530733,8402.024558000001,596540,6912.0,8,32,True,11
IRPP-TD,39,9,256,2026471012,normal,100.862879,0.0,100.862879,86.16046,2.168204,12.200944,0.0,0.0,5.382435,95.480444,555906,1568.0,7,39,True,12
BSIF,39,9,256,2026471012,normal,9742.361346,0.0,9742.361346,7153.612044,2043.856882,544.650232,0.0,0.0,0.085353,9742.275993,513352,7324.0,1,27,True,12
RPPS-TDC,39,9,256,2026471012,normal,10284.78522,0.0,10284.78522,7143.716641,221.238948,2709.626922,208.99623,0.0,1870.051652,8414.733568,596540,6912.0,8,32,True,12
PRTD,39,9,256,2026471012,normal,18655.869052,0.0,18655.869052,13786.40436,2515.712683,2193.775026,157.771452,0.0,383.644617,18272.224434999996,643744,7808.0,8,39,True,12
BSIF,39,9,256,2026471013,normal,9668.90141,0.0,9668.90141,7123.032617,2005.650879,540.003647,0.0,0.0,0.088621,9668.812789,513352,7324.0,1,27,True,13
RPPS-TDC,39,9,256,2026471013,normal,10209.687417,0.0,10209.687417,7064.53065,223.781846,2713.096013,207.069491,0.0,1869.58594,8340.101477,596540,6912.0,8,32,True,13
PRTD,39,9,256,2026471013,normal,18489.835918,0.0,18489.835918,13686.561146,2482.439575,2162.297813,156.483722,0.0,376.79522,18113.040698,643744,7808.0,8,39,True,13
IRPP-TD,39,9,256,2026471013,normal,100.395183,0.0,100.395183,85.42907,2.305001,12.312898,0.0,0.0,5.268955,95.126228,555906,1568.0,7,39,True,13
RPPS-TDC,39,9,256,2026471014,normal,10107.920272,0.0,10107.920272,7016.941526,218.40245,2667.389795,204.131982,0.0,1840.242223,8267.678049,596540,6912.0,9,32,True,14
PRTD,39,9,256,2026471014,normal,18484.707367,0.0,18484.707367,13682.403298,2480.205375,2162.863057,157.20431,0.0,376.704989,18108.002377999997,643744,7808.0,8,39,True,14
IRPP-TD,39,9,256,2026471014,normal,101.814581,0.0,101.814581,86.220062,2.31825,12.922904,0.0,0.0,5.6341,96.180481,555906,1568.0,7,39,True,14
BSIF,39,9,256,2026471014,normal,9946.913813,0.0,9946.913813,7106.721741,2059.467645,780.511887,0.0,0.0,0.087099,9946.826713999999,606280,7324.0,1,39,True,14
PRTD,39,9,256,2026471015,normal,18711.460221,0.0,18711.460221,13829.706865,2519.729854,2202.317411,157.563543,0.0,385.897752,18325.562469,643744,7808.0,8,39,True,15
IRPP-TD,39,9,256,2026471015,normal,100.023842,0.0,100.023842,85.59011,2.170518,11.952469,0.0,0.0,5.214103,94.80973900000001,555906,1568.0,7,39,True,15
BSIF,39,9,256,2026471015,normal,10039.083864,0.0,10039.083864,7144.816703,2099.791728,794.233585,0.0,0.0,0.085325,10038.998539,606280,7324.0,1,39,True,15
RPPS-TDC,39,9,256,2026471015,normal,10308.338205,0.0,10308.338205,7145.633754,223.498419,2730.669771,207.299948,0.0,1883.838205,8424.5,596540,6912.0,8,32,True,15
IRPP-TD,39,9,256,2026471016,normal,103.076271,0.0,103.076271,88.541518,2.185469,12.038039,0.0,0.0,5.137992,97.93827900000001,555906,1568.0,7,39,True,16
BSIF,39,9,256,2026471016,normal,10028.44957,0.0,10028.44957,7135.068734,2096.742145,796.419764,0.0,0.0,0.087829,10028.361741,606280,7324.0,1,39,True,16
RPPS-TDC,39,9,256,2026471016,normal,10239.802419,0.0,10239.802419,7114.582919,219.374791,2700.685086,203.962101,0.0,1873.115317,8366.687102,596540,6912.0,8,32,True,16
PRTD,39,9,256,2026471016,normal,18743.320191,0.0,18743.320191,13879.326633,2514.597922,2189.892448,157.272531,0.0,382.577311,18360.742879999998,643744,7808.0,8,39,True,16
BSIF,39,9,256,2026471017,normal,9891.308119,0.0,9891.308119,7043.432523,2058.431057,789.256278,0.0,0.0,0.129813,9891.178306,606280,7324.0,1,39,True,17
RPPS-TDC,39,9,256,2026471017,normal,10124.344354,0.0,10124.344354,7028.550275,219.32887,2670.801917,204.585073,0.0,1840.095549,8284.248805000001,596540,6912.0,8,32,True,17
PRTD,39,9,256,2026471017,normal,18774.981097,0.0,18774.981097,13915.24241,2508.864415,2191.180219,157.375771,0.0,383.088745,18391.892352,643744,7808.0,8,39,True,17
IRPP-TD,39,9,256,2026471017,normal,100.518506,0.0,100.518506,85.798329,2.183658,12.204958,0.0,0.0,5.312007,95.20649900000001,555906,1568.0,7,39,True,17
RPPS-TDC,39,9,256,2026471018,normal,10173.227672,0.0,10173.227672,7076.736165,219.863372,2670.979604,204.53234,0.0,1842.814604,8330.413068000002,596540,6912.0,8,32,True,18
PRTD,39,9,256,2026471018,normal,18755.076455,0.0,18755.076455,13866.658401,2518.462045,2207.625521,160.0981,0.0,384.352905,18370.72355,643744,7808.0,8,39,True,18
IRPP-TD,39,9,256,2026471018,normal,102.160363,0.0,102.160363,87.388411,2.233344,12.210975,0.0,0.0,5.273806,96.88655700000001,555906,1568.0,7,39,True,18
BSIF,39,9,256,2026471018,normal,9756.566209,0.0,9756.566209,7162.196059,2040.042941,554.110029,0.0,0.0,0.408655,9756.157554000001,513352,7324.0,1,27,True,18
PRTD,39,9,256,2026471019,normal,18526.624838,0.0,18526.624838,13704.067459,2494.977869,2166.676893,158.953629,0.0,377.17996,18149.444878,643744,7808.0,8,39,True,19
IRPP-TD,39,9,256,2026471019,normal,104.740271,0.0,104.740271,89.300767,2.212141,12.891769,0.0,0.0,5.535797,99.204474,555906,1568.0,7,39,True,19
BSIF,39,9,256,2026471019,normal,9721.500419,0.0,9721.500419,7150.112743,2030.961816,540.190543,0.0,0.0,0.08411,9721.416309,513352,7324.0,1,27,True,19
RPPS-TDC,39,9,256,2026471019,normal,10196.609998,0.0,10196.609998,7080.658224,219.618654,2690.763669,204.471904,0.0,1861.295053,8335.314945,596540,6912.0,8,32,True,19
IRPP-TD,39,9,256,2026471020,normal,99.22084,0.0,99.22084,84.91379,2.22421,11.764272,0.0,0.0,5.037492,94.183348,555906,1568.0,7,39,True,20
BSIF,39,9,256,2026471020,normal,9619.34354,0.0,9619.34354,7074.456669,2004.23573,540.441761,0.0,0.0,0.082627,9619.260913,513352,7324.0,1,27,True,20
RPPS-TDC,39,9,256,2026471020,normal,10124.647048,0.0,10124.647048,7023.161394,220.049859,2675.437179,205.033244,0.0,1846.193522,8278.453526000001,596540,6912.0,8,32,True,20
PRTD,39,9,256,2026471020,normal,18677.268446,0.0,18677.268446,13797.799066,2515.857715,2203.936797,157.572076,0.0,384.840493,18292.427953,643744,7808.0,8,39,True,20
BSIF,39,9,256,2026471021,normal,9892.23075,0.0,9892.23075,7046.370513,2061.570672,784.062969,0.0,0.0,0.112926,9892.117824,606280,7324.0,1,39,True,21
RPPS-TDC,39,9,256,2026471021,normal,10219.135973,0.0,10219.135973,7067.262402,223.778622,2718.136525,208.850101,0.0,1874.020263,8345.11571,596540,6912.0,8,32,True,21
PRTD,39,9,256,2026471021,normal,18757.611287,0.0,18757.611287,13860.001746,2520.369413,2215.599337,159.547471,0.0,383.22816,18374.383127,643744,7808.0,8,39,True,21
IRPP-TD,39,9,256,2026471021,normal,101.374043,0.0,101.374043,86.738722,2.16214,12.150179,0.0,0.0,5.353514,96.020529,555906,1568.0,7,39,True,21
RPPS-TDC,39,9,256,2026471022,normal,10340.232027,0.0,10340.232027,7172.427578,226.432414,2731.635969,208.587482,0.0,1886.221851,8454.010176,596540,6912.0,9,32,True,22
PRTD,39,9,256,2026471022,normal,18834.717863,0.0,18834.717863,13944.135101,2525.969905,2203.9673,158.304931,0.0,396.459408,18438.258455000003,643744,7808.0,8,39,True,22
IRPP-TD,39,9,256,2026471022,normal,99.6621,0.0,99.6621,85.366459,2.162992,11.801216,0.0,0.0,5.072096,94.590004,555906,1568.0,7,39,True,22
BSIF,39,9,256,2026471022,normal,9836.274265,0.0,9836.274265,7089.134803,2195.723719,551.189795,0.0,0.0,0.096342,9836.177923,513352,7324.0,1,27,True,22
PRTD,39,9,256,2026471023,normal,19158.624641,0.0,19158.624641,14211.947282,2558.866303,2221.189562,163.932962,0.0,384.586246,18774.038395,643744,7808.0,8,39,True,23
IRPP-TD,39,9,256,2026471023,normal,103.662072,0.0,103.662072,88.163579,2.220586,12.936006,0.0,0.0,5.870078,97.79199399999999,555906,1568.0,7,39,True,23
BSIF,39,9,256,2026471023,normal,10273.078491,0.0,10273.078491,7315.25383,2130.285234,827.258564,0.0,0.0,0.087235,10272.991256,606280,7324.0,1,39,True,23
RPPS-TDC,39,9,256,2026471023,normal,10437.447221,0.0,10437.447221,7284.689747,222.921943,2722.907228,205.690853,0.0,1888.428894,8549.018327,596540,6912.0,8,32,True,23
IRPP-TD,39,9,256,2026471024,normal,101.528723,0.0,101.528723,86.689009,2.272727,12.244971,0.0,0.0,5.273559,96.255164,555906,1568.0,7,39,True,24
BSIF,39,9,256,2026471024,normal,10023.803145,0.0,10023.803145,7150.91746,2087.678741,784.982162,0.0,0.0,0.085974,10023.717171,606280,7324.0,1,39,True,24
RPPS-TDC,39,9,256,2026471024,normal,10289.989142,0.0,10289.989142,7162.471386,220.521137,2699.203728,206.513787,0.0,1865.909696,8424.079446,596540,6912.0,9,32,True,24
PRTD,39,9,256,2026471024,normal,18933.25519,0.0,18933.25519,14004.936374,2547.202852,2220.514781,158.146835,0.0,385.87781,18547.377379999998,643744,7808.0,8,39,True,24
BSIF,39,9,256,2026471025,normal,10019.194111,0.0,10019.194111,7084.470783,2134.082592,800.400745,0.0,0.0,0.100209,10019.093902,606280,7324.0,1,39,True,25
RPPS-TDC,39,9,256,2026471025,normal,10207.659731,0.0,10207.659731,7059.132097,226.352559,2708.949751,212.052921,0.0,1847.790708,8359.869023,596540,6912.0,8,32,True,25
PRTD,39,9,256,2026471025,normal,19041.480592,0.0,19041.480592,14072.393232,2564.492019,2241.242862,160.749058,0.0,390.491607,18650.988985,643744,7808.0,8,39,True,25
IRPP-TD,39,9,256,2026471025,normal,103.15012,0.0,103.15012,87.78059,2.222169,12.805262,0.0,0.0,5.630757,97.519363,555906,1568.0,7,39,True,25
RPPS-TDC,39,9,256,2026471026,normal,10415.279561,0.0,10415.279561,7199.826221,228.179673,2776.644224,209.269836,0.0,1913.682431,8501.59713,596540,6912.0,9,32,True,26
PRTD,39,9,256,2026471026,normal,18791.220305,0.0,18791.220305,13908.294416,2522.64898,2197.853367,160.053035,0.0,384.349455,18406.87085,643744,7808.0,8,39,True,26
IRPP-TD,39,9,256,2026471026,normal,101.88635,0.0,101.88635,86.870815,2.227822,12.389926,0.0,0.0,5.414374,96.471976,555906,1568.0,7,39,True,26
BSIF,39,9,256,2026471026,normal,10158.217056,0.0,10158.217056,7223.99971,2124.317004,809.62977,0.0,0.0,0.093608,10158.123448,606280,7324.0,1,39,True,26
PRTD,39,9,256,2026471027,normal,17783.791558,0.0,17783.791558,13298.936568,2342.916293,1978.917397,160.658823,0.0,339.116439,17444.675119,606568,7808.0,7,39,True,27
IRPP-TD,39,9,256,2026471027,normal,103.320703,0.0,103.320703,87.88849,2.328219,12.76342,0.0,0.0,5.356592,97.96411099999999,555906,1568.0,7,39,True,27
BSIF,39,9,256,2026471027,normal,9690.414211,0.0,9690.414211,7132.978227,2013.671795,543.548265,0.0,0.0,0.086163,9690.328048,513352,7324.0,1,27,True,27
RPPS-TDC,39,9,256,2026471027,normal,10440.030577,0.0,10440.030577,7250.372934,221.731915,2759.706132,206.888977,0.0,1909.820658,8530.209918999999,596540,6912.0,8,32,True,27
IRPP-TD,39,9,256,2026471028,normal,101.197905,0.0,101.197905,86.471003,2.233179,12.192208,0.0,0.0,5.392239,95.805666,555906,1568.0,7,39,True,28
BSIF,39,9,256,2026471028,normal,10198.617497,0.0,10198.617497,7251.086936,2136.201025,811.075534,0.0,0.0,0.087102,10198.530395,606280,7324.0,1,39,True,28
RPPS-TDC,39,9,256,2026471028,normal,10410.193217,0.0,10410.193217,7227.593733,226.249725,2744.768037,210.206176,0.0,1895.587782,8514.605435,596540,6912.0,8,32,True,28
PRTD,39,9,256,2026471028,normal,18800.493692,0.0,18800.493692,13910.678062,2520.735364,2206.144772,160.159681,0.0,385.13684,18415.356852,643744,7808.0,8,39,True,28
BSIF,39,9,256,2026471029,normal,8985.153646,0.0,8985.153646,6447.172537,1845.516615,692.249879,0.0,0.0,0.088122,8985.065524000001,606280,7324.0,1,39,True,29
RPPS-TDC,39,9,256,2026471029,normal,9136.388622,0.0,9136.388622,6246.71303,210.520572,2479.012411,198.960927,0.0,1679.000631,7457.3879910000005,596540,6912.0,8,32,True,29
PRTD,39,9,256,2026471029,normal,18037.977525,0.0,18037.977525,13292.763316,2451.769288,2126.808593,164.35569,0.0,369.202151,17668.775373999997,643744,7808.0,8,39,True,29
IRPP-TD,39,9,256,2026471029,normal,105.154691,0.0,105.154691,89.856302,2.258503,12.681999,0.0,0.0,5.293571,99.86112,555906,1568.0,7,39,True,29
IRPP-TD,50,9,256,2026581000,normal,162.870848,0.0,162.870848,144.01418,2.948651,15.487393,0.0,0.0,6.558827,156.312021,818300,1568.0,6,50,True,0
BSIF,50,9,256,2026581000,normal,13065.654115,0.0,13065.654115,9367.816929,2688.812328,1008.699899,0.0,0.0,0.099042,13065.555073,777264,7324.0,1,50,True,0
RPPS-TDC,50,9,256,2026581000,normal,13422.857467,0.0,13422.857467,9360.794805,239.906356,3541.264909,279.003335,0.0,2440.922084,10981.935383,762760,6912.0,8,40,True,0
PRTD,50,9,256,2026581000,normal,23635.518508,0.0,23635.518508,17938.641899,2800.173835,2692.114729,201.633187,0.0,379.484172,23256.034336,809580,7808.0,8,50,True,0
BSIF,50,9,256,2026581001,normal,12841.570222,0.0,12841.570222,9041.910249,2728.2742,1071.097711,0.0,0.0,0.192847,12841.377375,777264,7324.0,1,50,True,1
RPPS-TDC,50,9,256,2026581001,normal,13201.120406,0.0,13201.120406,9243.797494,226.850537,3463.694388,264.98896,0.0,2400.123866,10800.99654,762760,6912.0,8,40,True,1
PRTD,50,9,256,2026581001,normal,23224.920936,0.0,23224.920936,17526.451603,2775.668874,2705.445505,214.785865,0.0,381.502019,22843.418917,809580,7808.0,8,50,True,1
IRPP-TD,50,9,256,2026581001,normal,154.221703,0.0,154.221703,136.259687,2.720625,14.838935,0.0,0.0,6.579597,147.64210599999998,818300,1568.0,6,50,True,1
RPPS-TDC,50,9,256,2026581002,normal,13147.661285,0.0,13147.661285,9168.408008,231.746181,3478.448701,267.399305,0.0,2412.241669,10735.419616,762760,6912.0,8,40,True,2
PRTD,50,9,256,2026581002,normal,23704.526564,0.0,23704.526564,17942.792169,2827.197526,2737.965223,193.868589,0.0,388.033557,23316.493007,809580,7808.0,8,50,True,2
IRPP-TD,50,9,256,2026581002,normal,150.813035,0.0,150.813035,133.290572,2.66747,14.472208,0.0,0.0,6.207012,144.60602300000002,818300,1568.0,6,50,True,2
BSIF,50,9,256,2026581002,normal,11980.330778,0.0,11980.330778,8810.188323,2495.978985,673.930626,0.0,0.0,0.085741,11980.245036999999,661104,7324.0,1,35,True,2
PRTD,50,9,256,2026581003,normal,23386.903701,0.0,23386.903701,17608.809763,2839.557598,2742.104609,193.964351,0.0,386.038601,23000.8651,809580,7808.0,8,50,True,3
IRPP-TD,50,9,256,2026581003,normal,156.272965,0.0,156.272965,138.230831,2.794203,14.784849,0.0,0.0,6.264566,150.008399,818300,1568.0,6,50,True,3
BSIF,50,9,256,2026581003,normal,12552.140223,0.0,12552.140223,8915.695705,2635.542256,1000.637651,0.0,0.0,0.087711,12552.052512,777264,7324.0,1,50,True,3
RPPS-TDC,50,9,256,2026581003,normal,12990.679549,0.0,12990.679549,9059.368593,229.420414,3435.862808,264.579494,0.0,2375.652925,10615.026624,762760,6912.0,8,40,True,3
IRPP-TD,50,9,256,2026581004,normal,168.183028,0.0,168.183028,146.961226,3.217453,17.473968,0.0,0.0,7.088841,161.094187,818300,1568.0,6,50,True,4
BSIF,50,9,256,2026581004,normal,12317.997033,0.0,12317.997033,9048.821446,2568.956204,699.9552,0.0,0.0,0.110568,12317.886465,661104,7324.0,1,35,True,4
RPPS-TDC,50,9,256,2026581004,normal,12764.77461,0.0,12764.77461,8907.920267,236.980777,3346.901331,271.589802,0.0,2315.595207,10449.179403,762760,6912.0,8,40,True,4
PRTD,50,9,256,2026581004,normal,23823.093433,0.0,23823.093433,18075.459481,2822.525112,2717.846134,204.425241,0.0,386.890002,23436.203430999998,809580,7808.0,8,50,True,4
BSIF,50,9,256,2026581005,normal,12756.356569,0.0,12756.356569,9045.765019,2693.322689,1017.013829,0.0,0.0,0.090357,12756.266212,777264,7324.0,1,50,True,5
RPPS-TDC,50,9,256,2026581005,normal,12873.533222,0.0,12873.533222,8979.093171,229.015261,3401.471458,262.548267,0.0,2367.421818,10506.111404,762760,6912.0,8,40,True,5
PRTD,50,9,256,2026581005,normal,23414.70112,0.0,23414.70112,17686.721228,2795.607192,2725.618843,204.176678,0.0,390.959844,23023.741276,809580,7808.0,8,50,True,5
IRPP-TD,50,9,256,2026581005,normal,163.306885,0.0,163.306885,145.138855,2.757294,14.990426,0.0,0.0,6.687144,156.619741,818300,1568.0,6,50,True,5
RPPS-TDC,50,9,256,2026581006,normal,12951.323728,0.0,12951.323728,9055.731778,228.241577,3403.640876,262.258203,0.0,2354.177063,10597.146665,762760,6912.0,8,40,True,6
PRTD,50,9,256,2026581006,normal,23592.607479,0.0,23592.607479,17789.197904,2825.629441,2768.257042,207.05512,0.0,392.543896,23200.063583,809580,7808.0,8,50,True,6
IRPP-TD,50,9,256,2026581006,normal,163.040169,0.0,163.040169,143.757396,2.792579,16.06791,0.0,0.0,6.859695,156.180474,818300,1568.0,6,50,True,6
BSIF,50,9,256,2026581006,normal,12404.636024,0.0,12404.636024,9074.109252,2619.792868,710.474159,0.0,0.0,0.110605,12404.525419,661104,7324.0,1,35,True,6
PRTD,50,9,256,2026581007,normal,23308.064448,0.0,23308.064448,17633.132112,2784.939878,2684.38058,203.1314,0.0,379.676795,22928.387653,809580,7808.0,8,50,True,7
IRPP-TD,50,9,256,2026581007,normal,157.576549,0.0,157.576549,138.960545,2.872656,15.308974,0.0,0.0,6.618687,150.957862,818300,1568.0,6,50,True,7
BSIF,50,9,256,2026581007,normal,12639.93025,0.0,12639.93025,9036.918755,2630.50924,972.23202,0.0,0.0,0.081805,12639.848445,777264,7324.0,1,50,True,7
RPPS-TDC,50,9,256,2026581007,normal,13097.264651,0.0,13097.264651,9090.798183,221.487864,3531.698837,251.818639,0.0,2464.709057,10632.555594,762760,6912.0,8,40,True,7
IRPP-TD,50,9,256,2026581008,normal,150.235718,0.0,150.235718,132.734842,2.640104,14.501249,0.0,0.0,6.268749,143.966969,818300,1568.0,6,50,True,8
BSIF,50,9,256,2026581008,normal,12707.054706,0.0,12707.054706,9036.325201,2639.673046,1030.783703,0.0,0.0,0.103428,12706.951278,777264,7324.0,1,50,True,8
RPPS-TDC,50,9,256,2026581008,normal,13060.214769,0.0,13060.214769,9123.864468,230.927177,3440.141222,263.621893,0.0,2381.606004,10678.608765,762760,6912.0,8,40,True,8
PRTD,50,9,256,2026581008,normal,23136.396168,0.0,23136.396168,17517.981663,2760.696277,2653.841329,201.498335,0.0,375.229559,22761.166609,809580,7808.0,8,50,True,8
BSIF,50,9,256,2026581009,normal,12715.805874,0.0,12715.805874,9082.813552,2620.399788,1012.329468,0.0,0.0,0.084811,12715.721062999999,777264,7324.0,1,50,True,9
RPPS-TDC,50,9,256,2026581009,normal,12951.262796,0.0,12951.262796,9016.073401,221.267121,3452.645227,259.875395,0.0,2399.478375,10551.784421,762760,6912.0,8,40,True,9
PRTD,50,9,256,2026581009,normal,23739.645677,0.0,23739.645677,17944.75135,2850.651609,2744.292216,197.230656,0.0,395.296813,23344.348864,809580,7808.0,8,50,True,9
IRPP-TD,50,9,256,2026581009,normal,155.081022,0.0,155.081022,136.418766,2.705332,15.545373,0.0,0.0,6.954783,148.126239,818300,1568.0,6,50,True,9
RPPS-TDC,50,9,256,2026581010,normal,12821.431722,0.0,12821.431722,8979.806624,233.972667,3340.310826,265.89249,0.0,2288.475607,10532.956114999999,762760,6912.0,8,40,True,10
PRTD,50,9,256,2026581010,normal,23122.194398,0.0,23122.194398,17512.925271,2759.720403,2649.703506,197.346897,0.0,380.4691,22741.725298,809580,7808.0,8,50,True,10
IRPP-TD,50,9,256,2026581010,normal,154.355424,0.0,154.355424,136.512205,2.669789,14.770646,0.0,0.0,6.443862,147.911562,818300,1568.0,6,50,True,10
BSIF,50,9,256,2026581010,normal,12665.349,0.0,12665.349,9158.453493,2755.031147,751.551097,0.0,0.0,0.100246,12665.248754,661104,7324.0,1,35,True,10
PRTD,50,9,256,2026581011,normal,23364.493279,0.0,23364.493279,17632.650264,2800.174176,2714.67276,214.326365,0.0,381.588839,22982.90444,809580,7808.0,8,50,True,11
IRPP-TD,50,9,256,2026581011,normal,169.360035,0.0,169.360035,149.531157,2.959384,16.414084,0.0,0.0,7.182278,162.177757,818300,1568.0,6,50,True,11
BSIF,50,9,256,2026581011,normal,12597.411358,0.0,12597.411358,9315.210006,2586.075793,695.823289,0.0,0.0,0.087607,12597.323751,661104,7324.0,1,35,True,11
RPPS-TDC,50,9,256,2026581011,normal,13207.662541,0.0,13207.662541,9175.472597,244.879435,3503.080768,282.545073,0.0,2381.774943,10825.887598,762760,6912.0,8,40,True,11
IRPP-TD,50,9,256,2026581012,normal,169.917148,0.0,169.917148,150.426949,2.988817,16.075659,0.0,0.0,6.868966,163.048182,818300,1568.0,6,50,True,12
BSIF,50,9,256,2026581012,normal,12520.235195,0.0,12520.235195,9198.071832,2605.765801,716.131074,0.0,0.0,0.08878,12520.146415,661104,7324.0,1,35,True,12
RPPS-TDC,50,9,256,2026581012,normal,12958.086189,0.0,12958.086189,9070.261899,227.380365,3397.896746,261.019346,0.0,2353.384671,10604.701518,762760,6912.0,8,40,True,12
PRTD,50,9,256,2026581012,normal,23108.71964,0.0,23108.71964,17491.41726,2755.099305,2658.046835,201.835228,0.0,375.847539,22732.872101,809580,7808.0,8,50,True,12
BSIF,50,9,256,2026581013,normal,12223.182981,0.0,12223.182981,8977.669143,2548.281909,696.995457,0.0,0.0,0.084675,12223.098306,661104,7324.0,1,35,True,13
RPPS-TDC,50,9,256,2026581013,normal,12930.511694,0.0,12930.511694,8990.652439,229.474071,3446.73398,262.302843,0.0,2397.199145,10533.312549,762760,6912.0,8,40,True,13
PRTD,50,9,256,2026581013,normal,23442.860385,0.0,23442.860385,17725.361071,2806.382572,2705.322127,203.352864,0.0,383.506952,23059.353433,809580,7808.0,8,50,True,13
IRPP-TD,50,9,256,2026581013,normal,157.141935,0.0,157.141935,138.788024,2.788998,15.173646,0.0,0.0,6.589453,150.552482,818300,1568.0,6,50,True,13
RPPS-TDC,50,9,256,2026581014,normal,13108.603508,0.0,13108.603508,9119.275931,234.028184,3484.537143,269.291545,0.0,2410.425027,10698.178481,762760,6912.0,8,40,True,14
PRTD,50,9,256,2026581014,normal,23430.999629,0.0,23430.999629,17770.181145,2774.128861,2683.398871,200.510359,0.0,379.158204,23051.841425000002,809580,7808.0,8,50,True,14
IRPP-TD,50,9,256,2026581014,normal,154.761109,0.0,154.761109,136.583112,2.735578,15.06039,0.0,0.0,6.479427,148.28168200000002,818300,1568.0,6,50,True,14
BSIF,50,9,256,2026581014,normal,12205.272469,0.0,12205.272469,8958.429316,2549.94198,696.660934,0.0,0.0,0.088041,12205.184427999999,661104,7324.0,1,35,True,14
PRTD,50,9,256,2026581015,normal,23165.718831,0.0,23165.718831,17518.556691,2770.155644,2672.247842,202.424414,0.0,378.215894,22787.502936999997,809580,7808.0,8,50,True,15
IRPP-TD,50,9,256,2026581015,normal,156.947057,0.0,156.947057,138.501694,2.787822,15.244395,0.0,0.0,6.568506,150.378551,818300,1568.0,6,50,True,15
BSIF,50,9,256,2026581015,normal,12544.691705,0.0,12544.691705,9304.988743,2542.918027,696.536567,0.0,0.0,0.100409,12544.591295999999,661104,7324.0,1,35,True,15
RPPS-TDC,50,9,256,2026581015,normal,12811.57527,0.0,12811.57527,8909.929547,224.548534,3418.576372,257.176038,0.0,2338.94944,10472.625829999999,762760,6912.0,8,40,True,15
IRPP-TD,50,9,256,2026581016,normal,153.107804,0.0,153.107804,135.459746,2.705171,14.562883,0.0,0.0,6.140015,146.96778899999998,818300,1568.0,6,50,True,16
BSIF,50,9,256,2026581016,normal,12127.708497,0.0,12127.708497,8846.400434,2584.7373,696.287373,0.0,0.0,0.084609,12127.623888,661104,7324.0,1,35,True,16
RPPS-TDC,50,9,256,2026581016,normal,12892.879174,0.0,12892.879174,8951.27851,231.154909,3444.345953,264.758074,0.0,2384.479151,10508.400023,762760,6912.0,8,40,True,16
PRTD,50,9,256,2026581016,normal,23153.284883,0.0,23153.284883,17549.85398,2740.52021,2661.811625,198.695561,0.0,373.06938,22780.215503,809580,7808.0,8,50,True,16
BSIF,50,9,256,2026581017,normal,12744.496474,0.0,12744.496474,9087.390502,2663.409295,993.448198,0.0,0.0,0.088133,12744.408341,777264,7324.0,1,50,True,17
RPPS-TDC,50,9,256,2026581017,normal,12843.023296,0.0,12843.023296,8966.215962,227.684239,3387.129914,260.598085,0.0,2345.574645,10497.448650999999,762760,6912.0,8,40,True,17
PRTD,50,9,256,2026581017,normal,23438.642844,0.0,23438.642844,17748.944942,2788.043066,2698.974208,200.049132,0.0,380.759758,23057.883086,809580,7808.0,8,50,True,17
IRPP-TD,50,9,256,2026581017,normal,155.635673,0.0,155.635673,137.467831,2.74021,15.011628,0.0,0.0,6.407003,149.22867,818300,1568.0,6,50,True,17
RPPS-TDC,50,9,256,2026581018,normal,12850.945825,0.0,12850.945825,8966.184428,227.205608,3395.214867,261.055671,0.0,2351.383774,10499.562051,762760,6912.0,8,40,True,18
PRTD,50,9,256,2026581018,normal,23126.804172,0.0,23126.804172,17486.791616,2772.09747,2664.722509,200.766676,0.0,378.88426,22747.919912,809580,7808.0,8,50,True,18
IRPP-TD,50,9,256,2026581018,normal,154.919493,0.0,154.919493,136.989588,2.803143,14.729934,0.0,0.0,6.248419,148.67107399999998,818300,1568.0,6,50,True,18
BSIF,50,9,256,2026581018,normal,12227.873009,0.0,12227.873009,8968.629911,2562.086696,696.915226,0.0,0.0,0.086508,12227.786501,661104,7324.0,1,35,True,18
PRTD,50,9,256,2026581019,normal,23123.393278,0.0,23123.393278,17490.200558,2759.047708,2670.346657,201.416945,0.0,378.08894,22745.304337999998,809580,7808.0,8,50,True,19
IRPP-TD,50,9,256,2026581019,normal,165.464421,0.0,165.464421,147.089477,2.775806,15.134378,0.0,0.0,6.582953,158.88146799999998,818300,1568.0,6,50,True,19
BSIF,50,9,256,2026581019,normal,12246.376475,0.0,12246.376475,8990.316569,2557.885436,697.928839,0.0,0.0,0.084305,12246.292169999999,661104,7324.0,1,35,True,19
RPPS-TDC,50,9,256,2026581019,normal,13064.928063,0.0,13064.928063,9109.289661,231.153524,3459.166519,263.742072,0.0,2395.573346,10669.354716999998,762760,6912.0,8,40,True,19
IRPP-TD,50,9,256,2026581020,normal,157.732105,0.0,157.732105,139.154706,2.856054,15.338391,0.0,0.0,6.302197,151.42990799999998,818300,1568.0,6,50,True,20
BSIF,50,9,256,2026581020,normal,12424.852214,0.0,12424.852214,9120.201207,2591.462084,712.916683,0.0,0.0,0.085182,12424.767032,661104,7324.0,1,35,True,20
RPPS-TDC,50,9,256,2026581020,normal,13012.774501,0.0,13012.774501,9093.911628,232.471252,3419.063643,265.783735,0.0,2363.149037,10649.625464,762760,6912.0,8,40,True,20
PRTD,50,9,256,2026581020,normal,23193.485086,0.0,23193.485086,17590.851622,2748.879878,2651.482972,199.918954,0.0,374.847818,22818.637268000002,809580,7808.0,8,50,True,20
BSIF,50,9,256,2026581021,normal,12320.946764,0.0,12320.946764,9049.58497,2569.246973,701.882881,0.0,0.0,0.115739,12320.831025,661104,7324.0,1,35,True,21
RPPS-TDC,50,9,256,2026581021,normal,13013.779313,0.0,13013.779313,9089.083782,233.447713,3422.613256,267.225638,0.0,2361.439995,10652.339317999998,762760,6912.0,8,40,True,21
PRTD,50,9,256,2026581021,normal,23598.083661,0.0,23598.083661,17834.073442,2822.009167,2736.428307,202.741928,0.0,385.289944,23212.793717,809580,7808.0,8,50,True,21
IRPP-TD,50,9,256,2026581021,normal,157.402272,0.0,157.402272,138.969091,2.773307,15.247118,0.0,0.0,6.615611,150.786661,818300,1568.0,6,50,True,21
RPPS-TDC,50,9,256,2026581022,normal,12919.646015,0.0,12919.646015,8994.010396,229.019967,3432.398675,262.908307,0.0,2374.08382,10545.562195,762760,6912.0,8,40,True,22
PRTD,50,9,256,2026581022,normal,23012.601763,0.0,23012.601763,17396.049217,2740.51769,2664.777594,208.834423,0.0,375.715551,22636.886211999998,809580,7808.0,8,50,True,22
IRPP-TD,50,9,256,2026581022,normal,161.645858,0.0,161.645858,142.861484,2.884527,15.510208,0.0,0.0,6.789671,154.856187,818300,1568.0,6,50,True,22
BSIF,50,9,256,2026581022,normal,12390.400603,0.0,12390.400603,9147.5171,2547.039505,695.600472,0.0,0.0,0.08267,12390.317933,661104,7324.0,1,35,True,22
PRTD,50,9,256,2026581023,normal,23190.356069,0.0,23190.356069,17546.668125,2772.28714,2668.471417,200.556957,0.0,377.296522,22813.059547,809580,7808.0,8,50,True,23
IRPP-TD,50,9,256,2026581023,normal,154.996423,0.0,154.996423,137.057736,2.764195,14.754704,0.0,0.0,6.268925,148.727498,818300,1568.0,6,50,True,23
BSIF,50,9,256,2026581023,normal,12225.684052,0.0,12225.684052,8971.853287,2556.064385,697.530987,0.0,0.0,0.084405,12225.599647000001,661104,7324.0,1,35,True,23
RPPS-TDC,50,9,256,2026581023,normal,13017.438345,0.0,13017.438345,9100.302259,228.94582,3425.394347,261.263289,0.0,2381.471154,10635.967191,762760,6912.0,8,40,True,23
IRPP-TD,50,9,256,2026581024,normal,155.614455,0.0,155.614455,137.614763,2.756084,14.854078,0.0,0.0,6.252315,149.36213999999998,818300,1568.0,6,50,True,24
BSIF,50,9,256,2026581024,normal,12255.351712,0.0,12255.351712,8982.127452,2573.978,699.002719,0.0,0.0,0.088381,12255.263331,661104,7324.0,1,35,True,24
RPPS-TDC,50,9,256,2026581024,normal,12872.06827,0.0,12872.06827,8978.882257,228.528609,3402.529313,260.822324,0.0,2357.940409,10514.127861,762760,6912.0,8,40,True,24
PRTD,50,9,256,2026581024,normal,23129.956214,0.0,23129.956214,17497.530104,2764.204503,2663.23225,202.670072,0.0,376.091114,22753.865100000003,809580,7808.0,8,50,True,24
BSIF,50,9,256,2026581025,normal,12435.634255,0.0,12435.634255,9128.913764,2599.901184,706.570919,0.0,0.0,0.085407,12435.548848,661104,7324.0,1,35,True,25
RPPS-TDC,50,9,256,2026581025,normal,13078.279155,0.0,13078.279155,9120.384369,233.038837,3458.678646,264.636304,0.0,2395.339703,10682.939452,762760,6912.0,8,40,True,25
PRTD,50,9,256,2026581025,normal,23537.245694,0.0,23537.245694,17839.645067,2793.700635,2695.656727,205.418225,0.0,381.407916,23155.837778,809580,7808.0,8,50,True,25
IRPP-TD,50,9,256,2026581025,normal,156.494364,0.0,156.494364,138.264393,2.779719,15.05677,0.0,0.0,6.458173,150.036191,818300,1568.0,6,50,True,25
RPPS-TDC,50,9,256,2026581026,normal,13045.108736,0.0,13045.108736,9119.196096,230.551705,3429.854844,263.972261,0.0,2366.403265,10678.705471000001,762760,6912.0,8,40,True,26
PRTD,50,9,256,2026581026,normal,23753.251747,0.0,23753.251747,17970.733784,2831.844225,2740.626901,207.394313,0.0,380.447246,23372.804501,809580,7808.0,8,50,True,26
IRPP-TD,50,9,256,2026581026,normal,165.434753,0.0,165.434753,145.490387,2.949419,16.561387,0.0,0.0,7.12235,158.312403,818300,1568.0,6,50,True,26
BSIF,50,9,256,2026581026,normal,12352.647806,0.0,12352.647806,9075.019649,2574.766144,702.626974,0.0,0.0,0.09119,12352.556616000002,661104,7324.0,1,35,True,26
PRTD,50,9,256,2026581027,normal,23275.660305,0.0,23275.660305,17594.816987,2784.637651,2688.261884,205.606551,0.0,379.492577,22896.167728,809580,7808.0,8,50,True,27
IRPP-TD,50,9,256,2026581027,normal,158.090471,0.0,158.090471,139.563801,2.815699,15.314759,0.0,0.0,6.454008,151.63646300000002,818300,1568.0,7,50,True,27
BSIF,50,9,256,2026581027,normal,12754.82707,0.0,12754.82707,9060.833939,2680.113373,1013.616146,0.0,0.0,0.089828,12754.737242,777264,7324.0,1,50,True,27
RPPS-TDC,50,9,256,2026581027,normal,13093.945179,0.0,13093.945179,9108.348433,229.11082,3492.259571,262.681366,0.0,2429.650823,10664.294356,762760,6912.0,8,40,True,27
IRPP-TD,50,9,256,2026581028,normal,157.156476,0.0,157.156476,138.421787,2.847358,15.497912,0.0,0.0,6.670315,150.486161,818300,1568.0,6,50,True,28
BSIF,50,9,256,2026581028,normal,12840.852688,0.0,12840.852688,9160.30689,2675.217837,1005.092608,0.0,0.0,0.084592,12840.768096000002,777264,7324.0,1,50,True,28
RPPS-TDC,50,9,256,2026581028,normal,12854.640777,0.0,12854.640777,8957.188263,227.999128,3406.645305,261.996993,0.0,2357.819543,10496.821234000001,762760,6912.0,8,40,True,28
PRTD,50,9,256,2026581028,normal,23184.848447,0.0,23184.848447,17532.339876,2771.076561,2675.747454,204.233204,0.0,377.797783,22807.050664000002,809580,7808.0,8,50,True,28
BSIF,50,9,256,2026581029,normal,12264.107187,0.0,12264.107187,9000.128733,2564.631149,699.198591,0.0,0.0,0.083379,12264.023808,661104,7324.0,1,35,True,29
RPPS-TDC,50,9,256,2026581029,normal,13020.663336,0.0,13020.663336,9067.016303,230.983878,3455.349007,266.181214,0.0,2396.542966,10624.12037,762760,6912.0,8,40,True,29
PRTD,50,9,256,2026581029,normal,23596.509319,0.0,23596.509319,17849.461396,2837.293662,2703.321021,203.539156,0.0,382.16294,23214.346379000002,809580,7808.0,8,50,True,29
IRPP-TD,50,9,256,2026581029,normal,159.699792,0.0,159.699792,141.209278,2.816745,15.21419,0.0,0.0,6.526883,153.172909,818300,1568.0,6,50,True,29
IRPP-TD,27,9,256,2035081000,proactive,63.451862,0.0,63.451862,43.713591,1.589707,9.311569,0.0,8.59295,4.181011,59.270851,337486,1568.0,6,27,True,0
IRPP-TD,27,9,256,2035081000,challenged,64.224482,0.0,64.224482,43.970694,1.687456,9.202646,0.0,9.114046,4.108048,60.116434,337678,1568.0,6,27,True,0
IRPP-TD,27,9,256,2035081000,delayed,64.817759,500.0,564.817759,44.811524,1.593023,9.420149,0.0,8.710561,4.078749,60.73900999999999,337678,1568.0,6,27,True,0
IRPP-TD,27,9,256,2035081001,proactive,63.643962,0.0,63.643962,43.806379,1.613081,9.182294,0.0,8.79137,4.023569,59.620393,337486,1568.0,6,27,True,1
IRPP-TD,27,9,256,2035081001,challenged,62.218579,0.0,62.218579,43.03561,1.552627,8.9128,0.0,8.433396,3.990677,58.227902,337678,1568.0,6,27,True,1
IRPP-TD,27,9,256,2035081001,delayed,61.251373,500.0,561.2513730000001,42.647128,1.498104,8.761425,0.0,8.105778,3.925059,57.326314,337678,1568.0,6,27,True,1
IRPP-TD,27,9,256,2035081002,proactive,61.710614,0.0,61.710614,42.731842,1.560288,8.771847,0.0,8.358479,3.770095,57.940519,337486,1568.0,6,27,True,2
IRPP-TD,27,9,256,2035081002,challenged,61.789921,0.0,61.789921,42.682496,1.549733,8.781547,0.0,8.518691,3.913941,57.87598,337678,1568.0,6,27,True,2
IRPP-TD,27,9,256,2035081002,delayed,62.25166,500.0,562.25166,42.90636,1.547412,8.899341,0.0,8.651063,3.96931,58.28235,337678,1568.0,6,27,True,2
IRPP-TD,27,9,256,2035081003,proactive,61.889163,0.0,61.889163,42.527589,1.510381,9.082085,0.0,8.536684,3.952184,57.936979,337486,1568.0,6,27,True,3
IRPP-TD,27,9,256,2035081003,challenged,61.142205,0.0,61.142205,42.387088,1.556933,8.644425,0.0,8.322285,3.772216,57.369989,337678,1568.0,6,27,True,3
IRPP-TD,27,9,256,2035081003,delayed,62.165113,500.0,562.165113,42.922296,1.519778,9.010523,0.0,8.46047,4.065542,58.099571,337678,1568.0,6,27,True,3
IRPP-TD,27,9,256,2035081004,proactive,62.624826,0.0,62.624826,42.761079,1.51376,9.280289,0.0,8.832079,4.14746,58.477365999999996,337486,1568.0,6,27,True,4
IRPP-TD,27,9,256,2035081004,challenged,62.107154,0.0,62.107154,42.55739,1.493628,9.164264,0.0,8.634096,4.057883,58.049271000000005,337678,1568.0,6,27,True,4
IRPP-TD,27,9,256,2035081004,delayed,61.57776,500.0,561.57776,42.379306,1.502056,9.004479,0.0,8.444808,4.037415,57.540344999999995,337678,1568.0,6,27,True,4
IRPP-TD,27,9,256,2035081005,proactive,61.282929,0.0,61.282929,42.584687,1.518085,8.892341,0.0,8.056157,3.875887,57.407042000000004,337486,1568.0,6,27,True,5
IRPP-TD,27,9,256,2035081005,challenged,61.467118,0.0,61.467118,42.889472,1.510183,8.936044,0.0,7.862751,3.939552,57.527566,337678,1568.0,6,27,True,5
IRPP-TD,27,9,256,2035081005,delayed,62.590825,500.0,562.590825,43.464594,1.536996,8.903744,0.0,8.420734,3.90202,58.688805,337678,1568.0,6,27,True,5
IRPP-TD,27,9,256,2035081006,proactive,61.512832,0.0,61.512832,42.638292,1.530341,8.735739,0.0,8.360706,3.685543,57.827289,337486,1568.0,6,27,True,6
IRPP-TD,27,9,256,2035081006,challenged,61.573506,0.0,61.573506,42.869103,1.576493,8.920768,0.0,7.961825,3.989089,57.584417,337678,1568.0,6,27,True,6
IRPP-TD,27,9,256,2035081006,delayed,61.123752,500.0,561.123752,42.682463,1.484374,8.749939,0.0,7.976745,3.834636,57.289116,337678,1568.0,6,27,True,6
IRPP-TD,27,9,256,2035081007,proactive,62.54551,0.0,62.54551,42.895743,1.587381,8.901273,0.0,8.905597,3.911319,58.634191,337486,1568.0,6,27,True,7
IRPP-TD,27,9,256,2035081007,challenged,62.125941,0.0,62.125941,42.795419,1.497507,8.792407,0.0,8.760359,3.729585,58.396356,337678,1568.0,6,27,True,7
IRPP-TD,27,9,256,2035081007,delayed,61.470315,500.0,561.470315,42.742523,1.491395,8.954946,0.0,8.034434,3.927086,57.543229,337678,1568.0,6,27,True,7
IRPP-TD,27,9,256,2035081008,proactive,71.909782,0.0,71.909782,50.644439,1.740299,10.33618,0.0,8.899117,4.650231,67.259551,337486,1568.0,6,27,True,8
IRPP-TD,27,9,256,2035081008,challenged,63.516257,0.0,63.516257,44.080451,1.577252,9.124299,0.0,8.473551,4.0194,59.496857000000006,337678,1568.0,6,27,True,8
IRPP-TD,27,9,256,2035081008,delayed,61.531472,500.0,561.531472,42.474405,1.568383,8.981981,0.0,8.263125,4.023716,57.507756,337678,1568.0,6,27,True,8
IRPP-TD,27,9,256,2035081009,proactive,62.805609,0.0,62.805609,43.190474,1.52946,8.96743,0.0,8.873235,3.914464,58.891144999999995,337486,1568.0,6,27,True,9
IRPP-TD,27,9,256,2035081009,challenged,62.001465,0.0,62.001465,42.837363,1.550639,8.92529,0.0,8.434631,3.962247,58.039218000000005,337678,1568.0,6,27,True,9
IRPP-TD,27,9,256,2035081009,delayed,62.262913,500.0,562.262913,42.885292,1.515994,8.783179,0.0,8.82813,3.780366,58.482547,337678,1568.0,6,27,True,9
IRPP-TD,27,9,256,2035081010,proactive,61.246033,0.0,61.246033,42.667982,1.515817,8.652414,0.0,8.175095,3.785851,57.460181999999996,337486,1568.0,6,27,True,10
IRPP-TD,27,9,256,2035081010,challenged,61.503657,0.0,61.503657,42.592369,1.512095,8.734237,0.0,8.420452,3.811116,57.692541,337678,1568.0,6,27,True,10
IRPP-TD,27,9,256,2035081010,delayed,61.247455,500.0,561.247455,42.708112,1.481108,8.932573,0.0,7.887807,4.058375,57.189080000000004,337678,1568.0,6,27,True,10
IRPP-TD,27,9,256,2035081011,proactive,61.840147,0.0,61.840147,43.131217,1.53176,8.842412,0.0,8.076448,3.845879,57.994268000000005,337486,1568.0,6,27,True,11
IRPP-TD,27,9,256,2035081011,challenged,61.871055,0.0,61.871055,42.547125,1.490358,8.921805,0.0,8.668952,3.87524,57.995815,337678,1568.0,6,27,True,11
IRPP-TD,27,9,256,2035081011,delayed,60.93926,500.0,560.93926,42.161026,1.501574,8.76544,0.0,8.263656,3.852932,57.086327999999995,337678,1568.0,6,27,True,11
IRPP-TD,27,9,256,2035081012,proactive,61.708421,0.0,61.708421,42.886924,1.535542,8.780958,0.0,8.259697,3.829192,57.879229,337486,1568.0,6,27,True,12
IRPP-TD,27,9,256,2035081012,challenged,62.898299,0.0,62.898299,42.972701,1.528572,9.113421,0.0,9.027418,3.991419,58.90688,337678,1568.0,6,27,True,12
IRPP-TD,27,9,256,2035081012,delayed,62.974586,500.0,562.974586,43.819794,1.558843,8.978798,0.0,8.366066,3.860298,59.114288,337678,1568.0,6,27,True,12
IRPP-TD,27,9,256,2035081013,proactive,61.423704,0.0,61.423704,42.604787,1.503247,8.746236,0.0,8.338732,3.865899,57.557805,337486,1568.0,6,27,True,13
IRPP-TD,27,9,256,2035081013,challenged,60.992339,0.0,60.992339,42.439519,1.483424,8.578316,0.0,8.249323,3.684509,57.30783,337678,1568.0,6,27,True,13
IRPP-TD,27,9,256,2035081013,delayed,60.919846,500.0,560.919846,42.352551,1.51703,8.746518,0.0,8.001812,3.796822,57.123024,337678,1568.0,6,27,True,13
IRPP-TD,27,9,256,2035081014,proactive,60.601746,0.0,60.601746,41.941567,1.510602,8.729384,0.0,8.187152,3.804764,56.796982,337486,1568.0,6,27,True,14
IRPP-TD,27,9,256,2035081014,challenged,60.537554,0.0,60.537554,42.035735,1.524353,8.477723,0.0,8.277264,3.612793,56.924761000000004,337678,1568.0,6,27,True,14
IRPP-TD,27,9,256,2035081014,delayed,61.610663,500.0,561.610663,42.34937,1.503011,8.908141,0.0,8.604894,3.922515,57.688148000000005,337678,1568.0,6,27,True,14
IRPP-TD,27,9,256,2035081015,proactive,61.079985,0.0,61.079985,42.258511,1.547203,8.751131,0.0,8.290973,3.851594,57.228391,337486,1568.0,6,27,True,15
IRPP-TD,27,9,256,2035081015,challenged,61.322231,0.0,61.322231,42.369248,1.557353,8.834141,0.0,8.2975,3.824968,57.497263000000004,337678,1568.0,6,27,True,15
IRPP-TD,27,9,256,2035081015,delayed,61.538887,500.0,561.538887,42.439669,1.541448,8.705471,0.0,8.615147,3.71911,57.819777,337678,1568.0,6,27,True,15
IRPP-TD,27,9,256,2035081016,proactive,60.013697,0.0,60.013697,42.015557,1.494324,8.364546,0.0,7.930515,3.647291,56.366406,337486,1568.0,6,27,True,16
IRPP-TD,27,9,256,2035081016,challenged,60.428797,0.0,60.428797,42.174412,1.48518,8.579981,0.0,7.963136,3.735524,56.693273000000005,337678,1568.0,6,27,True,16
IRPP-TD,27,9,256,2035081016,delayed,61.667655,500.0,561.667655,42.762225,1.517088,8.624501,0.0,8.513394,3.709859,57.957796,337678,1568.0,6,27,True,16
IRPP-TD,27,9,256,2035081017,proactive,60.278332,0.0,60.278332,42.132382,1.480318,8.5967,0.0,7.853101,3.680946,56.597386,337486,1568.0,6,27,True,17
IRPP-TD,27,9,256,2035081017,challenged,62.832153,0.0,62.832153,43.326791,1.50978,9.598629,0.0,8.15493,4.002571,58.829582,337678,1568.0,6,27,True,17
IRPP-TD,27,9,256,2035081017,delayed,60.965756,500.0,560.965756,42.326718,1.515878,8.670857,0.0,8.212567,3.847512,57.118244,337678,1568.0,6,27,True,17
IRPP-TD,27,9,256,2035081018,proactive,60.671734,0.0,60.671734,42.100154,1.48923,8.526842,0.0,8.339968,3.609482,57.062252,337486,1568.0,6,27,True,18
IRPP-TD,27,9,256,2035081018,challenged,61.030532,0.0,61.030532,42.16747,1.535206,8.715463,0.0,8.386505,3.785697,57.244835,337678,1568.0,6,27,True,18
IRPP-TD,27,9,256,2035081018,delayed,60.987951,500.0,560.987951,42.216836,1.505395,8.559687,0.0,8.465246,3.717544,57.270407000000006,337678,1568.0,6,27,True,18
IRPP-TD,27,9,256,2035081019,proactive,62.260191,0.0,62.260191,42.673266,1.51128,8.962265,0.0,8.872609,3.87088,58.389311,337486,1568.0,6,27,True,19
IRPP-TD,27,9,256,2035081019,challenged,61.220916,0.0,61.220916,42.18339,1.527456,8.707098,0.0,8.565863,3.756011,57.464905,337678,1568.0,6,27,True,19
IRPP-TD,27,9,256,2035081019,delayed,61.008302,500.0,561.008302,42.64484,1.486079,8.518294,0.0,8.126035,3.734971,57.273331,337678,1568.0,6,27,True,19
IRPP-TD,27,9,256,2035081020,proactive,60.012736,0.0,60.012736,41.933176,1.488814,8.602452,0.0,7.753309,3.839148,56.173587999999995,337486,1568.0,6,27,True,20
IRPP-TD,27,9,256,2035081020,challenged,60.445535,0.0,60.445535,42.38585,1.495682,8.481673,0.0,7.854762,3.594332,56.851203,337678,1568.0,6,27,True,20
IRPP-TD,27,9,256,2035081020,delayed,61.403771,500.0,561.403771,42.332502,1.540589,8.931139,0.0,8.357175,3.944233,57.459538,337678,1568.0,6,27,True,20
IRPP-TD,27,9,256,2035081021,proactive,62.335099,0.0,62.335099,42.971012,1.489599,8.904578,0.0,8.727846,3.80066,58.534439,337486,1568.0,6,27,True,21
IRPP-TD,27,9,256,2035081021,challenged,61.306047,0.0,61.306047,42.570462,1.497365,8.86556,0.0,8.118926,3.874964,57.431083,337678,1568.0,6,27,True,21
IRPP-TD,27,9,256,2035081021,delayed,61.619633,500.0,561.619633,42.71453,1.539653,9.011196,0.0,8.112672,3.907405,57.712228,337678,1568.0,6,27,True,21
IRPP-TD,27,9,256,2035081022,proactive,62.168147,0.0,62.168147,42.61685,1.566206,9.156544,0.0,8.573378,4.082774,58.085373,337486,1568.0,6,27,True,22
IRPP-TD,27,9,256,2035081022,challenged,61.311446,0.0,61.311446,42.34155,1.474831,8.923906,0.0,8.332805,3.915174,57.396271999999996,337678,1568.0,6,27,True,22
IRPP-TD,27,9,256,2035081022,delayed,60.56953,500.0,560.56953,42.40536,1.513009,8.592837,0.0,7.830348,3.626063,56.943467,337678,1568.0,6,27,True,22
IRPP-TD,27,9,256,2035081023,proactive,62.450292,0.0,62.450292,42.561998,1.558642,9.070117,0.0,9.02272,4.043127,58.407165,337486,1568.0,6,27,True,23
IRPP-TD,27,9,256,2035081023,challenged,61.434,0.0,61.434,42.61463,1.533703,8.736418,0.0,8.30865,3.775777,57.658223,337678,1568.0,6,27,True,23
IRPP-TD,27,9,256,2035081023,delayed,61.316771,500.0,561.316771,42.605678,1.492499,8.646662,0.0,8.321987,3.720645,57.596126000000005,337678,1568.0,6,27,True,23
IRPP-TD,27,9,256,2035081024,proactive,60.552793,0.0,60.552793,41.997828,1.516221,8.584743,0.0,8.228501,3.703197,56.849596,337486,1568.0,6,27,True,24
IRPP-TD,27,9,256,2035081024,challenged,61.545893,0.0,61.545893,42.180905,1.511541,8.843885,0.0,8.758272,3.917701,57.628192,337678,1568.0,6,27,True,24
IRPP-TD,27,9,256,2035081024,delayed,61.350706,500.0,561.350706,42.591707,1.572522,8.965297,0.0,7.976283,3.906246,57.44446,337678,1568.0,6,27,True,24
IRPP-TD,27,9,256,2035081025,proactive,61.63045,0.0,61.63045,42.790542,1.510612,8.812079,0.0,8.278068,3.753526,57.876924,337486,1568.0,6,27,True,25
IRPP-TD,27,9,256,2035081025,challenged,62.194189,0.0,62.194189,43.075324,1.509777,8.994506,0.0,8.337764,4.059551,58.134638,337678,1568.0,6,27,True,25
IRPP-TD,27,9,256,2035081025,delayed,60.78631,500.0,560.78631,42.313449,1.479735,8.751647,0.0,8.015897,3.881135,56.905175,337678,1568.0,6,27,True,25
IRPP-TD,27,9,256,2035081026,proactive,60.403361,0.0,60.403361,42.29896,1.487262,8.343218,0.0,8.059867,3.504919,56.898441999999996,337486,1568.0,6,27,True,26
IRPP-TD,27,9,256,2035081026,challenged,60.972383,0.0,60.972383,42.234105,1.541677,8.828335,0.0,8.132377,3.810652,57.161731,337678,1568.0,6,27,True,26
IRPP-TD,27,9,256,2035081026,delayed,61.484099,500.0,561.484099,42.696552,1.510773,8.816205,0.0,8.216232,3.867738,57.616361,337678,1568.0,6,27,True,26
IRPP-TD,27,9,256,2035081027,proactive,60.648115,0.0,60.648115,42.580255,1.478047,8.519573,0.0,7.843254,3.692922,56.955192999999994,337486,1568.0,6,27,True,27
IRPP-TD,27,9,256,2035081027,challenged,61.707197,0.0,61.707197,42.972591,1.523561,8.699455,0.0,8.270644,3.788851,57.918346,337678,1568.0,6,27,True,27
IRPP-TD,27,9,256,2035081027,delayed,60.963319,500.0,560.963319,42.454957,1.487661,8.457654,0.0,8.332208,3.619298,57.344021,337678,1568.0,6,27,True,27
IRPP-TD,27,9,256,2035081028,proactive,60.712332,0.0,60.712332,42.248265,1.520829,8.646146,0.0,8.057696,3.817606,56.894726000000006,337486,1568.0,6,27,True,28
IRPP-TD,27,9,256,2035081028,challenged,62.001998,0.0,62.001998,42.824006,1.534183,9.006767,0.0,8.396674,3.98387,58.018128,337678,1568.0,6,27,True,28
IRPP-TD,27,9,256,2035081028,delayed,61.959167,500.0,561.959167,42.714966,1.527491,8.927118,0.0,8.554597,4.018484,57.940683,337678,1568.0,6,27,True,28
IRPP-TD,27,9,256,2035081029,proactive,60.775984,0.0,60.775984,42.475298,1.473909,8.647663,0.0,7.959231,3.828445,56.947539,337486,1568.0,6,27,True,29
IRPP-TD,27,9,256,2035081029,challenged,60.368423,0.0,60.368423,41.983471,1.514485,8.531869,0.0,8.117339,3.664302,56.704121,337678,1568.0,6,27,True,29
IRPP-TD,27,9,256,2035081029,delayed,60.46079,500.0,560.46079,42.397215,1.519406,8.588613,0.0,7.731403,3.702549,56.758241000000005,337678,1568.0,6,27,True,29
