malicious_ratio,strength,scene,seed,tasks,no_truth_count,norm_sq_sum,sq_sum,norm_abs_sum,abs_sum,dimension,nrmse,rmse,nmae,mae,no_truth_rate,clean_nrmse,error_ratio
0.0,0.1,Climate,20260808,60,0,0.0010958458949127043,66.25446210588416,0.4203213670650308,88.65437715744723,300,0.0019112351110496621,0.4699448978546462,0.0014010712235501027,0.2955145905248241,0.0,0.0019112351110496621,1.0
0.0,0.1,Climate,20260809,60,0,0.0012116418803025705,72.58582161086973,0.4153631658730894,88.0511776328353,300,0.0020096781502706436,0.49188691658032446,0.0013845438862436314,0.29350392544278436,0.0,0.0020096781502706436,1.0
0.0,0.1,Climate,20260810,60,0,0.001347317923801854,83.6178339471731,0.4564359613293475,98.53870835088186,300,0.0021192120578191745,0.5279451800681996,0.0015214532044311583,0.3284623611696062,0.0,0.0021192120578191745,1.0
0.0,0.1,Climate,20260811,60,0,0.0012579407216868966,91.86536101038891,0.4387604388806727,99.662857079255,300,0.00204771476015492,0.5533695600903882,0.001462534796268909,0.3322095235975167,0.0,0.00204771476015492,1.0
0.0,0.1,Climate,20260812,60,0,0.0011592737321250127,77.9623928902427,0.4152106222366442,90.75329015535794,300,0.001965768494444359,0.5097790138554897,0.0013840354074554806,0.30251096718452647,0.0,0.001965768494444359,1.0
0.0,0.1,Climate,20260813,60,0,0.0012863304240863535,83.72784066124066,0.4313495109326424,93.6428021321485,300,0.0020706926571289726,0.528292345396122,0.001437831703108808,0.31214267377382837,0.0,0.0020706926571289726,1.0
0.0,0.1,Climate,20260814,60,0,0.001209244169153172,80.03523214288843,0.4356975709569172,94.70767001019442,300,0.0020076886952855116,0.5165114782296338,0.0014523252365230574,0.3156922333673147,0.0,0.0020076886952855116,1.0
0.0,0.1,Climate,20260815,60,0,0.0008747067567253442,52.81547861004592,0.3573525349897933,74.7117916523307,300,0.0017075389275458645,0.41958502757703325,0.0011911751166326443,0.249039305507769,0.0,0.0017075389275458645,1.0
0.0,0.1,Climate,20260816,60,0,0.0010627457486438578,74.72188228607047,0.3990989977709577,89.24149924165036,300,0.0018821492578466935,0.49907207991788943,0.001330329992569859,0.2974716641388345,0.0,0.0018821492578466937,0.9999999999999999
0.0,0.1,Climate,20260817,60,0,0.0011180968879296236,70.70080268027688,0.4030822684367987,87.93730762130285,300,0.0019305412780958812,0.4854578686843891,0.0013436075614559955,0.29312435873767617,0.0,0.0019305412780958812,1.0
0.0,0.1,Climate,20260818,60,0,0.0012105787499006762,83.55028079471253,0.4327601595827749,94.79006985173349,300,0.002008796281276158,0.527731878876362,0.0014425338652759164,0.31596689950577833,0.0,0.002008796281276158,1.0
0.0,0.1,Climate,20260819,60,0,0.001102375255138399,73.93807124120652,0.393209131243669,87.81940458707658,300,0.0019169204949070432,0.4964476180531924,0.0013106971041455635,0.29273134862358857,0.0,0.0019169204949070432,1.0
0.0,0.1,Climate,20260820,60,0,0.0011582165192962448,79.59656563707382,0.4180962973950764,93.74610533221191,300,0.0019648719375540695,0.5150940549617252,0.0013936543246502548,0.3124870177740397,0.0,0.0019648719375540695,1.0
0.0,0.1,Climate,20260821,60,0,0.0013988181371095373,99.21135108145651,0.4460869866747293,100.05172207737596,300,0.0021593348799337398,0.575069129413895,0.0014869566222490977,0.33350574025791985,0.0,0.0021593348799337398,1.0
0.0,0.1,Climate,20260822,60,0,0.0011839142500415984,69.60432383238499,0.4195753951759055,87.34367865700008,300,0.0019865499826261595,0.4816787443666335,0.0013985846505863515,0.29114559552333363,0.0,0.0019865499826261595,1.0
0.0,0.1,Climate,20260823,60,0,0.001113688260151401,76.53274079208843,0.4139526946884317,90.83718327532299,300,0.0019267314811630264,0.5050832960746456,0.0013798423156281057,0.3027906109177433,0.0,0.0019267314811630264,1.0
0.0,0.1,Climate,20260824,60,0,0.0010818916453300498,71.67482753702107,0.410374008467088,86.68508223995305,300,0.0018990275101834358,0.4887904374985974,0.00136791336155696,0.2889502741331768,0.0,0.0018990275101834358,1.0
0.0,0.1,Climate,20260825,60,0,0.0011340275244801107,62.430524915400284,0.4150708317611996,84.4523463889475,300,0.0019442458044874459,0.456181706908553,0.0013835694392039985,0.28150782129649166,0.0,0.0019442458044874457,1.0000000000000002
0.0,0.1,Climate,20260826,60,0,0.00114400004409893,63.463664735762976,0.4062922698917964,83.00980887920329,300,0.0019527758397547238,0.4599408104519645,0.001354307566305988,0.27669936293067765,0.0,0.0019527758397547238,1.0
0.0,0.1,Climate,20260827,60,0,0.0012343717084339206,66.89571726228492,0.4382813372635346,90.30345906522132,300,0.00202844086959576,0.472213642547117,0.0014609377908784485,0.3010115302174044,0.0,0.00202844086959576,1.0
0.0,0.1,Climate,20260828,60,0,0.001296461748076608,83.13738340102235,0.4567332515549926,98.87813012299581,300,0.0020788312005199845,0.5264262639123747,0.0015224441718499754,0.3295937670766527,0.0,0.0020788312005199845,1.0
0.0,0.1,Climate,20260829,60,0,0.0012286832847848048,74.84935482470064,0.4215085973119852,89.53313004355319,300,0.0020237615841009245,0.49949759700690133,0.0014050286577066173,0.298443766811844,0.0,0.0020237615841009245,1.0
0.0,0.1,Climate,20260830,60,0,0.0012401352224488517,78.93232181643604,0.4377199353028137,94.17530674306097,300,0.0020331709408776986,0.5129402883261561,0.0014590664510093791,0.31391768914353657,0.0,0.0020331709408776986,1.0
0.0,0.1,Climate,20260831,60,0,0.0011527954677347464,79.56820824775477,0.4187574657148031,91.5769049391142,300,0.001960268236521681,0.5150022920588307,0.0013958582190493436,0.30525634979704735,0.0,0.001960268236521681,1.0
0.0,0.1,Climate,20260832,60,0,0.0011735426125642839,72.48724510364447,0.4196610902077143,87.74204340329963,300,0.0019778292920643106,0.49155279507442695,0.001398870300692381,0.29247347801099877,0.0,0.0019778292920643106,1.0
0.0,0.1,Climate,20260833,60,0,0.0011230254719155144,69.06663350643171,0.4159633454358505,87.32624618554908,300,0.0019347915235803524,0.4798146638944101,0.0013865444847861684,0.2910874872851636,0.0,0.0019347915235803522,1.0000000000000002
0.0,0.1,Climate,20260834,60,0,0.0009892368282970999,58.1184990139719,0.3996695648402365,84.08803636694518,300,0.0018158898904734467,0.4401458054401666,0.0013322318828007883,0.2802934545564839,0.0,0.0018158898904734467,1.0
0.0,0.1,Climate,20260835,60,0,0.0010807030835840122,73.67586518011245,0.40338102966312983,89.55983803765048,300,0.001897984091594739,0.4955665618935982,0.0013446034322104328,0.29853279345883493,0.0,0.0018979840915947393,0.9999999999999999
0.0,0.1,Climate,20260836,60,0,0.0010484322172056417,60.98467800952932,0.4022789201836442,82.97074768800032,300,0.0018694314797157287,0.45086834001930587,0.0013409297339454806,0.27656915896000106,0.0,0.001869431479715729,0.9999999999999999
0.0,0.1,Climate,20260837,60,0,0.0009792370678993855,68.27316600711303,0.3754935876015767,82.82183072874804,300,0.0018066885618901278,0.47705054242051764,0.0012516452920052557,0.2760727690958268,0.0,0.0018066885618901278,1.0
0.0,0.1,Traffic,20260808,60,0,3.9099632824583594e-05,1916.641381638319,0.07030129060276773,349.9703013407624,360,0.00032956045147954094,2.3073802976285074,0.0001952813627854659,0.9721397259465622,0.0,0.00032956045147954094,1.0
0.0,0.1,Traffic,20260809,60,0,4.904490495758387e-05,3293.731481259099,0.0734904393697678,376.93889197389063,360,0.0003691014049071063,3.0247733988860404,0.0002041401093604661,1.0470524777052517,0.0,0.0003691014049071063,1.0
0.0,0.1,Traffic,20260810,60,0,3.9865893063173935e-05,1711.5193042386502,0.07342588125446126,340.22204609767863,360,0.0003327740852923344,2.180417457633241,0.0002039607812623924,0.9450612391602184,0.0,0.0003327740852923344,1.0
0.0,0.1,Traffic,20260811,60,0,5.058703381052062e-05,3699.738975078736,0.07349487941380155,376.00672806436944,360,0.00037485935810988805,3.205784257954993,0.0002041524428161154,1.0444631335121373,0.0,0.00037485935810988805,1.0
0.0,0.1,Traffic,20260812,60,0,4.029416142651228e-05,1808.8701921013999,0.0725810183708806,326.36398225765856,360,0.00033455676078171894,2.2415707489401018,0.0002016139399191128,0.9065666173823849,0.0,0.00033455676078171894,1.0
0.0,0.1,Traffic,20260813,60,0,5.130267979804561e-05,1428.676591997391,0.07692112664601247,339.37990810348447,360,0.00037750158129928413,1.992121002570286,0.00021366979623892353,0.9427219669541235,0.0,0.00037750158129928413,1.0
0.0,0.1,Traffic,20260814,60,0,3.908116137576121e-05,1713.985663106794,0.07046641299864302,321.95510506720285,360,0.0003294825968079903,2.1819879207749433,0.00019574003610734172,0.8943197362977857,0.0,0.0003294825968079903,1.0
0.0,0.1,Traffic,20260815,60,0,3.9244716870925515e-05,1980.2612745882598,0.07041266134824704,331.44185596247877,360,0.0003301713228298871,2.3453626079447,0.0001955907259673529,0.9206718221179966,0.0,0.0003301713228298871,1.0
0.0,0.1,Traffic,20260816,60,0,3.214488168011351e-05,1563.511922025192,0.0656477196415464,321.3870611123527,360,0.00029881656245983975,2.084007838826956,0.00018235477678207334,0.8927418364232019,0.0,0.00029881656245983975,1.0
0.0,0.1,Traffic,20260817,60,0,3.210825879068531e-05,2121.9727403691736,0.06521930268883123,353.1795507924862,360,0.0002986462920444579,2.4278321035952435,0.00018116472969119786,0.9810543077569062,0.0,0.0002986462920444579,1.0
0.0,0.1,Traffic,20260818,60,0,4.511955639001166e-05,2929.5748526887137,0.07107803150547491,374.86384599931586,360,0.0003540227409127353,2.852666809169153,0.00019743897640409698,1.0412884611092108,0.0,0.0003540227409127353,1.0
0.0,0.1,Traffic,20260819,60,0,5.5878772006677684e-05,2636.29062052991,0.07928832633675147,395.6808729909217,360,0.0003939781861089015,2.7061096617602125,0.00022024535093542074,1.0991135360858937,0.0,0.0003939781861089015,1.0
0.0,0.1,Traffic,20260820,60,0,4.941133966356291e-05,3060.599433459576,0.0724197519712796,392.2027014029178,360,0.00037047769337393956,2.915761494523046,0.0002011659776979989,1.0894519483414382,0.0,0.00037047769337393956,1.0
0.0,0.1,Traffic,20260821,60,0,4.5295428433808944e-05,1986.5685792223908,0.0730565881729704,340.45961140000225,360,0.0003547120445352232,2.349094730613376,0.00020293496714713998,0.945721142777784,0.0,0.0003547120445352232,1.0
0.0,0.1,Traffic,20260822,60,0,4.507041309821076e-05,2995.2073467650584,0.07300740865855518,376.8962980218302,360,0.0003538298912464496,2.8844445579141778,0.00020279835738487548,1.0469341611717506,0.0,0.0003538298912464496,1.0
0.0,0.1,Traffic,20260823,60,0,5.750381477467921e-05,2531.9379013040007,0.08136822013693114,390.0804272284246,360,0.00039966588398129924,2.6520107158447828,0.00022602283371369762,1.0835567423011794,0.0,0.0003996658839812993,0.9999999999999999
0.0,0.1,Traffic,20260824,60,0,3.7269198207117005e-05,1006.5014274249154,0.0722822036401718,298.82083951745955,360,0.0003217538664496901,1.672075745414227,0.0002007838990004772,0.8300578875484987,0.0,0.0003217538664496901,1.0
0.0,0.1,Traffic,20260825,60,0,3.943634648956832e-05,2160.185918933142,0.0701507455771882,341.9749970360758,360,0.0003309764446534943,2.449595158690707,0.00019486318215885612,0.9499305473224329,0.0,0.0003309764446534943,1.0
0.0,0.1,Traffic,20260826,60,0,3.354418931449199e-05,1985.921448705574,0.06587153845851329,341.5402719161783,360,0.00030525121400473845,2.3487120872143086,0.00018297649571809247,0.9487229775449397,0.0,0.00030525121400473845,1.0
0.0,0.1,Traffic,20260827,60,0,3.942368698862734e-05,2173.868353541644,0.06953920682680964,334.36830662479395,360,0.00033092331685010643,2.457340677293717,0.00019316446340780457,0.9288008517355387,0.0,0.00033092331685010643,1.0
0.0,0.1,Traffic,20260828,60,0,4.15595501707288e-05,2564.534340767896,0.0694879953210348,372.73970818123604,360,0.0003397693260414941,2.6690272576601846,0.0001930222092250967,1.0353880782812113,0.0,0.0003397693260414941,1.0
0.0,0.1,Traffic,20260829,60,0,4.137518296108265e-05,1744.6184852013098,0.06990385083735741,314.74617841737285,360,0.00033901484300954304,2.2014001133125545,0.00019417736343710392,0.8742949400482579,0.0,0.00033901484300954304,1.0
0.0,0.1,Traffic,20260830,60,0,4.073425886755167e-05,1583.2547425430532,0.06843067890813605,325.29815436657674,360,0.0003363788326820408,2.0971241833514225,0.0001900852191892668,0.903605984351602,0.0,0.0003363788326820408,1.0
0.0,0.1,Traffic,20260831,60,0,4.065026040636585e-05,3015.0896286637126,0.07262420595352125,380.19292081183386,360,0.00033603182887590117,2.8940022405848813,0.0002017339054264479,1.0560914466995386,0.0,0.00033603182887590117,1.0
0.0,0.1,Traffic,20260832,60,0,4.8129069823219424e-05,1790.1805160050253,0.07434802502525945,345.3754627236947,360,0.0003656389757945041,2.2299604605394947,0.0002065222917368318,0.9593762853435963,0.0,0.0003656389757945041,1.0
0.0,0.1,Traffic,20260833,60,0,5.0306364909091275e-05,4103.191992904563,0.0777080131257588,420.2718333674211,360,0.00037381800722444277,3.3760562104097156,0.00021585559201599665,1.1674217593539475,0.0,0.00037381800722444277,1.0
0.0,0.1,Traffic,20260834,60,0,4.172762968947996e-05,2566.3931310102757,0.0729321744308251,381.95188824574257,360,0.0003404556982498276,2.669994346129197,0.0002025893734189586,1.0609774673492849,0.0,0.0003404556982498276,1.0
0.0,0.1,Traffic,20260835,60,0,5.91123135618239e-05,1613.16455587022,0.07834761922632459,334.64651205745685,360,0.0004052170665273939,2.1168402526395456,0.00021763227562867943,0.9295736446040468,0.0,0.0004052170665273939,1.0
0.0,0.1,Traffic,20260836,60,0,5.1358986045544205e-05,1541.0281599131763,0.0740717570510955,331.01888115197266,360,0.00037770868420849377,2.068969254855326,0.0002057548806974875,0.9194968920888129,0.0,0.00037770868420849377,1.0
0.0,0.1,Traffic,20260837,60,0,4.850005436408283e-05,2248.6674887721465,0.0777597462261045,377.40187022627714,360,0.0003670454648045163,2.499259606347974,0.00021599929507251252,1.0483385284063254,0.0,0.0003670454648045163,1.0
0.0,0.1,Water,20260808,60,0,0.0007481151838492987,14444.493227326326,0.4758429320806251,769.2466829084067,540,0.001177029519005285,5.171949490480914,0.0008811906149641205,1.4245308942748272,0.0,0.001177029519005285,1.0
0.0,0.1,Water,20260809,60,0,0.0006528864153892708,21104.960896467255,0.4438015828555019,842.6706993855207,540,0.0010995676047372161,6.251660652929252,0.0008218547830657443,1.5605012951583717,0.0,0.0010995676047372161,1.0
0.0,0.1,Water,20260810,60,0,0.0007868983160526688,13921.500765750248,0.4915143623943743,792.3002353128755,540,0.0012071533058403306,5.077455757917696,0.0009102117822118043,1.4672226579868066,0.0,0.0012071533058403306,1.0
0.0,0.1,Water,20260811,60,0,0.0007725169972987218,26331.178784018037,0.4804886845689548,883.2778211629296,540,0.0011960714995495336,6.982939366242986,0.0008897938603128793,1.63569966882024,0.0,0.0011960714995495336,1.0
0.0,0.1,Water,20260812,60,0,0.0007570192980111539,18151.18208199616,0.4788207230043525,774.1050393738058,540,0.0011840133398359767,5.797697832057543,0.0008867050426006528,1.4335278506922329,0.0,0.0011840133398359767,1.0
0.0,0.1,Water,20260813,60,0,0.0006250857753544581,16157.506112351723,0.4362487339516835,812.011277917643,540,0.0010759025284180737,5.4700372590564825,0.0008078680258364509,1.503724588736376,0.0,0.0010759025284180737,1.0
0.0,0.1,Water,20260814,60,0,0.0006526309546770972,14626.536894674562,0.4473876645471503,753.9910292175857,540,0.0010993524648603944,5.204438436045,0.0008284956750873153,1.3962796837362699,0.0,0.0010993524648603944,1.0
0.0,0.1,Water,20260815,60,0,0.0006604548147764097,13034.735297888987,0.4441664664020519,679.1478069957078,540,0.0011059224528908735,4.913084438496291,0.0008225304933371331,1.2576811240661256,0.0,0.0011059224528908735,1.0
0.0,0.1,Water,20260816,60,0,0.0007707274656167355,21239.9488714035,0.4808149438146538,851.0097432759542,540,0.0011946853495692646,6.271621692253705,0.0008903980441012107,1.5759439690295447,0.0,0.0011946853495692646,1.0
0.0,0.1,Water,20260817,60,0,0.0006844502147134435,16575.67619576631,0.4455540741358002,765.0328915938319,540,0.0011258332015078823,5.540369722214078,0.0008251001372885189,1.4167275770256147,0.0,0.0011258332015078823,1.0
0.0,0.1,Water,20260818,60,0,0.0006690102359867808,14441.215486663421,0.4533036464752659,703.4791586955496,540,0.001113062372205603,5.171362648467936,0.0008394511971764183,1.3027391827695363,0.0,0.001113062372205603,1.0
0.0,0.1,Water,20260819,60,0,0.0007600061362586772,21840.971123424482,0.4663322042956196,889.3214952563962,540,0.0011863468172711564,6.3597360653691,0.0008635781561029993,1.6468916578822153,0.0,0.0011863468172711564,1.0
0.0,0.1,Water,20260820,60,0,0.000692657619647541,21642.533361775328,0.4509730258739087,887.8404156095589,540,0.0011325631530486918,6.33077921623943,0.0008351352330998309,1.6441489177954796,0.0,0.0011325631530486918,1.0
0.0,0.1,Water,20260821,60,0,0.000840016153443065,17949.13878989622,0.4965115938321684,803.4893074925094,540,0.0012472311210593686,5.765340051307922,0.0009194659145040155,1.4879431620231656,0.0,0.0012472311210593686,1.0
0.0,0.1,Water,20260822,60,0,0.0007060884513795773,22057.31075204872,0.4661139719728482,897.9282932776655,540,0.001143490798501884,6.391155745485568,0.0008631740221719411,1.6628301727364176,0.0,0.001143490798501884,1.0
0.0,0.1,Water,20260823,60,0,0.0006511165699643574,25380.86098188903,0.4410726189857042,912.9188124397832,540,0.0010980762386373366,6.855770883781459,0.0008168011462698226,1.690590393407006,0.0,0.0010980762386373366,1.0
0.0,0.1,Water,20260824,60,0,0.000719899032546352,16688.331680297022,0.4605421305515908,741.8952669318039,540,0.0011546195722259857,5.559165218490629,0.0008528557973177608,1.3738801239477851,0.0,0.0011546195722259857,1.0
0.0,0.1,Water,20260825,60,0,0.0006751412715368478,18803.998345613385,0.4487952144755742,820.8037664752853,540,0.0011181509799473082,5.901035431053037,0.0008311022490288411,1.520006974954232,0.0,0.0011181509799473082,1.0
0.0,0.1,Water,20260826,60,0,0.0008114829790647816,18327.048177028446,0.4937477613340134,828.0984509896246,540,0.0012258655136381696,5.825716960650271,0.0009143477061740988,1.5335156499807863,0.0,0.0012258655136381696,1.0
0.0,0.1,Water,20260827,60,0,0.0006911312860287274,32388.460882401523,0.4574508677098647,926.9556074242809,540,0.0011313146122564892,7.744587223584387,0.0008471312364997495,1.7165844581931127,0.0,0.0011313146122564892,1.0
0.0,0.1,Water,20260828,60,0,0.0007207610589715444,10878.931120274725,0.4588076665747327,677.1924203166437,540,0.001155310651642733,4.488448366779938,0.0008496438269902458,1.2540600376234143,0.0,0.001155310651642733,1.0
0.0,0.1,Water,20260829,60,0,0.0007578810380345654,20390.39484294825,0.4729552273122358,737.7401428562304,540,0.0011846870488731248,6.144915821221978,0.0008758430135411775,1.36618544973376,0.0,0.0011846870488731248,1.0
0.0,0.1,Water,20260830,60,0,0.0007305210257849363,26598.712813455648,0.4681836887877172,999.6511533871995,540,0.0011631064931538078,7.018324271538999,0.0008670068310883653,1.851205839605925,0.0,0.0011631064931538078,1.0
0.0,0.1,Water,20260831,60,0,0.0006828060454962294,12634.007128008812,0.4607418178127113,707.2795413320483,540,0.0011244801642571701,4.836973175066471,0.000853225588542058,1.3097769283926821,0.0,0.0011244801642571701,1.0
0.0,0.1,Water,20260832,60,0,0.0007779905224365374,21120.947946772136,0.472539585854705,765.1346991371206,540,0.0012003012912170392,6.254028027447315,0.0008750733071383426,1.4169161095131864,0.0,0.0012003012912170392,1.0
0.0,0.1,Water,20260833,60,0,0.0006788647616021805,13600.186223602177,0.460919107461485,720.2767920812887,540,0.0011212301128358817,5.018518710108366,0.0008535539027064537,1.3338459112616456,0.0,0.0011212301128358817,1.0
0.0,0.1,Water,20260834,60,0,0.0005548991888531099,15812.864484879225,0.4106101552553525,727.452616455413,540,0.0010137016772545668,5.411384515944692,0.0007603891763988009,1.3471344749174314,0.0,0.0010137016772545668,1.0
0.0,0.1,Water,20260835,60,0,0.000641278140126007,26234.447065095497,0.456738899922428,882.8049433195398,540,0.001089748645947522,6.970101102552708,0.000845812777634126,1.6348239691102588,0.0,0.001089748645947522,1.0
0.0,0.1,Water,20260836,60,0,0.0006637303642375782,13085.946204974387,0.4433725114353249,747.2115102068879,540,0.001108661492135297,4.922726248017,0.0008210602063617128,1.3837250189016441,0.0,0.001108661492135297,1.0
0.0,0.1,Water,20260837,60,0,0.0007638167398285029,17464.613607733616,0.4748254822151927,760.1824946615094,540,0.0011893172176197808,5.686991915886513,0.0008793064485466532,1.4077453604842767,0.0,0.0011893172176197808,1.0
0.0,0.25,Climate,20260808,60,0,0.0010958458949127043,66.25446210588416,0.4203213670650308,88.65437715744723,300,0.0019112351110496621,0.4699448978546462,0.0014010712235501027,0.2955145905248241,0.0,0.0019112351110496621,1.0
0.0,0.25,Climate,20260809,60,0,0.0012116418803025705,72.58582161086973,0.4153631658730894,88.0511776328353,300,0.0020096781502706436,0.49188691658032446,0.0013845438862436314,0.29350392544278436,0.0,0.0020096781502706436,1.0
0.0,0.25,Climate,20260810,60,0,0.001347317923801854,83.6178339471731,0.4564359613293475,98.53870835088186,300,0.0021192120578191745,0.5279451800681996,0.0015214532044311583,0.3284623611696062,0.0,0.0021192120578191745,1.0
0.0,0.25,Climate,20260811,60,0,0.0012579407216868966,91.86536101038891,0.4387604388806727,99.662857079255,300,0.00204771476015492,0.5533695600903882,0.001462534796268909,0.3322095235975167,0.0,0.00204771476015492,1.0
0.0,0.25,Climate,20260812,60,0,0.0011592737321250127,77.9623928902427,0.4152106222366442,90.75329015535794,300,0.001965768494444359,0.5097790138554897,0.0013840354074554806,0.30251096718452647,0.0,0.001965768494444359,1.0
0.0,0.25,Climate,20260813,60,0,0.0012863304240863535,83.72784066124066,0.4313495109326424,93.6428021321485,300,0.0020706926571289726,0.528292345396122,0.001437831703108808,0.31214267377382837,0.0,0.0020706926571289726,1.0
0.0,0.25,Climate,20260814,60,0,0.001209244169153172,80.03523214288843,0.4356975709569172,94.70767001019442,300,0.0020076886952855116,0.5165114782296338,0.0014523252365230574,0.3156922333673147,0.0,0.0020076886952855116,1.0
0.0,0.25,Climate,20260815,60,0,0.0008747067567253442,52.81547861004592,0.3573525349897933,74.7117916523307,300,0.0017075389275458645,0.41958502757703325,0.0011911751166326443,0.249039305507769,0.0,0.0017075389275458645,1.0
0.0,0.25,Climate,20260816,60,0,0.0010627457486438578,74.72188228607047,0.3990989977709577,89.24149924165036,300,0.0018821492578466935,0.49907207991788943,0.001330329992569859,0.2974716641388345,0.0,0.0018821492578466937,0.9999999999999999
0.0,0.25,Climate,20260817,60,0,0.0011180968879296236,70.70080268027688,0.4030822684367987,87.93730762130285,300,0.0019305412780958812,0.4854578686843891,0.0013436075614559955,0.29312435873767617,0.0,0.0019305412780958812,1.0
0.0,0.25,Climate,20260818,60,0,0.0012105787499006762,83.55028079471253,0.4327601595827749,94.79006985173349,300,0.002008796281276158,0.527731878876362,0.0014425338652759164,0.31596689950577833,0.0,0.002008796281276158,1.0
0.0,0.25,Climate,20260819,60,0,0.001102375255138399,73.93807124120652,0.393209131243669,87.81940458707658,300,0.0019169204949070432,0.4964476180531924,0.0013106971041455635,0.29273134862358857,0.0,0.0019169204949070432,1.0
0.0,0.25,Climate,20260820,60,0,0.0011582165192962448,79.59656563707382,0.4180962973950764,93.74610533221191,300,0.0019648719375540695,0.5150940549617252,0.0013936543246502548,0.3124870177740397,0.0,0.0019648719375540695,1.0
0.0,0.25,Climate,20260821,60,0,0.0013988181371095373,99.21135108145651,0.4460869866747293,100.05172207737596,300,0.0021593348799337398,0.575069129413895,0.0014869566222490977,0.33350574025791985,0.0,0.0021593348799337398,1.0
0.0,0.25,Climate,20260822,60,0,0.0011839142500415984,69.60432383238499,0.4195753951759055,87.34367865700008,300,0.0019865499826261595,0.4816787443666335,0.0013985846505863515,0.29114559552333363,0.0,0.0019865499826261595,1.0
0.0,0.25,Climate,20260823,60,0,0.001113688260151401,76.53274079208843,0.4139526946884317,90.83718327532299,300,0.0019267314811630264,0.5050832960746456,0.0013798423156281057,0.3027906109177433,0.0,0.0019267314811630264,1.0
0.0,0.25,Climate,20260824,60,0,0.0010818916453300498,71.67482753702107,0.410374008467088,86.68508223995305,300,0.0018990275101834358,0.4887904374985974,0.00136791336155696,0.2889502741331768,0.0,0.0018990275101834358,1.0
0.0,0.25,Climate,20260825,60,0,0.0011340275244801107,62.430524915400284,0.4150708317611996,84.4523463889475,300,0.0019442458044874459,0.456181706908553,0.0013835694392039985,0.28150782129649166,0.0,0.0019442458044874457,1.0000000000000002
0.0,0.25,Climate,20260826,60,0,0.00114400004409893,63.463664735762976,0.4062922698917964,83.00980887920329,300,0.0019527758397547238,0.4599408104519645,0.001354307566305988,0.27669936293067765,0.0,0.0019527758397547238,1.0
0.0,0.25,Climate,20260827,60,0,0.0012343717084339206,66.89571726228492,0.4382813372635346,90.30345906522132,300,0.00202844086959576,0.472213642547117,0.0014609377908784485,0.3010115302174044,0.0,0.00202844086959576,1.0
0.0,0.25,Climate,20260828,60,0,0.001296461748076608,83.13738340102235,0.4567332515549926,98.87813012299581,300,0.0020788312005199845,0.5264262639123747,0.0015224441718499754,0.3295937670766527,0.0,0.0020788312005199845,1.0
0.0,0.25,Climate,20260829,60,0,0.0012286832847848048,74.84935482470064,0.4215085973119852,89.53313004355319,300,0.0020237615841009245,0.49949759700690133,0.0014050286577066173,0.298443766811844,0.0,0.0020237615841009245,1.0
0.0,0.25,Climate,20260830,60,0,0.0012401352224488517,78.93232181643604,0.4377199353028137,94.17530674306097,300,0.0020331709408776986,0.5129402883261561,0.0014590664510093791,0.31391768914353657,0.0,0.0020331709408776986,1.0
0.0,0.25,Climate,20260831,60,0,0.0011527954677347464,79.56820824775477,0.4187574657148031,91.5769049391142,300,0.001960268236521681,0.5150022920588307,0.0013958582190493436,0.30525634979704735,0.0,0.001960268236521681,1.0
0.0,0.25,Climate,20260832,60,0,0.0011735426125642839,72.48724510364447,0.4196610902077143,87.74204340329963,300,0.0019778292920643106,0.49155279507442695,0.001398870300692381,0.29247347801099877,0.0,0.0019778292920643106,1.0
0.0,0.25,Climate,20260833,60,0,0.0011230254719155144,69.06663350643171,0.4159633454358505,87.32624618554908,300,0.0019347915235803524,0.4798146638944101,0.0013865444847861684,0.2910874872851636,0.0,0.0019347915235803522,1.0000000000000002
0.0,0.25,Climate,20260834,60,0,0.0009892368282970999,58.1184990139719,0.3996695648402365,84.08803636694518,300,0.0018158898904734467,0.4401458054401666,0.0013322318828007883,0.2802934545564839,0.0,0.0018158898904734467,1.0
0.0,0.25,Climate,20260835,60,0,0.0010807030835840122,73.67586518011245,0.40338102966312983,89.55983803765048,300,0.001897984091594739,0.4955665618935982,0.0013446034322104328,0.29853279345883493,0.0,0.0018979840915947393,0.9999999999999999
0.0,0.25,Climate,20260836,60,0,0.0010484322172056417,60.98467800952932,0.4022789201836442,82.97074768800032,300,0.0018694314797157287,0.45086834001930587,0.0013409297339454806,0.27656915896000106,0.0,0.001869431479715729,0.9999999999999999
0.0,0.25,Climate,20260837,60,0,0.0009792370678993855,68.27316600711303,0.3754935876015767,82.82183072874804,300,0.0018066885618901278,0.47705054242051764,0.0012516452920052557,0.2760727690958268,0.0,0.0018066885618901278,1.0
0.0,0.25,Traffic,20260808,60,0,3.9099632824583594e-05,1916.641381638319,0.07030129060276773,349.9703013407624,360,0.00032956045147954094,2.3073802976285074,0.0001952813627854659,0.9721397259465622,0.0,0.00032956045147954094,1.0
0.0,0.25,Traffic,20260809,60,0,4.904490495758387e-05,3293.731481259099,0.0734904393697678,376.93889197389063,360,0.0003691014049071063,3.0247733988860404,0.0002041401093604661,1.0470524777052517,0.0,0.0003691014049071063,1.0
0.0,0.25,Traffic,20260810,60,0,3.9865893063173935e-05,1711.5193042386502,0.07342588125446126,340.22204609767863,360,0.0003327740852923344,2.180417457633241,0.0002039607812623924,0.9450612391602184,0.0,0.0003327740852923344,1.0
0.0,0.25,Traffic,20260811,60,0,5.058703381052062e-05,3699.738975078736,0.07349487941380155,376.00672806436944,360,0.00037485935810988805,3.205784257954993,0.0002041524428161154,1.0444631335121373,0.0,0.00037485935810988805,1.0
0.0,0.25,Traffic,20260812,60,0,4.029416142651228e-05,1808.8701921013999,0.0725810183708806,326.36398225765856,360,0.00033455676078171894,2.2415707489401018,0.0002016139399191128,0.9065666173823849,0.0,0.00033455676078171894,1.0
0.0,0.25,Traffic,20260813,60,0,5.130267979804561e-05,1428.676591997391,0.07692112664601247,339.37990810348447,360,0.00037750158129928413,1.992121002570286,0.00021366979623892353,0.9427219669541235,0.0,0.00037750158129928413,1.0
0.0,0.25,Traffic,20260814,60,0,3.908116137576121e-05,1713.985663106794,0.07046641299864302,321.95510506720285,360,0.0003294825968079903,2.1819879207749433,0.00019574003610734172,0.8943197362977857,0.0,0.0003294825968079903,1.0
0.0,0.25,Traffic,20260815,60,0,3.9244716870925515e-05,1980.2612745882598,0.07041266134824704,331.44185596247877,360,0.0003301713228298871,2.3453626079447,0.0001955907259673529,0.9206718221179966,0.0,0.0003301713228298871,1.0
0.0,0.25,Traffic,20260816,60,0,3.214488168011351e-05,1563.511922025192,0.0656477196415464,321.3870611123527,360,0.00029881656245983975,2.084007838826956,0.00018235477678207334,0.8927418364232019,0.0,0.00029881656245983975,1.0
0.0,0.25,Traffic,20260817,60,0,3.210825879068531e-05,2121.9727403691736,0.06521930268883123,353.1795507924862,360,0.0002986462920444579,2.4278321035952435,0.00018116472969119786,0.9810543077569062,0.0,0.0002986462920444579,1.0
0.0,0.25,Traffic,20260818,60,0,4.511955639001166e-05,2929.5748526887137,0.07107803150547491,374.86384599931586,360,0.0003540227409127353,2.852666809169153,0.00019743897640409698,1.0412884611092108,0.0,0.0003540227409127353,1.0
0.0,0.25,Traffic,20260819,60,0,5.5878772006677684e-05,2636.29062052991,0.07928832633675147,395.6808729909217,360,0.0003939781861089015,2.7061096617602125,0.00022024535093542074,1.0991135360858937,0.0,0.0003939781861089015,1.0
0.0,0.25,Traffic,20260820,60,0,4.941133966356291e-05,3060.599433459576,0.0724197519712796,392.2027014029178,360,0.00037047769337393956,2.915761494523046,0.0002011659776979989,1.0894519483414382,0.0,0.00037047769337393956,1.0
0.0,0.25,Traffic,20260821,60,0,4.5295428433808944e-05,1986.5685792223908,0.0730565881729704,340.45961140000225,360,0.0003547120445352232,2.349094730613376,0.00020293496714713998,0.945721142777784,0.0,0.0003547120445352232,1.0
0.0,0.25,Traffic,20260822,60,0,4.507041309821076e-05,2995.2073467650584,0.07300740865855518,376.8962980218302,360,0.0003538298912464496,2.8844445579141778,0.00020279835738487548,1.0469341611717506,0.0,0.0003538298912464496,1.0
0.0,0.25,Traffic,20260823,60,0,5.750381477467921e-05,2531.9379013040007,0.08136822013693114,390.0804272284246,360,0.00039966588398129924,2.6520107158447828,0.00022602283371369762,1.0835567423011794,0.0,0.0003996658839812993,0.9999999999999999
0.0,0.25,Traffic,20260824,60,0,3.7269198207117005e-05,1006.5014274249154,0.0722822036401718,298.82083951745955,360,0.0003217538664496901,1.672075745414227,0.0002007838990004772,0.8300578875484987,0.0,0.0003217538664496901,1.0
0.0,0.25,Traffic,20260825,60,0,3.943634648956832e-05,2160.185918933142,0.0701507455771882,341.9749970360758,360,0.0003309764446534943,2.449595158690707,0.00019486318215885612,0.9499305473224329,0.0,0.0003309764446534943,1.0
0.0,0.25,Traffic,20260826,60,0,3.354418931449199e-05,1985.921448705574,0.06587153845851329,341.5402719161783,360,0.00030525121400473845,2.3487120872143086,0.00018297649571809247,0.9487229775449397,0.0,0.00030525121400473845,1.0
0.0,0.25,Traffic,20260827,60,0,3.942368698862734e-05,2173.868353541644,0.06953920682680964,334.36830662479395,360,0.00033092331685010643,2.457340677293717,0.00019316446340780457,0.9288008517355387,0.0,0.00033092331685010643,1.0
0.0,0.25,Traffic,20260828,60,0,4.15595501707288e-05,2564.534340767896,0.0694879953210348,372.73970818123604,360,0.0003397693260414941,2.6690272576601846,0.0001930222092250967,1.0353880782812113,0.0,0.0003397693260414941,1.0
0.0,0.25,Traffic,20260829,60,0,4.137518296108265e-05,1744.6184852013098,0.06990385083735741,314.74617841737285,360,0.00033901484300954304,2.2014001133125545,0.00019417736343710392,0.8742949400482579,0.0,0.00033901484300954304,1.0
0.0,0.25,Traffic,20260830,60,0,4.073425886755167e-05,1583.2547425430532,0.06843067890813605,325.29815436657674,360,0.0003363788326820408,2.0971241833514225,0.0001900852191892668,0.903605984351602,0.0,0.0003363788326820408,1.0
0.0,0.25,Traffic,20260831,60,0,4.065026040636585e-05,3015.0896286637126,0.07262420595352125,380.19292081183386,360,0.00033603182887590117,2.8940022405848813,0.0002017339054264479,1.0560914466995386,0.0,0.00033603182887590117,1.0
0.0,0.25,Traffic,20260832,60,0,4.8129069823219424e-05,1790.1805160050253,0.07434802502525945,345.3754627236947,360,0.0003656389757945041,2.2299604605394947,0.0002065222917368318,0.9593762853435963,0.0,0.0003656389757945041,1.0
0.0,0.25,Traffic,20260833,60,0,5.0306364909091275e-05,4103.191992904563,0.0777080131257588,420.2718333674211,360,0.00037381800722444277,3.3760562104097156,0.00021585559201599665,1.1674217593539475,0.0,0.00037381800722444277,1.0
0.0,0.25,Traffic,20260834,60,0,4.172762968947996e-05,2566.3931310102757,0.0729321744308251,381.95188824574257,360,0.0003404556982498276,2.669994346129197,0.0002025893734189586,1.0609774673492849,0.0,0.0003404556982498276,1.0
0.0,0.25,Traffic,20260835,60,0,5.91123135618239e-05,1613.16455587022,0.07834761922632459,334.64651205745685,360,0.0004052170665273939,2.1168402526395456,0.00021763227562867943,0.9295736446040468,0.0,0.0004052170665273939,1.0
0.0,0.25,Traffic,20260836,60,0,5.1358986045544205e-05,1541.0281599131763,0.0740717570510955,331.01888115197266,360,0.00037770868420849377,2.068969254855326,0.0002057548806974875,0.9194968920888129,0.0,0.00037770868420849377,1.0
0.0,0.25,Traffic,20260837,60,0,4.850005436408283e-05,2248.6674887721465,0.0777597462261045,377.40187022627714,360,0.0003670454648045163,2.499259606347974,0.00021599929507251252,1.0483385284063254,0.0,0.0003670454648045163,1.0
0.0,0.25,Water,20260808,60,0,0.0007481151838492987,14444.493227326326,0.4758429320806251,769.2466829084067,540,0.001177029519005285,5.171949490480914,0.0008811906149641205,1.4245308942748272,0.0,0.001177029519005285,1.0
0.0,0.25,Water,20260809,60,0,0.0006528864153892708,21104.960896467255,0.4438015828555019,842.6706993855207,540,0.0010995676047372161,6.251660652929252,0.0008218547830657443,1.5605012951583717,0.0,0.0010995676047372161,1.0
0.0,0.25,Water,20260810,60,0,0.0007868983160526688,13921.500765750248,0.4915143623943743,792.3002353128755,540,0.0012071533058403306,5.077455757917696,0.0009102117822118043,1.4672226579868066,0.0,0.0012071533058403306,1.0
0.0,0.25,Water,20260811,60,0,0.0007725169972987218,26331.178784018037,0.4804886845689548,883.2778211629296,540,0.0011960714995495336,6.982939366242986,0.0008897938603128793,1.63569966882024,0.0,0.0011960714995495336,1.0
0.0,0.25,Water,20260812,60,0,0.0007570192980111539,18151.18208199616,0.4788207230043525,774.1050393738058,540,0.0011840133398359767,5.797697832057543,0.0008867050426006528,1.4335278506922329,0.0,0.0011840133398359767,1.0
0.0,0.25,Water,20260813,60,0,0.0006250857753544581,16157.506112351723,0.4362487339516835,812.011277917643,540,0.0010759025284180737,5.4700372590564825,0.0008078680258364509,1.503724588736376,0.0,0.0010759025284180737,1.0
0.0,0.25,Water,20260814,60,0,0.0006526309546770972,14626.536894674562,0.4473876645471503,753.9910292175857,540,0.0010993524648603944,5.204438436045,0.0008284956750873153,1.3962796837362699,0.0,0.0010993524648603944,1.0
0.0,0.25,Water,20260815,60,0,0.0006604548147764097,13034.735297888987,0.4441664664020519,679.1478069957078,540,0.0011059224528908735,4.913084438496291,0.0008225304933371331,1.2576811240661256,0.0,0.0011059224528908735,1.0
0.0,0.25,Water,20260816,60,0,0.0007707274656167355,21239.9488714035,0.4808149438146538,851.0097432759542,540,0.0011946853495692646,6.271621692253705,0.0008903980441012107,1.5759439690295447,0.0,0.0011946853495692646,1.0
0.0,0.25,Water,20260817,60,0,0.0006844502147134435,16575.67619576631,0.4455540741358002,765.0328915938319,540,0.0011258332015078823,5.540369722214078,0.0008251001372885189,1.4167275770256147,0.0,0.0011258332015078823,1.0
0.0,0.25,Water,20260818,60,0,0.0006690102359867808,14441.215486663421,0.4533036464752659,703.4791586955496,540,0.001113062372205603,5.171362648467936,0.0008394511971764183,1.3027391827695363,0.0,0.001113062372205603,1.0
0.0,0.25,Water,20260819,60,0,0.0007600061362586772,21840.971123424482,0.4663322042956196,889.3214952563962,540,0.0011863468172711564,6.3597360653691,0.0008635781561029993,1.6468916578822153,0.0,0.0011863468172711564,1.0
0.0,0.25,Water,20260820,60,0,0.000692657619647541,21642.533361775328,0.4509730258739087,887.8404156095589,540,0.0011325631530486918,6.33077921623943,0.0008351352330998309,1.6441489177954796,0.0,0.0011325631530486918,1.0
0.0,0.25,Water,20260821,60,0,0.000840016153443065,17949.13878989622,0.4965115938321684,803.4893074925094,540,0.0012472311210593686,5.765340051307922,0.0009194659145040155,1.4879431620231656,0.0,0.0012472311210593686,1.0
0.0,0.25,Water,20260822,60,0,0.0007060884513795773,22057.31075204872,0.4661139719728482,897.9282932776655,540,0.001143490798501884,6.391155745485568,0.0008631740221719411,1.6628301727364176,0.0,0.001143490798501884,1.0
0.0,0.25,Water,20260823,60,0,0.0006511165699643574,25380.86098188903,0.4410726189857042,912.9188124397832,540,0.0010980762386373366,6.855770883781459,0.0008168011462698226,1.690590393407006,0.0,0.0010980762386373366,1.0
0.0,0.25,Water,20260824,60,0,0.000719899032546352,16688.331680297022,0.4605421305515908,741.8952669318039,540,0.0011546195722259857,5.559165218490629,0.0008528557973177608,1.3738801239477851,0.0,0.0011546195722259857,1.0
0.0,0.25,Water,20260825,60,0,0.0006751412715368478,18803.998345613385,0.4487952144755742,820.8037664752853,540,0.0011181509799473082,5.901035431053037,0.0008311022490288411,1.520006974954232,0.0,0.0011181509799473082,1.0
0.0,0.25,Water,20260826,60,0,0.0008114829790647816,18327.048177028446,0.4937477613340134,828.0984509896246,540,0.0012258655136381696,5.825716960650271,0.0009143477061740988,1.5335156499807863,0.0,0.0012258655136381696,1.0
0.0,0.25,Water,20260827,60,0,0.0006911312860287274,32388.460882401523,0.4574508677098647,926.9556074242809,540,0.0011313146122564892,7.744587223584387,0.0008471312364997495,1.7165844581931127,0.0,0.0011313146122564892,1.0
0.0,0.25,Water,20260828,60,0,0.0007207610589715444,10878.931120274725,0.4588076665747327,677.1924203166437,540,0.001155310651642733,4.488448366779938,0.0008496438269902458,1.2540600376234143,0.0,0.001155310651642733,1.0
0.0,0.25,Water,20260829,60,0,0.0007578810380345654,20390.39484294825,0.4729552273122358,737.7401428562304,540,0.0011846870488731248,6.144915821221978,0.0008758430135411775,1.36618544973376,0.0,0.0011846870488731248,1.0
0.0,0.25,Water,20260830,60,0,0.0007305210257849363,26598.712813455648,0.4681836887877172,999.6511533871995,540,0.0011631064931538078,7.018324271538999,0.0008670068310883653,1.851205839605925,0.0,0.0011631064931538078,1.0
0.0,0.25,Water,20260831,60,0,0.0006828060454962294,12634.007128008812,0.4607418178127113,707.2795413320483,540,0.0011244801642571701,4.836973175066471,0.000853225588542058,1.3097769283926821,0.0,0.0011244801642571701,1.0
0.0,0.25,Water,20260832,60,0,0.0007779905224365374,21120.947946772136,0.472539585854705,765.1346991371206,540,0.0012003012912170392,6.254028027447315,0.0008750733071383426,1.4169161095131864,0.0,0.0012003012912170392,1.0
0.0,0.25,Water,20260833,60,0,0.0006788647616021805,13600.186223602177,0.460919107461485,720.2767920812887,540,0.0011212301128358817,5.018518710108366,0.0008535539027064537,1.3338459112616456,0.0,0.0011212301128358817,1.0
0.0,0.25,Water,20260834,60,0,0.0005548991888531099,15812.864484879225,0.4106101552553525,727.452616455413,540,0.0010137016772545668,5.411384515944692,0.0007603891763988009,1.3471344749174314,0.0,0.0010137016772545668,1.0
0.0,0.25,Water,20260835,60,0,0.000641278140126007,26234.447065095497,0.456738899922428,882.8049433195398,540,0.001089748645947522,6.970101102552708,0.000845812777634126,1.6348239691102588,0.0,0.001089748645947522,1.0
0.0,0.25,Water,20260836,60,0,0.0006637303642375782,13085.946204974387,0.4433725114353249,747.2115102068879,540,0.001108661492135297,4.922726248017,0.0008210602063617128,1.3837250189016441,0.0,0.001108661492135297,1.0
0.0,0.25,Water,20260837,60,0,0.0007638167398285029,17464.613607733616,0.4748254822151927,760.1824946615094,540,0.0011893172176197808,5.686991915886513,0.0008793064485466532,1.4077453604842767,0.0,0.0011893172176197808,1.0
0.0,0.5,Climate,20260808,60,0,0.0010958458949127043,66.25446210588416,0.4203213670650308,88.65437715744723,300,0.0019112351110496621,0.4699448978546462,0.0014010712235501027,0.2955145905248241,0.0,0.0019112351110496621,1.0
0.0,0.5,Climate,20260809,60,0,0.0012116418803025705,72.58582161086973,0.4153631658730894,88.0511776328353,300,0.0020096781502706436,0.49188691658032446,0.0013845438862436314,0.29350392544278436,0.0,0.0020096781502706436,1.0
0.0,0.5,Climate,20260810,60,0,0.001347317923801854,83.6178339471731,0.4564359613293475,98.53870835088186,300,0.0021192120578191745,0.5279451800681996,0.0015214532044311583,0.3284623611696062,0.0,0.0021192120578191745,1.0
0.0,0.5,Climate,20260811,60,0,0.0012579407216868966,91.86536101038891,0.4387604388806727,99.662857079255,300,0.00204771476015492,0.5533695600903882,0.001462534796268909,0.3322095235975167,0.0,0.00204771476015492,1.0
0.0,0.5,Climate,20260812,60,0,0.0011592737321250127,77.9623928902427,0.4152106222366442,90.75329015535794,300,0.001965768494444359,0.5097790138554897,0.0013840354074554806,0.30251096718452647,0.0,0.001965768494444359,1.0
0.0,0.5,Climate,20260813,60,0,0.0012863304240863535,83.72784066124066,0.4313495109326424,93.6428021321485,300,0.0020706926571289726,0.528292345396122,0.001437831703108808,0.31214267377382837,0.0,0.0020706926571289726,1.0
0.0,0.5,Climate,20260814,60,0,0.001209244169153172,80.03523214288843,0.4356975709569172,94.70767001019442,300,0.0020076886952855116,0.5165114782296338,0.0014523252365230574,0.3156922333673147,0.0,0.0020076886952855116,1.0
0.0,0.5,Climate,20260815,60,0,0.0008747067567253442,52.81547861004592,0.3573525349897933,74.7117916523307,300,0.0017075389275458645,0.41958502757703325,0.0011911751166326443,0.249039305507769,0.0,0.0017075389275458645,1.0
0.0,0.5,Climate,20260816,60,0,0.0010627457486438578,74.72188228607047,0.3990989977709577,89.24149924165036,300,0.0018821492578466935,0.49907207991788943,0.001330329992569859,0.2974716641388345,0.0,0.0018821492578466937,0.9999999999999999
0.0,0.5,Climate,20260817,60,0,0.0011180968879296236,70.70080268027688,0.4030822684367987,87.93730762130285,300,0.0019305412780958812,0.4854578686843891,0.0013436075614559955,0.29312435873767617,0.0,0.0019305412780958812,1.0
0.0,0.5,Climate,20260818,60,0,0.0012105787499006762,83.55028079471253,0.4327601595827749,94.79006985173349,300,0.002008796281276158,0.527731878876362,0.0014425338652759164,0.31596689950577833,0.0,0.002008796281276158,1.0
0.0,0.5,Climate,20260819,60,0,0.001102375255138399,73.93807124120652,0.393209131243669,87.81940458707658,300,0.0019169204949070432,0.4964476180531924,0.0013106971041455635,0.29273134862358857,0.0,0.0019169204949070432,1.0
0.0,0.5,Climate,20260820,60,0,0.0011582165192962448,79.59656563707382,0.4180962973950764,93.74610533221191,300,0.0019648719375540695,0.5150940549617252,0.0013936543246502548,0.3124870177740397,0.0,0.0019648719375540695,1.0
0.0,0.5,Climate,20260821,60,0,0.0013988181371095373,99.21135108145651,0.4460869866747293,100.05172207737596,300,0.0021593348799337398,0.575069129413895,0.0014869566222490977,0.33350574025791985,0.0,0.0021593348799337398,1.0
0.0,0.5,Climate,20260822,60,0,0.0011839142500415984,69.60432383238499,0.4195753951759055,87.34367865700008,300,0.0019865499826261595,0.4816787443666335,0.0013985846505863515,0.29114559552333363,0.0,0.0019865499826261595,1.0
0.0,0.5,Climate,20260823,60,0,0.001113688260151401,76.53274079208843,0.4139526946884317,90.83718327532299,300,0.0019267314811630264,0.5050832960746456,0.0013798423156281057,0.3027906109177433,0.0,0.0019267314811630264,1.0
0.0,0.5,Climate,20260824,60,0,0.0010818916453300498,71.67482753702107,0.410374008467088,86.68508223995305,300,0.0018990275101834358,0.4887904374985974,0.00136791336155696,0.2889502741331768,0.0,0.0018990275101834358,1.0
0.0,0.5,Climate,20260825,60,0,0.0011340275244801107,62.430524915400284,0.4150708317611996,84.4523463889475,300,0.0019442458044874459,0.456181706908553,0.0013835694392039985,0.28150782129649166,0.0,0.0019442458044874457,1.0000000000000002
0.0,0.5,Climate,20260826,60,0,0.00114400004409893,63.463664735762976,0.4062922698917964,83.00980887920329,300,0.0019527758397547238,0.4599408104519645,0.001354307566305988,0.27669936293067765,0.0,0.0019527758397547238,1.0
0.0,0.5,Climate,20260827,60,0,0.0012343717084339206,66.89571726228492,0.4382813372635346,90.30345906522132,300,0.00202844086959576,0.472213642547117,0.0014609377908784485,0.3010115302174044,0.0,0.00202844086959576,1.0
0.0,0.5,Climate,20260828,60,0,0.001296461748076608,83.13738340102235,0.4567332515549926,98.87813012299581,300,0.0020788312005199845,0.5264262639123747,0.0015224441718499754,0.3295937670766527,0.0,0.0020788312005199845,1.0
0.0,0.5,Climate,20260829,60,0,0.0012286832847848048,74.84935482470064,0.4215085973119852,89.53313004355319,300,0.0020237615841009245,0.49949759700690133,0.0014050286577066173,0.298443766811844,0.0,0.0020237615841009245,1.0
0.0,0.5,Climate,20260830,60,0,0.0012401352224488517,78.93232181643604,0.4377199353028137,94.17530674306097,300,0.0020331709408776986,0.5129402883261561,0.0014590664510093791,0.31391768914353657,0.0,0.0020331709408776986,1.0
0.0,0.5,Climate,20260831,60,0,0.0011527954677347464,79.56820824775477,0.4187574657148031,91.5769049391142,300,0.001960268236521681,0.5150022920588307,0.0013958582190493436,0.30525634979704735,0.0,0.001960268236521681,1.0
0.0,0.5,Climate,20260832,60,0,0.0011735426125642839,72.48724510364447,0.4196610902077143,87.74204340329963,300,0.0019778292920643106,0.49155279507442695,0.001398870300692381,0.29247347801099877,0.0,0.0019778292920643106,1.0
0.0,0.5,Climate,20260833,60,0,0.0011230254719155144,69.06663350643171,0.4159633454358505,87.32624618554908,300,0.0019347915235803524,0.4798146638944101,0.0013865444847861684,0.2910874872851636,0.0,0.0019347915235803522,1.0000000000000002
0.0,0.5,Climate,20260834,60,0,0.0009892368282970999,58.1184990139719,0.3996695648402365,84.08803636694518,300,0.0018158898904734467,0.4401458054401666,0.0013322318828007883,0.2802934545564839,0.0,0.0018158898904734467,1.0
0.0,0.5,Climate,20260835,60,0,0.0010807030835840122,73.67586518011245,0.40338102966312983,89.55983803765048,300,0.001897984091594739,0.4955665618935982,0.0013446034322104328,0.29853279345883493,0.0,0.0018979840915947393,0.9999999999999999
0.0,0.5,Climate,20260836,60,0,0.0010484322172056417,60.98467800952932,0.4022789201836442,82.97074768800032,300,0.0018694314797157287,0.45086834001930587,0.0013409297339454806,0.27656915896000106,0.0,0.001869431479715729,0.9999999999999999
0.0,0.5,Climate,20260837,60,0,0.0009792370678993855,68.27316600711303,0.3754935876015767,82.82183072874804,300,0.0018066885618901278,0.47705054242051764,0.0012516452920052557,0.2760727690958268,0.0,0.0018066885618901278,1.0
0.0,0.5,Traffic,20260808,60,0,3.9099632824583594e-05,1916.641381638319,0.07030129060276773,349.9703013407624,360,0.00032956045147954094,2.3073802976285074,0.0001952813627854659,0.9721397259465622,0.0,0.00032956045147954094,1.0
0.0,0.5,Traffic,20260809,60,0,4.904490495758387e-05,3293.731481259099,0.0734904393697678,376.93889197389063,360,0.0003691014049071063,3.0247733988860404,0.0002041401093604661,1.0470524777052517,0.0,0.0003691014049071063,1.0
0.0,0.5,Traffic,20260810,60,0,3.9865893063173935e-05,1711.5193042386502,0.07342588125446126,340.22204609767863,360,0.0003327740852923344,2.180417457633241,0.0002039607812623924,0.9450612391602184,0.0,0.0003327740852923344,1.0
0.0,0.5,Traffic,20260811,60,0,5.058703381052062e-05,3699.738975078736,0.07349487941380155,376.00672806436944,360,0.00037485935810988805,3.205784257954993,0.0002041524428161154,1.0444631335121373,0.0,0.00037485935810988805,1.0
0.0,0.5,Traffic,20260812,60,0,4.029416142651228e-05,1808.8701921013999,0.0725810183708806,326.36398225765856,360,0.00033455676078171894,2.2415707489401018,0.0002016139399191128,0.9065666173823849,0.0,0.00033455676078171894,1.0
0.0,0.5,Traffic,20260813,60,0,5.130267979804561e-05,1428.676591997391,0.07692112664601247,339.37990810348447,360,0.00037750158129928413,1.992121002570286,0.00021366979623892353,0.9427219669541235,0.0,0.00037750158129928413,1.0
0.0,0.5,Traffic,20260814,60,0,3.908116137576121e-05,1713.985663106794,0.07046641299864302,321.95510506720285,360,0.0003294825968079903,2.1819879207749433,0.00019574003610734172,0.8943197362977857,0.0,0.0003294825968079903,1.0
0.0,0.5,Traffic,20260815,60,0,3.9244716870925515e-05,1980.2612745882598,0.07041266134824704,331.44185596247877,360,0.0003301713228298871,2.3453626079447,0.0001955907259673529,0.9206718221179966,0.0,0.0003301713228298871,1.0
0.0,0.5,Traffic,20260816,60,0,3.214488168011351e-05,1563.511922025192,0.0656477196415464,321.3870611123527,360,0.00029881656245983975,2.084007838826956,0.00018235477678207334,0.8927418364232019,0.0,0.00029881656245983975,1.0
0.0,0.5,Traffic,20260817,60,0,3.210825879068531e-05,2121.9727403691736,0.06521930268883123,353.1795507924862,360,0.0002986462920444579,2.4278321035952435,0.00018116472969119786,0.9810543077569062,0.0,0.0002986462920444579,1.0
0.0,0.5,Traffic,20260818,60,0,4.511955639001166e-05,2929.5748526887137,0.07107803150547491,374.86384599931586,360,0.0003540227409127353,2.852666809169153,0.00019743897640409698,1.0412884611092108,0.0,0.0003540227409127353,1.0
0.0,0.5,Traffic,20260819,60,0,5.5878772006677684e-05,2636.29062052991,0.07928832633675147,395.6808729909217,360,0.0003939781861089015,2.7061096617602125,0.00022024535093542074,1.0991135360858937,0.0,0.0003939781861089015,1.0
0.0,0.5,Traffic,20260820,60,0,4.941133966356291e-05,3060.599433459576,0.0724197519712796,392.2027014029178,360,0.00037047769337393956,2.915761494523046,0.0002011659776979989,1.0894519483414382,0.0,0.00037047769337393956,1.0
0.0,0.5,Traffic,20260821,60,0,4.5295428433808944e-05,1986.5685792223908,0.0730565881729704,340.45961140000225,360,0.0003547120445352232,2.349094730613376,0.00020293496714713998,0.945721142777784,0.0,0.0003547120445352232,1.0
0.0,0.5,Traffic,20260822,60,0,4.507041309821076e-05,2995.2073467650584,0.07300740865855518,376.8962980218302,360,0.0003538298912464496,2.8844445579141778,0.00020279835738487548,1.0469341611717506,0.0,0.0003538298912464496,1.0
0.0,0.5,Traffic,20260823,60,0,5.750381477467921e-05,2531.9379013040007,0.08136822013693114,390.0804272284246,360,0.00039966588398129924,2.6520107158447828,0.00022602283371369762,1.0835567423011794,0.0,0.0003996658839812993,0.9999999999999999
0.0,0.5,Traffic,20260824,60,0,3.7269198207117005e-05,1006.5014274249154,0.0722822036401718,298.82083951745955,360,0.0003217538664496901,1.672075745414227,0.0002007838990004772,0.8300578875484987,0.0,0.0003217538664496901,1.0
0.0,0.5,Traffic,20260825,60,0,3.943634648956832e-05,2160.185918933142,0.0701507455771882,341.9749970360758,360,0.0003309764446534943,2.449595158690707,0.00019486318215885612,0.9499305473224329,0.0,0.0003309764446534943,1.0
0.0,0.5,Traffic,20260826,60,0,3.354418931449199e-05,1985.921448705574,0.06587153845851329,341.5402719161783,360,0.00030525121400473845,2.3487120872143086,0.00018297649571809247,0.9487229775449397,0.0,0.00030525121400473845,1.0
0.0,0.5,Traffic,20260827,60,0,3.942368698862734e-05,2173.868353541644,0.06953920682680964,334.36830662479395,360,0.00033092331685010643,2.457340677293717,0.00019316446340780457,0.9288008517355387,0.0,0.00033092331685010643,1.0
0.0,0.5,Traffic,20260828,60,0,4.15595501707288e-05,2564.534340767896,0.0694879953210348,372.73970818123604,360,0.0003397693260414941,2.6690272576601846,0.0001930222092250967,1.0353880782812113,0.0,0.0003397693260414941,1.0
0.0,0.5,Traffic,20260829,60,0,4.137518296108265e-05,1744.6184852013098,0.06990385083735741,314.74617841737285,360,0.00033901484300954304,2.2014001133125545,0.00019417736343710392,0.8742949400482579,0.0,0.00033901484300954304,1.0
0.0,0.5,Traffic,20260830,60,0,4.073425886755167e-05,1583.2547425430532,0.06843067890813605,325.29815436657674,360,0.0003363788326820408,2.0971241833514225,0.0001900852191892668,0.903605984351602,0.0,0.0003363788326820408,1.0
0.0,0.5,Traffic,20260831,60,0,4.065026040636585e-05,3015.0896286637126,0.07262420595352125,380.19292081183386,360,0.00033603182887590117,2.8940022405848813,0.0002017339054264479,1.0560914466995386,0.0,0.00033603182887590117,1.0
0.0,0.5,Traffic,20260832,60,0,4.8129069823219424e-05,1790.1805160050253,0.07434802502525945,345.3754627236947,360,0.0003656389757945041,2.2299604605394947,0.0002065222917368318,0.9593762853435963,0.0,0.0003656389757945041,1.0
0.0,0.5,Traffic,20260833,60,0,5.0306364909091275e-05,4103.191992904563,0.0777080131257588,420.2718333674211,360,0.00037381800722444277,3.3760562104097156,0.00021585559201599665,1.1674217593539475,0.0,0.00037381800722444277,1.0
0.0,0.5,Traffic,20260834,60,0,4.172762968947996e-05,2566.3931310102757,0.0729321744308251,381.95188824574257,360,0.0003404556982498276,2.669994346129197,0.0002025893734189586,1.0609774673492849,0.0,0.0003404556982498276,1.0
0.0,0.5,Traffic,20260835,60,0,5.91123135618239e-05,1613.16455587022,0.07834761922632459,334.64651205745685,360,0.0004052170665273939,2.1168402526395456,0.00021763227562867943,0.9295736446040468,0.0,0.0004052170665273939,1.0
0.0,0.5,Traffic,20260836,60,0,5.1358986045544205e-05,1541.0281599131763,0.0740717570510955,331.01888115197266,360,0.00037770868420849377,2.068969254855326,0.0002057548806974875,0.9194968920888129,0.0,0.00037770868420849377,1.0
0.0,0.5,Traffic,20260837,60,0,4.850005436408283e-05,2248.6674887721465,0.0777597462261045,377.40187022627714,360,0.0003670454648045163,2.499259606347974,0.00021599929507251252,1.0483385284063254,0.0,0.0003670454648045163,1.0
0.0,0.5,Water,20260808,60,0,0.0007481151838492987,14444.493227326326,0.4758429320806251,769.2466829084067,540,0.001177029519005285,5.171949490480914,0.0008811906149641205,1.4245308942748272,0.0,0.001177029519005285,1.0
0.0,0.5,Water,20260809,60,0,0.0006528864153892708,21104.960896467255,0.4438015828555019,842.6706993855207,540,0.0010995676047372161,6.251660652929252,0.0008218547830657443,1.5605012951583717,0.0,0.0010995676047372161,1.0
0.0,0.5,Water,20260810,60,0,0.0007868983160526688,13921.500765750248,0.4915143623943743,792.3002353128755,540,0.0012071533058403306,5.077455757917696,0.0009102117822118043,1.4672226579868066,0.0,0.0012071533058403306,1.0
0.0,0.5,Water,20260811,60,0,0.0007725169972987218,26331.178784018037,0.4804886845689548,883.2778211629296,540,0.0011960714995495336,6.982939366242986,0.0008897938603128793,1.63569966882024,0.0,0.0011960714995495336,1.0
0.0,0.5,Water,20260812,60,0,0.0007570192980111539,18151.18208199616,0.4788207230043525,774.1050393738058,540,0.0011840133398359767,5.797697832057543,0.0008867050426006528,1.4335278506922329,0.0,0.0011840133398359767,1.0
0.0,0.5,Water,20260813,60,0,0.0006250857753544581,16157.506112351723,0.4362487339516835,812.011277917643,540,0.0010759025284180737,5.4700372590564825,0.0008078680258364509,1.503724588736376,0.0,0.0010759025284180737,1.0
0.0,0.5,Water,20260814,60,0,0.0006526309546770972,14626.536894674562,0.4473876645471503,753.9910292175857,540,0.0010993524648603944,5.204438436045,0.0008284956750873153,1.3962796837362699,0.0,0.0010993524648603944,1.0
0.0,0.5,Water,20260815,60,0,0.0006604548147764097,13034.735297888987,0.4441664664020519,679.1478069957078,540,0.0011059224528908735,4.913084438496291,0.0008225304933371331,1.2576811240661256,0.0,0.0011059224528908735,1.0
0.0,0.5,Water,20260816,60,0,0.0007707274656167355,21239.9488714035,0.4808149438146538,851.0097432759542,540,0.0011946853495692646,6.271621692253705,0.0008903980441012107,1.5759439690295447,0.0,0.0011946853495692646,1.0
0.0,0.5,Water,20260817,60,0,0.0006844502147134435,16575.67619576631,0.4455540741358002,765.0328915938319,540,0.0011258332015078823,5.540369722214078,0.0008251001372885189,1.4167275770256147,0.0,0.0011258332015078823,1.0
0.0,0.5,Water,20260818,60,0,0.0006690102359867808,14441.215486663421,0.4533036464752659,703.4791586955496,540,0.001113062372205603,5.171362648467936,0.0008394511971764183,1.3027391827695363,0.0,0.001113062372205603,1.0
0.0,0.5,Water,20260819,60,0,0.0007600061362586772,21840.971123424482,0.4663322042956196,889.3214952563962,540,0.0011863468172711564,6.3597360653691,0.0008635781561029993,1.6468916578822153,0.0,0.0011863468172711564,1.0
0.0,0.5,Water,20260820,60,0,0.000692657619647541,21642.533361775328,0.4509730258739087,887.8404156095589,540,0.0011325631530486918,6.33077921623943,0.0008351352330998309,1.6441489177954796,0.0,0.0011325631530486918,1.0
0.0,0.5,Water,20260821,60,0,0.000840016153443065,17949.13878989622,0.4965115938321684,803.4893074925094,540,0.0012472311210593686,5.765340051307922,0.0009194659145040155,1.4879431620231656,0.0,0.0012472311210593686,1.0
0.0,0.5,Water,20260822,60,0,0.0007060884513795773,22057.31075204872,0.4661139719728482,897.9282932776655,540,0.001143490798501884,6.391155745485568,0.0008631740221719411,1.6628301727364176,0.0,0.001143490798501884,1.0
0.0,0.5,Water,20260823,60,0,0.0006511165699643574,25380.86098188903,0.4410726189857042,912.9188124397832,540,0.0010980762386373366,6.855770883781459,0.0008168011462698226,1.690590393407006,0.0,0.0010980762386373366,1.0
0.0,0.5,Water,20260824,60,0,0.000719899032546352,16688.331680297022,0.4605421305515908,741.8952669318039,540,0.0011546195722259857,5.559165218490629,0.0008528557973177608,1.3738801239477851,0.0,0.0011546195722259857,1.0
0.0,0.5,Water,20260825,60,0,0.0006751412715368478,18803.998345613385,0.4487952144755742,820.8037664752853,540,0.0011181509799473082,5.901035431053037,0.0008311022490288411,1.520006974954232,0.0,0.0011181509799473082,1.0
0.0,0.5,Water,20260826,60,0,0.0008114829790647816,18327.048177028446,0.4937477613340134,828.0984509896246,540,0.0012258655136381696,5.825716960650271,0.0009143477061740988,1.5335156499807863,0.0,0.0012258655136381696,1.0
0.0,0.5,Water,20260827,60,0,0.0006911312860287274,32388.460882401523,0.4574508677098647,926.9556074242809,540,0.0011313146122564892,7.744587223584387,0.0008471312364997495,1.7165844581931127,0.0,0.0011313146122564892,1.0
0.0,0.5,Water,20260828,60,0,0.0007207610589715444,10878.931120274725,0.4588076665747327,677.1924203166437,540,0.001155310651642733,4.488448366779938,0.0008496438269902458,1.2540600376234143,0.0,0.001155310651642733,1.0
0.0,0.5,Water,20260829,60,0,0.0007578810380345654,20390.39484294825,0.4729552273122358,737.7401428562304,540,0.0011846870488731248,6.144915821221978,0.0008758430135411775,1.36618544973376,0.0,0.0011846870488731248,1.0
0.0,0.5,Water,20260830,60,0,0.0007305210257849363,26598.712813455648,0.4681836887877172,999.6511533871995,540,0.0011631064931538078,7.018324271538999,0.0008670068310883653,1.851205839605925,0.0,0.0011631064931538078,1.0
0.0,0.5,Water,20260831,60,0,0.0006828060454962294,12634.007128008812,0.4607418178127113,707.2795413320483,540,0.0011244801642571701,4.836973175066471,0.000853225588542058,1.3097769283926821,0.0,0.0011244801642571701,1.0
0.0,0.5,Water,20260832,60,0,0.0007779905224365374,21120.947946772136,0.472539585854705,765.1346991371206,540,0.0012003012912170392,6.254028027447315,0.0008750733071383426,1.4169161095131864,0.0,0.0012003012912170392,1.0
0.0,0.5,Water,20260833,60,0,0.0006788647616021805,13600.186223602177,0.460919107461485,720.2767920812887,540,0.0011212301128358817,5.018518710108366,0.0008535539027064537,1.3338459112616456,0.0,0.0011212301128358817,1.0
0.0,0.5,Water,20260834,60,0,0.0005548991888531099,15812.864484879225,0.4106101552553525,727.452616455413,540,0.0010137016772545668,5.411384515944692,0.0007603891763988009,1.3471344749174314,0.0,0.0010137016772545668,1.0
0.0,0.5,Water,20260835,60,0,0.000641278140126007,26234.447065095497,0.456738899922428,882.8049433195398,540,0.001089748645947522,6.970101102552708,0.000845812777634126,1.6348239691102588,0.0,0.001089748645947522,1.0
0.0,0.5,Water,20260836,60,0,0.0006637303642375782,13085.946204974387,0.4433725114353249,747.2115102068879,540,0.001108661492135297,4.922726248017,0.0008210602063617128,1.3837250189016441,0.0,0.001108661492135297,1.0
0.0,0.5,Water,20260837,60,0,0.0007638167398285029,17464.613607733616,0.4748254822151927,760.1824946615094,540,0.0011893172176197808,5.686991915886513,0.0008793064485466532,1.4077453604842767,0.0,0.0011893172176197808,1.0
0.0,1.0,Climate,20260808,60,0,0.0010958458949127043,66.25446210588416,0.4203213670650308,88.65437715744723,300,0.0019112351110496621,0.4699448978546462,0.0014010712235501027,0.2955145905248241,0.0,0.0019112351110496621,1.0
0.0,1.0,Climate,20260809,60,0,0.0012116418803025705,72.58582161086973,0.4153631658730894,88.0511776328353,300,0.0020096781502706436,0.49188691658032446,0.0013845438862436314,0.29350392544278436,0.0,0.0020096781502706436,1.0
0.0,1.0,Climate,20260810,60,0,0.001347317923801854,83.6178339471731,0.4564359613293475,98.53870835088186,300,0.0021192120578191745,0.5279451800681996,0.0015214532044311583,0.3284623611696062,0.0,0.0021192120578191745,1.0
0.0,1.0,Climate,20260811,60,0,0.0012579407216868966,91.86536101038891,0.4387604388806727,99.662857079255,300,0.00204771476015492,0.5533695600903882,0.001462534796268909,0.3322095235975167,0.0,0.00204771476015492,1.0
0.0,1.0,Climate,20260812,60,0,0.0011592737321250127,77.9623928902427,0.4152106222366442,90.75329015535794,300,0.001965768494444359,0.5097790138554897,0.0013840354074554806,0.30251096718452647,0.0,0.001965768494444359,1.0
0.0,1.0,Climate,20260813,60,0,0.0012863304240863535,83.72784066124066,0.4313495109326424,93.6428021321485,300,0.0020706926571289726,0.528292345396122,0.001437831703108808,0.31214267377382837,0.0,0.0020706926571289726,1.0
0.0,1.0,Climate,20260814,60,0,0.001209244169153172,80.03523214288843,0.4356975709569172,94.70767001019442,300,0.0020076886952855116,0.5165114782296338,0.0014523252365230574,0.3156922333673147,0.0,0.0020076886952855116,1.0
0.0,1.0,Climate,20260815,60,0,0.0008747067567253442,52.81547861004592,0.3573525349897933,74.7117916523307,300,0.0017075389275458645,0.41958502757703325,0.0011911751166326443,0.249039305507769,0.0,0.0017075389275458645,1.0
0.0,1.0,Climate,20260816,60,0,0.0010627457486438578,74.72188228607047,0.3990989977709577,89.24149924165036,300,0.0018821492578466935,0.49907207991788943,0.001330329992569859,0.2974716641388345,0.0,0.0018821492578466937,0.9999999999999999
0.0,1.0,Climate,20260817,60,0,0.0011180968879296236,70.70080268027688,0.4030822684367987,87.93730762130285,300,0.0019305412780958812,0.4854578686843891,0.0013436075614559955,0.29312435873767617,0.0,0.0019305412780958812,1.0
0.0,1.0,Climate,20260818,60,0,0.0012105787499006762,83.55028079471253,0.4327601595827749,94.79006985173349,300,0.002008796281276158,0.527731878876362,0.0014425338652759164,0.31596689950577833,0.0,0.002008796281276158,1.0
0.0,1.0,Climate,20260819,60,0,0.001102375255138399,73.93807124120652,0.393209131243669,87.81940458707658,300,0.0019169204949070432,0.4964476180531924,0.0013106971041455635,0.29273134862358857,0.0,0.0019169204949070432,1.0
0.0,1.0,Climate,20260820,60,0,0.0011582165192962448,79.59656563707382,0.4180962973950764,93.74610533221191,300,0.0019648719375540695,0.5150940549617252,0.0013936543246502548,0.3124870177740397,0.0,0.0019648719375540695,1.0
0.0,1.0,Climate,20260821,60,0,0.0013988181371095373,99.21135108145651,0.4460869866747293,100.05172207737596,300,0.0021593348799337398,0.575069129413895,0.0014869566222490977,0.33350574025791985,0.0,0.0021593348799337398,1.0
0.0,1.0,Climate,20260822,60,0,0.0011839142500415984,69.60432383238499,0.4195753951759055,87.34367865700008,300,0.0019865499826261595,0.4816787443666335,0.0013985846505863515,0.29114559552333363,0.0,0.0019865499826261595,1.0
0.0,1.0,Climate,20260823,60,0,0.001113688260151401,76.53274079208843,0.4139526946884317,90.83718327532299,300,0.0019267314811630264,0.5050832960746456,0.0013798423156281057,0.3027906109177433,0.0,0.0019267314811630264,1.0
0.0,1.0,Climate,20260824,60,0,0.0010818916453300498,71.67482753702107,0.410374008467088,86.68508223995305,300,0.0018990275101834358,0.4887904374985974,0.00136791336155696,0.2889502741331768,0.0,0.0018990275101834358,1.0
0.0,1.0,Climate,20260825,60,0,0.0011340275244801107,62.430524915400284,0.4150708317611996,84.4523463889475,300,0.0019442458044874459,0.456181706908553,0.0013835694392039985,0.28150782129649166,0.0,0.0019442458044874457,1.0000000000000002
0.0,1.0,Climate,20260826,60,0,0.00114400004409893,63.463664735762976,0.4062922698917964,83.00980887920329,300,0.0019527758397547238,0.4599408104519645,0.001354307566305988,0.27669936293067765,0.0,0.0019527758397547238,1.0
0.0,1.0,Climate,20260827,60,0,0.0012343717084339206,66.89571726228492,0.4382813372635346,90.30345906522132,300,0.00202844086959576,0.472213642547117,0.0014609377908784485,0.3010115302174044,0.0,0.00202844086959576,1.0
0.0,1.0,Climate,20260828,60,0,0.001296461748076608,83.13738340102235,0.4567332515549926,98.87813012299581,300,0.0020788312005199845,0.5264262639123747,0.0015224441718499754,0.3295937670766527,0.0,0.0020788312005199845,1.0
0.0,1.0,Climate,20260829,60,0,0.0012286832847848048,74.84935482470064,0.4215085973119852,89.53313004355319,300,0.0020237615841009245,0.49949759700690133,0.0014050286577066173,0.298443766811844,0.0,0.0020237615841009245,1.0
0.0,1.0,Climate,20260830,60,0,0.0012401352224488517,78.93232181643604,0.4377199353028137,94.17530674306097,300,0.0020331709408776986,0.5129402883261561,0.0014590664510093791,0.31391768914353657,0.0,0.0020331709408776986,1.0
0.0,1.0,Climate,20260831,60,0,0.0011527954677347464,79.56820824775477,0.4187574657148031,91.5769049391142,300,0.001960268236521681,0.5150022920588307,0.0013958582190493436,0.30525634979704735,0.0,0.001960268236521681,1.0
0.0,1.0,Climate,20260832,60,0,0.0011735426125642839,72.48724510364447,0.4196610902077143,87.74204340329963,300,0.0019778292920643106,0.49155279507442695,0.001398870300692381,0.29247347801099877,0.0,0.0019778292920643106,1.0
0.0,1.0,Climate,20260833,60,0,0.0011230254719155144,69.06663350643171,0.4159633454358505,87.32624618554908,300,0.0019347915235803524,0.4798146638944101,0.0013865444847861684,0.2910874872851636,0.0,0.0019347915235803522,1.0000000000000002
0.0,1.0,Climate,20260834,60,0,0.0009892368282970999,58.1184990139719,0.3996695648402365,84.08803636694518,300,0.0018158898904734467,0.4401458054401666,0.0013322318828007883,0.2802934545564839,0.0,0.0018158898904734467,1.0
0.0,1.0,Climate,20260835,60,0,0.0010807030835840122,73.67586518011245,0.40338102966312983,89.55983803765048,300,0.001897984091594739,0.4955665618935982,0.0013446034322104328,0.29853279345883493,0.0,0.0018979840915947393,0.9999999999999999
0.0,1.0,Climate,20260836,60,0,0.0010484322172056417,60.98467800952932,0.4022789201836442,82.97074768800032,300,0.0018694314797157287,0.45086834001930587,0.0013409297339454806,0.27656915896000106,0.0,0.001869431479715729,0.9999999999999999
0.0,1.0,Climate,20260837,60,0,0.0009792370678993855,68.27316600711303,0.3754935876015767,82.82183072874804,300,0.0018066885618901278,0.47705054242051764,0.0012516452920052557,0.2760727690958268,0.0,0.0018066885618901278,1.0
0.0,1.0,Traffic,20260808,60,0,3.9099632824583594e-05,1916.641381638319,0.07030129060276773,349.9703013407624,360,0.00032956045147954094,2.3073802976285074,0.0001952813627854659,0.9721397259465622,0.0,0.00032956045147954094,1.0
0.0,1.0,Traffic,20260809,60,0,4.904490495758387e-05,3293.731481259099,0.0734904393697678,376.93889197389063,360,0.0003691014049071063,3.0247733988860404,0.0002041401093604661,1.0470524777052517,0.0,0.0003691014049071063,1.0
0.0,1.0,Traffic,20260810,60,0,3.9865893063173935e-05,1711.5193042386502,0.07342588125446126,340.22204609767863,360,0.0003327740852923344,2.180417457633241,0.0002039607812623924,0.9450612391602184,0.0,0.0003327740852923344,1.0
0.0,1.0,Traffic,20260811,60,0,5.058703381052062e-05,3699.738975078736,0.07349487941380155,376.00672806436944,360,0.00037485935810988805,3.205784257954993,0.0002041524428161154,1.0444631335121373,0.0,0.00037485935810988805,1.0
0.0,1.0,Traffic,20260812,60,0,4.029416142651228e-05,1808.8701921013999,0.0725810183708806,326.36398225765856,360,0.00033455676078171894,2.2415707489401018,0.0002016139399191128,0.9065666173823849,0.0,0.00033455676078171894,1.0
0.0,1.0,Traffic,20260813,60,0,5.130267979804561e-05,1428.676591997391,0.07692112664601247,339.37990810348447,360,0.00037750158129928413,1.992121002570286,0.00021366979623892353,0.9427219669541235,0.0,0.00037750158129928413,1.0
0.0,1.0,Traffic,20260814,60,0,3.908116137576121e-05,1713.985663106794,0.07046641299864302,321.95510506720285,360,0.0003294825968079903,2.1819879207749433,0.00019574003610734172,0.8943197362977857,0.0,0.0003294825968079903,1.0
0.0,1.0,Traffic,20260815,60,0,3.9244716870925515e-05,1980.2612745882598,0.07041266134824704,331.44185596247877,360,0.0003301713228298871,2.3453626079447,0.0001955907259673529,0.9206718221179966,0.0,0.0003301713228298871,1.0
0.0,1.0,Traffic,20260816,60,0,3.214488168011351e-05,1563.511922025192,0.0656477196415464,321.3870611123527,360,0.00029881656245983975,2.084007838826956,0.00018235477678207334,0.8927418364232019,0.0,0.00029881656245983975,1.0
0.0,1.0,Traffic,20260817,60,0,3.210825879068531e-05,2121.9727403691736,0.06521930268883123,353.1795507924862,360,0.0002986462920444579,2.4278321035952435,0.00018116472969119786,0.9810543077569062,0.0,0.0002986462920444579,1.0
0.0,1.0,Traffic,20260818,60,0,4.511955639001166e-05,2929.5748526887137,0.07107803150547491,374.86384599931586,360,0.0003540227409127353,2.852666809169153,0.00019743897640409698,1.0412884611092108,0.0,0.0003540227409127353,1.0
0.0,1.0,Traffic,20260819,60,0,5.5878772006677684e-05,2636.29062052991,0.07928832633675147,395.6808729909217,360,0.0003939781861089015,2.7061096617602125,0.00022024535093542074,1.0991135360858937,0.0,0.0003939781861089015,1.0
0.0,1.0,Traffic,20260820,60,0,4.941133966356291e-05,3060.599433459576,0.0724197519712796,392.2027014029178,360,0.00037047769337393956,2.915761494523046,0.0002011659776979989,1.0894519483414382,0.0,0.00037047769337393956,1.0
0.0,1.0,Traffic,20260821,60,0,4.5295428433808944e-05,1986.5685792223908,0.0730565881729704,340.45961140000225,360,0.0003547120445352232,2.349094730613376,0.00020293496714713998,0.945721142777784,0.0,0.0003547120445352232,1.0
0.0,1.0,Traffic,20260822,60,0,4.507041309821076e-05,2995.2073467650584,0.07300740865855518,376.8962980218302,360,0.0003538298912464496,2.8844445579141778,0.00020279835738487548,1.0469341611717506,0.0,0.0003538298912464496,1.0
0.0,1.0,Traffic,20260823,60,0,5.750381477467921e-05,2531.9379013040007,0.08136822013693114,390.0804272284246,360,0.00039966588398129924,2.6520107158447828,0.00022602283371369762,1.0835567423011794,0.0,0.0003996658839812993,0.9999999999999999
0.0,1.0,Traffic,20260824,60,0,3.7269198207117005e-05,1006.5014274249154,0.0722822036401718,298.82083951745955,360,0.0003217538664496901,1.672075745414227,0.0002007838990004772,0.8300578875484987,0.0,0.0003217538664496901,1.0
0.0,1.0,Traffic,20260825,60,0,3.943634648956832e-05,2160.185918933142,0.0701507455771882,341.9749970360758,360,0.0003309764446534943,2.449595158690707,0.00019486318215885612,0.9499305473224329,0.0,0.0003309764446534943,1.0
0.0,1.0,Traffic,20260826,60,0,3.354418931449199e-05,1985.921448705574,0.06587153845851329,341.5402719161783,360,0.00030525121400473845,2.3487120872143086,0.00018297649571809247,0.9487229775449397,0.0,0.00030525121400473845,1.0
0.0,1.0,Traffic,20260827,60,0,3.942368698862734e-05,2173.868353541644,0.06953920682680964,334.36830662479395,360,0.00033092331685010643,2.457340677293717,0.00019316446340780457,0.9288008517355387,0.0,0.00033092331685010643,1.0
0.0,1.0,Traffic,20260828,60,0,4.15595501707288e-05,2564.534340767896,0.0694879953210348,372.73970818123604,360,0.0003397693260414941,2.6690272576601846,0.0001930222092250967,1.0353880782812113,0.0,0.0003397693260414941,1.0
0.0,1.0,Traffic,20260829,60,0,4.137518296108265e-05,1744.6184852013098,0.06990385083735741,314.74617841737285,360,0.00033901484300954304,2.2014001133125545,0.00019417736343710392,0.8742949400482579,0.0,0.00033901484300954304,1.0
0.0,1.0,Traffic,20260830,60,0,4.073425886755167e-05,1583.2547425430532,0.06843067890813605,325.29815436657674,360,0.0003363788326820408,2.0971241833514225,0.0001900852191892668,0.903605984351602,0.0,0.0003363788326820408,1.0
0.0,1.0,Traffic,20260831,60,0,4.065026040636585e-05,3015.0896286637126,0.07262420595352125,380.19292081183386,360,0.00033603182887590117,2.8940022405848813,0.0002017339054264479,1.0560914466995386,0.0,0.00033603182887590117,1.0
0.0,1.0,Traffic,20260832,60,0,4.8129069823219424e-05,1790.1805160050253,0.07434802502525945,345.3754627236947,360,0.0003656389757945041,2.2299604605394947,0.0002065222917368318,0.9593762853435963,0.0,0.0003656389757945041,1.0
0.0,1.0,Traffic,20260833,60,0,5.0306364909091275e-05,4103.191992904563,0.0777080131257588,420.2718333674211,360,0.00037381800722444277,3.3760562104097156,0.00021585559201599665,1.1674217593539475,0.0,0.00037381800722444277,1.0
0.0,1.0,Traffic,20260834,60,0,4.172762968947996e-05,2566.3931310102757,0.0729321744308251,381.95188824574257,360,0.0003404556982498276,2.669994346129197,0.0002025893734189586,1.0609774673492849,0.0,0.0003404556982498276,1.0
0.0,1.0,Traffic,20260835,60,0,5.91123135618239e-05,1613.16455587022,0.07834761922632459,334.64651205745685,360,0.0004052170665273939,2.1168402526395456,0.00021763227562867943,0.9295736446040468,0.0,0.0004052170665273939,1.0
0.0,1.0,Traffic,20260836,60,0,5.1358986045544205e-05,1541.0281599131763,0.0740717570510955,331.01888115197266,360,0.00037770868420849377,2.068969254855326,0.0002057548806974875,0.9194968920888129,0.0,0.00037770868420849377,1.0
0.0,1.0,Traffic,20260837,60,0,4.850005436408283e-05,2248.6674887721465,0.0777597462261045,377.40187022627714,360,0.0003670454648045163,2.499259606347974,0.00021599929507251252,1.0483385284063254,0.0,0.0003670454648045163,1.0
0.0,1.0,Water,20260808,60,0,0.0007481151838492987,14444.493227326326,0.4758429320806251,769.2466829084067,540,0.001177029519005285,5.171949490480914,0.0008811906149641205,1.4245308942748272,0.0,0.001177029519005285,1.0
0.0,1.0,Water,20260809,60,0,0.0006528864153892708,21104.960896467255,0.4438015828555019,842.6706993855207,540,0.0010995676047372161,6.251660652929252,0.0008218547830657443,1.5605012951583717,0.0,0.0010995676047372161,1.0
0.0,1.0,Water,20260810,60,0,0.0007868983160526688,13921.500765750248,0.4915143623943743,792.3002353128755,540,0.0012071533058403306,5.077455757917696,0.0009102117822118043,1.4672226579868066,0.0,0.0012071533058403306,1.0
0.0,1.0,Water,20260811,60,0,0.0007725169972987218,26331.178784018037,0.4804886845689548,883.2778211629296,540,0.0011960714995495336,6.982939366242986,0.0008897938603128793,1.63569966882024,0.0,0.0011960714995495336,1.0
0.0,1.0,Water,20260812,60,0,0.0007570192980111539,18151.18208199616,0.4788207230043525,774.1050393738058,540,0.0011840133398359767,5.797697832057543,0.0008867050426006528,1.4335278506922329,0.0,0.0011840133398359767,1.0
0.0,1.0,Water,20260813,60,0,0.0006250857753544581,16157.506112351723,0.4362487339516835,812.011277917643,540,0.0010759025284180737,5.4700372590564825,0.0008078680258364509,1.503724588736376,0.0,0.0010759025284180737,1.0
0.0,1.0,Water,20260814,60,0,0.0006526309546770972,14626.536894674562,0.4473876645471503,753.9910292175857,540,0.0010993524648603944,5.204438436045,0.0008284956750873153,1.3962796837362699,0.0,0.0010993524648603944,1.0
0.0,1.0,Water,20260815,60,0,0.0006604548147764097,13034.735297888987,0.4441664664020519,679.1478069957078,540,0.0011059224528908735,4.913084438496291,0.0008225304933371331,1.2576811240661256,0.0,0.0011059224528908735,1.0
0.0,1.0,Water,20260816,60,0,0.0007707274656167355,21239.9488714035,0.4808149438146538,851.0097432759542,540,0.0011946853495692646,6.271621692253705,0.0008903980441012107,1.5759439690295447,0.0,0.0011946853495692646,1.0
0.0,1.0,Water,20260817,60,0,0.0006844502147134435,16575.67619576631,0.4455540741358002,765.0328915938319,540,0.0011258332015078823,5.540369722214078,0.0008251001372885189,1.4167275770256147,0.0,0.0011258332015078823,1.0
0.0,1.0,Water,20260818,60,0,0.0006690102359867808,14441.215486663421,0.4533036464752659,703.4791586955496,540,0.001113062372205603,5.171362648467936,0.0008394511971764183,1.3027391827695363,0.0,0.001113062372205603,1.0
0.0,1.0,Water,20260819,60,0,0.0007600061362586772,21840.971123424482,0.4663322042956196,889.3214952563962,540,0.0011863468172711564,6.3597360653691,0.0008635781561029993,1.6468916578822153,0.0,0.0011863468172711564,1.0
0.0,1.0,Water,20260820,60,0,0.000692657619647541,21642.533361775328,0.4509730258739087,887.8404156095589,540,0.0011325631530486918,6.33077921623943,0.0008351352330998309,1.6441489177954796,0.0,0.0011325631530486918,1.0
0.0,1.0,Water,20260821,60,0,0.000840016153443065,17949.13878989622,0.4965115938321684,803.4893074925094,540,0.0012472311210593686,5.765340051307922,0.0009194659145040155,1.4879431620231656,0.0,0.0012472311210593686,1.0
0.0,1.0,Water,20260822,60,0,0.0007060884513795773,22057.31075204872,0.4661139719728482,897.9282932776655,540,0.001143490798501884,6.391155745485568,0.0008631740221719411,1.6628301727364176,0.0,0.001143490798501884,1.0
0.0,1.0,Water,20260823,60,0,0.0006511165699643574,25380.86098188903,0.4410726189857042,912.9188124397832,540,0.0010980762386373366,6.855770883781459,0.0008168011462698226,1.690590393407006,0.0,0.0010980762386373366,1.0
0.0,1.0,Water,20260824,60,0,0.000719899032546352,16688.331680297022,0.4605421305515908,741.8952669318039,540,0.0011546195722259857,5.559165218490629,0.0008528557973177608,1.3738801239477851,0.0,0.0011546195722259857,1.0
0.0,1.0,Water,20260825,60,0,0.0006751412715368478,18803.998345613385,0.4487952144755742,820.8037664752853,540,0.0011181509799473082,5.901035431053037,0.0008311022490288411,1.520006974954232,0.0,0.0011181509799473082,1.0
0.0,1.0,Water,20260826,60,0,0.0008114829790647816,18327.048177028446,0.4937477613340134,828.0984509896246,540,0.0012258655136381696,5.825716960650271,0.0009143477061740988,1.5335156499807863,0.0,0.0012258655136381696,1.0
0.0,1.0,Water,20260827,60,0,0.0006911312860287274,32388.460882401523,0.4574508677098647,926.9556074242809,540,0.0011313146122564892,7.744587223584387,0.0008471312364997495,1.7165844581931127,0.0,0.0011313146122564892,1.0
0.0,1.0,Water,20260828,60,0,0.0007207610589715444,10878.931120274725,0.4588076665747327,677.1924203166437,540,0.001155310651642733,4.488448366779938,0.0008496438269902458,1.2540600376234143,0.0,0.001155310651642733,1.0
0.0,1.0,Water,20260829,60,0,0.0007578810380345654,20390.39484294825,0.4729552273122358,737.7401428562304,540,0.0011846870488731248,6.144915821221978,0.0008758430135411775,1.36618544973376,0.0,0.0011846870488731248,1.0
0.0,1.0,Water,20260830,60,0,0.0007305210257849363,26598.712813455648,0.4681836887877172,999.6511533871995,540,0.0011631064931538078,7.018324271538999,0.0008670068310883653,1.851205839605925,0.0,0.0011631064931538078,1.0
0.0,1.0,Water,20260831,60,0,0.0006828060454962294,12634.007128008812,0.4607418178127113,707.2795413320483,540,0.0011244801642571701,4.836973175066471,0.000853225588542058,1.3097769283926821,0.0,0.0011244801642571701,1.0
0.0,1.0,Water,20260832,60,0,0.0007779905224365374,21120.947946772136,0.472539585854705,765.1346991371206,540,0.0012003012912170392,6.254028027447315,0.0008750733071383426,1.4169161095131864,0.0,0.0012003012912170392,1.0
0.0,1.0,Water,20260833,60,0,0.0006788647616021805,13600.186223602177,0.460919107461485,720.2767920812887,540,0.0011212301128358817,5.018518710108366,0.0008535539027064537,1.3338459112616456,0.0,0.0011212301128358817,1.0
0.0,1.0,Water,20260834,60,0,0.0005548991888531099,15812.864484879225,0.4106101552553525,727.452616455413,540,0.0010137016772545668,5.411384515944692,0.0007603891763988009,1.3471344749174314,0.0,0.0010137016772545668,1.0
0.0,1.0,Water,20260835,60,0,0.000641278140126007,26234.447065095497,0.456738899922428,882.8049433195398,540,0.001089748645947522,6.970101102552708,0.000845812777634126,1.6348239691102588,0.0,0.001089748645947522,1.0
0.0,1.0,Water,20260836,60,0,0.0006637303642375782,13085.946204974387,0.4433725114353249,747.2115102068879,540,0.001108661492135297,4.922726248017,0.0008210602063617128,1.3837250189016441,0.0,0.001108661492135297,1.0
0.0,1.0,Water,20260837,60,0,0.0007638167398285029,17464.613607733616,0.4748254822151927,760.1824946615094,540,0.0011893172176197808,5.686991915886513,0.0008793064485466532,1.4077453604842767,0.0,0.0011893172176197808,1.0
0.0,2.0,Climate,20260808,60,0,0.0010958458949127043,66.25446210588416,0.4203213670650308,88.65437715744723,300,0.0019112351110496621,0.4699448978546462,0.0014010712235501027,0.2955145905248241,0.0,0.0019112351110496621,1.0
0.0,2.0,Climate,20260809,60,0,0.0012116418803025705,72.58582161086973,0.4153631658730894,88.0511776328353,300,0.0020096781502706436,0.49188691658032446,0.0013845438862436314,0.29350392544278436,0.0,0.0020096781502706436,1.0
0.0,2.0,Climate,20260810,60,0,0.001347317923801854,83.6178339471731,0.4564359613293475,98.53870835088186,300,0.0021192120578191745,0.5279451800681996,0.0015214532044311583,0.3284623611696062,0.0,0.0021192120578191745,1.0
0.0,2.0,Climate,20260811,60,0,0.0012579407216868966,91.86536101038891,0.4387604388806727,99.662857079255,300,0.00204771476015492,0.5533695600903882,0.001462534796268909,0.3322095235975167,0.0,0.00204771476015492,1.0
0.0,2.0,Climate,20260812,60,0,0.0011592737321250127,77.9623928902427,0.4152106222366442,90.75329015535794,300,0.001965768494444359,0.5097790138554897,0.0013840354074554806,0.30251096718452647,0.0,0.001965768494444359,1.0
0.0,2.0,Climate,20260813,60,0,0.0012863304240863535,83.72784066124066,0.4313495109326424,93.6428021321485,300,0.0020706926571289726,0.528292345396122,0.001437831703108808,0.31214267377382837,0.0,0.0020706926571289726,1.0
0.0,2.0,Climate,20260814,60,0,0.001209244169153172,80.03523214288843,0.4356975709569172,94.70767001019442,300,0.0020076886952855116,0.5165114782296338,0.0014523252365230574,0.3156922333673147,0.0,0.0020076886952855116,1.0
0.0,2.0,Climate,20260815,60,0,0.0008747067567253442,52.81547861004592,0.3573525349897933,74.7117916523307,300,0.0017075389275458645,0.41958502757703325,0.0011911751166326443,0.249039305507769,0.0,0.0017075389275458645,1.0
0.0,2.0,Climate,20260816,60,0,0.0010627457486438578,74.72188228607047,0.3990989977709577,89.24149924165036,300,0.0018821492578466935,0.49907207991788943,0.001330329992569859,0.2974716641388345,0.0,0.0018821492578466937,0.9999999999999999
0.0,2.0,Climate,20260817,60,0,0.0011180968879296236,70.70080268027688,0.4030822684367987,87.93730762130285,300,0.0019305412780958812,0.4854578686843891,0.0013436075614559955,0.29312435873767617,0.0,0.0019305412780958812,1.0
0.0,2.0,Climate,20260818,60,0,0.0012105787499006762,83.55028079471253,0.4327601595827749,94.79006985173349,300,0.002008796281276158,0.527731878876362,0.0014425338652759164,0.31596689950577833,0.0,0.002008796281276158,1.0
0.0,2.0,Climate,20260819,60,0,0.001102375255138399,73.93807124120652,0.393209131243669,87.81940458707658,300,0.0019169204949070432,0.4964476180531924,0.0013106971041455635,0.29273134862358857,0.0,0.0019169204949070432,1.0
0.0,2.0,Climate,20260820,60,0,0.0011582165192962448,79.59656563707382,0.4180962973950764,93.74610533221191,300,0.0019648719375540695,0.5150940549617252,0.0013936543246502548,0.3124870177740397,0.0,0.0019648719375540695,1.0
0.0,2.0,Climate,20260821,60,0,0.0013988181371095373,99.21135108145651,0.4460869866747293,100.05172207737596,300,0.0021593348799337398,0.575069129413895,0.0014869566222490977,0.33350574025791985,0.0,0.0021593348799337398,1.0
0.0,2.0,Climate,20260822,60,0,0.0011839142500415984,69.60432383238499,0.4195753951759055,87.34367865700008,300,0.0019865499826261595,0.4816787443666335,0.0013985846505863515,0.29114559552333363,0.0,0.0019865499826261595,1.0
0.0,2.0,Climate,20260823,60,0,0.001113688260151401,76.53274079208843,0.4139526946884317,90.83718327532299,300,0.0019267314811630264,0.5050832960746456,0.0013798423156281057,0.3027906109177433,0.0,0.0019267314811630264,1.0
0.0,2.0,Climate,20260824,60,0,0.0010818916453300498,71.67482753702107,0.410374008467088,86.68508223995305,300,0.0018990275101834358,0.4887904374985974,0.00136791336155696,0.2889502741331768,0.0,0.0018990275101834358,1.0
0.0,2.0,Climate,20260825,60,0,0.0011340275244801107,62.430524915400284,0.4150708317611996,84.4523463889475,300,0.0019442458044874459,0.456181706908553,0.0013835694392039985,0.28150782129649166,0.0,0.0019442458044874457,1.0000000000000002
0.0,2.0,Climate,20260826,60,0,0.00114400004409893,63.463664735762976,0.4062922698917964,83.00980887920329,300,0.0019527758397547238,0.4599408104519645,0.001354307566305988,0.27669936293067765,0.0,0.0019527758397547238,1.0
0.0,2.0,Climate,20260827,60,0,0.0012343717084339206,66.89571726228492,0.4382813372635346,90.30345906522132,300,0.00202844086959576,0.472213642547117,0.0014609377908784485,0.3010115302174044,0.0,0.00202844086959576,1.0
0.0,2.0,Climate,20260828,60,0,0.001296461748076608,83.13738340102235,0.4567332515549926,98.87813012299581,300,0.0020788312005199845,0.5264262639123747,0.0015224441718499754,0.3295937670766527,0.0,0.0020788312005199845,1.0
0.0,2.0,Climate,20260829,60,0,0.0012286832847848048,74.84935482470064,0.4215085973119852,89.53313004355319,300,0.0020237615841009245,0.49949759700690133,0.0014050286577066173,0.298443766811844,0.0,0.0020237615841009245,1.0
0.0,2.0,Climate,20260830,60,0,0.0012401352224488517,78.93232181643604,0.4377199353028137,94.17530674306097,300,0.0020331709408776986,0.5129402883261561,0.0014590664510093791,0.31391768914353657,0.0,0.0020331709408776986,1.0
0.0,2.0,Climate,20260831,60,0,0.0011527954677347464,79.56820824775477,0.4187574657148031,91.5769049391142,300,0.001960268236521681,0.5150022920588307,0.0013958582190493436,0.30525634979704735,0.0,0.001960268236521681,1.0
0.0,2.0,Climate,20260832,60,0,0.0011735426125642839,72.48724510364447,0.4196610902077143,87.74204340329963,300,0.0019778292920643106,0.49155279507442695,0.001398870300692381,0.29247347801099877,0.0,0.0019778292920643106,1.0
0.0,2.0,Climate,20260833,60,0,0.0011230254719155144,69.06663350643171,0.4159633454358505,87.32624618554908,300,0.0019347915235803524,0.4798146638944101,0.0013865444847861684,0.2910874872851636,0.0,0.0019347915235803522,1.0000000000000002
0.0,2.0,Climate,20260834,60,0,0.0009892368282970999,58.1184990139719,0.3996695648402365,84.08803636694518,300,0.0018158898904734467,0.4401458054401666,0.0013322318828007883,0.2802934545564839,0.0,0.0018158898904734467,1.0
0.0,2.0,Climate,20260835,60,0,0.0010807030835840122,73.67586518011245,0.40338102966312983,89.55983803765048,300,0.001897984091594739,0.4955665618935982,0.0013446034322104328,0.29853279345883493,0.0,0.0018979840915947393,0.9999999999999999
0.0,2.0,Climate,20260836,60,0,0.0010484322172056417,60.98467800952932,0.4022789201836442,82.97074768800032,300,0.0018694314797157287,0.45086834001930587,0.0013409297339454806,0.27656915896000106,0.0,0.001869431479715729,0.9999999999999999
0.0,2.0,Climate,20260837,60,0,0.0009792370678993855,68.27316600711303,0.3754935876015767,82.82183072874804,300,0.0018066885618901278,0.47705054242051764,0.0012516452920052557,0.2760727690958268,0.0,0.0018066885618901278,1.0
0.0,2.0,Traffic,20260808,60,0,3.9099632824583594e-05,1916.641381638319,0.07030129060276773,349.9703013407624,360,0.00032956045147954094,2.3073802976285074,0.0001952813627854659,0.9721397259465622,0.0,0.00032956045147954094,1.0
0.0,2.0,Traffic,20260809,60,0,4.904490495758387e-05,3293.731481259099,0.0734904393697678,376.93889197389063,360,0.0003691014049071063,3.0247733988860404,0.0002041401093604661,1.0470524777052517,0.0,0.0003691014049071063,1.0
0.0,2.0,Traffic,20260810,60,0,3.9865893063173935e-05,1711.5193042386502,0.07342588125446126,340.22204609767863,360,0.0003327740852923344,2.180417457633241,0.0002039607812623924,0.9450612391602184,0.0,0.0003327740852923344,1.0
0.0,2.0,Traffic,20260811,60,0,5.058703381052062e-05,3699.738975078736,0.07349487941380155,376.00672806436944,360,0.00037485935810988805,3.205784257954993,0.0002041524428161154,1.0444631335121373,0.0,0.00037485935810988805,1.0
0.0,2.0,Traffic,20260812,60,0,4.029416142651228e-05,1808.8701921013999,0.0725810183708806,326.36398225765856,360,0.00033455676078171894,2.2415707489401018,0.0002016139399191128,0.9065666173823849,0.0,0.00033455676078171894,1.0
0.0,2.0,Traffic,20260813,60,0,5.130267979804561e-05,1428.676591997391,0.07692112664601247,339.37990810348447,360,0.00037750158129928413,1.992121002570286,0.00021366979623892353,0.9427219669541235,0.0,0.00037750158129928413,1.0
0.0,2.0,Traffic,20260814,60,0,3.908116137576121e-05,1713.985663106794,0.07046641299864302,321.95510506720285,360,0.0003294825968079903,2.1819879207749433,0.00019574003610734172,0.8943197362977857,0.0,0.0003294825968079903,1.0
0.0,2.0,Traffic,20260815,60,0,3.9244716870925515e-05,1980.2612745882598,0.07041266134824704,331.44185596247877,360,0.0003301713228298871,2.3453626079447,0.0001955907259673529,0.9206718221179966,0.0,0.0003301713228298871,1.0
0.0,2.0,Traffic,20260816,60,0,3.214488168011351e-05,1563.511922025192,0.0656477196415464,321.3870611123527,360,0.00029881656245983975,2.084007838826956,0.00018235477678207334,0.8927418364232019,0.0,0.00029881656245983975,1.0
0.0,2.0,Traffic,20260817,60,0,3.210825879068531e-05,2121.9727403691736,0.06521930268883123,353.1795507924862,360,0.0002986462920444579,2.4278321035952435,0.00018116472969119786,0.9810543077569062,0.0,0.0002986462920444579,1.0
0.0,2.0,Traffic,20260818,60,0,4.511955639001166e-05,2929.5748526887137,0.07107803150547491,374.86384599931586,360,0.0003540227409127353,2.852666809169153,0.00019743897640409698,1.0412884611092108,0.0,0.0003540227409127353,1.0
0.0,2.0,Traffic,20260819,60,0,5.5878772006677684e-05,2636.29062052991,0.07928832633675147,395.6808729909217,360,0.0003939781861089015,2.7061096617602125,0.00022024535093542074,1.0991135360858937,0.0,0.0003939781861089015,1.0
0.0,2.0,Traffic,20260820,60,0,4.941133966356291e-05,3060.599433459576,0.0724197519712796,392.2027014029178,360,0.00037047769337393956,2.915761494523046,0.0002011659776979989,1.0894519483414382,0.0,0.00037047769337393956,1.0
0.0,2.0,Traffic,20260821,60,0,4.5295428433808944e-05,1986.5685792223908,0.0730565881729704,340.45961140000225,360,0.0003547120445352232,2.349094730613376,0.00020293496714713998,0.945721142777784,0.0,0.0003547120445352232,1.0
0.0,2.0,Traffic,20260822,60,0,4.507041309821076e-05,2995.2073467650584,0.07300740865855518,376.8962980218302,360,0.0003538298912464496,2.8844445579141778,0.00020279835738487548,1.0469341611717506,0.0,0.0003538298912464496,1.0
0.0,2.0,Traffic,20260823,60,0,5.750381477467921e-05,2531.9379013040007,0.08136822013693114,390.0804272284246,360,0.00039966588398129924,2.6520107158447828,0.00022602283371369762,1.0835567423011794,0.0,0.0003996658839812993,0.9999999999999999
0.0,2.0,Traffic,20260824,60,0,3.7269198207117005e-05,1006.5014274249154,0.0722822036401718,298.82083951745955,360,0.0003217538664496901,1.672075745414227,0.0002007838990004772,0.8300578875484987,0.0,0.0003217538664496901,1.0
0.0,2.0,Traffic,20260825,60,0,3.943634648956832e-05,2160.185918933142,0.0701507455771882,341.9749970360758,360,0.0003309764446534943,2.449595158690707,0.00019486318215885612,0.9499305473224329,0.0,0.0003309764446534943,1.0
0.0,2.0,Traffic,20260826,60,0,3.354418931449199e-05,1985.921448705574,0.06587153845851329,341.5402719161783,360,0.00030525121400473845,2.3487120872143086,0.00018297649571809247,0.9487229775449397,0.0,0.00030525121400473845,1.0
0.0,2.0,Traffic,20260827,60,0,3.942368698862734e-05,2173.868353541644,0.06953920682680964,334.36830662479395,360,0.00033092331685010643,2.457340677293717,0.00019316446340780457,0.9288008517355387,0.0,0.00033092331685010643,1.0
0.0,2.0,Traffic,20260828,60,0,4.15595501707288e-05,2564.534340767896,0.0694879953210348,372.73970818123604,360,0.0003397693260414941,2.6690272576601846,0.0001930222092250967,1.0353880782812113,0.0,0.0003397693260414941,1.0
0.0,2.0,Traffic,20260829,60,0,4.137518296108265e-05,1744.6184852013098,0.06990385083735741,314.74617841737285,360,0.00033901484300954304,2.2014001133125545,0.00019417736343710392,0.8742949400482579,0.0,0.00033901484300954304,1.0
0.0,2.0,Traffic,20260830,60,0,4.073425886755167e-05,1583.2547425430532,0.06843067890813605,325.29815436657674,360,0.0003363788326820408,2.0971241833514225,0.0001900852191892668,0.903605984351602,0.0,0.0003363788326820408,1.0
0.0,2.0,Traffic,20260831,60,0,4.065026040636585e-05,3015.0896286637126,0.07262420595352125,380.19292081183386,360,0.00033603182887590117,2.8940022405848813,0.0002017339054264479,1.0560914466995386,0.0,0.00033603182887590117,1.0
0.0,2.0,Traffic,20260832,60,0,4.8129069823219424e-05,1790.1805160050253,0.07434802502525945,345.3754627236947,360,0.0003656389757945041,2.2299604605394947,0.0002065222917368318,0.9593762853435963,0.0,0.0003656389757945041,1.0
0.0,2.0,Traffic,20260833,60,0,5.0306364909091275e-05,4103.191992904563,0.0777080131257588,420.2718333674211,360,0.00037381800722444277,3.3760562104097156,0.00021585559201599665,1.1674217593539475,0.0,0.00037381800722444277,1.0
0.0,2.0,Traffic,20260834,60,0,4.172762968947996e-05,2566.3931310102757,0.0729321744308251,381.95188824574257,360,0.0003404556982498276,2.669994346129197,0.0002025893734189586,1.0609774673492849,0.0,0.0003404556982498276,1.0
0.0,2.0,Traffic,20260835,60,0,5.91123135618239e-05,1613.16455587022,0.07834761922632459,334.64651205745685,360,0.0004052170665273939,2.1168402526395456,0.00021763227562867943,0.9295736446040468,0.0,0.0004052170665273939,1.0
0.0,2.0,Traffic,20260836,60,0,5.1358986045544205e-05,1541.0281599131763,0.0740717570510955,331.01888115197266,360,0.00037770868420849377,2.068969254855326,0.0002057548806974875,0.9194968920888129,0.0,0.00037770868420849377,1.0
0.0,2.0,Traffic,20260837,60,0,4.850005436408283e-05,2248.6674887721465,0.0777597462261045,377.40187022627714,360,0.0003670454648045163,2.499259606347974,0.00021599929507251252,1.0483385284063254,0.0,0.0003670454648045163,1.0
0.0,2.0,Water,20260808,60,0,0.0007481151838492987,14444.493227326326,0.4758429320806251,769.2466829084067,540,0.001177029519005285,5.171949490480914,0.0008811906149641205,1.4245308942748272,0.0,0.001177029519005285,1.0
0.0,2.0,Water,20260809,60,0,0.0006528864153892708,21104.960896467255,0.4438015828555019,842.6706993855207,540,0.0010995676047372161,6.251660652929252,0.0008218547830657443,1.5605012951583717,0.0,0.0010995676047372161,1.0
0.0,2.0,Water,20260810,60,0,0.0007868983160526688,13921.500765750248,0.4915143623943743,792.3002353128755,540,0.0012071533058403306,5.077455757917696,0.0009102117822118043,1.4672226579868066,0.0,0.0012071533058403306,1.0
0.0,2.0,Water,20260811,60,0,0.0007725169972987218,26331.178784018037,0.4804886845689548,883.2778211629296,540,0.0011960714995495336,6.982939366242986,0.0008897938603128793,1.63569966882024,0.0,0.0011960714995495336,1.0
0.0,2.0,Water,20260812,60,0,0.0007570192980111539,18151.18208199616,0.4788207230043525,774.1050393738058,540,0.0011840133398359767,5.797697832057543,0.0008867050426006528,1.4335278506922329,0.0,0.0011840133398359767,1.0
0.0,2.0,Water,20260813,60,0,0.0006250857753544581,16157.506112351723,0.4362487339516835,812.011277917643,540,0.0010759025284180737,5.4700372590564825,0.0008078680258364509,1.503724588736376,0.0,0.0010759025284180737,1.0
0.0,2.0,Water,20260814,60,0,0.0006526309546770972,14626.536894674562,0.4473876645471503,753.9910292175857,540,0.0010993524648603944,5.204438436045,0.0008284956750873153,1.3962796837362699,0.0,0.0010993524648603944,1.0
0.0,2.0,Water,20260815,60,0,0.0006604548147764097,13034.735297888987,0.4441664664020519,679.1478069957078,540,0.0011059224528908735,4.913084438496291,0.0008225304933371331,1.2576811240661256,0.0,0.0011059224528908735,1.0
0.0,2.0,Water,20260816,60,0,0.0007707274656167355,21239.9488714035,0.4808149438146538,851.0097432759542,540,0.0011946853495692646,6.271621692253705,0.0008903980441012107,1.5759439690295447,0.0,0.0011946853495692646,1.0
0.0,2.0,Water,20260817,60,0,0.0006844502147134435,16575.67619576631,0.4455540741358002,765.0328915938319,540,0.0011258332015078823,5.540369722214078,0.0008251001372885189,1.4167275770256147,0.0,0.0011258332015078823,1.0
0.0,2.0,Water,20260818,60,0,0.0006690102359867808,14441.215486663421,0.4533036464752659,703.4791586955496,540,0.001113062372205603,5.171362648467936,0.0008394511971764183,1.3027391827695363,0.0,0.001113062372205603,1.0
0.0,2.0,Water,20260819,60,0,0.0007600061362586772,21840.971123424482,0.4663322042956196,889.3214952563962,540,0.0011863468172711564,6.3597360653691,0.0008635781561029993,1.6468916578822153,0.0,0.0011863468172711564,1.0
0.0,2.0,Water,20260820,60,0,0.000692657619647541,21642.533361775328,0.4509730258739087,887.8404156095589,540,0.0011325631530486918,6.33077921623943,0.0008351352330998309,1.6441489177954796,0.0,0.0011325631530486918,1.0
0.0,2.0,Water,20260821,60,0,0.000840016153443065,17949.13878989622,0.4965115938321684,803.4893074925094,540,0.0012472311210593686,5.765340051307922,0.0009194659145040155,1.4879431620231656,0.0,0.0012472311210593686,1.0
0.0,2.0,Water,20260822,60,0,0.0007060884513795773,22057.31075204872,0.4661139719728482,897.9282932776655,540,0.001143490798501884,6.391155745485568,0.0008631740221719411,1.6628301727364176,0.0,0.001143490798501884,1.0
0.0,2.0,Water,20260823,60,0,0.0006511165699643574,25380.86098188903,0.4410726189857042,912.9188124397832,540,0.0010980762386373366,6.855770883781459,0.0008168011462698226,1.690590393407006,0.0,0.0010980762386373366,1.0
0.0,2.0,Water,20260824,60,0,0.000719899032546352,16688.331680297022,0.4605421305515908,741.8952669318039,540,0.0011546195722259857,5.559165218490629,0.0008528557973177608,1.3738801239477851,0.0,0.0011546195722259857,1.0
0.0,2.0,Water,20260825,60,0,0.0006751412715368478,18803.998345613385,0.4487952144755742,820.8037664752853,540,0.0011181509799473082,5.901035431053037,0.0008311022490288411,1.520006974954232,0.0,0.0011181509799473082,1.0
0.0,2.0,Water,20260826,60,0,0.0008114829790647816,18327.048177028446,0.4937477613340134,828.0984509896246,540,0.0012258655136381696,5.825716960650271,0.0009143477061740988,1.5335156499807863,0.0,0.0012258655136381696,1.0
0.0,2.0,Water,20260827,60,0,0.0006911312860287274,32388.460882401523,0.4574508677098647,926.9556074242809,540,0.0011313146122564892,7.744587223584387,0.0008471312364997495,1.7165844581931127,0.0,0.0011313146122564892,1.0
0.0,2.0,Water,20260828,60,0,0.0007207610589715444,10878.931120274725,0.4588076665747327,677.1924203166437,540,0.001155310651642733,4.488448366779938,0.0008496438269902458,1.2540600376234143,0.0,0.001155310651642733,1.0
0.0,2.0,Water,20260829,60,0,0.0007578810380345654,20390.39484294825,0.4729552273122358,737.7401428562304,540,0.0011846870488731248,6.144915821221978,0.0008758430135411775,1.36618544973376,0.0,0.0011846870488731248,1.0
0.0,2.0,Water,20260830,60,0,0.0007305210257849363,26598.712813455648,0.4681836887877172,999.6511533871995,540,0.0011631064931538078,7.018324271538999,0.0008670068310883653,1.851205839605925,0.0,0.0011631064931538078,1.0
0.0,2.0,Water,20260831,60,0,0.0006828060454962294,12634.007128008812,0.4607418178127113,707.2795413320483,540,0.0011244801642571701,4.836973175066471,0.000853225588542058,1.3097769283926821,0.0,0.0011244801642571701,1.0
0.0,2.0,Water,20260832,60,0,0.0007779905224365374,21120.947946772136,0.472539585854705,765.1346991371206,540,0.0012003012912170392,6.254028027447315,0.0008750733071383426,1.4169161095131864,0.0,0.0012003012912170392,1.0
0.0,2.0,Water,20260833,60,0,0.0006788647616021805,13600.186223602177,0.460919107461485,720.2767920812887,540,0.0011212301128358817,5.018518710108366,0.0008535539027064537,1.3338459112616456,0.0,0.0011212301128358817,1.0
0.0,2.0,Water,20260834,60,0,0.0005548991888531099,15812.864484879225,0.4106101552553525,727.452616455413,540,0.0010137016772545668,5.411384515944692,0.0007603891763988009,1.3471344749174314,0.0,0.0010137016772545668,1.0
0.0,2.0,Water,20260835,60,0,0.000641278140126007,26234.447065095497,0.456738899922428,882.8049433195398,540,0.001089748645947522,6.970101102552708,0.000845812777634126,1.6348239691102588,0.0,0.001089748645947522,1.0
0.0,2.0,Water,20260836,60,0,0.0006637303642375782,13085.946204974387,0.4433725114353249,747.2115102068879,540,0.001108661492135297,4.922726248017,0.0008210602063617128,1.3837250189016441,0.0,0.001108661492135297,1.0
0.0,2.0,Water,20260837,60,0,0.0007638167398285029,17464.613607733616,0.4748254822151927,760.1824946615094,540,0.0011893172176197808,5.686991915886513,0.0008793064485466532,1.4077453604842767,0.0,0.0011893172176197808,1.0
0.1,0.1,Climate,20260808,60,0,0.0011883622749575976,74.17211157712757,0.4462840614344805,94.97279891579932,300,0.001990278267778652,0.4972327140522419,0.001487613538114935,0.3165759963859977,0.0,0.0019112351110496621,1.0413571079099624
0.1,0.1,Climate,20260809,60,0,0.0013761750702419497,86.40804015039633,0.4594618081668204,98.99783930645313,300,0.0021417866920260364,0.536681283911896,0.001531539360556068,0.3299927976881771,0.0,0.0020096781502706436,1.0657361686186426
0.1,0.1,Climate,20260810,60,0,0.001544380168775954,92.98685703839217,0.4916327048808426,104.65774355166204,300,0.0022689058807980216,0.5567370924664298,0.001638775682936142,0.3488591451722068,0.0,0.0021192120578191745,1.0706365474028556
0.1,0.1,Climate,20260811,60,0,0.0014155622584509308,99.24246901767668,0.4715863248945154,105.45023857427202,300,0.002172220260816822,0.5751593084171743,0.0015719544163150514,0.3515007952475734,0.0,0.00204771476015492,1.0608021698551817
0.1,0.1,Climate,20260812,60,0,0.0013554644370057196,92.35767114736204,0.4602211916195497,101.84272716299877,300,0.0021256092750124764,0.5548503436283879,0.0015340706387318324,0.3394757572099959,0.0,0.001965768494444359,1.0813121082263035
0.1,0.1,Climate,20260813,60,0,0.0015424297369766727,98.92042246702202,0.4804421981793235,103.8986825454176,300,0.0022674727025013795,0.5742253403993419,0.0016014739939310782,0.3463289418180587,0.0,0.0020706926571289726,1.0950310248577613
0.1,0.1,Climate,20260814,60,0,0.0013004475423349753,79.38036407067973,0.4698005450927876,99.02436032189024,300,0.0020820242892715213,0.5143940255960721,0.0015660018169759587,0.33008120107296746,0.0,0.0020076886952855116,1.0370254582598217
0.1,0.1,Climate,20260815,60,0,0.0009429404437152583,60.64872286851918,0.3859298564698853,83.36352456206171,300,0.0017728888324946362,0.44962474304883465,0.0012864328548996178,0.2778784152068724,0.0,0.0017075389275458645,1.0382713997874677
0.1,0.1,Climate,20260816,60,0,0.0013529347347993287,81.59594195429378,0.4478725009191946,96.4541919287224,300,0.0021236248372372875,0.5215232240092278,0.0014929083363973154,0.3215139730957413,0.0,0.0018821492578466937,1.1282977842399482
0.1,0.1,Climate,20260817,60,0,0.0014065105018114265,76.75461512062199,0.4560362055043583,94.98304817353142,300,0.002165264034562857,0.5058149039606682,0.0015201206850145278,0.31661016057843805,0.0,0.0019305412780958812,1.1215839097201206
0.1,0.1,Climate,20260818,60,0,0.0013592039612383411,89.3412257913432,0.4674597469422267,101.39742592227779,300,0.0021285393749692462,0.5457142896893429,0.001558199156474089,0.33799141974092595,0.0,0.002008796281276158,1.0596093764256758
0.1,0.1,Climate,20260819,60,0,0.0014041277488303285,88.6206921179115,0.4541158360807828,99.8043448613233,300,0.002163429182902558,0.5435092520460945,0.0015137194536026094,0.33268114953774436,0.0,0.0019169204949070432,1.1285961982515442
0.1,0.1,Climate,20260820,60,0,0.001247482026574917,82.39985480516486,0.4358435184950983,97.60033014715678,300,0.002039184499234042,0.5240860451146194,0.0014528117283169942,0.32533443382385596,0.0,0.0019648719375540695,1.0378205623784718
0.1,0.1,Climate,20260821,60,0,0.001639111091687327,110.39536022697412,0.49172181135221327,107.46435543473886,300,0.002337456660337846,0.606617287991295,0.0016390727045073777,0.3582145181157962,0.0,0.0021593348799337398,1.0824891877861815
0.1,0.1,Climate,20260822,60,0,0.0013180459290102562,78.11332742179749,0.4552778140531976,94.26890057604528,300,0.0020960645099887044,0.5102722391749901,0.0015175927135106587,0.3142296685868176,0.0,0.0019865499826261595,1.0551279999598953
0.1,0.1,Climate,20260823,60,0,0.0011970526660289855,78.17959896490866,0.43403853293310973,93.24692250877698,300,0.001997542378381483,0.5104886514080036,0.0014467951097770324,0.3108230750292566,0.0,0.0019267314811630264,1.036751824481382
0.1,0.1,Climate,20260824,60,0,0.0012668210248361123,82.06467906458867,0.4398523920398008,93.01564750783032,300,0.0020549298648503086,0.5230190533960456,0.0014661746401326693,0.3100521583594344,0.0,0.0018990275101834358,1.082095890570755
0.1,0.1,Climate,20260825,60,0,0.001300009749963816,70.60109461550533,0.4525174031952498,90.42477613485899,300,0.0020816738056700238,0.4851154316775384,0.001508391343984166,0.30141592044953,0.0,0.0019442458044874457,1.070684478714258
0.1,0.1,Climate,20260826,60,0,0.0015263349425076215,78.77376282250079,0.464152492623879,94.04667923977063,300,0.00225561147844483,0.5124248329348764,0.00154717497541293,0.3134889307992354,0.0,0.0019527758397547238,1.1550795705912378
0.1,0.1,Climate,20260827,60,0,0.0014381645409250624,76.88632657284579,0.4963662493857598,101.58085349233522,300,0.002189493503777424,0.5062487088801504,0.0016545541646191993,0.33860284497445076,0.0,0.00202844086959576,1.0793972536225618
0.1,0.1,Climate,20260828,60,0,0.0013649416322730004,91.29580661378019,0.4717459223805066,102.67876465653816,300,0.0021330272949285018,0.5516514799937251,0.001572486407935022,0.3422625488551272,0.0,0.0020788312005199845,1.0260704642084268
0.1,0.1,Climate,20260829,60,0,0.001288357687068352,78.81406809625649,0.4431520435266765,93.06921260894576,300,0.0020723237255702047,0.5125559094585244,0.001477173478422255,0.3102307086964859,0.0,0.0020237615841009245,1.0239959794922455
0.1,0.1,Climate,20260830,60,0,0.0013871623537396497,86.76498352854713,0.4640795168014058,98.23883711145645,300,0.0021503196303027834,0.5377886311199074,0.0015469317226713528,0.3274627903715215,0.0,0.0020331709408776986,1.0576187112798854
0.1,0.1,Climate,20260831,60,0,0.0012860583825361285,86.46520730143017,0.4476747441828122,96.70831479503147,300,0.0020704736837546204,0.5368587874585214,0.0014922491472760407,0.32236104931677156,0.0,0.001960268236521681,1.0562195750457544
0.1,0.1,Climate,20260832,60,0,0.001370265531032069,88.08147667992915,0.4562518350480848,96.08095687534271,300,0.0021371831391125322,0.5418532294509562,0.0015208394501602827,0.32026985625114235,0.0,0.0019778292920643106,1.080570071283503
0.1,0.1,Climate,20260833,60,0,0.0013944309548563315,78.82675876505706,0.4657173858613267,97.14867903606851,300,0.002155946006479392,0.5125971737633658,0.0015523912862044223,0.3238289301202284,0.0,0.0019347915235803522,1.114304037517071
0.1,0.1,Climate,20260834,60,0,0.001233305598720146,71.96815525753458,0.4455120379556324,92.91316028924166,300,0.0020275647122596327,0.48978959856090104,0.0014850401265187746,0.3097105342974722,0.0,0.0018158898904734467,1.1165680930857527
0.1,0.1,Climate,20260835,60,0,0.0013388778380842709,95.08300860158546,0.4521555096122415,101.3144195522686,300,0.0021125638752349167,0.5629772304501177,0.001507185032040805,0.33771473184089534,0.0,0.0018979840915947393,1.1130566818712804
0.1,0.1,Climate,20260836,60,0,0.001232931826597097,71.24875298403386,0.4373199954492408,90.67522203771901,300,0.0020272574467303495,0.487335452517168,0.001457733318164136,0.30225074012573006,0.0,0.001869431479715729,1.0844245797329892
0.1,0.1,Climate,20260837,60,0,0.0011621833008702924,73.47274216082076,0.4256971235172526,89.95549605915656,300,0.0019682338113736152,0.4948829564008738,0.0014189904117241753,0.29985165353052184,0.0,0.0018066885618901278,1.0894151061179473
0.1,0.1,Traffic,20260808,60,0,6.0042273421958535e-05,3095.2413863841416,0.08656330683211415,435.45902038140997,360,0.00040839208224300054,2.932216352855967,0.00024045363008920597,1.209608389948361,0.0,0.00032956045147954094,1.2392023387804876
0.1,0.1,Traffic,20260809,60,0,6.522814062861758e-05,4124.4227407307735,0.0930530703175705,469.513026491367,360,0.00042566334059199613,3.3847791412975914,0.00025848075088214027,1.3042028513649082,0.0,0.0003691014049071063,1.1532422660356036
0.1,0.1,Traffic,20260810,60,0,7.409388719903201e-05,2876.146061225321,0.0949151800461177,441.4918925591558,360,0.00045366987262837334,2.8265340285435765,0.0002636532779058825,1.2263663682198773,0.0,0.0003327740852923344,1.3632968812154793
0.1,0.1,Traffic,20260811,60,0,5.4403198511360576e-05,3946.1100168273115,0.07749477199652324,397.067347996943,360,0.0003887415540753143,3.310803031502961,0.0002152632555458979,1.102964855547064,0.0,0.00037485935810988805,1.0370330783134851
0.1,0.1,Traffic,20260812,60,0,5.264962797697713e-05,2760.97128576133,0.0775553795764718,359.9503231703981,360,0.00038242511241119384,2.7693617825539447,0.00021543160993464387,0.9998620088066614,0.0,0.00033455676078171894,1.1430799112163408
0.1,0.1,Traffic,20260813,60,0,5.3842161165062446e-05,1536.6553811158612,0.08149065009607594,359.49508942094997,360,0.0003867318952347222,2.0660317446172702,0.00022636291693354426,0.9985974706137499,0.0,0.00037750158129928413,1.0244510603205137
0.1,0.1,Traffic,20260814,60,0,4.809454118066826e-05,2226.8474952689444,0.07960057002386763,361.3224462420221,360,0.00036550779434107626,2.487104237232163,0.0002211126945107434,1.003673461783395,0.0,0.0003294825968079903,1.1093386961317415
0.1,0.1,Traffic,20260815,60,0,6.434054673360899e-05,2342.5248564042618,0.0855764479929171,375.2834225695625,360,0.00042275730736048977,2.5508848445219625,0.00023771235553588082,1.042453951582118,0.0,0.0003301713228298871,1.2804180076484273
0.1,0.1,Traffic,20260816,60,0,0.0001518731930980049,13414.787530281177,0.09082160699147272,487.1597913773244,360,0.0006495151890662692,6.104367182208611,0.00025228224164297976,1.3532216427147898,0.0,0.00029881656245983975,2.173625128806448
0.1,0.1,Traffic,20260817,60,0,7.310018992135236e-05,3690.948990048943,0.08231270168751874,434.77077261299263,360,0.00045061744652739275,3.2019737793225738,0.00022864639357644093,1.2076965905916461,0.0,0.0002986462920444579,1.5088667046310145
0.1,0.1,Traffic,20260818,60,0,5.180635049867715e-05,3483.0139071688923,0.07455662965877022,401.459737380468,360,0.0003793501405864931,3.110472412837751,0.0002071017490521395,1.1151659371679667,0.0,0.0003540227409127353,1.0715417309307846
0.1,0.1,Traffic,20260819,60,0,0.00021248107053752156,11162.908384724344,0.13164708442873696,650.7845564098857,360,0.0007682611508709521,5.568489817397219,0.00036568634563538045,1.8077348789163492,0.0,0.0003939781861089015,1.9500093608192641
0.1,0.1,Traffic,20260820,60,0,5.9162085599799595e-05,3461.6847245265208,0.0845878177359241,440.36361133820066,360,0.00040538762520100436,3.100933875699796,0.00023496616037756694,1.223232253717224,0.0,0.00037047769337393956,1.0942295108489262
0.1,0.1,Traffic,20260821,60,0,5.75469748090605e-05,2639.611819000753,0.0848776299032171,403.3586344462381,360,0.00039981584236113737,2.707813703484763,0.00023577119417560305,1.1204406512395504,0.0,0.0003547120445352232,1.1271560932897369
0.1,0.1,Traffic,20260822,60,0,4.94580483354317e-05,2915.9831701829803,0.0818038838466329,418.02928611515443,360,0.0003706527587897079,2.8460416810911746,0.00022723301068509137,1.1611924614309845,0.0,0.0003538298912464496,1.0475450716840111
0.1,0.1,Traffic,20260823,60,0,7.339501115916802e-05,4461.301277728948,0.0889561092617042,450.26970663127224,360,0.0004515252274211142,3.5202987869280467,0.0002471003035047339,1.2507491850868673,0.0,0.0003996658839812993,1.1297567431155606
0.1,0.1,Traffic,20260824,60,0,4.686045119883355e-05,1672.3266789156341,0.0827219410049835,365.2252410330186,360,0.00036078791553592794,2.1553078401650105,0.00022978316945828752,1.0145145584250517,0.0,0.0003217538664496901,1.1213164880253002
0.1,0.1,Traffic,20260825,60,0,4.287165868820801e-05,2692.3415942509355,0.07455551188123374,378.39643933882905,360,0.000345091206495584,2.7347260650195007,0.00020709864411453817,1.0511012203856362,0.0,0.0003309764446534943,1.042645819876598
0.1,0.1,Traffic,20260826,60,0,4.2980413391652085e-05,2482.500291205358,0.07835654097615564,403.29942395677784,360,0.0003455286344125962,2.625992030116829,0.00021765705826709902,1.1202761776577161,0.0,0.00030525121400473845,1.1319484364351537
0.1,0.1,Traffic,20260827,60,0,0.00032922945828103834,23128.92616599292,0.1301337742743805,644.1153168079844,360,0.000956308670358522,8.015423702322797,0.0003614827063177236,1.7892092133555122,0.0,0.00033092331685010643,2.8898195493177874
0.1,0.1,Traffic,20260828,60,0,4.9598150117020155e-05,3211.611469372383,0.07836298406848499,413.7535310556471,360,0.00037117736894097525,2.986828245895442,0.00021767495574579165,1.1493153640434641,0.0,0.0003397693260414941,1.0924393124753276
0.1,0.1,Traffic,20260829,60,0,5.558977215554997e-05,2506.194139304203,0.08147675816961411,387.2352243932144,360,0.0003929580559874254,2.6384939618949517,0.0002263243282489281,1.0756534010922623,0.0,0.00033901484300954304,1.1591175551459967
0.1,0.1,Traffic,20260830,60,0,6.861726237337963e-05,3285.5285138782438,0.09264802955439598,456.09345744234565,360,0.00043658161504204595,3.021004484290984,0.00025735563765109996,1.2669262706731823,0.0,0.0003363788326820408,1.2978867057747387
0.1,0.1,Traffic,20260831,60,0,6.72208015983535e-05,4914.482474722632,0.0926549520325135,493.4834893195635,360,0.0004321162446429378,3.694772010227812,0.00025737486675698194,1.3707874703321208,0.0,0.00033603182887590117,1.2859384365119808
0.1,0.1,Traffic,20260832,60,0,5.668557651983654e-05,2143.304475595071,0.08288000106106903,382.46347349242615,360,0.0003968122160132217,2.4400048244459764,0.0002302222251696362,1.0623985374789615,0.0,0.0003656389757945041,1.0852568852950664
0.1,0.1,Traffic,20260833,60,0,5.8258187544269276e-05,4668.492349801511,0.0860560987135144,471.1006609672471,360,0.00040227888178983657,3.601115702807145,0.0002390447186486511,1.308612947131242,0.0,0.00037381800722444277,1.0761356435895442
0.1,0.1,Traffic,20260834,60,0,0.0005183965931540539,22896.699067198737,0.1263581766409013,627.4259542601419,360,0.0011999960568847877,7.9750825609099385,0.0003509949351136147,1.7428498729448387,0.0,0.0003404556982498276,3.5246760828312715
0.1,0.1,Traffic,20260835,60,0,6.876438508527785e-05,2223.373570648017,0.08716435064716638,377.7446181370519,360,0.0004370494031484753,2.485163514991416,0.00024212319624212882,1.0492906059362552,0.0,0.0004052170665273939,1.0785562584860413
0.1,0.1,Traffic,20260836,60,0,6.532084250859287e-05,2101.581584414588,0.0879586123184167,407.67343814063,360,0.0004259657084157025,2.416138783963756,0.0002443294786622686,1.1324262170573056,0.0,0.00037770868420849377,1.127762548823397
0.1,0.1,Traffic,20260837,60,0,5.7205125389601966e-05,2696.633459185076,0.0882175262325456,420.5700310862867,360,0.00039862654964543904,2.7369049120742797,0.00024504868397929333,1.1682500863507963,0.0,0.0003670454648045163,1.0860413432917428
0.1,0.1,Water,20260808,60,0,0.0008273407026065029,17560.70856070374,0.5028104591036145,815.7330038721342,540,0.0012377852851905553,5.702616124900035,0.0009311304798215084,1.5106166738372855,0.0,0.001177029519005285,1.0516178780601997
0.1,0.1,Water,20260809,60,0,0.0009775573929824276,23059.090962628645,0.510684729815694,888.4328437258023,540,0.001345470723756551,6.53467828597278,0.0009457124626216556,1.645246006899634,0.0,0.0010995676047372161,1.2236361984110136
0.1,0.1,Water,20260810,60,0,0.0009406174933069795,13847.547981203126,0.5245626411036733,761.5274171815373,540,0.0013198046245049974,5.063951754568598,0.0009714122983401359,1.4102359577435877,0.0,0.0012071533058403306,1.0933198112614597
0.1,0.1,Water,20260811,60,0,0.0008822885294248368,26425.505674575175,0.5139877539554125,902.7676448818402,540,0.0012782283235334097,6.99543577052807,0.0009518291739915046,1.6717919349663706,0.0,0.0011960714995495336,1.0686888902668594
0.1,0.1,Water,20260812,60,0,0.0008077550961661139,18859.208182780716,0.5042184370717969,819.9486275240773,540,0.0012230465120664825,5.9096920053199105,0.0009337378464292535,1.5184233843038468,0.0,0.0011840133398359767,1.032966834846568
0.1,0.1,Water,20260813,60,0,0.000854800222166857,19993.936328088595,0.4995164840940859,897.2238658029015,540,0.0012581587238433267,6.0848835662631116,0.0009250305261001591,1.6615256774127807,0.0,0.0010759025284180737,1.1693984265407655
0.1,0.1,Water,20260814,60,0,0.0008342604115611557,22157.384473991926,0.4970445215513575,931.5391641986109,540,0.0012429507987350963,6.4056376318330255,0.000920452817687699,1.7250725262937239,0.0,0.0010993524648603944,1.130620832230487
0.1,0.1,Water,20260815,60,0,0.0009713094184729578,13791.467192367065,0.530115791168331,689.4145601403384,540,0.0013411641008170075,5.053687174720949,0.0009816959095709833,1.2766936298895155,0.0,0.0011059224528908735,1.2127107984029204
0.1,0.1,Water,20260816,60,0,0.0009080798703016337,26659.44472727264,0.5152498967878094,944.7115885136651,540,0.0012967765379769446,7.026332050760335,0.0009541664755329804,1.7494659046549355,0.0,0.0011946853495692646,1.085454457480782
0.1,0.1,Water,20260817,60,0,0.0008141768558244438,15490.22889196838,0.4806658705374034,748.0323924590089,540,0.0012278985781380375,5.355894795382066,0.0008901219824766729,1.3852451712203868,0.0,0.0011258332015078823,1.0906576360454232
0.1,0.1,Water,20260818,60,0,0.0007323195763704874,14210.62540529529,0.4772125255370961,677.510803301043,540,0.001164537403284691,5.129909645673017,0.0008837268991427705,1.2546496357426722,0.0,0.001113062372205603,1.0462463132026347
0.1,0.1,Water,20260819,60,0,0.0008634655688394552,24091.260069220687,0.4955516722242867,929.8260796642901,540,0.0012645197952842247,6.679329649944739,0.0009176882818968272,1.721900147526463,0.0,0.0011863468172711564,1.0658938658367056
0.1,0.1,Water,20260820,60,0,0.0007843909235169769,24740.61483906219,0.4816125331285432,913.4150033486081,540,0.001205228519530922,6.768748289430677,0.000891875061349154,1.6915092654603854,0.0,0.0011325631530486918,1.06416010117107
0.1,0.1,Water,20260821,60,0,0.0008976640547311111,18612.950082292708,0.5246096403562066,867.4253626698568,540,0.0012893179755570966,5.8709816963025725,0.0009714993339929752,1.6063432642034385,0.0,0.0012472311210593686,1.0337442305496518
0.1,0.1,Water,20260822,60,0,0.0007978762565633723,26322.69586199284,0.4922386125358298,978.7343726560262,540,0.0012155445788886166,6.981814454550086,0.0009115529861774625,1.8124710604741225,0.0,0.001143490798501884,1.063012120850585
0.1,0.1,Water,20260823,60,0,0.0007432796080435507,27146.88101411619,0.4765048393405259,950.9158060430053,540,0.0011732193821273019,7.0902751623609745,0.000882416369149122,1.7609551963759358,0.0,0.0010980762386373366,1.068431626918013
0.1,0.1,Water,20260824,60,0,0.0008533920048102865,13645.637571971121,0.4931899732028337,699.8047835908228,540,0.0012571219369907972,5.026897572793176,0.0009133147651904327,1.2959347844274496,0.0,0.0011546195722259857,1.0887758766874163
0.1,0.1,Water,20260825,60,0,0.0007622421455378745,18989.42446584385,0.4806469960960465,856.558602916187,540,0.0011880907073005165,5.930059094366076,0.0008900870298074935,1.586219635029976,0.0,0.0011181509799473082,1.0625494486947586
0.1,0.1,Water,20260826,60,0,0.0009132486954883885,17331.85664658207,0.5293763045968561,813.6784509075991,540,0.0013004619517469399,5.665335897102998,0.000980326489994178,1.5068119461251834,0.0,0.0012258655136381696,1.0608520569987976
0.1,0.1,Water,20260827,60,0,0.0007740573396336339,31218.460642438124,0.4841692283033073,962.0646795415169,540,0.0011972633452336469,7.603417925687316,0.0008966096820431617,1.7816012584102163,0.0,0.0011313146122564892,1.0582938930185106
0.1,0.1,Water,20260828,60,0,0.0008151589652792625,14951.668491343109,0.4931366941934642,761.5139218923131,540,0.0012286389377705893,5.261964935646067,0.000913216100358267,1.4102109664672464,0.0,0.001155310651642733,1.0634706224023738
0.1,0.1,Water,20260829,60,0,0.0008119619116587892,25664.035586929076,0.4952497652644577,831.9609055330558,540,0.0012262272096713962,6.893909763526532,0.0009171291949341809,1.540668343579733,0.0,0.0011846870488731248,1.0350642482652144
0.1,0.1,Water,20260830,60,0,0.0008771003730878644,27466.91912166604,0.5136518783553599,1052.760605635159,540,0.0012744645739143604,7.131946791733818,0.0009512071821395553,1.9495566771021462,0.0,0.0011631064931538078,1.0957419474622663
0.1,0.1,Water,20260831,60,0,0.000828584737395794,12283.618588856149,0.500743398118482,692.9779637601548,540,0.0012387155364984252,4.7694278305909075,0.0009273025891083,1.2832925254817682,0.0,0.0011244801642571701,1.1015894951928464
0.1,0.1,Water,20260832,60,0,0.0009485987918616963,19325.409146601934,0.514077065971854,751.7115801714884,540,0.001325392179459918,5.982290089583546,0.0009519945666145444,1.3920584817990527,0.0,0.0012003012912170392,1.1042162406707432
0.1,0.1,Water,20260833,60,0,0.0007706604984841681,14739.440775476722,0.4920499566008535,735.1960524174652,540,0.0011946334464039495,5.2244866441907245,0.0009112036233349138,1.3614741711434541,0.0,0.0011212301128358817,1.0654667875289325
0.1,0.1,Water,20260834,60,0,0.0006117658905818762,16365.048293526756,0.4311574856519299,765.171007102706,540,0.0010643776573067685,5.505056311066446,0.0007984397882443146,1.4169833464864925,0.0,0.0010137016772545668,1.0499910192409356
0.1,0.1,Water,20260835,60,0,0.0007258674468417729,25184.753465244357,0.4794255320216032,910.7569391777857,540,0.0011593959529138064,6.829233657083722,0.0008878250592992652,1.686586924403307,0.0,0.001089748645947522,1.0639113498560275
0.1,0.1,Water,20260836,60,0,0.0007270952266843616,16136.985473091416,0.4674353462757076,812.0504180883247,540,0.0011603760778334225,5.466562579139726,0.0008656210116216807,1.5037970705339347,0.0,0.001108661492135297,1.0466459654862932
0.1,0.1,Water,20260837,60,0,0.000835984184040451,20225.50064846684,0.4943586823789287,830.9247941820965,540,0.0012442342461667611,6.120018858671447,0.0009154790414424605,1.5387496188557344,0.0,0.0011893172176197808,1.0461752573101462
0.1,0.25,Climate,20260808,60,0,0.0011607078232101652,71.8339389986599,0.4411719267042058,93.80817639122817,300,0.001966984005366393,0.489332671430047,0.0014705730890140192,0.3126939213040939,0.0,0.0019112351110496621,1.0291690404777636
0.1,0.25,Climate,20260809,60,0,0.0013914212309844751,87.10608880617957,0.4602394129879745,99.08590065123813,300,0.0021536180650125153,0.538844717292405,0.0015341313766265817,0.3302863355041271,0.0,0.0020096781502706436,1.071623366518906
0.1,0.25,Climate,20260810,60,0,0.001550562388843186,92.84315606095875,0.4877278487365753,103.87955969211409,300,0.0022734426089400087,0.556306738112943,0.0016257594957885845,0.3462651989737136,0.0,0.0021192120578191745,1.0727773091662893
0.1,0.25,Climate,20260811,60,0,0.0014182049331398342,99.19775073322192,0.4731674741362835,105.68691043685384,300,0.002174246944836943,0.5750297115025794,0.0015772249137876117,0.35228970145617944,0.0,0.00204771476015492,1.0617918995087237
0.1,0.25,Climate,20260812,60,0,0.0013259414515245896,92.27382452300458,0.4529712443231439,100.66477951343576,300,0.0021023331892008217,0.5545984268609874,0.001509904147743813,0.3355492650447859,0.0,0.001965768494444359,1.0694714027325298
0.1,0.25,Climate,20260813,60,0,0.0015172104230428802,97.63156958067661,0.4786211579284571,103.73124953785316,300,0.0022488592834611952,0.5704722300593799,0.0015954038597615237,0.34577083179284385,0.0,0.0020706926571289726,1.0860420428492037
0.1,0.25,Climate,20260814,60,0,0.001476645117253193,84.31102639142627,0.4863888916213361,100.7242237244207,300,0.0022185919838591268,0.5301289981109197,0.0016212963054044536,0.33574741241473566,0.0,0.0020076886952855116,1.1050478040090885
0.1,0.25,Climate,20260815,60,0,0.0009762749955769658,62.512638287393806,0.395474549352188,84.98154711730149,300,0.001803953986457679,0.45648161075554766,0.0013182484978406267,0.2832718237243383,0.0,0.0017075389275458645,1.0564643402012426
0.1,0.25,Climate,20260816,60,0,0.0012278811005765214,78.18148683233368,0.4311082095562752,93.42951535081154,300,0.002023100838297918,0.5104948149665958,0.001437027365187584,0.31143171783603846,0.0,0.0018821492578466937,1.0748886305714576
0.1,0.25,Climate,20260817,60,0,0.0014234147135505383,76.23418189496982,0.4578653063890508,94.79686176081486,300,0.002178236835570257,0.5040971529872981,0.0015262176879635026,0.3159895392027162,0.0,0.0019305412780958812,1.1283036836791605
0.1,0.25,Climate,20260818,60,0,0.0014520879050022525,91.89783630727793,0.4789482007995684,103.34003711233333,300,0.0022000665936907854,0.5534673622032827,0.001596494002665228,0.34446679037444444,0.0,0.002008796281276158,1.095216381171871
0.1,0.25,Climate,20260819,60,0,0.002043017689802456,116.8066458983882,0.4982044247534521,107.69737204449973,300,0.002609608968027238,0.6239835625462906,0.0016606814158448403,0.35899124014833245,0.0,0.0019169204949070432,1.3613548266402071
0.1,0.25,Climate,20260820,60,0,0.0013083161224994862,83.43188544177526,0.4436769621885126,98.12307651068471,300,0.002088313611904341,0.5273578337390253,0.001478923207295042,0.32707692170228236,0.0,0.0019648719375540695,1.062824284876263
0.1,0.25,Climate,20260821,60,0,0.0019472107556332723,123.18249066003254,0.5066201002698426,110.63051642320974,300,0.00254768571821125,0.6407872519019931,0.0016887336675661421,0.3687683880773658,0.0,0.0021593348799337398,1.1798474344514025
0.1,0.25,Climate,20260822,60,0,0.0015552115486947564,86.19355917215593,0.4735359351355293,97.45646407759348,300,0.002276848369050778,0.5360147982166038,0.001578453117118431,0.32485488025864495,0.0,0.0019865499826261595,1.14613193172258
0.1,0.25,Climate,20260823,60,0,0.0012328203384520064,79.2327795372847,0.4412051491886519,94.14212759042539,300,0.0020271657870468696,0.5139156206268519,0.0014706838306288396,0.31380709196808465,0.0,0.0019267314811630264,1.05212677888214
0.1,0.25,Climate,20260824,60,0,0.0013335344372911652,84.66314389136546,0.4469972652176159,93.86257665345687,300,0.00210834408742277,0.5312348629729462,0.0014899908840587197,0.3128752555115229,0.0,0.0018990275101834358,1.1102230357995788
0.1,0.25,Climate,20260825,60,0,0.0012979713493019556,71.04741348349653,0.4516572517072492,90.71171069300647,300,0.0020800411448670558,0.4866463927860301,0.0015055241723574973,0.30237236897668823,0.0,0.0019442458044874457,1.0698447388011256
0.1,0.25,Climate,20260826,60,0,0.001500510480696384,77.08052591973363,0.4622637723386275,93.49698711342549,300,0.002236448434979282,0.5068876467217485,0.0015408792411287582,0.3116566237114183,0.0,0.0019527758397547238,1.145266338024844
0.1,0.25,Climate,20260827,60,0,0.0014750898018790883,78.13364987220515,0.5024220182575628,102.58000280898625,300,0.0022174232808067178,0.5103386126622375,0.0016747400608585427,0.34193334269662085,0.0,0.00202844086959576,1.0931663397457672
0.1,0.25,Climate,20260828,60,0,0.0013751894024614788,91.19795857789414,0.4731960858182151,102.68676657758111,300,0.002141019540983126,0.5513557792021837,0.001577320286060717,0.3422892219252704,0.0,0.0020788312005199845,1.0299150505570565
0.1,0.25,Climate,20260829,60,0,0.0013060030554940083,78.24840132206998,0.4423585591397189,92.57656479351188,300,0.0020864667546628586,0.5107132310865854,0.0014745285304657296,0.30858854931170626,0.0,0.0020237615841009245,1.0309844652920375
0.1,0.25,Climate,20260830,60,0,0.001415531673308576,90.28677772993328,0.4658691504488706,98.89107383499653,300,0.0021721967938077313,0.5485945003064142,0.0015528971681629021,0.3296369127833218,0.0,0.0020331709408776986,1.0683788313785445
0.1,0.25,Climate,20260831,60,0,0.0012652120353018356,84.91502027814923,0.4408754379691004,95.31213345967483,300,0.002053624466889241,0.5320244990541608,0.0014695847932303346,0.3177071115322494,0.0,0.001960268236521681,1.047624212150278
0.1,0.25,Climate,20260832,60,0,0.001338158801301285,86.94618325590977,0.4509696246671106,95.5808116570361,300,0.002111996528801823,0.5383498963063266,0.001503232082223702,0.31860270552345366,0.0,0.0019778292920643106,1.0678356000064488
0.1,0.25,Climate,20260833,60,0,0.001437253866042335,79.62951065320162,0.4730939655327136,97.79290463817536,300,0.0021888001782120535,0.51520064264065,0.0015769798851090454,0.32597634879391785,0.0,0.0019347915235803522,1.1312847671369035
0.1,0.25,Climate,20260834,60,0,0.0012392333689200373,73.15466409793355,0.443291390320395,92.86271690967529,300,0.00203243152317615,0.4938105712987979,0.00147763796773465,0.3095423896989176,0.0,0.0018158898904734467,1.1192482175481717
0.1,0.25,Climate,20260835,60,0,0.001439247874733164,98.73785402536846,0.4657335974963653,103.44091510050008,300,0.0021903179942139024,0.5736951978921923,0.0015524453249878842,0.34480305033500025,0.0,0.0018979840915947393,1.1540233682219834
0.1,0.25,Climate,20260836,60,0,0.0012777173097584147,72.7553048790515,0.44195033247653703,91.75164787314101,300,0.002063748458314316,0.4924608440578516,0.0014731677749217902,0.3058388262438034,0.0,0.001869431479715729,1.1039444241241383
0.1,0.25,Climate,20260837,60,0,0.0011772605006914517,74.03602054869992,0.4251764078914313,89.98499528634059,300,0.0019809597847941047,0.4967763431991635,0.0014172546929714376,0.29994998428780195,0.0,0.0018066885618901278,1.0964589174803083
0.1,0.25,Traffic,20260808,60,0,0.0001221035238031288,6642.286805116589,0.10987701818502284,550.9372894326737,360,0.0005823885773336314,4.295439055658853,0.0003052139394028412,1.5303813595352045,0.0,0.00032956045147954094,1.7671676765796214
0.1,0.25,Traffic,20260809,60,0,0.00010724272995050704,6467.767595770063,0.1094951219515211,559.1956290548482,360,0.0005457989300875752,4.238634343672651,0.00030415311653200305,1.5533211918190226,0.0,0.0003691014049071063,1.4787235237561323
0.1,0.25,Traffic,20260810,60,0,0.000123375297851798,4900.7490940755615,0.1163341183274442,525.6122939114653,360,0.0005854136663073718,3.6896059312598237,0.000323150328687345,1.46003414975407,0.0,0.0003327740852923344,1.7591924737561802
0.1,0.25,Traffic,20260811,60,0,6.811566208376015e-05,4676.2498832841065,0.08716221850809774,446.5775787833181,360,0.00043498295651081466,3.604106409239677,0.00024211727363360484,1.2404932743981059,0.0,0.00037485935810988805,1.160389749115725
0.1,0.25,Traffic,20260812,60,0,6.862409515667319e-05,3603.5146288172223,0.0834947846442788,392.16003543155466,360,0.0004366033515060488,3.1638209269529805,0.00023192995734521888,1.0893334317543184,0.0,0.00033455676078171894,1.3050202616915878
0.1,0.25,Traffic,20260813,60,0,6.610982675975031e-05,2131.4061526734245,0.09286339953999223,416.3003229638903,360,0.0004285305212770417,2.433222687366503,0.00025795388761108956,1.1563897860108066,0.0,0.00037750158129928413,1.135175433708453
0.1,0.25,Traffic,20260814,60,0,6.296224963476616e-05,2835.8031514256204,0.08920836891749373,406.19989574835756,360,0.00041820466027335285,2.806640514241587,0.0002478010247708159,1.1283330437454377,0.0,0.0003294825968079903,1.2692769339713148
0.1,0.25,Traffic,20260815,60,0,0.00016742386638172492,7039.548989390714,0.1175048101058057,541.8290746228328,360,0.0006819576933393973,4.422024734022588,0.00032640225029390474,1.5050807628412022,0.0,0.0003301713228298871,2.065466157067674
0.1,0.25,Traffic,20260816,60,0,0.0012377244328498395,83067.16858796946,0.15196510195941723,801.2718320319955,360,0.0018542177392590353,15.190198648028993,0.0004221252832206034,2.225755088977765,0.0,0.00029881656245983975,6.205204035530119
0.1,0.25,Traffic,20260817,60,0,0.0002612721984027989,11980.414123065462,0.10956012074883843,573.4547106666557,360,0.0008519132037211546,5.768789138079696,0.0003043336687467734,1.5929297518518215,0.0,0.0002986462920444579,2.852582558079558
0.1,0.25,Traffic,20260818,60,0,6.09640925102223e-05,4012.318040712619,0.08436329588119151,449.6389386811031,360,0.0004115151290259985,3.3384619049598854,0.0002343424885588653,1.248997051891953,0.0,0.0003540227409127353,1.1623974436360707
0.1,0.25,Traffic,20260819,60,0,0.0017096918787196818,86725.29808860194,0.24537769692569356,1223.3533266252173,360,0.002179253107730874,15.521069737671823,0.0006816047136824821,3.398203685070048,0.0,0.0003939781861089015,5.531405505604555
0.1,0.25,Traffic,20260820,60,0,9.256285589934102e-05,4788.805429592461,0.1028697646819564,526.1171543189373,360,0.0005070690723805153,3.6472232320525024,0.00028574934633876774,1.461436539774826,0.0,0.00037047769337393956,1.368689887271318
0.1,0.25,Traffic,20260821,60,0,0.00013235627067594718,6776.263958507476,0.1059839757337864,509.9828247887028,360,0.0006063466891417702,4.338543008925755,0.0002943999325938511,1.4166189577463968,0.0,0.0003547120445352232,1.7094054134425072
0.1,0.25,Traffic,20260822,60,0,6.42037788954458e-05,3779.6409777646545,0.0911294786732041,465.87421068641817,360,0.00042230774355335617,3.2402164612897284,0.0002531374407589003,1.2940950296844949,0.0,0.0003538298912464496,1.193533259911075
0.1,0.25,Traffic,20260823,60,0,8.793120626044793e-05,4114.323274279363,0.0929631806192928,456.0494788433102,360,0.0004942199416489246,3.38063244998434,0.00025823105727581337,1.266804107898084,0.0,0.0003996658839812993,1.2365827593932175
0.1,0.25,Traffic,20260824,60,0,8.359975538976288e-05,3688.6586061236553,0.0963299905521879,432.87187741770356,360,0.0004818937048243537,3.2009801476889925,0.0002675833070894108,1.2024218817158432,0.0,0.0003217538664496901,1.4977091344439317
0.1,0.25,Traffic,20260825,60,0,4.527055674071968e-05,2836.4199678646532,0.07910441862452865,403.48036917178143,360,0.0003546146450754665,2.8069457342776674,0.00021973449617924623,1.1207788032549484,0.0,0.0003309764446534943,1.0714195853022699
0.1,0.25,Traffic,20260826,60,0,8.116949392075265e-05,4222.627317915904,0.09266401517779695,474.696321537677,360,0.00047483767378603725,3.424838730151272,0.00025740004216054705,1.318600893160214,0.0,0.00030525121400473845,1.5555635882865524
0.1,0.25,Traffic,20260827,60,0,0.003085113317462682,179787.72832556418,0.2613428783358509,1299.2252319261854,360,0.0029274151081071704,22.347491055147568,0.0007259524398218081,3.6089589775727373,0.0,0.00033092331685010643,8.846203815348435
0.1,0.25,Traffic,20260828,60,0,7.908318435089187e-05,4684.146991271561,0.09712070398653379,508.1645627985787,360,0.0004686955430616028,3.607148377901688,0.0002697797332959272,1.411568229996052,0.0,0.0003397693260414941,1.3794521963538393
0.1,0.25,Traffic,20260829,60,0,0.00010180137298082165,4978.910648981839,0.09940378628317882,471.4349956267422,360,0.0005317721237648636,3.718912120268895,0.0002761216285643856,1.3095416545187284,0.0,0.00033901484300954304,1.5685806528237898
0.1,0.25,Traffic,20260830,60,0,0.0001696949909694701,8614.887796717618,0.12589630694687298,624.4932910710863,360,0.0006865675312124764,4.891854850644197,0.00034971196374131386,1.7347035863085731,0.0,0.0003363788326820408,2.041054503157303
0.1,0.25,Traffic,20260831,60,0,0.00016119687210159898,10068.78726912364,0.1178222523705995,607.7363681188522,360,0.000669155504476432,5.288558738006363,0.00032728403436277636,1.6881565781079226,0.0,0.00033603182887590117,1.9913456017392797
0.1,0.25,Traffic,20260832,60,0,7.783041789184742e-05,3278.3442806166313,0.09121932901772663,426.7304103753442,360,0.0004649683916731671,3.0176997681349538,0.0002533870250492406,1.1853622510426227,0.0,0.0003656389757945041,1.2716598132429076
0.1,0.25,Traffic,20260833,60,0,0.00010286613766167155,7336.102115374617,0.1070792780919329,578.000368223827,360,0.0005345458551728008,4.514206622607804,0.0002974424391442581,1.6055565783995194,0.0,0.00037381800722444277,1.4299628290829125
0.1,0.25,Traffic,20260834,60,0,0.009371958856050504,472596.5123956777,0.31904318043216817,1582.1171997004976,360,0.005102275869118087,36.232141669903996,0.0008862310567560228,4.394769999168049,0.0,0.0003404556982498276,14.986607348172562
0.1,0.25,Traffic,20260835,60,0,0.00010052949233217103,4021.387369426188,0.09868231382196717,443.0331512833071,360,0.0005284397693319327,3.3422328570326005,0.00027411753839435323,1.2306476424536308,0.0,0.0004052170665273939,1.304090604723354
0.1,0.25,Traffic,20260836,60,0,0.00010752668364383088,4411.814707916549,0.1069927879631843,501.1154187580796,360,0.000546521026442693,3.500720048122064,0.00029720218878662304,1.3919872743279988,0.0,0.00037770868420849377,1.4469379426315108
0.1,0.25,Traffic,20260837,60,0,0.00011555462237621732,5728.220719095781,0.1071519306037011,511.5769106298047,360,0.000566555436083848,3.988950265384428,0.00029764425167694747,1.4210469739716796,0.0,0.0003670454648045163,1.5435565629058736
0.1,0.25,Water,20260808,60,0,0.0008405793182766186,16908.93691912775,0.5040353900290994,795.3946191765659,540,0.001247649136247416,5.595788250687554,0.0009333988704242581,1.4729529984751222,0.0,0.001177029519005285,1.0599981700559322
0.1,0.25,Water,20260809,60,0,0.001770475922352821,25705.038038401675,0.5718996526521624,926.9341434342084,540,0.001810706799972924,6.899414634107479,0.0010590734308373376,1.7165447100633489,0.0,0.0010995676047372161,1.6467444040475
0.1,0.25,Water,20260810,60,0,0.0009880549688003563,13966.918658246832,0.5338036810119867,765.5868709741834,540,0.0013526756535490552,5.085731430378385,0.0009885253352073828,1.4177534647670063,0.0,0.0012071533058403306,1.1205500138256448
0.1,0.25,Water,20260811,60,0,0.0008990273131109626,26223.91053304682,0.516881426327223,902.725918976237,540,0.0012902966304884822,6.968701262317106,0.0009571878265318944,1.6717146647708094,0.0,0.0011960714995495336,1.0787788447216038
0.1,0.25,Water,20260812,60,0,0.0008276226070151615,18941.90580752692,0.5074769944217377,819.3143557607546,540,0.0012379961459695601,5.922634831497893,0.0009397722118921068,1.5172488069643604,0.0,0.0011840133398359767,1.0455930725755689
0.1,0.25,Water,20260813,60,0,0.0009177183873974106,18828.82830392553,0.5115947732409839,882.6619254119411,540,0.0013036404777316444,5.904930191189821,0.0009473977282240442,1.6345591211332242,0.0,0.0010759025284180737,1.2116715439347647
0.1,0.25,Water,20260814,60,0,0.000954776070364128,22654.929598556464,0.5153063174540792,934.649451950606,540,0.0013297006557897325,6.477157812703047,0.0009542709582482947,1.7308323184270482,0.0,0.0010993524648603944,1.2095307904354313
0.1,0.25,Water,20260815,60,0,0.0015523668873077506,14771.370279667337,0.592652769517332,706.1208108404134,540,0.0016955098038685453,5.230142388768337,0.0010975051287358002,1.3076311311859508,0.0,0.0011059224528908735,1.533118167043715
0.1,0.25,Water,20260816,60,0,0.0009574023883998007,26011.675440957322,0.527756832544411,928.4181249385073,540,0.0013315282144684569,6.940444462360185,0.0009773274676748351,1.7192928239601986,0.0,0.0011946853495692646,1.114543017497059
0.1,0.25,Water,20260817,60,0,0.0008302328898110298,15185.070311143816,0.4839081444050691,745.7115443610405,540,0.0012399468998569535,5.302876632186747,0.0008961261933427205,1.3809473043722973,0.0,0.0011258332015078823,1.1013593294248503
0.1,0.25,Water,20260818,60,0,0.0007612449876621787,13345.51740258314,0.48511038923917127,660.5774142150599,540,0.0011873133285342779,4.971309798825125,0.0008983525726651319,1.2232915078056665,0.0,0.001113062372205603,1.066708711194272
0.1,0.25,Water,20260819,60,0,0.0008665223131524078,24177.28149714346,0.4975749636388847,931.240637006037,540,0.001266756073710419,6.6912437941856995,0.0009214351178497865,1.7245196981593278,0.0,0.0011863468172711564,1.0677788782071507
0.1,0.25,Water,20260820,60,0,0.0007777493505681548,24777.750055650664,0.4795241474107322,911.4726551602919,540,0.0012001152341030476,6.773826269198156,0.0008880076803902448,1.6879123243709109,0.0,0.0011325631530486918,1.0596453106147021
0.1,0.25,Water,20260821,60,0,0.0009071049364045435,18360.406906854747,0.5305883624674531,861.0132288067601,540,0.0012960802275726261,5.831016509255697,0.0009825710416063946,1.594468942234741,0.0,0.0012472311210593686,1.0391660420337863
0.1,0.25,Water,20260822,60,0,0.0008011469799714777,26321.746800755955,0.49360567519187143,979.262347353228,540,0.0012180334636066857,6.981688589227929,0.0009140845836886508,1.8134487913948667,0.0,0.001143490798501884,1.0651886881839905
0.1,0.25,Water,20260823,60,0,0.0007432796080435507,27146.88101411619,0.4765048393405259,950.9158060430053,540,0.0011732193821273019,7.0902751623609745,0.000882416369149122,1.7609551963759358,0.0,0.0010980762386373366,1.068431626918013
0.1,0.25,Water,20260824,60,0,0.0008658374765270783,13648.855701645574,0.4974096820792157,702.4972839711603,540,0.0012662553985311985,5.027490299021079,0.0009211290408874365,1.3009208962428895,0.0,0.0011546195722259857,1.0966862410707197
0.1,0.25,Water,20260825,60,0,0.0007738365258571115,19649.76832570121,0.486518780561712,868.7736230861308,540,0.0011970925626028654,6.032284796195356,0.0009009607047439111,1.6088400427520941,0.0,0.0011181509799473082,1.0706001104245129
0.1,0.25,Water,20260826,60,0,0.001003603168761326,17657.074639572136,0.5442387055317766,839.7578518505719,540,0.00136327707623764,5.718241545228571,0.0010078494546884751,1.5551071330566146,0.0,0.0012258655136381696,1.1120935054218593
0.1,0.25,Water,20260827,60,0,0.0007769593205575125,30511.29065897712,0.4827818897796516,948.5677336848788,540,0.001199505546709971,7.516807175205234,0.0008940405366289844,1.756606914231257,0.0,0.0011313146122564892,1.0602758363718736
0.1,0.25,Water,20260828,60,0,0.0009226523085273701,15885.234008544065,0.5111017248723213,763.8095483121108,540,0.001307140155515772,5.423753314432943,0.0009464846756894839,1.4144621265039088,0.0,0.001155310651642733,1.131418769191778
0.1,0.25,Water,20260829,60,0,0.0008255423708118108,23974.952260526905,0.4997774649284585,815.4368631655109,540,0.0012364393103464562,6.663186905806897,0.0009255138239415897,1.5100682651213164,0.0,0.0011846870488731248,1.0436843312523407
0.1,0.25,Water,20260830,60,0,0.0009696752443552305,27646.097168931636,0.5211442909057261,1051.6166470436415,540,0.001340035408843412,7.155171293460576,0.0009650820201957891,1.9474382352660027,0.0,0.0011631064931538078,1.1521175547819829
0.1,0.25,Water,20260831,60,0,0.0008385254776046162,12309.633643574449,0.5032121543848856,690.6749771248814,540,0.001246123973979743,4.774475663198127,0.0009318743599720105,1.279027735416447,0.0,0.0011244801642571701,1.108177817260948
0.1,0.25,Water,20260832,60,0,0.0009420774103958149,19319.958092601766,0.516691483277499,750.3565125928334,540,0.001320828451022042,5.981446327727497,0.0009568360801435167,1.3895490973941358,0.0,0.0012003012912170392,1.1004140882684506
0.1,0.25,Water,20260833,60,0,0.0008075678221665455,14675.701114164694,0.5016097328350598,731.9080496354434,540,0.001222904725223958,5.213177944928619,0.0009289069126575182,1.3553852771026729,0.0,0.0011212301128358817,1.0906813072750203
0.1,0.25,Water,20260834,60,0,0.0006188336006561456,15394.229782966166,0.43242955321638843,749.1258853244852,540,0.0010705083602491074,5.339272696858518,0.0008007954689192378,1.387270158008306,0.0,0.0010137016772545668,1.0560388566667775
0.1,0.25,Water,20260835,60,0,0.0007456503395994685,25142.229280824962,0.4859114632303031,906.1350888489761,540,0.0011750889167298098,6.823465677599585,0.0008998360430190798,1.6780279423129187,0.0,0.001089748645947522,1.07831188513025
0.1,0.25,Water,20260836,60,0,0.0007335096092188224,16158.693080652705,0.4672538711935088,816.215009865731,540,0.0011654832166028838,5.470238176250867,0.000865284946654646,1.5115092775291314,0.0,0.001108661492135297,1.0512525463098275
0.1,0.25,Water,20260837,60,0,0.0008354322294094434,20220.814823672332,0.4939440388805043,829.8487054316752,540,0.00124382342843693,6.119309877524669,0.000914711183112045,1.5367568619105096,0.0,0.0011893172176197808,1.0458298341347771
0.1,0.5,Climate,20260808,60,0,0.0012365195443995198,73.91060796357826,0.4565277133251308,95.90430794863549,300,0.0020302048701215025,0.49635541017694923,0.0015217590444171027,0.31968102649545166,0.0,0.0019112351110496621,1.062247579266426
0.1,0.5,Climate,20260809,60,0,0.00148207008567979,91.68026116021423,0.4783568271902213,102.39955798815215,300,0.0022226636315314636,0.5528117858132616,0.0015945227573007377,0.3413318599605072,0.0,0.0020096781502706436,1.1059798959510692
0.1,0.5,Climate,20260810,60,0,0.0016243556279389232,96.03413870220447,0.5036626150835866,107.17945913933943,300,0.002326911850456826,0.5657859981247458,0.0016788753836119552,0.3572648637977981,0.0,0.0021192120578191745,1.098008027026512
0.1,0.5,Climate,20260811,60,0,0.001524965745019948,104.50815500395615,0.4921849954667822,109.29146061033202,300,0.0022545995542593575,0.5902207355556511,0.0016406166515559406,0.36430486870110673,0.0,0.00204771476015492,1.101032037337459
0.1,0.5,Climate,20260812,60,0,0.001363696056017648,94.53435080617494,0.4628428125676005,102.42270516295937,300,0.002132053826726433,0.5613506058491875,0.001542809375225335,0.3414090172098646,0.0,0.001965768494444359,1.0845904961606765
0.1,0.5,Climate,20260813,60,0,0.0016473423725694469,102.83203138140425,0.4971629033973231,106.73035165673707,300,0.0023433184252034884,0.5854685627239213,0.001657209677991077,0.3557678388557902,0.0,0.0020706926571289726,1.131659214193821
0.1,0.5,Climate,20260814,60,0,0.0024190669678288987,119.01480962459559,0.5677905852017132,114.07826061528137,300,0.002839640216546748,0.6298539767930225,0.0018926352840057108,0.38026086871760456,0.0,0.0020076886952855116,1.4143827293617974
0.1,0.5,Climate,20260815,60,0,0.0011117141230228983,68.1001738095509,0.4164939196148992,88.08176330592505,300,0.0019250230500982737,0.4764457779907066,0.0013883130653829972,0.2936058776864168,0.0,0.0017075389275458645,1.1273670070087276
0.1,0.5,Climate,20260816,60,0,0.0012358407007033083,78.28680725913678,0.4375165029509695,94.41703193442648,300,0.0020296475069194555,0.5108385500303619,0.0014583883431698982,0.3147234397814216,0.0,0.0018821492578466937,1.0783669246516134
0.1,0.5,Climate,20260817,60,0,0.0021172360647664095,105.53772868737349,0.5110217333504786,103.76233040443645,300,0.002656586823204046,0.5931209227113066,0.0017034057778349287,0.34587443468145485,0.0,0.0019305412780958812,1.376083927003246
0.1,0.5,Climate,20260818,60,0,0.002218267879660575,119.80846787605819,0.5353501480941599,113.0250543276661,300,0.0027192326611629337,0.6319505990082299,0.0017845004936471998,0.3767501810922203,0.0,0.002008796281276158,1.353662731511752
0.1,0.5,Climate,20260819,60,0,0.003987669001891193,192.5192812322808,0.5638222235290336,118.64437783253199,300,0.0036458510674880805,0.8010811054075212,0.0018794074117634452,0.3954812594417733,0.0,0.0019169204949070432,1.9019312888429825
0.1,0.5,Climate,20260820,60,0,0.0013366435006673448,86.98572587348825,0.4508886723399082,99.73554533887098,300,0.0021108004016386333,0.5384723015887578,0.0015029622411330274,0.3324518177962366,0.0,0.0019648719375540695,1.0742686896257574
0.1,0.5,Climate,20260821,60,0,0.0031353269038327677,168.79507675632595,0.5542663927433963,118.19558096495884,300,0.0032328145136154285,0.7501001638810778,0.0018475546424779876,0.3939852698831961,0.0,0.0021593348799337398,1.4971343924730327
0.1,0.5,Climate,20260822,60,0,0.0023460763587986764,115.4322189478379,0.5095335971315434,103.53417817040996,300,0.0027964718002026984,0.6203015904859988,0.0016984453237718115,0.34511392723469986,0.0,0.0019865499826261595,1.4077027130753823
0.1,0.5,Climate,20260823,60,0,0.0014698573768633628,88.97585831334895,0.4699128004283165,98.60075046671066,300,0.002213486975237158,0.5445972772405586,0.0015663760014277216,0.32866916822236886,0.0,0.0019267314811630264,1.1488300247738925
0.1,0.5,Climate,20260824,60,0,0.0015280322563240916,94.44449981102107,0.4670764952423244,97.84489112393285,300,0.0022568652716574906,0.5610837721499974,0.0015569216508077481,0.3261496370797762,0.0,0.0018990275101834358,1.1884321104118654
0.1,0.5,Climate,20260825,60,0,0.001306931285538816,71.83588292288592,0.4565478445484714,91.67176401641889,300,0.002087208091796963,0.48933929238953044,0.0015218261484949047,0.3055725467213963,0.0,0.0019442458044874457,1.073530973799481
0.1,0.5,Climate,20260826,60,0,0.0020603520330869257,97.03250708136113,0.4931613143642538,98.36560956112032,300,0.0026206564273650508,0.5687193422692812,0.001643871047880846,0.3278853652037344,0.0,0.0019527758397547238,1.3420160030729464
0.1,0.5,Climate,20260827,60,0,0.0016501650689965473,84.76200128100751,0.526844069643905,106.6089738049202,300,0.002345325186405606,0.5315449221561853,0.0017561468988130165,0.3553632460164007,0.0,0.00202844086959576,1.1562206330781517
0.1,0.5,Climate,20260828,60,0,0.0013913890476797966,91.06298554315897,0.4784971855517902,103.1431414083076,300,0.0021535931584832795,0.5509476246830213,0.0015949906185059675,0.3438104713610253,0.0,0.0020788312005199845,1.0359634577086367
0.1,0.5,Climate,20260829,60,0,0.0014273481504270332,83.86359480301212,0.4622949860930649,96.20089850719836,300,0.002181244408151024,0.5287204516661337,0.0015409832869768831,0.3206696616906612,0.0,0.0020237615841009245,1.0778168857869999
0.1,0.5,Climate,20260830,60,0,0.0017604508626958093,103.67633295518701,0.4975831800838555,104.46509008870518,300,0.002422430503093817,0.5878671418928685,0.0016586106002795184,0.3482169669623506,0.0,0.0020331709408776986,1.1914544194931682
0.1,0.5,Climate,20260831,60,0,0.001307853998092606,87.74411711539085,0.4466517440643401,96.76733593103094,300,0.0020879447614760675,0.5408145619199212,0.0014888391468811336,0.3225577864367698,0.0,0.001960268236521681,1.0651321704732293
0.1,0.5,Climate,20260832,60,0,0.0013885503954328673,90.2281153043033,0.4621132003743712,98.0864394002979,300,0.002151395202678847,0.5484162509879495,0.0015403773345812374,0.32695479800099303,0.0,0.0019778292920643106,1.087755758958035
0.1,0.5,Climate,20260833,60,0,0.001547988160065472,84.03725202447161,0.49449070844344,101.550943841811,300,0.002271554651235927,0.5292675820555283,0.0016483023614781334,0.33850314613937,0.0,0.0019347915235803522,1.1740565448790012
0.1,0.5,Climate,20260834,60,0,0.001305471342850327,76.0743154225777,0.4560989087071179,95.25494923299485,300,0.0020860419801227454,0.5035683185115921,0.001520329695690393,0.31751649744331617,0.0,0.0018158898904734467,1.1487711843469008
0.1,0.5,Climate,20260835,60,0,0.0017892803733704082,114.31737395909643,0.48836386292224776,107.80791191360791,300,0.002442185068997576,0.6172988848175478,0.0016278795430741593,0.359359706378693,0.0,0.0018979840915947393,1.286725784379775
0.1,0.5,Climate,20260836,60,0,0.0016482568897008348,86.11950421790738,0.4671172422083774,95.42011107691272,300,0.002343968778020756,0.5357844847134818,0.0015570574740279247,0.3180670369230424,0.0,0.001869431479715729,1.253840434085975
0.1,0.5,Climate,20260837,60,0,0.0013295814298843445,78.80327418256941,0.438235535072746,92.23468662307504,300,0.0021052168770971037,0.5125208099273284,0.0014607851169091532,0.30744895541025014,0.0,0.0018066885618901278,1.1652350723329208
0.1,0.5,Traffic,20260808,60,0,0.00035298824472031914,19111.825892938356,0.15043910064788954,752.928702667837,360,0.0009902135638340278,7.286179057514445,0.00041788639068858203,2.0914686185217692,0.0,0.00032956045147954094,3.0046492514151084
0.1,0.5,Traffic,20260809,60,0,0.00026145540777527146,14535.014969291766,0.1429905293341631,726.7468798679454,360,0.0008522118407989742,6.354135785562503,0.0003971959148171197,2.018741332966515,0.0,0.0003691014049071063,2.3088826795808455
0.1,0.5,Traffic,20260810,60,0,0.0003110728153583774,14057.287257141146,0.1598885520755592,740.2975144985112,360,0.0009295650347196105,6.24884150532924,0.0004441348668765533,2.0563819847180866,0.0,0.0003327740852923344,2.7933816838622185
0.1,0.5,Traffic,20260811,60,0,0.00010980892258915074,6461.512220503555,0.10074149790230384,504.5301855532664,360,0.0005522904896608878,4.236584126032944,0.00027983749417306625,1.401472737647962,0.0,0.00037485935810988805,1.4733272031559812
0.1,0.5,Traffic,20260812,60,0,0.00011919576034069171,6271.335036032151,0.094834146733309,451.4742627569339,360,0.0005754123167605115,4.173772286563955,0.0002634281853703028,1.2540951743248163,0.0,0.00033455676078171894,1.7199243423328645
0.1,0.5,Traffic,20260813,60,0,0.00010877581902734284,4272.130201868348,0.11407872505759684,522.3228655106526,360,0.0005496863222363552,3.4448553436281166,0.0003168853473822134,1.4508968486407017,0.0,0.00037750158129928413,1.4561166084243833
0.1,0.5,Traffic,20260814,60,0,0.00011226745487550071,5169.987768911198,0.10512160345378593,482.90840967117254,360,0.0005584389324902368,3.789601184275786,0.00029200445403829427,1.3414122490865903,0.0,0.0003294825968079903,1.6948965981826147
0.1,0.5,Traffic,20260815,60,0,0.000529187200459329,24945.243572491803,0.1697814454487111,804.2545457599913,360,0.0012124209028717536,8.324202259491397,0.0004716151262464197,2.234040404888865,0.0,0.0003301713228298871,3.6720963301116996
0.1,0.5,Traffic,20260816,60,0,0.004569670060872821,272325.15895210643,0.23839864800822833,1229.8663222200553,360,0.0035627977695722427,27.50379564472806,0.0006622184666895231,3.4162953395001536,0.0,0.00029881656245983975,11.923026422108293
0.1,0.5,Traffic,20260817,60,0,0.0009371952829550739,45194.02764465104,0.15849244771591373,817.9941873762248,360,0.0016134807809300863,11.204417239624123,0.00044025679921087145,2.2722060760450686,0.0,0.0002986462920444579,5.402647961521972
0.1,0.5,Traffic,20260818,60,0,0.00010108155408312566,6195.405857839248,0.10375628913040741,546.409834727345,360,0.0005298887568870933,4.148428704488017,0.0002882119142511317,1.5178050964648473,0.0,0.0003540227409127353,1.4967647431940199
0.1,0.5,Traffic,20260819,60,0,0.006425679488643579,325567.0973667435,0.4168436945614671,2074.2622944526,360,0.0042248206696470095,30.072463288546118,0.0011578991515596307,5.761839706812778,0.0,0.0003939781861089015,10.723488808792082
0.1,0.5,Traffic,20260820,60,0,0.00021478096428357007,10446.002780454159,0.1368289315940527,686.648949656831,360,0.0007724077871672343,5.386712762914915,0.0003800803655390353,1.9073581934911972,0.0,0.00037047769337393956,2.0848968803841283
0.1,0.5,Traffic,20260821,60,0,0.0004002683030951694,21069.99156588626,0.14682018901278548,714.742042546867,360,0.0010544460144960395,7.650343413839934,0.00040783385836884857,1.985394562630186,0.0,0.0003547120445352232,2.9726817308323232
0.1,0.5,Traffic,20260822,60,0,0.0001233551575518368,6906.486039324991,0.1124281824957126,576.012684102681,360,0.0005853658816686952,4.380032356338184,0.000312300506932535,1.6000352336185582,0.0,0.0003538298912464496,1.6543709170714924
0.1,0.5,Traffic,20260823,60,0,9.753482226163021e-05,4684.377109374285,0.0973079067694315,477.8892290204938,360,0.0005205094253112634,3.6072369810078726,0.0002702997410261986,1.3274700806124828,0.0,0.0003996658839812993,1.3023614128035468
0.1,0.5,Traffic,20260824,60,0,0.00021105616562156623,10534.909426585431,0.1202900837251331,556.3318358425273,360,0.0007656808256229046,5.409587534745199,0.0003341391214587031,1.545366210673687,0.0,0.0003217538664496901,2.3797097889502057
0.1,0.5,Traffic,20260825,60,0,5.4255454613104894e-05,3337.569111721846,0.08792245006898075,446.87860079037256,360,0.00038821333844616106,3.0448358429213327,0.00024422902796939096,1.2413294466399238,0.0,0.0003309764446534943,1.1729334359506738
0.1,0.5,Traffic,20260826,60,0,0.00021851263571065257,10948.49973763252,0.11651958716421665,593.7482273747123,360,0.0007790889189564318,5.514752874898515,0.0003236655199006018,1.6493006315964232,0.0,0.00030525121400473845,2.5522877001378212
0.1,0.5,Traffic,20260827,60,0,0.01194444637549368,661517.6118887207,0.46012492973786095,2293.4010693461078,360,0.005760123063763887,42.86664113169019,0.0012781248048273916,6.37055852596141,0.0,0.00033092331685010643,17.406217000940334
0.1,0.5,Traffic,20260828,60,0,0.00018796820260274198,10409.614813576944,0.1315489778635624,687.9860280593928,360,0.0007225883310147817,5.37732244749935,0.00036541382739878445,1.9110723001649799,0.0,0.0003397693260414941,2.1267026645205047
0.1,0.5,Traffic,20260829,60,0,0.00027328521119874107,13982.443514314924,0.13106420167061503,622.2363440871119,360,0.0008712781339292119,6.232184277851307,0.00036406722686281953,1.7284342891308664,0.0,0.00033901484300954304,2.5700294600513582
0.1,0.5,Traffic,20260830,60,0,0.0005257527281038573,27241.222747405533,0.1820178808054388,907.0752157902316,360,0.0012084801383278655,8.698854130702365,0.0005056052244595522,2.519653377195088,0.0,0.0003363788326820408,3.5926164815197246
0.1,0.5,Traffic,20260831,60,0,0.0004925332794640371,28549.390667808915,0.1670275229478925,841.8550067225308,360,0.0011696785876945913,8.905271639098713,0.0004639653415219236,2.338486129784808,0.0,0.00033603182887590117,3.4808565355472965
0.1,0.5,Traffic,20260832,60,0,0.00015128905799003918,7151.434676679702,0.10618974556301654,501.68870736304814,360,0.0006482649021084393,4.45702774549478,0.0002949715154528237,1.3935797426751337,0.0,0.0003656389757945041,1.7729644404013871
0.1,0.5,Traffic,20260833,60,0,0.0002749798730127724,16961.292933229408,0.1428724150747947,757.7439142681761,360,0.0008739753890076278,6.8640150489566905,0.0003968678196522075,2.104844206300489,0.0,0.00037381800722444277,2.3379702746178497
0.1,0.5,Traffic,20260834,60,0,0.03598508966455223,1861450.404090246,0.565164631351797,2801.208874543168,360,0.0099979289056051,71.9075487478008,0.0015699017537549914,7.781135762619911,0.0,0.0003404556982498276,29.366313905160673
0.1,0.5,Traffic,20260835,60,0,0.00021013410650323825,9756.697427314646,0.11944730080004157,548.7945013930416,360,0.0007640064472227208,5.205952102939119,0.00033179805777789327,1.5244291705362267,0.0,0.0004052170665273939,1.8854251469960523
0.1,0.5,Traffic,20260836,60,0,0.00025332913562789824,11930.510424557908,0.1401913961605245,669.1400709830048,360,0.0008388635427832279,5.756761827180544,0.00038942054489034587,1.8587224193972354,0.0,0.00037770868420849377,2.2209273385945725
0.1,0.5,Traffic,20260837,60,0,0.00032728525167326943,16795.917340642503,0.1399839186529632,672.2996682074684,360,0.0009534808331017541,6.830470404461846,0.0003888442184804533,1.8674990783540788,0.0,0.0003670454648045163,2.5977186058124047
0.1,0.5,Water,20260808,60,0,0.000902527133928164,17262.564558194368,0.5177104222241912,804.0383500750293,540,0.0012928056869891218,5.6539996590736,0.0009587230041188725,1.4889599075463504,0.0,0.001177029519005285,1.098363011389621
0.1,0.5,Water,20260809,60,0,0.004603658362204647,35993.400539973,0.6840974044205425,1009.9266081472158,540,0.002919810484148233,8.16421738101053,0.0012668470452232268,1.8702344595318812,0.0,0.0010995676047372161,2.6554169762449793
0.1,0.5,Water,20260810,60,0,0.0010990685584315572,14275.124537349277,0.5510635403203562,778.3771001130901,540,0.0014266436644248712,5.141538272725981,0.0010204880376302892,1.4414390742835002,0.0,0.0012071533058403306,1.1818247587300006
0.1,0.5,Water,20260811,60,0,0.0009542887701903615,27070.653997557427,0.5266701988603357,910.854939136901,540,0.001329361285083347,7.0803136043693335,0.0009753151830746957,1.686768405809076,0.0,0.0011960714995495336,1.1114396468639318
0.1,0.5,Water,20260812,60,0,0.0008828700838358731,18723.669815491285,0.516429891275084,813.582085452393,540,0.0012786495218378104,5.888417667020586,0.0009563516505094148,1.5066334915785056,0.0,0.0011840133398359767,1.079928307239295
0.1,0.5,Water,20260813,60,0,0.0013915501005718506,20044.13728188654,0.5729522169890158,886.349777257306,540,0.0016052864637467706,6.092517767248146,0.001061022624053733,1.6413884764024185,0.0,0.0010759025284180737,1.4920370771012716
0.1,0.5,Water,20260814,60,0,0.001411511114739216,25752.82065598043,0.5594688108939287,960.6934852534599,540,0.001616758940516269,6.905824253641703,0.0010360533535072754,1.7790620097286296,0.0,0.0010993524648603944,1.470646578048633
0.1,0.5,Water,20260815,60,0,0.0035212578652276316,20053.830925140745,0.7118959711798513,785.3118647268726,540,0.0025535950929169815,6.093990805329938,0.0013183258725552802,1.45428123097569,0.0,0.0011059224528908735,2.309018219353357
0.1,0.5,Water,20260816,60,0,0.0012670306400180374,26555.728252631958,0.5684891179486312,956.2281649900705,540,0.00153178100166781,7.012651035229903,0.0010527576258307985,1.77079289812976,0.0,0.0011946853495692646,1.2821627068751473
0.1,0.5,Water,20260817,60,0,0.0009270191137967511,14881.702177039013,0.4982835764309021,742.205634755213,540,0.001310229774729065,5.249638819505341,0.0009227473637609298,1.3744548791763205,0.0,0.0011258332015078823,1.1637867607512475
0.1,0.5,Water,20260818,60,0,0.0008878530931366894,13518.292388928792,0.5158990933196149,662.9797638050711,540,0.0012822528591107032,5.003386332706338,0.0009553686913326202,1.2277403033427243,0.0,0.001113062372205603,1.152004497798123
0.1,0.5,Water,20260819,60,0,0.0008662580151535977,24228.050021294785,0.4978782867820698,933.861479517142,540,0.0012665628723216623,6.698265394764084,0.0009219968273742033,1.7293731102169296,0.0,0.0011863468172711564,1.0676160241530546
0.1,0.5,Water,20260820,60,0,0.0007831746179606756,24726.388573205462,0.4813233080162771,908.0318115532277,540,0.0012042937210638622,6.76680193805752,0.0008913394592894021,1.6815403917652365,0.0,0.0011325631530486918,1.063334718087978
0.1,0.5,Water,20260821,60,0,0.000952298809183005,18558.054974254694,0.5419185326844604,869.9365035545819,540,0.0013279745153058702,5.862317670584052,0.0010035528383045564,1.6109935251010776,0.0,0.0012472311210593686,1.0647381170042647
0.1,0.5,Water,20260822,60,0,0.0008161596696831552,26367.256554045147,0.4983933400840987,983.933123416359,540,0.0012293928565391726,6.9877215798757595,0.0009229506297853679,1.822098376696961,0.0,0.001143490798501884,1.075122649128293
0.1,0.5,Water,20260823,60,0,0.000744929412406823,27136.169629733435,0.4780513406421782,949.8600510204542,540,0.0011745207158090005,7.088876214252005,0.0008852802604484781,1.7590000944823225,0.0,0.0010980762386373366,1.0696167301339004
0.1,0.5,Water,20260824,60,0,0.0009071705750302565,13749.832724453274,0.50847228456935,709.2071962355255,540,0.0012961271192731404,5.046053229349844,0.0009416153417950926,1.3133466596954178,0.0,0.0011546195722259857,1.1225577241639364
0.1,0.5,Water,20260825,60,0,0.0008147416277036085,20225.033493214847,0.4977117999136221,882.2561960316744,540,0.0012283243838838824,6.119948180187119,0.0009216885183585594,1.6338077704290268,0.0,0.0011181509799473082,1.0985317778300083
0.1,0.5,Water,20260826,60,0,0.0012793811280708703,19165.073193552413,0.5764867299654814,872.7970506573803,540,0.0015392284792201424,5.957421949497645,0.0010675680184545953,1.6162908345507043,0.0,0.0012258655136381696,1.2556258921518744
0.1,0.5,Water,20260827,60,0,0.0008298383013097395,30575.309990905094,0.4932498369989021,953.9408462952498,540,0.0012396522072815569,7.524688992084791,0.0009134256240720409,1.7665571227689811,0.0,0.0011313146122564892,1.0957625702447
0.1,0.5,Water,20260828,60,0,0.0013313620473148148,19719.7390717673,0.5563378305812589,806.2152647182992,540,0.0015701863815500415,6.043015416006118,0.001030255241817146,1.4929912309598132,0.0,0.001155310651642733,1.3591031808781455
0.1,0.5,Water,20260829,60,0,0.0008445554474092596,23885.46597948875,0.5071067220553688,817.8004922282734,540,0.001250596485392633,6.650740139748406,0.000939086522324757,1.514445355978284,0.0,0.0011846870488731248,1.0556344703710583
0.1,0.5,Water,20260830,60,0,0.0012956520597307264,28869.844476956496,0.551555022797198,1064.1833041614552,540,0.0015489853666732982,7.311817486598448,0.0010213981903651815,1.9707098225212134,0.0,0.0011631064931538078,1.3317657289257883
0.1,0.5,Water,20260831,60,0,0.0009727618415643724,11859.700967926718,0.528583892059518,677.4529707259572,540,0.0013421664642330328,4.686406853855552,0.0009788590593694778,1.2545425383814024,0.0,0.0011244801642571701,1.193588385900667
0.1,0.5,Water,20260832,60,0,0.0011998301614605663,19543.36433912395,0.5570680509487617,769.7086654055253,540,0.0014906064894560389,6.015930139456585,0.001031607501756966,1.4253864174176394,0.0,0.0012003012912170392,1.2418602732191066
0.1,0.5,Water,20260833,60,0,0.0010025701336538416,14985.422811668313,0.5373714945016931,740.7631472233668,540,0.001362575267138746,5.267901193508753,0.0009951323972253576,1.3717836059691977,0.0,0.0011212301128358817,1.215250332237724
0.1,0.5,Water,20260834,60,0,0.0006629002820354323,15286.93510403316,0.4452303437731098,746.6326617342025,540,0.0011079680116684012,5.320633334626892,0.00082450063661687,1.3826530772855603,0.0,0.0010137016772545668,1.0929921855009044
0.1,0.5,Water,20260835,60,0,0.0008127117056432574,25123.90275339341,0.4989732733318641,903.5975443700885,540,0.001226793249540094,6.820978363813905,0.0009240245802441927,1.6733287858705341,0.0,0.001089748645947522,1.1257579939210784
0.1,0.5,Water,20260836,60,0,0.0007276179088950101,16306.194042782554,0.466190452905194,824.3783599645669,540,0.0011607930789024358,5.495148372408384,0.000863315653528137,1.5266265925269757,0.0,0.001108661492135297,1.0470220956865135
0.1,0.5,Water,20260837,60,0,0.0008354457594192538,20218.050338911155,0.49390101683477017,828.5500135093226,540,0.0012438335003939723,6.118891563097566,0.0009146315126569818,1.534351876869116,0.0,0.0011893172176197808,1.045838302823276
0.1,1.0,Climate,20260808,60,0,0.0016283992787347792,88.02101677064724,0.4989610058061924,102.73106476587343,300,0.0023298063429784454,0.5416672310888769,0.001663203352687308,0.34243688255291144,0.0,0.0019112351110496621,1.2190056207678717
0.1,1.0,Climate,20260809,60,0,0.0018736161799991647,109.30432390624959,0.5174967224343918,109.3390949589971,300,0.002499077283051463,0.6036122483467059,0.001724989074781306,0.36446364986332364,0.0,0.0020096781502706436,1.2435211492521387
0.1,1.0,Climate,20260810,60,0,0.002020948478205898,113.02613732150681,0.5655635197230485,118.05431580788533,300,0.002595475857593939,0.613802729768848,0.0018852117324101617,0.3935143860262844,0.0,0.0021192120578191745,1.2247362636587087
0.1,1.0,Climate,20260811,60,0,0.0019095621812914767,119.96885617077463,0.5321059448124352,115.82680648143634,300,0.0025229362399734937,0.6323734555117849,0.0017736864827081174,0.38608935493812113,0.0,0.00204771476015492,1.232074060833854
0.1,1.0,Climate,20260812,60,0,0.0015437746817920902,104.2599195294607,0.4921986755547698,108.09261149375223,300,0.00226846106556265,0.5895193509107248,0.0016406622518492326,0.3603087049791741,0.0,0.001965768494444359,1.1539817999798851
0.1,1.0,Climate,20260813,60,0,0.0021630177210904293,122.95671924419119,0.54577351501424,114.59211074131436,300,0.002685155315861902,0.6401997585238303,0.0018192450500474665,0.38197370247104784,0.0,0.0020706926571289726,1.296742569022718
0.1,1.0,Climate,20260814,60,0,0.007235666770601638,304.87504806527863,0.7686043403491466,148.54539575076566,300,0.00491109857723695,1.008092337148535,0.002562014467830489,0.4951513191692189,0.0,0.0020076886952855116,2.446145455104307
0.1,1.0,Climate,20260815,60,0,0.0017019756930849983,92.21091767096583,0.473373000180631,97.9933475319445,300,0.0023818590030233377,0.5544093483788726,0.0015779100006021033,0.3266444917731483,0.0,0.0017075389275458645,1.3949075857653388
0.1,1.0,Climate,20260816,60,0,0.0014476585505101597,84.5530714988749,0.4745760636425946,99.47812711099566,300,0.0021967085609385082,0.5308894156629197,0.0015819202121419818,0.33159375703665217,0.0,0.0018821492578466937,1.167127714117472
0.1,1.0,Climate,20260817,60,0,0.004833124795843622,208.6880596539151,0.6182527909959237,120.34721010306652,300,0.004013778268183907,0.8340424842374939,0.002060842636653079,0.4011573670102217,0.0,0.0019305412780958812,2.0790947666981516
0.1,1.0,Climate,20260818,60,0,0.006077426245298683,264.57661557485955,0.6593218574740121,134.02182321483124,300,0.004500898519665706,0.9391070502962899,0.0021977395249133734,0.4467394107161041,0.0,0.002008796281276158,2.2405948087510166
0.1,1.0,Climate,20260819,60,0,0.011539130738874932,481.989892677416,0.7025596228953995,142.59054168513444,300,0.006201916569060172,1.2675302661441212,0.002341865409651332,0.4753018056171148,0.0,0.0019169204949070432,3.2353540929515288
0.1,1.0,Climate,20260820,60,0,0.0017065860474494601,103.04927162697236,0.488362593013407,105.90753616145437,300,0.002385082840943867,0.58608665919803,0.00162787531004469,0.35302512053818125,0.0,0.0019648719375540695,1.2138617257228927
0.1,1.0,Climate,20260821,60,0,0.007865018014082062,353.1598665051725,0.6526067565058727,134.91520933939051,300,0.00512022721308409,1.0849882741381316,0.002175355855019576,0.44971736446463506,0.0,0.0021593348799337398,2.3712057174018355
0.1,1.0,Climate,20260822,60,0,0.006138511803182359,260.2325452599354,0.6045148246155572,119.87108790259067,300,0.004523461728655153,0.9313655660014053,0.0020150494153851907,0.39957029300863556,0.0,0.0019865499826261595,2.2770440050419833
0.1,1.0,Climate,20260823,60,0,0.002398323078305411,126.60648583129014,0.5301196445327987,108.80496195882779,300,0.002827438816494185,0.6496319107291711,0.0017670654817759956,0.362683206529426,0.0,0.0019267314811630264,1.467479430391342
0.1,1.0,Climate,20260824,60,0,0.0022238905175823646,124.09380497805176,0.5175908271364035,106.37629323560705,300,0.002722676696183595,0.6431531828371106,0.001725302757121345,0.35458764411869015,0.0,0.0018990275101834358,1.4337215662139613
0.1,1.0,Climate,20260825,60,0,0.0014269036404449679,78.31241348280584,0.4779111444541153,96.03518630855864,300,0.0021809047361473384,0.5109220863067279,0.0015930371481803845,0.32011728769519543,0.0,0.0019442458044874457,1.1217227426252734
0.1,1.0,Climate,20260826,60,0,0.004523046512121154,190.8340237757543,0.5828326185759138,114.31674647847446,300,0.003882888320190334,0.7975671837443211,0.001942775395253046,0.38105582159491486,0.0,0.0019527758397547238,1.9883942852744634
0.1,1.0,Climate,20260827,60,0,0.0024226846957673695,113.9881444100396,0.5826427227284807,115.81845849863252,300,0.0028417627720409558,0.6164093456192878,0.0019421424090949357,0.3860615283287751,0.0,0.00202844086959576,1.4009591379448392
0.1,1.0,Climate,20260828,60,0,0.0014689255010326865,94.09143574901584,0.4941756892816421,105.78532125900506,300,0.002212785198968852,0.5600340339331049,0.0016472522976054738,0.35261773753001685,0.0,0.0020788312005199845,1.0644371695091748
0.1,1.0,Climate,20260829,60,0,0.0020946592742162517,110.7971933291104,0.5304137974638673,107.42425148245701,300,0.0026423848282793403,0.6077203121203876,0.0017680459915462242,0.3580808382748567,0.0,0.0020237615841009245,1.305679902730857
0.1,1.0,Climate,20260830,60,0,0.0034913158673827265,168.516469809605,0.5839354525938745,119.42151465651273,300,0.003411410200773636,0.7494808643534648,0.0019464515086462483,0.3980717155217091,0.0,0.0020331709408776986,1.6778767255550908
0.1,1.0,Climate,20260831,60,0,0.0014326571012947121,93.64281612447937,0.4657397076615988,100.27101861118044,300,0.002185297158507825,0.5586973424090464,0.0015524656922053293,0.3342367287039348,0.0,0.001960268236521681,1.1147949641756363
0.1,1.0,Climate,20260832,60,0,0.0015370979964971553,97.9348007127069,0.4877173746935487,102.62065626768533,300,0.0022635503061173286,0.5713574500337096,0.001625724582311829,0.3420688542256178,0.0,0.0019778292920643106,1.1444619185282687
0.1,1.0,Climate,20260833,60,0,0.002110732597808711,105.47591295051285,0.5593169849289028,113.11281184037821,300,0.0026525035958560052,0.5929471953738457,0.0018643899497630093,0.37704270613459406,0.0,0.0019347915235803522,1.370950597792324
0.1,1.0,Climate,20260834,60,0,0.0015659641325728665,85.61193608440333,0.4865135873031003,100.51489474066052,300,0.0022847057670320604,0.5342032574604393,0.001621711957677001,0.3350496491355351,0.0,0.0018158898904734467,1.2581741762086587
0.1,1.0,Climate,20260835,60,0,0.0033732348759464253,179.44088406725703,0.5387818675019893,116.54795554058347,300,0.0033532247543453975,0.7733927076357716,0.0017959395583399644,0.38849318513527825,0.0,0.0018979840915947393,1.7667296418316785
0.1,1.0,Climate,20260836,60,0,0.003228419566706911,145.23802588235904,0.5330985357825483,106.67747103448426,300,0.0032804570650581152,0.6957921765449773,0.001776995119275161,0.3555915701149475,0.0,0.001869431479715729,1.7547886085436792
0.1,1.0,Climate,20260837,60,0,0.0019446587367991039,100.14250841857016,0.4704115181182258,97.2980445412177,300,0.002546015669498196,0.5777615090980307,0.0015680383937274193,0.32432681513739237,0.0,0.0018066885618901278,1.4092166869283749
0.1,1.0,Traffic,20260808,60,0,0.0012756713103513678,67757.14267278358,0.23159170239193186,1157.0810282364582,360,0.001882427001942622,13.71912115268965,0.0006433102844220329,3.214113967323495,0.0,0.00032956045147954094,5.711932343494446
0.1,1.0,Traffic,20260809,60,0,0.0008826939287623001,47054.38151570981,0.2111333877641656,1066.3939336949175,360,0.0015658632059970237,11.432699389095129,0.0005864816326782377,2.962205371374771,0.0,0.0003691014049071063,4.242365878805345
0.1,1.0,Traffic,20260810,60,0,0.001034230838001192,51039.210828223564,0.2488641514867865,1187.3079807073907,360,0.0016949523411860876,11.906955346937114,0.0006912893096855181,3.2980777241871966,0.0,0.0003327740852923344,5.093402449584111
0.1,1.0,Traffic,20260811,60,0,0.0002907066112355691,15610.90579108042,0.13169819390360524,657.8540863982145,360,0.0008986202560276769,6.585106468193632,0.00036582831639890345,1.8273724622172625,0.0,0.00037485935810988805,2.3972197481175086
0.1,1.0,Traffic,20260812,60,0,0.0003096913152233916,16320.887815194375,0.1188608735860716,572.6643844560975,360,0.0009274986002136661,6.73318642892435,0.00033016909329464334,1.5907344012669375,0.0,0.00033455676078171894,2.7723206012829946
0.1,1.0,Traffic,20260813,60,0,0.000277385506062432,12868.509238556184,0.15656593582857714,734.7493388497955,360,0.0008777900059911064,5.978784073370554,0.0004349053773016032,2.0409703856938766,0.0,0.00037750158129928413,2.3252617988246054
0.1,1.0,Traffic,20260814,60,0,0.0003072169036516738,14420.952787219085,0.14459932794671593,667.1471957664289,360,0.0009237858452700584,6.329154934643304,0.0004016647998519887,1.853186654906747,0.0,0.0003294825968079903,2.803747008854628
0.1,1.0,Traffic,20260815,60,0,0.001985344374807877,99687.27462824405,0.2745236646349177,1329.4853404157332,360,0.0023483708151775,16.640585812692017,0.0007625657350969936,3.6930148344881477,0.0,0.0003301713228298871,7.112582628466016
0.1,1.0,Traffic,20260816,60,0,0.017705585481849175,983908.8860266778,0.412609938752072,2093.3298201273547,360,0.007013000919294499,52.278869909008115,0.0011461387187557555,5.814805055909319,0.0,0.00029881656245983975,23.469251040049127
0.1,1.0,Traffic,20260817,60,0,0.003645226289903704,182893.7777522966,0.25899306044431786,1321.686492046196,360,0.003182079286106153,22.539704335553232,0.000719425167900883,3.671351366794989,0.0,0.0002986462920444579,10.655010193906756
0.1,1.0,Traffic,20260818,60,0,0.0002746855167203657,15454.26851785245,0.1471704710813807,764.2372342450486,360,0.0008735074837820442,6.551986237829048,0.00040880686411494643,2.1228812062362463,0.0,0.0003540227409127353,2.4673767609673387
0.1,1.0,Traffic,20260819,60,0,0.025065916769595603,1268472.8175401418,0.761276130548658,3778.367092047209,360,0.008344312229429697,59.359376717399684,0.0021146559181907166,10.49546414457558,0.0,0.0003939781861089015,21.179630049677936
0.1,1.0,Traffic,20260820,60,0,0.0007090712557388119,34785.723142570714,0.2088949899924821,1032.1426653968324,360,0.0014034394810793428,9.82990380061591,0.000580263861090228,2.8670629594356454,0.0,0.00037047769337393956,3.7881888874286127
0.1,1.0,Traffic,20260821,60,0,0.0014735487158065493,77410.99261159253,0.2293381838333826,1127.3388226289453,360,0.0020231635814338925,14.663919497603684,0.000637050510648285,3.131496729524848,0.0,0.0003547120445352232,5.703678836406105
0.1,1.0,Traffic,20260822,60,0,0.0003627712578060359,19441.53136005571,0.1571489180505622,799.8085049423075,360,0.0010038415902671595,7.3487586555779965,0.00043652477236267277,2.22169029150641,0.0,0.0003538298912464496,2.837074015230567
0.1,1.0,Traffic,20260823,60,0,0.00013580413612118112,6583.027823748604,0.1059943809001877,516.6715636148641,360,0.0006141935455926945,4.2762353068209045,0.0002944288358338547,1.435198787819067,0.0,0.0003996658839812993,1.5367675105875014
0.1,1.0,Traffic,20260824,60,0,0.0007140731769413762,37279.81938479215,0.1692433393598158,804.8404041960459,360,0.0014083808443084327,10.176200363919968,0.00047012038711059947,2.235667789433461,0.0,0.0003217538664496901,4.377199440829872
0.1,1.0,Traffic,20260825,60,0,9.058073353915555e-05,5304.430262526378,0.10715670445188305,543.9327589406641,360,0.0005016105548330064,3.8385581286490527,0.0002976575123663418,1.5109243303907338,0.0,0.0003309764446534943,1.515547595413179
0.1,1.0,Traffic,20260826,60,0,0.000769552709571433,38747.49539069643,0.16423411569786833,831.8723175987352,360,0.0014620692239002238,10.37458103447187,0.00045620587693852315,2.3107564377742644,0.0,0.00030525121400473845,4.789724518106349
0.1,1.0,Traffic,20260827,60,0,0.04682966571984659,2528764.1318561793,0.8498621039413402,4245.364786006657,360,0.011405367367049238,83.81136444845419,0.002360728066503723,11.792679961129602,0.0,0.00033092331685010643,34.46528783650311
0.1,1.0,Traffic,20260828,60,0,0.0006193633852360656,32642.64265272928,0.1974071075775483,1015.7814156544265,360,0.0013116607213292469,9.522290027545498,0.0005483530766043008,2.821615043484518,0.0,0.0003397693260414941,3.8604447806128945
0.1,1.0,Traffic,20260829,60,0,0.0009707322349373495,50317.11509674641,0.1987966439914687,956.5411588280704,360,0.0016420957433662406,11.822426322782855,0.000552212899976302,2.657058774522418,0.0,0.00033901484300954304,4.843728164787218
0.1,1.0,Traffic,20260830,60,0,0.0019413360498808493,101028.83338089715,0.2956446784016485,1473.6233696628356,360,0.002322197265211962,16.75218338845029,0.000821235217782357,4.093398249063432,0.0,0.0003363788326820408,6.903517818575104
0.1,1.0,Traffic,20260831,60,0,0.0018067202991513239,99843.67828635273,0.2684167353108844,1345.9141685476595,360,0.0022402382680515405,16.653634762280102,0.0007456020425302344,3.7386504681879433,0.0,0.00033603182887590117,6.666744265106136
0.1,1.0,Traffic,20260832,60,0,0.0004398238197473872,22334.78899418511,0.13615251807312534,651.7321422914976,360,0.0011053202398543288,7.876616058905187,0.00037820143909201486,1.8103670619208265,0.0,0.0003656389757945041,3.0229825402298993
0.1,1.0,Traffic,20260833,60,0,0.0009858399099053814,55630.41661196419,0.2144922779419071,1117.4451582355964,360,0.0016548245206612134,12.43096677789921,0.0005958118831719642,3.1040143284322124,0.0,0.00037381800722444277,4.426818635485492
0.1,1.0,Traffic,20260834,60,0,0.14114010879264968,7397542.706656557,1.062352831971982,5295.057610048288,360,0.0198004004443688,143.34828126180187,0.002950980088811061,14.708493361245244,0.0,0.0003404556982498276,58.15852266875321
0.1,1.0,Traffic,20260835,60,0,0.0006490629187046819,32894.4942692003,0.16194768343163587,762.5887081746725,360,0.0013427406867885735,9.55895366618246,0.00044985467619898853,2.118301967151868,0.0,0.0004052170665273939,3.3136331060671163
0.1,1.0,Traffic,20260836,60,0,0.0008397582593552568,42171.22842918836,0.2080219568218298,1007.1810487069587,360,0.0015273054152795964,10.823229702458962,0.0005778387689495272,2.7977251352971075,0.0,0.00037770868420849377,4.043606830168961
0.1,1.0,Traffic,20260837,60,0,0.0011809242289843845,61493.29715352722,0.2076263182839742,1006.08803636867,360,0.001811172294540798,13.069610335253053,0.0005767397730110395,2.7946889899129723,0.0,0.0003670454648045163,4.934463079404632
0.1,1.0,Water,20260808,60,0,0.0011426967915320507,18405.2498556237,0.5490795391792715,825.6775172693543,540,0.0014546838727035499,5.838132923198373,0.0010168139614430954,1.5290324393876933,0.0,0.001177029519005285,1.2358941294292367
0.1,1.0,Water,20260809,60,0,0.016376381474559363,77947.67484492493,0.9295963850709039,1187.083993399135,540,0.00550696217167824,12.014472356667197,0.0017214747871683407,2.1983036914798793,0.0,0.0010995676047372161,5.008297941802623
0.1,1.0,Water,20260810,60,0,0.0014939222420778623,15555.07543855274,0.594303728758771,803.5280470489438,540,0.0016632867072500037,5.367093743971606,0.0011005624606643908,1.4880149019424884,0.0,0.0012071533058403306,1.377858718692028
0.1,1.0,Water,20260811,60,0,0.0011457006892694756,27916.3239325879,0.5582191437907824,927.4967793137565,540,0.0014565946392499259,7.190055366369516,0.0010337391551681157,1.7175866283588084,0.0,0.0011960714995495336,1.217815690615913
0.1,1.0,Water,20260812,60,0,0.0010785604285064453,18525.34891425379,0.5366354069517321,804.0322504338516,540,0.0014132707195947235,5.857149621877742,0.0009937692721328371,1.4889486119145399,0.0,0.0011840133398359767,1.1936273621634248
0.1,1.0,Water,20260813,60,0,0.0031155621268685774,25522.64779251176,0.7024943684578606,958.5423308399091,540,0.0024019907356609576,6.874893641266422,0.0013009154971441864,1.7750783904442762,0.0,0.0010759025284180737,2.2325356360976905
0.1,1.0,Water,20260814,60,0,0.003261333678719104,35399.0622100575,0.6685068833396935,1018.2353898888299,540,0.0024575408058550696,8.09653128861452,0.0012379757098883214,1.885621092386722,0.0,0.0010993524648603944,2.2354439403264084
0.1,1.0,Water,20260815,60,0,0.011184915464638763,42772.39339277543,0.9623153613117961,957.8970353226237,540,0.0045511324322631734,8.899895275369655,0.0017820654839107335,1.7738833987455993,0.0,0.0011059224528908735,4.115236489110557
0.1,1.0,Water,20260816,60,0,0.0022577217376248044,27214.016422484256,0.6465588899800265,967.8841669595117,540,0.002044741103608639,7.09903702683006,0.0011973312777407898,1.7923780869620587,0.0,0.0011946853495692646,1.7115310774890276
0.1,1.0,Water,20260817,60,0,0.0012976573880922999,14800.789765751444,0.5282177500768193,730.9794711848288,540,0.0015501836140302744,5.235348119903465,0.0009781810186607763,1.3536656873793125,0.0,0.0011258332015078823,1.376921209957247
0.1,1.0,Water,20260818,60,0,0.0014012201908069587,15234.752814262103,0.5972302360544939,722.1764251861993,540,0.0016108544953527216,5.311544522226702,0.0011059819186194331,1.3373637503448135,0.0,0.001113062372205603,1.447227518940122
0.1,1.0,Water,20260819,60,0,0.000875259828102291,24262.347830987244,0.5027216529352689,937.4341966399464,540,0.0012731266761492202,6.703004830752212,0.0009309660239542018,1.7359892530369379,0.0,0.0011863468172711564,1.0731488107985787
0.1,1.0,Water,20260820,60,0,0.0008114429502235356,24693.960926666892,0.4863950668000843,902.9599498841883,540,0.0012258352785115888,6.762363290418917,0.0009007316051853413,1.6721480553410895,0.0,0.0011325631530486918,1.0823549002206387
0.1,1.0,Water,20260821,60,0,0.0011371696415553815,19326.369783903552,0.5722967476803313,892.5317724888871,540,0.0014511615025847536,5.982438773100437,0.0010598087920006135,1.6528366157201613,0.0,0.0012472311210593686,1.163506488959457
0.1,1.0,Water,20260822,60,0,0.0008815136203587679,26564.107488172485,0.5102136638323786,994.1735412474429,540,0.0012776668698428455,7.013757312936046,0.0009448401182081086,1.8410621134211906,0.0,0.001143490798501884,1.1173390039664062
0.1,1.0,Water,20260823,60,0,0.000744929412406823,27136.169629733435,0.4780513406421782,949.8600510204542,540,0.0011745207158090005,7.088876214252005,0.0008852802604484781,1.7590000944823225,0.0,0.0010980762386373366,1.0696167301339004
0.1,1.0,Water,20260824,60,0,0.001064459469856592,14388.75685110784,0.5341068813559892,727.5135210763115,540,0.001404001866264846,5.161961450899268,0.0009890868173259059,1.3472472612524287,0.0,0.0011546195722259857,1.215986546597402
0.1,1.0,Water,20260825,60,0,0.0009921182114247965,21607.11508004222,0.5374073426053156,913.9909274651827,540,0.0013554541479087207,6.3255968946932,0.0009951987826024363,1.6925757916021902,0.0,0.0011181509799473082,1.2122281983534953
0.1,1.0,Water,20260826,60,0,0.002320337558003111,24839.79889466069,0.6467085520773818,932.2451875280096,540,0.002072901686937773,6.782302528102457,0.0011976084297729292,1.7263799769037216,0.0,0.0012258655136381696,1.6909699015724309
0.1,1.0,Water,20260827,60,0,0.001047889075634502,31084.780114599835,0.5293444533225621,965.9377077888288,540,0.001393030985028358,7.587121168113063,0.0009802675061528928,1.7887735329422756,0.0,0.0011313146122564892,1.2313382766707632
0.1,1.0,Water,20260828,60,0,0.0029822502691614515,30596.00542673457,0.6529303862183482,871.6016018343622,540,0.002350039506823729,7.527235170284486,0.001209130344848793,1.6140770404340041,0.0,0.001155310651642733,2.0341191379844155
0.1,1.0,Water,20260829,60,0,0.0009151035423982749,23785.329973778615,0.5240186438858974,820.5282826271879,540,0.001301781928598809,6.6367844140705134,0.0009704048960849951,1.5194968196799776,0.0,0.0011846870488731248,1.0988403476150643
0.1,1.0,Water,20260830,60,0,0.0025333755873027178,33276.31068536431,0.6250780644899772,1102.3169502066046,540,0.0021659723619618996,7.850018953193009,0.0011575519712777355,2.0413276855677864,0.0,0.0011631064931538078,1.862230479075723
0.1,1.0,Water,20260831,60,0,0.0015169891299711144,11804.883372764747,0.5902749393175613,690.9050764315848,540,0.0016760784974386308,4.675563616800602,0.0010931017394769653,1.2794538452436757,0.0,0.0011244801642571701,1.4905362946493999
0.1,1.0,Water,20260832,60,0,0.0021382863473575443,21123.807915476547,0.6387909549461174,813.6325956198397,540,0.001989921991471927,6.254451439290103,0.0011829462128631802,1.506727028925629,0.0,0.0012003012912170392,1.6578520793343945
0.1,1.0,Water,20260833,60,0,0.00179512171563471,16676.114483694928,0.6193218894000091,791.1950483809413,540,0.001823266155391914,5.557129968637042,0.0011468923877777945,1.4651760155202618,0.0,0.0011212301128358817,1.6261302069210406
0.1,1.0,Water,20260834,60,0,0.0008500647059472063,15914.17281878813,0.4799805417509463,762.1950630452038,540,0.0012546688407313834,5.4286914081722495,0.000888852855094345,1.4114723389725996,0.0,0.0010137016772545668,1.2377101359143787
0.1,1.0,Water,20260835,60,0,0.0010528589168855005,25264.111994361938,0.5342488670841601,917.6056162037271,540,0.0013963304533573524,6.8399848378597845,0.0009893497538595558,1.6992696596365318,0.0,0.001089748645947522,1.2813325885284872
0.1,1.0,Water,20260836,60,0,0.0007276179088950101,16306.194042782554,0.466190452905194,824.3783599645669,540,0.0011607930789024358,5.495148372408384,0.000863315653528137,1.5266265925269757,0.0,0.001108661492135297,1.0470220956865135
0.1,1.0,Water,20260837,60,0,0.0008396760657803877,20222.9041003139,0.4963976638211154,830.4990861869312,540,0.0012469786194522696,6.11962600229693,0.0009192549330020656,1.5379612707165393,0.0,0.0011893172176197808,1.0484827773265475
0.1,2.0,Climate,20260808,60,0,0.003306866360587314,149.93862670214733,0.6075885362525419,121.42114169364613,300,0.003320073473377416,0.7069621081362785,0.0020252951208418065,0.40473713897882047,0.0,0.0019112351110496621,1.7371350359684483
0.1,2.0,Climate,20260809,60,0,0.0034401095896368587,174.2573762753956,0.5957572589959376,123.03747062448892,300,0.0033863006312872157,0.7621403551301986,0.0019858575299864585,0.4101249020816297,0.0,0.0020096781502706436,1.6849964910208046
0.1,2.0,Climate,20260810,60,0,0.0035790419472209365,174.9778917341442,0.6840604496759103,138.2136100052018,300,0.0034540034487634476,0.7637143701108511,0.002280201498919701,0.4607120333506726,0.0,0.0021192120578191745,1.6298526785081962
0.1,2.0,Climate,20260811,60,0,0.003460812562192206,183.1012988383901,0.61483758127988,130.04920463879606,300,0.00339647491879066,0.7812411041379183,0.0020494586042662665,0.43349734879598684,0.0,0.00204771476015492,1.6586660334145853
0.1,2.0,Climate,20260812,60,0,0.002181467069371931,132.5004048305597,0.5504221487550912,117.87996374468273,300,0.0026965824478228802,0.6645810831658283,0.001834740495850304,0.39293321248227575,0.0,0.001965768494444359,1.3717701018425836
0.1,2.0,Climate,20260813,60,0,0.004143248858548406,199.0318997502026,0.6590014539800153,133.4420845605766,300,0.003716292443887414,0.8145180574020496,0.0021966715132667176,0.4448069485352553,0.0,0.0020706926571289726,1.7947098190033064
0.1,2.0,Climate,20260814,60,0,0.02937561745429402,1147.9966498278243,1.1794074857630135,218.34890300553917,300,0.009895389070049077,1.956183912475021,0.0039313582858767114,0.7278296766851305,0.0,0.0020076886952855116,4.928746719192869
0.1,2.0,Climate,20260815,60,0,0.004059761055805275,184.42630439678987,0.5818476255716819,116.2721005031382,300,0.003678659654369272,0.7840627194231974,0.0019394920852389397,0.38757366834379403,0.0,0.0017075389275458645,2.154363566783436
0.1,2.0,Climate,20260816,60,0,0.0023408495850836303,115.58172735780055,0.5575472631693527,112.30640526299186,300,0.002793354963172201,0.6207031694183636,0.0018584908772311755,0.37435468420997287,0.0,0.0018821492578466937,1.4841304171423622
0.1,2.0,Climate,20260817,60,0,0.01565149695724685,626.1524020603493,0.8478249962776914,159.028275262376,300,0.007222994982980132,1.4447057394274094,0.0028260833209256377,0.5300942508745867,0.0,0.0019305412780958812,3.741435143051833
0.1,2.0,Climate,20260818,60,0,0.02061241128979452,818.4683882570777,0.9067208329453889,176.23616204072567,300,0.008289031163691472,1.6517348336996849,0.0030224027764846296,0.5874538734690856,0.0,0.002008796281276158,4.1263672384068615
0.1,2.0,Climate,20260819,60,0,0.04208955971231761,1656.4792625984326,1.0187504946489443,195.81524982455372,300,0.011844768143547261,2.3498079798134093,0.0033958349821631476,0.6527174994151791,0.0,0.0019169204949070432,6.179060725271054
0.1,2.0,Climate,20260820,60,0,0.0032291191781245875,164.4319463640082,0.5784691556649986,121.18413659449509,300,0.0032808124898793933,0.7403421424449829,0.0019282305188833286,0.4039471219816503,0.0,0.0019648719375540695,1.669733496201002
0.1,2.0,Climate,20260821,60,0,0.026754213661842267,1091.193812390559,0.85185835388447,169.05864100678045,300,0.009443554002923946,1.9071740109304474,0.0028395278462815666,0.5635288033559348,0.0,0.0021593348799337398,4.373362413899287
0.1,2.0,Climate,20260822,60,0,0.020429825749296544,803.5683618454634,0.7875728168241172,150.81632297776773,300,0.008252237221767307,1.636631053766103,0.0026252427227470574,0.502721076592559,0.0,0.0019865499826261595,4.154054664588956
0.1,2.0,Climate,20260823,60,0,0.006182504144054369,275.99938436391216,0.6568124171777381,130.26552845367513,300,0.004539641742125462,0.9591652349202964,0.0021893747239257935,0.4342184281789171,0.0,0.0019267314811630264,2.356136174920033
0.1,2.0,Climate,20260824,60,0,0.0048640278215314504,232.19005048798851,0.6221941647549429,124.67646629045713,300,0.004026589881248338,0.8797538490736837,0.002073980549183143,0.4155882209681904,0.0,0.0018990275101834358,2.120343101748637
0.1,2.0,Climate,20260825,60,0,0.0020353349414055843,104.2586297542513,0.5434173119090714,108.2281841807204,300,0.002604697641701486,0.5895157044960756,0.0018113910396969047,0.36076061393573466,0.0,0.0019442458044874457,1.3396956473763113
0.1,2.0,Climate,20260826,60,0,0.014280351006233661,567.46922097692,0.7591649426950758,145.02745312371405,300,0.006899360116762921,1.375341437579435,0.0025305498089835863,0.48342484374571354,0.0,0.0019527758397547238,3.533103992944478
0.1,2.0,Climate,20260827,60,0,0.005370093466562383,228.06929515844874,0.6993002585580675,135.82699330383412,300,0.0042308759796533795,0.8719122569740007,0.0023310008618602253,0.45275664434611373,0.0,0.00202844086959576,2.085777329312308
0.1,2.0,Climate,20260828,60,0,0.0017535060406474725,104.89958267753258,0.5259757948302878,110.95526391535535,300,0.0024176476450243067,0.5913250168830804,0.0017532526494342927,0.36985087971785113,0.0,0.0020788312005199845,1.162984105885833
0.1,2.0,Climate,20260829,60,0,0.004845235021923197,219.6500776692198,0.6729661701962809,131.1982336364582,300,0.004018803728276694,0.8556675321432186,0.0022432205673209365,0.4373274454548607,0.0,0.0020237615841009245,1.9858088817621695
0.1,2.0,Climate,20260830,60,0,0.009829925070053735,408.22943948375297,0.732806490502651,145.0394062971722,300,0.005724195742650588,1.166518237439594,0.0024426883016755033,0.4834646876572407,0.0,0.0020331709408776986,2.8154030866580815
0.1,2.0,Climate,20260831,60,0,0.0019346125040028187,115.33864054631218,0.5095663792072922,107.78351369559776,300,0.0025394307131079716,0.620050106970698,0.0016985545973576407,0.3592783789853259,0.0,0.001960268236521681,1.2954506254786653
0.1,2.0,Climate,20260832,60,0,0.001996298607122037,115.3271567822274,0.5208273852622907,107.54870318258422,300,0.0025795985521795423,0.6200192383634221,0.0017360912842076354,0.35849567727528076,0.0,0.0019778292920643106,1.3042574313818307
0.1,2.0,Climate,20260833,60,0,0.003979024698477348,173.1311779728704,0.678139255382373,133.41250260956647,300,0.003641897261262481,0.7596735658006237,0.00226046418460791,0.44470834203188825,0.0,0.0019347915235803522,1.8823202483971564
0.1,2.0,Climate,20260834,60,0,0.0025435608497499937,120.60433266758345,0.5455999594802277,109.95708348014344,300,0.0029117926035061824,0.6340460884078366,0.0018186665316007589,0.36652361160047814,0.0,0.0018158898904734467,1.603507249410925
0.1,2.0,Climate,20260835,60,0,0.009413265232574946,419.0892035095094,0.637464522969276,133.67407929893216,300,0.005601566814316314,1.181932321115877,0.0021248817432309203,0.4455802643297739,0.0,0.0018979840915947393,2.9513244284411893
0.1,2.0,Climate,20260836,60,0,0.009686184896811166,390.71638720323995,0.6802542975181006,131.78483750926702,300,0.005682189981808999,1.1412221332169006,0.0022675143250603354,0.43928279169755674,0.0,0.001869431479715729,3.039528350444302
0.1,2.0,Climate,20260837,60,0,0.004424324882856441,190.70325611718718,0.5359466717121173,107.61974941074719,300,0.003840279886873022,0.7972938732930437,0.0017864889057070577,0.35873249803582397,0.0,0.0018066885618901278,2.1255904132449834
0.1,2.0,Traffic,20260808,60,0,0.0049646612040363134,259867.37956285075,0.39391028733353595,1965.4654173728686,360,0.0037135866176470876,26.867337644787767,0.0010941952425931555,5.45962615936908,0.0,0.00032956045147954094,11.268301766717377
0.1,2.0,Traffic,20260809,60,0,0.0033764214025447594,177628.28800688998,0.3488277433632565,1755.9324639629963,360,0.0030625068718946754,22.212877146606875,0.0009689659537868236,4.87759017767499,0.0,0.0003691014049071063,8.297196464655649
0.1,2.0,Traffic,20260810,60,0,0.0038863726358712497,199302.33477559386,0.4268350564508292,2081.4455141434128,360,0.0032856475075830646,23.529079807737315,0.0011856529345856367,5.781793094842813,0.0,0.0003327740852923344,9.873507742337264
0.1,2.0,Traffic,20260811,60,0,0.0010227929496966347,53381.77212718015,0.19656437387354686,981.7667315329306,360,0.0016855537745604846,12.177138430406307,0.0005460121496487413,2.7271298098136962,0.0,0.00037485935810988805,4.496496454188489
0.1,2.0,Traffic,20260812,60,0,0.0010479802165382192,55267.00165735775,0.1676716493853114,816.9872610845953,360,0.0017061817479537779,12.390296568210786,0.000465754581625865,2.2694090585683204,0.0,0.00033455676078171894,5.09982743725503
0.1,2.0,Traffic,20260813,60,0,0.0009477040749301343,47322.54919083468,0.24155564072283303,1159.6852247742886,360,0.001622501562171936,11.465231159034534,0.0006709878908967584,3.221347846595246,0.0,0.00037750158129928413,4.297999379466475
0.1,2.0,Traffic,20260814,60,0,0.0010904656389586747,53708.83518097149,0.22692121976243362,1080.3363419849568,360,0.0017404227128285966,12.214385323708758,0.0006303367215623157,3.0009342832915467,0.0,0.0003294825968079903,5.282290262641239
0.1,2.0,Traffic,20260815,60,0,0.007828216637746034,404902.84765985835,0.4840282735843349,2380.06863451911,360,0.004663158394903738,33.536996472381,0.001344522982178708,6.611301762553084,0.0,0.0003301713228298871,14.123450682924148
0.1,2.0,Traffic,20260816,60,0,0.06986456027747694,3739247.1764487247,0.7616907116211614,3825.659630617223,360,0.013930837124630792,101.91564017538019,0.002115807532281004,10.626832307270064,0.0,0.00029881656245983975,46.620030061094965
0.1,2.0,Traffic,20260817,60,0,0.01448602420385753,743389.4955369151,0.46016127560185555,2329.6015955578505,360,0.006343418330981055,45.441950012470585,0.00127822576556071,6.471115543216252,0.0,0.0002986462920444579,21.24057287822192
0.1,2.0,Traffic,20260818,60,0,0.0009954262919577084,53546.8880142368,0.2348426550292385,1202.0174690343533,360,0.0016628508752187783,12.195956526451798,0.0006523407084145515,3.338937413984315,0.0,0.0003540227409127353,4.697017120797509
0.1,2.0,Traffic,20260819,60,0,0.09917838315842135,5015119.407645174,1.4501838585023812,7186.805043951851,360,0.016598057379506575,118.0291796271533,0.004028288495839948,19.963347344310698,0.0,0.0003939781861089015,42.12938168845374
0.1,2.0,Traffic,20260820,60,0,0.0026971790561120643,135600.135403961,0.3561263003753649,1767.9554639586363,360,0.002737181770499675,19.407911860599032,0.0009892397232649024,4.910987399885101,0.0,0.00037047769337393956,7.3882498715973055
0.1,2.0,Traffic,20260821,60,0,0.005770031507055154,301107.1863095962,0.39441300776183563,1952.7680769400627,360,0.004003481646938752,28.920733926717514,0.0010955916882273212,5.424355769277952,0.0,0.0003547120445352232,11.286568101132533
0.1,2.0,Traffic,20260822,60,0,0.0013260791711802813,69638.42696734074,0.2467353274450436,1247.5881978714508,360,0.0019192585165314648,13.908273613546717,0.0006853759095695655,3.465522771865141,0.0,0.0003538298912464496,5.424240755269212
0.1,2.0,Traffic,20260823,60,0,0.0002882481984598634,14954.097156674934,0.1233996267168737,604.2156381464897,360,0.0008948125167688968,6.44508795661793,0.0003427767408802047,1.678376772629138,0.0,0.0003996658839812993,2.2389014239973655
0.1,2.0,Traffic,20260824,60,0,0.002712449741660261,142972.79776592957,0.2688153707063715,1304.1597520307814,360,0.002744919418803209,19.92853884410283,0.0007467093630732542,3.622665977863282,0.0,0.0003217538664496901,8.531115566974574
0.1,2.0,Traffic,20260825,60,0,0.00023658765012119865,13096.743913277045,0.14769447667160604,750.017354676654,360,0.0008106712755509039,6.031570624932394,0.00041026243519890566,2.0833815407684835,0.0,0.0003309764446534943,2.4493322369197954
0.1,2.0,Traffic,20260826,60,0,0.002977055117470436,151735.25302340864,0.25966501432412115,1308.1314387610103,360,0.002875690795014128,20.53014403149459,0.000721291706455892,3.633698441002806,0.0,0.00030525121400473845,9.420734998189028
0.1,2.0,Traffic,20260827,60,0,0.1856201393015489,9892908.741127154,1.629981949075059,8151.142647195746,360,0.022707080350847796,165.77183735087976,0.004527727636319608,22.642062908877072,0.0,0.00033092331685010643,68.61734787075488
0.1,2.0,Traffic,20260828,60,0,0.0023511304044947284,122077.38471582595,0.3291419683684641,1671.4903651338911,360,0.002555566041068619,18.414772505595877,0.0009142832454679559,4.643028792038587,0.0,0.0003397693260414941,7.521473674043555
0.1,2.0,Traffic,20260829,60,0,0.0037836092942722527,196302.85989627874,0.3354923270864818,1638.2065079541492,360,0.0032419169973062116,23.351353749496145,0.0009319231307957828,4.55057363320597,0.0,0.00033901484300954304,9.562758280807646
0.1,2.0,Traffic,20260830,60,0,0.007586365283171614,394742.01345351705,0.5229060672908065,2606.767219376687,360,0.004590559540807518,33.113525830488605,0.0014525168535855736,7.241020053824131,0.0,0.0003363788326820408,13.646992898470234
0.1,2.0,Traffic,20260831,60,0,0.00704126778321983,379799.1735064569,0.471830528026425,2362.964379943945,360,0.004422564547365096,32.4807281966492,0.0013106403556289584,6.563789944288736,0.0,0.00033603182887590117,13.161147746508203
0.1,2.0,Traffic,20260832,60,0,0.0015833514010800617,82450.24814172687,0.19608935862039142,951.8857353876451,360,0.0020971881976430975,15.133686499341541,0.0005446926628344206,2.6441270427434587,0.0,0.0003656389757945041,5.735680101078054
0.1,2.0,Traffic,20260833,60,0,0.0038741002715687836,210642.55528643198,0.3577482511540044,1836.9506364556094,360,0.0032804557066429996,24.189216794451568,0.0009937451420944565,5.102640656821137,0.0,0.00037381800722444277,8.775542224410266
0.1,2.0,Traffic,20260834,60,0,0.5591518322001672,29503504.311029453,2.056987698272118,10285.938842088774,360,0.03941065254330805,286.27640252341524,0.005713854717422549,28.57205233913548,0.0,0.0003404556982498276,115.75853406450659
0.1,2.0,Traffic,20260835,60,0,0.002405806707824016,125839.37405206836,0.24695303266959556,1190.2049169733616,360,0.0025851105219356226,18.69635838368801,0.0006859806463044322,3.3061247693704487,0.0,0.0004052170665273939,6.379569705909367
0.1,2.0,Traffic,20260836,60,0,0.0031919192892851125,163467.5386244968,0.3436873917896644,1683.2912745084395,360,0.0029776572116743767,21.309070748842096,0.0009546871994157344,4.675809095856777,0.0,0.00037770868420849377,7.883475641853978
0.1,2.0,Traffic,20260837,60,0,0.004609231288132067,241436.49530682314,0.3449949382832137,1690.050187910097,360,0.0035781867258167645,25.89704483928315,0.000958319273008927,4.694583855305825,0.0,0.0003670454648045163,9.748619909314124
0.1,2.0,Water,20260808,60,0,0.0020825885442953287,22044.75212521658,0.616991880560012,872.0224963730709,540,0.0019638343749916274,6.389336041146793,0.0011425775565926148,1.614856474764946,0.0,0.001177029519005285,1.6684665450457659
0.1,2.0,Water,20260809,60,0,0.06303476542001483,246101.70417327888,1.4135043888098409,1543.4967261190222,540,0.010804214320074439,21.348159091996273,0.0026176007200182237,2.858327270590782,0.0,0.0010995676047372161,9.825875438242399
0.1,2.0,Water,20260810,60,0,0.002974946035332468,20961.571895408757,0.6921195963708626,864.5831978350748,540,0.0023471598421687763,6.230387285894709,0.0012817029562423381,1.6010799959908792,0.0,0.0012071533058403306,1.9443759386757076
0.1,2.0,Water,20260811,60,0,0.0018335516672820591,31017.415971305898,0.6268168271210156,983.8499851759954,540,0.001842679041646247,7.578895645549029,0.0011607719020759548,1.821944416992584,0.0,0.0011960714995495336,1.5406094387670302
0.1,2.0,Water,20260812,60,0,0.0018727146290722452,18932.0133269141,0.5795804107768587,822.5403360137764,540,0.0018622540250560586,5.921088070509492,0.0010732970569941828,1.5232228444699563,0.0,0.0011840133398359767,1.5728319626145764
0.1,2.0,Water,20260813,60,0,0.009737242456525802,47708.6748732001,0.97037028674056,1124.910454726711,540,0.0042464020623402795,9.399436042302407,0.0017969820124825186,2.0831675087531685,0.0,0.0010759025284180737,3.9468278493441873
0.1,2.0,Water,20260814,60,0,0.010659349814794761,67911.21194635316,0.8944879259300931,1146.8100731767731,540,0.004442919838806949,11.2143436546397,0.001656459122092765,2.1237223577347653,0.0,0.0010993524648603944,4.041397077661668
0.1,2.0,Water,20260815,60,0,0.041375507213395356,136382.8486919847,1.4649312881172747,1312.609404212788,540,0.008753359906597914,15.89216256244199,0.002712835718735694,2.4307581559496074,0.0,0.0011059224528908735,7.9149852539088
0.1,2.0,Water,20260816,60,0,0.0060826661452282665,34257.418300846635,0.8244627235945794,1072.5008130311528,540,0.003356217598016781,7.9649019780588866,0.0015267828214714434,1.986112616724357,0.0,0.0011946853495692646,2.8092899935760003
0.1,2.0,Water,20260817,60,0,0.002761865997097296,16595.448309569598,0.5943248807208975,777.5256474349561,540,0.0022615407715297305,5.543673122072417,0.001100601630964625,1.4398623100647336,0.0,0.0011258332015078823,2.008770720654481
0.1,2.0,Water,20260818,60,0,0.003472792136965355,22546.668141094804,0.7703701287218797,849.3682559550446,540,0.0025359606759442943,6.461663032855827,0.0014266113494849624,1.572904177694527,0.0,0.001113062372205603,2.2783634945085143
0.1,2.0,Water,20260819,60,0,0.000913615052645675,24384.12308082722,0.5124835794799804,944.0576401430774,540,0.0013007227710475514,6.719805315856506,0.0009490436657036673,1.748254889153847,0.0,0.0011863468172711564,1.0964102167353418
0.1,2.0,Water,20260820,60,0,0.0009361889914917742,24792.664404144485,0.503106433793676,913.4124493614893,540,0.0013166940865582102,6.775864630374227,0.0009316785810994001,1.6915045358546097,0.0,0.0011325631530486918,1.1625789546603784
0.1,2.0,Water,20260821,60,0,0.0018816192814840001,22012.768099366942,0.6428648054618503,941.6061535051998,540,0.0018666762308703394,6.384699317054644,0.001190490380484908,1.7437150990837034,0.0,0.0012472311210593686,1.4966562326353987
0.1,2.0,Water,20260822,60,0,0.001153942381790428,27375.85947929673,0.5390909960293033,1014.9714659239411,540,0.0014618243179838476,7.120114891823848,0.0009983166593135247,1.879576788748039,0.0,0.001143490798501884,1.27838747797448
0.1,2.0,Water,20260823,60,0,0.000744929412406823,27136.169629733435,0.4780513406421782,949.8600510204542,540,0.0011745207158090005,7.088876214252005,0.0008852802604484781,1.7590000944823225,0.0,0.0010980762386373366,1.0696167301339004
0.1,2.0,Water,20260824,60,0,0.0016180225200116355,16540.420455474785,0.5885756972398887,761.1165763112386,540,0.0017309933564348384,5.534474523464647,0.0010899549948886827,1.4094751413171085,0.0,0.0011546195722259857,1.499189341730683
0.1,2.0,Water,20260825,60,0,0.0017281940077937404,25472.90304896075,0.6296704560908241,978.6614532936748,540,0.0017889547992311354,6.868190641155839,0.0011660564001681928,1.8123360246179163,0.0,0.0011181509799473082,1.5999223998492924
0.1,2.0,Water,20260826,60,0,0.0025783147266971794,25227.171229696,0.6924427102078734,942.2089162244425,540,0.0021850988310122437,6.834982352478775,0.0012823013151997656,1.7448313263415602,0.0,0.0012258655136381696,1.7824947408196725
0.1,2.0,Water,20260827,60,0,0.0019300238546130332,33678.069617267756,0.6093112007482431,990.5533062377713,540,0.001890533852985287,7.897265070107048,0.0011283540754597095,1.8343579745143912,0.0,0.0011313146122564892,1.671094700363217
0.1,2.0,Water,20260828,60,0,0.009638579415790967,67183.52446989629,0.853634079399955,1010.3947645861906,540,0.004224833859497157,11.154099434894404,0.0015808038507406574,1.871101415900353,0.0,0.001155310651642733,3.6568812496360854
0.1,2.0,Water,20260829,60,0,0.001187031949565441,24055.725662897577,0.5582795364981675,825.4060546276238,540,0.0014826352599375465,6.674401854584199,0.001033850993515125,1.528529730791896,0.0,0.0011846870488731248,1.2514995089613161
0.1,2.0,Water,20260830,60,0,0.007318093350934379,48836.6843527184,0.7738564415394351,1186.277680660419,540,0.0036813074747910632,9.509905591376075,0.0014330674843322873,2.1968105197415166,0.0,0.0011631064931538078,3.165064846993552
0.1,2.0,Water,20260831,60,0,0.003688936913990434,15559.252337645896,0.7223382373142558,768.070643792263,540,0.0026136879414991074,5.367814290276798,0.0013376634024338072,1.4223530440597463,0.0,0.0011244801642571701,2.324352198089422
0.1,2.0,Water,20260832,60,0,0.005821042642756649,29555.40367626146,0.8053910928450178,910.8057773120897,540,0.0032832466550196163,7.398123345154081,0.0014914649867500329,1.6866773653927587,0.0,0.0012003012912170392,2.735352097880846
0.1,2.0,Water,20260833,60,0,0.0049718905386354345,24926.121838294104,0.7950435891103005,892.7459788299669,540,0.00303433760500982,6.79407719162285,0.0014723029427968527,1.6532332941295684,0.0,0.0011212301128358817,2.7062576809814654
0.1,2.0,Water,20260834,60,0,0.0016196962845819755,18552.688232436103,0.557440955354426,803.7613702778781,540,0.0017318884386820922,5.861469957277514,0.0010322980654711592,1.4884469819960706,0.0,0.0010137016772545668,1.7084794052749408
0.1,2.0,Water,20260835,60,0,0.0019952000760993533,26811.99575318501,0.6088797623768015,952.1920868460223,540,0.001922190145573414,7.046406459137852,0.0011275551155125955,1.7633186793444857,0.0,0.001089748645947522,1.7638839494974505
0.1,2.0,Water,20260836,60,0,0.0007276179088950101,16306.194042782554,0.466190452905194,824.3783599645669,540,0.0011607930789024358,5.495148372408384,0.000863315653528137,1.5266265925269757,0.0,0.001108661492135297,1.0470220956865135
0.1,2.0,Water,20260837,60,0,0.0008656524273528013,20280.581994626627,0.5054525594777016,836.6112989880489,540,0.001266120077501868,6.128346703914739,0.00093602325829204,1.5492801833112018,0.0,0.0011893172176197808,1.0645772706761911
0.2,0.1,Climate,20260808,60,0,0.0031231997983588063,159.30559709346755,0.6461376513884622,130.73797681900763,300,0.003226556367790489,0.7287102695709902,0.002153792171294874,0.4357932560633588,0.0,0.0019112351110496621,1.6882048415374935
0.2,0.1,Climate,20260809,60,0,0.0020107929251980735,104.62541232855698,0.5729141879627712,115.84149872672882,300,0.002588946326981998,0.5905517542337194,0.001909713959875904,0.38613832908909607,0.0,0.0020096781502706436,1.2882392768381068
0.2,0.1,Climate,20260810,60,0,0.0024962516507400674,138.2216229653542,0.639609011003328,130.57401593062238,300,0.0028845864237010176,0.6787773885581688,0.00213203003667776,0.43524671976874124,0.0,0.0021192120578191745,1.3611598768787063
0.2,0.1,Climate,20260811,60,0,0.002230066663419078,129.1770699930217,0.602289589995371,123.8517388387057,300,0.0027264547575065793,0.656193746777636,0.0020076319666512367,0.41283912946235235,0.0,0.00204771476015492,1.3314621794787032
0.2,0.1,Climate,20260812,60,0,0.003016984541412779,148.30377314822687,0.645293407704776,131.78444474617106,300,0.0031712166652631286,0.7030973691417779,0.0021509780256825863,0.43928148248723686,0.0,0.001965768494444359,1.6132198039726442
0.2,0.1,Climate,20260813,60,0,0.002715912045108302,154.90082920749967,0.6254312535052988,130.8074396380071,300,0.0030088270389573755,0.7185653048668104,0.0020847708450176627,0.43602479879335704,0.0,0.0020706926571289726,1.4530534160144903
0.2,0.1,Climate,20260814,60,0,0.0040875486265329235,181.82695017924758,0.737118665789681,143.57710451458007,300,0.003691227721022245,0.7785177158747418,0.0024570622192989365,0.4785903483819336,0.0,0.0020076886952855116,1.8385458511023387
0.2,0.1,Climate,20260815,60,0,0.002542676872462919,120.94176961651742,0.5952448869860991,117.32743801269868,300,0.0029112865841198795,0.6349324625935093,0.0019841496232869973,0.3910914600423289,0.0,0.0017075389275458645,1.7049605939608556
0.2,0.1,Climate,20260816,60,0,0.002441957486612349,129.4132607754983,0.6244408909293317,128.69711754873714,300,0.0028530436885382303,0.6567933738386279,0.002081469636431106,0.4289903918291238,0.0,0.0018821492578466937,1.51584348406157
0.2,0.1,Climate,20260817,60,0,0.004601947827509302,200.57370868456567,0.7615971860261638,147.2684915631459,300,0.003916609004189424,0.8176668202566081,0.002538657286753879,0.490894971877153,0.0,0.0019305412780958812,2.028762113831841
0.2,0.1,Climate,20260818,60,0,0.004436049855678237,212.3272172419049,0.7945593131110118,159.78522832018362,300,0.0038453651129978267,0.8412831811027424,0.0026485310437033725,0.5326174277339454,0.0,0.002008796281276158,1.9142633570363463
0.2,0.1,Climate,20260819,60,0,0.00343295692437809,177.88856039938284,0.6765317900904653,138.5545183460962,300,0.003382778406565669,0.7700401729766719,0.0022551059669682176,0.4618483944869873,0.0,0.0019169204949070432,1.7646941620965397
0.2,0.1,Climate,20260820,60,0,0.002286430084236586,119.99055031651824,0.5686513912841012,119.73073118416501,300,0.0027606944079564388,0.6324306294409379,0.0018955046376136707,0.39910243728055,0.0,0.0019648719375540695,1.4050251088592738
0.2,0.1,Climate,20260821,60,0,0.004660118205346841,231.62684837936396,0.78509525212137,158.32967763833767,300,0.003941284987305046,0.8786862321658852,0.0026169841737379,0.5277655921277923,0.0,0.0021593348799337398,1.8252310116094572
0.2,0.1,Climate,20260822,60,0,0.0032164813211476447,156.27507949200663,0.7145429301303281,141.31586284916605,300,0.0032743861109871394,0.7217457527689526,0.0023818097671010935,0.47105287616388686,0.0,0.0019865499826261595,1.6482777375973694
0.2,0.1,Climate,20260823,60,0,0.001820332185123851,96.1526418060158,0.524674631713133,106.32547494643292,300,0.002463285194696878,0.5661349715571832,0.0017489154390437766,0.35441824982144304,0.0,0.0019267314811630264,1.2784787183785327
0.2,0.1,Climate,20260824,60,0,0.002944566556651588,148.73554890204392,0.6734568630490165,133.58728501752333,300,0.0031329254468476096,0.7041201339308606,0.0022448562101633884,0.4452909500584111,0.0,0.0018990275101834358,1.6497525338877193
0.2,0.1,Climate,20260825,60,0,0.0031806469726638085,149.39766360450977,0.7029847094161294,134.1733413839014,300,0.0032560952958330365,0.7056856325695122,0.0023432823647204313,0.4472444712796713,0.0,0.0019442458044874457,1.6747343819993115
0.2,0.1,Climate,20260826,60,0,0.0030229180265548467,135.28187667513396,0.6378829020050671,122.30409974000182,300,0.0031743335397921703,0.6715203562939199,0.0021262763400168904,0.40768033246667273,0.0,0.0019527758397547238,1.6255493719089023
0.2,0.1,Climate,20260827,60,0,0.0029921639613725974,141.04822194619808,0.6949908837342791,135.85055358237437,300,0.0031581450047839777,0.6856826815814004,0.0023166362791142638,0.45283517860791456,0.0,0.00202844086959576,1.5569322488623256
0.2,0.1,Climate,20260828,60,0,0.002205688210868051,130.40206386982183,0.6168858225009459,128.18429405483545,300,0.00271151139334262,0.6592977675017104,0.002056286075003153,0.4272809801827848,0.0,0.0020788312005199845,1.3043441875725077
0.2,0.1,Climate,20260829,60,0,0.0041951378832292855,194.96805088306735,0.7307626070619319,142.4505559331509,300,0.0037394910006707622,0.8061597254536832,0.0024358753568731063,0.4748351864438363,0.0,0.0020237615841009245,1.8477922646861917
0.2,0.1,Climate,20260830,60,0,0.0023737364014766297,127.79625008535004,0.6139607560336539,125.21481750703309,300,0.0028129085786048513,0.6526771792276026,0.002046535853445513,0.41738272502344365,0.0,0.0020331709408776986,1.3835081556844149
0.2,0.1,Climate,20260831,60,0,0.0030679277666544763,155.93587876849773,0.6550356854635517,133.1720476196172,300,0.0031978783417835415,0.7209620396121137,0.0021834522848785056,0.44390682539872395,0.0,0.001960268236521681,1.6313473239039409
0.2,0.1,Climate,20260832,60,0,0.0020569192578309414,117.1883542492758,0.5919165182984798,120.05196338266394,300,0.002618472364968387,0.6250022779939174,0.0019730550609949327,0.40017321127554645,0.0,0.0019778292920643106,1.3239122180435607
0.2,0.1,Climate,20260833,60,0,0.003050223041306503,145.90913373386877,0.6907806212255343,135.9907142735638,300,0.003188637661712027,0.6973978628536912,0.002302602070751781,0.45330238091187935,0.0,0.0019347915235803522,1.6480523213226712
0.2,0.1,Climate,20260834,60,0,0.001975535921344677,101.22103455531827,0.5710262367565421,115.47247802971857,300,0.002566148814432941,0.5808643977020175,0.0019034207891884735,0.3849082600990619,0.0,0.0018158898904734467,1.413163225312017
0.2,0.1,Climate,20260835,60,0,0.002061727595980729,128.9651499828087,0.5642820535943313,122.04062569563574,300,0.0026215311022255226,0.6556552701504267,0.0018809401786477708,0.4068020856521191,0.0,0.0018979840915947393,1.3812186908388884
0.2,0.1,Climate,20260836,60,0,0.003364024394098479,155.79582063766145,0.639683150738019,125.75825256533497,300,0.0033486437026048217,0.7206381908596977,0.0021322771691267297,0.41919417521778324,0.0,0.001869431479715729,1.7912631401253745
0.2,0.1,Climate,20260837,60,0,0.0017576607788864823,102.56426966339025,0.5399293342551865,110.26119599531924,300,0.002420510124530559,0.5847058225107455,0.0017997644475172883,0.3675373199843975,0.0,0.0018066885618901278,1.3397495149901548
0.2,0.1,Traffic,20260808,60,0,0.0009314295262000059,49077.2847554744,0.2447881150859616,1210.7989691052248,360,0.0016085099438438236,11.675863607777751,0.0006799669863498933,3.3633304697367357,0.0,0.00032956045147954094,4.880773577723053
0.2,0.1,Traffic,20260809,60,0,0.000500829212334688,27366.01650022512,0.2018401085427678,1012.2393162379981,360,0.0011794881332532533,8.71875636204071,0.000560666968174355,2.8117758784388838,0.0,0.0003691014049071063,3.1955666317501588
0.2,0.1,Traffic,20260810,60,0,0.00039186115439602897,20208.954581847727,0.205231290906193,985.0977260488136,360,0.0010433135706275636,7.4923951410464875,0.0005700869191838695,2.7363825723578157,0.0,0.0003327740852923344,3.1352007765599796
0.2,0.1,Traffic,20260811,60,0,0.0002606488849513831,14611.628144396713,0.15095245688856188,756.3472856977157,360,0.000850896398171075,6.370859907159907,0.00041931238024600523,2.1009646824936548,0.0,0.00037485935810988805,2.26990837966926
0.2,0.1,Traffic,20260812,60,0,0.00021131382419859552,11951.334564998684,0.1413151236652784,696.1625367351963,360,0.0007661480568376445,5.7617837142191295,0.0003925420101813289,1.9337848242644342,0.0,0.00033455676078171894,2.290039080506033
0.2,0.1,Traffic,20260813,60,0,0.0002356400792267094,11931.760087382534,0.16679470779971559,794.8176292422078,360,0.0008090462135315562,5.757063315659039,0.00046331863277698776,2.2078267478950218,0.0,0.00037750158129928413,2.1431598001443666
0.2,0.1,Traffic,20260814,60,0,0.0010818861413428552,56714.12979018107,0.2479554471128895,1209.6845975087838,360,0.0017335625980932823,12.551464034811621,0.0006887651308691375,3.360234993079955,0.0,0.0003294825968079903,5.261469391366778
0.2,0.1,Traffic,20260815,60,0,0.0010684976959048549,52140.35630425176,0.287168738388329,1408.4734714997528,360,0.0017228027035302864,12.034713252394758,0.0007976909399675806,3.9124263097215355,0.0,0.0003301713228298871,5.217905324921024
0.2,0.1,Traffic,20260816,60,0,0.0002965083096972691,20332.04161176192,0.17327145410378805,873.8283791139294,360,0.0009075429431181344,7.515177533898007,0.0004813095947327446,2.427301053094248,0.0,0.00029881656245983975,3.0371239654432007
0.2,0.1,Traffic,20260817,60,0,0.0036370158773282968,188321.9305139465,0.3153285511401123,1611.683196777313,360,0.003178493649744717,22.871739628848772,0.0008759126420558675,4.47689776882587,0.0,0.0002986462920444579,10.643003895965167
0.2,0.1,Traffic,20260818,60,0,0.00011054822056881203,6232.572829002713,0.1137883936301028,600.8239962215408,360,0.000554146542413577,4.160853554594936,0.00031607887119473004,1.6689555450598357,0.0,0.0003540227409127353,1.5652851593230592
0.2,0.1,Traffic,20260819,60,0,0.015910429222672686,781782.0685857079,0.5202918024834005,2528.897898324677,360,0.0066479798984087155,46.600610051613295,0.0014452550068983347,7.024716384235214,0.0,0.0003939781861089015,16.87397965879033
0.2,0.1,Traffic,20260820,60,0,0.0004361258457508255,20383.30583324209,0.1874166182942137,917.9122371802493,360,0.0011006637464008623,7.524645771146176,0.000520601717483927,2.5497562143895816,0.0,0.00037047769337393956,2.970931222274464
0.2,0.1,Traffic,20260821,60,0,0.00044786078590691215,22545.794532659733,0.1917406629695364,931.4189970178655,360,0.0011153733628836184,7.913735340227516,0.0005326129526931567,2.587274991716293,0.0,0.0003547120445352232,3.1444473906858295
0.2,0.1,Traffic,20260822,60,0,0.0010530786255761176,55615.14108321689,0.21802123542271035,1102.9821064046087,360,0.0017103269875605965,12.429259954194208,0.0006056145428408621,3.063839184457246,0.0,0.0003538298912464496,4.833754947993695
0.2,0.1,Traffic,20260823,60,0,0.00019509721149855706,10320.056883605399,0.1481321956097038,723.514859177193,360,0.0007361634999150005,5.354140890626774,0.0004114783211380661,2.0097634977144248,0.0,0.0003996658839812993,1.8419473100422208
0.2,0.1,Traffic,20260824,60,0,0.000464350685828929,24534.24028139473,0.1939933423011182,924.0606774296896,360,0.0011357213637998844,8.255341752363659,0.0005388703952808839,2.566835215082471,0.0,0.0003217538664496901,3.5297831113319895
0.2,0.1,Traffic,20260825,60,0,0.00017524656206725642,8857.523945717312,0.13732779333177228,675.6833934650011,360,0.0006977076792915346,4.960265434686746,0.00038146609258825635,1.8768983151805587,0.0,0.0003309764446534943,2.108028201287794
0.2,0.1,Traffic,20260826,60,0,0.0006052376537533977,30308.2167209566,0.21416050098447176,1049.1156614235686,360,0.0012966170232071416,9.175483142131869,0.0005948902805124215,2.9142101706210237,0.0,0.00030525121400473845,4.247704722271847
0.2,0.1,Traffic,20260827,60,0,0.005197680006145705,295440.3425248472,0.3451052139663005,1737.5985797566764,360,0.0037997368352389095,28.64729687290889,0.0009586255943508348,4.826662721546323,0.0,0.00033092331685010643,11.482227578904697
0.2,0.1,Traffic,20260828,60,0,0.0006069570762926004,32502.038535563282,0.2096794021117022,1070.337181369975,360,0.0012984574997244064,9.50175985681414,0.0005824427836436172,2.9731588371388193,0.0,0.0003397693260414941,3.8215854116443495
0.2,0.1,Traffic,20260829,60,0,0.000378817307841657,19807.71126538101,0.16741001542319678,813.0054308134895,360,0.0010258022711810296,7.417642494864114,0.00046502782061999103,2.2583484189263596,0.0,0.00033901484300954304,3.0258329165609834
0.2,0.1,Traffic,20260830,60,0,0.0010058968656151298,49524.21659173221,0.2853578706197644,1382.2545076660008,360,0.001671573498247094,11.728907379221956,0.0007926607517215678,3.83959585462778,0.0,0.0003363788326820408,4.9693183275510515
0.2,0.1,Traffic,20260831,60,0,0.0006684158974785772,38410.06301880067,0.2283394075611682,1173.2952961234766,360,0.0013626117665459158,10.329308761803402,0.000634276132114356,3.259153600342991,0.0,0.00033603182887590117,4.0550080363046135
0.2,0.1,Traffic,20260832,60,0,0.0022722757441231483,113668.63371478808,0.2860578867113019,1388.7089249513235,360,0.0025123449339230363,17.769248851971774,0.0007946052408647275,3.8575247915314543,0.0,0.0003656389757945041,6.871108115495381
0.2,0.1,Traffic,20260833,60,0,0.0003380613855416162,19210.952002468654,0.1650263660404917,854.7824882293208,360,0.0009690507748731577,7.305050004100789,0.0004584065723346992,2.3743958006370023,0.0,0.00037381800722444277,2.5923062991755055
0.2,0.1,Traffic,20260834,60,0,0.000886213670383435,41249.85296568256,0.2687483990439807,1312.5230040726472,360,0.0015689820393981527,10.704341404527128,0.0007465233306777242,3.645897233535131,0.0,0.0003404556982498276,4.608476367009807
0.2,0.1,Traffic,20260835,60,0,0.0006826750516705531,34361.088731137774,0.2076242881017315,995.6651790837568,360,0.0013770692023183724,9.769722037888537,0.0005767341336159208,2.7657366085659914,0.0,0.0004052170665273939,3.3983494676556973
0.2,0.1,Traffic,20260836,60,0,0.0006763183866118247,37151.27257117136,0.22435842061530506,1125.254266258876,360,0.0013706429823381603,10.158640625810369,0.0006232178350425141,3.1257062951635444,0.0,0.00037770868420849377,3.6288362953857067
0.2,0.1,Traffic,20260837,60,0,0.00015553282702338158,8462.900016443029,0.1454187922290064,722.8536156609697,360,0.0006572941735786986,4.848510658050639,0.00040394108952501777,2.00792671016936,0.0,0.0003670454648045163,1.7907704538149383
0.2,0.1,Water,20260808,60,0,0.001091151476373533,20473.820163245335,0.5690315321087402,899.0522384142429,540,0.0014214960014622656,6.15747365270755,0.001053762096497667,1.6649115526189684,0.0,0.001177029519005285,1.2076978346843679
0.2,0.1,Water,20260809,60,0,0.0028247173794950305,41520.969679684866,0.6940724711311254,1083.320782975636,540,0.002287128791777145,8.768733351631182,0.0012853193909835654,2.0061495981030295,0.0,0.0010995676047372161,2.080025622729893
0.2,0.1,Water,20260810,60,0,0.0035537950944168695,24061.893210973463,0.7130276548095194,941.7192596733419,540,0.0025653658660506704,6.675257410902048,0.0013204215829805913,1.743924554950633,0.0,0.0012071533058403306,2.1251367607073344
0.2,0.1,Water,20260811,60,0,0.0013101133405625629,34938.75835839213,0.6065533679463765,1097.0512462701186,540,0.0015576057960397418,8.04371831725806,0.001123246977678475,2.031576381981701,0.0,0.0011960714995495336,1.3022681308152313
0.2,0.1,Water,20260812,60,0,0.0033379435774907643,28149.875072762756,0.7086522432648031,945.3614240857645,540,0.0024862375178878763,7.220069132833424,0.0013123189690088946,1.750669303862527,0.0,0.0011840133398359767,2.0998391101170353
0.2,0.1,Water,20260813,60,0,0.0015666783495528742,24427.497557793708,0.6386077738680709,981.3400936393875,540,0.0017033074305232432,6.725779255112887,0.0011826069886445756,1.8172964697025695,0.0,0.0010759025284180737,1.5831428828665906
0.2,0.1,Water,20260814,60,0,0.0014557804377815225,23038.686457843472,0.6034547475876285,908.9021056840886,540,0.001641916471564681,6.531786446385982,0.0011175087918289417,1.683152047563127,0.0,0.0010993524648603944,1.4935305318783145
0.2,0.1,Water,20260815,60,0,0.0011781850548792652,17313.18883703055,0.5879842329659792,782.6819837313255,540,0.0014770999206899793,5.6622840629304205,0.0010888596906777394,1.4494110809839362,0.0,0.0011059224528908735,1.3356270295705186
0.2,0.1,Water,20260816,60,0,0.0020711867559452717,30843.78444999573,0.6612759548645152,985.0009739388214,540,0.0019584511812981912,7.55765303198314,0.001224585101600954,1.824075877664484,0.0,0.0011946853495692646,1.6393029193873492
0.2,0.1,Water,20260817,60,0,0.0010491083400615876,27356.11185077412,0.5563802948016668,932.0089642067105,540,0.0013938411754343726,7.117546374300798,0.001030333879262346,1.7259425263087231,0.0,0.0011258332015078823,1.2380530024940943
0.2,0.1,Water,20260818,60,0,0.0023218357652950946,18838.54585318427,0.6698695885065179,797.479822654314,540,0.0020735707997697073,5.906453760456888,0.001240499237975033,1.4768144863968777,0.0,0.001113062372205603,1.8629421419221965
0.2,0.1,Water,20260819,60,0,0.003118929735527486,35746.24727197078,0.6635452478356095,1012.4789586391878,540,0.002403288540007708,8.13613877753774,0.0012287874959918696,1.8749610345170145,0.0,0.0011863468172711564,2.02578917481801
0.2,0.1,Water,20260820,60,0,0.0014689827606505859,24048.32180075272,0.5938410369247447,909.8206926358163,540,0.0016493448534643182,6.673374653101172,0.0010997056239347124,1.684853134510771,0.0,0.0011325631530486918,1.456293937361927
0.2,0.1,Water,20260821,60,0,0.0011036553404105052,20857.977475840165,0.5845523098923214,948.1858788017902,540,0.0014296174963763489,6.214972583569362,0.001082504277578373,1.7558997755588708,0.0,0.0012472311210593686,1.146233021480466
0.2,0.1,Water,20260822,60,0,0.0011305030680201392,34173.567687866474,0.5789245962626558,1108.6181893711057,540,0.001446901586161718,7.955148308307026,0.0010720825856715848,2.0529966469835292,0.0,0.001143490798501884,1.2653373232712848
0.2,0.1,Water,20260823,60,0,0.0011469189243546653,34641.30587747951,0.5659140788876472,1087.3567005101056,540,0.0014573688393780487,8.009404874257317,0.0010479890349771245,2.0136235194631587,0.0,0.0010980762386373366,1.327201871872374
0.2,0.1,Water,20260824,60,0,0.0014041152798640985,17865.474037354987,0.6038310439099931,784.3561673979955,540,0.0016125177460201213,5.751887618885387,0.0011182056368703576,1.452511421107399,0.0,0.0011546195722259857,1.3965792584923498
0.2,0.1,Water,20260825,60,0,0.0011343387587070654,24471.394975029405,0.5678647938999697,955.1443146493601,540,0.0014493541081940639,6.731819820962702,0.001051601470185129,1.7687857678691854,0.0,0.0011181509799473082,1.296206088611006
0.2,0.1,Water,20260826,60,0,0.0028989074207820165,20893.761577007885,0.7517131546918002,913.1327747549021,540,0.002316969373022063,6.220301525531791,0.0013920613975774078,1.6909866199164854,0.0,0.0012258655136381696,1.890068157758737
0.2,0.1,Water,20260827,60,0,0.0016400399676910788,37898.06870546854,0.6269962599357858,1123.224869911539,540,0.001742730917634669,8.37744643157034,0.0011611041850662699,2.0800460553917386,0.0,0.0011313146122564892,1.540447633889096
0.2,0.1,Water,20260828,60,0,0.0015811170099136354,20857.146001375975,0.5919222487101088,836.910465364749,540,0.001711138352911017,6.21484870668567,0.0010961523124261275,1.5498341951199055,0.0,0.001155310651642733,1.4811067053505949
0.2,0.1,Water,20260829,60,0,0.0011663036326687011,21486.62035271042,0.570848972822292,850.6107056602373,540,0.0014696331317642088,6.307934502688219,0.001057127727448689,1.5752050104819209,0.0,0.0011846870488731248,1.2405243504283474
0.2,0.1,Water,20260830,60,0,0.0019767900910261254,34237.60879268557,0.6266051225354277,1100.4818777710543,540,0.00191330143751295,7.96259877462842,0.0011603798565470883,2.03792940327973,0.0,0.0011631064931538078,1.6449924824380955
0.2,0.1,Water,20260831,60,0,0.001850991937222003,11805.562586588905,0.6572192527046873,705.1764455849118,540,0.0018514218446122465,4.675698123075056,0.0012170726901938654,1.3058823066387255,0.0,0.0011244801642571701,1.6464691005334833
0.2,0.1,Water,20260832,60,0,0.002368725958040772,21377.12766947646,0.7338819501034525,835.5335592050044,540,0.002094404342988086,6.291841817941186,0.001359040648339727,1.5472843688981563,0.0,0.0012003012912170392,1.744898850241572
0.2,0.1,Water,20260833,60,0,0.001801526520577873,21111.901338093703,0.6620928167776967,794.1969307117101,540,0.0018265158699809748,6.2526885088785935,0.0012260978088475866,1.4707350568735373,0.0,0.0011212301128358817,1.6290285545054106
0.2,0.1,Water,20260834,60,0,0.0012878908901819757,23545.442343013692,0.5941993795512966,950.6892389054188,540,0.0015443390592634189,6.60323186065588,0.00110036922139129,1.7605356276026274,0.0,0.0010137016772545668,1.5234650330716533
0.2,0.1,Water,20260835,60,0,0.002365918327235354,35411.12790429762,0.7029430178111088,1068.2542061301635,540,0.00209316273510232,8.097911013695837,0.0013017463292798312,1.9782485298706731,0.0,0.001089748645947522,1.9207757154700045
0.2,0.1,Water,20260836,60,0,0.0010584954817438343,21651.031606104912,0.5485893691565497,936.8651889444145,540,0.0014000631478773154,6.332022028883693,0.0010159062391787957,1.734935535082249,0.0,0.001108661492135297,1.262840964360343
0.2,0.1,Water,20260837,60,0,0.001098407089837008,19666.071609715815,0.5632864206689759,867.6997180582769,540,0.0014262142908419713,6.034786750921971,0.0010431230012388443,1.6068513297375497,0.0,0.0011893172176197808,1.199187457906563
0.2,0.25,Climate,20260808,60,0,0.005984067199340572,267.36446625287664,0.7550634383415368,148.7589408508097,300,0.004466194203622204,0.9440417827138737,0.0025168781278051226,0.49586313616936567,0.0,0.0019112351110496621,2.336810462407915
0.2,0.25,Climate,20260809,60,0,0.002895801272348467,137.53383516153863,0.6491425086180729,129.15375423206285,300,0.0031068747814851218,0.6770864916723186,0.002163808362060243,0.4305125141068762,0.0,0.0020096781502706436,1.5459563916076406
0.2,0.25,Climate,20260810,60,0,0.003204073241819725,162.14674534557372,0.6750765845427287,137.01333801335562,300,0.003268064280181631,0.7351796727004307,0.0022502552818090956,0.4567111267111854,0.0,0.0021192120578191745,1.5421129132045004
0.2,0.25,Climate,20260811,60,0,0.003410307187614628,177.7510037735316,0.6824364764460245,137.36297685241627,300,0.0033716006028861266,0.7697423893172131,0.0022747882548200815,0.4578765895080542,0.0,0.00204771476015492,1.6465186795015572
0.2,0.25,Climate,20260812,60,0,0.004783741057010171,220.8395015861461,0.6914968565299147,141.6241602477478,300,0.003993219693851972,0.8579811606054182,0.002304989521766382,0.4720805341591593,0.0,0.001965768494444359,2.0313784177219145
0.2,0.25,Climate,20260813,60,0,0.0050827333157366286,251.18570420593704,0.7351095828909258,149.29310528669464,300,0.004116120064549716,0.9150331582442556,0.002450365276303086,0.49764368428898215,0.0,0.0020706926571289726,1.9877986481377399
0.2,0.25,Climate,20260814,60,0,0.01032644895414257,418.6732788239758,0.8583296905497569,165.228713186472,300,0.005866983595835987,1.1813456717150654,0.00286109896849919,0.55076237728824,0.0,0.0020076886952855116,2.922257623710756
0.2,0.25,Climate,20260815,60,0,0.003637082379782602,158.91936747066077,0.6238464682039568,120.19723285561295,300,0.003481897174330206,0.7278263700239245,0.0020794882273465227,0.4006574428520432,0.0,0.0017075389275458645,2.039131944906528
0.2,0.25,Climate,20260816,60,0,0.0040454472273799575,184.20253376459848,0.7022051109907856,140.19899114100366,300,0.003672168853860961,0.7835869102288495,0.002340683703302619,0.4673299704700122,0.0,0.0018821492578466937,1.9510508205189694
0.2,0.25,Climate,20260817,60,0,0.01070580753307343,428.5757518505077,0.9548796927591386,180.03955105106138,300,0.00597377812696829,1.1952346378438388,0.0031829323091971287,0.6001318368368712,0.0,0.0019305412780958812,3.094354000480273
0.2,0.25,Climate,20260818,60,0,0.010960850940185445,457.90490744426495,1.0426610258712543,201.88674311469896,300,0.006044515679574183,1.2354552567701038,0.003475536752904181,0.6729558103823299,0.0,0.002008796281276158,3.009023730238187
0.2,0.25,Climate,20260819,60,0,0.011041329377762277,476.39029371272096,0.8106440378629668,160.7099977360488,300,0.0060666655799712236,1.260145882709248,0.002702146792876556,0.535699992453496,0.0,0.0019169204949070432,3.16479770344644
0.2,0.25,Climate,20260820,60,0,0.0041116740478232775,186.41121123974548,0.642706838283019,132.08436963163192,300,0.0037021048282579634,0.788270704854928,0.0021423561276100633,0.44028123210543973,0.0,0.0019648719375540695,1.8841456063881967
0.2,0.25,Climate,20260821,60,0,0.016135227660597006,680.4781952730732,1.0579368970251048,205.54900929772555,300,0.007333763849619786,1.5060745834487228,0.003526456323417016,0.6851633643257519,0.0,0.0021593348799337398,3.39630685252712
0.2,0.25,Climate,20260822,60,0,0.0050537451539226326,225.9719929357533,0.7810182678314355,151.06200637799697,300,0.00410436562452008,0.8678939891786963,0.002603394226104785,0.5035400212599899,0.0,0.0019865499826261595,2.066077199373676
0.2,0.25,Climate,20260823,60,0,0.003119313492401643,142.08198507697597,0.6199770127701572,121.81766950141437,300,0.0032245482848515094,0.6881908288572678,0.0020665900425671903,0.4060588983380479,0.0,0.0019267314811630264,1.6735846776661822
0.2,0.25,Climate,20260824,60,0,0.005532033709449174,245.47252264471268,0.7570325047257276,148.13622550547285,300,0.004294195194076602,0.9045671573460106,0.002523441682419092,0.4937874183515762,0.0,0.0018990275101834358,2.2612601297502035
0.2,0.25,Climate,20260825,60,0,0.004219963528209721,190.7681327465112,0.7425738879410034,141.30485300259107,300,0.003750539307090702,0.797429480155897,0.002475246293136678,0.4710161766753036,0.0,0.0019442458044874457,1.9290458533762622
0.2,0.25,Climate,20260826,60,0,0.00582809537727084,245.1690199005281,0.7845199397203904,147.04895514056128,300,0.004407605312514132,0.9040077800191177,0.0026150664657346345,0.4901631838018709,0.0,0.0019527758397547238,2.2570974214161437
0.2,0.25,Climate,20260827,60,0,0.007544397397146548,322.7540094082792,0.789538423860634,151.96569988261533,300,0.005014777295535847,1.0372303013446904,0.0026317947462021134,0.506552332942051,0.0,0.00202844086959576,2.472232427724266
0.2,0.25,Climate,20260828,60,0,0.003620287088244114,187.6022645621231,0.7138350389985637,144.83862135640706,300,0.0034738485326047796,0.7907849782802805,0.0023794501299952125,0.4827954045213569,0.0,0.0020788312005199845,1.6710584927414285
0.2,0.25,Climate,20260829,60,0,0.0051294725153291304,241.7679933412624,0.7935123999256282,155.1248022415959,300,0.00413500202149452,0.8977156070479901,0.002645041333085427,0.5170826741386529,0.0,0.0020237615841009245,2.0432258690845417
0.2,0.25,Climate,20260830,60,0,0.003323219382905461,165.7633967122669,0.6955822533360347,139.499305262954,300,0.0033282725163390997,0.743333475438552,0.0023186075111201157,0.4649976842098467,0.0,0.0020331709408776986,1.6369860740299187
0.2,0.25,Climate,20260831,60,0,0.0072448671639659245,321.6868126454832,0.778649750600324,153.4768839224206,300,0.00491421989874484,1.0355140633931266,0.0025954991686677467,0.5115896130747353,0.0,0.001960268236521681,2.5069119660198544
0.2,0.25,Climate,20260832,60,0,0.003537497972631139,181.67457939250068,0.6946742078011825,138.6153916786133,300,0.0034338986456752714,0.7781914490074635,0.002315580692670608,0.46205130559537766,0.0,0.0019778292920643106,1.736195666356637
0.2,0.25,Climate,20260833,60,0,0.004253424056010303,191.08511853941224,0.6848738517088541,134.89268889503407,300,0.003765379155769178,0.798091721001649,0.0022829128390295136,0.4496422963167802,0.0,0.0019347915235803522,1.9461420571045835
0.2,0.25,Climate,20260834,60,0,0.0030922734966652497,142.44673336400086,0.6435135046477437,128.0046564318592,300,0.003210541749022663,0.6890736133002552,0.002145045015492479,0.4266821881061973,0.0,0.0018158898904734467,1.7680266660802855
0.2,0.25,Climate,20260835,60,0,0.0038732957735788127,202.55580396534333,0.6439330552957117,135.2734638064601,300,0.0035931860391481786,0.8216970324990903,0.002146443517652372,0.4509115460215336,0.0,0.0018979840915947393,1.8931591972033248
0.2,0.25,Climate,20260836,60,0,0.009513128466523108,402.2465219403268,0.8135371236361897,156.65119515966074,300,0.005631201312485968,1.157938573414449,0.0027117904121206323,0.5221706505322025,0.0,0.001869431479715729,3.0122533901816313
0.2,0.25,Climate,20260837,60,0,0.002087577467017541,115.07886646528274,0.5726640682071471,115.69703541488978,300,0.002637914243626039,0.6193514523684776,0.001908880227357157,0.3856567847162993,0.0,0.0018066885618901278,1.4600824399232906
0.2,0.25,Traffic,20260808,60,0,0.00558969327465695,292787.5656158714,0.513070933534579,2547.6020777380886,360,0.003940422028531458,28.51839394807184,0.0014251970375960528,7.076672438161357,0.0,0.00032956045147954094,11.956598587121668
0.2,0.25,Traffic,20260809,60,0,0.002954464697873751,155398.0803214913,0.4111397203848684,2046.9487538079889,360,0.0028647593935586706,20.77646106117124,0.0011420547788468566,5.6859687605777465,0.0,0.0003691014049071063,7.761442669880001
0.2,0.25,Traffic,20260810,60,0,0.0020665097466516583,109646.21912687052,0.4165327600455117,2041.1349954419848,360,0.0023958933306410285,17.452015095912955,0.0011570354445708658,5.669819431783291,0.0,0.0003327740852923344,7.1997593458525815
0.2,0.25,Traffic,20260811,60,0,0.0013034353116945067,69008.95288039869,0.28009926005899927,1387.3668345518745,360,0.0019028015250140652,13.845271242517615,0.0007780535001638869,3.853796762644096,0.0,0.00037485935810988805,5.07604114409295
0.2,0.25,Traffic,20260812,60,0,0.001118725394118066,61888.96417324583,0.2561697781259077,1273.0540885770013,360,0.0017628302638702485,13.111589887200077,0.0007115827170164102,3.536261357158337,0.0,0.00033455676078171894,5.269151517820931
0.2,0.25,Traffic,20260813,60,0,0.0012874382193581832,69441.60794786742,0.3298912519110025,1605.0828689638793,360,0.0018910889127682373,13.888605236334671,0.0009163645886416736,4.458563524899665,0.0,0.00037750158129928413,5.009486069593382
0.2,0.25,Traffic,20260814,60,0,0.0066195782640098245,347009.523186671,0.520824094837727,2562.067517797416,360,0.004288090180957869,31.04698604027768,0.0014467335967714638,7.116854216103933,0.0,0.0003294825968079903,13.01461813916928
0.2,0.25,Traffic,20260815,60,0,0.006768558274347921,343979.5713981812,0.6655972254342385,3303.9554829917897,360,0.004336075502349741,30.911143774363836,0.0018488811817617735,9.177654119421637,0.0,0.0003301713228298871,13.132804706312427
0.2,0.25,Traffic,20260816,60,0,0.0019881095288347486,120668.05818060825,0.3591495882037869,1809.201866040263,360,0.002350005631692276,18.308168955460552,0.0009976377450105192,5.02556073900073,0.0,0.00029881656245983975,7.864375429350945
0.2,0.25,Traffic,20260817,60,0,0.03781706881418478,1971538.682320056,0.7866266483769734,3967.577643458009,360,0.010249264040541424,74.00335357115874,0.0021850740232693703,11.02104900960558,0.0,0.0002986462920444579,34.319073477783775
0.2,0.25,Traffic,20260818,60,0,0.0005445991348726472,28733.76815560381,0.2324449388200702,1184.3230791950728,360,0.0012299493382437515,8.933981343972855,0.0006456803856113061,3.2897863310974245,0.0,0.0003540227409127353,3.4742099760956524
0.2,0.25,Traffic,20260819,60,0,0.37496212126612427,18469825.20665494,1.947295234604638,9563.308795788404,360,0.032273231136058504,226.5062251208252,0.005409153429457327,26.564746654967788,0.0,0.0003939781861089015,81.9162894646601
0.2,0.25,Traffic,20260820,60,0,0.0019418510249150016,96468.68509992582,0.345910794170031,1702.1441862294957,360,0.0023225052475212824,16.369745560698743,0.0009608633171389751,4.728178295081933,0.0,0.00037047769337393956,6.268947602135589
0.2,0.25,Traffic,20260821,60,0,0.002558693045220775,132567.84214832674,0.3768837441627573,1864.9654460939296,360,0.0026659858741502774,19.189684884530394,0.0010468992893409924,5.180459572483138,0.0,0.0003547120445352232,7.515915839969575
0.2,0.25,Traffic,20260822,60,0,0.0063923584237321075,335777.7881689322,0.4556732595307869,2297.290999893662,360,0.004213852296537413,30.5404007545257,0.0012657590542521858,6.381363888593506,0.0,0.0003538298912464496,11.909260355853828
0.2,0.25,Traffic,20260823,60,0,0.0009033338040305979,45693.12423186513,0.2680855152300421,1307.73164526104,360,0.0015840645715221526,11.266114906591103,0.0007446819867501169,3.632587903502889,0.0,0.0003996658839812993,3.9634720775823644
0.2,0.25,Traffic,20260824,60,0,0.0026209243837963915,139123.21528459445,0.3759769394823642,1829.2938793938101,360,0.0026982115392506817,19.658417428433555,0.0010443803874510117,5.081371887205028,0.0,0.0003217538664496901,8.385949076613748
0.2,0.25,Traffic,20260825,60,0,0.0008371573631320494,42736.78736765619,0.244143078699638,1189.1420868134933,360,0.0015249383986939435,10.895563236633956,0.0006781752186101055,3.3031724633708146,0.0,0.0003309764446534943,4.607392529974245
0.2,0.25,Traffic,20260826,60,0,0.003562301260988319,182448.01623158916,0.44066399860979405,2181.584704385476,360,0.0031456766013885007,22.512219905814433,0.0012240666628049834,6.059957512181878,0.0,0.00030525121400473845,10.305205866731361
0.2,0.25,Traffic,20260827,60,0,0.2688921036331712,13931605.513131669,1.6117297129243935,8018.181170159784,360,0.02732988309693516,196.7203705851113,0.004477026980345538,22.272725472666068,0.0,0.00033092331685010643,82.58675561781095
0.2,0.25,Traffic,20260828,60,0,0.0038525723838342893,200866.194820685,0.4430734709966737,2232.75529831193,360,0.003271328469459349,23.62121191386421,0.001230759641657427,6.202098050866472,0.0,0.0003397693260414941,9.628086524384607
0.2,0.25,Traffic,20260829,60,0,0.00334278638819043,174933.2519801162,0.35795888745535787,1760.2853637050102,360,0.003047214752027401,22.043722461162663,0.0009943302429315495,4.88968156584725,0.0,0.00033901484300954304,8.988440520704943
0.2,0.25,Traffic,20260830,60,0,0.01350555449100251,652688.863851142,0.8150122145421398,4011.3088524144914,360,0.006124984011544327,42.579626839707366,0.0022639228181726106,11.142524590040255,0.0,0.0003363788326820408,18.208589294124568
0.2,0.25,Traffic,20260831,60,0,0.003812055563241663,205956.30232158233,0.47147334973619687,2371.327611966327,360,0.0032540810117799527,23.91862955485061,0.0013096481937116579,6.587021144350908,0.0,0.00033603182887590117,9.683847576777339
0.2,0.25,Traffic,20260832,60,0,0.019123021168629906,984695.1976428139,0.6734005482832522,3323.5861860505543,360,0.007288312784602084,52.29975561985644,0.0018705570785645896,9.232183850140428,0.0,0.0003656389757945041,19.933085002125843
0.2,0.25,Traffic,20260833,60,0,0.0018598441985179252,99439.17706613491,0.30906823521723903,1569.806850768784,360,0.0022729350815128917,16.619865712298015,0.0008585228756034418,4.360574585468845,0.0,0.00037381800722444277,6.080325285529134
0.2,0.25,Traffic,20260834,60,0,0.012940865750489512,632183.9540076086,0.7253680902144309,3570.476811115644,360,0.005995569139532569,41.90544760421995,0.0020149113617067525,9.9179911419879,0.0,0.0003404556982498276,17.610423824168155
0.2,0.25,Traffic,20260835,60,0,0.003808450021936408,198553.03859053322,0.39614298289926736,1939.526215314159,360,0.003252541750494872,23.48480824505571,0.001100397174720187,5.387572820317108,0.0,0.0004052170665273939,8.026665259605965
0.2,0.25,Traffic,20260836,60,0,0.0037575907920913724,199146.34794308452,0.44003514697501545,2189.2402115543546,360,0.003230751027277375,23.519870319410806,0.0012223198527083763,6.081222809873207,0.0,0.00037770868420849377,8.553552413144974
0.2,0.25,Traffic,20260837,60,0,0.0006374368700674559,33957.64072619341,0.2500799594590661,1242.2152511712256,360,0.0013306607277625653,9.712197475081615,0.0006946665540529613,3.4505979199200714,0.0,0.0003670454648045163,3.6253294356089047
0.2,0.25,Water,20260808,60,0,0.0014714704183210667,21675.954542063962,0.6109203947953824,916.2901687101632,540,0.0016507408091863138,6.335665439350291,0.0011313340644358934,1.6968336457595616,0.0,0.001177029519005285,1.4024633898573464
0.2,0.25,Water,20260809,60,0,0.00883875529276093,64844.282959421354,0.8955801020196311,1204.249097521645,540,0.004045746575968975,10.958193531801212,0.0016584816704067243,2.2300909213363793,0.0,0.0010995676047372161,3.6793977546618075
0.2,0.25,Water,20260810,60,0,0.011824174828553354,43078.02601790649,0.9107782843784993,1047.7760159774757,540,0.004679382443536388,8.931636034645747,0.0016866264525527764,1.940325955513844,0.0,0.0012071533058403306,3.8763779388227326
0.2,0.25,Water,20260811,60,0,0.0017456921525013849,35721.8555982073,0.6581606340280283,1119.799067897365,540,0.0017979886666419605,8.13336243143785,0.001218815988940793,2.073701977587713,0.0,0.0011960714995495336,1.5032451382037963
0.2,0.25,Water,20260812,60,0,0.012838284909148054,56786.796737957215,0.9743410473767642,1135.024762049539,540,0.004875920598574951,10.25479081697529,0.0018043352729199336,2.1018977074991465,0.0,0.0011840133398359767,4.118129783276276
0.2,0.25,Water,20260813,60,0,0.002959543978006023,26697.68521892166,0.7877080138208192,1050.8135831175546,540,0.002341076033858672,7.031369554561749,0.0014587185441126281,1.9459510798473232,0.0,0.0010759025284180737,2.1759183309112715
0.2,0.25,Water,20260814,60,0,0.0037945250606909136,28656.083944583268,0.7658330445802645,1000.1954409536678,540,0.0026508297305822435,7.2846978056470295,0.0014182093418153045,1.8522137795438292,0.0,0.0010993524648603944,2.4112646447005233
0.2,0.25,Water,20260815,60,0,0.003572115871080565,21287.916437177188,0.7884491184433031,885.2117788978097,540,0.0025719699436210245,6.278699505172552,0.001460090960080191,1.639281072032981,0.0,0.0011059224528908735,2.325633173372973
0.2,0.25,Water,20260816,60,0,0.00590159078104214,39339.337943872364,0.8457331876923218,1092.804641743317,540,0.0033058844227747443,8.535257806416034,0.0015661725698005958,2.0237122995246613,0.0,0.0011946853495692646,2.767159088346281
0.2,0.25,Water,20260817,60,0,0.0015689276712604577,33773.66119066927,0.6316420160972656,990.2016774373028,540,0.0017045297338108515,7.908464896536995,0.0011697074372171584,1.8337068100690792,0.0,0.0011258332015078823,1.5140162250748097
0.2,0.25,Water,20260818,60,0,0.010838129075890284,43986.82009500309,0.965720990608168,995.0083744789198,540,0.004480023370452081,9.025357292096846,0.0017883722048299406,1.8426081008868884,0.0,0.001113062372205603,4.024952673204317
0.2,0.25,Water,20260819,60,0,0.010688826138109236,57345.16291549243,0.8299628398456118,1078.225374983014,540,0.004449058605815399,10.30508350959859,0.0015369682219363182,1.9967136573759519,0.0,0.0011863468172711564,3.750217508948316
0.2,0.25,Water,20260820,60,0,0.0031379167868756867,29032.398029735574,0.7376090387114735,986.6928707144343,540,0.0024105926683562185,7.332373425778714,0.0013659426642805065,1.827209019841545,0.0,0.0011325631530486918,2.1284399566304635
0.2,0.25,Water,20260821,60,0,0.0012886697781434105,21486.36464944159,0.6120268074501563,966.049277859667,540,0.0015448059797529235,6.3078969685333774,0.0011333829767595485,1.7889801441845685,0.0,0.0012472311210593686,1.2385883848382502
0.2,0.25,Water,20260822,60,0,0.002565684397803584,38041.46512541149,0.6873653667027312,1190.5318096870533,540,0.0021797402146448487,8.39328050524054,0.00127289882722728,2.204688536457506,0.0,0.001143490798501884,1.9062157889688147
0.2,0.25,Water,20260823,60,0,0.0022827734835957534,36767.50860595605,0.6604424703210217,1123.7406109651263,540,0.0020560540612919445,8.251544031265821,0.0012230416117055957,2.0810011314169006,0.0,0.0010980762386373366,1.8724146729952151
0.2,0.25,Water,20260824,60,0,0.003099679538333201,24496.71198563655,0.7353441632648328,867.4889765763955,540,0.002395860449443922,6.735301140623372,0.001361748450490431,1.6064610677340658,0.0,0.0011546195722259857,2.0750215110462347
0.2,0.25,Water,20260825,60,0,0.0018174643611299894,29810.93399449966,0.6684137391340904,1063.6184062519815,540,0.0018345775379725203,7.430035889761739,0.0012378032206186859,1.9696637152814471,0.0,0.0011181509799473082,1.6407243483871676
0.2,0.25,Water,20260826,60,0,0.009324151627437528,32926.83896385124,1.01521867565286,1087.143663977786,540,0.004155351664807402,7.808689244094404,0.0018800345845423334,2.01322900736627,0.0,0.0012258655136381696,3.3897288230867946
0.2,0.25,Water,20260827,60,0,0.003835571123237743,40809.10194437762,0.760611868538307,1172.8844467042663,540,0.002665128418571477,8.693239385183563,0.001408540497293161,2.1720082346375302,0.0,0.0011313146122564892,2.355780071872036
0.2,0.25,Water,20260828,60,0,0.005427601187351967,38873.34806092606,0.7967294349915435,992.7825637279171,540,0.003170349083288944,8.484555474172321,0.0014754248796139695,1.8384862291257724,0.0,0.001155310651642733,2.7441529070826394
0.2,0.25,Water,20260829,60,0,0.0018705689577873659,21052.39536483711,0.650122002511377,847.2866473214984,540,0.00186118687629564,6.243870381605543,0.0012039296342803278,1.5690493468916638,0.0,0.0011846870488731248,1.5710367375637324
0.2,0.25,Water,20260830,60,0,0.006876996492303359,54026.010579014735,0.7780445640399106,1194.2750830734165,540,0.003568638212182718,10.00240809699925,0.0014408232667405753,2.2116205242100304,0.0,0.0011631064931538078,3.0681955893017316
0.2,0.25,Water,20260831,60,0,0.004029667105510187,16866.32381155577,0.8052010998380302,787.1131965128321,540,0.002731729578799031,5.588732681419155,0.0014911131478482042,1.4576170305793188,0.0,0.0011244801642571701,2.4293266040878607
0.2,0.25,Water,20260832,60,0,0.006612740723676948,31619.499762680312,0.9695180405073812,996.4040865969491,540,0.003499402256808627,7.65209965892687,0.0017954037787173726,1.845192752957313,0.0,0.0012003012912170392,2.915436551151608
0.2,0.25,Water,20260833,60,0,0.003578653169921869,29374.634794656315,0.7847740076519951,859.7944317297389,540,0.002574322337986312,7.375464178067448,0.0014532851993555465,1.5922119106106276,0.0,0.0011212301128358817,2.29598037772566
0.2,0.25,Water,20260834,60,0,0.0033490068436576063,31230.98522962583,0.7955800255345278,1089.4348596117525,540,0.0024903542971416465,7.604942986810646,0.001473296343582459,2.017471962243986,0.0,0.0010137016772545668,2.456693476019823
0.2,0.25,Water,20260835,60,0,0.018831027557315316,83679.83909549932,1.1420492354325293,1333.792902422816,540,0.0059052750362948905,12.448400097669797,0.002114905991541721,2.469986856338548,0.0,0.001089748645947522,5.418933125776295
0.2,0.25,Water,20260836,60,0,0.0009746522736900432,21931.17020699572,0.5389869934863118,928.7137716767285,540,0.0013434699914566476,6.372854788954727,0.0009981240620116885,1.7198403179198676,0.0,0.001108661492135297,1.2117945838175601
0.2,0.25,Water,20260837,60,0,0.0017940567726147058,23607.570228199387,0.639686876539683,939.3345351027176,540,0.0018227252554057344,6.611937888759519,0.001184605326925339,1.739508398338366,0.0,0.0011893172176197808,1.5325812393884397
0.2,0.5,Climate,20260808,60,0,0.02134283804675767,865.9824686055955,1.0707148427525095,201.7908765505692,300,0.008434618751857859,1.699002127333959,0.0035690494758416984,0.6726362551685641,0.0,0.0019112351110496621,4.413176957190533
0.2,0.5,Climate,20260809,60,0,0.008675017426064573,358.66864573981525,0.932121742154578,178.38572872228428,300,0.00537742733596174,1.0934176477751083,0.0031070724738485934,0.5946190957409476,0.0,0.0020096781502706436,2.675765437981978
0.2,0.5,Climate,20260810,60,0,0.008362878366651273,366.4022757834556,0.9228262398856031,180.09890622632594,300,0.005279797460336041,1.1051429406543685,0.0030760874662853436,0.6003296874210865,0.0,0.0021192120578191745,2.491396479580879
0.2,0.5,Climate,20260811,60,0,0.009992121677393613,452.9029496835258,0.9663067058033887,187.27368558168246,300,0.005771227967943973,1.2286889349811392,0.0032210223526779624,0.6242456186056082,0.0,0.00204771476015492,2.8183749417850317
0.2,0.5,Climate,20260812,60,0,0.011063958945142196,466.63137125471565,0.8814215133724249,174.7344264801129,300,0.006072879313017342,1.2471719625546374,0.0029380717112414165,0.582448088267043,0.0,0.001965768494444359,3.089315618894326
0.2,0.5,Climate,20260813,60,0,0.011836079557373539,518.1497751168176,0.9830181313708638,191.47098080483957,300,0.0062812099570527385,1.3142168455228607,0.003276727104569546,0.6382366026827986,0.0,0.0020706926571289726,3.0333859230281295
0.2,0.5,Climate,20260814,60,0,0.05414728533121513,2088.538418352978,1.3264537665626837,246.62593969612954,300,0.013434692073287367,2.63852131464638,0.0044215125552089455,0.8220864656537651,0.0,0.0020076886952855116,6.691621118769527
0.2,0.5,Climate,20260815,60,0,0.010771235921544237,429.09039737228585,0.8622098094376786,160.47111318959173,300,0.005992004651073027,1.1959520578076221,0.002874032698125595,0.5349037106319724,0.0,0.0017075389275458645,3.509146734174282
0.2,0.5,Climate,20260816,60,0,0.011139091505573042,449.9357180668251,0.9787727165078792,187.12825657874734,300,0.006093464123023685,1.2246573916362964,0.003262575721692931,0.6237608552624911,0.0,0.0018821492578466937,3.2375031351100287
0.2,0.5,Climate,20260817,60,0,0.03474450052920557,1347.7396192428953,1.4221621145080752,258.1143763688712,300,0.010761737859844876,2.119543676708814,0.0047405403816935835,0.860381254562904,0.0,0.0019305412780958812,5.574466592322399
0.2,0.5,Climate,20260818,60,0,0.03984120820734149,1557.616183083981,1.5770441473949253,292.4475684894692,300,0.011524062970923274,2.278607895977996,0.005256813824649751,0.9748252282982306,0.0,0.002008796281276158,5.736800231232114
0.2,0.5,Climate,20260819,60,0,0.039419774696550954,1587.7304521209867,1.2181228507410191,228.98724661564316,300,0.011462951146563576,2.300529252238121,0.004060409502470064,0.7632908220521438,0.0,0.0019169204949070432,5.979878235440039
0.2,0.5,Climate,20260820,60,0,0.005634049694213678,246.9823014595434,0.7575805905249671,151.80577881614633,300,0.004333608847990197,0.9073446633989082,0.0025252686350832236,0.5060192627204878,0.0,0.0019648719375540695,2.2055426438553556
0.2,0.5,Climate,20260821,60,0,0.05646641628996137,2240.9506216478303,1.5905700255415944,296.0842976227768,300,0.013719380001778672,2.7330999625869463,0.005301900085138648,0.9869476587425893,0.0,0.0021593348799337398,6.353521229740733
0.2,0.5,Climate,20260822,60,0,0.015461770913411105,630.4271250739753,1.1213481184845964,208.2438111812525,300,0.007179083254708572,1.4496288318899375,0.0037378270616153213,0.6941460372708417,0.0,0.0019865499826261595,3.613844764790685
0.2,0.5,Climate,20260823,60,0,0.0075071675261252305,303.8718092782304,0.7859685553662304,148.67346101752722,300,0.005002388604831772,1.0064323280416994,0.0026198951845541013,0.4955782033917574,0.0,0.0019267314811630264,2.5963081279038414
0.2,0.5,Climate,20260824,60,0,0.018010454707046916,725.8811645437003,1.099528229599792,208.1525480090622,300,0.007748215860666875,1.5555075961924243,0.003665094098665973,0.693841826696874,0.0,0.0018990275101834358,4.0800966911313665
0.2,0.5,Climate,20260825,60,0,0.011232354294101392,468.3291033430708,1.039843332287392,192.35790694308795,300,0.006118919919425158,1.2494386784246634,0.003466144440957973,0.6411930231436265,0.0,0.0019442458044874457,3.1471946115569818
0.2,0.5,Climate,20260826,60,0,0.016777899654401913,674.1899294559896,1.1059935576647417,202.22018288025654,300,0.007478391015542027,1.4990996514085708,0.003686645192215806,0.6740672762675218,0.0,0.0019527758397547238,3.829620821446327
0.2,0.5,Climate,20260827,60,0,0.02526302699296048,1017.5619256863116,1.1238096868405245,208.62956795954338,300,0.009176605580307728,1.8417038539409745,0.0037460322894684152,0.695431893198478,0.0,0.00202844086959576,4.523969970165558
0.2,0.5,Climate,20260828,60,0,0.008478781719744892,383.6057131487948,0.9309041820198056,182.32438217018603,300,0.005316258621670222,1.1307898613340954,0.003103013940066019,0.6077479405672868,0.0,0.0020788312005199845,2.557330590545519
0.2,0.5,Climate,20260829,60,0,0.015677802948511736,671.3471300167076,1.1654988212297057,218.60398967298744,300,0.007229062398520695,1.495935749530159,0.0038849960707656858,0.7286799655766248,0.0,0.0020237615841009245,3.572091917997483
0.2,0.5,Climate,20260830,60,0,0.009350550400679235,397.81757673784495,1.006663257085653,192.08474810468428,300,0.005582875722743383,1.151546173249753,0.0033555441902855102,0.640282493682281,0.0,0.0020331709408776986,2.745895886320957
0.2,0.5,Climate,20260831,60,0,0.023783072779655662,972.5476201655408,1.1329991566560813,214.215732913318,300,0.008903758154033546,1.8005069843107533,0.003776663855520271,0.7140524430443933,0.0,0.001960268236521681,4.542112139628636
0.2,0.5,Climate,20260832,60,0,0.007693769136514167,347.66093959384034,0.8766126150702747,169.8562526987888,300,0.005064177832749744,1.0765081507569436,0.0029220420502342487,0.5661875089959627,0.0,0.0019778292920643106,2.560472662159904
0.2,0.5,Climate,20260833,60,0,0.012843338518829647,519.4228991470546,0.9587086026366379,180.3922554685168,300,0.00654302135072925,1.315830408458292,0.0031956953421221263,0.6013075182283893,0.0,0.0019347915235803522,3.3817707339451846
0.2,0.5,Climate,20260834,60,0,0.007702930961769033,317.054115812206,0.8333459222554168,160.78179730976944,300,0.0050671921750837625,1.028030667201788,0.0027778197408513893,0.5359393243658982,0.0,0.0018158898904734467,2.7904732559321768
0.2,0.5,Climate,20260835,60,0,0.01009057157994388,449.13742535044094,0.7992658065493689,161.9288740288175,300,0.005799589519941298,1.2235704929296622,0.002664219355164563,0.5397629134293916,0.0,0.0018979840915947393,3.0556576030457245
0.2,0.5,Climate,20260836,60,0,0.02919591367020845,1152.7334714830356,1.1804531067666073,218.36860347059795,300,0.009865075379034272,1.9602155251256053,0.0039348436892220244,0.7278953449019931,0.0,0.001869431479715729,5.277045714740175
0.2,0.5,Climate,20260837,60,0,0.0041063821884861846,190.70719104922577,0.7064773763856766,139.1104737732692,300,0.0036997216960586755,0.7973020988500862,0.0023549245879522555,0.46370157924423067,0.0,0.0018066885618901278,2.047791619485368
0.2,0.5,Traffic,20260808,60,0,0.02219805341835476,1158164.8049510967,0.9596319659877011,4774.979419549551,360,0.007852468369591175,56.7197007943227,0.0026656443499658363,13.263831720970973,0.0,0.00032956045147954094,23.827095558153328
0.2,0.5,Traffic,20260809,60,0,0.011151551489843656,584719.852799566,0.6952755460319354,3492.634323917468,360,0.005565656467680374,40.30163536796153,0.0019313209611998205,9.701762010881856,0.0,0.0003691014049071063,15.078936015107047
0.2,0.5,Traffic,20260810,60,0,0.007994711557334685,423342.00424539583,0.771236700098324,3819.6673753468767,360,0.004712486827961162,34.292127548356724,0.002142324166939789,10.610187153741323,0.0,0.0003327740852923344,14.16121938648363
0.2,0.5,Traffic,20260811,60,0,0.0050828714008698695,266863.45960323606,0.5021178147652653,2499.958779613046,360,0.0037575373883221076,27.226593392981922,0.0013947717076812924,6.9443299433695715,0.0,0.00037485935810988805,10.023859100832706
0.2,0.5,Traffic,20260812,60,0,0.004664922287931912,252452.9018216652,0.455319548871843,2271.107418142353,360,0.0035997385275152323,26.481277548784096,0.0012647765246440084,6.308631717062091,0.0,0.00033455676078171894,10.759724356202373
0.2,0.5,Traffic,20260813,60,0,0.0050182240395318534,268966.6642990578,0.6022889565415173,2968.544835754132,360,0.0037335654836793495,27.333671964317897,0.0016730248792819924,8.24595787709481,0.0,0.00037750158129928413,9.89019826308852
0.2,0.5,Traffic,20260814,60,0,0.026441633981417953,1387850.0954432092,0.9825431758174351,4877.761817341471,360,0.00857023822782754,62.089766902517155,0.0027292865994928755,13.549338381504088,0.0,0.0003294825968079903,26.01120153493856
0.2,0.5,Traffic,20260815,60,0,0.027145499536430476,1402189.456855066,1.2944782595712163,6453.101535840499,360,0.008683557184643488,62.409700475857875,0.0035957729432533787,17.92528204400139,0.0,0.0003301713228298871,26.300155659240836
0.2,0.5,Traffic,20260816,60,0,0.007573057502809358,426702.82954043156,0.6662311712280964,3345.2901205873277,360,0.004586531460824956,34.42797754170741,0.0018506421423002677,9.292472557187022,0.0,0.00029881656245983975,15.348986759866683
0.2,0.5,Traffic,20260817,60,0,0.1512597446819324,7893085.865283488,1.5196453233082625,7635.024678464767,360,0.020497950079210656,148.0717343542526,0.004221237009189618,21.208401884624354,0.0,0.0002986462920444579,68.63621154941121
0.2,0.5,Traffic,20260818,60,0,0.0020663055395035907,107906.3103069592,0.4058632632710932,2046.2974140596366,360,0.0023957749497254947,17.312993699896747,0.0011273979535308145,5.68415948349899,0.0,0.0003540227409127353,6.767291116804387
0.2,0.5,Traffic,20260819,60,0,1.4931853357601281,73830509.26320463,3.8335445437979065,18857.910178011425,360,0.06440292729199608,452.86283569459107,0.010648734843883075,52.383083827809514,0.0,0.0003939781861089015,163.46825677854696
0.2,0.5,Traffic,20260820,60,0,0.00765179678561983,389356.8283887158,0.6378420359044679,3157.7409216378674,360,0.004610313554539018,32.88687801425077,0.0017717834330679663,8.771502560105187,0.0,0.00037047769337393956,12.444240603402871
0.2,0.5,Traffic,20260821,60,0,0.010042636690259886,520457.89743116585,0.6866891179395879,3407.0053675922013,360,0.005281686570452632,38.022577263426506,0.0019074697720544108,9.463903798867225,0.0,0.0003547120445352232,14.89006830138286
0.2,0.5,Traffic,20260822,60,0,0.025897882200886888,1360861.382797006,0.8713257617589868,4385.462905276656,360,0.008481660313236451,61.48309123465948,0.002420349338219408,12.181841403546267,0.0,0.0003538298912464496,23.971011277079487
0.2,0.5,Traffic,20260823,60,0,0.0033185525519510775,171807.92016701718,0.4597251704998637,2268.509549231546,360,0.003036149128945651,21.84592004668512,0.0012770143624996214,6.301415414532072,0.0,0.0003996658839812993,7.596718285536014
0.2,0.5,Traffic,20260824,60,0,0.010267224216518569,543762.035415537,0.6746780887370029,3324.438697469363,360,0.005340418267149787,38.86450949615203,0.00187410580204723,9.234551937414897,0.0,0.0003217538664496901,16.597837117164286
0.2,0.5,Traffic,20260825,60,0,0.0036519521276932774,188933.6078711654,0.4518472263871437,2223.8761177678957,360,0.003185013573882325,22.908853690656453,0.0012551311844087325,6.177433660466377,0.0,0.0003309764446534943,9.623082323023857
0.2,0.5,Traffic,20260826,60,0,0.014124071011877884,729440.4570849519,0.8240214798147459,4100.088595017203,360,0.0062636675030328425,45.013592301688654,0.002288948555040961,11.389134986158897,0.0,0.00030525121400473845,20.51971365111626
0.2,0.5,Traffic,20260827,60,0,1.0818931572807813,56180395.60025257,3.314832747840488,16516.64134918982,360,0.05482024051592981,395.04006688581103,0.009207868744001356,45.87955930330506,0.0,0.00033092331685010643,165.65844026264534
0.2,0.5,Traffic,20260828,60,0,0.01518961787185202,793053.0636730636,0.8224939051605282,4130.92485654684,360,0.006495643384405176,46.93532973006178,0.002284705292112578,11.474791268185665,0.0,0.0003397693260414941,19.117804011571955
0.2,0.5,Traffic,20260829,60,0,0.013258434090373507,691642.7232492522,0.6587243148979692,3260.9673687922427,360,0.006068688786251182,43.831835311831036,0.0018297897636054702,9.058242691089562,0.0,0.00033901484300954304,17.90095304493896
0.2,0.5,Traffic,20260830,60,0,0.3903197865471291,19979181.79829033,2.622542722275796,13041.766217920806,360,0.032927520849550466,235.5795560261398,0.007284840895210545,36.227128383113346,0.0,0.0003363788326820408,97.8882071354202
0.2,0.5,Traffic,20260831,60,0,0.014876289976680845,789282.9126560418,0.8643740339973642,4319.94736206819,360,0.006428298975079049,46.82363222941672,0.0024010389833260116,11.99985378352275,0.0,0.00033603182887590117,19.130030022998397
0.2,0.5,Traffic,20260832,60,0,0.12010176561274315,6269386.998604828,1.4670284444772599,7298.82323323895,360,0.01826515851535248,131.96576785293,0.004075079012436833,20.274508981219306,0.0,0.0003656389757945041,49.95407963733559
0.2,0.5,Traffic,20260833,60,0,0.0073204182192533615,387243.239356613,0.5529196733168956,2790.571121699618,360,0.0045093785662196914,32.79749479578403,0.0015358879814358212,7.751586449165605,0.0,0.00037381800722444277,12.063031954242458
0.2,0.5,Traffic,20260834,60,0,0.04970744120337963,2482675.4006882566,1.3895864783175735,6867.914650519512,360,0.011750584052077727,83.04408803441326,0.0038599624397710375,19.077540695887535,0.0,0.0003404556982498276,34.514282217873486
0.2,0.5,Traffic,20260835,60,0,0.015233871299523012,801461.5791764244,0.725828753005225,3591.073584862102,360,0.006505098705272787,47.18349461812845,0.0020161909805700693,9.975204402394727,0.0,0.0004052170665273939,16.053368040541358
0.2,0.5,Traffic,20260836,60,0,0.014883781076681134,784751.1970427011,0.8174951664607181,4081.589219867128,360,0.006429917287501781,46.68901836866701,0.002270819906835328,11.337747832964245,0.0,0.00037770868420849377,17.023482795943583
0.2,0.5,Traffic,20260837,60,0,0.0024009701143741236,127204.81225663221,0.4363773095366656,2168.0783604438184,360,0.0025825106831951364,18.79751847220444,0.0012121591931574043,6.022439890121718,0.0,0.0003670454648045163,7.035942221954842
0.2,0.5,Water,20260808,60,0,0.0028753393628750366,26246.250724436337,0.7143565397323384,983.282047206054,540,0.0023075316950895083,6.971668954290317,0.0013228824809858118,1.820892680011211,0.0,0.001177029519005285,1.9604705386145438
0.2,0.5,Water,20260809,60,0,0.033695687464003046,160145.5510981635,1.3255533832235256,1501.8614264343632,540,0.00789933042919685,17.221086939185035,0.0024547284874509735,2.7812248637673394,0.0,0.0010995676047372161,7.184033428380875
0.2,0.5,Water,20260810,60,0,0.04353104172091817,128583.14272853154,1.369075354699749,1342.8649500204294,540,0.008978476497932293,15.431037909964518,0.002535324730925461,2.4867869444822768,0.0,0.0012071533058403306,7.437726802795892
0.2,0.5,Water,20260811,60,0,0.0035627917499027914,42397.893698791646,0.7878298170275478,1221.6269025390493,540,0.002568611005936863,8.860847474182437,0.0014589441056065701,2.26227204173898,0.0,0.0011960714995495336,2.1475396804490847
0.2,0.5,Water,20260812,60,0,0.046692718914926094,159160.73230357593,1.4374618439389841,1456.8609650310757,540,0.009298817021030357,17.168054544952785,0.0026619663776647853,2.6978906759834733,0.0,0.0011840133398359767,7.853642107037863
0.2,0.5,Water,20260813,60,0,0.008677598606359705,44561.30373386828,1.1055065182849384,1254.330098503822,540,0.004008693933042815,9.084103304151533,0.002047234293120256,2.3228335157478184,0.0,0.0010759025284180737,3.725889499429746
0.2,0.5,Water,20260814,60,0,0.014088989544289268,58796.832193529335,1.111677443116611,1237.886291947774,540,0.005107907730011718,10.434702802696869,0.002058661931697428,2.2923820221255076,0.0,0.0010993524648603944,4.646287604094621
0.2,0.5,Water,20260815,60,0,0.01195056528966656,41831.54232195222,1.1301357335274185,1109.1358765856362,540,0.004704325292998506,8.801466872898308,0.002092843950976701,2.0539553270104376,0.0,0.0011059224528908735,4.2537569254529854
0.2,0.5,Water,20260816,60,0,0.02304898971100086,98600.09874586559,1.2319991275614313,1382.1592556092203,540,0.006533246840555715,13.5126894234755,0.002281479865854502,2.5595541770541117,0.0,0.0011946853495692646,5.468592079840295
0.2,0.5,Water,20260817,60,0,0.003552884039435662,45299.102060023186,0.7955446989016444,1083.9201873925158,540,0.0025650370149071567,9.158996999512555,0.001473230923891934,2.0072596062824366,0.0,0.0011258332015078823,2.278345505774461
0.2,0.5,Water,20260818,60,0,0.049200218695881155,154209.24711440472,1.5557730630325228,1404.8253997932447,540,0.009545235256581349,16.898895817226943,0.0028810612278380053,2.6015285181356385,0.0,0.001113062372205603,8.575651728902546
0.2,0.5,Water,20260819,60,0,0.04625307625134904,162124.58781873257,1.1925950433599943,1272.637513624977,540,0.009254936245588385,17.327167055893415,0.002208509339555545,2.35673613634255,0.0,0.0011863468172711564,7.801206283738053
0.2,0.5,Water,20260820,60,0,0.009526329926368423,47647.73951633789,1.0063137579179895,1150.760817324061,540,0.004200160915428965,9.393431463521996,0.001863543996144425,2.131038550600113,0.0,0.0011325631530486918,3.7085445558799575
0.2,0.5,Water,20260821,60,0,0.0020443406938747285,24036.667993296916,0.6914878576307047,1011.6863207176125,540,0.0019457173740726108,6.671757499769835,0.0012805330696864902,1.8734931865140971,0.0,0.0012472311210593686,1.560029525578198
0.2,0.5,Water,20260822,60,0,0.008753014100402516,56349.92103956362,0.9052354984687095,1334.1982734707233,540,0.004026075678761612,10.215268260247575,0.001676362034201314,2.470737543464302,0.0,0.001143490798501884,3.520864080442339
0.2,0.5,Water,20260823,60,0,0.003746400656584659,41930.72885211512,0.773023005389694,1152.5674778655286,540,0.0026339663994962605,8.811895248712803,0.0014315240840549889,2.1343842182694974,0.0,0.0010980762386373366,2.3987099500166718
0.2,0.5,Water,20260824,60,0,0.007420063341424319,42843.5862679966,0.8996622853857291,987.5203966965528,540,0.0037068663369043487,8.907298949196893,0.0016660412692328316,1.8287414753639866,0.0,0.0011546195722259857,3.2104655300082072
0.2,0.5,Water,20260825,60,0,0.004283799913527324,40520.78405745889,0.851295182855919,1203.2736654033442,540,0.0028165515800049495,8.66247591600082,0.0015764725608442944,2.2282845655617485,0.0,0.0011181509799473082,2.518936736197894
0.2,0.5,Water,20260826,60,0,0.03167782917733073,88138.47765119854,1.5338321943028743,1446.8676800363435,540,0.007659154432748208,12.775734932197642,0.002840429989449767,2.679384592659895,0.0,0.0012258655136381696,6.247956523401236
0.2,0.5,Water,20260827,60,0,0.012672087131256494,65042.19062067177,1.0542521811350503,1370.4745782615105,540,0.004844257220755867,10.974903241003638,0.0019523188539537968,2.537915885669464,0.0,0.0011313146122564892,4.281971759468079
0.2,0.5,Water,20260828,60,0,0.020763826434544982,101549.15522087742,1.13793095531126,1222.5772776979763,540,0.006200929804016698,13.713277914115684,0.0021072795468727035,2.2640319957369934,0.0,0.001155310651642733,5.367326783666033
0.2,0.5,Water,20260829,60,0,0.004205446480598348,24235.200203313092,0.804479688041936,907.8606350753671,540,0.002790674444101265,6.699253717878263,0.0014897772000776594,1.681223398287717,0.0,0.0011846870488731248,2.355621635904399
0.2,0.5,Water,20260830,60,0,0.02871966335536724,137372.38518993207,1.097035753648066,1413.6134621126237,540,0.007292774627615925,15.949711781323249,0.002031547691940863,2.6178027076159696,0.0,0.0011631064931538078,6.270083324736058
0.2,0.5,Water,20260831,60,0,0.014323054087094717,45305.41881324153,1.1615499048156614,1045.9901391169233,540,0.005150162544557267,9.15963556743526,0.002151018342251225,1.9370187761424504,0.0,0.0011244801642571701,4.580038588728203
0.2,0.5,Water,20260832,60,0,0.016470938994378514,60269.9570636091,1.2629006524803308,1171.183256000972,540,0.005522837937010168,10.564612231373006,0.0023387049120006127,2.1688578814832815,0.0,0.0012003012912170392,4.601209694117979
0.2,0.5,Water,20260833,60,0,0.011075839418041805,56172.12780165582,1.0931594297368246,1046.7727553626905,540,0.004528886589120383,10.199140105516506,0.0020243693143274528,1.9384680654864639,0.0,0.0011212301128358817,4.039212412575733
0.2,0.5,Water,20260834,60,0,0.01048601172581993,52955.58973028581,1.1556180322905805,1316.7958344334672,540,0.00440664727803348,9.90282317866661,0.0021400333931307046,2.438510804506421,0.0,0.0010137016772545668,4.347084923414659
0.2,0.5,Water,20260835,60,0,0.07213068657309794,236208.95085436883,1.8236309366325822,1783.991986032378,540,0.011557480067287027,20.914683432068628,0.0033770943270973745,3.303688863022922,0.0,0.001089748645947522,10.605638383003404
0.2,0.5,Water,20260836,60,0,0.0013422870186564012,25183.396451217177,0.612954082116035,991.7399752136519,540,0.0015766155844769384,6.829049666981921,0.0011351001520667314,1.8365555096549109,0.0,0.001108661492135297,1.4220892451494418
0.2,0.5,Water,20260837,60,0,0.004458563672539351,32992.452216795704,0.7970546357854585,1033.042637850423,540,0.0028734299005876915,7.816465552588769,0.0014760271033064046,1.913041921945228,0.0,0.0011893172176197808,2.416033214703122
0.2,1.0,Climate,20260808,60,0,0.08033031138253167,3151.4368714857364,1.7548191547902698,319.0460135514134,300,0.016363609155942305,3.2411093118898537,0.0058493971826342325,1.0634867118380447,0.0,0.0019112351110496621,8.561798107065599
0.2,1.0,Climate,20260809,60,0,0.03100632550464597,1220.988138283905,1.4651748500591757,269.06762775307936,300,0.010166337509094408,2.0174143007687713,0.004883916166863919,0.8968920925102646,0.0,0.0020096781502706436,5.058689376567739
0.2,1.0,Climate,20260810,60,0,0.032463809051493396,1324.6966438769814,1.5031097602553154,280.314933031496,300,0.010402533193328985,2.101346111327198,0.005010365867517718,0.9343831101049868,0.0,0.0021192120578191745,4.908679692977001
0.2,1.0,Climate,20260811,60,0,0.031665981467206096,1311.484063357805,1.488843422849232,276.7510366174452,300,0.010273912183650084,2.090840391930005,0.0049628114094974396,0.922503455391484,0.0,0.00204771476015492,5.017257473337161
0.2,1.0,Climate,20260812,60,0,0.04267274713133909,1691.1000885769336,1.3858467501461604,261.8642654862858,300,0.011926545620497032,2.3742367816324568,0.004619489167153868,0.872880884954286,0.0,0.001965768494444359,6.067116068959164
0.2,1.0,Climate,20260813,60,0,0.048601316995732204,1966.7378094006979,1.636536491030163,302.483821771257,300,0.012728094515117886,2.5604282255127417,0.0054551216367672095,1.00827940590419,0.0,0.0020706926571289726,6.146781112734259
0.2,1.0,Climate,20260814,60,0,0.6092430908345393,23587.050356958636,2.94830389123304,526.5532875981942,300,0.04506451267662613,8.866989409594563,0.009827679637443467,1.755177625327314,0.0,0.0020076886952855116,22.445966240905467
0.2,1.0,Climate,20260815,60,0,0.049555236927893626,1917.8896569889853,1.502674991903117,270.2310350007628,300,0.01285239756204961,2.5284314353560426,0.0050089166396770565,0.9007701166692094,0.0,0.0017075389275458645,7.526854793595558
0.2,1.0,Climate,20260816,60,0,0.04483375861731409,1738.746454430215,1.656493007277703,301.2011781584538,300,0.0122248051950824,2.4074512486792714,0.0055216433575923434,1.004003927194846,0.0,0.0018821492578466937,6.495130576981129
0.2,1.0,Climate,20260817,60,0,0.1856014796760975,7160.623788220682,2.7429059791739347,483.54298220747484,300,0.024873109956744955,4.88556506053656,0.009143019930579782,1.6118099406915827,0.0,0.0019305412780958812,12.884008355044156
0.2,1.0,Climate,20260818,60,0,0.205078975371191,7854.930101846756,2.9774536918097723,530.4732165890299,300,0.02614568003649239,5.116942479595524,0.009924845639365907,1.7682440552967664,0.0,0.002008796281276158,13.015595598316438
0.2,1.0,Climate,20260819,60,0,0.15687704043056788,6170.7689367763705,2.1281669623236312,384.0262547367262,300,0.022867519937717184,4.535331276682506,0.007093889874412104,1.2800875157890872,0.0,0.0019169204949070432,11.929300144931725
0.2,1.0,Climate,20260820,60,0,0.02005486352770148,794.8087360592464,1.1540216690955496,219.02728836866447,300,0.008176157110301775,1.6276862269893486,0.003846738896985165,0.7300909612288816,0.0,0.0019648719375540695,4.16116539405601
0.2,1.0,Climate,20260821,60,0,0.25694970757191354,10008.416010906489,2.9134073496217225,521.2185248013288,300,0.029266004599871706,5.775931674026419,0.009711357832072408,1.7373950826710962,0.0,0.0021593348799337398,13.553249600992759
0.2,1.0,Climate,20260822,60,0,0.05217140343157375,2062.3419270848185,1.8948287652628382,341.4272075446576,300,0.013187292296193552,2.6219216407594503,0.006316095884209461,1.1380906918155254,0.0,0.0019865499826261595,6.638288697252081
0.2,1.0,Climate,20260823,60,0,0.026605076713615186,1032.7030598964345,1.1682310780799972,212.60754950751488,300,0.00941719645358341,1.8553553656882324,0.0038941035935999907,0.7086918316917162,0.0,0.0019267314811630264,4.887653804202618
0.2,1.0,Climate,20260824,60,0,0.06871758497569368,2670.280238236245,1.8401186302651409,333.75987099761335,300,0.015134682573005804,2.983443334044431,0.00613372876755047,1.112532903325378,0.0,0.0018990275101834358,7.9697015929715915
0.2,1.0,Climate,20260825,60,0,0.05165006086725001,2046.9302441337652,1.8371177125248954,329.4211005327458,300,0.013121237348569686,2.612106585455352,0.006123725708416318,1.0980703351091528,0.0,0.0019442458044874457,6.748754359291926
0.2,1.0,Climate,20260826,60,0,0.07014225690739988,2759.971770291506,1.9138737025050796,340.15112331245666,300,0.015290765939764635,3.033134665815497,0.006379579008350266,1.133837077708189,0.0,0.0019527758397547238,7.830271979238137
0.2,1.0,Climate,20260827,60,0,0.09567127299990465,3776.973509108063,1.7562356273785964,316.4416581023369,300,0.017857890226256164,3.5482265566092135,0.005854118757928655,1.0548055270077896,0.0,0.00202844086959576,8.803751932791117
0.2,1.0,Climate,20260828,60,0,0.03159024617830262,1297.655951081262,1.4876005591013737,277.0896175930664,300,0.01026161880963925,2.079788411578817,0.004958668530337912,0.9236320586435547,0.0,0.0020788312005199845,4.936244369948113
0.2,1.0,Climate,20260829,60,0,0.06450011257453109,2619.9656245967944,2.0566564591493766,371.0109373864511,300,0.014662891094475092,2.9552019810253207,0.0068555215304979215,1.2367031246215037,0.0,0.0020237615841009245,7.245364873841709
0.2,1.0,Climate,20260830,60,0,0.034626199822590055,1378.8647961776937,1.6461153945543145,300.711155313662,300,0.010743401047866554,2.1438787249420104,0.0054870513151810485,1.0023705177122066,0.0,0.0020331709408776986,5.284061871958853
0.2,1.0,Climate,20260831,60,0,0.10341561800218436,4063.570108708151,1.9721310195977009,357.8694234690059,300,0.01856660245370563,3.68038499286336,0.00657377006532567,1.1928980782300196,0.0,0.001960268236521681,9.471460133767403
0.2,1.0,Climate,20260832,60,0,0.027949625778668594,1154.0561645208415,1.399190246079358,259.7158157010821,300,0.009652223539797897,1.961339818016281,0.004663967486931193,0.8657193856702736,0.0,0.0019778292920643106,4.880210632194463
0.2,1.0,Climate,20260833,60,0,0.05071993389356568,1972.8734571416933,1.5576578740621825,280.983516728787,300,0.013002555376228382,2.5644190096665125,0.005192192913540609,0.9366117224292899,0.0,0.0019347915235803522,6.720390914348754
0.2,1.0,Climate,20260834,60,0,0.03011131889484055,1167.170447802636,1.3229250905527998,243.89085288682253,300,0.010018535970030842,1.9724523211834857,0.004409750301842666,0.8129695096227417,0.0,0.0018158898904734467,5.517149482790923
0.2,1.0,Climate,20260835,60,0,0.026855588097603404,1104.5531362850932,1.0837400464007356,210.40278285122707,300,0.009461428380113192,1.9188131195134603,0.0036124668213357853,0.7013426095040902,0.0,0.0018979840915947393,4.984988242005461
0.2,1.0,Climate,20260836,60,0,0.14077383942763064,5446.011668527096,2.0977530889447262,376.1390073332386,300,0.02166208972895818,4.260677437734949,0.006992510296482421,1.2537966911107954,0.0,0.001869431479715729,11.587528060804978
0.2,1.0,Climate,20260837,60,0,0.010981436555715006,450.7030639194184,0.9289325848361472,175.9404463659199,300,0.006050189130849549,1.2257012467963233,0.003096441949453824,0.5864681545530663,0.0,0.0018066885618901278,3.348772587855397
0.2,1.0,Traffic,20260808,60,0,0.08861869691616901,4612922.05127253,1.8546806313674484,9245.800628747234,360,0.01568958402856361,113.1974927489382,0.005151890642687357,25.682779524297874,0.0,0.00032956045147954094,47.607605700642196
0.2,1.0,Traffic,20260809,60,0,0.0443639141184455,2320652.5965394517,1.322838758785939,6633.066884813806,360,0.011101040256366055,80.28858706322829,0.003674552107738719,18.42518579114946,0.0,0.0003691014049071063,30.075854788902557
0.2,1.0,Traffic,20260810,60,0,0.03162941428570736,1669514.9091362169,1.4817531647322937,7380.053319946793,360,0.009373339006296789,68.09949643181857,0.00411598101314526,20.500148110963313,0.0,0.0003327740852923344,28.16727449814046
0.2,1.0,Traffic,20260811,60,0,0.020226350527070277,1059126.8247311958,0.9443329912428757,4712.442289086889,360,0.0074956191885420425,54.240381244849814,0.002623147197896877,13.090117469685802,0.0,0.00037485935810988805,19.99581716816775
0.2,1.0,Traffic,20260812,60,0,0.01854744105870248,991585.1995349884,0.8458486195023557,4228.641143442087,360,0.0071777900225283055,52.48240973927964,0.0023495794986176546,11.746225398450242,0.0,0.00033455676078171894,21.454625534264554
0.2,1.0,Traffic,20260813,60,0,0.020046945429875163,1066521.6169836991,1.1511190323146772,5717.727759559906,360,0.007462302562040151,54.429404251534315,0.00319755286754077,15.882577109888627,0.0,0.00037750158129928413,19.767606102089463
0.2,1.0,Traffic,20260814,60,0,0.10579845210726661,5557471.171216724,1.9058571339007795,9501.524837914476,360,0.017143062421482683,124.24741413826872,0.005294047594168832,26.393124549762433,0.0,0.0003294825968079903,52.030251635636446
0.2,1.0,Traffic,20260815,60,0,0.10859932314327272,5653360.978102955,2.5424893021117483,12700.190530714024,360,0.017368499834732154,125.31472576968132,0.007062470283643745,35.27830702976118,0.0,0.0003301713228298871,52.604507520118155
0.2,1.0,Traffic,20260816,60,0,0.029730744058946726,1609905.365874677,1.2824959921359695,6425.723915212145,360,0.009087650970616165,66.87271005164872,0.00356248886704436,17.849233097811513,0.0,0.00029881656245983975,30.412139460434105
0.2,1.0,Traffic,20260817,60,0,0.6051995432813262,31597175.848108634,2.984356892794944,14959.495299620721,360,0.04100133952016846,296.2599077016883,0.008289880257763733,41.55415361005756,0.0,0.0002986462920444579,137.29063649002146
0.2,1.0,Traffic,20260818,60,0,0.008216617855003218,428216.4980147676,0.755374593545711,3790.5348267487125,360,0.004777440579025557,34.48898769554194,0.002098262759849197,10.529263407635312,0.0,0.0003540227409127353,13.494727956482237
0.2,1.0,Traffic,20260819,60,0,5.959631677207772,295235187.6204114,7.60690766106293,37449.56602187471,360,0.12866441791221167,905.5924819641733,0.02113029905850814,104.0265722829853,0.0,0.0003939781861089015,326.57751735687947
0.2,1.0,Traffic,20260820,60,0,0.030537294107644986,1574761.8152176084,1.2221155851016552,6080.664105706429,360,0.00921009321156309,66.13878117719186,0.0033947655141712643,16.8907336269623,0.0,0.00037047769337393956,24.860047922688114
0.2,1.0,Traffic,20260821,60,0,0.03995312121644048,2071271.2984007208,1.3080663105066561,6507.975376899555,360,0.010534746900988661,75.8520361259106,0.003633517529185156,18.07770938027654,0.0,0.0003547120445352232,29.699433845817865
0.2,1.0,Traffic,20260822,60,0,0.10365970012824506,5443981.991226277,1.688416666451527,8474.646210312563,360,0.016968901304072324,122.97224157447391,0.004690046295698686,23.5406839175349,0.0,0.0003538298912464496,47.95779475921424
0.2,1.0,Traffic,20260823,60,0,0.012952284015650123,677372.5087601988,0.8431152024716757,4185.646067900996,360,0.0059982136265841045,43.37730169237897,0.0023419866735324324,11.626794633058323,0.0,0.0003996658839812993,15.008070158084262
0.2,1.0,Traffic,20260824,60,0,0.04082493552930201,2155121.452054091,1.2731002646322558,6318.370034967381,360,0.010649065625326271,77.37214277715223,0.0035363896239784883,17.55102787490939,0.0,0.0003217538664496901,33.0969313370827
0.2,1.0,Traffic,20260825,60,0,0.014443317024747406,748612.848311817,0.8466468143173385,4189.390136753753,360,0.006334060709271959,45.60131724193383,0.0023517967064370514,11.63719482431598,0.0,0.0003309764446534943,19.137496977778014
0.2,1.0,Traffic,20260826,60,0,0.05637432083467936,2923784.7122052005,1.5929544133028548,7941.745509800162,360,0.012513805802068654,90.12005437509457,0.004424873370285708,22.06040419388934,0.0,0.00030525121400473845,40.995105761887
0.2,1.0,Traffic,20260827,60,0,4.330809052637643,225151327.59555992,6.56814109776591,32742.943759907208,360,0.10968147129855468,790.8352258417116,0.018244836382683084,90.9526215552978,0.0,0.00033092331685010643,331.4407468852838
0.2,1.0,Traffic,20260828,60,0,0.06046499753903267,3160096.9342929716,1.5812642746242715,7924.673000655268,360,0.012959873706842708,93.69123245908712,0.004392400762845199,22.012980557375744,0.0,0.0003397693260414941,38.1431539386813
0.2,1.0,Traffic,20260829,60,0,0.052965389721578215,2757723.212918974,1.2603459562915147,6262.894465947176,360,0.012129554095676374,87.52338120815638,0.003500960989698652,17.39692907207549,0.0,0.00033901484300954304,35.77882899756969
0.2,1.0,Traffic,20260830,60,0,1.5648883422053137,79603703.57874823,5.20436741571253,25863.535169314455,360,0.06593111603546103,470.2354716839811,0.014456576154757027,71.8431532480957,0.0,0.0003363788326820408,196.002570999412
0.2,1.0,Traffic,20260831,60,0,0.05912738873822177,3113026.811579394,1.667749385319451,8338.34416962853,360,0.012815722628672192,92.99084201593,0.004632637181442919,23.16206713785703,0.0,0.00033603182887590117,38.138418826405655
0.2,1.0,Traffic,20260832,60,0,0.48405075142859144,25317675.221112747,2.8956188680019905,14444.840021001532,360,0.03666858901887249,265.19214847766904,0.008043385744449974,40.12455561389314,0.0,0.0003656389757945041,100.28632461622722
0.2,1.0,Traffic,20260833,60,0,0.029213362265572182,1541180.9349425745,1.0439225624181248,5251.6468032933635,360,0.009008231153532767,65.42979560275474,0.0028997848956059022,14.58790778692601,0.0,0.00037381800722444277,24.097905877830453
0.2,1.0,Traffic,20260834,60,0,1.5542564563919266,78515375.89691912,4.800803103590066,23760.952776034876,360,0.06570676559938961,467.0099210727015,0.01333556417663907,66.00264660009688,0.0,0.0003404556982498276,192.99652182990854
0.2,1.0,Traffic,20260835,60,0,0.060516721416754744,3188925.076961884,1.372834072176495,6831.908484708882,360,0.012965415686950798,94.11761372762811,0.0038134279782680415,18.97752356863578,0.0,0.0004052170665273939,31.996223155310503
0.2,1.0,Traffic,20260836,60,0,0.0594056393105106,3121589.3761219666,1.5740340820020893,7868.573539258879,360,0.012845842313815718,93.1186426036097,0.004372316894450248,21.85714872016355,0.0,0.00037770868420849377,34.00992047809221
0.2,1.0,Traffic,20260837,60,0,0.009484716059293316,500918.47026734625,0.8142356512614922,4060.4955805463874,360,0.00513287770144945,37.302013285975235,0.0022617656979485893,11.279154390406632,0.0,0.0003670454648045163,13.984310374692013
0.2,1.0,Water,20260808,60,0,0.009227436482303402,43668.295536584985,0.9756824480479633,1110.3606192704783,540,0.0041337447112272056,8.992619971767898,0.001806819348236969,2.056223369019404,0.0,0.001177029519005285,3.5120144775304016
0.2,1.0,Water,20260809,60,0,0.1296168550072575,491553.535779267,2.1843513997409842,2095.5837584485157,540,0.015492940746559472,30.17091853950027,0.004045095184705526,3.880710663793548,0.0,0.0010995676047372161,14.090030189878235
0.2,1.0,Water,20260810,60,0,0.16720329845331144,477484.24732071994,2.256370476211358,1939.371700347835,540,0.017596469471928246,29.736006585131147,0.004178463844835848,3.591429074718213,0.0,0.0012071533058403306,14.576830785944699
0.2,1.0,Water,20260811,60,0,0.011105858213849885,66797.61100188975,1.0717435834641755,1428.3058863491651,540,0.00453501974634312,11.122017786046252,0.001984710339748473,2.6450109006466023,0.0,0.0011960714995495336,3.7915958603236564
0.2,1.0,Water,20260812,60,0,0.17969357348427534,567057.3008203749,2.3241680473636857,2106.432704608894,540,0.018241871527415493,32.40534080410703,0.004304014902525344,3.9008013048312846,0.0,0.0011840133398359767,15.406812502587657
0.2,1.0,Water,20260813,60,0,0.032886086895122825,116981.17347891079,1.7704375537334176,1720.1261141635878,540,0.007803855516146754,14.718417127487713,0.0032785880624692917,3.18541872993257,0.0,0.0010759025284180737,7.2533108808852385
0.2,1.0,Water,20260814,60,0,0.05981325098943539,188847.64428718307,1.8403274723981804,1716.1673012896665,540,0.010524508521069549,18.700744899363762,0.003408013837774408,3.178087594980864,0.0,0.0010993524648603944,9.573370559009977
0.2,1.0,Water,20260815,60,0,0.04535542454595318,129332.36015280681,1.8208097105250003,1585.605570133124,540,0.009164689134768856,15.475928749297921,0.003371869834305556,2.936306611357637,0.0,0.0011059224528908735,8.286918409887079
0.2,1.0,Water,20260816,60,0,0.08526953912994675,293292.9016470175,1.9348086066933035,1857.7779578090801,540,0.012566087455701787,23.305256983136495,0.0035829789012838953,3.4403295514982966,0.0,0.0011946853495692646,10.518323891920497
0.2,1.0,Water,20260817,60,0,0.011846881228684143,84274.14536242193,1.1631715186323948,1347.3059822273017,540,0.004683873284153583,12.49252705230744,0.002154021330800731,2.495011078198707,0.0,0.0011258332015078823,4.160361657375398
0.2,1.0,Water,20260818,60,0,0.19409517827858266,597518.8824208699,2.657418327978552,2187.4022165417687,540,0.01895878464803872,33.26434200352589,0.004921145051812134,4.05074484544772,0.0,0.001113062372205603,17.032993946665087
0.2,1.0,Water,20260819,60,0,0.22327547294206646,662213.8136122026,2.028444465702687,1778.3894284247021,540,0.020334037917759076,35.01887886640054,0.003756378640190161,3.293313756342041,0.0,0.0011863468172711564,17.140045070910695
0.2,1.0,Water,20260820,60,0,0.034450156718390336,123576.79291170127,1.5540171575145791,1512.5172701832337,540,0.007987276539317871,15.127653909296273,0.002877809550952924,2.800957907746729,0.0,0.0011325631530486918,7.052389544739566
0.2,1.0,Water,20260821,60,0,0.005067470500315013,33710.38872786824,0.872409327062846,1126.4101090856198,540,0.0030633649195309703,7.901053460922068,0.0016155728278941593,2.0859446464548514,0.0,0.0012472311210593686,2.456132522518377
0.2,1.0,Water,20260822,60,0,0.032125053207479,125982.59609911876,1.3366947838756127,1623.5770691290609,540,0.007713030485685199,15.274197323828737,0.002475360710880764,3.0066242020908533,0.0,0.001143490798501884,6.745161828840454
0.2,1.0,Water,20260823,60,0,0.012291411370931085,69987.25838898223,1.0975265898330604,1360.901346632062,540,0.004770940463800784,11.384464592314862,0.0020324566478390005,2.5201876789482633,0.0,0.0010980762386373366,4.3448171410405045
0.2,1.0,Water,20260824,60,0,0.025749043965473364,115474.82376470217,1.3054649867091483,1338.8973124239642,540,0.006905317860234719,14.623346615290563,0.0024175277531650894,2.4794394674517855,0.0,0.0011546195722259857,5.980600040342282
0.2,1.0,Water,20260825,60,0,0.014557898003629272,78804.0682038744,1.2683932634432171,1493.5729999496687,540,0.00519221247418586,12.080292199976142,0.0023488764137837353,2.7658759258327197,0.0,0.0011181509799473082,4.643570114682132
0.2,1.0,Water,20260826,60,0,0.14706125539548356,418366.1026792459,2.6385260145005374,2260.8331115169967,540,0.016502595497066043,27.834368000703797,0.004886159286112106,4.186727984290735,0.0,0.0012258655136381696,13.461995066725567
0.2,1.0,Water,20260827,60,0,0.04687165095441418,166905.90512311793,1.6681479318408994,1792.3337544949693,540,0.009316617069477822,17.58081367534664,0.003089162836742406,3.3191365823980914,0.0,0.0011313146122564892,8.23521323647995
0.2,1.0,Water,20260828,60,0,0.08167956513402536,339650.39671647677,1.8515425645341672,1721.9687609682824,540,0.012298717573466707,25.079517861028023,0.0034287825269151244,3.1888310388301524,0.0,0.001155310651642733,10.645377116517706
0.2,1.0,Water,20260829,60,0,0.014527450614103286,48545.940501655256,1.150119084049058,1090.6642477708767,540,0.005186779957007381,9.4815552425686,0.0021298501556464037,2.019748606983105,0.0,0.0011846870488731248,4.378185751199906
0.2,1.0,Water,20260830,60,0,0.10957079872984263,416456.17933320365,1.6853214531210414,1815.2610739551083,540,0.01424460903418362,27.770760647006774,0.0031209656539278544,3.3615945813983488,0.0,0.0011631064931538078,12.247037668544706
0.2,1.0,Water,20260831,60,0,0.05478909732541763,166913.28301952823,1.888033244642617,1566.6936127189456,540,0.010072799578238712,17.581202241552926,0.0034963578604492907,2.9012844679980474,0.0,0.0011244801642571701,8.957738783140552
0.2,1.0,Water,20260832,60,0,0.06222887323061464,195610.00293949255,2.079066894116505,1676.627178109342,540,0.010734926833973665,19.032623208171948,0.0038501238779935277,3.1048651446469293,0.0,0.0012003012912170392,8.943526856568688
0.2,1.0,Water,20260833,60,0,0.04098505843528283,156958.6786790082,1.7305385879344817,1490.0965815568954,540,0.008711960534898838,17.048877375825693,0.0032047010887675587,2.7594381139942508,0.0,0.0011212301128358817,7.770002281569152
0.2,1.0,Water,20260834,60,0,0.041172504512301256,147095.02868285548,1.9395991446650926,1846.7803709364935,540,0.008731859980925244,16.504490336406853,0.0035918502678983196,3.419963649882395,0.0,0.0010137016772545668,8.613835980398054
0.2,1.0,Water,20260835,60,0,0.28410323162539175,842360.2417847292,3.1829288429830185,2709.5462385704514,540,0.022937242545750292,39.49590325179847,0.005894312672190775,5.01767821957491,0.0,0.001089748645947522,21.048195499987674
0.2,1.0,Water,20260836,60,0,0.002747986903171932,33444.269538071225,0.7774602892458766,1122.015726213659,540,0.0022558511997699624,7.86980511054179,0.001439741276381253,2.077806900395665,0.0,0.001108661492135297,2.034752010214734
0.2,1.0,Water,20260837,60,0,0.01505737007093883,71432.55400195767,1.1260477556678983,1267.426815304743,540,0.005280532042312282,11.50141327885546,0.002085273621607219,2.3470866950087834,0.0,0.0011893172176197808,4.439969390908494
0.2,2.0,Climate,20260808,60,0,0.32856161690577007,12755.963943578572,3.199990303397879,565.5952039012703,300,0.03309388749732948,6.520726938917821,0.010666634344659597,1.8853173463375679,0.0,0.0019112351110496621,17.315445549320255
0.2,2.0,Climate,20260809,60,0,0.12122782958990466,4705.070765865643,2.5855848256866882,461.14095064926204,300,0.02010205873286819,3.9602486310271154,0.008618616085622295,1.5371365021642067,0.0,0.0020096781502706436,10.002625908114213
0.2,2.0,Climate,20260810,60,0,0.12651021751000766,5015.515495678726,2.657851252035609,478.03366343562107,300,0.02053535305353572,4.088812172941642,0.00885950417345203,1.5934455447854035,0.0,0.0021192120578191745,9.690088812852506
0.2,2.0,Climate,20260811,60,0,0.1199835926890088,4784.762902068365,2.570170005535904,461.49999148833706,300,0.019998632677344787,3.9936461627892395,0.008567233351786345,1.5383333049611236,0.0,0.00204771476015492,9.76631758801787
0.2,2.0,Climate,20260812,60,0,0.14644040380775294,5715.241721033915,2.2178945827114642,404.85725862570524,300,0.022093770148147566,4.364722870558876,0.007392981942371548,1.3495241954190176,0.0,0.001965768494444359,11.239253355921017
0.2,2.0,Climate,20260813,60,0,0.18884911051294206,7436.159065891073,2.8970350579024498,515.9373687046507,300,0.025089779493712976,4.978674209697154,0.009656783526341499,1.7197912290155022,0.0,0.0020706926571289726,12.11661199808382
0.2,2.0,Climate,20260814,60,0,8.98572219453029,348659.45262997644,8.311205630045398,1446.9780334329464,300,0.17306763797747102,34.091027784935655,0.027704018766817995,4.823260111443155,0.0,0.0020076886952855116,86.20242689211298
0.2,2.0,Climate,20260815,60,0,0.2038546697536889,7878.522500112511,2.729895021467266,480.0244627592635,300,0.02606751936501879,5.124621124243402,0.009099650071557554,1.6000815425308783,0.0,0.0017075389275458645,15.266134753650363
0.2,2.0,Climate,20260816,60,0,0.17750332548131256,6851.5484222309315,3.0010310782195457,530.3116006565983,300,0.02432442705603516,4.778963772699033,0.010003436927398485,1.7677053355219945,0.0,0.0018821492578466937,12.923750310782447
0.2,2.0,Climate,20260817,60,0,0.7431132240006916,28738.775824397107,5.216837873876249,907.6175520639944,300,0.04976991139234935,9.787538986622582,0.017389459579587496,3.0253918402133144,0.0,0.0019305412780958812,25.78028864601024
0.2,2.0,Climate,20260818,60,0,0.8223717283899643,31488.109579405616,5.65822561760954,986.8852635387692,300,0.05235684381848484,10.24501660636455,0.018860752058698468,3.289617545129231,0.0,0.002008796281276158,26.06378969659548
0.2,2.0,Climate,20260819,60,0,0.6207426947811598,24247.94606919653,3.9282618233782394,691.1919061303263,300,0.04548782601902623,8.990355215302772,0.013094206077927465,2.303973020434421,0.0,0.0019169204949070432,23.729636226374666
0.2,2.0,Climate,20260820,60,0,0.07932834319568462,3060.349848106018,2.019197380573397,365.8827846762958,300,0.016261236442911775,3.1939264488014425,0.006730657935244656,1.2196092822543192,0.0,0.0019648719375540695,8.275977753112114
0.2,2.0,Climate,20260821,60,0,1.021983446221463,39670.123475502594,5.49275453944014,961.5393808538176,300,0.05836618445131459,11.499293235601133,0.0183091817981338,3.2051312695127256,0.0,0.0021593348799337398,27.029704838142376
0.2,2.0,Climate,20260822,60,0,0.2072248290861359,8080.519675044807,3.4266980794786974,602.7055087876723,300,0.02628211236349011,5.189900344272777,0.011422326931595658,2.0090183626255746,0.0,0.0019865499826261595,13.230028236564149
0.2,2.0,Climate,20260823,60,0,0.10280464495309947,3965.2353830518396,1.9782192058125612,350.0715567488972,300,0.018511676040911716,3.6355812845870283,0.006594064019375204,1.1669051891629907,0.0,0.0019267314811630264,9.607813139450846
0.2,2.0,Climate,20260824,60,0,0.2743930202337105,10575.554579092519,3.357674300530121,592.6195083335663,300,0.03024307194679527,5.937326721427335,0.011192247668433736,1.9753983611118875,0.0,0.0018990275101834358,15.925557573346556
0.2,2.0,Climate,20260825,60,0,0.20097099200057342,7863.586937534664,3.3198044900356733,584.0557773465983,300,0.02588249034904829,5.119761367334309,0.011066014966785578,1.9468525911553278,0.0,0.0019442458044874457,13.312354996117168
0.2,2.0,Climate,20260826,60,0,0.2862163464934188,11181.719606601513,3.507534593382151,613.6370575093339,300,0.03088777247247519,6.105112504178093,0.011691781977940503,2.0454568583644464,0.0,0.0019527758397547238,15.817367177358571
0.2,2.0,Climate,20260827,60,0,0.4412440413386615,17278.576653352535,3.2194546175724486,566.02321118685,300,0.03835118604592134,7.589153807321019,0.010731515391908163,1.8867440372895,0.0,0.00202844086959576,18.906731086306795
0.2,2.0,Climate,20260828,60,0,0.1237558358289428,4917.661869948362,2.5920986373241885,465.56122793915847,300,0.02031057489986787,4.048728965139703,0.008640328791080629,1.5518707597971948,0.0,0.0020788312005199845,9.770189563629565
0.2,2.0,Climate,20260829,60,0,0.259091700124088,10264.41718964723,3.831706144895815,673.8285797492231,300,0.029387735544162408,5.849335343907953,0.012772353816319384,2.2460952658307436,0.0,0.0020237615841009245,14.521342718943936
0.2,2.0,Climate,20260830,60,0,0.14546026326388714,5657.9525812823995,2.9764324459214215,527.5701751451542,300,0.022019708086461028,4.342791951913884,0.009921441486404739,1.7585672504838472,0.0,0.0020331709408776986,10.830229590511141
0.2,2.0,Climate,20260831,60,0,0.4195922701710434,16347.553693530394,3.512121841884196,621.7143542444168,300,0.03739840772773815,7.381859226854798,0.011707072806280654,2.072381180814723,0.0,0.001960268236521681,19.078209313893822
0.2,2.0,Climate,20260832,60,0,0.0958763275456198,3792.484246010637,2.312986987823744,415.89356543775034,300,0.017877017606004623,3.5555047677325353,0.007709956626079147,1.3863118847925011,0.0,0.0019778292920643106,9.0387060590785
0.2,2.0,Climate,20260833,60,0,0.24222491998208778,9352.309350899448,2.8675443460540215,504.8502611226036,300,0.02841507346357374,5.583400800855887,0.009558481153513406,1.682834203742012,0.0,0.0019347915235803522,14.68637479400951
0.2,2.0,Climate,20260834,60,0,0.13105051760596362,5034.253231183319,2.360185275590078,420.6450805463523,300,0.02090059948151118,4.096442859841255,0.007867284251966927,1.4021502684878409,0.0,0.0018158898904734467,11.50983855968375
0.2,2.0,Climate,20260835,60,0,0.10240586389635194,4051.587797523051,1.7749775836247874,328.014370543092,300,0.018475737594329123,3.6749547831789946,0.005916591945415958,1.09338123514364,0.0,0.0018979840915947393,9.734400660231715
0.2,2.0,Climate,20260836,60,0,0.5549843293982758,21416.527343577018,3.880753016093615,680.6185269741103,300,0.04301101910744407,8.449167087860793,0.012935843386978715,2.268728423247034,0.0,0.001869431479715729,23.007539764968786
0.2,2.0,Climate,20260837,60,0,0.0413358716612424,1609.1547620834879,1.4693091774195923,266.8870179810596,300,0.011738238320583204,2.31599853345052,0.004897697258065308,0.8896233932701987,0.0,0.0018066885618901278,6.497101143045292
0.2,2.0,Traffic,20260808,60,0,0.3542755335316064,18418434.25386864,3.6448192939931423,18187.69136469594,360,0.031370347531617535,226.19088702212858,0.01012449803886984,50.52136490193317,0.0,0.00032956045147954094,95.18844688670116
0.2,2.0,Traffic,20260809,60,0,0.1771525429314503,9259442.192043083,2.578014875657629,12914.235874758962,360,0.022183110625694637,160.376659011451,0.007161152432382303,35.872877429886,0.0,0.0003691014049071063,60.1003147936475
0.2,2.0,Traffic,20260810,60,0,0.1260112579785713,6636884.428049639,2.902954036613825,14501.853358054866,360,0.01870912269890542,135.77845955053277,0.00806376121281618,40.28292599459685,0.0,0.0003327740852923344,56.22169371292806
0.2,2.0,Traffic,20260811,60,0,0.08085815892067973,4230344.088319112,1.828833810100005,9137.816076822619,360,0.014986860812121,108.40182563447176,0.005080093916944459,25.382822435618387,0.0,0.00037485935810988805,39.97995645003394
0.2,2.0,Traffic,20260812,60,0,0.07412632826352895,3937312.157398427,1.6269905816126164,8144.218100234089,360,0.014349441361902962,104.58000867754616,0.004519418282257268,22.622828056205805,0.0,0.00033455676078171894,42.89090236399447
0.2,2.0,Traffic,20260813,60,0,0.0802053575365174,4248071.323280024,2.2460827147939386,11204.97454804789,360,0.014926240646045455,108.62871683041409,0.006239118652205385,31.12492930013303,0.0,0.00037750158129928413,39.539544694547644
0.2,2.0,Traffic,20260814,60,0,0.4234245738078473,22250816.748627465,3.7532397006830416,18750.579660403473,360,0.03429547159157408,248.6117943737645,0.010425665835230672,52.08494350112076,0.0,0.0003294825968079903,104.08887122970005
0.2,2.0,Traffic,20260815,60,0,0.43462364440554707,22712182.658973526,5.038685110237262,25195.432318366184,360,0.03474604871242944,251.17602647332103,0.013996347528436839,69.98731199546162,0.0,0.0003301713228298871,105.2364221538753
0.2,2.0,Traffic,20260816,60,0,0.11799626404071999,6260746.088557925,2.515128603978126,12587.197808986424,360,0.01810434754729126,131.8747942447887,0.006986468344383683,34.964438358295624,0.0,0.00029881656245983975,60.58682757828875
0.2,2.0,Traffic,20260817,60,0,2.4213631538168143,126452917.72723532,5.9139687737344575,29609.54008900447,360,0.08201224762559713,592.6703171223238,0.01642769103815127,82.24872246945687,0.0,0.0002986462920444579,274.61331283961965
0.2,2.0,Traffic,20260818,60,0,0.032944969867570895,1716709.8310454409,1.4549775533115759,7287.0048064541725,360,0.009566284816358801,69.05532868338742,0.004041604314754378,20.241680017928257,0.0,0.0003540227409127353,27.02166756772509
0.2,2.0,Traffic,20260819,60,0,23.812524235227563,1180777802.9721522,15.153771832358048,74633.7281854063,360,0.2571884535771579,1811.0600049665145,0.042093810645439024,207.3159116261286,0.0,0.0003939781861089015,652.7987148660742
0.2,2.0,Traffic,20260820,60,0,0.12219805594590617,6346159.144997593,2.3907822627139783,11927.276602631047,360,0.01842387158808332,132.7713065658975,0.006641061840872162,33.13132389619735,0.0,0.00037047769337393956,49.730042908379076
0.2,2.0,Traffic,20260821,60,0,0.15953199931039386,8271049.105448977,2.5524824668367425,12720.105928420953,360,0.021050996236018662,151.57551386693345,0.007090229074546507,35.333627578947095,0.0,0.0003547120445352232,59.34671957249616
0.2,2.0,Traffic,20260822,60,0,0.4149113793548563,21785490.72809708,3.3227104336546707,16653.69998101595,360,0.03394895593857115,245.99847971581428,0.009229751204596308,46.260277725044304,0.0,0.0003538298912464496,95.94711124879221
0.2,2.0,Traffic,20260823,60,0,0.051435086507658816,2703620.991196814,1.6100289144253812,8030.898389941124,360,0.011953043139680049,86.66059259478924,0.004472302540070503,22.30805108316979,0.0,0.0003996658839812993,29.907589360915633
0.2,2.0,Traffic,20260824,60,0,0.16299269426884544,8586017.770237869,2.470014757520897,12306.656640940593,360,0.02127809869514018,154.43461192935948,0.006861152104224714,34.185157335946094,0.0,0.0003217538664496901,66.13160217755225
0.2,2.0,Traffic,20260825,60,0,0.0575905083629819,2988007.5390854776,1.637759199141441,8139.998876877423,360,0.012648068403579116,91.10445072500083,0.004549331108726225,22.611107991326175,0.0,0.0003309764446534943,38.21440651711824
0.2,2.0,Traffic,20260826,60,0,0.2253785701119772,11713808.59063854,3.1308861856674577,15625.436600999901,360,0.02502102283369689,180.38391612396646,0.008696906071298494,43.40399055833306,0.0,0.00030525121400473845,81.96862677607069
0.2,2.0,Traffic,20260827,60,0,17.329795405209417,901469641.4688083,13.076273628334452,65197.72248579099,360,0.21940446798100113,1582.4292519456774,0.036322982300929035,181.10478468275275,0.0,0.00033092331685010643,663.0069771734508
0.2,2.0,Traffic,20260828,60,0,0.24142551372970256,12625608.931900263,3.0995369488072075,15519.132820600456,360,0.02589645587772488,187.27289158323256,0.008609824857797798,43.108702279445716,0.0,0.0003397693260414941,76.21775685119466
0.2,2.0,Traffic,20260829,60,0,0.21188237505398413,11020563.424540678,2.4636455327954336,12267.090225985878,360,0.024260299934826316,174.9647855406329,0.006843459813320649,34.07525062773855,0.0,0.00033901484300954304,71.56117330869611
0.2,2.0,Traffic,20260830,60,0,6.266951064691627,317796906.45334476,10.3681413172606,51507.83145344783,360,0.13194012809574343,939.5579729812441,0.02880039254794611,143.07730959291064,0.0,0.0003363788326820408,392.23671431328944
0.2,2.0,Traffic,20260831,60,0,0.23594237813490518,12377088.396666547,3.274620127599076,16375.892049835576,360,0.02560069324880053,185.42060592569402,0.009096167021108544,45.48858902732105,0.0,0.00033603182887590117,76.18532248698095
0.2,2.0,Traffic,20260832,60,0,1.9339145940684328,101266397.39674324,5.726505466673423,28611.663933333642,360,0.07329382636705103,530.3730275233524,0.015906959629648398,79.47684425926012,0.0,0.0003656389757945041,200.45408509251357
0.2,2.0,Traffic,20260833,60,0,0.11687750443865144,6161627.663661787,2.0275299977525294,10177.189637230582,360,0.018018316640347108,130.82672662365485,0.005632027771534804,28.269971214529395,0.0,0.00037381800722444277,48.200772279888575
0.2,2.0,Traffic,20260834,60,0,6.200772062661688,314248008.8726457,9.547580164132755,47304.36379276169,360,0.1312416353171771,934.2971346190403,0.026521056011479877,131.40101053544913,0.0,0.0003404556982498276,385.4881442485698
0.2,2.0,Traffic,20260835,60,0,0.24155821911384823,12732468.447521186,2.666907953356984,13313.96449322187,360,0.02590357220720769,188.0637336377779,0.0074080776482138445,36.98323470339408,0.0,0.0004052170665273939,63.92517578095771
0.2,2.0,Traffic,20260836,60,0,0.23752803468470743,12457828.28032153,3.087323518947211,15442.875250894227,360,0.02568657424310236,186.02440312079673,0.008575898663742252,42.89687569692841,0.0,0.00037770868420849377,68.00631099316601
0.2,2.0,Traffic,20260837,60,0,0.0378812089170588,1996572.1281220876,1.570005364706949,7845.641779954105,360,0.0102579520531714,74.47169723611798,0.004361126013074858,21.793449388761402,0.0,0.0003670454648045163,27.947360849791874
0.2,2.0,Water,20260808,60,0,0.033778144617856325,115971.79862080998,1.4792081155679788,1418.944739767007,540,0.007908989800391508,14.65478045002848,0.0027392742880888495,2.6276754440129757,0.0,0.001177029519005285,6.719448979559532
0.2,2.0,Water,20260809,60,0,0.512490100352496,1766416.5081329655,3.9133970783758794,3330.2176874387656,540,0.030806748309315464,57.1938954935552,0.007247031626621999,6.16706979155327,0.0,0.0010995676047372161,28.017147992167267
0.2,2.0,Water,20260810,60,0,0.6600205201925446,1895944.0429294005,4.038867272612335,3179.618866598059,540,0.03496083841355619,59.25375504477583,0.007479383838170991,5.888183086292702,0.0,0.0012071533058403306,28.96139060748299
0.2,2.0,Water,20260811,60,0,0.0399981900231399,159027.69149243794,1.6394547051917694,1834.8555021318284,540,0.008606434933529323,17.16087774520861,0.00303602723183661,3.397880559503386,0.0,0.0011960714995495336,7.195585662538312
0.2,2.0,Water,20260812,60,0,0.7143926770161106,2218384.2331083044,4.183656631829164,3429.5165530137956,540,0.03637237140855249,64.09460936927975,0.007747512281165119,6.350956579655177,0.0,0.0011840133398359767,30.719562174520107
0.2,2.0,Water,20260813,60,0,0.12630344805243132,413260.7823385902,3.080760721626122,2672.777639410356,540,0.01529363508689707,27.664015346139887,0.005705112447455782,4.9495882211302895,0.0,0.0010759025284180737,14.214703175187887
0.2,2.0,Water,20260814,60,0,0.23693713046903475,704686.3355648443,3.2711080730635445,2705.7115485656586,540,0.020946896281586583,36.12443349715608,0.006057607542710268,5.010576941788257,0.0,0.0010993524648603944,19.053849380550222
0.2,2.0,Water,20260815,60,0,0.17931561736515558,489570.20390356716,3.208869734675531,2548.1826740726488,540,0.018222677028461583,30.109989849056902,0.0059423513605102425,4.718856803838238,0.0,0.0011059224528908735,16.477355153453694
0.2,2.0,Water,20260816,60,0,0.3326126873180811,1074320.3022768628,3.4099158208910016,2877.8632286324146,540,0.024818328327254627,44.603610181838974,0.006314658927575929,5.329376349319286,0.0,0.0011946853495692646,20.773945487992048
0.2,2.0,Water,20260817,60,0,0.04555624798427872,218056.69074103612,1.9358312202640813,1911.6708770324167,540,0.009184956297833361,20.094991578935144,0.003584872630118669,3.5401312537637346,0.0,0.0011258332015078823,8.15836332196591
0.2,2.0,Water,20260818,60,0,0.7742557632479187,2412740.655924896,4.87091684537025,3764.578433474253,540,0.03786564364932448,66.8433859982629,0.009020216380315277,6.9714415434708386,0.0,0.001113062372205603,34.01933673698027
0.2,2.0,Water,20260819,60,0,0.8860294545990492,2524956.652107773,3.5869216486034943,2777.1418920272827,540,0.040506731370162856,68.38015539651421,0.006642447497413878,5.142855355606079,0.0,0.0011863468172711564,34.14408904753227
0.2,2.0,Water,20260820,60,0,0.13331971087735525,427497.50654443994,2.66122362653114,2271.5794189261223,540,0.015712681294947205,28.136489638125973,0.004928191900983593,4.206628553566893,0.0,0.0011325631530486918,13.87355862024206
0.2,2.0,Water,20260821,60,0,0.017193966215715808,72067.51543763134,1.2576158316869186,1366.9122909096056,540,0.005642754484934774,11.552418011894286,0.002328918206827627,2.5313190572400104,0.0,0.0012472311210593686,4.524225213480843
0.2,2.0,Water,20260822,60,0,0.1257490590840436,402572.4470777775,2.2102996313594256,2211.102008676249,540,0.015260033680612047,27.303928867939753,0.004093147465480418,4.094633349400461,0.0,0.001143490798501884,13.345130280544977
0.2,2.0,Water,20260823,60,0,0.04663985504067823,180075.9429203036,1.7566500199815152,1826.9640851494016,540,0.009293551631490617,18.26126962647813,0.0032530555925583612,3.3832668243507436,0.0,0.0010980762386373366,8.463484869705859
0.2,2.0,Water,20260824,60,0,0.09830221487329976,385347.2777609827,2.1341745545975557,1965.671672243415,540,0.013492262177050178,26.71340618355783,0.0039521751011065845,3.6401327263766947,0.0,0.0011546195722259857,11.685461169724075
0.2,2.0,Water,20260825,60,0,0.055980064624331985,220888.3296497349,2.1109917047913993,2073.71196703959,540,0.010181688776492608,20.225045421811142,0.003909243897761851,3.840207346369611,0.0,0.0011181509799473082,9.105826457329053
0.2,2.0,Water,20260826,60,0,0.5803140466598204,1692422.9145130566,4.799578620293901,3792.8848877892306,540,0.03278194079005437,55.98318058450692,0.008888108556099816,7.02386090331339,0.0,0.0012258655136381696,26.74187374173118
0.2,2.0,Water,20260827,60,0,0.1832197179841629,587737.2793578219,2.917927394526499,2689.100903308521,540,0.018419983008807202,32.99094374493024,0.005403569249123147,4.979816487608373,0.0,0.0011313146122564892,16.281927952885898
0.2,2.0,Water,20260828,60,0,0.3271614918007529,1276983.237566396,3.3043787835859453,2835.0677945166854,540,0.02461411413083637,48.62904248770588,0.006119219969603603,5.250125545401269,0.0,0.001155310651642733,21.30519102878315
0.2,2.0,Water,20260829,60,0,0.05429227877905746,161522.97184623676,1.8506275840736166,1563.314867270362,540,0.010027026328790333,17.29498813327341,0.0034270881186548455,2.8950275319821515,0.0,0.0011846870488731248,8.463860846903026
0.2,2.0,Water,20260830,60,0,0.4313241692948894,1487925.1064034963,2.8759080831751787,2672.4394953894503,540,0.02826213830652597,52.49206476897416,0.005325755709583664,4.948962028498982,0.0,0.0011631064931538078,24.29883976478551
0.2,2.0,Water,20260831,60,0,0.21677805003628045,673751.1067743299,3.348715552314438,2636.9181075803303,540,0.02003598845578923,35.32261647680247,0.006201325096878589,4.883181680704316,0.0,0.0011244801642571701,17.81800079063642
0.2,2.0,Water,20260832,60,0,0.245101835430985,767158.8144502334,3.7201053157706774,2853.349509145083,540,0.021304748011538588,37.691702949112496,0.006889083918093847,5.283980572490894,0.0,0.0012003012912170392,17.74950020251728
0.2,2.0,Water,20260833,60,0,0.16063692884285083,547530.9332798857,3.0223747220672914,2418.885574458051,540,0.017247486603949792,31.842521457016073,0.00559699022605054,4.479417730477873,0.0,0.0011212301128358817,15.382646618655672
0.2,2.0,Water,20260834,60,0,0.16221544771949886,513778.11536634446,3.507079068831154,2947.639883615789,540,0.017332021730263648,30.845436524421554,0.006494590868205841,5.458592377066276,0.0,0.0010137016772545668,17.097753825567686
0.2,2.0,Water,20260835,60,0,1.1315315336261837,3264082.6251677037,5.908583425404916,4565.642238071486,540,0.045775853525351275,77.74700929305426,0.010941821158157252,8.454893033465714,0.0,0.001089748645947522,42.00588245333379
0.2,2.0,Water,20260836,60,0,0.00816997735923134,59394.587046720546,1.1105838084812003,1373.9586361475972,540,0.0038896770691511473,10.487610595957758,0.002056636682372593,2.5443678447177724,0.0,0.001108661492135297,3.508444278748761
0.2,2.0,Water,20260837,60,0,0.05761037843970053,222494.45936807775,1.8047853493191177,1754.3755671434647,540,0.01032888599992494,20.29844271385249,0.0033421950913316996,3.248843642858268,0.0,0.0011893172176197808,8.684719137083103
0.3,0.1,Climate,20260808,60,0,0.014195886253996447,595.4351092255214,1.3563867928851954,252.49145332210543,300,0.00687892584977152,1.4088235153554205,0.004521289309617318,0.8416381777403514,0.0,0.0019112351110496621,3.5992044149887823
0.3,0.1,Climate,20260809,60,0,0.014378607879077056,596.3304070405378,1.3203946437654948,247.3761206184795,300,0.006923055173133958,1.409882272910919,0.0044013154792183155,0.8245870687282649,0.0,0.0020096781502706436,3.4448576615124313
0.3,0.1,Climate,20260810,60,0,0.018515671835632918,791.6540422789783,1.5832660572695312,293.6275015915654,300,0.00785613811734343,1.624452771734714,0.005277553524231771,0.9787583386385514,0.0,0.0021192120578191745,3.707103349264621
0.3,0.1,Climate,20260811,60,0,0.027497715043041528,1109.8714674019452,1.5567027908485578,285.39683588474827,300,0.009573873309349343,1.9234270347498197,0.005189009302828526,0.9513227862824942,0.0,0.00204771476015492,4.675394002934779
0.3,0.1,Climate,20260812,60,0,0.01727741819722803,745.3304197512408,1.509566428320807,284.8217230695207,300,0.007588899392583887,1.576208974883767,0.00503188809440269,0.949405743565069,0.0,0.001965768494444359,3.860525496278723
0.3,0.1,Climate,20260813,60,0,0.013985320089721271,606.0668001286328,1.3515281295621362,255.65895927250116,300,0.006827718039902075,1.4213453722074176,0.004505093765207121,0.8521965309083372,0.0,0.0020706926571289726,3.2973111757535016
0.3,0.1,Climate,20260814,60,0,0.04037300447295064,1571.6720723465494,1.8464418540487728,333.94760110400557,300,0.011600719011186424,2.288865856231385,0.006154806180162576,1.1131586703466851,0.0,0.0020076886952855116,5.7781463024757915
0.3,0.1,Climate,20260815,60,0,0.01546180474980213,620.0974444027594,1.301295793080499,236.18950806119994,300,0.007179091110022709,1.4377035443173016,0.004337652643601663,0.7872983602039998,0.0,0.0017075389275458645,4.2043498945823465
0.3,0.1,Climate,20260816,60,0,0.02216608962540565,878.655195566105,1.725255310327528,309.2909271608057,300,0.008595752754588678,1.7113885157634476,0.005750851034425093,1.0309697572026857,0.0,0.0018821492578466937,4.566987829872112
0.3,0.1,Climate,20260817,60,0,0.013897645089999258,579.4111337463302,1.4043213007704003,258.38586130528967,300,0.00680628265893585,1.3897375456614462,0.004681071002568001,0.8612862043509656,0.0,0.0019305412780958812,3.5255825587158527
0.3,0.1,Climate,20260818,60,0,0.028209839838928785,1140.172647596869,1.7605065312725101,321.8983404056179,300,0.009697051070459305,1.9495064739542578,0.005868355104241701,1.0729944680187262,0.0,0.002008796281276158,4.827294415488919
0.3,0.1,Climate,20260819,60,0,0.022249406110442946,914.8919739811798,1.427860608526664,263.32816612069473,300,0.008611892186668958,1.7463218240835792,0.004759535361755547,0.8777605537356491,0.0,0.0019169204949070432,4.492566180782877
0.3,0.1,Climate,20260820,60,0,0.020841149332824046,846.3960713084067,1.624903431652729,300.10787977481766,300,0.008334896386643337,1.6796786114297844,0.0054163447721757635,1.000359599249392,0.0,0.0019648719375540695,4.241954005928173
0.3,0.1,Climate,20260821,60,0,0.03127368584222439,1285.6100223487445,1.8654338488802706,344.02321674473376,300,0.010210074410800409,2.070112736341304,0.006218112829600902,1.146744055815779,0.0,0.0021593348799337398,4.728342280616386
0.3,0.1,Climate,20260822,60,0,0.012462346594447142,535.9859367824371,1.3395049481455061,252.31625209279247,300,0.006445242843743268,1.3366449750306886,0.004465016493818354,0.8410541736426416,0.0,0.0019865499826261595,3.244440311148301
0.3,0.1,Climate,20260823,60,0,0.006705094627484204,274.02596842649274,0.9408446084627654,176.06025681674248,300,0.00472761202140651,0.9557300323600676,0.0031361486948758848,0.5868675227224749,0.0,0.0019267314811630264,2.4536953216505277
0.3,0.1,Climate,20260824,60,0,0.019410004033991686,802.2384508345986,1.3992204039204723,259.75650028896325,300,0.008043631856732316,1.6352761752831422,0.004664068013068241,0.8658550009632109,0.0,0.0018990275101834358,4.235658416530967
0.3,0.1,Climate,20260825,60,0,0.026931534667606415,1099.3924109162529,1.660846332281959,301.4100303448259,300,0.009474797212888237,1.9143253040486203,0.005536154440939863,1.0047001011494197,0.0,0.0019442458044874457,4.873250692386626
0.3,0.1,Climate,20260826,60,0,0.017625144017884738,720.6706419284138,1.3446294671722883,246.55040271427677,300,0.007664886173950386,1.5499146663912542,0.004482098223907627,0.821834675714256,0.0,0.0019527758397547238,3.925123415554509
0.3,0.1,Climate,20260827,60,0,0.017351659808974143,701.5287958781489,1.579962521370447,287.21896242452704,300,0.0076051867846827935,1.5291923749462752,0.0052665417379014895,0.9573965414150901,0.0,0.00202844086959576,3.7492770426176643
0.3,0.1,Climate,20260828,60,0,0.014519902234091093,624.2170073730185,1.359016994728633,258.94637474915004,300,0.006956987430895428,1.4424712676202815,0.004530056649095443,0.8631545824971668,0.0,0.0020788312005199845,3.3465860186989955
0.3,0.1,Climate,20260829,60,0,0.022097397917673296,886.1023661212666,1.557959575363471,285.30066397765495,300,0.008582423495663155,1.7186257747798255,0.005193198584544903,0.9510022132588498,0.0,0.0020237615841009245,4.24082735984732
0.3,0.1,Climate,20260830,60,0,0.01860020957496707,757.2250205282152,1.3328581719801313,247.66525773941723,300,0.007874052233965912,1.5887364167037643,0.004442860573267105,0.8255508591313908,0.0,0.0020331709408776986,3.872794006472848
0.3,0.1,Climate,20260831,60,0,0.012120939322839797,527.2968332616674,1.372672791817845,258.00328902522614,300,0.006356345732898161,1.3257662353794595,0.00457557597272615,0.8600109634174204,0.0,0.001960268236521681,3.242589771375841
0.3,0.1,Climate,20260832,60,0,0.013765957568785053,608.1862563036779,1.4118713786007164,265.54173342011825,300,0.006773959346592176,1.4238284731709292,0.004706237928669055,0.8851391114003941,0.0,0.0019778292920643106,3.424946416645505
0.3,0.1,Climate,20260833,60,0,0.02441992151052311,982.1661543792961,1.7200572940493564,311.66211161256473,300,0.009022180355568734,1.809388620850789,0.005733524313497855,1.0388737053752157,0.0,0.0019347915235803522,4.663127910997405
0.3,0.1,Climate,20260834,60,0,0.007760615873481656,334.1683090468837,1.0512686115328067,201.04524430497068,300,0.005086130118102779,1.0554119401871538,0.0035042287051093557,0.6701508143499023,0.0,0.0018158898904734467,2.8009022709943614
0.3,0.1,Climate,20260835,60,0,0.01058055779581648,465.474386654503,1.1138755168533394,216.41464512234776,300,0.005938731008056766,1.2456248587951122,0.003712918389511131,0.7213821504078258,0.0,0.0018979840915947393,3.128967747599443
0.3,0.1,Climate,20260836,60,0,0.019482281578758063,799.1875719621048,1.4936465831766856,271.6259367049888,300,0.00805859408308051,1.6321637703389376,0.004978821943922285,0.9054197890166293,0.0,0.001869431479715729,4.310719152063237
0.3,0.1,Climate,20260837,60,0,0.008270138189034638,368.73141782428246,1.1337157607019084,214.7607748646519,300,0.005250440676436801,1.1086499565151038,0.003779052535673028,0.7158692495488397,0.0,0.0018066885618901278,2.9061127563368623
0.3,0.1,Traffic,20260808,60,0,0.016456018877551444,864712.3022996716,1.2106376078244119,6064.139031644947,360,0.00676100314663098,49.00998487552396,0.0033628822439566997,16.844830643458184,0.0,0.00032956045147954094,20.515213874352582
0.3,0.1,Traffic,20260809,60,0,0.004295286503788739,221143.43704838096,0.6159407224230145,3023.957432126989,360,0.0034541788314175577,24.78482045798177,0.0017109464511750401,8.399881755908302,0.0,0.0003691014049071063,9.358346474695454
0.3,0.1,Traffic,20260810,60,0,0.03517617876071869,1788464.4298338403,1.5442637113036888,7701.726233572655,360,0.009884918192310093,70.48373393584114,0.004289621420288024,21.393683982146264,0.0,0.0003327740852923344,29.704591280376956
0.3,0.1,Traffic,20260811,60,0,0.02947002802872531,1553864.2759587825,1.0490515585857183,5210.905946101382,360,0.009047717334702794,65.69847529007856,0.002914032107182551,14.474738739170506,0.0,0.00037485935810988805,24.136298424889535
0.3,0.1,Traffic,20260812,60,0,0.0019391837827767808,102581.42642035743,0.4281936606186327,2130.0149390010415,360,0.0023209096533093206,16.880414885991847,0.0011894268350517575,5.916708163891782,0.0,0.00033455676078171894,6.937267230488266
0.3,0.1,Traffic,20260813,60,0,0.004402515378880684,235603.40839117477,0.7123742323979653,3536.8598577613666,360,0.0034970286509806692,25.582296851489073,0.00197881731221657,9.824610716003797,0.0,0.00037750158129928413,9.263613251485209
0.3,0.1,Traffic,20260814,60,0,0.015009766336205203,788160.3363167088,0.8787841518845956,4389.888028110117,360,0.006457073282714684,46.79032237061862,0.002441067088568321,12.194133411416992,0.0,0.0003294825968079903,19.597615610871294
0.3,0.1,Traffic,20260815,60,0,0.006490853082398771,329891.41871582443,0.8145495533311896,4087.761217883161,360,0.004246192111893632,30.271522128700454,0.002262637648142193,11.35489227189767,0.0,0.0003301713228298871,12.860572128129313
0.3,0.1,Traffic,20260816,60,0,0.004737222054355114,255531.48312669966,0.6800039027798965,3416.4349450572126,360,0.003627526726433098,26.642253571196704,0.001888899729944157,9.490097069603369,0.0,0.00029881656245983975,12.139644123376291
0.3,0.1,Traffic,20260817,60,0,0.011658556783550275,613651.4958722678,1.1393381302490622,5719.6160050396065,360,0.005690771472683324,41.28665024598238,0.0031648281395807282,15.88782223622113,0.0,0.0002986462920444579,19.05522226218087
0.3,0.1,Traffic,20260818,60,0,0.02933382181953593,1559530.8713619732,1.0124354415177694,5100.946151702336,360,0.009026784498790243,65.81816009451877,0.002812320670882693,14.16929486583982,0.0,0.0003540227409127353,25.497753267254932
0.3,0.1,Traffic,20260819,60,0,0.040992840422435395,2067757.8375850592,1.235351257945063,6098.02344570974,360,0.010670941906571868,75.78767558824858,0.0034315312720696193,16.93895401586039,0.0,0.0003939781861089015,27.08510847253421
0.3,0.1,Traffic,20260820,60,0,0.004161868836135532,212758.5327158676,0.6414385365255397,3180.6821620230294,360,0.0034001098169093224,24.310407734358208,0.0017817737125709436,8.835228227841748,0.0,0.00037047769337393956,9.177637082396323
0.3,0.1,Traffic,20260821,60,0,0.004455026289874579,232180.32092392817,0.6530306582706585,3282.522988276589,360,0.0035178221995190986,25.395773977175818,0.0018139740507518293,9.118119411879414,0.0,0.0003547120445352232,9.917402731921543
0.3,0.1,Traffic,20260822,60,0,0.0042492939664302365,224948.39841641218,0.52796118130928,2677.0347040643837,360,0.0034356359456722274,24.99713308097174,0.0014665588369702223,7.436207511289955,0.0,0.0003538298912464496,9.70985219357637
0.3,0.1,Traffic,20260823,60,0,0.004837554474998139,249917.15319335612,0.6252542692033849,3090.163775263784,360,0.0036657402143958967,26.34794706283564,0.001736817414453847,8.583788264621623,0.0,0.0003996658839812993,9.172011826176837
0.3,0.1,Traffic,20260824,60,0,0.007070431439241295,371425.71127387026,0.7647952578043595,3815.659686188069,360,0.004431713814228737,32.12068004995943,0.0021244312716787767,10.599054683855748,0.0,0.0003217538664496901,13.773614791733005
0.3,0.1,Traffic,20260825,60,0,0.00463534306121552,245930.16076131264,0.6918469571007261,3458.319022687514,360,0.003588307811186338,26.13693431617585,0.0019217971030575725,9.606441729687539,0.0,0.0003309764446534943,10.841580629530926
0.3,0.1,Traffic,20260826,60,0,0.007605716304262247,392521.6681403385,0.8664601720689955,4295.217468869035,360,0.004596410527146351,33.02026600523527,0.002406833811302765,11.931159635747319,0.0,0.00030525121400473845,15.057796058675137
0.3,0.1,Traffic,20260827,60,0,0.017096345346539598,924622.5304194044,1.2041308649515952,6073.194567419284,360,0.006891287846609821,50.67934409433175,0.0033448079581988753,16.86998490949801,0.0,0.00033092331685010643,20.824425163522907
0.3,0.1,Traffic,20260828,60,0,0.052709344417711794,2675558.6384969363,1.0902965740802313,5462.804499171787,360,0.012100200229944751,86.20967074034186,0.003028601594667309,15.174456942143852,0.0,0.0003397693260414941,35.612985936426234
0.3,0.1,Traffic,20260829,60,0,0.0055462807565523865,295533.5682533175,0.6793345204730955,3410.8620951473754,360,0.003925090500213688,28.651816320810056,0.0018870403346474874,9.474616930964931,0.0,0.00033901484300954304,11.577931117615401
0.3,0.1,Traffic,20260830,60,0,0.009330754768957361,488920.6267660996,0.9435748367471893,4698.873079931089,360,0.0050910473624887626,36.85258270634576,0.002621041213186637,13.052425222030802,0.0,0.0003363788326820408,15.13486244629736
0.3,0.1,Traffic,20260831,60,0,0.008044335045993162,423783.762407792,0.936798072937128,4690.73460688772,360,0.004727089498598348,34.31001483239875,0.0026022168692698,13.029818352465888,0.0,0.00033603182887590117,14.067386159256046
0.3,0.1,Traffic,20260832,60,0,0.05432882319088995,2781658.5842850427,1.3542147294437827,6732.384970558933,360,0.012284681426576436,87.90238563765938,0.0037617075817882855,18.701069362663702,0.0,0.0003656389757945041,33.59784443078807
0.3,0.1,Traffic,20260833,60,0,0.016689556876275533,892074.6475086684,1.2501267222506802,6332.369504338729,360,0.006808809015670544,49.77936451953282,0.0034725742284741116,17.5899152898298,0.0,0.00037381800722444277,18.214234959479867
0.3,0.1,Traffic,20260834,60,0,0.05045890802042494,2599934.174131315,1.1411512147584864,5661.624208413894,360,0.01183907231965703,84.98258276015731,0.0031698644854402398,15.726733912260816,0.0,0.0003404556982498276,34.77419347221346
0.3,0.1,Traffic,20260835,60,0,0.009395222755199953,493549.43442842015,0.7850625512253587,3896.362927483056,360,0.005108604602694021,37.026620844873975,0.0021807293089593296,10.8232303541196,0.0,0.0004052170665273939,12.607081548843558
0.3,0.1,Traffic,20260836,60,0,0.006317119913989492,332314.68537659216,0.7376796987454526,3684.0370756152515,360,0.004188980223949199,30.382500691488705,0.0020491102742929237,10.233436321153476,0.0,0.00037770868420849377,11.090505458531892
0.3,0.1,Traffic,20260837,60,0,0.0034569985459756646,185254.07812817144,0.6059197412009483,3050.196484627643,360,0.0030988342548160415,22.684679002955782,0.0016831103922248564,8.472768012854564,0.0,0.0003670454648045163,8.442644173430779
0.3,0.1,Water,20260808,60,0,0.008378490538663873,49387.65094120126,1.1533182296153766,1309.0223680019176,540,0.003939000281765402,9.563399649396464,0.0021357744992877344,2.4241154962998475,0.0,0.001177029519005285,3.3465603182953947
0.3,0.1,Water,20260809,60,0,0.014097809396245399,90766.50142592618,1.1759668953664653,1337.0884223572077,540,0.005109506281187203,12.96480288132894,0.0021777164729008614,2.476089671031866,0.0,0.0010995676047372161,4.646832317698479
0.3,0.1,Water,20260810,60,0,0.01760974038601623,70325.61837490289,1.3455804610969195,1385.3469383109336,540,0.005710571805386437,11.411951043541613,0.002491815668697999,2.5654572931683957,0.0,0.0012071533058403306,4.730610252863583
0.3,0.1,Water,20260811,60,0,0.0065818409559848965,58919.32664772396,1.1034203418709527,1442.212686334076,540,0.003491216745338936,10.445566722895018,0.002043371003464727,2.6707642339519926,0.0,0.0011960714995495336,2.9189030477306783
0.3,0.1,Water,20260812,60,0,0.012959992216888773,69260.47097728653,1.2387417536895304,1267.9151304605834,540,0.004898978014528241,11.32519895805012,0.0022939662105361676,2.3479909823344136,0.0,0.0011840133398359767,4.137603732747558
0.3,0.1,Water,20260813,60,0,0.005548666323641659,59640.88855810825,1.0120421357096399,1385.15204308218,540,0.0032055121286221665,10.509333467086421,0.0018741521031659996,2.565096376078111,0.0,0.0010759025284180737,2.979370383426193
0.3,0.1,Water,20260814,60,0,0.005351643917156591,31713.879460547287,0.9001836764745367,1093.3039724797948,540,0.003148086990290791,7.663511362842812,0.001667006808286179,2.024636986073694,0.0,0.0010993524648603944,2.8635829644413113
0.3,0.1,Water,20260815,60,0,0.010928988934899025,56000.646614322475,1.19265977986461,1341.1038472813195,540,0.0044987629853062,10.183560337015448,0.0022086292219715,2.4835256431135546,0.0,0.0011059224528908735,4.067882855209663
0.3,0.1,Water,20260816,60,0,0.011759654847010598,56135.107424960814,1.0846292875305497,1233.2191786477326,540,0.004666598183428179,10.19577866760633,0.002008572754686203,2.2837392197180235,0.0,0.0011946853495692646,3.9061315894688824
0.3,0.1,Water,20260817,60,0,0.004490452880330376,49282.23764139581,0.8954732453136707,1242.0064106208865,540,0.002883687479962641,9.55318810866937,0.0016582837876179086,2.30001187152016,0.0,0.0011258332015078823,2.5613807410372873
0.3,0.1,Water,20260818,60,0,0.011378632656451637,54892.20545467482,1.240175912204319,1205.117744058694,540,0.004590374925470895,10.082273172428522,0.0022966220596376276,2.2316995260346184,0.0,0.001113062372205603,4.124094965473299
0.3,0.1,Water,20260819,60,0,0.008241363484972251,50740.01160375909,1.05947640648609,1207.1969202995172,540,0.00390663336281127,9.693450595706656,0.001961993345344611,2.235549852406513,0.0,0.0011863468172711564,3.292994346962836
0.3,0.1,Water,20260820,60,0,0.005810367935926234,43826.40758652044,1.1022548149760132,1215.217008596167,540,0.00328023484252052,9.008885283380621,0.0020412126203259505,2.25040186777068,0.0,0.0011325631530486918,2.8962930973788215
0.3,0.1,Water,20260821,60,0,0.004343657367497169,32160.337335789005,0.9266089495403405,1116.572689631074,540,0.0028361611272650876,7.7172650758841455,0.0017159424991487785,2.067727203020507,0.0,0.0012472311210593686,2.2739659710031286
0.3,0.1,Water,20260822,60,0,0.00820269615331108,73559.77257308719,1.019596779460054,1407.5358136898737,540,0.003897457897359147,11.67140955760154,0.0018881421841852853,2.606547803129396,0.0,0.001143490798501884,3.408385885103146
0.3,0.1,Water,20260823,60,0,0.0046463837360616045,46397.81896098758,0.9354625932517286,1285.5570978515616,540,0.0029333281995099028,9.269405966122738,0.0017323381356513492,2.380661292317707,0.0,0.0010980762386373366,2.6713338257369377
0.3,0.1,Water,20260824,60,0,0.008459611947637212,49848.74676142361,1.205653384976948,1266.8922864975,540,0.003958023250459758,9.607939113183239,0.0022326914536610148,2.346096826847222,0.0,0.0011546195722259857,3.4279890499596357
0.3,0.1,Water,20260825,60,0,0.008370647026953476,67941.12615974435,1.2259052754648578,1514.5426355444408,540,0.003937156105371235,11.21681328612645,0.0022701949545645517,2.804708584341557,0.0,0.0011181509799473082,3.521131024324434
0.3,0.1,Water,20260826,60,0,0.023490088959118534,118691.3061634174,1.5181156417278323,1451.28927548433,540,0.006595465467964213,14.825610109450459,0.0028113252624589486,2.687572732378389,0.0,0.0012258655136381696,5.380252070547236
0.3,0.1,Water,20260827,60,0,0.008470379090279865,64699.37325672037,1.1666217772647782,1421.990799292899,540,0.003960541276671912,10.945942361400949,0.002160410698638478,2.6333162949868503,0.0,0.0011313146122564892,3.5008310100161477
0.3,0.1,Water,20260828,60,0,0.010423212185348363,60005.69969024907,1.2087297896301181,1306.7559267609374,540,0.004393432005583124,10.541426188758987,0.0022383884993150338,2.419918382890625,0.0,0.001155310651642733,3.8028144199450735
0.3,0.1,Water,20260829,60,0,0.0016772091862236574,22177.373851395445,0.6902175400109356,930.326367438305,540,0.00176236855891474,6.408526416885358,0.0012781806296498807,1.7228266063672315,0.0,0.0011846870488731248,1.4876237235741763
0.3,0.1,Water,20260830,60,0,0.00725659363271632,55196.77861246897,1.0959893796665519,1421.4409332570378,540,0.0036658063719844877,10.110205571092871,0.0020296099623454663,2.63229802455007,0.0,0.0011631064931538078,3.151737518070691
0.3,0.1,Water,20260831,60,0,0.006618102978396348,34720.49894933082,1.0981249846925683,1170.6540444629052,540,0.0035008207975115685,8.018554749862256,0.002033564786467719,2.167877860116491,0.0,0.0011244801642571701,3.113279281208313
0.3,0.1,Water,20260832,60,0,0.008192453349988218,37907.21482719733,1.2315788447374771,1126.4272917096653,540,0.003895023736434168,8.378457255144967,0.0022807015643286615,2.0859764661290097,0.0,0.0012003012912170392,3.2450383623971857
0.3,0.1,Water,20260833,60,0,0.008480587559062098,56420.0993359942,1.101430151072182,1151.731629559009,540,0.003962927172689516,10.221627338003783,0.0020396854649484854,2.132836351035202,0.0,0.0011212301128358817,3.5344458976991313
0.3,0.1,Water,20260834,60,0,0.006279430491461821,31082.4250039946,1.1156922429206284,1116.14082485355,540,0.0034100696450642407,7.586833746939082,0.002066096746149312,2.0669274534324997,0.0,0.0010137016772545668,3.363977510918021
0.3,0.1,Water,20260835,60,0,0.008887397264090574,55619.75533733578,1.150720983374612,1317.197974932153,540,0.004056863700156712,10.148869243467086,0.002130964784027059,2.4392555091336168,0.0,0.001089748645947522,3.7227517696333754
0.3,0.1,Water,20260836,60,0,0.005832829500109818,51452.535952776,0.9663841990470012,1390.8429669664547,540,0.0032865690486150565,9.761274198926195,0.0017896003686055579,2.5756351240119533,0.0,0.001108661492135297,2.964447734434322
0.3,0.1,Water,20260837,60,0,0.009176464354951754,55140.37363552402,1.1468103430136023,1237.2155695358936,540,0.004122311549260914,10.105038497143303,0.002123722857432597,2.291139943584988,0.0,0.0011893172176197808,3.466116094334386
0.3,0.25,Climate,20260808,60,0,0.06003326185697875,2381.0916307324,2.2903769290593465,410.71417682843156,300,0.014146055028049193,2.817263229171412,0.007634589763531155,1.369047256094772,0.0,0.0019112351110496621,7.4015252996687
0.3,0.25,Climate,20260809,60,0,0.03402137074562356,1352.9131585430007,1.8917514472822172,344.12789790224997,300,0.010649158142880522,2.1236079036575157,0.006305838157607391,1.1470929930075,0.0,0.0020096781502706436,5.2989371165957095
0.3,0.25,Climate,20260810,60,0,0.05597989407556989,2250.1252719917966,2.3594868656042247,427.1317953728939,300,0.01366014812945183,2.738689024571061,0.007864956218680748,1.4237726512429798,0.0,0.0021192120578191745,6.4458618376818455
0.3,0.25,Climate,20260811,60,0,0.141123661446394,5497.778383578224,2.8058226180299166,497.0685200783434,300,0.021688988100446577,4.280879342525405,0.009352742060099723,1.6568950669278113,0.0,0.00204771476015492,10.591801418087007
0.3,0.25,Climate,20260812,60,0,0.044292982038783756,1797.9656949599043,1.9508808413460725,360.8023427272155,300,0.012150854844932208,2.4481051822173985,0.006502936137820242,1.202674475757385,0.0,0.001965768494444359,6.181223719513701
0.3,0.25,Climate,20260813,60,0,0.04991524156981556,2034.6163511933933,2.115584732932415,386.5643674875619,300,0.012898997579891698,2.604237797125673,0.007051949109774716,1.2885478916252064,0.0,0.0020706926571289726,6.229315362414156
0.3,0.25,Climate,20260814,60,0,0.22195313597769623,8555.539895926608,3.040756484552228,538.2715037038507,300,0.027200069606387423,5.340268375255626,0.010135854948507427,1.7942383456795024,0.0,0.0020076886952855116,13.547951766755018
0.3,0.25,Climate,20260815,60,0,0.05721054400188733,2240.929702344032,2.1041618162307367,372.7303832582964,300,0.0138094827325148,2.733087205794961,0.007013872720769122,1.242434610860988,0.0,0.0017075389275458645,8.087360416644954
0.3,0.25,Climate,20260816,60,0,0.09079209330318085,3451.518248574778,2.7855371061101524,488.4440976689867,300,0.01739656032124175,3.391911087953603,0.00928512368703384,1.6281469922299556,0.0,0.0018821492578466937,9.242922817473357
0.3,0.25,Climate,20260817,60,0,0.04877273833908741,1938.6981911347593,2.247829467495014,402.3081642653693,300,0.012750521340856016,2.5421107969131738,0.007492764891650047,1.3410272142178978,0.0,0.0019305412780958812,6.604635438529461
0.3,0.25,Climate,20260818,60,0,0.10480373767884706,4070.2337554085843,2.9517878033951814,526.6297348202379,300,0.018690794318669914,3.683401396991909,0.009839292677983938,1.755432449400793,0.0,0.002008796281276158,9.30447477072983
0.3,0.25,Climate,20260819,60,0,0.13851640598296663,5417.941339106177,2.45975587703356,438.2135277936911,300,0.021487702373137883,4.24968286624864,0.008199186256778533,1.4607117593123038,0.0,0.0019169204949070432,11.209490654530187
0.3,0.25,Climate,20260820,60,0,0.07017495838416901,2746.087157915067,2.4307821182560643,437.5807965893492,300,0.015294329928023327,3.025495638687468,0.008102607060853547,1.4586026552978306,0.0,0.0019648719375540695,7.783881298168551
0.3,0.25,Climate,20260821,60,0,0.15712344112954824,6174.845034063624,3.3667525194103454,601.7709301177873,300,0.022885471456038673,4.536828934422377,0.011222508398034485,2.0059031003926244,0.0,0.0021593348799337398,10.598389193222742
0.3,0.25,Climate,20260822,60,0,0.029228661916600084,1182.750419131672,1.6622016049954578,306.64103708732137,300,0.009870606519121994,1.9855733169806582,0.005540672016651526,1.0221367902910712,0.0,0.0019865499826261595,4.968717930808541
0.3,0.25,Climate,20260823,60,0,0.02270462387456062,860.5927422662372,1.3230286610086912,239.41771088889243,300,0.008699544791646786,1.6937067261544398,0.004410095536695638,0.7980590362963081,0.0,0.0019267314811630264,4.515182772845705
0.3,0.25,Climate,20260824,60,0,0.11744708525113669,4622.261990646707,2.532829516767641,453.7999451767786,300,0.01978611341750713,3.9252439374925934,0.008442765055892138,1.5126664839225952,0.0,0.0018990275101834358,10.419076770296972
0.3,0.25,Climate,20260825,60,0,0.1378090742318428,5454.592482592566,2.7848911996932255,497.56189993229407,300,0.02143276885455562,4.264032708830365,0.009282970665644085,1.6585396664409802,0.0,0.0019442458044874457,11.023692994521266
0.3,0.25,Climate,20260826,60,0,0.13013448634721428,5074.404839837695,2.553993389741645,453.79341012367945,300,0.020827424736567433,4.112746381611561,0.008513311299138817,1.5126447004122647,0.0,0.0019527758397547238,10.665548145650675
0.3,0.25,Climate,20260827,60,0,0.04688210834784551,1828.1252050186565,2.134717755157343,378.4074191814463,300,0.012500947743784003,2.468552345686743,0.007115725850524477,1.2613580639381543,0.0,0.00202844086959576,6.162835669089663
0.3,0.25,Climate,20260828,60,0,0.07769324509174949,3083.0378481765542,2.399946308639527,434.91789674459926,300,0.016092777374933295,3.205743724513109,0.007999821028798424,1.4497263224819976,0.0,0.0020788312005199845,7.741262191421775
0.3,0.25,Climate,20260829,60,0,0.09806005690039245,3800.537819285707,2.686431960087611,476.18723731600153,300,0.018079459514450134,3.5592779320557453,0.008954773200292037,1.5872907910533385,0.0,0.0020237615841009245,8.933591613007176
0.3,0.25,Climate,20260830,60,0,0.08086711191355764,3165.7155745705086,2.2715499455315107,408.59358355589416,300,0.016418192339958098,3.248443511678841,0.007571833151771702,1.3619786118529804,0.0,0.0020331709408776986,8.075165747190217
0.3,0.25,Climate,20260831,60,0,0.04197048322194446,1706.3424305909389,1.9720902918366197,361.0244333119272,300,0.011828001130360737,2.3849125983921917,0.006573634306122065,1.2034147777064241,0.0,0.001960268236521681,6.033868686944833
0.3,0.25,Climate,20260832,60,0,0.05104589354133764,2106.454487511939,2.148556135428565,392.923317949542,300,0.013044269947801812,2.649814136571305,0.007161853784761883,1.30974439316514,0.0,0.0019778292920643106,6.595245605947708
0.3,0.25,Climate,20260833,60,0,0.11688724246633773,4578.871122144412,3.0055338853699207,530.9231907727149,300,0.01973889919814322,3.906776643280413,0.010018446284566402,1.7697439692423829,0.0,0.0019347915235803522,10.202080667386934
0.3,0.25,Climate,20260834,60,0,0.023339058767292892,933.776600847475,1.562951297688183,288.2715839682712,300,0.008820252975830284,1.7642530060882944,0.00520983765896061,0.9609052798942374,0.0,0.0018158898904734467,4.857262008067366
0.3,0.25,Climate,20260835,60,0,0.02933120704702253,1205.0931070945799,1.6430170583972852,307.2357137501772,300,0.009887906257481498,2.0042397620166605,0.005476723527990951,1.024119045833924,0.0,0.0018979840915947393,5.20968869089593
0.3,0.25,Climate,20260836,60,0,0.07041676612213481,2779.8267493308085,2.3221474232224346,414.62011682585626,300,0.015320657745033318,3.0440251583119395,0.007740491410741449,1.3820670560861876,0.0,0.001869431479715729,8.195356669270927
0.3,0.25,Climate,20260837,60,0,0.018521417376719706,768.7653403649724,1.4697640079650205,270.59756102659503,300,0.007857356929807824,1.6007970310285773,0.004899213359883401,0.9019918700886501,0.0,0.0018066885618901278,4.3490378450105345
0.3,0.25,Traffic,20260808,60,0,0.30479554526296876,15676303.836925201,3.6234777553373028,18092.900235524583,360,0.029097324488638734,208.67507861722092,0.010065215987048064,50.25805620979051,0.0,0.00032956045147954094,88.2913115272422
0.3,0.25,Traffic,20260809,60,0,0.02815616123316107,1462823.7971504547,1.5063484985486282,7478.263452760944,360,0.008843729924698231,63.744799290052214,0.0041843013848573,20.772954035447068,0.0,0.0003691014049071063,23.9601632698309
0.3,0.25,Traffic,20260810,60,0,0.4556113287047442,23841311.367240638,4.725154679431472,23665.65285837879,360,0.03557508993916734,257.3438651085387,0.013125429665087422,65.73792460660775,0.0,0.0003327740852923344,106.90462842957089
0.3,0.25,Traffic,20260811,60,0,0.2632001849501624,13941933.240895683,2.6445938320484466,13213.379657827658,360,0.027039075887714103,196.79327309596061,0.0073460939779123515,36.70383238285461,0.0,0.00037485935810988805,72.13125483661459
0.3,0.25,Traffic,20260812,60,0,0.1051380915998005,5731511.257361557,1.7873558749516223,9017.346114471238,360,0.01708947788681358,126.17790854100453,0.004964877430421173,25.048183651308996,0.0,0.00033455676078171894,51.08095214361423
0.3,0.25,Traffic,20260813,60,0,0.03061168185255825,1635904.2858484816,1.742952479354412,8702.348178738688,360,0.009221304115494705,67.41052270826371,0.004841534664873367,24.173189385385246,0.0,0.00037750158129928413,24.427193347791658
0.3,0.25,Traffic,20260814,60,0,0.12796251408177492,6705965.284207859,2.438625530368209,12191.902170293251,360,0.018853419530815367,136.48326397409255,0.006773959806578358,33.86639491748125,0.0,0.0003294825968079903,57.221290937567815
0.3,0.25,Traffic,20260815,60,0,0.0577942314252998,3018708.6657794206,2.310816244585066,11590.17612312913,360,0.012670419556468675,91.5712938064505,0.006418934012736294,32.19493367535869,0.0,0.0003301713228298871,38.375287859257256
0.3,0.25,Traffic,20260816,60,0,0.04413181233691666,2328069.262735098,1.8009826996083973,9006.966061777654,360,0.011071963132279039,80.4167834668426,0.005002729721134437,25.019350171604593,0.0,0.00029881656245983975,37.05270899690202
0.3,0.25,Traffic,20260817,60,0,0.07594291338097522,3995913.7132705525,2.468903759521739,12391.24304466962,360,0.01452420521644388,105.35540002600922,0.006858065998671497,34.42011956852672,0.0,0.0002986462920444579,48.633469101574306
0.3,0.25,Traffic,20260818,60,0,0.3181261000375856,16795389.493982904,2.975648846517986,14921.626495411709,360,0.029726816365287345,215.99504555778142,0.008265691240327739,41.44896248725475,0.0,0.0003540227409127353,83.96866339333508
0.3,0.25,Traffic,20260819,60,0,0.40418039533460554,20276548.212266736,3.3762905500340272,16727.647788188006,360,0.03350706373847019,237.32624177295327,0.009378584861205632,46.46568830052224,0.0,0.0003939781861089015,85.04801768189351
0.3,0.25,Traffic,20260820,60,0,0.03311335547380968,1734970.889499334,1.649579215413862,8238.688980101182,360,0.009590700859833169,69.42163626667549,0.004582164487260728,22.885247166947728,0.0,0.00037047769337393956,25.887390877681938
0.3,0.25,Traffic,20260821,60,0,0.02682414988699582,1401439.7173032295,1.5404927544742417,7714.327019922779,360,0.00863200599303993,62.39301325965979,0.004279146540206227,21.428686166452163,0.0,0.0003547120445352232,24.335249185999277
0.3,0.25,Traffic,20260822,60,0,0.029962915783470018,1580467.2777954936,1.3410067849840164,6750.083399720018,360,0.009123065363174268,66.25848536425549,0.003725018847177823,18.75023166588894,0.0,0.0003538298912464496,25.78376103566635
0.3,0.25,Traffic,20260823,60,0,0.01905553845169808,969624.9059911363,1.299359673745565,6430.972382252845,360,0.00727544165358481,51.89800108522529,0.0036093324270710142,17.86381217292457,0.0,0.0003996658839812993,18.203809594929634
0.3,0.25,Traffic,20260824,60,0,0.043169271403251365,2257775.1673738915,1.7921990151259979,8932.105289549232,360,0.01095055445111385,79.19341946872669,0.004978330597572216,24.8114035820812,0.0,0.0003217538664496901,34.03394828458447
0.3,0.25,Traffic,20260825,60,0,0.031330169594472164,1652113.7081330752,1.78657863635066,8920.63213317464,360,0.009328893228756227,67.74366940765829,0.004962718434307388,24.77953370326289,0.0,0.0003309764446534943,28.18597329040388
0.3,0.25,Traffic,20260826,60,0,0.04918493546368181,2566360.144646815,2.1735811397822737,10861.732886084183,360,0.011688662059125906,84.43209211890041,0.006037725388284094,30.17148023912273,0.0,0.00030525121400473845,38.29194290753734
0.3,0.25,Traffic,20260827,60,0,0.3454151493542302,17976142.2519697,3.834706397041242,19175.64467403986,360,0.03097557951005877,223.45856098546238,0.01065196221400345,53.26567965011073,0.0,0.00033092331685010643,93.60349643808668
0.3,0.25,Traffic,20260828,60,0,0.3905461262771664,20105957.25943685,2.8174537700220323,14081.756952884802,360,0.032937066517373804,236.32579477537672,0.007826260472283424,39.11599153579112,0.0,0.0003397693260414941,96.9394939240377
0.3,0.25,Traffic,20260829,60,0,0.034834320031110345,1835520.0713680163,1.6139798678982795,8114.296014198846,360,0.009836767766213535,71.40494986281523,0.004483277410828554,22.53971115055235,0.0,0.00033901484300954304,29.015743614319085
0.3,0.25,Traffic,20260830,60,0,0.06310855434990874,3256619.249679253,2.3607863489959477,11774.997863682976,360,0.01324014878545017,95.1113273088036,0.006557739858322077,32.708327399119376,0.0,0.0003363788326820408,39.36082624427592
0.3,0.25,Traffic,20260831,60,0,0.1412008832834539,7501663.956098745,2.8986121925956834,14535.402619445029,360,0.019804662980908612,144.3535778344535,0.008051700534988009,40.376118387347304,0.0,0.00033603182887590117,58.93686632947681
0.3,0.25,Traffic,20260832,60,0,0.4099506187735586,21155770.579207983,3.695185398199721,18422.361613521032,360,0.03374539552021046,242.41705671567098,0.010264403883888114,51.17322670422509,0.0,0.0003656389757945041,92.2915710692068
0.3,0.25,Traffic,20260833,60,0,0.12403138194957312,6579890.660300931,3.2887882178598877,16555.9065023663,360,0.0185615628794181,135.19420866439316,0.009135522827388578,45.988629173239715,0.0,0.00037381800722444277,49.65400949311042
0.3,0.25,Traffic,20260834,60,0,0.3827343330858166,19839813.440287758,3.079822052141708,15331.008943622686,360,0.0326059952345942,234.7564544153967,0.008555061255949188,42.58613595450746,0.0,0.0003404556982498276,95.77162433236116
0.3,0.25,Traffic,20260835,60,0,0.13276098743063605,7062168.721088153,2.2743321044901426,11385.645170619242,360,0.019203659043022393,140.06118426015104,0.006317589179139285,31.626792140609005,0.0,0.0004052170665273939,47.39104205948879
0.3,0.25,Traffic,20260836,60,0,0.049544771756764756,2596022.3356818636,1.8508060820347731,9254.546511219589,360,0.01173134118466483,84.91862666501292,0.005141128005652148,25.707073642276637,0.0,0.00037770868420849377,31.059230764705354
0.3,0.25,Traffic,20260837,60,0,0.021864038988478888,1156545.0812427253,1.4437314914294817,7257.723810322417,360,0.007793166342037335,56.68002492654919,0.004010365253970782,20.16034391756227,0.0,0.0003670454648045163,21.232155384859134
0.3,0.25,Water,20260808,60,0,0.2503702847779647,968826.6768223459,2.744416906818556,2491.6754802482355,540,0.021532502769412324,42.35709474924994,0.005082253531145474,4.614213852311547,0.0,0.001177029519005285,18.293936066794295
0.3,0.25,Water,20260809,60,0,0.1768210055907584,699760.503781329,2.4754623230306345,2271.3128635102826,540,0.01809547751924642,35.99795528610255,0.004584189487093768,4.206134932426449,0.0,0.0010995676047372161,16.45690309653223
0.3,0.25,Water,20260810,60,0,0.09582264437275224,297373.05128757574,2.6681500926922714,2205.245086196273,540,0.013321011276589427,23.466802843969454,0.004941018690170873,4.083787196659765,0.0,0.0012071533058403306,11.035061754079635
0.3,0.25,Water,20260811,60,0,0.03865507408939623,131546.85944191302,2.0747456623812215,1989.8123251262268,540,0.008460701539229412,15.607860047514581,0.003842121597002262,3.6848376391226423,0.0,0.0011960714995495336,7.0737422824771725
0.3,0.25,Water,20260812,60,0,0.09547177417902075,348856.90340929426,2.520860486880079,2141.0592246110596,540,0.013296600385549737,25.41714583917329,0.004668260160889035,3.9649244900204805,0.0,0.0011840133398359767,11.230110285236936
0.3,0.25,Water,20260813,60,0,0.021149009643818602,117035.49226356565,1.5713738769475356,1779.2028029515227,540,0.006258181259258808,14.721833889861587,0.002909951623976918,3.2948200054657826,0.0,0.0010759025284180737,5.816680502145829
0.3,0.25,Water,20260814,60,0,0.02994215017797122,103064.59802838722,1.4685612897411813,1441.801578734816,540,0.007446370005277891,13.815222282657475,0.0027195579439651505,2.6700029235829925,0.0,0.0010993524648603944,6.773414572025813
0.3,0.25,Water,20260815,60,0,0.09730916271876089,311183.64982270886,2.4390292607332507,2169.67727738931,540,0.013423939555245715,24.0055414058963,0.0045167208532097235,4.017920884054278,0.0,0.0011059224528908735,12.13822860739976
0.3,0.25,Water,20260816,60,0,0.06575915757567513,202057.08233764107,1.8923388057487749,1759.5420898644672,540,0.011035226220278936,19.34372720306877,0.0035043311217569906,3.258411277526791,0.0,0.0011946853495692646,9.23693106662571
0.3,0.25,Water,20260817,60,0,0.013035533554868136,82456.43816064189,1.3747707803436944,1535.2406352948274,540,0.004913234876683539,12.3570671158205,0.002545871815451286,2.8430382135089394,0.0,0.0011258332015078823,4.364087744172945
0.3,0.25,Water,20260818,60,0,0.07591614669963319,255328.29908594952,2.5473989033688116,2091.5510335301583,540,0.011856873822857886,21.744658734790463,0.004717405376608911,3.873242654685478,0.0,0.001113062372205603,10.652479249085337
0.3,0.25,Water,20260819,60,0,0.034754593272032466,126237.90746769098,1.722163181165611,1630.2981074896595,540,0.008022490754819929,15.289666533902768,0.003189191076232613,3.0190705694252955,0.0,0.0011863468172711564,6.762348613429352
0.3,0.25,Water,20260820,60,0,0.023070561824597127,96865.59073536261,1.7550674913489848,1608.6627411218228,540,0.006536303438346695,13.393308910945228,0.0032501249839796014,2.9790050761515237,0.0,0.0011325631530486918,5.771248535458652
0.3,0.25,Water,20260821,60,0,0.014752689245553893,63977.05055887727,1.2193115987738923,1333.3684016492118,540,0.005226834118199455,10.884669014420073,0.0022579844421738745,2.4692007437948367,0.0,0.0012472311210593686,4.190750238624503
0.3,0.25,Water,20260822,60,0,0.04279854731244757,195746.47541632096,1.7813496981821926,1925.933716929978,540,0.008902615856989739,19.039261356291817,0.003298795737374431,3.5665439202407,0.0,0.001143490798501884,7.785472229993699
0.3,0.25,Water,20260823,60,0,0.02259496486546591,89742.89796171787,1.509447516866328,1576.9978216919553,540,0.006468580024135171,12.891491449051154,0.0027952731793820886,2.920366336466584,0.0,0.0010980762386373366,5.890829613217375
0.3,0.25,Water,20260824,60,0,0.040449699990460795,151811.19388947796,2.0723764096544386,1750.2529956178607,540,0.008654874455137213,16.766986626584703,0.003837734091952664,3.2412092511441863,0.0,0.0011546195722259857,7.495866745487018
0.3,0.25,Water,20260825,60,0,0.03227893147114893,165753.02023118318,2.1041914574142444,2163.6244565386655,540,0.007731481036686708,17.51998965368285,0.0038966508470634157,4.006711956553084,0.0,0.0011181509799473082,6.914523329444335
0.3,0.25,Water,20260826,60,0,0.07257237952733883,297722.1582264474,2.448547682708558,2138.295832407889,540,0.01159281223090402,23.48057346082026,0.004534347560571404,3.9598070970516464,0.0,0.0012258655136381696,9.456838537286556
0.3,0.25,Water,20260827,60,0,0.06413358079487821,219569.8450858035,2.2149497068380954,2153.5476919629937,540,0.010897976434223263,20.164593331703205,0.004101758716366843,3.988051281412951,0.0,0.0011313146122564892,9.633020130878057
0.3,0.25,Water,20260828,60,0,0.06818745911905208,258881.90227333448,2.645696866334484,2225.028338301747,540,0.011237129190442239,21.895454554217515,0.004899438641360156,4.120422848706939,0.0,0.001155310651642733,9.726500118789865
0.3,0.25,Water,20260829,60,0,0.005256277146968875,31846.44275231137,0.9753532583938873,1110.9361341814076,540,0.0031199113077875914,7.6795113116500975,0.001806209737766458,2.057289137372977,0.0,0.0011846870488731248,2.633532046083608
0.3,0.25,Water,20260830,60,0,0.044052119894555486,182714.2240321905,1.8955628130002269,1923.3703405840306,540,0.009032054019143839,18.39455555684035,0.0035103015055559755,3.561796927007464,0.0,0.0011631064931538078,7.765457481587157
0.3,0.25,Water,20260831,60,0,0.033016498663671026,118951.00578114307,1.9251995558248147,1713.6725099971932,540,0.007819313537132487,14.841820654335173,0.003565184362638546,3.1734676111059135,0.0,0.0011244801642571701,6.953714067778078
0.3,0.25,Water,20260832,60,0,0.046658140658007725,141402.0606014256,2.3550942386054645,1866.1399777727415,540,0.009295373267464614,16.181955004894117,0.004361285627047157,3.455814773653225,0.0,0.0012003012912170392,7.744200006683005
0.3,0.25,Water,20260833,60,0,0.043621288598217886,175226.2417976591,1.9880397728657238,1740.6131740365315,540,0.008987778594890613,18.013690359447047,0.0036815551349365255,3.2233577296972804,0.0,0.0011212301128358817,8.015998225518748
0.3,0.25,Water,20260834,60,0,0.03878339090392,129022.96811212433,2.1451389072609466,1842.804382738949,540,0.00847473269587416,15.45740671748854,0.003972479457890642,3.4126007087758317,0.0,0.0010137016772545668,8.360184150850463
0.3,0.25,Water,20260835,60,0,0.04061214902200084,149043.26379625584,1.9788255038647822,1835.8492270715958,540,0.00867223635367923,16.613429629884987,0.0036644916738236707,3.3997207908733253,0.0,0.001089748645947522,7.958015259692142
0.3,0.25,Water,20260836,60,0,0.024825968195110844,112322.88912309267,1.5459972079230344,1789.5411691445868,540,0.006780414085889681,14.42239058644403,0.0028629577924500636,3.313965128045531,0.0,0.001108661492135297,6.1158560426145145
0.3,0.25,Water,20260837,60,0,0.041999094824090207,170897.08868612128,1.8689172514652668,1712.2473325914477,540,0.00881907600183222,17.78977487658244,0.003460957873083827,3.170828393687866,0.0,0.0011893172176197808,7.415242856302143
0.3,0.5,Climate,20260808,60,0,0.3476838426914941,13521.408575006659,4.718812570405213,825.7429040503276,300,0.03404329805270019,6.7135208286478765,0.015729375234684043,2.7524763468344253,0.0,0.0019112351110496621,17.81219791112115
0.3,0.5,Climate,20260809,60,0,0.16095078144391925,6288.858226850356,3.7173775914160583,657.2390938706227,300,0.023162525872906525,4.578521678027511,0.012391258638053527,2.1907969795687423,0.0,0.0020096781502706436,11.525490223291339
0.3,0.5,Climate,20260810,60,0,0.2881926508204364,11326.969276409902,4.645494718504506,817.6022356458332,300,0.030994228001378816,6.144637031973465,0.01548498239501502,2.7253407854861105,0.0,0.0021192120578191745,14.625354686436696
0.3,0.5,Climate,20260811,60,0,0.7984192613649527,30890.96633825092,5.877485948415705,1023.9194656758941,300,0.05158873460246118,10.147407934747166,0.01959161982805235,3.413064885586314,0.0,0.00204771476015492,25.19332067448605
0.3,0.5,Climate,20260812,60,0,0.20080224072604963,7971.805571979044,3.713936915912553,662.781365708724,300,0.025871621565339994,5.154870050731652,0.01237978971970851,2.20927121902908,0.0,0.001965768494444359,13.161072444928378
0.3,0.5,Climate,20260813,60,0,0.23687646537626383,9330.347086704867,4.097171686963849,722.443791602984,300,0.028099612415848005,5.576841126989623,0.013657238956546162,2.4081459720099465,0.0,0.0020706926571289726,13.57015118545322
0.3,0.5,Climate,20260814,60,0,0.9533623537622666,36854.81620335824,5.252908851833955,916.4065091864903,300,0.05637263975139792,11.083744283613163,0.01750969617277985,3.0546883639549676,0.0,0.0020076886952855116,28.07837683390513
0.3,0.5,Climate,20260815,60,0,0.19932147920499568,7722.654245586465,3.651877159271375,636.8504676845711,300,0.02577605343498727,5.073675277214885,0.012172923864237916,2.1228348922819036,0.0,0.0017075389275458645,15.095441175114834
0.3,0.5,Climate,20260816,60,0,0.7463369014299208,28805.74163019294,6.406488496966062,1107.6017467662728,300,0.049877747256998985,9.798935593589224,0.02135496165655354,3.6920058225542425,0.0,0.0018821492578466937,26.500420755186283
0.3,0.5,Climate,20260817,60,0,0.22573369570509447,8850.004674316167,4.499210757515022,785.9301704647373,300,0.027430742832637887,5.431391679952192,0.01499736919171674,2.619767234882458,0.0,0.0019305412780958812,14.208835182065206
0.3,0.5,Climate,20260818,60,0,0.6128963411088616,23646.23565589538,5.940492257926181,1036.7015196354844,300,0.04519942260357101,8.878107091021784,0.019801640859753937,3.4556717321182813,0.0,0.002008796281276158,22.50074983952902
0.3,0.5,Climate,20260819,60,0,0.9014170429179105,35034.190747504574,5.375827639663226,937.4645865090607,300,0.054815358033976525,10.806508956412115,0.017919425465544085,3.1248819550302023,0.0,0.0019169204949070432,28.595530268267424
0.3,0.5,Climate,20260820,60,0,0.3411553153889075,13187.273192702994,4.782721896481131,836.7372318572492,300,0.033722164589920556,6.630051078914097,0.015942406321603767,2.7891241061908305,0.0,0.0019648719375540695,17.16252542743264
0.3,0.5,Climate,20260821,60,0,1.0653919445976021,41296.57568066981,7.505794735073944,1307.771000793681,300,0.05959283918384831,11.732657510934995,0.025019315783579812,4.35923666931227,0.0,0.0021593348799337398,27.597775471341873
0.3,0.5,Climate,20260822,60,0,0.10798506304125445,4237.190493426594,2.8374409040731594,505.1297365598128,300,0.018972353837558346,3.7581868382801273,0.009458136346910532,1.6837657885327093,0.0,0.0019865499826261595,9.550403465045196
0.3,0.5,Climate,20260823,60,0,0.09621120808455547,3639.849545935708,2.400348072288736,422.8379968377669,300,0.017908211159926562,3.4832214715383367,0.008001160240962453,1.409459989459223,0.0,0.0019267314811630264,9.294606609695654
0.3,0.5,Climate,20260824,60,0,0.5896802666899694,22942.23052534527,4.836442787295735,846.1463798727139,300,0.04433509771012764,8.74494721259945,0.01612147595765245,2.820487932909046,0.0,0.0018990275101834358,23.346211401563693
0.3,0.5,Climate,20260825,60,0,0.676602229727869,26512.019928453927,5.395360181653154,944.6148822459793,300,0.04749042814883398,9.400712726251829,0.017984533938843847,3.1487162741532644,0.0,0.0019442458044874457,24.426144080765397
0.3,0.5,Climate,20260826,60,0,0.7644078287914365,29660.564745154,5.306286043765133,924.6270142185011,300,0.0504779763458427,9.943266523155925,0.017687620145883775,3.082090047395004,0.0,0.0019527758397547238,25.84934497765137
0.3,0.5,Climate,20260827,60,0,0.21621219648156434,8352.227941591116,4.191889390794818,729.9589647613051,300,0.02684599265449528,5.276434383682196,0.013972964635982726,2.43319654920435,0.0,0.00202844086959576,13.23479183292403
0.3,0.5,Climate,20260828,60,0,0.281142457378357,11067.45837352736,4.10864122626214,730.0029154210287,300,0.03061276734623192,6.073839635005016,0.013695470754207134,2.433343051403429,0.0,0.0020788312005199845,14.725951457037327
0.3,0.5,Climate,20260829,60,0,0.6959963724535096,27069.04934946711,5.958196015603499,1040.0720593720082,300,0.04816625279361438,9.498955968853824,0.019860653385344998,3.4669068645733607,0.0,0.0020237615841009245,23.800359277504864
0.3,0.5,Climate,20260830,60,0,0.6953362013821421,26860.702520540864,4.892800804075788,855.4429349153255,300,0.0481434038881805,9.46232926231536,0.016309336013585963,2.851476449717752,0.0,0.0020331709408776986,23.678975004136888
0.3,0.5,Climate,20260831,60,0,0.183775923916825,7262.601742881578,3.5429562332741846,630.49764750285,300,0.024750483087327475,4.92023093729064,0.011809854110913948,2.1016588250095,0.0,0.001960268236521681,12.626069548137439
0.3,0.5,Climate,20260832,60,0,0.28384651939272626,11170.361922945795,4.232587961774799,744.9370027008616,300,0.030759633688365356,6.102011122830951,0.01410862653924933,2.4831233423362056,0.0,0.0019778292920643106,15.552218693384173
0.3,0.5,Climate,20260833,60,0,0.8013046089958737,30989.0130644999,5.4406984849972195,945.5634630615523,300,0.051681866871462555,10.163498915973754,0.0181356616166574,3.151878210205174,0.0,0.0019347915235803522,26.711853055788
0.3,0.5,Climate,20260834,60,0,0.09130392288353634,3562.2818939461094,2.656512731671492,476.76106134949777,300,0.017445526922732595,3.445906699233217,0.008855042438904974,1.5892035378316591,0.0,0.0018158898904734467,9.607150199059769
0.3,0.5,Climate,20260835,60,0,0.10412710983176951,4100.376416090669,2.8561873182110395,512.4350401626905,300,0.01863036140567054,3.697015199721107,0.009520624394036798,1.7081168005423015,0.0,0.0018979840915947393,9.815868050831126
0.3,0.5,Climate,20260836,60,0,0.3470821662007832,13574.425058602552,4.649005457370251,812.9531401467314,300,0.034013828864193026,6.7266695718368075,0.015496684857900836,2.7098438004891046,0.0,0.001869431479715729,18.19474489076501
0.3,0.5,Climate,20260837,60,0,0.07115398335059415,2829.1573108116177,2.4909581007739465,448.0186675758776,300,0.015400647535151907,3.0709158844507707,0.008303193669246488,1.4933955585862586,0.0,0.0018066885618901278,8.524240347788554
0.3,0.5,Traffic,20260808,60,0,1.217325851728711,62584838.09860883,7.1813588118788605,35847.25923645558,360,0.058150328453469805,416.9493644270676,0.019948218921885724,99.5757201012655,0.0,0.00032956045147954094,176.44813930921492
0.3,0.5,Traffic,20260809,60,0,0.12049090270098807,6297051.108743028,3.0258719091330413,15093.05419609097,360,0.018294724702689273,132.25660148135253,0.00840519974759178,41.92515054469714,0.0,0.0003691014049071063,49.565578617327674
0.3,0.5,Traffic,20260810,60,0,1.8664935022591032,98153855.02518739,9.540759585991589,47830.65662503284,360,0.0720048899238236,522.158594003955,0.026502109961087747,132.86293506953567,0.0,0.0003327740852923344,216.37769617958372
0.3,0.5,Traffic,20260811,60,0,1.3893268428432164,73532712.58810385,6.306970791048587,31607.45036282057,360,0.0621227915512499,451.9485977043796,0.0175193633084683,87.79847323005714,0.0,0.00037485935810988805,165.72293103334752
0.3,0.5,Traffic,20260812,60,0,0.4228807446925437,22705988.426975675,3.554929446263849,17890.318405947408,360,0.0342734406684982,251.1417728593402,0.009874804017399581,49.69532890540947,0.0,0.00033455676078171894,102.44432241756385
0.3,0.5,Traffic,20260813,60,0,0.15290545516070211,8180453.748114841,3.6172716757180807,18100.86258784169,360,0.020609157562753378,150.74310144630942,0.010047976876994668,50.280173855115805,0.0,0.00037750158129928413,54.59356618274505
0.3,0.5,Traffic,20260814,60,0,0.5163215229922634,27005456.744309295,4.904881079207189,24516.71554487254,360,0.03787118235223568,273.8889512614216,0.013624669664464413,68.10198762464594,0.0,0.0003294825968079903,114.941373896921
0.3,0.5,Traffic,20260815,60,0,0.23260646840156207,12228073.047342237,4.630510942690261,23210.761169868012,360,0.025419069198010142,184.30102977452583,0.012862530396361836,64.4743365829667,0.0,0.0003301713228298871,76.9875135736931
0.3,0.5,Traffic,20260816,60,0,0.17592896094482668,9221680.962209972,3.562932688613173,17814.436327669508,360,0.022106369176779665,160.04930631084676,0.009897035246147703,49.48454535463752,0.0,0.00029881656245983975,73.97973189572016
0.3,0.5,Traffic,20260817,60,0,0.30678285879134504,16114642.598724948,4.92655830804272,24690.308204539346,360,0.02919202986696431,211.57243702233356,0.013684884189007556,68.58418945705374,0.0,0.0002986462920444579,97.74783965045394
0.3,0.5,Traffic,20260818,60,0,1.2719331144083583,66942829.44580648,5.872639247841842,29411.37443547242,360,0.05944028549749082,431.22187330436884,0.01631288679956067,81.69826232075671,0.0,0.0003540227409127353,167.89962516035808
0.3,0.5,Traffic,20260819,60,0,1.6123413630363772,81100671.33738062,6.746702967746661,33472.89397887278,360,0.06692328450124352,474.63632667952743,0.018740841577074056,92.9802610524244,0.0,0.0003939781861089015,169.86545666958554
0.3,0.5,Traffic,20260820,60,0,1.1634839439610807,60381971.89930527,5.383819433970166,26880.002383842166,360,0.05684980074139517,409.54572360151974,0.014955053983250461,74.66667328845045,0.0,0.00037047769337393956,153.44999647256535
0.3,0.5,Traffic,20260821,60,0,0.10859929122993502,5682847.988446544,3.0355572041678833,15194.825522655776,360,0.01736849728275105,125.64111133222261,0.008432103344910787,42.207848674043824,0.0,0.0003547120445352232,48.96506208439827
0.3,0.5,Traffic,20260822,60,0,0.11952438553002126,6279190.141907999,2.632224075096108,13201.053433167444,360,0.01822120144303983,132.06890186048088,0.007311733541933633,36.669592869909565,0.0,0.0003538298912464496,51.49706651083472
0.3,0.5,Traffic,20260823,60,0,0.07499293517598747,3850530.221917247,2.5325815524163837,12584.232603285329,360,0.014433076900723124,103.42106788804428,0.007034948756712177,34.95620167579258,0.0,0.0003996658839812993,36.11285696178776
0.3,0.5,Traffic,20260824,60,0,0.19226640128236458,10036760.199895417,3.6164834685022402,18055.463987968924,360,0.023110026761028583,166.9727206586571,0.010045787412506222,50.15406663324701,0.0,0.0003217538664496901,71.82517188069937
0.3,0.5,Traffic,20260825,60,0,0.12612773482467346,6648211.383053893,3.5428233145394628,17723.84709049157,360,0.01871776746723354,135.8942744997609,0.00984117587372073,49.232908584698805,0.0,0.0003309764446534943,56.55317098722701
0.3,0.5,Traffic,20260826,60,0,0.20433976714911659,10695190.67078944,4.476385146362597,22402.435024496743,360,0.02382457689662298,172.36259157489803,0.012434403184340548,62.228986179157616,0.0,0.00030525121400473845,78.04908155501438
0.3,0.5,Traffic,20260827,60,0,1.3864202823122018,72243270.88891745,7.762745771579732,38815.1683258238,360,0.06205777510406917,447.96847262861604,0.02156318269883259,107.81991201617721,0.0,0.00033092331685010643,187.52917048809405
0.3,0.5,Traffic,20260828,60,0,1.5627394150942069,80929630.90587595,5.582452293701623,27896.57797074262,360,0.06588583170687103,474.1355610941873,0.015506811926948952,77.49049436317394,0.0,0.0003397693260414941,193.91341906721962
0.3,0.5,Traffic,20260829,60,0,0.13941033157867444,7316733.76367666,3.1790112920408786,15929.363748209242,360,0.019678692056431836,142.56318057148343,0.008830586922335773,44.24823263391456,0.0,0.00033901484300954304,58.04669754792386
0.3,0.5,Traffic,20260830,60,0,0.5899441540484631,30444769.48532603,5.748669057545209,28711.93928943836,360,0.04048127667509673,290.8071596881783,0.015968525159847802,79.75538691510656,0.0,0.0003363788326820408,120.34430452216151
0.3,0.5,Traffic,20260831,60,0,0.5671216472572927,30204910.020477965,5.79295959115949,29058.277234179644,360,0.03969052669149196,289.6593306535473,0.016091554419887473,80.71743676161012,0.0,0.00033603182887590117,118.1153786064413
0.3,0.5,Traffic,20260832,60,0,2.007008381784908,103951007.04753917,8.071736855063007,40283.701584317,360,0.07466607852790888,537.3572343927971,0.022421491264063908,111.89917106754723,0.0,0.0003656389757945041,204.2071099386095
0.3,0.5,Traffic,20260833,60,0,0.520374950172407,27532488.069298096,6.748405712716603,33898.86177913441,360,0.0380195472448204,276.5486096978758,0.018745571424212785,94.16350494204002,0.0,0.00037381800722444277,101.70603478176807
0.3,0.5,Traffic,20260834,60,0,1.5321483920173673,79681830.49566494,6.11121365049381,30481.841096439774,360,0.06523777859188491,470.46617098736624,0.016975593473593918,84.67178082344381,0.0,0.0003404556982498276,191.61899456302592
0.3,0.5,Traffic,20260835,60,0,1.2466045313894734,66140901.75532141,5.655655092176432,28347.141006644906,360,0.05884547871307327,428.63122506195816,0.015710153033823424,78.7420583517914,0.0,0.0004052170665273939,145.21964540477993
0.3,0.5,Traffic,20260836,60,0,0.19800651275431916,10360314.093361566,3.653032131732975,18273.157511806265,360,0.02345246449702504,169.6427135462578,0.010147311477036042,50.758770866128515,0.0,0.00037770868420849377,62.09140927265354
0.3,0.5,Traffic,20260837,60,0,0.0893448466926563,4704262.982137887,2.8651677778574363,14371.722145757518,360,0.01575373383366061,114.3127165830873,0.007958799382937323,39.921450404881995,0.0,0.0003670454648045163,42.92038819237516
0.3,0.5,Water,20260808,60,0,1.0431059070822706,3352553.652695957,4.829604789489885,3883.5059267766387,540,0.04395085443660804,78.79360818097936,0.008943712573129417,7.191677642178961,0.0,0.001177029519005285,37.340486136448966
0.3,0.5,Water,20260809,60,0,1.7534178365128628,6052282.35814076,5.896941389107208,4726.197060607919,540,0.05698306825379283,105.86751292466099,0.010920261831680014,8.752216778903554,0.0,0.0010995676047372161,51.82316031164916
0.3,0.5,Water,20260810,60,0,0.4739171384295893,1500599.3036383358,5.371159195770217,4150.9501519017,540,0.02962472498480223,52.71515530974229,0.00994659110327818,7.686944725743889,0.0,0.0012071533058403306,24.5409798751118
0.3,0.5,Water,20260811,60,0,0.2787719428976111,740300.2189450737,4.3100996431089795,3526.352229144137,540,0.02272101095240438,37.02602235428167,0.007981666005757369,6.530281905822475,0.0,0.0011960714995495336,18.996365151215127
0.3,0.5,Water,20260812,60,0,0.8317709781727362,2818280.7885278338,5.56664748424681,4346.252098191866,540,0.03924686772528233,72.24291312837381,0.010308606452308909,8.048614996651605,0.0,0.0011840133398359767,33.14731887287627
0.3,0.5,Water,20260813,60,0,0.061311202407574684,269763.018886177,2.5273224740691536,2508.0568045184973,540,0.010655480454570357,22.350864548950067,0.004680226803831766,4.644549637997217,0.0,0.0010759025284180737,9.903760027627573
0.3,0.5,Water,20260814,60,0,0.2665043585995502,729618.5805495312,3.202115311295149,2596.6859525004556,540,0.022215458356720147,36.75793138271207,0.005929843169065091,4.808677689815658,0.0,0.0010993524648603944,20.20776690534938
0.3,0.5,Water,20260815,60,0,0.42810335199388244,1301529.949559966,5.069980544790381,3968.9831875638856,540,0.028156419963728634,49.09420176897951,0.009388852860722928,7.349968865859047,0.0,0.0011059224528908735,25.459669337689952
0.3,0.5,Water,20260816,60,0,1.274164627180454,4152701.795444379,5.3344057575599715,4249.169225237947,540,0.048575344820271205,87.69371990104071,0.009878529180666614,7.868831898588791,0.0,0.0011946853495692646,40.65953000744899
0.3,0.5,Water,20260817,60,0,0.05680603098710794,236764.89286401225,2.3902995940887033,2252.6970365907455,540,0.010256527369428187,20.93928139415788,0.004426480729793895,4.171661178871751,0.0,0.0011258332015078823,9.11016601366093
0.3,0.5,Water,20260818,60,0,0.4169001901697709,1368361.6216932,5.220005200479027,4031.485931929482,540,0.027785560804188918,50.33888162380602,0.009666676297183383,7.4657146887582995,0.0,0.001113062372205603,24.963166034559304
0.3,0.5,Water,20260819,60,0,0.1615112373984751,481833.3009557765,3.2259145839677372,2466.5767692189906,540,0.01729435989191997,29.87112134920357,0.00597391589623655,4.5677347578129455,0.0,0.0011863468172711564,14.577828034891672
0.3,0.5,Water,20260820,60,0,0.09419706522356382,327022.16149431013,3.158901188545367,2583.549582850062,540,0.013207536093960385,24.608872289477908,0.005849817015824754,4.784351079351967,0.0,0.0011325631530486918,11.66163322407908
0.3,0.5,Water,20260821,60,0,0.1175624231124998,382041.81339146127,2.2617307836620637,2064.796054580286,540,0.014754937849719114,26.59858717326575,0.004188390340114933,3.8236963973709,0.0,0.0012472311210593686,11.830155294061793
0.3,0.5,Water,20260822,60,0,0.2818234337075939,938201.9124375265,3.4469514854740977,3084.805903733892,540,0.022845026758720494,41.68226180233484,0.006383243491618699,5.712603525433134,0.0,0.001143490798501884,19.978321459735692
0.3,0.5,Water,20260823,60,0,0.07124506775025088,234595.72742843887,2.3593898144673906,2097.965395770243,540,0.011486309705410732,20.8431411326337,0.004369240397161835,3.885121103278228,0.0,0.0010980762386373366,10.46039364230732
0.3,0.5,Water,20260824,60,0,0.23881881243718098,867493.0224378435,4.164528794296218,3356.0057503945177,540,0.021029908703293358,40.08077544247467,0.007712090359807811,6.214825463693551,0.0,0.0011546195722259857,18.213712298978177
0.3,0.5,Water,20260825,60,1,0.13684751642780132,522851.5174069751,3.7202503026955163,3263.205838494673,531,0.016053554230829603,31.379204234549192,0.007006121097355021,6.145397059312002,0.016666666666666666,0.0011181509799473082,14.357233073825245
0.3,0.5,Water,20260826,60,0,0.7469507343766381,2902413.095313941,6.0533016676655915,4815.478051498048,540,0.03719196285082945,73.31329391997188,0.011209817903084429,8.917551947218609,0.0,0.0012258655136381696,30.33934998338419
0.3,0.5,Water,20260827,60,0,0.3492101301380799,1088011.0347830849,4.466353711283815,3699.275858660267,540,0.02543001034568467,44.88691624068539,0.008271025391266324,6.850510849370865,0.0,0.0011313146122564892,22.47828329111976
0.3,0.5,Water,20260828,60,0,0.3500468850556003,1197376.6606673293,5.304166879498846,4095.122412629991,540,0.025460458996749955,47.08889663626639,0.009822531258331196,7.583560023388872,0.0,0.001155310651642733,22.037760112873364
0.3,0.5,Water,20260829,60,0,0.01847931652422968,70479.98600612803,1.4887607375477547,1440.9282576664239,540,0.0058498680776878425,11.424469029409673,0.0027569643287921382,2.6683856623452296,0.0,0.0011846870488731248,4.937901603003293
0.3,0.5,Water,20260830,60,0,0.2743298995373028,972674.6719194062,3.8710847673979867,3324.779550686533,540,0.022539262021558884,42.44112854818242,0.007168675495181457,6.156999167938024,0.0,0.0011631064931538078,19.378502445156858
0.3,0.5,Water,20260831,60,0,0.06834521055083834,223966.52173049483,2.3827585318295044,2078.986773744146,540,0.011250120209303308,20.365481040707948,0.004412515799684267,3.8499755069336037,0.0,0.0011244801642571701,10.00472980040081
0.3,0.5,Water,20260832,60,0,0.6072553448818627,1696323.755212408,5.520860422327667,4095.681501730292,540,0.03353426508761467,56.04766085601062,0.010223815596903087,7.584595373574615,0.0,0.0012003012912170392,27.93820629286567
0.3,0.5,Water,20260833,60,0,0.7019631553434316,2237441.037650033,5.677174510611871,4302.961536778706,540,0.03605456655063964,64.36931978032348,0.010513286130762724,7.968447290330938,0.0,0.0011212301128358817,32.15625957409251
0.3,0.5,Water,20260834,60,0,0.13999986175897638,459722.60566690256,3.571285002892039,2972.77147163955,540,0.016101521768372196,29.177699680447947,0.006613490746096368,5.5051323548880555,0.0,0.0010137016772545668,15.883885890354197
0.3,0.5,Water,20260835,60,0,0.3053527858755131,894951.8500715534,4.268396447610436,3342.3179167771245,540,0.023779573629308222,40.71017367775833,0.007904437865945252,6.189477623661341,0.0,0.001089748645947522,21.821154554986574
0.3,0.5,Water,20260836,60,0,0.09927779347753482,352518.9273306094,2.725368751625262,2625.8952962066764,540,0.013559047374323115,25.550202120335907,0.005046979169676411,4.862769067049401,0.0,0.001108661492135297,12.23010582626822
0.3,0.5,Water,20260837,60,0,0.2377708315163791,854007.0134948004,3.675804111602118,3013.4552989929384,540,0.02098371641678283,39.76800811500138,0.006807044651115033,5.580472775912849,0.0,0.0011893172176197808,17.64349839210957
0.3,1.0,Climate,20260808,60,0,2.467998577551029,95574.11290039918,11.093395411626988,1917.1495299823143,300,0.09070094776335083,17.848820026395693,0.036977984705423295,6.390498433274381,0.0,0.0019112351110496621,47.45671908127374
0.3,1.0,Climate,20260809,60,0,0.6924943258198907,26874.454969279348,7.466109516335166,1297.942984960094,300,0.048044920849134885,9.46475126795546,0.024887031721117222,4.326476616533647,0.0,0.0020096781502706436,23.90677375014734
0.3,1.0,Climate,20260810,60,0,1.6318548705208704,63936.830643821784,10.1090553385551,1754.3201123748615,300,0.07375307610581112,14.598724903659884,0.033696851128517,5.8477337079162055,0.0,0.0021192120578191745,34.8021217761985
0.3,1.0,Climate,20260811,60,0,3.6922230489396948,142468.76285240758,11.742685791592276,2026.961201201097,300,0.11093876762941039,21.792105822400273,0.03914228597197425,6.75653733733699,0.0,0.00204771476015492,54.176865737402466
0.3,1.0,Climate,20260812,60,0,0.973077632847227,38126.06041778398,7.570983641612258,1322.483956446699,300,0.0569525426077779,11.273281157643497,0.025236612138707527,4.4082798548223305,0.0,0.001965768494444359,28.972151486167764
0.3,1.0,Climate,20260813,60,0,1.1847078118714562,46087.215572891524,8.534487548181271,1478.0579919113648,300,0.0628412765590541,12.394517009937838,0.028448291827270905,4.926859973037883,0.0,0.0020706926571289726,30.347949678917534
0.3,1.0,Climate,20260814,60,0,4.667514721244526,181135.7383032946,10.99199350166357,1901.029873379502,300,0.12473324498363866,24.572053116178864,0.03663997833887857,6.336766244598341,0.0,0.0020076886952855116,62.127781700688644
0.3,1.0,Climate,20260815,60,0,1.494914991663293,57901.31380712176,8.589980611207391,1484.0044777493379,300,0.07059072157310035,13.892601605065645,0.028633268704024637,4.946681592497793,0.0,0.0017075389275458645,41.34062212833756
0.3,1.0,Climate,20260816,60,0,4.335099825969707,167419.21375532544,13.92502074430337,2390.0047044696475,300,0.12020953686472782,23.623379221675393,0.046416735814344565,7.966682348232158,0.0,0.0018821492578466937,63.86822743391546
0.3,1.0,Climate,20260817,60,0,0.9754532407378435,37984.97411270986,9.284353271386053,1605.521625582549,300,0.05702202032951374,11.252403315545507,0.03094784423795351,5.35173875194183,0.0,0.0019305412780958812,29.53680450995346
0.3,1.0,Climate,20260818,60,0,3.689694161589779,142099.2534094054,13.506903727594722,2330.837231402022,300,0.1109007688820623,21.763827283622504,0.04502301242531574,7.76945743800674,0.0,0.002008796281276158,55.207573767315374
0.3,1.0,Climate,20260819,60,0,6.264751913651996,243207.3693427255,12.46905880516013,2152.7631063907647,300,0.1445078073283239,28.472640045180537,0.041563529350533764,7.175877021302549,0.0,0.0019169204949070432,75.38539428852603
0.3,1.0,Climate,20260820,60,0,1.8879326533524974,73114.18865596177,10.088888567022822,1744.1831695659785,300,0.0793291172553201,15.611340819626585,0.033629628556742744,5.813943898553261,0.0,0.0019648719375540695,40.37368326104312
0.3,1.0,Climate,20260821,60,0,6.835014412323518,264376.36311117455,17.57845133623722,3029.351576059311,300,0.1509416489058329,29.685931747275763,0.058594837787457395,10.09783858686437,0.0,0.0021593348799337398,69.90191762681322
0.3,1.0,Climate,20260822,60,0,0.559803148550282,21793.08717215659,5.850668470451306,1020.6910698439854,300,0.043197343612398284,8.523122896402974,0.019502228234837687,3.402303566146618,0.0,0.0019865499826261595,21.74490649124906
0.3,1.0,Climate,20260823,60,0,0.47206493011519224,18033.117836668156,4.735632468348822,822.8953496284371,300,0.03966799424032731,7.753089241643866,0.01578544156116274,2.742984498761457,0.0,0.0019267314811630264,20.588231742797213
0.3,1.0,Climate,20260824,60,0,4.331353609148668,167777.9057288028,11.689408138145572,2018.030540184512,300,0.12015758554427139,23.648671966152264,0.038964693793818575,6.7267684672817065,0.0,0.0018990275101834358,63.273220056019525
0.3,1.0,Climate,20260825,60,0,3.5601944826193446,138934.52144986537,11.566953384878286,2000.3286860311136,300,0.10893720641757104,21.520108538284635,0.03855651128292762,6.667762286770379,0.0,0.0019442458044874457,56.03057296877632
0.3,1.0,Climate,20260826,60,0,4.751062134651382,184334.42141802973,12.062413425920901,2083.483272759591,300,0.12584464145195565,24.788063082730616,0.040208044753069674,6.944944242531969,0.0,0.0019527758397547238,64.44397707612063
0.3,1.0,Climate,20260827,60,0,0.9845061447805648,38132.19113910031,8.477565108352271,1466.0480836797935,300,0.05728601181151075,11.274187500525304,0.028258550361174237,4.886826945599312,0.0,0.00202844086959576,28.241400905576835
0.3,1.0,Climate,20260828,60,0,1.5047899445653632,58730.11565779454,8.869511904540005,1545.875637627525,300,0.07082348820754697,13.991677962011863,0.029565039681800017,5.15291879209175,0.0,0.0020788312005199845,34.068898037431644
0.3,1.0,Climate,20260829,60,0,5.251087832829102,203692.17661444203,14.097821822331447,2433.0208153990834,300,0.13230127024874075,26.057128046815524,0.04699273940777149,8.11006938466361,0.0,0.0020237615841009245,65.37394092670104
0.3,1.0,Climate,20260830,60,0,3.4999771630379253,134872.61325599154,9.985250276253897,1724.3377176320346,300,0.10801199259091442,21.203192625639467,0.033284167587512986,5.747792392106782,0.0,0.0020331709408776986,53.124894921175084
0.3,1.0,Climate,20260831,60,0,1.3163747299044513,51287.48453904482,7.923872802517394,1381.5801652349535,300,0.06624134484102939,13.075101597953878,0.026412909341724647,4.605267217449845,0.0,0.001960268236521681,33.79197989687813
0.3,1.0,Climate,20260832,60,0,1.4756417733493057,57378.13634924416,9.014686643040548,1559.8273459198651,300,0.07013419929794845,13.82969466392807,0.030048955476801826,5.1994244863995505,0.0,0.0019778292920643106,35.460188389033114
0.3,1.0,Climate,20260833,60,0,3.550171990139876,137723.30914602274,11.418236959611246,1967.3953727510354,300,0.10878376089196212,21.42609850517376,0.03806078986537082,6.557984575836785,0.0,0.0019347915235803522,56.22505555051049
0.3,1.0,Climate,20260834,60,0,0.4246832377878946,16399.406873088494,5.3354238008716095,933.8475548574958,300,0.037624603554407256,7.393557301932653,0.017784746002905364,3.112825182858319,0.0,0.0018158898904734467,20.719650322298786
0.3,1.0,Climate,20260835,60,0,0.40114724585460576,15613.48032946832,5.485241905042289,959.9093125622693,300,0.036567164043469644,7.214217520394091,0.0182841396834743,3.1996977085408975,0.0,0.0018979840915947393,19.266317460408686
0.3,1.0,Climate,20260836,60,0,2.7220450682218518,106631.19968527056,10.77715342756658,1862.4585273889718,300,0.09525483484180478,18.853045703128053,0.035923844758555264,6.208195091296573,0.0,0.001869431479715729,50.953905438828656
0.3,1.0,Climate,20260837,60,0,0.3311656630029179,12938.019630053634,4.922740266068618,864.827187543922,300,0.03322477303674262,6.5670946468113875,0.016409134220228726,2.8827572918130735,0.0,0.0018066885618901278,18.389872907582596
0.3,1.0,Traffic,20260808,60,0,4.870725912760789,250364155.66106406,14.323613712099604,71483.03956339411,360,0.11631764355467877,833.9400385803527,0.03978781586694335,198.56399878720586,0.0,0.00032956045147954094,352.9478219624898
0.3,1.0,Traffic,20260809,60,0,0.5293718481374619,27763670.204626393,6.154205945471311,30770.930257484873,360,0.038346803725178895,277.70723095368294,0.017095016515198087,85.47480627079132,0.0,0.0003691014049071063,103.89232664890515
0.3,1.0,Traffic,20260810,60,0,7.746481696900362,408499377.0183513,19.455915048225634,97582.8802822338,360,0.14669016570176788,1065.2325998192332,0.05404420846729343,271.06355633953837,0.0,0.0003327740852923344,440.81006359886453
0.3,1.0,Traffic,20260811,60,0,5.561995664545638,294233647.7635201,12.581432753297376,63054.428413413734,360,0.124297980502787,904.0551356150798,0.03494842431471493,175.15119003726036,0.0,0.00037485935810988805,331.5856408908156
0.3,1.0,Traffic,20260812,60,0,1.6960728979258604,90381412.60367396,7.082261355435976,35608.458245517075,360,0.06863900935582923,501.0583593301781,0.019672948209544378,98.9123840153252,0.0,0.00033455676078171894,205.1640181936501
0.3,1.0,Traffic,20260813,60,0,0.7385565201858773,39312866.81749838,7.4824107331638166,37470.69078399477,360,0.045293993966145384,330.45787602413776,0.02078447425878838,104.08525217776324,0.0,0.00037750158129928413,119.98358738062133
0.3,1.0,Traffic,20260814,60,0,2.0790206008228886,108672838.60618335,9.857992948057815,49272.940326042764,360,0.0759937972765411,549.4260606562881,0.02738331374460504,136.86927868345214,0.0,0.0003294825968079903,230.64586115553573
0.3,1.0,Traffic,20260815,60,0,0.9308376851023193,49074565.44191681,9.234192043176982,46265.0164525413,360,0.05084938776814654,369.21299725044594,0.025650533453269394,128.5139345903925,0.0,0.0003301713228298871,154.0090984653609
0.3,1.0,Traffic,20260816,60,0,0.7027908966607759,36724754.45413883,7.08783555753245,35447.20524254838,360,0.04418367272159278,319.3950638583075,0.019688432104256803,98.46445900707883,0.0,0.00029881656245983975,147.8621946450206
0.3,1.0,Traffic,20260817,60,0,1.226304883499286,64356493.68439686,9.81002401456957,49128.80494787703,360,0.05836439371881356,422.8096947944944,0.027250066707137695,136.46890263299176,0.0,0.0002986462920444579,195.42982877592587
0.3,1.0,Traffic,20260818,60,0,5.090915778059205,267519282.01454112,11.713488242303859,58638.92716224048,360,0.11891775610408702,862.0377698842775,0.032537467339732944,162.88590878400132,0.0,0.0003540227409127353,335.9042862543104
0.3,1.0,Traffic,20260819,60,0,6.438156731466006,324299541.9333627,13.461582770894625,66858.93413678583,360,0.1337302086236191,949.121731352732,0.03739328547470729,185.71926149107173,0.0,0.0003939781861089015,339.43556607637674
0.3,1.0,Traffic,20260820,60,0,4.666600486284183,242099187.88537493,10.737487193601165,53649.82798915897,360,0.11385420118979876,820.0595979110552,0.02982635331555879,149.02729996988603,0.0,0.00037047769337393956,307.3172912326483
0.3,1.0,Traffic,20260821,60,0,0.4338486239554293,22716810.167955823,6.004021575117713,30053.363664611854,360,0.03471505532968166,251.2016131845971,0.016677837708660315,83.48156573503293,0.0,0.0003547120445352232,97.8682733346948
0.3,1.0,Traffic,20260822,60,0,0.46948436678047734,24611487.291972645,5.108332616655614,25582.730765333738,360,0.03611264655293048,261.4674788146736,0.014189812824043371,71.06314101481594,0.0,0.0003538298912464496,102.0621701171575
0.3,1.0,Traffic,20260823,60,0,0.2979115168502554,15360654.788304871,5.0022290722821,24900.36946747224,360,0.028766855776235077,206.5635145011555,0.013895080756339167,69.16769296520066,0.0,0.0003996658839812993,71.97726133056956
0.3,1.0,Traffic,20260824,60,0,0.7678205569802682,40051044.60924816,7.174541726433265,35839.566756002634,360,0.04618262530974982,333.5459513955401,0.019929282573425737,99.55435210000732,0.0,0.0003217538664496901,143.53401815909803
0.3,1.0,Traffic,20260825,60,0,0.5040476684301959,26555807.45319854,7.050078253773531,35301.64557925569,360,0.03741834325977167,271.59921173383475,0.019583550704926476,98.06012660904358,0.0,0.0003309764446534943,113.05439968377709
0.3,1.0,Traffic,20260826,60,0,0.8169946132272795,42823654.16918144,8.917017531990956,44640.69534418355,360,0.047638529376827825,344.8979485505718,0.02476949314441932,124.00193151162097,0.0,0.00030525121400473845,156.06335762546166
0.3,1.0,Traffic,20260827,60,0,5.547705181229409,289342951.29690135,15.489634289884817,77446.5794602535,360,0.12413819786867251,896.5101339467226,0.04302676191634672,215.12938738959306,0.0,0.00033092331685010643,375.12677876639805
0.3,1.0,Traffic,20260828,60,0,6.252717537367873,324770287.3052521,11.124469387672384,55587.26592874046,360,0.1317902114195962,949.8103426258494,0.030901303854645512,154.40907202427906,0.0,0.0003397693260414941,387.88142812956994
0.3,1.0,Traffic,20260829,60,0,0.5579199624860411,29234253.149693064,6.306332169580983,31585.43898810263,360,0.03936721572034701,284.9671187157343,0.017517589359947176,87.7373305225073,0.0,0.00033901484300954304,116.12239561805514
0.3,1.0,Traffic,20260830,60,0,2.451060001150422,125952649.54801513,12.466887555760504,62218.59475693393,360,0.08251363525621458,591.4968055422689,0.034630243210445846,172.82942988037203,0.0,0.0003363788326820408,245.299725307656
0.3,1.0,Traffic,20260831,60,0,2.265951116341767,120813686.82463552,11.554740979335598,57970.58252294437,360,0.07933667913711104,579.3043884805953,0.03209650272037666,161.0293958970677,0.0,0.00033603182887590117,236.09870351421566
0.3,1.0,Traffic,20260832,60,0,8.029502639483415,416095035.81272435,16.118575496073746,80461.11829532625,360,0.14934582015766307,1075.090481738274,0.04477382082242707,223.50310637590624,0.0,0.0003656389757945041,408.45158761629995
0.3,1.0,Traffic,20260833,60,0,2.0796517293086714,109950539.32749957,13.460551636665427,67552.29028640082,360,0.07600533112348602,552.6465098040609,0.03739042121295952,187.64525079555784,0.0,0.00037381800722444277,203.32174923251335
0.3,1.0,Traffic,20260834,60,0,7.49060521624119,388052867.3829463,14.255855689868422,71063.70112826569,360,0.14424713762075517,1038.2314923076142,0.03959959913852339,197.39916980073804,0.0,0.0003404556982498276,423.6884222008412
0.3,1.0,Traffic,20260835,60,0,4.985483534866965,264254341.4673047,11.268873665436855,56472.3397203188,360,0.11767992766241174,856.7612487788998,0.03130242684843571,156.86761033421888,0.0,0.0004052170665273939,290.41207141372024
0.3,1.0,Traffic,20260836,60,0,0.7918961195746461,41403271.81910533,7.261341829653476,36316.55429807438,360,0.046901081472210275,339.12989898621987,0.020170393971259658,100.87931749465105,0.0,0.00037770868420849377,124.17263206561874
0.3,1.0,Traffic,20260837,60,0,0.35769431274361485,18786171.876019724,5.698116887450231,28550.736546906228,360,0.03152134694420129,228.4377612539605,0.01582810246513953,79.30760151918396,0.0,0.0003670454648045163,85.87858989345953
0.3,1.0,Water,20260808,60,0,4.220963849256694,13543330.899747482,9.327147812151761,7076.009638210771,540,0.08841153612988369,158.36742849127714,0.017272495948429188,13.103721552242169,0.0,0.001177029519005285,75.11411965657483
0.3,1.0,Water,20260809,60,0,7.026241161999689,23611084.24165829,11.559361390051302,8829.446204857228,540,0.11406821514956228,209.1033956614406,0.0214062247963913,16.35082630529116,0.0,0.0010995676047372161,103.73915588102767
0.3,1.0,Water,20260810,60,0,2.9642508025026566,9694803.421982711,11.507197658590593,8588.536996068593,540,0.07409017031946871,133.9900730290806,0.021309625293686282,15.904698140867765,0.0,0.0012071533058403306,61.375941200685055
0.3,1.0,Water,20260811,60,0,2.5984034123970035,6889996.615236079,9.977907117410442,7388.12243634259,540,0.06936755849174427,112.95686340890457,0.0184776057729823,13.681708215449241,0.0,0.0011960714995495336,57.996163705823264
0.3,1.0,Water,20260812,60,0,3.3340217809781962,11348168.699727084,10.875042001093442,8254.391449802837,540,0.07857553314625922,144.96595193947033,0.020138966668691558,15.285910092227477,0.0,0.0011840133398359767,66.36372285902152
0.3,1.0,Water,20260813,60,0,0.2557931078510762,953469.999729779,4.860801608927376,4210.754424017019,540,0.021764442112421716,42.02005693338332,0.009001484460976622,7.797693377809295,0.0,0.0010759025284180737,20.229009169095008
0.3,1.0,Water,20260814,60,0,1.0536647324498314,2926466.166178204,6.009947228721604,4514.236563112568,540,0.04417274030460649,73.61645053395944,0.011129531905040006,8.359697339097348,0.0,0.0010993524648603944,40.180689739223844
0.3,1.0,Water,20260815,60,0,1.700760610309925,5190849.712190576,9.679190386899425,7237.572520625947,540,0.056120911305493966,98.0442994375745,0.017924426642406344,13.402912075233235,0.0,0.0011059224528908735,50.74579249096019
0.3,1.0,Water,20260816,60,0,5.098161912313009,16208560.165527085,10.259062712285424,7727.220813712775,540,0.09716501725599304,173.25083595291392,0.018998264282010045,14.309668173542176,0.0,0.0011946853495692646,81.3310528090306
0.3,1.0,Water,20260817,60,0,0.20956480057186697,764869.3383212932,4.20359997746422,3572.2723609821296,540,0.01969982142106816,37.635418166867595,0.007784444402711519,6.615319187003943,0.0,0.0011258332015078823,17.49799294840767
0.3,1.0,Water,20260818,60,0,3.9174784242505893,12361190.685240803,13.877248309916558,10273.594150743387,540,0.08517387906241049,151.29802993283502,0.02569860798132696,19.025174353228493,0.0,0.001113062372205603,76.52210800517233
0.3,1.0,Water,20260819,60,0,0.7794849797146459,2246511.0198669787,6.289278844486484,4547.318059658903,540,0.03799329813500363,64.4996557537035,0.01164681267497497,8.420959369738709,0.0,0.0011863468172711564,32.02545628469429
0.3,1.0,Water,20260820,60,0,0.36573823221713925,1217824.4437715926,5.85648726220252,4528.632936238011,540,0.02602485394049949,47.48926669710615,0.010845346781856518,8.38635728932965,0.0,0.0011325631530486918,22.97872208754492
0.3,1.0,Water,20260821,60,0,0.46419345361730685,1492481.2685008664,3.99553605723796,3309.724498321841,540,0.029319234415289844,52.57237107956546,0.007399140846736963,6.1291194413367425,0.0,0.0012472311210593686,23.50745897872303
0.3,1.0,Water,20260822,60,0,1.1170776453181603,3431717.6462023607,6.442578797388028,5176.578942436999,540,0.045482549468392176,79.7184588295115,0.011930701476644497,9.586257300809256,0.0,0.001143490798501884,39.77517748982327
0.3,1.0,Water,20260823,60,0,0.32735496515823354,1076073.1289098458,4.499735886347579,3633.233093219469,540,0.024621391074453394,44.639982263658155,0.008332844233976998,6.7282094318879055,0.0,0.0010980762386373366,22.422296565680575
0.3,1.0,Water,20260824,60,0,0.9625001224276613,3385903.7342124227,7.86705634758864,6086.247888170135,540,0.04221856977830133,79.18454458032436,0.01456862286590489,11.270829422537288,0.0,0.0011546195722259857,36.56491782562489
0.3,1.0,Water,20260825,60,1,0.5536182525172985,1954268.9274793016,7.186523463597613,5794.144534897035,531,0.0322892486615688,60.66593604016648,0.013533942492650872,10.911759952725113,0.016666666666666666,0.0011181509799473082,28.877360249767342
0.3,1.0,Water,20260826,60,0,3.110801363714698,11846590.653600449,11.864524989429478,9156.52040003918,540,0.0758995603817198,148.11526200902063,0.02197134257301755,16.956519259331817,0.0,0.0012258655136381696,61.91507921326724
0.3,1.0,Water,20260827,60,0,1.3779517110425037,4268452.211480122,8.518932237847501,6550.982596231296,540,0.05051497231372584,88.9074863685314,0.015775800440458336,12.131449252280179,0.0,0.0011313146122564892,44.65156886197205
0.3,1.0,Water,20260828,60,0,1.7298630538946937,5924623.486129622,11.642935345960808,8836.140767059984,540,0.0565990291418942,104.74504749301569,0.021560991381408903,16.363223642703673,0.0,0.001155310651642733,48.99031187968033
0.3,1.0,Water,20260829,60,0,0.09603644666403903,336148.4910289741,3.001056343685115,2484.3914229340326,540,0.01333586411148795,24.9498938997586,0.005557511747565028,4.600724857285245,0.0,0.0011846870488731248,11.256866633405872
0.3,1.0,Water,20260830,60,0,1.1212268635457303,3759268.694331052,7.467446523699378,5919.660927188054,540,0.04556694024842138,83.43625526835233,0.013828604673517366,10.96233505034825,0.0,0.0011631064931538078,39.176928782217416
0.3,1.0,Water,20260831,60,0,0.28813183849093965,932573.8300908809,4.463199787354093,3609.2022382709197,540,0.023099296064748927,41.557052039844834,0.00826518479139647,6.683707848649851,0.0,0.0011244801642571701,20.542199675001193
0.3,1.0,Water,20260832,60,0,2.737818169886187,7934772.578791309,11.913282661318066,8594.145062006613,540,0.07120416875392468,121.218906504134,0.022061634557996417,15.915083448160395,0.0,0.0012003012912170392,59.32191298547017
0.3,1.0,Water,20260833,60,0,2.819586650889707,8860343.639713507,11.024606335527878,8090.021167233439,540,0.0722596482201987,128.09388657249508,0.02041593765838496,14.981520680061925,0.0,0.0011212301128358817,64.44676020824603
0.3,1.0,Water,20260834,60,0,0.5786232982016941,1883341.1311494447,6.835033898704949,5295.349235561341,540,0.03273415076490352,59.05648788564945,0.012657470182786942,9.806202288076557,0.0,0.0010137016772545668,32.291700309264776
0.3,1.0,Water,20260835,60,0,1.2352567954740035,3528026.7564841267,8.171843175197235,6026.2535823686785,540,0.047827947731542045,80.82934419119094,0.015133042917031917,11.159728856238294,0.0,0.001089748645947522,43.888971928894925
0.3,1.0,Water,20260836,60,0,0.40921596468222665,1318747.3350694105,5.0989413943637745,4315.594066287498,540,0.027528300746761023,49.417858053268375,0.00944248406363662,7.9918408634953675,0.0,0.001108661492135297,24.830212776436515
0.3,1.0,Water,20260837,60,0,1.052991142426881,3836272.903388734,7.147847433670859,5580.818585717181,540,0.04415861860482975,84.28647032798033,0.013236754506797887,10.334849232809594,0.0,0.0011893172176197808,37.1293864669729
0.3,2.0,Climate,20260808,60,0,10.509356468841222,406315.44600282237,22.757147186924037,3912.5640156995278,300,0.18716620482734253,36.80196761056952,0.07585715728974679,13.04188005233176,0.0,0.0019112351110496621,97.92945082750687
0.3,2.0,Climate,20260809,60,0,3.062328352297099,118661.53884306294,15.139661266830426,2610.7258395862673,300,0.1010334656157239,19.88814880299848,0.05046553755610142,8.702419465287557,0.0,0.0020096781502706436,50.27345577803974
0.3,2.0,Climate,20260810,60,0,6.768268934988723,264157.8928312555,20.45728424434735,3528.552613822626,300,0.15020285100477423,29.673663566157757,0.06819094748115782,11.76184204607542,0.0,0.0021192120578191745,70.876744236414
0.3,2.0,Climate,20260811,60,0,14.930901171879746,575554.3861504996,23.524739228803003,4040.824389571583,300,0.22309117098830356,43.80085182392764,0.07841579742934335,13.469414631905277,0.0,0.00204771476015492,108.94640959243054
0.3,2.0,Climate,20260812,60,0,3.9311728658612934,153396.61609850245,14.97884608030437,2592.6690137137707,300,0.11447230910954395,22.61243139650566,0.0499294869343479,8.64223004571257,0.0,0.001965768494444359,58.23285368193904
0.3,2.0,Climate,20260813,60,0,4.730273009993506,183207.98597551385,16.629751430075068,2861.125097757466,300,0.12556901170264245,24.7122092615178,0.05543250476691689,9.537083659191554,0.0,0.0020706926571289726,60.641066780400244
0.3,2.0,Climate,20260814,60,0,19.98657088858212,776675.6958684573,22.159845263277727,3813.8317165489084,300,0.25811219064960955,50.88142083539129,0.07386615087759242,12.712772388496361,0.0,0.0020076886952855116,128.56185884580262
0.3,2.0,Climate,20260815,60,0,6.144115267758751,238046.0335162981,17.258213198046224,2968.1329509201887,300,0.14310969298360787,28.16889735839265,0.05752737732682075,9.893776503067295,0.0,0.0017075389275458645,83.81050099354994
0.3,2.0,Climate,20260816,60,0,17.74865786667034,685830.6678479345,28.04918825057779,4805.518626210179,300,0.24323279566888412,47.813201379533055,0.09349729416859263,16.018395420700596,0.0,0.0018821492578466937,129.2314064120286
0.3,2.0,Climate,20260817,60,0,4.223367654926963,164013.57634157807,19.080200811578496,3284.1632692111666,300,0.11865029364940433,23.381871634635957,0.06360066937192832,10.947210897370555,0.0,0.0019305412780958812,61.459599437537385
0.3,2.0,Climate,20260818,60,0,15.727720766183129,605230.3734607707,27.52768032694214,4727.752792125667,300,0.2289666698174149,44.91586109830879,0.09175893442314047,15.759175973752223,0.0,0.002008796281276158,113.98202592846091
0.3,2.0,Climate,20260819,60,0,25.3382599800934,983265.5820609534,25.17742492355549,4331.15334771096,300,0.29062151778612566,57.24990777462596,0.08392474974518496,14.437177825703198,0.0,0.0019169204949070432,151.60854013416906
0.3,2.0,Climate,20260820,60,0,7.977904640910383,308286.0894975493,20.841122360291372,3580.555522615901,300,0.16307365044574576,32.0565172519593,0.0694704078676379,11.935185075386336,0.0,0.0019648719375540695,82.99454398475692
0.3,2.0,Climate,20260821,60,0,19.335213332808554,750014.2029458367,29.6167373278215,5094.494806707688,300,0.25387144602999734,50.00047342928654,0.098722457759405,16.981649355692294,0.0,0.0021593348799337398,117.56927949859612
0.3,2.0,Climate,20260822,60,0,2.642042638796844,102356.0220853231,11.884791365428807,2051.807821450036,300,0.09384459918391404,18.471240897254585,0.03961597121809602,6.839359404833454,0.0,0.0019865499826261595,47.23998892786694
0.3,2.0,Climate,20260823,60,0,1.914878542558941,73446.18265050923,9.310539887521855,1604.8898171272674,300,0.07989323172332229,15.646744352581171,0.031035132958406184,5.349632723757558,0.0,0.0019267314811630264,41.46568035266471
0.3,2.0,Climate,20260824,60,0,24.59842006769059,953010.2985143292,26.007453692477615,4469.08990681884,300,0.28634722551295766,56.362230217121144,0.08669151230825872,14.8969663560628,0.0,0.0018990275101834358,150.78624399985551
0.3,2.0,Climate,20260825,60,0,14.625431316074666,569925.01974796,23.324034989595113,4014.440878647267,300,0.22079727742943045,43.58612239952682,0.07774678329865038,13.38146959549089,0.0,0.0019442458044874457,113.5644870210423
0.3,2.0,Climate,20260826,60,0,23.224890818732288,901179.2656036944,26.14030167021863,4495.688328936033,300,0.2782378527970406,54.8081279131631,0.08713433890072876,14.98562776312011,0.0,0.0019527758397547238,142.4832523696055
0.3,2.0,Climate,20260827,60,0,4.052271527674179,156979.95821382737,17.051185121489187,2932.40467157208,300,0.11622207948111207,22.875019724131924,0.05683728373829729,9.7746822385736,0.0,0.00202844086959576,57.29626198286644
0.3,2.0,Climate,20260828,60,0,6.649526649910512,258712.81874273057,18.18136024368962,3141.874422984037,300,0.1488794439573007,29.36624018283186,0.06060453414563207,10.472914743280125,0.0,0.0020788312005199845,71.61689891899883
0.3,2.0,Climate,20260829,60,0,24.788886930234796,962485.0396481032,29.44279469250258,5064.196896834996,300,0.2874536886191977,56.64171135738818,0.0981426489750086,16.88065632278332,0.0,0.0020237615841009245,142.03930486549962
0.3,2.0,Climate,20260830,60,0,14.221846519581767,548027.7891766899,20.17584410644151,3468.433678213834,300,0.21772954568747108,42.7406047834566,0.06725281368813836,11.561445594046113,0.0,0.0020331709408776986,107.0886570872784
0.3,2.0,Climate,20260831,60,0,5.484380938937824,213069.40796768502,15.99253176831442,2763.066729878548,300,0.1352082460372126,26.6501662263537,0.053308439227714735,9.210222432928493,0.0,0.001960268236521681,68.97435948721356
0.3,2.0,Climate,20260832,60,0,8.114932650991497,313487.7876996508,18.921677657100215,3256.8242239344927,300,0.16446815954252358,32.32583011048857,0.06307225885700071,10.85608074644831,0.0,0.0019778292920643106,83.15589227160449
0.3,2.0,Climate,20260833,60,0,14.441630880712404,560211.5853958593,23.116942694105802,3969.580858951795,300,0.2194054912767105,43.21309930240518,0.07705647564701934,13.231936196505984,0.0,0.0019347915235803522,113.40006848422527
0.3,2.0,Climate,20260834,60,0,2.216090736207236,85586.81129225109,12.289675872987127,2124.9705324597226,300,0.08594747885011396,16.89051127036036,0.04096558624329042,7.083235108199076,0.0,0.0018158898904734467,47.330776662733314
0.3,2.0,Climate,20260835,60,0,1.6367293114886594,63459.59269048491,10.848461279161599,1875.5501403724218,300,0.07386314623429512,14.544138875675992,0.03616153759720533,6.251833801241406,0.0,0.0018979840915947393,38.91663084079553
0.3,2.0,Climate,20260836,60,0,15.997200007171443,626411.3405565476,23.723194053597602,4083.0270684524767,300,0.23091989958404366,45.69505226887435,0.079077313511992,13.610090228174922,0.0,0.001869431479715729,123.52413131459517
0.3,2.0,Climate,20260837,60,0,1.3196937057266207,51287.78624311754,9.545839113003524,1657.1909597171039,300,0.06632479942742937,13.075140055733952,0.03181946371001174,5.5239698657236795,0.0,0.0018066885618901278,36.71069869288454
0.3,2.0,Traffic,20260808,60,0,19.48575500860863,1001510002.6199425,28.608325463039087,142755.97992188545,360,0.23265230978035675,1667.924527519108,0.07946757073066413,396.544388671904,0.0,0.00032956045147954094,705.9472965760267
0.3,2.0,Traffic,20260809,60,0,2.118433014927873,111225497.96662997,12.266298035006589,61391.89698733872,360,0.07671073036138702,555.8414491327289,0.03407305009724052,170.533047187052,0.0,0.0003691014049071063,207.831044102076
0.3,2.0,Traffic,20260810,60,0,31.026397797917767,1637859801.055948,38.884768637791616,195066.82031791547,360,0.29357186228851934,2132.9816123184805,0.10801324621608782,541.8522786608763,0.0,0.0003327740852923344,882.1956854922258
0.3,2.0,Traffic,20260811,60,0,22.257564033258447,1177150043.8978035,25.128692856106497,125946.20062038982,360,0.24864948574057266,1808.2757624459423,0.06980192460029583,349.8505572788606,0.0,0.00037485935810988805,663.3140679595423
0.3,2.0,Traffic,20260812,60,0,6.793622266724729,360649097.78781456,14.137135409320571,71045.97518284291,360,0.1373723879210238,1000.9011186978443,0.03926982058144603,197.34993106345254,0.0,0.00033455676078171894,410.61010873025583
0.3,2.0,Traffic,20260813,60,0,2.954436671563201,156911100.93002814,14.921016656227,74750.17797878158,360,0.09059121663892147,660.2000978870559,0.04144726848951944,207.63938327439325,0.0,0.00037750158129928413,239.97572759066284
0.3,2.0,Traffic,20260814,60,0,8.318503169171017,434714868.0769207,19.69123595447,98419.38256902239,360,0.15200971432016203,1098.881840879022,0.05469787765130555,273.38717380284,0.0,0.0003294825968079903,461.35885716825095
0.3,2.0,Traffic,20260815,60,0,3.7245234246683383,196640384.3575644,18.44193284171457,92375.7947715254,360,0.10171478949423479,739.0692050695411,0.05122759122698492,256.5994299209039,0.0,0.0003301713228298871,308.06669889571515
0.3,2.0,Traffic,20260816,60,0,2.8095288629334467,146589355.96127272,14.137845757772787,70714.02233074013,360,0.08834164839690166,638.1164904999555,0.039271793771591075,196.4278398076115,0.0,0.00029881656245983975,295.6383932325524
0.3,2.0,Traffic,20260817,60,0,4.903926726545041,257246611.9520849,19.577384085167505,98008.33874391267,360,0.11671340404960921,845.3247435684849,0.05438162245879863,272.2453853997574,0.0,0.0002986462920444579,390.8081471583605
0.3,2.0,Traffic,20260818,60,0,20.370290669408263,1069587719.5412967,23.403770881165663,117156.86945989593,360,0.23787421202887102,1723.6812346619731,0.06501047466990462,325.4357484997109,0.0,0.0003540227409127353,671.9178870136643
0.3,2.0,Traffic,20260819,60,0,25.73049853254989,1296999748.7409313,26.89167927395155,133632.9598344949,360,0.2673454825405898,1898.0982798148045,0.07469910909430987,371.20266620693025,0.0,0.0003939781861089015,678.579403547717
0.3,2.0,Traffic,20260820,60,0,18.691990388829,969556453.5509573,21.4451126555128,107191.29484316727,360,0.22786442356042552,1641.1009630656126,0.05956975737642445,297.75359678657577,0.0,0.00037047769337393956,615.0557176203099
0.3,2.0,Traffic,20260821,60,0,1.734589319450485,90852878.66244826,11.943821540815001,59790.17611414303,360,0.06941400193865958,502.36352116339975,0.033177282057819446,166.0838225392862,0.0,0.0003547120445352232,195.69113315453464
0.3,2.0,Traffic,20260822,60,0,1.8772718180210146,98319298.15428811,10.168676876695244,50889.982930665916,360,0.0722124915713844,522.5984706633662,0.02824632465748679,141.36106369629422,0.0,0.0003538298912464496,204.0881603218959
0.3,2.0,Traffic,20260823,60,0,1.187922895221919,61376055.02246155,9.942770282932253,49553.77271638217,360,0.057443762238043615,412.9031868720074,0.02761880634147848,137.64936865661713,0.0,0.0003996658839812993,143.72946138362778
0.3,2.0,Traffic,20260824,60,0,3.0691294220303873,160024617.93602136,14.290932687843654,71409.3582815303,360,0.09233287337476272,666.7179520607341,0.03969703524401015,198.35932855980639,0.0,0.0003217538664496901,286.96740895015796
0.3,2.0,Traffic,20260825,60,0,2.015543627797259,106164006.06367108,14.064968050962612,70459.61517515514,360,0.07482467707539292,543.046974803774,0.03906935569711837,195.72115326431984,0.0,0.0003309764446534943,226.07251447675782
0.3,2.0,Traffic,20260826,60,0,3.2674561673901295,171392349.83627212,17.798558078080106,89118.85896166677,360,0.0952694449004467,689.9926526103822,0.04944043910577807,247.55238600462994,0.0,0.00030525121400473845,312.1017723420678
0.3,2.0,Traffic,20260827,60,0,22.19505172895583,1158123708.7063084,30.943700216860496,154711.28669345094,360,0.24830006336954838,1793.602604247097,0.08595472282461249,429.7535741484748,0.0,0.00033092331685010643,750.3250775224681
0.3,2.0,Traffic,20260828,60,0,25.01369506559843,1301149028.217121,22.198961519602882,110936.3457321548,360,0.2635953077983919,1901.1319933551877,0.0616637819988969,308.15651592265226,0.0,0.0003397693260414941,775.8066652732522
0.3,2.0,Traffic,20260829,60,0,2.2324424994499843,116883607.23511592,12.561198744636886,62898.99418452338,360,0.07874788355974302,569.804077525083,0.03489221873510246,174.7194282903427,0.0,0.00033901484300954304,232.2844712658387
0.3,2.0,Traffic,20260830,60,0,9.81145749240452,503108405.9787158,24.902697573421904,124261.53264233594,360,0.16508800256230782,1182.1689176851492,0.06917415992617196,345.1709240064887,0.0,0.0003363788326820408,490.7799972014168
0.3,2.0,Traffic,20260831,60,0,9.05904135939981,483262110.95436674,23.078623055968492,115797.17482875792,360,0.15863166069896192,1158.6176041520423,0.06410728626657915,321.65881896877204,0.0,0.00033603182887590117,472.0733188567851
0.3,2.0,Traffic,20260832,60,0,32.118685852740356,1664844820.604345,32.191138960443425,160709.59566023026,360,0.29869478035809005,2150.4810964347444,0.08941983044567618,446.4155435006396,0.0,0.0003656389757945041,816.9117630554847
0.3,2.0,Traffic,20260833,60,0,8.315308677891359,439470070.8499255,26.885789189176414,134864.5270580654,360,0.15198052395227926,1104.8756476659935,0.07468274774771226,374.6236862724039,0.0,0.00037381800722444277,406.56287555732746
0.3,2.0,Traffic,20260834,60,0,29.959359812834844,1553882184.1413498,28.46954795838644,141985.16744200754,360,0.28847953813839416,2077.5801790526975,0.07908207766218456,394.4032428944654,0.0,0.0003404556982498276,847.3335579970433
0.3,2.0,Traffic,20260835,60,0,19.94028149038286,1056406362.9005482,22.496290046190133,112724.54660677155,360,0.23535010262716916,1713.0271799268655,0.062489694572750366,313.1237405743654,0.0,0.0004052170665273939,580.8000749920507
0.3,2.0,Traffic,20260836,60,0,3.167544381140525,165546929.00261164,14.480018720811593,72406.31620497511,360,0.09380156924090882,678.1243105528736,0.04022227422447665,201.12865612493087,0.0,0.00037770868420849377,248.34369227563406
0.3,2.0,Traffic,20260837,60,0,1.431681182574841,75096776.43711352,11.364257239401054,56910.26844370966,360,0.06306260519372002,456.7298509729354,0.03156738122055848,158.0840790103046,0.0,0.0003670454648045163,171.81142730453394
0.3,2.0,Water,20260808,60,0,16.89444947997282,54321596.18417886,18.208511143167797,13406.054128016574,540,0.17687853899075837,317.1680130297192,0.033719465079940364,24.826026162993656,0.0,0.001177029519005285,150.27536364613823
0.3,2.0,Water,20260809,60,0,28.08983570805103,93216487.91772951,22.676649491026186,16874.07200058245,540,0.2280750189612369,415.479392718307,0.041993795353752195,31.248281482560095,0.0,0.0010995676047372161,207.42246131900566
0.3,2.0,Water,20260810,60,0,11.832818220654024,38793328.403348535,22.598715517117878,16575.602876725887,540,0.1480291401533647,268.02891083470456,0.04184947317984792,30.695560882825717,0.0,0.0012071533058403306,122.62662864541286
0.3,2.0,Water,20260811,60,0,10.360736012830577,27648873.586099416,19.5375824544823,13919.953160230436,540,0.13851551599697587,226.27774471219206,0.0361807082490413,25.77769103746377,0.0,0.0011960714995495336,115.8087255228001
0.3,2.0,Water,20260812,60,0,13.323759196976102,45561181.45591137,21.352146830417073,15925.246886150275,540,0.15707841399297465,290.4695478904591,0.03954101264892051,29.491197937315324,0.0,0.0011840133398359767,132.66608466990328
0.3,2.0,Water,20260813,60,0,1.011477258751067,3605979.5749564366,9.290589945222118,7479.501877525555,540,0.043279395036485875,81.71743971529597,0.017204796194855775,13.850929402825102,0.0,0.0010759025284180737,40.226130056707504
0.3,2.0,Water,20260814,60,0,4.202123818671233,11820490.863601409,11.64809873826722,8463.995968572643,540,0.08821400555080297,147.95201213757846,0.021570553219013373,15.674066608467857,0.0,0.0010993524648603944,80.24178629735931
0.3,2.0,Water,20260815,60,0,6.835051222819802,20973378.25558606,19.0799894375761,13904.58181395724,540,0.11250556548225121,197.07762268252682,0.03533331377328907,25.749225581402296,0.0,0.0011059224528908735,101.73006722864018
0.3,2.0,Water,20260816,60,0,20.38044215338951,64093801.591121115,20.056189667313465,14649.530881630595,540,0.19427187018020367,344.5173800677446,0.03714109197650642,27.12876089190851,0.0,0.0011946853495692646,162.61341971779183
0.3,2.0,Water,20260817,60,0,0.8386911350413888,2880256.497781598,8.05115398802767,6315.958403387733,540,0.03940979233081706,73.03292633617512,0.014909544422273463,11.696219265532838,0.0,0.0011258332015078823,35.0050009877428
0.3,2.0,Water,20260818,60,0,15.654087675681717,49869981.798108466,27.368864601872215,20010.6572564975,540,0.17026171399132115,303.8944194035904,0.05068308259605966,37.05677269721759,0.0,0.001113062372205603,152.9669120463904
0.3,2.0,Water,20260819,60,0,3.1028037460095863,8920868.075984914,12.108131861076563,8536.553240378731,540,0.0758019317892408,128.53064252013496,0.022422466409401043,15.80843192662728,0.0,0.0011863468172711564,63.89525447845088
0.3,2.0,Water,20260820,60,0,1.4489773289013808,4796808.903305743,11.271783429889176,8455.72369109513,540,0.05180049565223649,94.24955941841951,0.020873673018313287,15.658747576102094,0.0,0.0011325631530486918,45.73740149747698
0.3,2.0,Water,20260821,60,0,1.8502805053528757,5970683.2293590875,7.4781856424697475,5830.630643683443,540,0.05853584696818782,105.15141841701148,0.013848491930499533,10.797464154969338,0.0,0.0012472311210593686,46.93263820940329
0.3,2.0,Water,20260822,60,0,4.449364793453151,13188715.479704184,12.326559952726555,9289.33599851661,540,0.09077204653592785,156.2803480436276,0.022826962875419545,17.202474071327057,0.0,0.001143490798501884,79.38152773494163
0.3,2.0,Water,20260823,60,0,1.3008645658163775,4295718.092428141,8.59869591575699,6635.185307448979,540,0.04908165090148776,89.19099452577349,0.015923510955105535,12.28738019897959,0.0,0.0010980762386373366,44.69785355012862
0.3,2.0,Water,20260824,60,0,3.835152551112955,13316717.74335046,15.225669195669804,11494.802264347305,540,0.08427416184046496,157.03690143915844,0.02819568369568482,21.286670859902415,0.0,0.0011546195722259857,72.9886829113707
0.3,2.0,Water,20260825,60,1,2.206212551128839,7515416.52744256,14.006497238449963,10748.74289212309,531,0.06445793897313565,118.96775526871615,0.026377584253201438,20.242453657482276,0.016666666666666666,0.0011181509799473082,57.64690111542286
0.3,2.0,Water,20260826,60,0,12.397611400493117,46910112.50701745,23.25737425487522,17647.42704659926,540,0.15152075643469712,294.7381528012601,0.04306921158310226,32.680420456665296,0.0,0.0012258655136381696,123.60308267830143
0.3,2.0,Water,20260827,60,0,5.486606245188188,17056969.20229828,16.614103581171744,12277.076018192667,540,0.10079871991019371,177.7272629740752,0.030766858483651377,22.735325959616052,0.0,0.0011313146122564892,89.09875185749023
0.3,2.0,Water,20260828,60,0,6.911179283308711,23682363.948890172,22.88430598888343,17159.300036451008,540,0.11313036795783611,209.4187898326743,0.042378344423858204,31.776481548983348,0.0,0.001155310651642733,97.92203317521253
0.3,2.0,Water,20260829,60,0,0.3830985324970307,1331144.3042861952,5.571895644281806,4354.487625568183,540,0.02663534731979955,49.64959259625839,0.01031832526718853,8.063865973274412,0.0,0.0011846870488731248,22.483023972563146
0.3,2.0,Water,20260830,60,0,4.463956464062069,14656805.49202395,14.517165546764067,10946.647829635298,540,0.09092076794967906,164.74899815366692,0.02688363990141494,20.271570054880183,0.0,0.0011631064931538078,78.17063053542407
0.3,2.0,Water,20260831,60,0,1.1487338860368594,3724530.160496155,8.513738130793895,6551.260101274244,540,0.046122499651930535,83.04985294985704,0.0157661817236924,12.13196315050786,0.0,0.0011244801642571701,41.016730323917265
0.3,2.0,Water,20260832,60,0,10.93602176899634,31805010.56486417,23.40934797747885,16775.35766358128,540,0.14230914294172403,242.68944705675074,0.04335064440273861,31.065477154780147,0.0,0.0012003012912170392,118.56118458177315
0.3,2.0,Water,20260833,60,0,11.26742528862471,35264245.24538812,21.65878057651276,15640.797190957535,540,0.14444930732385688,255.54678213945456,0.04010885291946808,28.964439242513954,0.0,0.0011212301128358817,128.83109869258428
0.3,2.0,Water,20260834,60,0,2.307439575908389,7536701.660110103,13.265237385502076,9918.706468027533,540,0.06536846526944168,118.13913376239822,0.024565254417596435,18.367974940791726,0.0,0.0010137016772545668,64.48491379286331
0.3,2.0,Water,20260835,60,0,4.929966371020151,13993642.364561517,15.909545675305292,11421.03095106477,540,0.09554876950406542,160.9787331512016,0.029462121620935727,21.15005731678661,0.0,0.001089748645947522,87.67964049268171
0.3,2.0,Water,20260836,60,0,1.6303096656340177,5096194.0929068625,9.78648942005966,7672.891255938621,540,0.05494626441712238,97.14626327525954,0.018123128555666036,14.209057881367816,0.0,0.001108661492135297,49.560902770506736
0.3,2.0,Water,20260837,60,0,4.200253038728572,15299740.976651534,13.852504960303282,10556.791402343573,540,0.08819436698574278,168.32365745927044,0.025652786963524597,19.549613708043655,0.0,0.0011893172176197808,74.15546136820338
0.4,0.1,Climate,20260808,60,0,0.13215016448552386,5199.593703166715,4.151762451604896,726.9472307076398,300,0.020988104923624705,4.163169346850512,0.013839208172016322,2.423157435692133,0.0,0.0019112351110496621,10.981435409115056
0.4,0.1,Climate,20260809,60,0,0.10897746254769236,4242.414308482747,3.482129486888056,613.5510138149251,300,0.01905933389424478,3.7605027627001983,0.011607098289626853,2.0451700460497504,0.0,0.0020096781502706436,9.483774250955586
0.4,0.1,Climate,20260810,60,0,0.09425623894731264,3772.8472043562065,3.661588861773851,652.5823058622806,300,0.017725333936422998,3.5462878264255457,0.012205296205912836,2.1752743528742684,0.0,0.0021192120578191745,8.364115271533361
0.4,0.1,Climate,20260811,60,0,0.17388886931181854,6724.33603291599,4.365903927945193,766.8541109132383,300,0.02407549717810057,4.734390503861431,0.014553013093150644,2.5561803697107943,0.0,0.00204771476015492,11.757251374346268
0.4,0.1,Climate,20260812,60,0,0.1785587181797483,7175.138113206129,4.600313877545642,813.7909862922075,300,0.02439663352321028,4.890513985668626,0.015334379591818808,2.7126366209740254,0.0,0.001965768494444359,12.41073584817331
0.4,0.1,Climate,20260813,60,0,0.1355223126593495,5378.77868726857,4.005311621729675,704.7806052102468,300,0.021254200577717142,4.234295961655873,0.013351038739098915,2.349268684034156,0.0,0.0020706926571289726,10.264295140345075
0.4,0.1,Climate,20260814,60,0,0.15305212540277072,5945.893588714309,3.9331287879846504,689.7537511280766,300,0.022587026173061586,4.451926020916606,0.013110429293282167,2.299179170426922,0.0,0.0020076886952855116,11.25026316385644
0.4,0.1,Climate,20260815,60,0,0.1184171677521544,4665.625573496245,3.789369698906863,663.5712806513475,300,0.01986765946223111,3.9436132220322375,0.012631232329689542,2.211904268837825,0.0,0.0017075389275458645,11.63526004691771
0.4,0.1,Climate,20260816,60,0,0.12123782377170791,4733.133784895916,3.8921559672419215,679.0816278572076,300,0.020102887335878554,3.9720413663908034,0.012973853224139738,2.263605426190692,0.0,0.0018821492578466937,10.680814633626676
0.4,0.1,Climate,20260817,60,0,0.09138132855037949,3634.5385714121967,3.5625710348231947,628.6256454869347,300,0.01745292034306193,3.4806793261336195,0.011875236782743982,2.095418818289782,0.0,0.0019305412780958812,9.04042847520773
0.4,0.1,Climate,20260818,60,0,0.19105562641412088,7401.205608228033,4.811570772522114,840.0254916276629,300,0.025235928515651443,4.966959367737983,0.01603856924174038,2.8000849720922094,0.0,0.002008796281276158,12.56271168503928
0.4,0.1,Climate,20260819,60,0,0.14416802878278773,5716.813017492177,3.8980601099970698,682.7193401878791,300,0.021921680956136228,4.365322827883476,0.012993533699990232,2.275731133959597,0.0,0.0019169204949070432,11.435884281261895
0.4,0.1,Climate,20260820,60,0,0.11137839830664789,4334.63313353164,3.8091407181307053,671.9097305141244,300,0.0192681428188818,3.8011547076871435,0.01269713572710235,2.239699101713748,0.0,0.0019648719375540695,9.806309739894475
0.4,0.1,Climate,20260821,60,0,0.19902925646356812,7768.397887538002,4.850078358802273,852.3480132078148,300,0.025757151528819338,5.088679556144863,0.016166927862674242,2.8411600440260494,0.0,0.0021593348799337398,11.928280216364453
0.4,0.1,Climate,20260822,60,0,0.12665067405473934,4959.033840851594,4.01228355850194,708.0774994349114,300,0.020546749463499034,4.06572414249155,0.013374278528339799,2.3602583314497045,0.0,0.0019865499826261595,10.342931032793269
0.4,0.1,Climate,20260823,60,0,0.06083695551601433,2367.12010865223,2.844039617525775,499.4741774433796,300,0.014240430180301708,2.8089856464877316,0.009480132058419249,1.6649139248112652,0.0,0.0019267314811630264,7.390978099193046
0.4,0.1,Climate,20260824,60,0,0.11003897826380882,4348.6506276626715,3.8680995047657354,682.0853571040857,300,0.019151934477036413,3.807295902896031,0.012893665015885784,2.273617857013619,0.0,0.0018990275101834358,10.085127453043816
0.4,0.1,Climate,20260825,60,0,0.12280198880909204,4890.7219027606625,3.8538664356552,679.3384920069201,300,0.020232151707047213,4.037623848569297,0.012846221452184,2.264461640023067,0.0,0.0019442458044874457,10.406169662472765
0.4,0.1,Climate,20260826,60,0,0.2433300161786015,9454.519415633176,5.0493025208957905,877.653217427724,300,0.02847981836193257,5.613827991555962,0.01683100840298597,2.92551072475908,0.0,0.0019527758397547238,14.584274232678824
0.4,0.1,Climate,20260827,60,0,0.13064464691246258,5112.295693594797,4.15924945128278,727.0356205425107,300,0.020868209227791333,4.128072873062682,0.013864164837609267,2.423452068475036,0.0,0.00202844086959576,10.287807517874592
0.4,0.1,Climate,20260828,60,0,0.12464209203285644,4952.683801754061,4.042611458505602,713.534245196186,300,0.020383170511711898,4.063120230296769,0.013475371528352008,2.3784474839872867,0.0,0.0020788312005199845,9.80511092320213
0.4,0.1,Climate,20260829,60,0,0.1808185127282509,7012.4320169489965,4.551636664930336,793.463077839603,300,0.024550526995582727,4.8347464659307615,0.015172122216434453,2.6448769261320098,0.0,0.0020237615841009245,12.131135993714167
0.4,0.1,Climate,20260830,60,0,0.08157346125538562,3226.4839355263152,3.2549716765449324,578.0364159897483,300,0.016489740371453763,3.279473502218669,0.010849905588483108,1.926788053299161,0.0,0.0020331709408776986,8.110356114147153
0.4,0.1,Climate,20260831,60,0,0.12544250685787428,4941.963231616111,4.125347922013822,724.9224654381476,300,0.02044851313729797,4.058720336763018,0.013751159740046074,2.4164082181271587,0.0,0.001960268236521681,10.431487260938335
0.4,0.1,Climate,20260832,60,0,0.15518439104641688,6177.397891115992,4.61865022427628,812.1848977712721,300,0.02274381901721996,4.537766664750401,0.015395500747587599,2.707282992570907,0.0,0.0019778292920643106,11.499384253471977
0.4,0.1,Climate,20260833,60,0,0.16204804856422902,6434.495803168559,4.094438795753402,719.7760842022608,300,0.023241345956737606,4.631233026300361,0.013648129319178007,2.399253614007536,0.0,0.0019347915235803522,12.01232570717968
0.4,0.1,Climate,20260834,60,0,0.10420696718576929,4063.33197405171,3.7067004253490996,653.2617883486446,300,0.018637504051935108,3.680277151724541,0.012355668084496998,2.177539294495482,0.0,0.0018158898904734467,10.26356507060891
0.4,0.1,Climate,20260835,60,0,0.11456367029262657,4560.006571866879,3.5982862440370846,634.0413319639972,300,0.019541722057572663,3.8987205473363864,0.011994287480123616,2.1134711065466574,0.0,0.0018979840915947393,10.296041017474051
0.4,0.1,Climate,20260836,60,0,0.12547353129935482,4953.897063629302,3.7349609710022986,654.5496987724214,300,0.020451041644160395,4.063617872302669,0.012449869903340995,2.181832329241405,0.0,0.001869431479715729,10.939711814027138
0.4,0.1,Climate,20260837,60,0,0.091583304689099,3631.368585944212,3.4517334064830325,611.7848052872507,300,0.017472197408940775,3.4791610990506565,0.011505778021610109,2.0392826842908356,0.0,0.0018066885618901278,9.670840773277298
0.4,0.1,Traffic,20260808,60,0,0.16786331321495224,8792950.543871146,4.349084262933281,21750.652080331074,360,0.021593679194445884,156.28455656866512,0.012080789619259114,60.41847800091965,0.0,0.00032956045147954094,65.52266540934271
0.4,0.1,Traffic,20260809,60,0,0.19227329083954445,10107496.401749188,4.962335628065848,24793.41472969585,360,0.023110440812634667,167.5600754766712,0.013784265633516243,68.87059647137737,0.0,0.0003691014049071063,62.61271429852995
0.4,0.1,Traffic,20260810,60,0,0.3282231133573427,17265255.87060515,6.161891549842795,30913.859733710175,360,0.03019488152712415,218.9955343951431,0.017116365416229986,85.87183259363937,0.0,0.0003327740852923344,90.73687784491584
0.4,0.1,Traffic,20260811,60,0,0.145632280541292,7690738.235004539,4.3281568985217636,21661.02215928302,360,0.02011303340162045,146.1614236517334,0.012022658051449343,60.16950599800839,0.0,0.00037485935810988805,53.65487873381147
0.4,0.1,Traffic,20260812,60,0,0.046581705732947835,2433003.47164525,2.304513923070742,11551.826382629808,360,0.011375131956859498,82.2091416862648,0.006401427564085395,32.08840661841613,0.0,0.00033455676078171894,34.00060405379518
0.4,0.1,Traffic,20260813,60,0,0.05720931398383526,3007028.8113773037,3.0011609154597907,14997.88352574947,360,0.012606139816224833,91.39397031194892,0.008336558098499418,41.660787571526306,0.0,0.00037750158129928413,33.393607975990584
0.4,0.1,Traffic,20260814,60,0,0.21671949091497233,11379088.158253966,5.305378799903921,26622.22595384566,360,0.024535659475035988,177.78801483050574,0.014737163333066447,73.95062764957127,0.0,0.0003294825968079903,74.46723958332288
0.4,0.1,Traffic,20260815,60,0,0.22433997974625922,11746547.97772044,5.133878995171456,25720.905410691463,360,0.024963305278073167,180.63582130383864,0.014260774986587376,71.44695947414296,0.0,0.0003301713228298871,75.60712742740203
0.4,0.1,Traffic,20260816,60,0,0.091733655042507,4812439.447754435,3.172153418885469,15898.593131412155,360,0.015962947987493047,115.61958032648896,0.008811537274681858,44.1627586983671,0.0,0.00029881656245983975,53.420559610508306
0.4,0.1,Traffic,20260817,60,0,0.13866139742397623,7316884.501815998,3.943243108182985,19760.17197817067,360,0.019625762364808508,142.56464909545812,0.01095345307828607,54.88936660602964,0.0,0.0002986462920444579,65.71574095380673
0.4,0.1,Traffic,20260818,60,0,0.23701947720546307,12427089.785110077,6.147897057707777,30761.26140359544,360,0.025659061492615855,185.79476270209554,0.017077491826966048,85.44794834332066,0.0,0.0003540227409127353,72.47856854184595
0.4,0.1,Traffic,20260819,60,0,0.21051072170148516,10932135.872683506,5.203897462120533,25983.789304624755,360,0.02418164603012681,174.2614245631761,0.014455270728112592,72.17719251284655,0.0,0.0003939781861089015,61.378134330113994
0.4,0.1,Traffic,20260820,60,1,0.15938200113057208,8347926.604413759,4.449033653419641,22240.888472132996,354,0.021218662578300865,153.5633861693284,0.01256789167632667,62.82736856534745,0.016666666666666666,0.00037047769337393956,57.27379261369976
0.4,0.1,Traffic,20260821,60,0,0.08007226673087849,4214657.842628008,3.816296274154909,19141.847527315607,360,0.014913851385250193,108.2006603315752,0.010600822983763636,53.1717986869878,0.0,0.0003547120445352232,42.04495340661948
0.4,0.1,Traffic,20260822,60,0,0.15169761228671313,8040309.565482923,3.639008336532741,18269.754796386213,360,0.020527597432529236,149.44628880454866,0.010108356490368724,50.74931887885059,0.0,0.0003538298912464496,58.01544171470622
0.4,0.1,Traffic,20260823,60,0,0.1573210097882929,8290403.240103864,4.355604902093235,21815.10310783787,360,0.02090461205015487,151.75275249291988,0.012098902505814543,60.59750863288297,0.0,0.0003996658839812993,52.30522015517595
0.4,0.1,Traffic,20260824,60,0,0.08549051518120387,4480200.714348373,2.7920041443143324,13958.557866523424,360,0.015410180183278905,111.55716913000722,0.007755567067539812,38.77377185145396,0.0,0.0003217538664496901,47.894312361553126
0.4,0.1,Traffic,20260825,60,0,0.08069239869010406,4232698.321263062,3.1382588977480204,15717.782869239965,360,0.014971491305710186,108.4319848423049,0.008717385827077834,43.66050797011101,0.0,0.0003309764446534943,45.234310621059855
0.4,0.1,Traffic,20260826,60,0,0.07756093138806845,4064776.95603942,3.087475652182482,15433.312155514452,360,0.014678114035308606,106.25933888421055,0.00857632125606245,42.870311543095696,0.0,0.00030525121400473845,48.08535842573506
0.4,0.1,Traffic,20260827,60,0,0.1046509891937319,5528604.465378019,3.233429248663441,16255.486243258987,360,0.01704984434547163,123.92431006888863,0.008981747912954002,45.15412845349719,0.0,0.00033092331685010643,51.522039932878016
0.4,0.1,Traffic,20260828,60,0,0.09805697069740074,5046264.3354657125,2.787523656967187,13931.933805357048,360,0.016503953288816788,118.39510518534624,0.007743121269353297,38.6998161259918,0.0,0.0003397693260414941,48.57399424808952
0.4,0.1,Traffic,20260829,60,0,0.1178625307632418,6187463.735349913,3.524765842158064,17659.341940159673,360,0.01809408518789449,131.10072183195967,0.009791016228216844,49.05372761155465,0.0,0.00033901484300954304,53.372545659852285
0.4,0.1,Traffic,20260830,60,0,0.21894229264733922,11429453.675980218,5.259576890104148,26271.49256330825,360,0.024661164512883364,178.18103836625934,0.014609935805844855,72.9763682314118,0.0,0.0003363788326820408,73.31366339627594
0.4,0.1,Traffic,20260831,60,0,0.19648156036581682,10306167.858987633,4.550831474822147,22790.443849732226,360,0.02336198005579298,169.1988299390496,0.012641198541172629,63.306788471478406,0.0,0.00033603182887590117,69.5231167057711
0.4,0.1,Traffic,20260832,60,0,0.2736293300343096,14367216.573829811,5.434565556501023,27206.425409323787,360,0.027569575120366414,199.77220759481293,0.015096015434725064,75.5734039147883,0.0,0.0003656389757945041,75.40108398033864
0.4,0.1,Traffic,20260833,60,0,0.22149477799883696,11593889.693572182,4.97686695631857,24948.066252857978,360,0.02480450104757182,179.4582100345694,0.01382463043421825,69.30018403571661,0.0,0.00037381800722444277,66.35448418267084
0.4,0.1,Traffic,20260834,60,0,0.15807614135031908,8244736.34292302,3.9261322782583847,19573.908007894774,360,0.020954722442441828,151.33421753525667,0.01090592299516218,54.37196668859659,0.0,0.0003404556982498276,61.549043091842094
0.4,0.1,Traffic,20260835,60,0,0.09458798380029286,4954795.943941354,3.2326509632296,16188.545713949392,360,0.016209392321899607,117.31718572529671,0.008979586008971112,44.96818253874831,0.0,0.0004052170665273939,40.001751310254356
0.4,0.1,Traffic,20260836,60,0,0.1823434100320341,9581644.87844355,3.6832310002432846,18472.442504983628,360,0.022505765312719445,163.14312801310004,0.010231197222898013,51.31234029162119,0.0,0.00037770868420849377,59.584982431318274
0.4,0.1,Traffic,20260837,60,0,0.16266293947367952,8504529.233519644,4.301712784088516,21563.495192399954,360,0.021256563657797527,153.7000075319853,0.011949202178023656,59.89859775666654,0.0,0.0003670454648045163,57.91261763476222
0.4,0.1,Water,20260808,60,0,0.057618293142241137,216693.35287225078,2.661366970885006,2395.4612679638885,540,0.010329595483657727,20.032073951552405,0.004928457353490751,4.436039385118312,0.0,0.001177029519005285,8.775986767423925
0.4,0.1,Water,20260809,60,0,0.12952142468927996,502938.92754582403,3.181618559730009,2758.297275357183,540,0.015487236363061464,30.518328662364826,0.0058918862217222385,5.107957917328116,0.0,0.0010995676047372161,14.084842347426862
0.4,0.1,Water,20260810,60,0,0.10961774282643248,387432.67829488654,3.500666196000179,3059.805979604855,540,0.014247660160494741,26.785591700918395,0.006482715177778109,5.666307369638621,0.0,0.0012071533058403306,11.802693238351011
0.4,0.1,Water,20260811,60,0,0.08863498083937459,306058.2545563474,3.2899065393989253,2728.2870366349066,540,0.012811668642540254,23.80702722883975,0.006092419517405417,5.052383401175753,0.0,0.0011960714995495336,10.71145717238928
0.4,0.1,Water,20260812,60,0,0.1275906897238161,449854.1960016899,3.8319025776875857,3274.2300328092756,540,0.01537137128053655,28.862836415173323,0.00709611588460664,6.063388949646806,0.0,0.0011840133398359767,12.982430825201659
0.4,0.1,Water,20260813,60,0,0.05866301153639073,224566.87367535647,2.982849245525364,2569.1322819958395,540,0.010422821429386178,20.39275804986392,0.005523794899121044,4.757652374066369,0.0,0.0010759025284180737,9.687514578770543
0.4,0.1,Water,20260814,60,0,0.05431274460859678,229428.62303684338,2.749229564126774,2489.5731279770853,540,0.010028916027297597,20.612322053533873,0.005091165859494025,4.610320607364973,0.0,0.0010993524648603944,9.122566554277165
0.4,0.1,Water,20260815,60,0,0.11931332569083643,430681.65695588954,3.7320501992114927,3108.2905539136814,540,0.01486440725798303,28.24108043245492,0.006911204072613876,5.756093618358669,0.0,0.0011059224528908735,13.440731960118518
0.4,0.1,Water,20260816,60,0,0.110451445725137,461504.61638110457,2.8197983471009365,2611.393622751246,540,0.014301738156804902,29.23419536234112,0.0052218487909276605,4.835914116206011,0.0,0.0011946853495692646,11.971133790132518
0.4,0.1,Water,20260817,60,0,0.032720215348279784,158290.7354247787,2.2725920056856896,2143.331120844561,540,0.007784150010483053,17.121068644432448,0.004208503714232759,3.969131705267706,0.0,0.0011258332015078823,6.914123690842807
0.4,0.1,Water,20260818,60,0,0.13199694678123988,481253.66471771,3.4926720208126003,2800.369062722918,540,0.015634538379358354,29.85314874880004,0.006467911149652963,5.185868634672071,0.0,0.001113062372205603,14.04641713687395
0.4,0.1,Water,20260819,60,0,0.13610883842832894,445142.18773403415,3.795714926008371,2866.369299036418,540,0.015876189860823203,28.711276263737492,0.007029101714830317,5.308091294511885,0.0,0.0011863468172711564,13.382418724181965
0.4,0.1,Water,20260820,60,0,0.06919680692019792,279260.6866899595,3.1900199626578565,2790.3034198581545,540,0.01131999271366389,22.740919501995105,0.005907444375292327,5.167228555292879,0.0,0.0011325631530486918,9.995021189937312
0.4,0.1,Water,20260821,60,0,0.07305281092777763,293635.7869646473,2.702167327567392,2384.804461893848,540,0.011631121321677812,23.318875956196045,0.005004013569569245,4.416304559062682,0.0,0.0012472311210593686,9.325554121676031
0.4,0.1,Water,20260822,60,0,0.04055650311744167,206739.35123489727,2.3469565887049404,2390.4842584710204,540,0.008666293060049941,19.566569715588756,0.004346215905009149,4.42682270087226,0.0,0.001143490798501884,7.578804369395773
0.4,0.1,Water,20260823,60,0,0.03786886784246821,139935.76199372247,2.339102363302327,2099.793437206153,540,0.008374218354067906,16.097835257834355,0.004331671043152457,3.88850636519658,0.0,0.0010980762386373366,7.626263149505845
0.4,0.1,Water,20260824,60,0,0.10927978418372504,425773.7151625323,3.7146512134998266,3235.2642204765207,540,0.014225679973576023,28.07970517818124,0.006878983728703382,5.9912300379194825,0.0,0.0011546195722259857,12.320664152739418
0.4,0.1,Water,20260825,60,0,0.07204625221663677,325745.398930135,3.2283081607644393,2886.7651601057723,540,0.011550713639700554,24.560786230106533,0.0059783484458600725,5.345861407603282,0.0,0.0011181509799473082,10.330191402457
0.4,0.1,Water,20260826,60,0,0.08211457451477132,321979.3387773313,3.438971343397436,2753.7767135641966,540,0.01233142436538481,24.41839541765256,0.006368465450735992,5.099586506600364,0.0,0.0012258655136381696,10.059361510861944
0.4,0.1,Water,20260827,60,0,0.06534796169594774,283083.95274475985,2.887508897959525,2676.2398850982586,540,0.011000670156012528,22.896059532590442,0.0053472386999250466,4.955999787218998,0.0,0.0011313146122564892,9.723793926846655
0.4,0.1,Water,20260828,60,0,0.08296546634690814,310553.22132127424,2.755889956604601,2452.1261142502785,540,0.01239515036190664,23.981212604919705,0.00510349991963815,4.540974285648664,0.0,0.001155310651642733,10.728846258174814
0.4,0.1,Water,20260829,60,0,0.040150970096450855,164108.66334407267,2.3789633790163234,2172.1117713991507,540,0.008622856158301658,17.43286930251739,0.004405487738919117,4.022429206294723,0.0,0.0011846870488731248,7.278594094958433
0.4,0.1,Water,20260830,60,0,0.13851159250252437,512650.97832544334,4.012447210023869,3428.757125864144,540,0.01601570944662611,30.811583269375102,0.0074304577963404984,6.349550233081748,0.0,0.0011631064931538078,13.769770473208261
0.4,0.1,Water,20260831,60,0,0.030806867532607262,123926.43159275618,2.1728179673068433,2047.51114761494,540,0.0075531288013652624,15.149039304141942,0.004023736976494155,3.791687310398037,0.0,0.0011244801642571701,6.7169960319885655
0.4,0.1,Water,20260832,60,0,0.05461752730028114,189981.09752990026,2.558255941917465,1999.9082206809153,540,0.0100570159130129,18.75678136775052,0.004737511003550861,3.703533742001695,0.0,0.0012003012912170392,8.37874289280789
0.4,0.1,Water,20260833,60,0,0.06349759150509131,250237.10322069784,2.879128889406483,2573.971705924679,540,0.010843806177576016,21.526775025565076,0.00533172016556756,4.766614270230887,0.0,0.0011212301128358817,9.67134761494161
0.4,0.1,Water,20260834,60,0,0.03937277125464375,143443.010120681,2.7479998364034595,2338.380103459201,540,0.008538883964573555,16.298319052196366,0.005088888585932332,4.330333524924447,0.0,0.0010137016772545668,8.423468320284943
0.4,0.1,Water,20260835,60,0,0.1173379950779738,399980.6081152445,3.426109128284311,2876.814843005307,540,0.014740847447746322,27.215892964278158,0.0063446465338598355,5.327434894454273,0.0,0.001089748645947522,13.526832543048815
0.4,0.1,Water,20260836,60,0,0.04320012541048734,219474.6759005612,2.202305895051687,2366.8507051726074,540,0.008944284892692273,20.16022284105608,0.004078344250095717,4.383056861430754,0.0,0.001108661492135297,8.067642789202914
0.4,0.1,Water,20260837,60,0,0.048403466251975745,220108.95635644023,2.331847097309349,2179.226596695945,540,0.009467631626482407,20.18933328363897,0.004318235365387683,4.035604808696194,0.0,0.0011893172176197808,7.960560467988755
0.4,0.25,Climate,20260808,60,0,0.6674584882623975,25862.49824014212,8.300173060601129,1436.6950997601614,300,0.04716843889234967,9.284843965686251,0.027667243535337095,4.788983665867205,0.0,0.0019112351110496621,24.679558584733446
0.4,0.25,Climate,20260809,60,0,0.7509474236902001,29077.5175744361,7.6582738604716605,1329.693156859037,300,0.050031570822505,9.84505249256974,0.025527579534905535,4.432310522863457,0.0,0.0020096781502706436,24.895315110913277
0.4,0.25,Climate,20260810,60,0,0.6266647369283479,24496.117106547208,8.195130055667203,1426.798311161845,300,0.04570429363230359,9.036244999361775,0.027317100185557344,4.755994370539484,0.0,0.0021192120578191745,21.566644764817298
0.4,0.25,Climate,20260811,60,0,1.0349001734885874,40030.89886163493,9.508141388885116,1644.0136805204613,300,0.058733867955056036,11.551464389365666,0.03169380462961705,5.480045601734871,0.0,0.00204771476015492,28.682641302352348
0.4,0.25,Climate,20260812,60,0,1.1301409308983055,44336.80162981448,10.437795247043866,1815.6208821394118,300,0.061377002503606226,12.156863854055793,0.03479265082347955,6.052069607131373,0.0,0.001965768494444359,31.222904770866702
0.4,0.25,Climate,20260813,60,0,0.966766751818304,37660.1612387081,9.305843216573999,1608.4531102278625,300,0.05676755974493131,11.204189876813658,0.031019477388579998,5.361510367426209,0.0,0.0020706926571289726,27.414768458994715
0.4,0.25,Climate,20260814,60,0,0.8671252845458163,33554.12618074485,8.032408614861271,1387.6542324591694,300,0.05376260424451852,10.575778329236554,0.026774695382870906,4.6255141081972315,0.0,0.0020076886952855116,26.778356809382238
0.4,0.25,Climate,20260815,60,0,0.6557856081128951,25424.03796628161,7.7549453694118355,1337.5994570422886,300,0.046754165879020704,9.205802149782423,0.025849817898039452,4.458664856807629,0.0,0.0017075389275458645,27.381024891899507
0.4,0.25,Climate,20260816,60,0,0.6358453020083781,24627.785432154244,7.8292180951856185,1349.8789028640524,300,0.04603785768286712,9.060497674365399,0.02609739365061873,4.499596342880174,0.0,0.0018821492578466937,24.460258659580244
0.4,0.25,Climate,20260817,60,0,0.7151648374960532,27891.684975889933,8.774032051964207,1518.2947266110605,300,0.04882502218794693,9.642213607515986,0.029246773506547356,5.060982422036869,0.0,0.0019305412780958812,25.290846013975784
0.4,0.25,Climate,20260818,60,0,1.4886380149821608,57391.510223280944,11.471435138979643,1977.033936655784,300,0.07044236450181951,13.831306304091568,0.03823811712993214,6.590113122185946,0.0,0.002008796281276158,35.06695286048048
0.4,0.25,Climate,20260819,60,0,0.7823111898102584,30624.987180234977,7.638372926849514,1325.3510440624943,300,0.05106568286074509,10.103627596105433,0.02546124308949838,4.417836813541648,0.0,0.0019169204949070432,26.639437053554694
0.4,0.25,Climate,20260820,60,0,0.6024356562022468,23278.812247506918,8.223366501220305,1427.8711665137985,300,0.04481203916368334,8.8088614942581,0.02741122167073435,4.759570555045995,0.0,0.0019648719375540695,22.80659533438433
0.4,0.25,Climate,20260821,60,0,1.436466784887343,55614.96081442347,11.674309972299895,2017.0551185087363,300,0.06919698415603923,13.615550033500114,0.03891436657433298,6.723517061695787,0.0,0.0021593348799337398,32.04550845682749
0.4,0.25,Climate,20260822,60,0,0.6593820181512152,25593.91984107718,7.763064977519272,1350.887195416771,300,0.04688219342675906,9.236507247705916,0.025876883258397574,4.502957318055903,0.0,0.0019865499826261595,23.59980561112397
0.4,0.25,Climate,20260823,60,0,0.30026018109398245,11537.320887976442,4.840453042992935,839.2023750896988,300,0.0316364863774926,6.201430181277123,0.016134843476643117,2.797341250298996,0.0,0.0019267314811630264,16.419769275994792
0.4,0.25,Climate,20260824,60,0,0.7216598118785561,28029.41390943966,8.05409822435441,1395.9866903106374,300,0.0490462302961385,9.665990880304626,0.026846994081181366,4.6532889677021245,0.0,0.0018990275101834358,25.827024639259122
0.4,0.25,Climate,20260825,60,0,0.7453336434472979,29195.458376768725,8.608899631836035,1493.5760454641177,300,0.049844212082825225,9.864998458653153,0.028696332106120118,4.978586818213725,0.0,0.0019442458044874457,25.636785208836013
0.4,0.25,Climate,20260826,60,0,1.501425973960793,58195.38634838387,12.016743570182966,2072.381107664016,300,0.07074428066307535,13.927836198106279,0.04005581190060989,6.90793702554672,0.0,0.0019527758397547238,36.22754809991971
0.4,0.25,Climate,20260827,60,0,0.7497421441514424,29066.65366614511,8.953609823030261,1545.0706146455796,300,0.04999140406614729,9.843213172222628,0.029845366076767535,5.150235382151932,0.0,0.00202844086959576,24.645236060595586
0.4,0.25,Climate,20260828,60,0,0.9031466894834473,35254.65958166863,9.798939989562115,1697.3310134933558,300,0.05486792291443904,10.840458105582782,0.032663133298540384,5.657770044977853,0.0,0.0020788312005199845,26.393640282440803
0.4,0.25,Climate,20260829,60,0,1.1440817537552475,44323.12340561937,10.246009856566314,1767.7448439139234,300,0.06175439940482642,12.154988469159397,0.03415336618855438,5.892482813046412,0.0,0.0020237615841009245,30.51466135634816
0.4,0.25,Climate,20260830,60,0,0.3964628743720141,15413.353148311959,6.152922088581253,1075.398312040622,300,0.03635303171089559,7.1678339704339225,0.02050974029527084,3.5846610401354067,0.0,0.0020331709408776986,17.879968171885423
0.4,0.25,Climate,20260831,60,0,0.6017950855072907,23404.760313588442,8.191127168625895,1417.785924168683,300,0.04478820847452637,8.832659152936984,0.027303757228752983,4.725953080562277,0.0,0.001960268236521681,22.84799990127831
0.4,0.25,Climate,20260832,60,0,1.1620047356051877,45286.31315061325,11.341825971432007,1960.81635174719,300,0.06223623637949164,12.286349220525633,0.03780608657144002,6.536054505823967,0.0,0.0019778292920643106,31.466940361943017
0.4,0.25,Climate,20260833,60,0,1.0493584310405257,40819.39623790345,8.648679708691597,1496.8316786471557,300,0.059142720911383104,11.664675483113314,0.028828932362305326,4.989438928823852,0.0,0.0019347915235803522,30.568007038783627
0.4,0.25,Climate,20260834,60,0,0.6324163156863175,24383.388399051822,8.133455379923712,1409.9881678040504,300,0.045913553397891764,9.015429070774877,0.02711151793307904,4.6999605593468345,0.0,0.0018158898904734467,25.2843267858719
0.4,0.25,Climate,20260835,60,0,0.5804427877736488,22655.861570613677,6.865404167369822,1192.9790469996674,300,0.043986467152737206,8.690197844048907,0.022884680557899405,3.9765968233322244,0.0,0.0018979840915947393,23.175361346563523
0.4,0.25,Climate,20260836,60,0,0.6742101942307498,26274.504409077537,7.755459779124632,1338.7554450376476,300,0.04740640583404841,9.358508501016162,0.025851532597082106,4.462518150125492,0.0,0.001869431479715729,25.35872876242416
0.4,0.25,Climate,20260837,60,0,0.5546437877075503,21619.101869301583,7.290508126762535,1268.1656294593122,300,0.04299782117377384,8.489032506574112,0.024301693755875115,4.227218764864374,0.0,0.0018066885618901278,23.79924358893944
0.4,0.25,Traffic,20260808,60,0,1.6211886652544298,84622137.76470183,13.213621452877486,66081.22643264661,360,0.06710664533359548,484.83140759529846,0.036704504035770795,183.55896231290725,0.0,0.00032956045147954094,203.6246917138401
0.4,0.25,Traffic,20260809,60,0,1.5276171864141568,80244654.97848438,13.885798121187149,69478.79648301816,360,0.06514123942152665,472.12479217329695,0.03857166144774208,192.99665689727266,0.0,0.0003691014049071063,176.4860240451295
0.4,0.25,Traffic,20260810,60,0,2.4833413962109727,130948283.14146398,17.068222256250476,85575.0799090894,360,0.08305522587429691,603.1129504068961,0.04741172848958465,237.70855530302612,0.0,0.0003327740852923344,249.58441641071542
0.4,0.25,Traffic,20260811,60,0,1.4298052098988236,75453210.9126523,13.535483232958214,67834.46746802829,360,0.06302127528547675,457.8124643728535,0.03759856453599504,188.42907630007858,0.0,0.00037485935810988805,168.11978658674008
0.4,0.25,Traffic,20260812,60,0,0.44391124251534536,23410875.3122348,6.370322255534632,32000.89212783255,360,0.03511533546422201,255.01021391436896,0.017695339598707314,88.89136702175709,0.0,0.00033455676078171894,104.96077072892561
0.4,0.25,Traffic,20260813,60,0,1.3560778226449175,71225678.23589337,12.994981885833644,65075.64124242902,360,0.061374936583921014,444.8023226229995,0.036097171905093456,180.76567011785838,0.0,0.00037750158129928413,162.5819324323911
0.4,0.25,Traffic,20260814,60,0,1.7618023098198183,91996130.96487533,15.98825386551078,80020.57912700411,360,0.06995638144626301,505.5143996324583,0.0444118162930855,222.2793864639003,0.0,0.0003294825968079903,212.32193179244268
0.4,0.25,Traffic,20260815,60,0,1.6932615698796447,88982624.61364119,14.544805230778412,72860.84592152132,360,0.06858209941943154,497.16592528059925,0.04040223675216226,202.39123867089256,0.0,0.0003301713228298871,207.71670547162216
0.4,0.25,Traffic,20260816,60,0,1.2122139872515036,63267690.33218983,10.451403780074882,52267.71526515917,360,0.05802810591169266,419.21782435397813,0.029031677166874673,145.18809795877547,0.0,0.00029881656245983975,194.19307093960532
0.4,0.25,Traffic,20260817,60,0,1.1147632979763555,58910809.75044529,10.281728446241708,51552.27770339107,360,0.055646785321355155,404.5258189481623,0.028560356795115854,143.20077139830852,0.0,0.0002986462920444579,186.33007274395126
0.4,0.25,Traffic,20260818,60,0,1.2088284841416854,62964913.5679777,12.325059248432773,61594.78750203553,360,0.057947018045742184,418.2135073007888,0.034236275690091036,171.0966319500987,0.0,0.0003540227409127353,163.6816264863217
0.4,0.25,Traffic,20260819,60,0,1.7845584182692926,92292927.49544175,14.59350599291204,72812.26598441758,360,0.07040672352421111,506.32918446687796,0.040537516646977884,202.25629440115995,0.0,0.0003939781861089015,178.70716198675433
0.4,0.25,Traffic,20260820,60,0,1.4677769161925178,76352104.63252524,12.577991164652028,62849.99622194319,360,0.06385262798456123,460.53140993290816,0.034938864346255635,174.58332283873108,0.0,0.00037047769337393956,172.35215271142368
0.4,0.25,Traffic,20260821,60,0,0.7251433595190472,37892370.514058515,11.054210885333957,55308.710451066465,360,0.04488081003920418,324.43271222438966,0.03070614134814988,153.63530680851795,0.0,0.0003547120445352232,126.5274487592075
0.4,0.25,Traffic,20260822,60,0,0.9658755070703274,51023481.64779645,9.42552328158264,47248.315614821855,360,0.051797562873554186,376.47296511980943,0.026182009115507332,131.24532115228294,0.0,0.0003538298912464496,146.39114488344953
0.4,0.25,Traffic,20260823,60,0,1.1071896424472356,58230654.74940859,11.040323480858094,55258.7774010989,360,0.05545743218519637,402.1838121411119,0.030667565224605817,153.4966038919414,0.0,0.0003996658839812993,138.75948487960326
0.4,0.25,Traffic,20260824,60,0,0.719544131676964,37637757.94681984,8.008391853354322,40034.87324670039,360,0.04470719963386968,323.3408845631111,0.02224553292598423,111.20798124083441,0.0,0.0003217538664496901,138.9484456773736
0.4,0.25,Traffic,20260825,60,0,1.4575549886995813,76289580.87446222,12.95003141917792,64811.08540113926,360,0.0636298975128739,460.34280968541447,0.035972309497716445,180.0307927809424,0.0,0.0003309764446534943,192.24902116369424
0.4,0.25,Traffic,20260826,60,0,0.5725365832042807,30054162.55766817,8.282274160239854,41444.30986078343,360,0.0398795611534238,288.93560680956506,0.023006317111777374,115.12308294662064,0.0,0.00030525121400473845,130.6450533979031
0.4,0.25,Traffic,20260827,60,0,1.0517725197127672,55094658.85782538,9.6141249519339,48135.84853260145,360,0.05405173755334295,391.20419099175683,0.026705902644260832,133.71069036833737,0.0,0.00033092331685010643,163.3361410366438
0.4,0.25,Traffic,20260828,60,0,0.6785382652041284,35154834.71373113,7.148637454657688,35741.66686921239,360,0.0434146117621235,312.49370977549796,0.019857326262938024,99.28240797003443,0.0,0.0003397693260414941,127.77672507382705
0.4,0.25,Traffic,20260829,60,0,1.3157280368552033,69030679.38737603,10.795632959381706,54066.12555758395,360,0.06045494274561481,437.8948357621446,0.02998786933161585,150.18368210439988,0.0,0.00033901484300954304,178.32535652108024
0.4,0.25,Traffic,20260830,60,0,1.8223716185331718,95062486.95962708,15.862082102142962,79265.04066132818,360,0.07114874127357676,513.870084531822,0.04406133917261934,220.1806685036894,0.0,0.0003363788326820408,211.51372904855015
0.4,0.25,Traffic,20260831,60,0,1.5340814164290844,80219600.2026719,13.025678524552928,65220.65747605035,360,0.0652789190157019,472.05108069487534,0.03618244034598036,181.16849298902875,0.0,0.00033603182887590117,194.26409466649022
0.4,0.25,Traffic,20260832,60,0,2.4022042670773844,126126857.28309146,16.849159093794892,84355.20056747244,360,0.08168714483179414,591.9057199773632,0.04680321970498581,234.3200015763123,0.0,0.0003656389757945041,223.4092923334952
0.4,0.25,Traffic,20260833,60,0,1.7434805815645418,91271213.01562472,13.565208424721199,67936.34882038685,360,0.06959167777440821,503.51876555459603,0.03768113451311444,188.71208005663013,0.0,0.00037381800722444277,186.16459461415113
0.4,0.25,Traffic,20260834,60,0,1.0811094063448254,56479277.48905011,10.355301717246828,51719.11668045339,360,0.05480038032980412,396.08948725512533,0.0287647269923523,143.6642130012594,0.0,0.0003404556982498276,160.9618538080435
0.4,0.25,Traffic,20260835,60,0,0.9456059327881126,49620627.36045607,10.462577333163622,52343.27033617452,360,0.051251177026812235,371.261465817915,0.029062714814343395,145.39797315604034,0.0,0.0004052170665273939,126.47832793919972
0.4,0.25,Traffic,20260836,60,0,1.3687492039432279,72016045.16523506,10.873551731382365,54484.42041484201,360,0.06166101784810661,447.26342339099307,0.030204310364951015,151.34561226345002,0.0,0.00037770868420849377,163.25019896569273
0.4,0.25,Traffic,20260837,60,0,1.4498643717025803,76137335.93967602,12.985890674614227,65024.38341406598,360,0.0634618076681335,459.8832458705507,0.03607191854059508,180.6232872612944,0.0,0.0003670454648045163,172.89903773074118
0.4,0.25,Water,20260808,60,0,0.34804304483999216,1250900.2788604244,5.468665386605997,4451.486913510425,540,0.02538748032221978,48.129845188715024,0.010127158123344438,8.243494284278565,0.0,0.001177029519005285,21.56911098004993
0.4,0.25,Water,20260809,60,0,0.9358474717817651,3167806.09011797,7.944220031085222,6108.298728608827,540,0.041629927620282205,76.59182446118213,0.014711518576083745,11.31166431223857,0.0,0.0010995676047372161,37.86027111105303
0.4,0.25,Water,20260810,60,0,1.5169262974343116,4767502.804385701,11.705308413047344,8810.861940949108,540,0.0530011582234436,93.96120953356528,0.021676497061198785,16.316411001757608,0.0,0.0012071533058403306,43.90590488135898
0.4,0.25,Water,20260811,60,0,0.7252401247144507,2222497.6795785134,8.079708684703144,5975.15424701143,540,0.0366474728731699,64.15400567122768,0.014962423490191008,11.065100457428574,0.0,0.0011960714995495336,30.63986800703146
0.4,0.25,Water,20260812,60,0,1.5018323485953158,4780723.730443205,11.598264483165899,8767.718093001838,540,0.052736808928084106,94.09140286664527,0.02147826756141833,16.23651498704044,0.0,0.0011840133398359767,44.54072192749942
0.4,0.25,Water,20260813,60,0,0.22918210136193037,747638.1536147168,5.6270727219790295,4481.392114502841,540,0.020601245079324444,37.209072808745354,0.010420505040701907,8.298874286116371,0.0,0.0010759025284180737,19.14787309740313
0.4,0.25,Water,20260814,60,0,0.7733669729519237,2712392.5451877546,8.748155482983105,6648.606239036916,540,0.03784390388189465,70.87276739167945,0.016200287931450195,12.312233775994288,0.0,0.0010993524648603944,34.42381319143211
0.4,0.25,Water,20260815,60,0,1.8217208413062476,5837792.523972614,11.907158606001477,8945.928002912087,540,0.058082330476058625,103.97464544900157,0.02205029371481755,16.56653333872609,0.0,0.0011059224528908735,52.519351898708464
0.4,0.25,Water,20260816,60,0,0.858696379710348,3096136.899194928,7.220278121541827,5691.897421501228,540,0.03987704202852926,75.7204519952237,0.013370885410262642,10.54055078055783,0.0,0.0011946853495692646,33.37869845219634
0.4,0.25,Water,20260817,60,0,0.8775480971607511,2602772.490762693,8.167625473005108,6136.074321359303,540,0.04031239348905254,69.4258529437554,0.015125232357416868,11.36310059510982,0.0,0.0011258332015078823,35.80671935688184
0.4,0.25,Water,20260818,60,0,1.3599837378763808,4247201.297965662,10.833803971867999,7986.08392409384,540,0.05018454347181789,88.68589283998497,0.0200625999479037,14.789044303877482,0.0,0.001113062372205603,45.08691042387325
0.4,0.25,Water,20260819,60,1,0.9265436206563187,2855590.0480984915,9.078958336459104,6494.910826628293,531,0.0417720389783331,73.3332055481487,0.017097849974499254,12.231470483292453,0.016666666666666666,0.0011863468172711564,35.21064697962224
0.4,0.25,Water,20260820,60,0,0.7728719994830479,2695945.51169848,8.2382470284492,6341.222792801889,540,0.03783179143904139,70.65756639122606,0.015256013015646667,11.74300517185535,0.0,0.0011325631530486918,33.40369262164659
0.4,0.25,Water,20260821,60,0,1.007326682280023,3467239.4526123875,8.280395042329005,6459.871583542532,540,0.04319050569280294,80.12998066350728,0.015334064893201861,11.962725154708393,0.0,0.0012472311210593686,34.62911160853487
0.4,0.25,Water,20260822,60,0,0.34330793052925657,1182840.9491056215,6.027589586156197,5037.258093909548,540,0.02521419098258024,46.80220296147872,0.01116220293732629,9.328255729462125,0.0,0.001143490798501884,22.05019141003494
0.4,0.25,Water,20260823,60,0,0.42003919257797634,1264294.9448855217,6.107316769202096,4661.577583186085,540,0.02788996874551641,48.38684671450691,0.01130984586889277,8.632551079974231,0.0,0.0010980762386373366,25.39893658032944
0.4,0.25,Water,20260824,60,0,1.0868839218552617,3670158.4486443372,11.449775022125683,8715.992703930067,540,0.04486366016539076,82.4414320576234,0.021203287078010526,16.140727229500126,0.0,0.0011546195722259857,38.855793929509026
0.4,0.25,Water,20260825,60,0,1.0911130045028625,3679182.6164541235,10.752979910055114,8238.96705812223,540,0.04495085803372683,82.54272312918754,0.019912925759361322,15.257346403930057,0.0,0.0011181509799473082,40.20106304056103
0.4,0.25,Water,20260826,60,0,1.2589571042027172,3913673.6479335325,11.14778424940536,8269.855136749153,540,0.04828459428036904,85.1325072605612,0.02064404490630622,15.314546549535468,0.0,0.0012258655136381696,39.38816594739517
0.4,0.25,Water,20260827,60,0,0.44237117542603505,1442941.3207858447,6.836961647300767,5337.492474795608,540,0.028621772838498028,51.692490334775165,0.012661040087594014,9.884245323695572,0.0,0.0011313146122564892,25.299569658531876
0.4,0.25,Water,20260828,60,0,0.8553058103073697,2891221.1908505466,7.286552224945939,5659.39628448072,540,0.0397982367538733,73.1718068410908,0.013493615231381368,10.480363489779112,0.0,0.001155310651642733,34.44808259777082
0.4,0.25,Water,20260829,60,0,0.3614282982184117,1196801.8818747532,5.254593170701201,4057.025573880831,540,0.02587105841219932,47.077593197290184,0.009730728093891113,7.513010322001539,0.0,0.0011846870488731248,21.837884052845762
0.4,0.25,Water,20260830,60,0,0.8976942536450382,2820133.156420078,8.526572785733498,6451.439147550964,540,0.0407725001196803,72.26665073313782,0.01578994960321018,11.947109532501784,0.0,0.0011631064931538078,35.05482976810154
0.4,0.25,Water,20260831,60,0,0.4188472032854787,1260928.0451793566,6.364251906048633,4888.98944941754,540,0.027850367484957585,48.32237510219595,0.01178565167786784,9.053684165588036,0.0,0.0011244801642571701,24.767326601403855
0.4,0.25,Water,20260832,60,0,0.4985930478096177,1559085.7759695163,6.7802603696357515,4916.723642385952,540,0.030386188620929403,53.732633300677065,0.012556037721547689,9.105043782196208,0.0,0.0012003012912170392,25.31546774403574
0.4,0.25,Water,20260833,60,0,0.9265342172864629,2927652.00098632,9.050602927226722,6826.51653948169,540,0.0414222658251096,73.63136410256364,0.016760375791160596,12.641697295336463,0.0,0.0011212301128358817,36.943590214806086
0.4,0.25,Water,20260834,60,0,0.975673068919278,3066639.242703695,10.828924392500271,8021.570099809413,540,0.042506493380190094,75.3588850804097,0.020053563689815316,14.854759444091505,0.0,0.0010137016772545668,41.931955262529975
0.4,0.25,Water,20260835,60,0,1.1227827263530026,3450330.033526946,9.183079920240514,6898.015771986229,540,0.04559854461519665,79.93434844975555,0.01700570355600095,12.77410328145598,0.0,0.001089748645947522,41.84317620835336
0.4,0.25,Water,20260836,60,0,0.0735151782727579,296539.2128873062,3.044655253274963,2896.9248591618752,540,0.011667871229304246,23.433879118320306,0.005638250469027709,5.364675665114584,0.0,0.001108661492135297,10.524286549207881
0.4,0.25,Water,20260837,60,0,0.31131471873608507,1119453.9393229713,5.46437153147,4367.017781820141,540,0.024010596377436307,45.53089995374674,0.01011920653975926,8.087069966333594,0.0,0.0011893172176197808,20.188555266600357
0.4,0.5,Climate,20260808,60,0,4.360457212310257,169130.16939155266,19.27453253535211,3314.3054230483926,300,0.12056059627576302,23.743783003244776,0.06424844178450705,11.047684743494642,0.0,0.0019112351110496621,63.079940075792344
0.4,0.5,Climate,20260809,60,0,3.835341602172021,148268.29121704955,16.86630693847089,2900.1615167588475,300,0.11306843948352728,22.231231126281898,0.05622102312823629,9.667205055862825,0.0,0.0020096781502706436,56.26196387132952
0.4,0.5,Climate,20260810,60,0,4.562428195947884,177679.6105711592,20.551958541916886,3545.834306603693,300,0.12332110114044939,24.336502800742153,0.06850652847305629,11.819447688678977,0.0,0.0021192120578191745,58.19195898090345
0.4,0.5,Climate,20260811,60,0,6.0325808826939955,233354.21013682993,21.891989579046726,3765.5881714798147,300,0.14180480578003454,27.88991515087069,0.07297329859682242,12.551960571599382,0.0,0.00204771476015492,69.25027281109519
0.4,0.5,Climate,20260812,60,0,5.229471620608136,204153.05996321872,20.789771420779235,3590.637041479303,300,0.13202867896291998,26.086590422617437,0.06929923806926412,11.968790138264344,0.0,0.001965768494444359,67.16390019275337
0.4,0.5,Climate,20260813,60,0,5.635810562647133,218244.37877952875,21.09134308294231,3621.8802228289996,300,0.13706215819409737,26.97186056983146,0.07030447694314103,12.072934076096665,0.0,0.0020706926571289726,66.19145420843616
0.4,0.5,Climate,20260814,60,0,5.527164150427453,213903.09173467293,20.138412027726847,3460.2150930882985,300,0.13573459581633873,26.702252822229124,0.06712804009242282,11.534050310294328,0.0,0.0020076886952855116,67.60739159167106
0.4,0.5,Climate,20260815,60,0,4.126079613559354,159874.99872253023,18.95028932275686,3256.3318005434257,300,0.11727573795062862,23.084987814777683,0.0631676310758562,10.854439335144752,0.0,0.0017075389275458645,68.68115043162236
0.4,0.5,Climate,20260816,60,0,3.9664886039584104,153530.98835569402,18.889780919068812,3243.765785361654,300,0.11498534115208497,22.62233323920516,0.06296593639689604,10.812552617872178,0.0,0.0018821492578466937,61.0925731169886
0.4,0.5,Climate,20260817,60,0,4.532286411447775,176148.79226524613,20.05970508705975,3451.6318914885624,300,0.12291306428322656,24.23143910056012,0.0668656836235325,11.505439638295208,0.0,0.0019305412780958812,63.66766962085232
0.4,0.5,Climate,20260818,60,0,9.207742077983516,355548.1798686106,27.859190152754817,4780.0484910961395,300,0.1751926756268035,34.42616155719419,0.09286396717584938,15.933494970320465,0.0,0.002008796281276158,87.21276381271785
0.4,0.5,Climate,20260819,60,0,3.79983855913913,148114.6891539846,16.49168408503741,2843.2819514164107,300,0.11254389601601576,22.21971265595669,0.05497228028345803,9.477606504721368,0.0,0.0019169204949070432,58.7107792498579
0.4,0.5,Climate,20260820,60,0,4.122264842797267,159146.226140268,20.5568705873428,3535.409040998469,300,0.11722151171744981,23.032312529738736,0.06852290195780933,11.78469680332823,0.0,0.0019648719375540695,59.65860139636917
0.4,0.5,Climate,20260821,60,0,6.736540036127503,260803.17863059824,24.02596556142128,4126.577845884799,300,0.1498503702156199,29.48463886108597,0.08008655187140427,13.755259486282663,0.0,0.0021593348799337398,69.39654039220545
0.4,0.5,Climate,20260822,60,0,4.015795795530408,155778.32785109177,18.517329085549548,3193.7626927366596,300,0.11569782186844038,22.78730113104605,0.06172443028516516,10.645875642455533,0.0,0.0019865499826261595,58.24057933618732
0.4,0.5,Climate,20260823,60,0,1.627759857424939,62812.4288720854,10.542668690829043,1814.075638569837,300,0.07366047916906639,14.469787935797516,0.035142228969430145,6.0469187952327905,0.0,0.0019267314811630264,38.23079650133861
0.4,0.5,Climate,20260824,60,0,3.692973379079679,143095.44487021916,17.520003893182476,3014.4774995481107,300,0.11095003949345368,21.839982056633286,0.05840001297727492,10.048258331827036,0.0,0.0018990275101834358,58.4246615167447
0.4,0.5,Climate,20260825,60,0,5.536778165335285,215260.98184523286,21.50038221956002,3699.2842897721275,300,0.13585259371018385,26.786873765909604,0.07166794073186673,12.330947632573759,0.0,0.0019442458044874457,69.87418637943168
0.4,0.5,Climate,20260826,60,0,8.252415036936592,319498.93090060237,27.547035462252705,4733.603082232146,300,0.16585550977619637,32.63428314419272,0.09182345154084234,15.77867694077382,0.0,0.0019527758397547238,84.93320451825565
0.4,0.5,Climate,20260827,60,0,5.204718581023035,201815.5978174244,23.147489325700953,3974.0603247639056,300,0.1317158378356356,25.93682053358535,0.07715829775233651,13.246867749213019,0.0,0.00202844086959576,64.9345217846477
0.4,0.5,Climate,20260828,60,0,5.2484624548603955,203652.6481084697,23.198956942054824,3993.375627278661,300,0.1322681928867808,26.054599600868283,0.07732985647351608,13.31125209092887,0.0,0.0020788312005199845,63.626230380656274
0.4,0.5,Climate,20260829,60,0,6.7231086530343385,260668.79953923647,23.994729863297774,4125.456087479602,300,0.14970090907132505,29.47704188795276,0.07998243287765924,13.751520291598672,0.0,0.0020237615841009245,73.97161318181219
0.4,0.5,Climate,20260830,60,0,2.335017698423494,90387.92743316758,14.510468630014692,2503.502752128978,300,0.08822353613451635,17.357796272680815,0.04836822876671564,8.34500917376326,0.0,0.0020331709408776986,43.39208984387273
0.4,0.5,Climate,20260831,60,0,3.9670860816622713,154015.04044698717,19.533651938856384,3362.30513502392,300,0.11499400102704302,22.657966990809744,0.06511217312952128,11.207683783413065,0.0,0.001960268236521681,58.662380425593945
0.4,0.5,Climate,20260832,60,0,7.954626523794312,308502.5787093522,28.396480231337666,4877.1784548090955,300,0.16283556658783438,32.06777087717782,0.09465493410445888,16.25726151603032,0.0,0.0019778292920643106,82.33044542377
0.4,0.5,Climate,20260833,60,0,5.632637573258385,218052.9001602765,18.679578120713806,3213.9077712555795,300,0.137023569423395,26.96002597428747,0.062265260402379355,10.713025904185265,0.0,0.0019347915235803522,70.82084439249115
0.4,0.5,Climate,20260834,60,0,3.432597954300518,132352.8845141617,17.575493737855847,3019.765990879523,300,0.1069672528440444,21.004196764310517,0.05858497912618616,10.065886636265077,0.0,0.0018158898904734467,58.906243933191035
0.4,0.5,Climate,20260835,60,0,3.4178640669997877,132833.2491817291,15.949064420883191,2745.540201867973,300,0.10673743590386939,21.042278804170195,0.053163548069610635,9.151800672893243,0.0,0.0018979840915947393,56.237265831973126
0.4,0.5,Climate,20260836,60,0,5.305973519275785,206779.75644159532,20.6251099444109,3542.6629991445116,300,0.1329908959199311,26.253873139125925,0.06875036648136967,11.808876663815038,0.0,0.001869431479715729,71.13975417818153
0.4,0.5,Climate,20260837,60,0,3.1867401091788836,123974.90802427664,15.75157283658878,2717.5071502579176,300,0.10306535320172477,20.32854380948757,0.05250524278862927,9.058357167526392,0.0,0.0018066885618901278,57.04655211515785
0.4,0.5,Traffic,20260808,60,0,6.558727219221404,342355060.3500728,26.643940001296254,133230.27841031295,360,0.1349766154563799,975.1852535545245,0.07401094444804515,370.0841066953138,0.0,0.00032956045147954094,409.565573934648
0.4,0.5,Traffic,20260809,60,0,5.679177585707601,298121156.1356684,27.084478495209705,135535.45914264745,360,0.12560053062639595,910.0078695259062,0.07523466248669362,376.487386507354,0.0,0.0003691014049071063,340.2873274297249
0.4,0.5,Traffic,20260810,60,0,11.087454559184305,584621049.7099012,36.07143484377701,180831.46472069153,360,0.17549497111490994,1274.3419322557354,0.10019843012160282,502.30962422414314,0.0,0.0003327740852923344,527.3697047675502
0.4,0.5,Traffic,20260811,60,0,6.164886212851341,325140521.0728959,28.34651520854638,142103.20351463655,360,0.13086131561537603,950.3515739406009,0.07874032002373994,394.73112087399045,0.0,0.00037485935810988805,349.0944344439034
0.4,0.5,Traffic,20260812,60,0,1.7775200657255938,93384881.45259267,12.735399029127732,63890.10470810281,360,0.07026774322636703,509.3156668309194,0.0353761084142437,177.47251307806334,0.0,0.00033455676078171894,210.03235164693956
0.4,0.5,Traffic,20260813,60,0,5.587535644935097,293482172.0368447,27.027577828823453,135369.56460835016,360,0.12458303394540501,902.8999145297898,0.07507660508006515,376.02656835652823,0.0,0.00037750158129928413,330.0198995633751
0.4,0.5,Traffic,20260814,60,0,6.101226727721299,318057801.3035572,28.141166914442948,140769.5755633205,360,0.13018391613962169,939.9435581511697,0.07816990809567485,391.02659878700143,0.0,0.0003294825968079903,395.11621372672323
0.4,0.5,Traffic,20260815,60,0,6.784876763752047,356804685.728625,29.222917987544452,146380.30739036683,360,0.1372839389707013,995.5521719246854,0.08117477218762348,406.6119649732412,0.0,0.0003301713228298871,415.7960715486898
0.4,0.5,Traffic,20260816,60,0,5.157108037540077,269009824.56921107,21.45423166508313,107282.81874259838,360,0.11968834573289912,864.4359506014619,0.059595087958564254,298.00782984055104,0.0,0.00029881656245983975,400.5412041007096
0.4,0.5,Traffic,20260817,60,0,4.943343022549664,261724945.2993966,21.23847014611078,106485.20149945555,360,0.1171815190035156,852.6510053607914,0.05899575040586328,295.7922263873765,0.0,0.0002986462920444579,392.37560326404923
0.4,0.5,Traffic,20260818,60,0,9.109347971042002,474686703.9610123,35.794496758374876,179000.54607670245,360,0.1590715070778094,1148.2918521305803,0.09942915766215243,497.22373910195125,0.0,0.0003540227409127353,449.325675146444
0.4,0.5,Traffic,20260819,60,0,8.185911839664195,424652402.11548144,31.037712310812573,154961.41823798488,360,0.15079338181454519,1086.089317632918,0.08621586753003492,430.44838399440243,0.0,0.0003939781861089015,382.745510110206
0.4,0.5,Traffic,20260820,60,0,7.55923157359291,391928594.4265612,29.34646004634222,146594.703781442,360,0.14490640248864964,1043.4033448641906,0.08151794457317284,407.20751050400554,0.0,0.00037047769337393956,391.1339470103783
0.4,0.5,Traffic,20260821,60,0,3.871636413575386,202942073.77132988,24.77984110485359,124040.79854764816,360,0.103704125247094,750.8182088216419,0.06883289195792663,344.5577737434671,0.0,0.0003547120445352232,292.3614431615279
0.4,0.5,Traffic,20260822,60,0,4.076495609381741,215071976.37353012,19.40317656574314,97184.69692538664,360,0.1064124001935361,772.930887332845,0.053897712682619836,269.9574914594073,0.0,0.0003538298912464496,300.74451827309787
0.4,0.5,Traffic,20260823,60,0,4.399220071448706,231056124.50188878,21.503561957092693,107621.98746274678,360,0.11054436102318464,801.1382952155028,0.0597321165474797,298.9499651742966,0.0,0.0003996658839812993,276.59193704999126
0.4,0.5,Traffic,20260824,60,0,3.118001396544365,163173179.9198905,16.609212772168714,83057.08683093764,360,0.09306511156389925,673.2450022917415,0.0461367021449131,230.71413008593788,0.0,0.0003217538664496901,289.243180169992
0.4,0.5,Traffic,20260825,60,0,4.7849077789250085,250250539.01161152,24.69768657048115,123549.85741702412,360,0.11528837971371578,833.7507937887467,0.06860468491800319,343.1940483806226,0.0,0.0003309764446534943,348.32805045813285
0.4,0.5,Traffic,20260826,60,0,2.312278037115176,121402103.16055329,16.662431464440946,83389.83155222713,360,0.08014358706435691,580.7134098114751,0.046284531845669295,231.6384209784087,0.0,0.00030525121400473845,262.54960959176674
0.4,0.5,Traffic,20260827,60,0,5.00081231007202,262678157.40172985,21.476873897582525,107534.50800664774,360,0.1178607029749764,854.2022877153505,0.059657983048840346,298.7069666851326,0.0,0.00033092331685010643,356.1571426783507
0.4,0.5,Traffic,20260828,60,0,2.715988464590825,141182871.67527816,14.29201433628008,71485.17093169827,360,0.08685857701828405,626.2384877524212,0.03970003982300022,198.56991925471743,0.0,0.0003397693260414941,255.63984256682576
0.4,0.5,Traffic,20260829,60,0,5.390128122382837,282858592.58431166,21.982066037244827,110095.247763645,360,0.12236248656238603,886.4075319705937,0.061061294547902295,305.8201326767917,0.0,0.00033901484300954304,360.93548434674767
0.4,0.5,Traffic,20260830,60,0,7.112158169177859,371316952.55262685,31.482931550575,157367.02313608586,360,0.14055602055544594,1015.5963663349985,0.0874525876404861,437.13061982246074,0.0,0.0003363788326820408,417.85037255392734
0.4,0.5,Traffic,20260831,60,0,6.301226911674951,329664982.40668076,26.46407177552613,132521.95111329044,360,0.13230044628793197,956.9409920370116,0.07351131048757258,368.1165308702512,0.0,0.00033603182887590117,393.7140321811343
0.4,0.5,Traffic,20260832,60,0,9.487157255247435,499675147.8566101,33.19747652361221,166395.5302502071,360,0.16233673212772748,1178.1283978514043,0.09221521256558947,462.2098062505753,0.0,0.0003656389757945041,443.9809289340197
0.4,0.5,Traffic,20260833,60,0,6.997966521221012,366426332.4534779,27.23803434604445,136382.4223751272,360,0.13942308235109632,1008.8859814081486,0.07566120651679015,378.84006215313116,0.0,0.00037381800722444277,372.970482043648
0.4,0.5,Traffic,20260834,60,0,4.352390895203448,227635946.8781024,21.065994959607714,105294.11838754016,360,0.1099544210520817,795.1868174595172,0.058516652665576985,292.48366218761157,0.0,0.0003404556982498276,322.96249296845883
0.4,0.5,Traffic,20260835,60,0,4.005071048312163,209717634.02827644,20.831347062507945,104199.23053501734,360,0.1054760511036637,763.2489655491706,0.05786485295141096,289.44230704171486,0.0,0.0004052170665273939,260.29518452311584
0.4,0.5,Traffic,20260836,60,0,5.977835463750651,314726195.76056683,23.301784248846804,116771.50144361034,360,0.12886077180592423,935.007717972553,0.0647271784690189,324.3652817878065,0.0,0.00037770868420849377,341.16444019802725
0.4,0.5,Traffic,20260837,60,0,5.85422220891213,307268969.33877873,26.710447369871947,133732.0844612059,360,0.12752148194751053,923.8641214106872,0.07419568713853318,371.4780123922386,0.0,0.0003670454648045163,347.42693801005504
0.4,0.5,Water,20260808,60,0,4.199835592514185,17181925.71074978,16.69066824117016,13203.8565045676,540,0.08818998423557356,178.37707516896032,0.030908644891055857,24.45158611956963,0.0,0.001177029519005285,74.92588997266905
0.4,0.5,Water,20260809,60,0,7.045707674715967,23070260.7867742,22.194760316837947,16413.086484442647,540,0.11422612137785984,206.69471488331035,0.04110140799414434,30.394604600819715,0.0,0.0010995676047372161,103.88276344787236
0.4,0.5,Water,20260810,60,0,6.724861950661685,21623679.54821845,26.78508004265667,19567.18684896172,540,0.11159501806434237,200.10959750901344,0.04960200007899383,36.23553120178096,0.0,0.0012071533058403306,92.44477691808845
0.4,0.5,Water,20260811,60,0,3.5198161092156566,10767185.410922838,16.852034247388126,12230.430645294344,540,0.0807352338203649,141.20634632497826,0.03120747082849653,22.64894563943397,0.0,0.0011960714995495336,67.50034078294779
0.4,0.5,Water,20260812,60,0,10.42351659460089,33205546.99791079,31.57706481554425,23085.05315820673,540,0.13893454757014242,247.97530864954032,0.05847604595471158,42.750098441123576,0.0,0.0011840133398359767,117.34204581629905
0.4,0.5,Water,20260813,60,0,1.2717231407776972,3993779.115396639,11.955555001681077,9006.217726168072,540,0.04852878376069229,85.99934447851633,0.022139916669779772,16.678180974385317,0.0,0.0010759025284180737,45.10518609157409
0.4,0.5,Water,20260814,60,0,6.151088816980336,21886261.334545627,19.50116171565558,14733.611845416981,540,0.10672818379711262,201.3209218697647,0.03611326243639922,27.284466380401817,0.0,0.0010993524648603944,97.08277118445895
0.4,0.5,Water,20260815,60,0,10.48898258399889,33384543.6846987,31.391690799984584,22817.306724816626,540,0.1393701611616352,248.64277396646446,0.05813276074071219,42.254271712623385,0.0,0.0011059224528908735,126.02163994168178
0.4,0.5,Water,20260816,60,0,5.024281157030677,17217534.042524893,16.546015417552105,12610.775962309008,540,0.09645840743487125,178.56181646973695,0.030640769291763157,23.353288819090753,0.0,0.0011946853495692646,80.73959178427077
0.4,0.5,Water,20260817,60,0,2.77578721659006,8145204.596638142,14.937136211734602,10700.3674477891,540,0.07169621117875755,122.81576533978266,0.027661363355064077,19.815495273683517,0.0,0.0011258332015078823,63.68280050964155
0.4,0.5,Water,20260818,60,0,9.430209155637595,29681660.970288288,30.55410660223734,22071.798843869485,540,0.13214897006113127,234.44837136108922,0.05658167889303211,40.873701562721266,0.0,0.001113062372205603,118.72557491928308
0.4,0.5,Water,20260819,60,1,5.448902143056147,16298429.856711334,22.37292685506841,15685.708559570043,531,0.10129948645867479,175.1965796985283,0.04213357223176725,29.53994079015074,0.016666666666666666,0.0011863468172711564,85.38775085323245
0.4,0.5,Water,20260820,60,0,4.971776730344866,17307687.395247392,21.014664440497647,15768.126877034576,540,0.09595308199887632,179.02869310298234,0.038916045260180825,29.200234957471437,0.0,0.0011325631530486918,84.72205875724005
0.4,0.5,Water,20260821,60,0,5.774639544012729,19539909.605546393,17.72585056578637,13354.596043668818,540,0.10341071962498329,190.2235994508801,0.03282564919590068,24.730733414201516,0.0,0.0012472311210593686,82.91223485279029
0.4,0.5,Water,20260822,60,2,2.645910055988966,8263446.087575187,16.556077673773398,12343.88253026323,522,0.07119545779547198,125.81874458763146,0.031716623896117624,23.64728454073416,0.03333333333333333,0.001143490798501884,62.26150476133865
0.4,0.5,Water,20260823,60,0,2.0491663851621724,6323339.767697746,13.391719013518246,9857.482827082868,540,0.06160156300870242,108.21223802647984,0.02479947965466342,18.254597827931235,0.0,0.0010980762386373366,56.09953192789892
0.4,0.5,Water,20260824,60,0,11.767043955161455,35366649.47657689,33.18311862367783,23661.590282668603,540,0.14761714717195926,255.91755572252998,0.06145021967347746,43.817759782719634,0.0,0.0011546195722259857,127.84916410811297
0.4,0.5,Water,20260825,60,0,8.117111150276637,25605701.94835356,30.623205299566937,22173.6403222553,540,0.1226037818149469,217.75666825846025,0.056709639443642476,41.06229689306537,0.0,0.0011181509799473082,109.64868252471994
0.4,0.5,Water,20260826,60,1,10.401011608301992,33899082.314148776,37.26070623276956,27156.940098140858,531,0.1399556804230466,252.6659448514233,0.07017082153063947,51.143013367496906,0.016666666666666666,0.0012258655136381696,114.16886996656011
0.4,0.5,Water,20260827,60,0,3.3152634436494637,10641191.265971217,16.51438609340729,12186.133677881688,540,0.07835417504829596,140.37773951662902,0.03058219646927276,22.56691421829942,0.0,0.0011313146122564892,69.25940335201086
0.4,0.5,Water,20260828,60,0,6.63969660650782,22142011.342622723,21.588161832246957,15864.47452830697,540,0.11088613284128887,202.4937646164953,0.03997807746712399,29.378656533901797,0.0,0.001155310651642733,95.97949493811053
0.4,0.5,Water,20260829,60,0,6.436937190614061,22000132.97582274,20.286315863388584,15062.2419539017,540,0.10917991599507991,201.84396694542133,0.03756725159886775,27.893040655373518,0.0,0.0011846870488731248,92.15928890159805
0.4,0.5,Water,20260830,60,1,7.354334934307221,24766420.85978143,23.915604664445286,17669.00341911921,531,0.11768590241697267,215.9654923775867,0.04503880351119639,33.27495935803994,0.016666666666666666,0.0011631064931538078,101.18239654725238
0.4,0.5,Water,20260831,60,0,2.7023841536246342,7972761.941463728,16.166606732345493,11814.224031157453,540,0.07074189069642454,121.50874028510694,0.029938160615454616,21.87819265029158,0.0,0.0011244801642571701,62.91075018042362
0.4,0.5,Water,20260832,60,0,4.4246941137856295,14260347.733817108,19.46478657040648,13985.817755339342,540,0.09052004191609672,162.50554254830993,0.0360459010563083,25.89966250988767,0.0,0.0012003012912170392,75.41443350803564
0.4,0.5,Water,20260833,60,0,4.575363734011713,13796262.674029917,20.197261835967,14541.44026977633,540,0.09204833406273791,159.83940246865566,0.03740233673327222,26.92859309217839,0.0,0.0011212301128358817,82.09584545488508
0.4,0.5,Water,20260834,60,0,8.229033402371323,27593233.18552724,28.730603465452774,20887.33634948641,540,0.12344614512058318,226.04995017296199,0.053204821232319954,38.680252499048905,0.0,0.0010137016772545668,121.77758791414395
0.4,0.5,Water,20260835,60,0,5.016120056876164,15014827.771621041,20.04862380058677,14582.618586179942,540,0.09638003536229556,166.7490228280605,0.03712708111219772,27.004849233666558,0.0,0.001089748645947522,88.44244562331563
0.4,0.5,Water,20260836,60,0,0.9980722798609161,3282887.4238985647,9.120932552739507,7289.780422481137,540,0.04299165034913683,77.970642907236,0.016890615838406495,13.499593374965068,0.0,0.001108661492135297,38.777977456702615
0.4,0.5,Water,20260837,60,0,1.3974185107253676,4799419.891539751,10.550356201337745,8084.922391317058,540,0.05087054213293612,94.27520678292093,0.019537696669143973,14.972078502438997,0.0,0.0011893172176197808,42.77289639743465
0.4,1.0,Climate,20260808,60,0,29.26475445048131,1134715.2372674071,51.85718050783364,8897.935034316071,300,0.31232864342164385,61.501090431184146,0.17285726835944545,29.659783447720237,0.0,0.0019112351110496621,163.41717542543
0.4,1.0,Climate,20260809,60,0,31.710548267656787,1227936.5352601511,48.71434942434311,8354.373058962878,300,0.3251181747593572,63.97750998749876,0.16238116474781036,27.847910196542927,0.0,0.0020096781502706436,161.77623999921258
0.4,1.0,Climate,20260810,60,0,29.654852725883575,1153112.4922233184,50.87416897000156,8745.821395994122,300,0.3144034177395001,61.99764759578432,0.16958056323333853,29.152737986647075,0.0,0.0021192120578191745,148.35863951389763
0.4,1.0,Climate,20260811,60,0,30.671005851582287,1187414.323827775,49.06130493477354,8417.240678110731,300,0.3197447203191023,62.913017302403986,0.1635376831159118,28.05746892703577,0.0,0.00204771476015492,156.147099459747
0.4,1.0,Climate,20260812,60,0,31.34697027286651,1219501.4940807542,52.05626149377828,8948.229593247639,300,0.3232489766566246,63.75739157359859,0.1735208716459276,29.82743197749213,0.0,0.001965768494444359,164.43898534857416
0.4,1.0,Climate,20260813,60,0,28.752091006255892,1112010.3844489711,49.99476956764007,8569.78738686146,300,0.3095808510780121,60.882684578594024,0.16664923189213357,28.56595795620487,0.0,0.0020706926571289726,149.50593947981045
0.4,1.0,Climate,20260814,60,0,28.496103751254356,1103524.3750489342,45.580966399716104,7820.228163987147,300,0.3081996309280418,60.64993473612686,0.15193655466572034,26.06742721329049,0.0,0.0020076886952855116,153.5096709224699
0.4,1.0,Climate,20260815,60,0,25.646432486134767,992366.8531649605,45.56320945600637,7809.1077244989065,300,0.29238349523719,57.514254846514945,0.15187736485335457,26.030359081663022,0.0,0.0017075389275458645,171.23093975808442
0.4,1.0,Climate,20260816,60,0,28.35862318049432,1097690.1452574462,48.799125444722904,8366.830913887909,300,0.30745527143794604,60.489397011857825,0.1626637514824097,27.88943637962636,0.0,0.0018821492578466937,163.35328888299523
0.4,1.0,Climate,20260817,60,0,28.598577283570297,1109954.1598039935,48.523546520423125,8327.697346478599,300,0.30875328491407883,60.826369276380824,0.16174515506807707,27.758991154928662,0.0,0.0019305412780958812,159.93094186445282
0.4,1.0,Climate,20260818,60,0,41.03387438950547,1583787.4916152135,59.78518582254931,10240.695801334108,300,0.3698372362247365,72.65873408419237,0.19928395274183103,34.1356526711137,0.0,0.002008796281276158,184.1088813594301
0.4,1.0,Climate,20260819,60,0,19.01684523963599,739809.1526498822,37.695194168988344,6478.025054934,300,0.251772683451005,49.659143255124135,0.12565064722996114,21.59341684978,0.0,0.0019169204949070432,131.34226699538425
0.4,1.0,Climate,20260820,60,0,24.266586598358813,935311.6555692226,46.55790868341721,7979.434150520496,300,0.2844092508947791,55.83641749399827,0.15519302894472403,26.598113835068318,0.0,0.0019648719375540695,144.74696567187993
0.4,1.0,Climate,20260821,60,0,36.62359310173599,1420481.515881963,58.5486575519625,10045.122551501838,300,0.349397543884403,68.81088857348966,0.195162191839875,33.48374183833946,0.0,0.0021593348799337398,161.8079470355818
0.4,1.0,Climate,20260822,60,0,19.218438391744403,745806.0202615018,39.38834768181715,6774.979165107217,300,0.2531036572351626,49.860004688511005,0.13129449227272383,22.583263883690723,0.0,0.0019865499826261595,127.40865291522499
0.4,1.0,Climate,20260823,60,0,10.474057890009194,405106.542056234,24.5636066295873,4215.277507321074,300,0.1868516157276427,36.74717866976248,0.081878688765291,14.05092502440358,0.0,0.0019267314811630264,96.97854504087621
0.4,1.0,Climate,20260824,60,0,21.830613960288,845759.004759057,42.8743973411207,7357.296769003712,300,0.26975676673803756,53.096107979118294,0.14291465780373566,24.524322563345706,0.0,0.0018990275101834358,142.04995203675617
0.4,1.0,Climate,20260825,60,0,29.694489046058983,1152216.5233220644,50.78641796029287,8713.64880333379,300,0.3146134614944662,61.97355681584591,0.16928805986764292,29.045496011112633,0.0,0.0019442458044874457,161.81773969542218
0.4,1.0,Climate,20260826,60,0,40.01274330245725,1548950.8103604205,59.242221659817396,10161.920138481391,300,0.3652065319900383,71.85519722238655,0.1974740721993913,33.8730671282713,0.0,0.0019527758397547238,187.01917780584054
0.4,1.0,Climate,20260827,60,0,42.01189501211616,1630305.5814674343,66.27485360836839,11360.519581551665,300,0.3742187195216017,73.71805707033238,0.2209161786945613,37.86839860517222,0.0,0.00202844086959576,184.48589018825
0.4,1.0,Climate,20260828,60,0,36.30255701166283,1406993.4757659077,60.574671598688326,10399.86735782074,300,0.347862793888926,68.48341589430996,0.20191557199562776,34.666224526069136,0.0,0.0020788312005199845,167.33575761317897
0.4,1.0,Climate,20260829,60,0,39.47479606167243,1532314.277761636,58.85743576135833,10104.013787675945,300,0.36274323362250066,71.46827449438985,0.1961914525378611,33.68004595891982,0.0,0.0020237615841009245,179.2420789446168
0.4,1.0,Climate,20260830,60,0,16.138905646318722,624702.9798381756,36.31549487705111,6236.71046465556,300,0.23194040647199818,45.632699527063394,0.12105164959017035,20.7890348821852,0.0,0.0020331709408776986,114.07816323199658
0.4,1.0,Climate,20260831,60,0,31.08106486701017,1207967.7974106623,53.12802409152802,9121.860824031699,300,0.32187505270943345,63.45517571248391,0.17709341363842673,30.40620274677233,0.0,0.001960268236521681,164.19949408585617
0.4,1.0,Climate,20260832,60,0,40.88632248126115,1583234.1875794649,64.51987904927225,11066.01663088382,300,0.3691716966456175,72.64604113048108,0.21506626349757416,36.88672210294607,0.0,0.0019778292920643106,186.65498490029117
0.4,1.0,Climate,20260833,60,0,26.196892311384435,1015482.9393274833,41.10352368988921,7051.490547235571,300,0.2955046097293263,58.18026410297233,0.13701174563296403,23.504968490785238,0.0,0.0019347915235803522,152.73201589310867
0.4,1.0,Climate,20260834,60,0,18.216404232978945,702458.7448796171,40.620203626234165,6962.777408688758,300,0.246417019386371,48.3893495471754,0.13540067875411388,23.209258028962527,0.0,0.0018158898904734467,135.7004192154647
0.4,1.0,Climate,20260835,60,0,16.060056111165423,623267.7068553308,35.07055845776446,6022.748226344082,300,0.23137311937766541,45.58024816574722,0.11690186152588154,20.07582742114694,0.0,0.0018979840915947393,121.90466737961921
0.4,1.0,Climate,20260836,60,0,32.53673509562623,1266137.5230719424,51.14790512791077,8773.83701692449,300,0.329326257155556,64.96505530082929,0.17049301709303588,29.2461233897483,0.0,0.001869431479715729,176.16385555122582
0.4,1.0,Climate,20260837,60,0,18.02905483425644,700687.4633755126,35.583127231296054,6118.324633513835,300,0.24514658767260347,48.32830307302725,0.11861042410432018,20.394415445046114,0.0,0.0018066885618901278,135.68834875233568
0.4,1.0,Traffic,20260808,60,0,26.23251794885014,1369279723.6977234,53.27005068394453,266351.97075521416,360,0.2699409294891618,1950.2704397209202,0.14797236301095704,739.8665854311505,0.0,0.00032956045147954094,819.0938211101453
0.4,1.0,Traffic,20260809,60,0,23.182660929630647,1217295926.399401,54.413538477821874,272352.4587773223,360,0.2537642219858527,1838.8522434746271,0.15114871799394966,756.5346077147842,0.0,0.0003691014049071063,687.5189815376586
0.4,1.0,Traffic,20260810,60,0,44.36118843496241,2340107880.3724055,72.13942467163776,361656.681157587,360,0.3510349319233787,2549.5685257904183,0.2003872907545493,1004.6018921044083,0.0,0.0003327740852923344,1054.8746054399116
0.4,1.0,Traffic,20260811,60,0,24.66605009024055,1300398450.9840462,56.71187146952907,284240.4458235796,360,0.26175715043953196,1900.5835733795366,0.15753297630424742,789.5567939543878,0.0,0.00037485935810988805,698.2809546475273
0.4,1.0,Traffic,20260812,60,0,7.113893494478292,373032560.4079648,25.457612668892267,127640.52205666048,360,0.14057316693608243,1017.9398590726228,0.07071559074692296,354.5570057129458,0.0,0.00033455676078171894,420.1773313670955
0.4,1.0,Traffic,20260813,60,0,27.709462397268588,1454048199.438248,62.100990384904335,311014.96638819337,360,0.27743599060197943,2009.7320160203835,0.1725027510691787,863.9304621894261,0.0,0.00037750158129928413,734.9266979150149
0.4,1.0,Traffic,20260814,60,0,24.419006908392763,1273140174.6611233,56.334425608999986,281763.9237391558,360,0.2604430355097549,1880.5585566979262,0.1564845155805555,782.6775659420995,0.0,0.0003294825968079903,790.4606738957172
0.4,1.0,Traffic,20260815,60,0,27.144085168757613,1427957443.4194891,58.47875482934373,292942.172848462,360,0.27459103514113903,1991.6195555233498,0.1624409856370659,813.7282579123945,0.0,0.0003301713228298871,831.6622800176244
0.4,1.0,Traffic,20260816,60,0,20.624850260592055,1075338481.2061663,42.91292129539965,214577.29177659846,360,0.2393559080613362,1728.308808252679,0.11920255915388792,596.0480327127735,0.0,0.00029881656245983975,801.0128558168694
0.4,1.0,Traffic,20260817,60,0,19.76925221483962,1047082592.7365613,42.443075439629816,212785.17636741398,360,0.2343386214128299,1705.4508956875773,0.11789743177674948,591.0699343539277,0.0,0.0002986462920444579,784.6694489611983
0.4,1.0,Traffic,20260818,60,0,36.44961100531068,1898830758.9041796,71.59122092522658,357993.7243768191,360,0.3181963536233505,2296.6344693583574,0.19886450257007382,994.4270121578309,0.0,0.0003540227409127353,898.8020170765928
0.4,1.0,Traffic,20260819,60,0,32.733718482332804,1698662617.4793594,62.06107525791024,309897.30634034774,360,0.30154103499235024,2172.212528915161,0.17239187571641734,860.8258509454104,0.0,0.0003939781861089015,765.3749512644331
0.4,1.0,Traffic,20260820,60,0,30.257491349721715,1570106509.885551,58.69451928896366,293281.22406880243,360,0.28991134348721215,2088.3981832745185,0.1630403313582324,814.6700668577845,0.0,0.00037047769337393956,782.5338709248326
0.4,1.0,Traffic,20260821,60,0,15.483045849019339,811593091.1055936,49.54808602100267,248015.81158918978,360,0.20738481306913578,1501.4743597781126,0.13763357228056297,688.9328099699716,0.0,0.0003547120445352232,584.6568118115941
0.4,1.0,Traffic,20260822,60,0,17.058065924612944,899094035.9954948,39.53847990400845,197959.34118785607,360,0.21767755156942153,1580.3428214538828,0.1098291108444679,549.8870588551557,0.0,0.0003538298912464496,615.2039636973598
0.4,1.0,Traffic,20260823,60,0,17.595225525394493,923528676.4807652,42.976439641874464,215092.6412254794,360,0.22107832652575682,1601.67332333057,0.11937899900520685,597.479558959665,0.0,0.0003996658839812993,553.1578635721163
0.4,1.0,Traffic,20260824,60,0,12.488185461449463,653550674.9799131,33.2938034983356,166542.90158376162,360,0.18625091693621762,1347.3746849376641,0.09248278749537667,462.61917106600447,0.0,0.0003217538664496901,578.8614725639671
0.4,1.0,Traffic,20260825,60,0,19.154114590330753,1001823857.6356548,49.435280773635995,247323.2277934047,360,0.23066398475277816,1668.185855649163,0.1373202243712111,687.0089660927908,0.0,0.0003309764446534943,696.9196402912141
0.4,1.0,Traffic,20260826,60,0,9.250686468633315,485731870.9680947,33.297635999552064,166686.47126309646,360,0.1603008150377259,1161.5744475209483,0.09249343333208906,463.01797573082354,0.0,0.00030525121400473845,525.1439066684188
0.4,1.0,Traffic,20260827,60,0,20.003277622627387,1050828470.7293078,42.93542790615671,214947.18889685918,360,0.23572157318084794,1708.4987486820344,0.11926507751710197,597.0755247134978,0.0,0.00033092331685010643,712.3147907030659
0.4,1.0,Traffic,20260828,60,0,10.868675987328631,565916895.3053128,28.59241668744549,143040.41319769103,360,0.17375490390624496,1253.790802266507,0.07942337968734858,397.3344811046973,0.0,0.0003397693260414941,511.3907895412114
0.4,1.0,Traffic,20260829,60,0,22.492308472929658,1180290904.840935,45.08817812755679,225799.10668926392,360,0.24995726564160287,1810.6865677914484,0.1252449392432133,627.219740803511,0.0,0.00033901484300954304,737.3047841287785
0.4,1.0,Traffic,20260830,60,0,31.246459294612343,1633733971.6721375,63.11719106840629,315632.65461060265,360,0.2946111339763181,2130.293388552735,0.17532553074557303,876.7573739183407,0.0,0.0003363788326820408,875.831370325245
0.4,1.0,Traffic,20260831,60,0,25.236730766544305,1320323957.7553034,53.02234516849484,265511.92821126623,360,0.264767879296314,1915.0891752919201,0.1472842921347079,737.533133920184,0.0,0.00033603182887590117,787.9250015750579
0.4,1.0,Traffic,20260832,60,0,38.697160743216024,2038981129.5790665,66.93048565312236,335540.8706434216,360,0.32785989870003934,2379.881608621102,0.18591801570311767,932.0579740095044,0.0,0.0003656389757945041,896.6765591322045
0.4,1.0,Traffic,20260833,60,0,27.993557878251462,1465963365.035031,54.48349171507293,272789.48338101554,360,0.27885459113154826,2017.9495678610608,0.15134303254186926,757.7485649472654,0.0,0.00037381800722444277,745.9635056160421
0.4,1.0,Traffic,20260834,60,0,18.77230117202907,979888584.0084074,44.20318858082041,220883.502596863,360,0.22835341257229785,1649.822030813229,0.12278663494672336,613.565284991286,0.0,0.0003404556982498276,670.7287137392287
0.4,1.0,Traffic,20260835,60,0,16.01643211762942,838653212.4238194,41.65900102541977,208395.43382579845,360,0.210926738977393,1526.300185655768,0.11571944729283269,578.8762050716624,0.0,0.0004052170665273939,520.5277773342099
0.4,1.0,Traffic,20260836,60,0,23.923726176363434,1260266279.798768,46.6098959232089,233601.9533116773,360,0.2577882754012348,1871.0263670263146,0.12947193312002472,648.8943147546591,0.0,0.00037770868420849377,682.5055556809401
0.4,1.0,Traffic,20260837,60,0,23.425334118087445,1229266389.135028,53.45893694326884,267629.79197993374,360,0.2550889502707691,1847.8714399839646,0.14849704706463565,743.4160888331493,0.0,0.0003670454648045163,694.9791639753026
0.4,1.0,Water,20260808,60,0,17.201057328032284,69160940.34639809,34.13553765187437,26327.82136436454,540,0.1784763566042473,357.8768160363182,0.06321395861458218,48.755224748823224,0.0,0.001177029519005285,151.63286368134487
0.4,1.0,Water,20260809,60,1,28.25879671970329,92601912.30498146,43.57081500941365,31722.411223707473,531,0.2306904265860678,417.602141513848,0.08205426555445132,59.7408874269444,0.016666666666666666,0.0010995676047372161,209.80103960156242
0.4,1.0,Water,20260810,60,0,41.13154607561181,145266858.14348063,65.46034514572365,48484.29015958106,540,0.2759882783193002,518.664342581698,0.12122286138096973,89.78572251774271,0.0,0.0012071533058403306,228.62736405064774
0.4,1.0,Water,20260811,60,0,19.312928535351755,58486524.70420895,39.74736816766569,28357.116647560655,540,0.18911552678950933,329.1023838896771,0.07360623734752905,52.51317897696418,0.0,0.0011960714995495336,158.11389775672635
0.4,1.0,Water,20260812,60,0,50.58296571212206,162595976.46276748,72.5896368095039,52648.5868469103,540,0.3060590771830693,548.7291318275676,0.13442525335093314,97.49738304983389,0.0,0.0011840133398359767,258.4929298393447
0.4,1.0,Water,20260813,60,0,7.180626094818388,22699720.314967386,26.19320641273547,19191.02508130818,540,0.11531459461466777,205.0280934452434,0.04850593780136198,35.53893533575589,0.0,0.0010759025284180737,107.17940665518994
0.4,1.0,Water,20260814,60,0,19.072079148689088,65892930.05047733,35.906749687336905,26668.89867905229,540,0.1879326078416542,349.3192587561141,0.06649398090247575,49.38684940565239,0.0,0.0010993524648603944,170.94845724980436
0.4,1.0,Water,20260815,60,0,41.39124527698239,130749135.03379016,62.59760279349571,44920.660917224515,540,0.2768581843049507,492.0650646412039,0.11592148665462168,83.18640910597132,0.0,0.0011059224528908735,250.34140827979877
0.4,1.0,Water,20260816,60,0,23.764818848922705,81229474.28934896,40.69628888250216,30271.8154868764,540,0.20978303981566598,387.8465577875911,0.07536349793055955,56.05891756828963,0.0,0.0011946853495692646,175.59689661491353
0.4,1.0,Water,20260817,60,0,12.127327946870931,35677576.193711095,30.486762191656354,21511.88879521997,540,0.1498599837062171,257.04004657622795,0.05645696702158584,39.836831102259204,0.0,0.0011258332015078823,133.11028978848947
0.4,1.0,Water,20260818,60,0,40.34380364162669,128227060.00510141,63.4118728413849,45617.165180706885,540,0.2733326681618827,487.29613022059345,0.11742939415071277,84.47623181612386,0.0,0.001113062372205603,245.5681505253446
0.4,1.0,Water,20260819,60,0,22.576015364973003,66807321.025398634,43.91821552368887,30522.67552664434,540,0.20446866718659149,351.7346459451295,0.08133002874757199,56.523473197489515,0.0,0.0011863468172711564,172.35151155621745
0.4,1.0,Water,20260820,60,0,23.920024505664102,82166844.8332941,45.48667169401995,33637.616920553446,540,0.2104669610108811,390.0779713920788,0.08423457721114805,62.291883186210086,0.0,0.0011325631530486918,185.8324283677562
0.4,1.0,Water,20260821,60,0,33.20939852080834,113221251.24734227,49.95006699638612,36965.165553168095,540,0.24798968960350967,457.89625876542664,0.0925001240673817,68.45401028364462,0.0,0.0012472311210593686,198.83218548369214
0.4,1.0,Water,20260822,60,1,13.015507108388631,40595827.22364427,38.62473168100758,28077.18013004883,531,0.15656089173808435,276.4989186632182,0.07273960768551334,52.876045442653165,0.016666666666666666,0.001143490798501884,136.9148680017353
0.4,1.0,Water,20260823,60,0,10.21206919172337,31914883.038825843,29.104950282566524,21235.914233952928,540,0.1375181415084285,243.10827887401305,0.053898056078826896,39.32576709991283,0.0,0.0010980762386373366,125.23551340941714
0.4,1.0,Water,20260824,60,0,48.72620233925988,146972481.96626368,67.5621927980184,47821.62679253631,540,0.30038926085275824,521.7003573896498,0.12511517184818222,88.5585681343265,0.0,0.0011546195722259857,260.1629732238465
0.4,1.0,Water,20260825,60,0,24.192524830303935,80123668.17393094,51.662299649894884,37640.31047917417,540,0.21166240078948895,385.1975639656322,0.09567092527758311,69.70427866513735,0.0,0.0011181509799473082,189.29679854098356
0.4,1.0,Water,20260826,60,0,62.285597998374854,200328156.55398327,92.87043648247153,67043.53873528828,540,0.3396228790835365,609.079689115112,0.1719822897823547,124.15470136164497,0.0,0.0012258655136381696,277.0474210303796
0.4,1.0,Water,20260827,60,0,14.35678036715356,45684137.57103739,34.235960359775014,24772.195883600256,540,0.16305407173555536,290.86122938814026,0.06339992659217596,45.87443682148196,0.0,0.0011313146122564892,144.12796402437706
0.4,1.0,Water,20260828,60,0,28.39186594348689,95589375.02423199,45.202732669685126,33247.55254128977,540,0.22929790562710275,420.7343118358487,0.08370876420312061,61.5695417431292,0.0,0.001155310651642733,198.47294344691164
0.4,1.0,Water,20260829,60,0,28.414053764369882,96646359.48077326,43.079898456592446,31605.619915223142,540,0.22938748458049416,423.054062478083,0.07977758973443046,58.52892576893174,0.0,0.0011846870488731248,193.62707205982178
0.4,1.0,Water,20260830,60,0,42.340501068971555,133189534.92136754,60.81669472023354,43678.3986231726,540,0.28001488409173947,496.6359701948917,0.11262350874117323,80.88592337624556,0.0,0.0011631064931538078,240.7474171453281
0.4,1.0,Water,20260831,60,0,17.151728676239056,46909709.03880496,38.32313758314709,27048.047581226387,540,0.1782202584207357,294.7368852949059,0.07096877330212424,50.088977002271086,0.0,0.0011244801642571701,158.4912425186866
0.4,1.0,Water,20260832,60,0,15.760878560065624,51786723.181918256,35.103481087664775,25331.405047284512,540,0.17084148251601447,309.67941362927974,0.06500644645863847,46.91000934682317,0.0,0.0012003012912170392,142.33216590377125
0.4,1.0,Water,20260833,60,0,21.042216214890924,63950134.560566746,43.223491237729,30767.57826088667,540,0.1974007777710433,344.13104351708904,0.08004350229209074,56.97699677941976,0.0,0.0011212301128358817,176.05732802855746
0.4,1.0,Water,20260834,60,0,37.182089338379726,124342607.6913449,61.20996680892573,44324.03953026167,540,0.26240373662926275,479.85840444583795,0.11335179038689949,82.08155468566976,0.0,0.0010137016772545668,258.8569620797484
0.4,1.0,Water,20260835,60,0,22.408730437169858,68126243.46842174,42.363215037671885,30501.019292214063,540,0.20370971738658408,355.18968189786557,0.0784503982179109,56.48336905965567,0.0,0.001089748645947522,186.9327556809774
0.4,1.0,Water,20260836,60,0,4.363271336174754,13842655.728210391,18.563506230935296,14044.970633004834,540,0.08988955503298102,160.1079249907201,0.03437686339062092,26.009204875934877,0.0,0.001108661492135297,81.07935169629867
0.4,1.0,Water,20260837,60,0,8.373071074155945,28486906.695236746,23.514683905114257,17541.205662745622,540,0.12452183412704321,229.68136824110283,0.043545710935396775,32.48371419026967,0.0,0.0011893172176197808,104.70027027461421
0.4,2.0,Climate,20260808,60,0,139.5514205382234,5411338.630557436,113.9660053691831,19540.153095903675,300,0.6820347511630753,134.30486005797204,0.37988668456394364,65.13384365301225,0.0,0.0019112351110496621,356.8554947635394
0.4,2.0,Climate,20260809,60,0,138.09123351108354,5349859.476207277,102.63741074865263,17588.366002676397,300,0.6784571553927424,133.53975033933125,0.34212470249550875,58.627886675587995,0.0,0.0020096781502706436,337.59493046255915
0.4,2.0,Climate,20260810,60,0,124.34255993424178,4829814.924251481,104.69793692780988,17972.821599829902,300,0.6437974835154343,126.88334437915115,0.3489931230926996,59.90940533276634,0.0,0.0021192120578191745,303.79096850645016
0.4,2.0,Climate,20260811,60,0,129.3319873859856,5010784.605755205,101.37568365812803,17385.070038256425,300,0.6565871036046566,129.23859853974488,0.3379189455270934,57.95023346085475,0.0,0.00204771476015492,320.64383007864944
0.4,2.0,Climate,20260812,60,0,146.2370538991244,5675803.659104847,117.42949983793198,20153.951370365594,300,0.6981810985198715,137.54761186712582,0.3914316661264399,67.17983790121865,0.0,0.001965768494444359,355.1695433582673
0.4,2.0,Climate,20260813,60,0,118.13404539808968,4564526.127358695,99.81967332514486,17098.640781280796,300,0.6275190445930431,123.34945111833959,0.33273224441714955,56.995469270935985,0.0,0.0020706926571289726,303.0478919373297
0.4,2.0,Climate,20260814,60,0,121.07950738350459,4690956.876449362,93.96584301691834,16113.991492378998,300,0.6352939146135553,125.0460831913494,0.31321947672306116,53.71330497459666,0.0,0.0020076886952855116,316.43048850420047
0.4,2.0,Climate,20260815,60,0,117.66063235139481,4553444.088524862,97.14581603576995,16645.361590704917,300,0.6262604153528967,123.19962240911917,0.32381938678589983,55.48453863568306,0.0,0.0017075389275458645,366.7620135916786
0.4,2.0,Climate,20260816,60,0,122.17837157050059,4730295.160307152,101.05313745246147,17318.290938141134,300,0.6381702269522884,125.56930570150165,0.3368437915082049,57.72763646047044,0.0,0.0018821492578466937,339.0646221556299
0.4,2.0,Climate,20260817,60,0,128.58880403356642,4984742.008952217,103.25596212397743,17705.868919776436,300,0.6546979049749241,128.90231455062158,0.3441865404132581,59.01956306592145,0.0,0.0019305412780958812,339.12660268039514
0.4,2.0,Climate,20260818,60,0,187.75857316790538,7252190.316104001,126.27804696557865,21628.21601008202,300,0.7911143473352539,155.4797984316505,0.42092682321859554,72.09405336694006,0.0,0.002008796281276158,393.82507559834335
0.4,2.0,Climate,20260819,60,0,87.41602035882616,3398089.479862828,81.79020396778161,14037.376872985791,300,0.5398024958532709,106.42821492854277,0.27263401322593867,46.79125624328597,0.0,0.0019169204949070432,281.59879206646355
0.4,2.0,Climate,20260820,60,0,138.62553633543038,5352122.8547602,119.95477527057885,20546.759658242954,300,0.6797684319811426,133.56799585180326,0.3998492509019295,68.48919886080985,0.0,0.0019648719375540695,345.96068017915627
0.4,2.0,Climate,20260821,60,0,168.34899074925485,6529257.972520884,126.48777242041665,21693.00341482354,300,0.7491083382912757,147.52692378591874,0.4216259080680555,72.31001138274513,0.0,0.0021593348799337398,346.9162403907737
0.4,2.0,Climate,20260822,60,0,82.14815246899316,3188428.4605488284,81.51569389124818,14004.102176731665,300,0.5232849843982186,103.09265186469933,0.2717189796374939,46.68034058910555,0.0,0.0019865499826261595,263.4139533234656
0.4,2.0,Climate,20260823,60,0,46.8772012590987,1814252.6391376122,52.70588004551613,9038.717756371601,300,0.39529398873538285,77.7657302230576,0.17568626681838712,30.129059187905337,0.0,0.0019267314811630264,205.1629885119087
0.4,2.0,Climate,20260824,60,0,93.5872241499354,3627304.4143743883,88.72862892344546,15217.672516799143,300,0.5585314797154391,109.9591502085265,0.2957620964114849,50.72557505599714,0.0,0.0018990275101834358,294.11447528819
0.4,2.0,Climate,20260825,60,0,137.12046583367606,5315119.410422186,113.4450032153975,19447.663286437768,300,0.6760682062082101,133.10546458131344,0.3781500107179917,64.8255442881259,0.0,0.0019442458044874457,347.7277433994203
0.4,2.0,Climate,20260826,60,0,176.3055882553334,6815212.379385371,126.53354092513302,21685.199637272333,300,0.7666063489069501,150.72284033268227,0.4217784697504434,72.28399879090777,0.0,0.0019527758397547238,392.57263086747264
0.4,2.0,Climate,20260827,60,0,179.83582891179483,6977312.54367028,134.82155297419462,23105.166569988498,300,0.7742433487213928,152.5047818230659,0.4494051765806487,77.01722189996165,0.0,0.00202844086959576,381.6938222486558
0.4,2.0,Climate,20260828,60,0,163.14063859138446,6325358.438622204,128.54651284614982,22056.683285054816,300,0.7374294058674011,145.20512431984167,0.42848837615383273,73.5222776168494,0.0,0.0020788312005199845,354.73270060741135
0.4,2.0,Climate,20260829,60,0,166.1341361868276,6452714.30312498,121.1186801351224,20783.88010485671,300,0.7441642654388156,146.6596320637798,0.40372893378374136,69.27960034952237,0.0,0.0020237615841009245,367.7134062061059
0.4,2.0,Climate,20260830,60,0,78.41098359296963,3036091.8863502447,78.21708874922965,13413.833407900976,300,0.5112435283794786,100.59973304057098,0.2607236291640988,44.712778026336586,0.0,0.0020331709408776986,251.4513256611764
0.4,2.0,Climate,20260831,60,0,155.42215083891455,6032013.916502381,120.10185486585875,20605.65702101921,300,0.7197734616736818,141.7981419307317,0.4003395162195292,68.68552340339737,0.0,0.001960268236521681,367.18110729114034
0.4,2.0,Climate,20260832,60,0,196.4830194284358,7602797.647629034,142.36082649134417,24404.372356326166,300,0.8092857332826188,159.19377759645667,0.4745360883044806,81.34790785442055,0.0,0.0019778292920643106,409.178758009973
0.4,2.0,Climate,20260833,60,0,117.10645176514349,4537059.591507671,88.0290810024023,15090.316723969188,300,0.6247838339915214,122.97777023386071,0.29343027000800764,50.30105574656396,0.0,0.0019347915235803522,322.9204936950273
0.4,2.0,Climate,20260834,60,0,102.84311980193736,3972005.0160242775,93.41938979926404,16013.830414897675,300,0.5855001275318317,115.06527156392985,0.3113979659975468,53.379434716325584,0.0,0.0018158898904734467,322.4315144896685
0.4,2.0,Climate,20260835,60,0,81.79038583734052,3172383.506301175,77.1559611935267,13236.380196757615,300,0.5221442515797735,102.83293094952893,0.25718653731175567,44.121267322525384,0.0,0.0018979840915947393,275.1046512413354
0.4,2.0,Climate,20260836,60,0,145.37129136410206,5649675.332693422,109.16003323228735,18720.573220826936,300,0.6961113209923205,137.23064930611557,0.3638667774409578,62.40191073608979,0.0,0.001869431479715729,372.3652503691514
0.4,2.0,Climate,20260837,60,0,83.01403218859207,3224797.567534907,75.36137152605836,12935.554883765535,300,0.5260355887472256,103.67895266213078,0.2512045717535279,43.11851627921845,0.0,0.0018066885618901278,291.16008140157584
0.4,2.0,Traffic,20260808,60,0,104.9256628520118,5476871487.479845,106.52266900863403,532597.9996243607,360,0.5398705165027274,3900.452782647963,0.29589630280176116,1479.4388878454463,0.0,0.00032956045147954094,1638.1532252398997
0.4,2.0,Traffic,20260809,60,0,92.72361681934248,4869339649.995438,108.80881777724416,544665.8288451197,360,0.5075092139813339,3677.7633790402488,0.30224671604790043,1512.9606356808881,0.0,0.0003691014049071063,1374.9858635977323
0.4,2.0,Traffic,20260810,60,0,177.4679227104571,9363716699.822462,144.27595361368992,723310.7461882895,360,0.7021156969997836,5100.031780898381,0.40076653781580535,2009.196517189693,0.0,0.0003327740852923344,2109.8869414154983
0.4,2.0,Traffic,20260811,60,0,98.67489597255197,5201149046.899898,113.42109918218236,568413.770814353,360,0.523542675678964,3801.004635802041,0.31505860883939546,1578.9271411509806,0.0,0.00037485935810988805,1396.6376038169765
0.4,2.0,Traffic,20260812,60,0,28.463904706082356,1491153490.5117042,50.902751881424386,255145.50038843605,360,0.2811874854280323,2035.2132638127086,0.14139653300395663,708.737501078989,0.0,0.00033455676078171894,840.4776659452793
0.4,2.0,Traffic,20260813,60,0,110.8042186783753,5814508461.352822,124.18616605326291,621952.3238111387,360,0.5547877939616375,4018.8819829209624,0.3449615723701748,1727.6453439198299,0.0,0.00037750158129928413,1469.6303842017562
0.4,2.0,Traffic,20260814,60,0,97.68124151768966,5093123322.047716,112.65457530931474,563417.7584604954,360,0.5208999731172793,3761.324870769059,0.3129293758592076,1565.0493290569316,0.0,0.0003294825968079903,1580.963541515486
0.4,2.0,Traffic,20260815,60,0,108.56246408613502,5712118535.553055,116.94621814870686,585847.8136984622,360,0.5491469750797722,3983.3397962126983,0.3248506059686302,1627.3550380512838,0.0,0.0003301713228298871,1663.2182661203046
0.4,2.0,Traffic,20260816,60,0,82.48789668785821,4299733275.249695,85.80770108492275,429057.3932785359,360,0.4786784373200465,3455.966368812096,0.23835472523589654,1191.8260924403776,0.0,0.00029881656245983975,1601.9140083119717
0.4,2.0,Traffic,20260817,60,0,79.06983217351274,4188760249.5903993,84.85310281982903,425389.7792591778,360,0.4686559747876923,3411.0768296464844,0.23570306338841399,1181.6382757199383,0.0,0.0002986462920444579,1569.2676831156703
0.4,2.0,Traffic,20260818,60,0,145.8238452981727,7595546192.059588,143.18552842270313,715985.1578509345,360,0.6364481415947167,4593.336415111324,0.39773757895195316,1988.8476606970403,0.0,0.0003540227409127353,1797.7606182976754
0.4,2.0,Traffic,20260819,60,0,130.9154267061766,6794780541.188225,124.10836322677363,619772.5113656773,360,0.6030372816606887,4344.466640703956,0.3447454534077045,1721.5903093491038,0.0,0.0003939781861089015,1530.6362202855569
0.4,2.0,Traffic,20260820,60,0,121.0721236409963,6285274556.959951,117.3913968085203,586658.8048749518,360,0.5799236626990858,4178.408308381963,0.3260872133570008,1629.6077913193108,0.0,0.00037047769337393956,1565.3402973272757
0.4,2.0,Traffic,20260821,60,0,61.9265067354393,3246112587.1362467,99.08553593523355,495971.81809106126,360,0.4147506169556703,3002.8285679858245,0.2752375998200932,1377.6994946973923,0.0,0.0003547120445352232,1169.2600331604617
0.4,2.0,Traffic,20260822,60,0,65.58054104918891,3456327003.802611,77.17247171906276,386350.01961848047,360,0.4268116324341223,3098.5332568646318,0.21436797699739654,1073.1944989402234,0.0,0.0003538298912464496,1206.2622265478399
0.4,2.0,Traffic,20260823,60,0,70.39038080433244,3693394189.8724356,85.97198146189251,430283.7590368476,360,0.4421864262588689,3203.0342341600426,0.2388110596163681,1195.2326639912435,0.0,0.0003996658839812993,1106.3902223877562
0.4,2.0,Traffic,20260824,60,0,49.94729927653557,2613961988.017421,66.5567673363046,332984.78655074857,360,0.37248154046929166,2694.6253027592934,0.1848799092675128,924.957740418746,0.0,0.0003217538664496901,1157.6598739258147
0.4,2.0,Traffic,20260825,60,0,77.66312248549046,4062420028.013581,99.57498406264614,498195.30594393023,360,0.4644684012858453,3359.240997281306,0.27659717795179484,1383.8758498442508,0.0,0.0003309764446534943,1403.3276651216263
0.4,2.0,Traffic,20260826,60,0,37.00660689853819,1943215477.4234493,66.56881251328173,333284.22428270255,360,0.3206183561085004,2323.3210649027164,0.18491336809244924,925.789511896396,0.0,0.00030525121400473845,1050.3426076579779
0.4,2.0,Traffic,20260827,60,0,80.01361019635645,4203585136.964494,85.85291628909204,429775.0029618465,360,0.471444618511244,3417.107750782367,0.23848032302525565,1193.8194526717957,0.0,0.00033092331685010643,1424.6340300184634
0.4,2.0,Traffic,20260828,60,0,43.4823174987304,2265943982.123654,57.17368867321394,286051.543357808,360,0.34754023547533475,2508.8421311896795,0.15881580187003871,794.5876204383557,0.0,0.0003397693260414941,1022.8711329665222
0.4,2.0,Traffic,20260829,60,0,89.95548169495966,4720517440.784404,90.15388417908113,451479.77317573345,360,0.4998763227454913,3621.1253011492636,0.25042745605300315,1254.110481043704,0.0,0.00033901484300954304,1474.4968636415135
0.4,2.0,Traffic,20260830,60,0,124.9680173023731,6535090667.960272,126.21223398143569,631210.9532369637,360,0.589180262224967,4260.637233234364,0.35058953883732136,1753.3637589915659,0.0,0.0003363788326820408,1751.5378643991091
0.4,2.0,Traffic,20260831,60,0,100.94792576582644,5281188309.961147,106.02657786838954,530922.4294078599,360,0.5295383885093444,3830.139361390112,0.2945182718566376,1474.7845261329442,0.0,0.00033603182887590117,1575.8578295418156
0.4,2.0,Traffic,20260832,60,0,154.77410965576107,8157557749.045732,133.8435900948274,671061.8203512912,360,0.6556890134637868,4760.239766675429,0.37178775026340943,1864.06061208692,0.0,0.0003656389757945041,1793.2689261012924
0.4,2.0,Traffic,20260833,60,0,111.9806783710225,5864545658.070769,109.00586651031172,545763.3794275586,360,0.557725236939756,4036.137337325396,0.3027940736397548,1516.009387298774,0.0,0.00037381800722444277,1491.969959073946
0.4,2.0,Traffic,20260834,60,0,75.08650968685777,3921208456.4769773,88.38820212861867,441749.3020431524,360,0.45669862931593014,3300.340241919922,0.24552278369060743,1227.0813945643122,0.0,0.0003404556982498276,1341.4333543649577
0.4,2.0,Traffic,20260835,60,0,64.058958257732,3354211533.671548,83.31346423352788,416784.2355640304,360,0.42183118746238074,3052.4177728808263,0.23142628953757743,1157.7339876778622,0.0,0.0004052170665273939,1041.000545898438
0.4,2.0,Traffic,20260836,60,0,95.71779174137157,5043699642.973948,93.20995655245322,467184.57431664434,360,0.5156382014912619,3743.0304281475915,0.25891654597903674,1297.7349286573453,0.0,0.00037770868420849377,1365.1743342142263
0.4,2.0,Traffic,20260837,60,0,93.69948957789478,4916496903.846735,106.91129627729023,535205.2533798869,360,0.5101728726016277,3695.5291696885183,0.2969758229924729,1486.6812593885745,0.0,0.0003670454648045163,1389.944629538848
0.4,2.0,Water,20260808,60,0,68.79107554252491,274838106.1454748,67.87501579179049,51788.2273940407,540,0.3569185910460611,713.4139442322062,0.1256944736885009,95.90412480377908,0.0,0.001177029519005285,303.2367372975448
0.4,2.0,Water,20260809,60,1,113.09796364770196,369682613.2284976,86.95476700167909,63097.71462578779,531,0.46150895478210546,834.3864681357755,0.16375662335532784,118.82808780750996,0.016666666666666666,0.0010995676047372161,419.7185810074868
0.4,2.0,Water,20260810,60,0,164.4255646161116,583425109.0328745,130.59495039077393,96617.12311382059,540,0.5518077439889119,1039.4310311797494,0.24184250072365543,178.920598358927,0.0,0.0012071533058403306,457.11488451318473
0.4,2.0,Water,20260811,60,0,77.17732570016014,233348264.37464735,79.0589785984453,56148.30883124724,540,0.3780489036074765,657.3632295075579,0.14640551592304685,103.97834968749488,0.0,0.0011960714995495336,316.07550531039146
0.4,2.0,Water,20260812,60,0,202.24961663238216,650893455.8034444,144.06212539938193,103898.11797188992,540,0.6119937312562964,1097.8880869596226,0.2667817137025591,192.4039221701665,0.0,0.0011840133398359767,516.8807737766509
0.4,2.0,Water,20260813,60,0,28.636326586655432,90624320.87855858,51.901359256029245,37548.81741502976,540,0.2302829442658146,409.66183180981744,0.09611362825190602,69.53484706486992,0.0,0.0010759025284180737,214.03699515829317
0.4,2.0,Water,20260814,60,0,76.29881394559035,262276503.74610156,71.57569864924162,52917.73108238598,540,0.375891074513936,696.9198154446804,0.1325475900911882,97.99579830071478,0.0,0.0010993524648603944,341.92043637403407
0.4,2.0,Water,20260815,60,0,166.2947706912923,525300497.2196726,125.36530237354431,89629.95367841607,540,0.554935382777084,986.2954418200204,0.2321579673584154,165.98139570077052,0.0,0.0011059224528908735,501.78507663578654
0.4,2.0,Water,20260816,60,0,94.25143211431744,318245838.38864464,71.15805477430018,52647.11036077503,540,0.4177794742451906,767.6875309422165,0.1317741755079633,97.49464881625005,0.0,0.0011946853495692646,349.6983321975263
0.4,2.0,Water,20260817,60,0,48.538107642151516,142662613.52604815,60.750938079655356,42572.11088937404,540,0.2998089133473233,513.9941877572521,0.11250173718454695,78.8372423877297,0.0,0.0011258332015078823,266.2995841175894
0.4,2.0,Water,20260818,60,0,161.37543350872969,513800063.3077151,126.47467112203937,90710.14432583402,540,0.5466657071616405,975.4391824803794,0.23421235392970252,167.98174875154447,0.0,0.001113062372205603,491.13663421968715
0.4,2.0,Water,20260819,60,0,90.25988596939018,267377599.069677,87.43150449977588,60751.71851645132,540,0.40883729891040055,703.6644811136081,0.16191019351810348,112.50318243787282,0.0,0.0011863468172711564,344.61870083725694
0.4,2.0,Water,20260820,60,0,95.53770601039584,329825353.6456751,90.57441811778497,66791.85309466095,540,0.4206205865112041,781.5290729950073,0.16773040392182403,123.68861684196473,0.0,0.0011325631530486918,371.38819621577477
0.4,2.0,Water,20260821,60,0,126.5588733315792,433610900.1346582,97.0618677916934,71804.44306727847,540,0.4841159819169048,896.0932699208912,0.17974419961424704,132.9711908653305,0.0,0.0012472311210593686,388.15258354498735
0.4,2.0,Water,20260822,60,1,52.05208882378402,161608409.2711898,76.99359376306317,55567.69713174359,531,0.31309189166254153,551.6767955633709,0.14499735171951633,104.64726390158869,0.016666666666666666,0.001143490798501884,273.8035951603031
0.4,2.0,Water,20260823,60,0,58.00462267053091,189416508.8767698,75.42060004606323,55503.61680585064,540,0.3277437534239067,592.2594978003805,0.13966777786308004,102.78447556639007,0.0,0.0010980762386373366,298.47085465634154
0.4,2.0,Water,20260824,60,0,194.84386691841428,588771260.2592046,134.81203120630417,95191.2945292635,540,0.6006845892603216,1044.1825264905349,0.24965190964130402,176.28017505419166,0.0,0.0011546195722259857,520.2445928595032
0.4,2.0,Water,20260825,60,0,96.70584660732911,319690840.76654077,103.08137952458854,74597.03668249036,540,0.42318424016577405,769.4284082964406,0.19089144356405285,138.1426605231303,0.0,0.0011181509799473082,378.4678882861742
0.4,2.0,Water,20260826,60,0,255.10148231234933,828959436.7760023,186.950706416943,135178.05256483855,540,0.6873209966458733,1238.9955884117214,0.3462050118832278,250.32972697192324,0.0,0.0012258655136381696,560.6822192150722
0.4,2.0,Water,20260827,60,0,57.404000147801085,182775524.9099194,68.12105872300404,49046.75708439999,540,0.32604248799414076,581.7844912659915,0.12615010874630378,90.82732793407406,0.0,0.0011313146122564892,288.1978933727598
0.4,2.0,Water,20260828,60,0,113.62479578164697,382795754.30173117,90.06747074347871,65960.68619678704,540,0.45871155259545343,841.9507268746119,0.16679161248792354,122.14941888293896,0.0,0.001155310651642733,397.04606890208515
0.4,2.0,Water,20260829,60,0,114.12983204704567,387898443.2430719,86.53851745416897,63181.892403759004,540,0.45972985635899516,847.5437749462461,0.16025651380401662,117.00350445140556,0.0,0.0011846870488731248,388.0601689672311
0.4,2.0,Water,20260830,60,0,169.26352704486044,533787104.30116177,121.27049390805858,86799.41746137106,540,0.5598669270540999,994.2306762491006,0.224574988718627,160.73966196550197,0.0,0.0011631064931538078,481.3548289426184
0.4,2.0,Water,20260831,60,0,68.56228540184892,188502907.79397553,76.29481682994384,53509.83312335898,540,0.3563245643912431,590.8294668326322,0.14128669783322934,99.09228356177589,0.0,0.0011244801642571701,316.87936854504727
0.4,2.0,Water,20260832,60,0,62.938662314549966,207910528.48858818,69.75081826872156,50449.81546637979,540,0.3413987087853112,620.4993933930067,0.129168181979114,93.42558419699961,0.0,0.0012003012912170392,284.4275110619533
0.4,2.0,Water,20260833,60,0,84.15286231607509,255432063.21997532,86.12367597446462,60958.32236825984,540,0.39476402308044434,687.7661952264378,0.15948828884160116,112.88578216344415,0.0,0.0011212301128358817,352.08118169604256
0.4,2.0,Water,20260834,60,0,148.82249931162846,499389275.1293532,122.28564132316536,88455.46072969679,540,0.5249735430928497,961.6625988064872,0.2264548913391951,163.80640875869776,0.0,0.0010137016772545668,517.8777493144221
0.4,2.0,Water,20260835,60,0,89.56324018393826,272240101.0775755,84.42745165964101,60501.09152511166,540,0.40725649435273376,710.034038148062,0.1563471327030389,112.0390583798364,0.0,0.001089748645947522,373.7159902581293
0.4,2.0,Water,20260836,60,0,17.421865957520836,54809996.001765355,36.719074662762694,27008.79181012305,540,0.17961824722491224,318.5906348213358,0.0679982864125235,50.0162811298575,0.0,0.001108661492135297,162.01360694774837
0.4,2.0,Water,20260837,60,0,33.44390759203859,113281820.11147507,46.62201585101075,34403.225536566984,540,0.24886374225161623,458.01872052852104,0.08633706639076065,63.70967691956849,0.0,0.0011893172176197808,209.24925542545776
0.5,0.1,Climate,20260808,60,0,0.5812767089535765,22595.19400856005,10.048143903087125,1733.9640308287362,300,0.044018053453614404,8.678554796846468,0.03349381301029042,5.779880102762454,0.0,0.0019112351110496621,23.031208038784627
0.5,0.1,Climate,20260809,60,0,0.55995189529724,21847.496510256307,9.0537868737893,1570.9112504266916,300,0.04320308227033653,8.533755818367492,0.030179289579297663,5.236370834755639,0.0,0.0020096781502706436,21.497513054276062
0.5,0.1,Climate,20260810,60,0,0.5754900371896552,22669.360893976413,9.521527449458105,1655.8847078131278,300,0.04379840321250898,8.692786452758098,0.031738424831527015,5.519615692710426,0.0,0.0021192120578191745,20.6673055916739
0.5,0.1,Climate,20260811,60,0,0.654688834079839,25337.852557796472,9.90425693353685,1710.376275269496,300,0.04671505232362973,9.190185445679987,0.03301418977845617,5.70125425089832,0.0,0.00204771476015492,22.813261511137178
0.5,0.1,Climate,20260812,60,0,0.6885304764456479,26939.46745815549,10.244699051191864,1774.0124381372075,300,0.04790721853909032,9.476192529730403,0.03414899683730621,5.913374793790692,0.0,0.001965768494444359,24.370732705547663
0.5,0.1,Climate,20260813,60,0,0.5922301760874567,23093.575857802174,9.715863758032242,1680.1815457700823,300,0.04443085174693581,8.773744137634395,0.03238621252677414,5.600605152566941,0.0,0.0020706926571289726,21.456999711651775
0.5,0.1,Climate,20260814,60,0,0.6409706506979179,24970.20963140169,9.918348323966306,1714.718450622947,300,0.04622303360511647,9.123268718210173,0.033061161079887685,5.715728168743157,0.0,0.0020076886952855116,23.023008354660845
0.5,0.1,Climate,20260815,60,0,0.6050854392119083,23559.11583665847,9.947896203751267,1716.4832202002315,300,0.04491048278564476,8.861737195504892,0.033159654012504224,5.721610734000771,0.0,0.0017075389275458645,26.301293669592468
0.5,0.1,Climate,20260816,60,0,0.5761973083012544,22360.240822617976,9.477580849726959,1632.0940204585056,300,0.0438253088333387,8.633315474103401,0.03159193616575653,5.440313401528352,0.0,0.0018821492578466937,23.28471488147429
0.5,0.1,Climate,20260817,60,0,0.6213088396017937,24391.81925220556,9.467862890257653,1640.2402691170482,300,0.04550856474708154,9.016987533207448,0.03155954296752551,5.467467563723494,0.0,0.0019305412780958812,23.572956073732463
0.5,0.1,Climate,20260818,60,0,0.7231514046609321,28047.378536142885,10.555037293906572,1819.3399934434183,300,0.04909689075901963,9.669087950119335,0.03518345764635524,6.064466644811394,0.0,0.002008796281276158,24.4409506412612
0.5,0.1,Climate,20260819,60,0,0.5675684770741242,22072.24128493719,9.560974826781468,1651.5161219947863,300,0.04349591847036241,8.577536803561808,0.03186991608927156,5.505053739982621,0.0,0.0019169204949070432,22.690517726699795
0.5,0.1,Climate,20260820,60,0,0.6153769161597796,23932.24458707965,10.18497610689013,1761.6100616729495,300,0.045290798041095114,8.93163751075909,0.03394992035630043,5.8720335389098315,0.0,0.0019648719375540695,23.050254408678885
0.5,0.1,Climate,20260821,60,0,0.7063590174050116,27532.63960380257,10.524082717623173,1821.5212560711002,300,0.04852350005942178,9.57995121835224,0.03508027572541058,6.071737520237001,0.0,0.0021593348799337398,22.4715029198763
0.5,0.1,Climate,20260822,60,0,0.6024896183190779,23530.99039567026,9.830611917536773,1701.680861143164,300,0.04481404609863139,8.85644593797276,0.03276870639178924,5.6722695371438805,0.0,0.0019865499826261595,22.558730709301646
0.5,0.1,Climate,20260823,60,0,0.5247834269074163,20338.301697554172,8.660040520262383,1495.3887758616759,300,0.041824371958122546,8.233731777987867,0.028866801734207942,4.984629252872253,0.0,0.0019267314811630264,21.707421281597703
0.5,0.1,Climate,20260824,60,0,0.7478641262809891,29002.914878771116,11.142984892364039,1922.1741351775381,300,0.04992875344865552,9.832414908314083,0.0371432829745468,6.407247117258461,0.0,0.0018990275101834358,26.291748371687714
0.5,0.1,Climate,20260825,60,0,0.5716702759999838,22341.541757917472,9.39072860428007,1624.3934068276665,300,0.04365280731713154,8.629704853569727,0.03130242868093357,5.414644689425555,0.0,0.0019442458044874457,22.45230886772548
0.5,0.1,Climate,20260826,60,0,0.6624622964671966,25803.311033947924,10.143057030931109,1752.1136654942839,300,0.04699157004070682,9.274213539693077,0.033810190103103696,5.840378884980947,0.0,0.0019527758397547238,24.063985780676777
0.5,0.1,Climate,20260827,60,0,0.745788412947556,28984.60203898153,11.025179454118623,1900.2798193099466,300,0.04985941612666411,9.829310257080017,0.03675059818039541,6.3342660643664885,0.0,0.00202844086959576,24.580167395562487
0.5,0.1,Climate,20260828,60,0,0.7186343582924712,28030.806104527357,10.675708683176913,1844.810063349374,300,0.04894331272988072,9.666230927741408,0.03558569561058971,6.149366877831247,0.0,0.0020788312005199845,23.543668537223407
0.5,0.1,Climate,20260829,60,0,0.6993211344590152,27113.887435839726,10.22509804685565,1764.7081383412954,300,0.048281160385772806,9.50681990920899,0.0340836601561855,5.882360461137651,0.0,0.0020237615841009245,23.85713849154923
0.5,0.1,Climate,20260830,60,0,0.45241815578326733,17578.160978621556,8.16935658194646,1416.9931118691156,300,0.038833754895420014,7.65466327990582,0.0272311886064882,4.7233103728970525,0.0,0.0020331709408776986,19.100093413028954
0.5,0.1,Climate,20260831,60,0,0.5440163662863395,21299.54400018392,8.93795127377824,1548.7893674382951,300,0.0425838923493512,8.426059577323974,0.02979317091259413,5.162631224794317,0.0,0.001960268236521681,21.723502710482354
0.5,0.1,Climate,20260832,60,0,0.7379929384836312,28822.037480422867,10.670407876730412,1840.7739220488763,300,0.049598149780128935,9.80170690584432,0.03556802625576804,6.135913073496255,0.0,0.0019778292920643106,25.07706301000431
0.5,0.1,Climate,20260833,60,0,0.6123173383625066,23970.588363766325,9.714428067564722,1678.5632418234823,300,0.04517806762735308,8.938789695062436,0.032381426891882406,5.595210806078274,0.0,0.0019347915235803522,23.3503543284863
0.5,0.1,Climate,20260834,60,0,0.6215814381004181,24136.958495266827,9.886070821110156,1706.19435526423,300,0.04551854706601907,8.969756313164595,0.03295356940370052,5.687314517547433,0.0,0.0018158898904734467,25.066799096585793
0.5,0.1,Climate,20260835,60,0,0.5993926145150127,23413.09280333365,9.781132895939127,1690.0746536950494,300,0.04469871789790742,8.834231300898729,0.03260377631979709,5.633582178983498,0.0,0.0018979840915947393,23.55062831972965
0.5,0.1,Climate,20260836,60,0,0.6065546503056964,23644.87320316002,9.541588816192089,1648.6236917849883,300,0.044964973416564157,8.877851317212594,0.03180529605397363,5.495412305949961,0.0,0.001869431479715729,24.052752884744223
0.5,0.1,Climate,20260837,60,0,0.5844541963011586,22671.563856752065,9.383795436501472,1620.4534965797047,300,0.044138199491338515,8.693208816225853,0.031279318121671576,5.401511655265683,0.0,0.0018066885618901278,24.43044165019889
0.5,0.1,Traffic,20260808,60,0,1.9669147357481234,103050554.83233775,24.326396955233555,121738.29441004207,360,0.07391652077678432,535.0248042856875,0.06757332487564877,338.16192891678355,0.0,0.00032956045147954094,224.28820098085416
0.5,0.1,Traffic,20260809,60,0,1.2471839760359575,65385410.142929874,17.97272500842268,89925.20393610778,360,0.05885915335301057,426.1761833865383,0.04992423613450745,249.79223315585494,0.0,0.0003691014049071063,159.46607780543118
0.5,0.1,Traffic,20260810,60,0,1.6807154029874443,88173455.12321676,22.321243479165553,111792.48471006124,360,0.06832754859635566,494.90025685097163,0.0620034541087932,310.5346797501701,0.0,0.0003327740852923344,205.32713217837104
0.5,0.1,Traffic,20260811,60,0,1.6703988494714261,87709497.79214466,21.458650003602536,107493.4180092978,360,0.06811752200489456,493.5964889128249,0.059607361121118155,298.592827803605,0.0,0.00037485935810988805,181.71487660960636
0.5,0.1,Traffic,20260812,60,0,1.3963013129098978,73197657.77719791,19.06472856745284,95430.70040065177,360,0.06227852565758962,450.9177609707596,0.052957579354035667,265.0852788906993,0.0,0.00033455676078171894,186.1523453062817
0.5,0.1,Traffic,20260813,60,0,1.3313667282487684,69918695.59585615,19.019190713748927,95250.82098751974,360,0.060813163968026974,440.70239263859025,0.052831085315969244,264.5856138542215,0.0,0.00037750158129928413,161.09379928613905
0.5,0.1,Traffic,20260814,60,0,1.6795154892016007,88167037.70005952,21.9498556666347,109876.61406799703,360,0.06830315368515409,494.8822466564353,0.0609718212962075,305.2128168555473,0.0,0.0003294825968079903,207.30428358544995
0.5,0.1,Traffic,20260815,60,1,1.4520949722538854,76172360.58648425,19.94440479078062,99865.97225258351,354,0.064046570544076,463.87084393053374,0.05634012652762887,282.1072662502359,0.016666666666666666,0.0003301713228298871,193.97981022438606
0.5,0.1,Traffic,20260816,60,0,1.6234659740484791,85082989.29320613,21.382611876881946,107037.15776430682,360,0.06715376166448325,486.1498091386775,0.05939614410244985,297.3254382341856,0.0,0.00029881656245983975,224.73239472296171
0.5,0.1,Traffic,20260817,60,0,1.565697096464533,82100949.59106109,21.05027225238013,105390.06890598394,360,0.06594815085573189,477.55438780153935,0.05847297847883369,292.7501914055109,0.0,0.0002986462920444579,220.82360508904134
0.5,0.1,Traffic,20260818,60,0,1.6786501160178269,88275954.67782776,22.34097228735955,111932.24060355058,360,0.06828555476042066,495.18782821893774,0.06205825635377652,310.9228905654183,0.0,0.0003540227409127353,192.8846564612432
0.5,0.1,Traffic,20260819,60,0,1.8792305659030777,98381701.18242727,23.702169604847107,118570.24990312246,360,0.07225015505371823,522.7642903685371,0.06583936001346419,329.3618052864513,0.0,0.0003939781861089015,183.3861812687954
0.5,0.1,Traffic,20260820,60,0,1.6167868351330832,84848159.18650098,21.801099156602106,109149.26138202965,360,0.0670154798687314,485.4784558284887,0.060558608768339184,303.1923927278601,0.0,0.00037047769337393956,180.88937894862593
0.5,0.1,Traffic,20260821,60,0,1.720359098066534,90337658.58492447,22.15260140526923,110935.33089407254,360,0.06912868632056476,500.9370624276857,0.06153500390352564,308.1536969279793,0.0,0.0003547120445352232,194.88677473905238
0.5,0.1,Traffic,20260822,60,0,1.344298356407538,70538038.39673302,18.300834658584012,91612.19902983004,360,0.06110779083825605,442.6499695543654,0.05083565182940004,254.47833063841676,0.0,0.0003538298912464496,172.70386801688628
0.5,0.1,Traffic,20260823,60,0,1.4877048393076104,78181803.60798557,19.750381656517774,98896.53966159186,360,0.06428462835329407,466.01682017803694,0.05486217126810493,274.7126101710885,0.0,0.0003996658839812993,160.84592388251482
0.5,0.1,Traffic,20260824,60,0,1.1479922504210132,60079819.58664911,16.19176663179134,81012.0598784828,360,0.05647005721867645,408.5197519590601,0.04497712953275372,225.03349966245224,0.0,0.0003217538664496901,175.50700428803142
0.5,0.1,Traffic,20260825,60,0,1.624481260204076,84953474.35788248,21.204240946140104,106091.81633386797,360,0.06717475675438894,485.77965500455065,0.05890066929483362,294.69948981629994,0.0,0.0003309764446534943,202.95932789028387
0.5,0.1,Traffic,20260826,60,0,1.430392509959383,75081529.16906507,19.810485314959667,99218.38520009696,360,0.06303421711788727,456.68348256467846,0.055029125874887966,275.6066255558249,0.0,0.00030525121400473845,206.49948051282374
0.5,0.1,Traffic,20260827,60,0,1.7084030783632917,89806387.71644676,22.034959048393112,110425.40453224716,360,0.06888805489026889,499.4618985480684,0.06120821957886976,306.7372348117977,0.0,0.00033092331685010643,208.1692385594942
0.5,0.1,Traffic,20260828,60,0,1.5446566534718844,80990679.80314025,20.53139421002789,102771.9562853092,360,0.06550353369331147,474.31435837878496,0.05703165058341081,285.47765634808115,0.0,0.0003397693260414941,192.7882497707044
0.5,0.1,Traffic,20260829,60,0,1.351187748030988,70815141.74985172,18.896710443341146,94556.22891016808,360,0.061264176319331,443.5185758036764,0.05249086234261429,262.6561914171335,0.0,0.00033901484300954304,180.71237169284194
0.5,0.1,Traffic,20260830,60,0,1.8326622289435255,95835883.28883159,23.364185982847523,116846.85702963982,360,0.07134934066781567,515.9561870095378,0.0649005166190209,324.57460286011064,0.0,0.0003363788326820408,212.1100786839879
0.5,0.1,Traffic,20260831,60,0,1.9756054761221784,103685477.20698246,24.39705610304251,122130.59087662316,360,0.07407963950525322,536.670489652487,0.06776960028622919,339.2516413239532,0.0,0.00033603182887590117,220.45423421068642
0.5,0.1,Traffic,20260832,60,0,1.6160551748332488,84611026.3905808,20.858497750326716,104370.58335903967,360,0.06700031456877333,484.7995759720964,0.05794027152868532,289.9182871084435,0.0,0.0003656389757945041,183.24171930300108
0.5,0.1,Traffic,20260833,60,0,1.5962991496417347,83766999.78337172,21.282313231605595,106574.47415282181,360,0.06658952098161072,482.37548705273764,0.059117536754459986,296.0402059800606,0.0,0.00037381800722444277,178.1335294038683
0.5,0.1,Traffic,20260834,60,0,1.3969833161719016,73171388.29470336,19.426362515199813,97204.76839828985,360,0.0622937333251798,450.8368400809499,0.053962118097777255,270.01324555080515,0.0,0.0003404556982498276,182.97162786644984
0.5,0.1,Traffic,20260835,60,0,1.4861217432205975,78072402.8286217,19.987903585776344,100100.38290578531,360,0.06425041597834638,465.69065444247457,0.055521954404934286,278.056619182737,0.0,0.0004052170665273939,158.5580205911758
0.5,0.1,Traffic,20260836,60,0,1.6077739734290442,84466007.20717461,21.07125887630303,105565.81325085564,360,0.06682842819549685,484.3839363539085,0.058531274656397306,293.2383701412657,0.0,0.00037770868420849377,176.9311402927866
0.5,0.1,Traffic,20260837,60,0,1.693551125314542,88940041.04847904,21.83415031955705,109373.26825061256,360,0.0685879630943308,497.04694906930916,0.06065041755432514,303.81463402947935,0.0,0.0003670454648045163,186.86503354798256
0.5,0.1,Water,20260808,60,0,0.561442725348923,1944655.399140002,10.069362564755828,7727.170771225699,540,0.03224451504746433,60.01011333193027,0.018646967712510794,14.309575502269814,0.0,0.001177029519005285,27.394822752376147
0.5,0.1,Water,20260809,60,0,0.4586230146797354,1625061.3525936252,8.535392516834783,6570.013165142909,540,0.029142784339121527,54.85775127703815,0.015806282438582932,12.166691046560944,0.0,0.0010995676047372161,26.503858620031203
0.5,0.1,Water,20260810,60,0,0.7954273355362512,2536398.3896495905,13.741561785085569,10156.2194957224,540,0.0383798590972712,68.53491121251014,0.02544733663904735,18.80781388096741,0.0,0.0012071533058403306,31.79369091861451
0.5,0.1,Water,20260811,60,0,0.508685012445966,1739558.9752650363,9.48918361264516,7229.579510152293,540,0.03069216972303106,56.757426912696346,0.017572562245639186,13.388110203985727,0.0,0.0011960714995495336,25.660815205939105
0.5,0.1,Water,20260812,60,0,0.6630483074832595,2262863.333331418,10.456190738917632,8164.379026357178,540,0.035040936575384374,64.73397604285898,0.0193633161831808,15.11922041917996,0.0,0.0011840133398359767,29.59505218094811
0.5,0.1,Water,20260813,60,0,0.48430555865007757,1682994.7782520507,9.803021810377244,7434.133501770008,540,0.02994765676389877,55.82702747561486,0.018153744093291194,13.76691389216668,0.0,0.0010759025284180737,27.834916242767413
0.5,0.1,Water,20260814,60,0,0.7621226330455949,2659000.675910955,12.851383730465393,9704.169447731923,540,0.037567781533432265,70.17175589766175,0.023798858760121097,17.970684162466526,0.0,0.0010993524648603944,34.17264501990538
0.5,0.1,Water,20260815,60,0,0.656148640725066,2156285.997510062,11.01390685855877,8322.043741854894,540,0.03485814216817627,63.19115616612206,0.02039612381214587,15.411192114546099,0.0,0.0011059224528908735,31.519517554831566
0.5,0.1,Water,20260816,60,0,0.4328574046790091,1659721.0326274158,8.455233199453989,6785.622697196017,540,0.028312325698229196,55.43967413169515,0.015657839258248128,12.565967957770402,0.0,0.0011946853495692646,23.698562729037402
0.5,0.1,Water,20260817,60,0,0.4338358504371953,1460750.271994673,8.773634324541813,6822.5107991723935,540,0.02834430671284523,52.0105094792046,0.016247470971373728,12.634279257726655,0.0,0.0011258332015078823,25.176293144386168
0.5,0.1,Water,20260818,60,0,0.7671313403638818,2548452.6721390355,12.134569615569651,9182.988701721591,540,0.037691028020822775,68.69757492268175,0.022471425214017873,17.005534632817763,0.0,0.001113062372205603,33.86245817126639
0.5,0.1,Water,20260819,60,0,0.4552481218112605,1467005.6158666469,9.042145732496131,6815.272879890914,540,0.02903535908901869,52.12175233450729,0.01674471431943728,12.620875703501692,0.0,0.0011863468172711564,24.474596017213614
0.5,0.1,Water,20260820,60,0,0.4346478409198878,1566112.0124001135,9.683245425530703,7371.871678610654,540,0.028370819676401725,53.853573979547356,0.017931935973205006,13.65161421964936,0.0,0.0011325631530486918,25.05009950220585
0.5,0.1,Water,20260821,60,0,0.3896244672098488,1430374.1614538599,8.511240417875086,6594.9195105719255,540,0.026861250736504243,51.466892656632865,0.015761556329398307,12.21281390846653,0.0,0.0012472311210593686,21.536706615922903
0.5,0.1,Water,20260822,60,0,0.41195942109963296,1600882.5271648862,8.688411309939776,6903.569005019714,540,0.027620423907883315,54.44811541759335,0.016089650573962548,12.784387046332803,0.0,0.001143490798501884,24.154478500456257
0.5,0.1,Water,20260823,60,0,0.3355724199857174,1179074.0627571798,7.986447457236153,6110.690603789049,540,0.02492850591954837,46.72762016824065,0.014789717513400283,11.316093710720462,0.0,0.0010980762386373366,22.7019810122506
0.5,0.1,Water,20260824,60,0,1.1038563184128236,3824662.5111743645,17.811994058140243,13377.661026639234,540,0.04521259080644632,84.1588281407637,0.03298517418174119,24.773446345628212,0.0,0.0011546195722259857,39.15799791898658
0.5,0.1,Water,20260825,60,0,0.5942186574048992,2027625.7783811556,11.006538340709097,8426.057266243783,540,0.033172351757452825,61.27693328290586,0.02038247840872055,15.6038097523033,0.0,0.0011181509799473082,29.66714902759915
0.5,0.1,Water,20260826,60,0,0.6605495467949359,2231307.9705890263,11.39854907308325,8567.779308183002,540,0.03497484669690639,64.28103761909172,0.021108424209413428,15.866257978116671,0.0,0.0012258655136381696,28.530737105987043
0.5,0.1,Water,20260827,60,0,0.43680521248266685,1553724.8584048785,8.651569205866368,6769.946919066202,540,0.028441141707648943,53.64017390263878,0.01602142445530809,12.536938739011486,0.0,0.0011313146122564892,25.13990485009384
0.5,0.1,Water,20260828,60,0,0.522835363523557,1714931.4815699656,9.30312552694808,7144.744715371976,540,0.031116131445839072,56.35422823483949,0.017228010235089037,13.231008732170325,0.0,0.001155310651642733,26.933129545369578
0.5,0.1,Water,20260829,60,0,0.5311475373947496,1758356.8485753203,10.140029788694688,7569.382422574369,540,0.03136250230340395,57.06326652278673,0.0187778329420272,14.017374856619202,0.0,0.0011846870488731248,26.47323808700026
0.5,0.1,Water,20260830,60,0,0.6986633930094228,2350462.3116999404,11.436257718389207,8684.222537008009,540,0.035969724744089965,65.97505577587275,0.021178255034054086,16.08189358705187,0.0,0.0011631064931538078,30.925564387966467
0.5,0.1,Water,20260831,60,0,0.35538751952603964,1180185.0055440739,7.914031294944932,5959.494122485,540,0.025653947769482432,46.74962874766581,0.014655613509157282,11.036100226824074,0.0,0.0011244801642571701,22.814050958764035
0.5,0.1,Water,20260832,60,0,0.6636099332012555,2185149.878365912,12.339019288982632,9012.181556582409,540,0.035055773899687746,63.61268622551451,0.022850035720338207,16.68922510478224,0.0,0.0012003012912170392,29.20581203752862
0.5,0.1,Water,20260833,60,0,0.5623987196319122,1945877.5160122572,9.750235732418469,7444.162690255952,540,0.03227195547885915,60.028967020132704,0.01805599209707124,13.785486463436948,0.0,0.0011212301128358817,28.782633564161962
0.5,0.1,Water,20260834,60,0,0.5922326816509674,1928988.318662626,11.043310245728085,8394.817912523076,540,0.03311687165543467,59.76788928945018,0.020450574529126082,15.545959097264957,0.0,0.0010137016772545668,32.66924816098353
0.5,0.1,Water,20260835,60,0,0.5840274058696839,1834929.3834629357,10.313369530222102,7616.967366975946,540,0.03288665737182798,58.29251561549917,0.019098832463374262,14.10549512402953,0.0,0.001089748645947522,30.178204390640435
0.5,0.1,Water,20260836,60,0,0.4452628471686353,1603411.2898834378,8.865724827650759,7157.229445703502,540,0.028715167213339807,54.49110171808614,0.016418008940093997,13.254128603154633,0.0,0.001108661492135297,25.90075276993161
0.5,0.1,Water,20260837,60,0,0.5037064165307321,1758349.9725618279,9.498392438905356,7279.769575699631,540,0.030541605397262542,57.063154950390484,0.01758961562760251,13.481054769814131,0.0,0.0011893172176197808,25.67994891925171
0.5,0.25,Climate,20260808,60,0,4.168899863354603,161747.70798242968,26.075711890888734,4476.410950401087,300,0.11788270813757493,23.219798160365194,0.08691903963629578,14.921369834670289,0.0,0.0019112351110496621,61.678810448826994
0.5,0.25,Climate,20260809,60,0,4.075648241141729,158308.16070587336,23.734669393238782,4082.617537578411,300,0.11655682793015215,22.97158829988858,0.07911556464412928,13.60872512526137,0.0,0.0020096781502706436,57.997758454235786
0.5,0.25,Climate,20260810,60,0,3.9733772649003187,154735.53866608895,24.018206358596494,4135.792056682224,300,0.11508514623095832,22.710903304073206,0.08006068786198832,13.78597352227408,0.0,0.0021192120578191745,54.30563015453462
0.5,0.25,Climate,20260811,60,0,4.149089493659495,160699.8342507181,23.85627349160342,4098.145826234023,300,0.11760228872006835,23.144461846607285,0.07952091163867807,13.660486087446744,0.0,0.00204771476015492,57.430991370678576
0.5,0.25,Climate,20260812,60,0,4.704159245566611,182903.25080977532,26.338846557751573,4529.1142060032025,300,0.12522192626914574,24.6916484402976,0.08779615519250525,15.097047353344008,0.0,0.001965768494444359,63.701258120194254
0.5,0.25,Climate,20260813,60,0,4.560517156302386,176836.84610291323,26.20051952852811,4497.981377846178,300,0.1232952710136982,24.278718122594064,0.0873350650950937,14.993271259487258,0.0,0.0020706926571289726,59.54300875565368
0.5,0.25,Climate,20260814,60,0,4.364081991057569,169473.74903237948,25.06606926102744,4304.593465963637,300,0.12061069591952406,23.7678879325572,0.0835535642034248,14.348644886545456,0.0,0.0020076886952855116,60.074401077589435
0.5,0.25,Climate,20260815,60,0,4.288537875073526,166304.15391161098,25.678589998595175,4406.07606633417,300,0.11956222752293087,23.544578562916982,0.08559529999531724,14.6869202211139,0.0,0.0017075389275458645,70.02020603698327
0.5,0.25,Climate,20260816,60,0,4.247309973926022,164267.9307254047,25.251150311132985,4331.5661964151695,300,0.11898613328067578,23.399995065911494,0.08417050103710995,14.438553988050565,0.0,0.0018821492578466937,63.21822394511049
0.5,0.25,Climate,20260817,60,0,4.571849864751133,177919.68889286206,24.92232712359533,4282.231928254512,300,0.12344836794858992,24.352938829695145,0.08307442374531777,14.27410642751504,0.0,0.0019305412780958812,63.944951267941136
0.5,0.25,Climate,20260818,60,0,4.933152393954667,190920.44641794555,27.248093318883523,4673.858374498847,300,0.1282335420753175,25.226999188564193,0.09082697772961175,15.579527914996158,0.0,0.002008796281276158,63.83601128226535
0.5,0.25,Climate,20260819,60,0,3.8774147606366385,150410.60360052343,24.06504536332179,4136.028760191074,300,0.11368692039451501,22.391263445112056,0.0802168178777393,13.786762533970247,0.0,0.0019169204949070432,59.30706082832507
0.5,0.25,Climate,20260820,60,0,4.559448781586633,176771.1786966819,27.162129975868684,4664.726587290714,300,0.12328082821464487,24.27420981870003,0.09054043325289561,15.54908862430238,0.0,0.0019648719375540695,62.74242400148911
0.5,0.25,Climate,20260821,60,0,5.285850434887066,205381.71747600057,28.627895370879457,4920.403311946939,300,0.1327384701193424,26.164971334209444,0.09542631790293153,16.401344373156462,0.0,0.0021593348799337398,61.47192422669315
0.5,0.25,Climate,20260822,60,0,4.2670740649336025,165811.02280352742,25.391581841182763,4365.137433271096,300,0.11926265222795165,23.50964502805373,0.08463860613727588,14.550458110903651,0.0,0.0019865499826261595,60.035062430339664
0.5,0.25,Climate,20260823,60,0,4.037123970902502,156470.25170736763,23.761880830275974,4078.788361924357,300,0.11600465466095893,22.837852475467685,0.07920626943425324,13.595961206414524,0.0,0.0019267314811630264,60.20800292884374
0.5,0.25,Climate,20260824,60,0,5.363980837737269,207783.84022691476,29.470275162327415,5057.150729767887,300,0.13371587836076498,26.317537893130933,0.09823425054109138,16.85716909922629,0.0,0.0018990275101834358,70.41281795219952
0.5,0.25,Climate,20260825,60,0,3.9823620628383627,154765.56151109925,24.23483590272109,4167.386073522257,300,0.11521519087976728,22.713106459421123,0.08078278634240364,13.891286911740856,0.0,0.0019442458044874457,59.259580560155065
0.5,0.25,Climate,20260826,60,0,4.2429910698605795,164425.3306989743,25.297221359014387,4345.423075237982,300,0.11892562199207508,23.41120320836261,0.08432407119671462,14.484743584126607,0.0,0.0019527758397547238,60.900805699753334
0.5,0.25,Climate,20260827,60,0,5.522123033708752,213988.7194898854,29.568263960531922,5072.272783300541,300,0.135672682508415,26.707596889891672,0.09856087986843974,16.907575944335136,0.0,0.00202844086959576,66.88520456376561
0.5,0.25,Climate,20260828,60,0,5.0387001956215896,195754.3381027414,27.956689704503937,4801.892597759278,300,0.12959809920958962,25.54436259417078,0.0931889656816798,16.006308659197593,0.0,0.0020788312005199845,62.34180975212073
0.5,0.25,Climate,20260829,60,0,4.251498555063477,164828.01807706564,23.79136317992648,4086.3713440303995,300,0.11904478926106589,23.439853389549008,0.07930454393308826,13.621237813434664,0.0,0.0020237615841009245,58.82352456747156
0.5,0.25,Climate,20260830,60,0,3.070914797629825,118992.27194239254,20.800944315708595,3580.2022243985316,300,0.10117501005073379,19.915845612844105,0.06933648105236198,11.934007414661773,0.0,0.0020331709408776986,49.76217592754773
0.5,0.25,Climate,20260831,60,0,3.6921226679577988,143475.09524027802,22.871932353792893,3930.821051187962,300,0.11093725956530263,21.868934987044828,0.07623977451264298,13.102736837293207,0.0,0.001960268236521681,56.59289759352056
0.5,0.25,Climate,20260832,60,0,5.197426685140749,201786.67734883042,28.24640910061351,4848.958567105782,300,0.13162353747387215,25.93496207495655,0.09415469700204503,16.16319522368594,0.0,0.0019778292920643106,66.54949342796583
0.5,0.25,Climate,20260833,60,0,4.338330050018195,168451.95850880086,25.164947750187608,4320.165536225768,300,0.12025431454516432,23.6961289742158,0.08388315916729203,14.400551787419227,0.0,0.0019347915235803522,62.15362899803925
0.5,0.25,Climate,20260834,60,0,4.375721889606587,169623.04814605304,25.707630680393763,4412.093490216432,300,0.12077143549706593,23.778354873431496,0.08569210226797921,14.706978300721438,0.0,0.0018158898904734467,66.50812702392317
0.5,0.25,Climate,20260835,60,0,4.510748205023767,175391.16928316807,26.25088878288791,4511.778883280125,300,0.12262066444967269,24.179272754652764,0.08750296260962637,15.039262944267085,0.0,0.0018979840915947393,64.60573879027794
0.5,0.25,Climate,20260836,60,0,4.229905974956685,164116.01688237887,24.725843961788733,4246.386528682076,300,0.11874210114019773,23.389172486600067,0.08241947987262911,14.154621762273585,0.0,0.001869431479715729,63.51776057513164
0.5,0.25,Climate,20260837,60,0,4.1281274525632075,159962.41788374228,24.073637512119628,4132.934669573869,300,0.11730483724841596,23.09129835267983,0.08024545837373209,13.776448898579561,0.0,0.0018066885618901278,64.92808983397425
0.5,0.25,Traffic,20260808,60,0,14.797727595333678,775360911.8345163,68.34227095116637,342038.16811179125,360,0.20274318453631648,1467.5763389518904,0.1898396415310177,950.1060225327535,0.0,0.00032956045147954094,615.1927017520267
0.5,0.25,Traffic,20260809,60,0,9.393723657872584,492685971.72162586,50.439003586281544,252488.87279438582,360,0.16153537330078463,1169.8598820675845,0.1401083432952265,701.3579799844051,0.0,0.0003691014049071063,437.6449700630077
0.5,0.25,Traffic,20260810,60,0,13.734341168039728,720990915.2206115,66.0650853146648,330863.10760508175,360,0.195322675818757,1415.1863984222985,0.18351412587406887,919.0641877918938,0.0,0.0003327740852923344,586.9527840401711
0.5,0.25,Traffic,20260811,60,0,12.250631939718364,642990967.1747427,59.73232532594849,299100.4251692591,360,0.18447095480287498,1336.4452925315877,0.16592312590541247,830.834514359053,0.0,0.00037485935810988805,492.10710847132776
0.5,0.25,Traffic,20260812,60,0,11.950900010348496,626650898.6852385,59.55046751707754,298186.3526690695,360,0.18220028669897934,1319.3547441049845,0.1654179653252154,828.2954240807486,0.0,0.00033455676078171894,544.6020169290665
0.5,0.25,Traffic,20260813,60,0,9.883744705985508,518867836.38518864,52.567848262869205,263262.22732639685,360,0.16569504037693855,1200.5413551870727,0.14602180073019225,731.2839647955468,0.0,0.00037750158129928413,438.92542067413257
0.5,0.25,Traffic,20260814,60,0,10.90592776946497,571299681.2576665,55.27057151756278,276586.1842365339,360,0.1740524168291534,1259.73948062648,0.15352936532656328,768.2949562125941,0.0,0.0003294825968079903,528.2598186227857
0.5,0.25,Traffic,20260815,60,0,14.588401829438434,766016740.4985864,68.53849796386446,343170.8448419536,360,0.20130409438237157,1458.7063718112497,0.19038471656629016,953.2523467832044,0.0,0.0003301713228298871,609.6958774523513
0.5,0.25,Traffic,20260816,60,0,12.069178743136694,631911005.9607033,60.1743049338194,301101.74961037433,360,0.1830996900836073,1324.8805040043583,0.16715084703838723,836.3937489177065,0.0,0.00029881656245983975,612.7494693612088
0.5,0.25,Traffic,20260817,60,0,12.320720233022563,646356126.0218174,60.583033857498535,303315.1196948989,360,0.18499789963539348,1339.937940127802,0.16828620515971815,842.5419991524969,0.0,0.0002986462920444579,619.4548687309797
0.5,0.25,Traffic,20260818,60,0,14.288436172528517,749847778.0718824,66.1777671673863,331312.8344818292,360,0.1992237447676503,1443.2291899224176,0.1838271310205175,920.3134291161922,0.0,0.0003540227409127353,562.7427894999488
0.5,0.25,Traffic,20260819,60,0,14.20201835357414,743272064.4562781,66.3943366273605,332163.14736677334,360,0.19862036900114347,1436.8871296972707,0.18442871285377918,922.6754093521481,0.0,0.0003939781861089015,504.140523521883
0.5,0.25,Traffic,20260820,60,0,12.808471679164441,672226201.2556198,63.06513834366805,315795.5477664383,360,0.18862419780526304,1366.4900305116876,0.17518093984352237,877.209854906773,0.0,0.00037047769337393956,509.1378001397679
0.5,0.25,Traffic,20260821,60,0,13.791813286325937,723323369.231963,64.69231796890458,323845.1282837605,360,0.19573091851318863,1417.4736615542095,0.17970088324695715,899.5698007882237,0.0,0.0003547120445352232,551.8022901355198
0.5,0.25,Traffic,20260822,60,0,9.53734149086802,500560568.9174056,49.81613486287475,249417.0242226759,360,0.16276552230866081,1179.1717537197756,0.1383781523968743,692.8250672852108,0.0,0.0003538298912464496,460.0106614375646
0.5,0.25,Traffic,20260823,60,0,11.867221698282451,623141056.794809,58.86885098660256,294698.7301252183,360,0.18156129741068514,1315.6547343378431,0.163524586073896,818.6075836811619,0.0,0.0003996658839812993,454.2827013455583
0.5,0.25,Traffic,20260824,60,1,13.014061839623913,681764170.254746,62.44454037462055,312490.4357647147,354,0.19173650292161357,1387.7634836654722,0.17639700670796765,882.7413439681206,0.016666666666666666,0.0003217538664496901,595.9104859788648
0.5,0.25,Traffic,20260825,60,0,12.916838657959303,677061027.7595216,62.26502254609562,311680.7145814852,360,0.18942045133306037,1371.395303007044,0.17295839596137672,865.7797627263478,0.0,0.0003309764446534943,572.3079524023782
0.5,0.25,Traffic,20260826,60,0,14.396160119886606,756544919.3715241,67.17825225383685,336480.6382018636,360,0.19997333238797538,1449.6598445569568,0.1866062562606579,934.6684394496211,0.0,0.00030525121400473845,655.1106865863969
0.5,0.25,Traffic,20260827,60,0,12.867657313476249,675848447.822273,61.72112264434494,309134.99303233484,360,0.18905949470321246,1370.16670500575,0.17144756290095817,858.7083139787079,0.0,0.00033092331685010643,571.3090769873071
0.5,0.25,Traffic,20260828,60,0,11.503374747334888,603236545.1596451,58.14369460087863,291039.27038845787,360,0.17875631105669224,1294.4717339084323,0.16151026278021843,808.4424177457163,0.0,0.0003397693260414941,526.11079740277
0.5,0.25,Traffic,20260829,60,0,10.173650645827427,533205541.7711204,52.91469743397345,264882.1015974537,360,0.16810752714513993,1217.0154086616074,0.14698527064992625,735.7836155484825,0.0,0.00033901484300954304,495.8706989133447
0.5,0.25,Traffic,20260830,60,0,14.170688961876188,741987945.6928167,66.61272858687096,333263.5977763558,360,0.19840117160465692,1435.6453694852678,0.18503535718575265,925.7322160454328,0.0,0.0003363788326820408,589.8146741956083
0.5,0.25,Traffic,20260831,60,0,14.962335385621481,785113767.9855134,68.8869016825297,344878.5339925554,360,0.2038677089139853,1476.7774299932732,0.1913525046736936,957.9959277570983,0.0,0.00033603182887590117,606.6916625010396
0.5,0.25,Traffic,20260832,60,0,14.377152202325473,754332929.0109538,66.23231953908265,331648.29283554904,360,0.19984127175172933,1447.5390313399669,0.1839786653863407,921.2452578765251,0.0,0.0003656389757945041,546.5535267882487
0.5,0.25,Traffic,20260833,60,0,12.593356480023294,659922411.279817,61.256063904755905,306634.6158466976,360,0.18703354185237064,1353.9268108397155,0.1701557330687664,851.7628217963822,0.0,0.00037381800722444277,500.3331520626145
0.5,0.25,Traffic,20260834,60,0,12.311162910399528,645177973.9683329,60.64138032794231,303463.1294165362,360,0.18492613322921614,1338.716190535143,0.16844827868872864,842.9531372681561,0.0,0.0003404556982498276,543.1723838956476
0.5,0.25,Traffic,20260835,60,0,10.464787508862976,549402588.2109529,54.02651853053013,270485.75545005477,360,0.170495906670178,1235.3616072170853,0.15007366258480592,751.3493206945966,0.0,0.0004052170665273939,420.75203823788587
0.5,0.25,Traffic,20260836,60,0,12.209363207531158,641668324.6900454,60.41208674575444,302646.5023524858,360,0.18415997881922572,1335.0700404952183,0.16781135207154013,840.684728756905,0.0,0.00037770868420849377,487.57147113294883
0.5,0.25,Traffic,20260837,60,0,13.316552265800993,698252526.082217,63.39907134842528,317396.06927523616,360,0.19232894467697345,1392.6917642566787,0.17610853152340356,881.6557479867671,0.0,0.0003670454648045163,523.992156610368
0.5,0.25,Water,20260808,60,0,6.943856244064363,22749653.3888851,38.715889561796715,28161.506406296474,540,0.1133975001689351,205.25347197354452,0.07169609178110503,52.15093778943791,0.0,0.001177029519005285,96.34210386224471
0.5,0.25,Water,20260809,60,0,6.431215658484582,21506564.409448583,35.95954785289835,26285.0766264092,540,0.10913138241048402,199.56695901027425,0.0665917552831451,48.676067826683706,0.0,0.0010995676047372161,99.24936124010779
0.5,0.25,Water,20260810,60,0,10.606622943168475,34982085.567657255,53.24837047179067,38921.54731295008,540,0.14014954277200078,254.52237610887187,0.09860809346627902,72.07693946842608,0.0,0.0012071533058403306,116.0992080243189
0.5,0.25,Water,20260811,60,0,9.08680238865182,28845219.354689904,46.83698255768581,33628.388089086635,540,0.12972051430223636,231.12133800031398,0.08673515288460334,62.274792757567845,0.0,0.0011960714995495336,108.455484769173
0.5,0.25,Water,20260812,60,0,13.078309162148441,42494055.935748205,61.93241502824367,44834.403230426324,540,0.15562484069394458,280.5221848220056,0.11468965745971049,83.02667264893763,0.0,0.0011840133398359767,131.4384183505091
0.5,0.25,Water,20260813,60,0,5.989066740253778,19396045.364626374,34.578507008176004,25087.63717561243,540,0.10531317265092383,189.52203704869225,0.06403427223736297,46.45858736224525,0.0,0.0010759025284180737,97.88356274779687
0.5,0.25,Water,20260814,60,0,12.398351049711396,41740498.55534412,60.10081577345891,43767.67730240313,540,0.1515252762786374,278.0237751468992,0.11129780698788687,81.0512542637095,0.0,0.0010993524648603944,137.83138813253987
0.5,0.25,Water,20260815,60,0,7.091681735771894,22996867.46185546,37.56059665815572,27186.58588341988,540,0.11459818478114363,206.36567446169101,0.06955666047806615,50.34552941374052,0.0,0.0011059224528908735,103.62226074855862
0.5,0.25,Water,20260816,60,0,3.868161685076066,12981575.161728818,25.226475909831205,18591.276405166038,540,0.08463605838985233,155.048231215972,0.046715696129317044,34.428289639196365,0.0,0.0011946853495692646,70.84380704958612
0.5,0.25,Water,20260817,60,1,5.881178833289974,18632643.54023603,35.70811296135619,25726.352306337816,531,0.10524099178890237,187.32251381303706,0.06724691706470093,48.44887439988289,0.016666666666666666,0.0011258332015078823,93.47831601337397
0.5,0.25,Water,20260818,60,0,7.139387806551192,22926380.637631137,38.779320056109974,28010.026613914786,540,0.114982992353871,206.04916995721595,0.07181355565946292,51.870419655397754,0.0,0.001113062372205603,103.30327861683524
0.5,0.25,Water,20260819,60,1,13.311501722413126,43284103.91568812,64.21312415154003,46319.746105892154,531,0.15833111340943398,285.5071277426882,0.12092867071853113,87.23116027474983,0.016666666666666666,0.0011863468172711564,133.4610681332027
0.5,0.25,Water,20260820,60,0,10.537518249381838,34600564.904746935,52.62268335128914,38045.661726049,540,0.1396922427482659,253.1306385919646,0.0974494136134984,70.45492912231296,0.0,0.0011325631530486918,123.34168065792633
0.5,0.25,Water,20260821,60,0,5.398195210690957,18295652.758023195,32.16568535074765,23723.851073404738,540,0.09998328759135622,184.06748338797837,0.059566083982866024,43.93305754334211,0.0,0.0012472311210593686,80.16420204976346
0.5,0.25,Water,20260822,60,0,4.409070169666642,14946630.10790742,27.199197706002874,20079.09182813744,540,0.09036008387912182,166.36990306023804,0.05036888464074606,37.1835033854397,0.0,0.001143490798501884,79.02126016012096
0.5,0.25,Water,20260823,60,0,6.135972462789399,20175940.566798348,35.35816377892801,25869.54405945599,540,0.10659696040754875,193.29473066143944,0.06547808107208891,47.90656307306665,0.0,0.0010980762386373366,97.07610150988315
0.5,0.25,Water,20260824,60,0,15.869492308375175,51287400.48420945,73.93829515279869,53442.572777087196,540,0.17142913614439434,308.1828476138003,0.13692276880147905,98.96772736497628,0.0,0.0011546195722259857,148.47239754813518
0.5,0.25,Water,20260825,60,1,6.741827344003716,21759707.862518925,38.57795971318925,28092.114493416768,531,0.11267862858977867,202.43204836281998,0.07265152488359558,52.90417042074721,0.016666666666666666,0.0011181509799473082,100.77228443254465
0.5,0.25,Water,20260826,60,0,8.967482084202949,29940302.47584378,45.54808636586525,33641.2967512778,540,0.12886600911054683,235.46762959034496,0.08434830808493565,62.298697687551474,0.0,0.0012258655136381696,105.1224687185248
0.5,0.25,Water,20260827,60,3,10.449232922929344,34103266.37889662,52.9788852532236,38454.16381700958,513,0.14271956801164135,257.83347746774916,0.1032726808055041,74.95938365888807,0.05,0.0011313146122564892,126.1537387261151
0.5,0.25,Water,20260828,60,0,11.04248583009803,36355796.88315323,55.327353653902065,40123.2498576023,540,0.14300016724995418,259.4716743377148,0.10245806232204087,74.30231455111537,0.0,0.001155310651642733,123.7763774155658
0.5,0.25,Water,20260829,60,0,16.854058964894463,57490718.69586714,76.30613468460525,56323.576232262334,540,0.17666697570672374,326.28866649216525,0.14130765682334306,104.30291894863396,0.0,0.0011846870488731248,149.12543854916748
0.5,0.25,Water,20260830,60,0,7.068113120156769,22916423.010010824,38.322600780931786,27947.61735348628,540,0.11440759752158369,206.00441837229835,0.07096777922394776,51.754846950900514,0.0,0.0011631064931538078,98.36381981787679
0.5,0.25,Water,20260831,60,0,4.8491686305966075,15447239.361883942,31.45648550244975,22660.386290880557,540,0.0947625554135822,169.13308020107598,0.0582527509304625,41.963678316445474,0.0,0.0011244801642571701,84.27232282588301
0.5,0.25,Water,20260832,60,0,15.37629057226406,49948891.49399053,70.08227228287197,50369.43380731114,540,0.1687442211480422,304.1347517320136,0.12978198570902216,93.27672927279842,0.0,0.0012003012912170392,140.5848867970015
0.5,0.25,Water,20260833,60,0,7.576094656218029,24738404.63252363,42.54287896683165,30876.52500033585,540,0.1184474774696459,214.03705387292013,0.07878310919783639,57.17875000062194,0.0,0.0011212301128358817,105.64064959873538
0.5,0.25,Water,20260834,60,0,9.896229444111617,32114527.602507845,49.36169094828892,36051.373240490444,540,0.13537485299134738,243.86747920141292,0.09141053879312762,66.76180229720453,0.0,0.0010137016772545668,133.54506165757408
0.5,0.25,Water,20260835,60,0,7.0370473880980375,22089478.796786755,37.76457800453783,26895.11360698029,540,0.11415589882795628,202.25341088909173,0.0699344037121071,49.80576593885239,0.0,0.001089748645947522,104.75433876653202
0.5,0.25,Water,20260836,60,0,5.68823528718355,18720992.92446182,31.481911161376228,23455.276757133266,540,0.1026341514815605,186.1948050179436,0.05829983548403005,43.43569769839494,0.0,0.001108661492135297,92.57483209224281
0.5,0.25,Water,20260837,60,1,7.935705531361378,25855152.700227942,42.53114837385357,30979.05309744394,531,0.12224905524851772,220.66136124601715,0.08009632462119316,58.340966285205155,0.016666666666666666,0.0011893172176197808,102.78927559224168
0.5,0.5,Climate,20260808,60,0,26.08342152493877,1012002.7389961886,66.27830376700805,11364.735228589781,300,0.2948639320372408,58.08048263677419,0.22092767922336018,37.88245076196594,0.0,0.0019112351110496621,154.27925655640541
0.5,0.5,Climate,20260809,60,0,21.94617835914048,851024.4917901793,55.448754346788085,9513.621948311173,300,0.2704698280100788,53.26113316450622,0.18482918115596028,31.712073161037242,0.0,0.0020096781502706436,134.58365359331523
0.5,0.5,Climate,20260810,60,0,22.881317058450655,888979.1955572006,59.976486114971394,10298.919998805166,300,0.27617215077104024,54.43587039067777,0.199921620383238,34.32973332935055,0.0,0.0021192120578191745,130.31831795787429
0.5,0.5,Climate,20260811,60,0,22.829275823017923,885048.4893740339,57.07956771293008,9789.369071329449,300,0.2758579092154626,54.31539037185298,0.19026522570976692,32.63123023776483,0.0,0.00204771476015492,134.71500747232616
0.5,0.5,Climate,20260812,60,0,29.498838652218456,1144989.6284804246,70.11005090931499,12031.259251348049,300,0.31357528948254443,61.77889684135472,0.23370016969771665,40.1041975044935,0.0,0.001965768494444359,159.51791391955294
0.5,0.5,Climate,20260813,60,0,23.193280083907393,898133.9408105769,59.64360903859672,10225.33576503827,300,0.2780484375302703,54.71544391396202,0.19881203012865575,34.084452550127565,0.0,0.0020706926571289726,134.2779849887458
0.5,0.5,Climate,20260814,60,0,25.51192297710933,989627.7578976495,62.84573646828946,10778.384760643314,300,0.2916157459003733,57.43482561122794,0.20948578822763153,35.927949202144376,0.0,0.0020076886952855116,145.2494834409091
0.5,0.5,Climate,20260815,60,0,23.834385562041657,924155.3546026408,62.035746973300945,10636.092038290551,300,0.28186513064491003,55.502412998674835,0.20678582324433648,35.45364012763517,0.0,0.0017075389275458645,165.0709837988974
0.5,0.5,Climate,20260816,60,0,28.82042046693175,1116377.8415660604,69.02218841108642,11832.48896470031,300,0.309948492855032,61.00212678166941,0.23007396137028807,39.44162988233436,0.0,0.0018821492578466937,164.6779560987815
0.5,0.5,Climate,20260817,60,0,24.28067565275695,943246.7722846562,59.65902803044411,10236.013025694021,300,0.28449180218275155,56.07277331838974,0.19886342676814703,34.12004341898007,0.0,0.0019305412780958812,147.36374995480523
0.5,0.5,Climate,20260818,60,0,26.011315788438843,1006697.0926605647,64.15309701912274,10992.736897360348,300,0.29445608494555314,57.92803272626489,0.21384365673040914,36.64245632453449,0.0,0.002008796281276158,146.58334829178878
0.5,0.5,Climate,20260819,60,0,22.972094016843016,890548.623719338,60.09497592221197,10312.969126915432,300,0.27671943683595857,54.4839004881056,0.20031658640737324,34.376563756384776,0.0,0.0019169204949070432,144.35624094539062
0.5,0.5,Climate,20260820,60,0,28.33644447441058,1097880.9494876612,71.16022662431395,12203.376488974314,300,0.30733502064473867,60.494654019664175,0.23720075541437982,40.67792162991438,0.0,0.0019648719375540695,156.41478448072212
0.5,0.5,Climate,20260821,60,0,31.326270992607522,1214459.1961613859,73.37429452025357,12584.549628118371,300,0.3231422338672117,63.625445542942586,0.24458098173417858,41.94849876039457,0.0,0.0021593348799337398,149.6489668509071
0.5,0.5,Climate,20260822,60,0,26.046280136696378,1011575.7230523602,64.4687662700203,11068.046122155945,300,0.29465392206618923,58.06822777424158,0.21489588756673433,36.89348707385315,0.0,0.0019865499826261595,148.32444420888197
0.5,0.5,Climate,20260823,60,0,21.69271846479068,840526.442367011,55.67611823768447,9548.38271583045,300,0.2689034427992737,52.93160500013236,0.18558706079228157,31.8279423861015,0.0,0.0019267314811630264,139.56456591291922
0.5,0.5,Climate,20260824,60,0,28.76723618468748,1114790.2684095048,69.42299504283262,11900.89577051171,300,0.30966237627824855,60.958736546659296,0.23140998347610875,39.66965256837236,0.0,0.0018990275101834358,163.06366001424425
0.5,0.5,Climate,20260825,60,0,24.98685508348572,968912.9380796558,63.14834202719831,10834.576921146587,300,0.28859923240534163,56.83053574970812,0.21049447342399438,36.11525640382195,0.0,0.0019442458044874457,148.43762642523689
0.5,0.5,Climate,20260826,60,0,25.128702512579746,973502.3422640768,62.780298329097704,10770.31605873529,300,0.28941724500899935,56.964970003914885,0.20926766109699235,35.90105352911763,0.0,0.0019527758397547238,148.20812461780113
0.5,0.5,Climate,20260827,60,0,32.28337376369312,1251187.1043023365,74.2676255396554,12732.250292480392,300,0.3280415307228295,64.5803660643681,0.24755875179885134,42.44083430826797,0.0,0.00202844086959576,161.72102211103822
0.5,0.5,Climate,20260828,60,0,28.468061214950172,1105147.6878797878,69.3820744806142,11904.533515245568,300,0.3080479465654125,60.69452715250329,0.2312735816020473,39.6817783841519,0.0,0.0020788312005199845,148.1832418564622
0.5,0.5,Climate,20260829,60,0,22.538176746551414,873951.7787720483,56.010274858232705,9611.672505626684,300,0.2740935165629389,53.973813983327396,0.18670091619410903,32.038908352088946,0.0,0.0020237615841009245,135.43765170575048
0.5,0.5,Climate,20260830,60,0,21.57740584908322,835571.1472126967,56.7332915400208,9731.015283308307,300,0.2681877815330347,52.775346113272015,0.18911097180006933,32.43671761102769,0.0,0.0020331709408776986,131.90616496675918
0.5,0.5,Climate,20260831,60,0,20.464463466059257,794267.356282637,54.92574904608386,9423.107655724505,300,0.26117978141540266,51.45442502132792,0.18308583015361285,31.410358852415015,0.0,0.001960268236521681,133.23675635271354
0.5,0.5,Climate,20260832,60,0,26.59955317647504,1029445.1213674683,65.0929705887176,11155.081493174446,300,0.297766984830281,58.57886767334754,0.21697656862905867,37.18360497724815,0.0,0.0019778292920643106,150.55241927350266
0.5,0.5,Climate,20260833,60,0,25.49664683347154,988460.0328076808,62.07549840577727,10643.849901579122,300,0.29152842533488643,57.400930097217085,0.20691832801925755,35.479499671930405,0.0,0.0019347915235803522,150.67691882141906
0.5,0.5,Climate,20260834,60,0,27.995851412949055,1085272.72357599,68.07758814519877,11672.951768121551,300,0.30548241309415863,60.14628621330913,0.22692529381732926,38.909839227071835,0.0,0.0018158898904734467,168.22738795825992
0.5,0.5,Climate,20260835,60,0,26.244862131933917,1019551.7435507234,64.82405604652784,11125.392158332888,300,0.29577503913128483,58.296704982663854,0.21608018682175947,37.084640527776294,0.0,0.0018979840915947393,155.83641635413622
0.5,0.5,Climate,20260836,60,0,23.920581347223454,927559.5367325536,60.417203322036904,10363.160331167812,300,0.28237434578483134,55.60454228245967,0.201390677740123,34.54386777055937,0.0,0.001869431479715729,151.04824586979245
0.5,0.5,Climate,20260837,60,0,23.212110535303225,899099.9936852535,59.523048471647584,10206.417290331945,300,0.2781612873574324,54.74486258043621,0.19841016157215863,34.02139096777315,0.0,0.0018066885618901278,153.96194630602224
0.5,0.5,Traffic,20260808,60,0,62.44732534740937,3272896772.7842684,140.9755682846163,705607.9656252366,360,0.4164910474808464,3015.1915236682303,0.3915988007906008,1960.0221267367683,0.0,0.00032956045147954094,1263.7773907974577
0.5,0.5,Traffic,20260809,60,0,40.33465220942445,2115901351.0987477,107.14382549850144,536419.119963991,360,0.3347248132148774,2424.356358510868,0.2976217374958373,1490.053111011086,0.0,0.0003691014049071063,906.8640995802207
0.5,0.5,Traffic,20260810,60,0,55.0112804995486,2887146432.122293,130.56628375461142,653854.4933312609,360,0.39090806143995815,2831.9341800860598,0.36268412154058727,1816.2624814757246,0.0,0.0003327740852923344,1174.6950219893308
0.5,0.5,Traffic,20260811,60,0,50.395324702555534,2645887824.5905123,121.03885390742614,606157.6870546377,360,0.37414838374988907,2711.0308743428786,0.3362190386317393,1683.7713529295493,0.0,0.00037485935810988805,998.1033570468032
0.5,0.5,Traffic,20260812,60,0,53.022983043370225,2780823496.6971555,126.37173787198287,632747.1290336973,360,0.38377866539108413,2779.300220027994,0.35103260519995244,1757.6309139824925,0.0,0.00033455676078171894,1147.1257208921866
0.5,0.5,Traffic,20260813,60,0,48.24288782577371,2534624188.9617953,120.40422321622667,603084.8049122889,360,0.3660710610499829,2653.4171830144046,0.3344561756006296,1675.2355692008025,0.0,0.00037750158129928413,969.720602997318
0.5,0.5,Traffic,20260814,60,0,52.91538275920396,2771512332.5479393,126.39917470728118,632510.5579639764,360,0.38338906391695904,2774.6432866566324,0.3511088186313366,1756.9737721221568,0.0,0.0003294825968079903,1163.6094520050883
0.5,0.5,Traffic,20260815,60,0,64.07650374147883,3369750995.2796187,145.2518337724505,727660.0159994827,360,0.421888952416124,3059.4802550976324,0.40347731603458475,2021.2778222207853,0.0,0.0003301713228298871,1277.7879944270394
0.5,0.5,Traffic,20260816,60,0,47.886321807367814,2507963457.2233934,120.27325278591817,601859.0460679745,360,0.3647157257043103,2639.42515691464,0.3340923688497727,1671.8306835221515,0.0,0.00029881656245983975,1220.5338375556987
0.5,0.5,Traffic,20260817,60,0,56.799648613417716,2983482889.263633,133.17030483861208,666969.454839519,360,0.39721128093741004,2878.7935789453118,0.3699175134405891,1852.692930109775,0.0,0.0002986462920444579,1330.0392186964748
0.5,0.5,Traffic,20260818,60,0,60.34454214500046,3167202988.786377,137.44200872307465,688076.121772166,360,0.40941876872043476,2966.106215219232,0.38178335756409626,1911.3225604782388,0.0,0.0003540227409127353,1156.4759022679684
0.5,0.5,Traffic,20260819,60,0,60.86745436793854,3187764980.602689,139.43435014038312,697747.5408426487,360,0.4111888399910224,2975.718858342696,0.387317639278842,1938.187613451802,0.0,0.0003939781861089015,1043.684281234199
0.5,0.5,Traffic,20260820,60,0,62.0867807091053,3255134971.00304,142.93264590844046,715585.429489141,360,0.41528698480390003,3006.9987672294706,0.3970351275234457,1987.7373041365026,0.0,0.00037047769337393956,1120.9500389129569
0.5,0.5,Traffic,20260821,60,0,54.96747338729543,2885936988.39648,129.72032427889863,649585.2760002153,360,0.39075238460669776,2831.340960469909,0.36033423410805177,1804.4035444450426,0.0,0.0003547120445352232,1101.6045004017215
0.5,0.5,Traffic,20260822,60,0,40.391402711141254,2119921238.4611406,102.28104068927534,512040.547882956,360,0.33496020788189346,2426.658217969004,0.28411400191465375,1422.3348552304333,0.0,0.0003538298912464496,946.6701829568915
0.5,0.5,Traffic,20260823,60,0,50.87885030164298,2671515891.866633,123.77235356992797,619610.3025104575,360,0.37593901064771934,2724.1287556588277,0.34381209324979994,1721.139729195715,0.0,0.0003996658839812993,940.6332281924515
0.5,0.5,Traffic,20260824,60,1,42.11739001491213,2204272242.1869535,106.18591199505305,531245.556708679,354,0.34492851144581593,2495.3472195850477,0.29996020337585605,1500.693663018867,0.016666666666666666,0.0003217538664496901,1072.0260031428386
0.5,0.5,Traffic,20260825,60,0,58.526029900195155,3067669448.174275,133.99822841712268,670759.5019044728,360,0.40320256110089364,2919.127270727729,0.3722173011586741,1863.2208386235357,0.0,0.0003309764446534943,1218.2213194144806
0.5,0.5,Traffic,20260826,60,0,56.63234897211717,2974171040.913801,132.66422382049163,664372.8854052463,360,0.396625869653132,2874.2975184835263,0.36851173283469896,1845.4802372367953,0.0,0.00030525121400473845,1299.3424807377676
0.5,0.5,Traffic,20260827,60,0,54.47165431778366,2861195924.685519,127.67973615346529,639458.6309216759,360,0.38898605486923615,2819.178330198318,0.3546659337596258,1776.2739747824332,0.0,0.00033092331685010643,1175.4567752185005
0.5,0.5,Traffic,20260828,60,0,48.63220937193829,2548972835.0598245,120.30892771924717,602164.1751152929,360,0.3675451951496664,2660.9171534244356,0.33419146588679766,1672.6782642091468,0.0,0.0003397693260414941,1081.7491956433412
0.5,0.5,Traffic,20260829,60,0,43.93349294460872,2302883098.889312,112.83408214631551,564786.017284174,360,0.34933863285026306,2529.2088677914194,0.3134280059619875,1568.8500480115945,0.0,0.00033901484300954304,1030.4523240017236
0.5,0.5,Traffic,20260830,60,0,60.392863386783155,3164621067.983265,137.9736242021091,690484.133090722,360,0.4095826581438421,2964.8969759051142,0.38326006722808087,1918.0114808075612,0.0,0.0003363788326820408,1217.6231627838383
0.5,0.5,Traffic,20260831,60,0,62.41864976908224,3275631702.1036663,141.64017106135427,709165.0855179108,360,0.4163954109346676,3016.45105219494,0.39344491961487293,1969.9030153275298,0.0,0.00033603182887590117,1239.1546727213308
0.5,0.5,Traffic,20260832,60,0,56.157192354618914,2944256106.3539467,129.39921900096832,647710.5538574726,360,0.39495848007740325,2859.805794860294,0.35944227500268977,1799.1959829374239,0.0,0.0003656389757945041,1080.1870320831913
0.5,0.5,Traffic,20260833,60,0,55.04386741497833,2884740587.1753464,129.74848159359607,649491.0611872316,360,0.3910238249880346,2830.7540157543353,0.3604124488711002,1804.1418366311989,0.0,0.00037381800722444277,1046.027257732561
0.5,0.5,Traffic,20260834,60,0,50.33526607089573,2638083049.678787,121.32232392883412,607208.4044516294,360,0.3739253716054393,2707.029455201765,0.33700645535787255,1686.6900123656371,0.0,0.0003404556982498276,1098.3084540152167
0.5,0.5,Traffic,20260835,60,0,54.93748602456604,2881701645.918067,130.5424800971911,653388.4645224421,360,0.39064578309002235,2829.26258841714,0.36261800026997526,1814.9679570067835,0.0,0.0004052170665273939,964.0407953143639
0.5,0.5,Traffic,20260836,60,1,55.576583656402185,2918114734.4604235,132.38993516697067,663006.1979940772,354,0.3962272063215558,2871.1081417725472,0.37398286770330696,1872.8988643900486,0.016666666666666666,0.00037770868420849377,1049.0285844284158
0.5,0.5,Traffic,20260837,60,0,56.37398642895982,2956558955.4147577,133.09989942821502,666358.9095573229,360,0.39572011162829546,2865.774548885692,0.36972194285615284,1850.9969709925635,0.0,0.0003670454648045163,1078.122874611871
0.5,0.5,Water,20260808,60,2,77.80773141172916,252566713.05161488,161.66524067215494,116621.8490371906,522,0.38607895141725934,695.5891588262837,0.3097035261918677,223.41350390266396,0.03333333333333333,0.001177029519005285,328.0112734500806
0.5,0.5,Water,20260809,60,0,97.84738853723502,330276843.0778357,189.09029380188684,138876.88041100273,540,0.4256746030262392,782.0637975750274,0.3501672107442349,257.1794081685236,0.0,0.0010995676047372161,387.1290870996245
0.5,0.5,Water,20260810,60,0,53.62174498962354,177768870.52659962,123.64597936223439,90208.5369140001,540,0.31511827582443086,573.7609363544154,0.2289740358559896,167.05284613703722,0.0,0.0012071533058403306,261.04246602304494
0.5,0.5,Water,20260811,60,0,84.61302095013683,280412653.3883521,172.43643965759549,125393.19823682863,540,0.3958418617797901,720.6127194685862,0.3193267401066583,232.20962636449747,0.0,0.0011960714995495336,330.95167130800513
0.5,0.5,Water,20260812,60,0,99.14070345118792,323714154.3460118,194.88549684577202,141270.3778532872,540,0.42847858205513334,774.2549038890992,0.3608990682329112,261.61181083942074,0.0,0.0011840133398359767,361.88661701606435
0.5,0.5,Water,20260813,60,0,29.269770614819926,96338722.48088801,78.86087827961406,57127.22909192502,540,0.2328159765057656,422.38020980068904,0.14603866348076677,105.79116498504634,0.0,0.0010759025284180737,216.39132761225196
0.5,0.5,Water,20260814,60,0,104.88287733846366,350469907.4628726,199.33754937809206,145927.32059373645,540,0.44071254875120647,805.6167495487341,0.36914360995942974,270.2357788772897,0.0,0.0010993524648603944,400.8837591565068
0.5,0.5,Water,20260815,60,1,85.10064294903579,283618416.5371588,169.1212001750294,123598.18630204529,531,0.4003309434840153,730.8360361572641,0.31849566887952807,232.76494595488754,0.016666666666666666,0.0011059224528908735,361.9882591564653
0.5,0.5,Water,20260816,60,0,47.291249228901556,152504314.25995636,112.49340451717595,81290.60244261057,540,0.29593307936242746,531.4276966603237,0.20832111947625176,150.53815267150105,0.0,0.0011946853495692646,247.707967180751
0.5,0.5,Water,20260817,60,0,68.90802003733296,227957566.60004228,149.12722487716965,108301.01555820472,540,0.35722184215635466,649.7258205211874,0.27616152755031415,200.55743621889764,0.0,0.0011258332015078823,317.2955298155271
0.5,0.5,Water,20260818,60,1,43.89013118686685,141023795.2772036,102.66253341641128,73986.10370758735,531,0.287498894411587,515.3460345844967,0.19333810436235646,139.3335286395242,0.016666666666666666,0.001113062372205603,258.2954033760838
0.5,0.5,Water,20260819,60,0,101.92944862283574,335190392.78283054,196.842364658502,142894.3780403395,540,0.4344631609129093,787.8597271074556,0.3645228975157444,264.6192185932213,0.0,0.0011863468172711564,366.2193505203349
0.5,0.5,Water,20260820,60,0,91.3607852708705,305479529.77840424,180.27712474104555,131828.11139217022,540,0.4113230353268595,752.1321911226581,0.3338465272982325,244.12613220772263,0.0,0.0011325631530486918,363.1788957813425
0.5,0.5,Water,20260821,60,1,68.39599971916252,232556010.42226666,146.48497991137825,107743.28641850883,531,0.35889556396877387,661.7843971912987,0.275866252187153,202.90637743598649,0.016666666666666666,0.0012472311210593686,287.75385564781004
0.5,0.5,Water,20260822,60,0,91.9228211992549,307172099.59633225,180.44506820664722,132013.85259619515,540,0.41258628996282326,754.2129815076702,0.33415753371601337,244.4700974003614,0.0,0.001143490798501884,360.8129514495114
0.5,0.5,Water,20260823,60,0,78.51259746228074,264215137.60360944,163.7247069040132,120110.9669721223,540,0.38130525698477274,699.4907375073211,0.30319390167409854,222.4277166150413,0.0,0.0010980762386373366,347.2484364637154
0.5,0.5,Water,20260824,60,0,104.50194210993382,343798572.4022507,202.75958992866433,147351.6767693183,540,0.4399114854358726,797.9122902720142,0.3754807220901191,272.8734754987376,0.0,0.0011546195722259857,381.00123713282403
0.5,0.5,Water,20260825,60,0,85.76899760982103,280891941.31289786,168.71894761421095,122464.4251751852,540,0.3985366696493864,721.2283006722294,0.31244249558187215,226.78597254663924,0.0,0.0011181509799473082,356.424737621897
0.5,0.5,Water,20260826,60,1,98.02505437891301,324281047.9259601,192.34905256126555,140169.0865041149,531,0.4296564001414507,781.4721824790857,0.36223927036019876,263.97191432036703,0.016666666666666666,0.0012258655136381696,350.49228105479557
0.5,0.5,Water,20260827,60,1,79.72787473223825,265439246.74059328,161.30781816200263,117741.14919824028,531,0.38748762141029924,707.0258744077876,0.30378120181168106,221.73474425280656,0.016666666666666666,0.0011313146122564892,342.5109312761611
0.5,0.5,Water,20260828,60,0,106.00591469038393,349043680.55688274,201.76736772075412,146795.26896509543,540,0.4430657393961272,803.9758617125576,0.3736432735569521,271.84309067610263,0.0,0.001155310651642733,383.50355271643457
0.5,0.5,Water,20260829,60,0,100.10108253161779,339634342.173987,195.7822991999316,144325.26913130438,540,0.4305489229559766,793.065246689945,0.3625598133332067,267.26901690982294,0.0,0.0011846870488731248,363.4284036155498
0.5,0.5,Water,20260830,60,0,91.18882749269567,299312648.0485336,181.30514545834583,131689.68883824578,540,0.4109357602601014,744.501633021284,0.3357502693673071,243.8697941448996,0.0,0.0011631064931538078,353.30880076667216
0.5,0.5,Water,20260831,60,2,59.63304681781522,192464055.4286041,136.43991635625588,97888.05009180143,522,0.3379934219638509,607.2109081925137,0.2613791501077699,187.52500017586482,0.03333333333333333,0.0011244801642571701,300.57748700896724
0.5,0.5,Water,20260832,60,0,105.34387569059996,339602403.8077007,198.978944662982,143289.23762143354,540,0.44168003269209355,793.0279568745549,0.3684795271536704,265.35044003969176,0.0,0.0012003012912170392,367.97430438840433
0.5,0.5,Water,20260833,60,0,82.24028908954617,269770102.5203307,166.17041426436037,120477.4079828812,540,0.39025226667798835,706.8056762127328,0.3077229893784451,223.1063110794096,0.0,0.0011212301128358817,348.0572473128992
0.5,0.5,Water,20260834,60,0,77.42549793948646,248160971.71552962,165.43185884746603,118862.61741743077,540,0.37865624481815924,677.9065975698707,0.30635529416197416,220.11595818042736,0.0,0.0010137016772545668,373.53814570346105
0.5,0.5,Water,20260835,60,0,90.45821760181252,300294398.3334647,181.65105300060293,132481.05621520526,540,0.4092862296500266,745.7216220913567,0.33639083889000543,245.33528928741714,0.0,0.001089748645947522,375.578562241899
0.5,0.5,Water,20260836,60,1,82.38010806608868,272294445.05463105,168.86529351956452,123008.74737586845,531,0.3938799899108159,716.0974550119801,0.3180137354417411,231.65489147997826,0.016666666666666666,0.001108661492135297,355.27525101660893
0.5,0.5,Water,20260837,60,0,41.928321775435165,137020839.24316463,104.78043258970543,76016.49464708008,540,0.278648596488265,503.72839397313044,0.19403783812908412,140.77128638348162,0.0,0.0011893172176197808,234.2929139173933
0.5,1.0,Climate,20260808,60,0,164.97969257422213,6397695.316378943,174.65273127344767,29941.560019699198,300,0.7415742097597113,146.0330478165695,0.5821757709114922,99.805200065664,0.0,0.0019112351110496621,388.0078413547113
0.5,1.0,Climate,20260809,60,0,144.64558064446467,5606256.042442848,157.38958546072334,26984.736120115533,300,0.6943716119496454,136.70230481405997,0.5246319515357445,89.94912040038511,0.0,0.0020096781502706436,345.51383854978684
0.5,1.0,Climate,20260810,60,0,135.85501673182685,5272527.067371447,152.81561486083942,26214.752586280556,300,0.6729413464580373,132.5710761236081,0.5093853828694648,87.38250862093518,0.0,0.0021192120578191745,317.5431849658989
0.5,1.0,Climate,20260811,60,0,116.62687850744942,4522608.158807296,133.63841693667308,22912.29876012977,300,0.623503217065877,122.78175975835195,0.44546138978891026,76.37432920043256,0.0,0.00204771476015492,304.487338372609
0.5,1.0,Climate,20260812,60,0,171.15340367587442,6634990.084053575,174.072897500914,29853.612542590883,300,0.7553220144986164,148.716621846759,0.5802429916697133,99.51204180863628,0.0,0.001965768494444359,384.23752167831674
0.5,1.0,Climate,20260813,60,0,159.40049268722743,6174970.8838209305,170.41565473026455,29215.536906065754,300,0.7289272773220189,143.4685898704072,0.5680521824342152,97.38512302021918,0.0,0.0020706926571289726,352.0209891180475
0.5,1.0,Climate,20260814,60,0,146.6246378519255,5684109.673187226,158.9685219878567,27259.33965365001,300,0.699105709345698,137.64821918193283,0.5298950732928557,90.8644655121667,0.0,0.0020076886952855116,348.2141982406684
0.5,1.0,Climate,20260815,60,0,132.54529770562294,5138596.926620091,151.7154291201273,26011.020278939446,300,0.6646936580250659,130.87649300797668,0.505718097067091,86.70340092979815,0.0,0.0017075389275458645,389.26998811112736
0.5,1.0,Climate,20260816,60,0,198.2664431774533,7676571.573397512,198.37489112821916,33986.980365534866,300,0.8129502714956459,159.96428323636823,0.6612496370940639,113.28993455178289,0.0,0.0018821492578466937,431.9265691105264
0.5,1.0,Climate,20260817,60,0,153.88549015236936,5970876.045036346,163.2224023947751,27984.197416942967,300,0.7162064184585553,141.07770961467,0.5440746746492503,93.28065805647655,0.0,0.0019305412780958812,370.9873632771837
0.5,1.0,Climate,20260818,60,0,148.55714791417276,5748578.440082488,159.9440398268931,27401.02287513398,300,0.7036977284653139,138.42661642042796,0.5331467994229769,91.33674291711326,0.0,0.002008796281276158,350.3081596797189
0.5,1.0,Climate,20260819,60,0,143.96450035354286,5580382.593616385,157.39949169085062,26992.229638017157,300,0.6927349188868299,136.38649241055586,0.5246649723028354,89.97409879339052,0.0,0.0019169204949070432,361.3790560053575
0.5,1.0,Climate,20260820,60,0,172.66220906342448,6695512.8151089335,182.7215231692458,31336.603124085563,300,0.7586439855940872,149.39336012809642,0.6090717438974861,104.45534374695188,0.0,0.0019648719375540695,386.1035272041544
0.5,1.0,Climate,20260821,60,0,169.81345386265562,6581562.620359815,178.96683034420786,30684.78725135658,300,0.7523595192518349,148.1166502047155,0.5965561011473596,102.2826241711886,0.0,0.0021593348799337398,348.4218803870391
0.5,1.0,Climate,20260822,60,0,153.6318102634737,5962579.242189157,163.66169199564783,28078.1988539585,300,0.7156158426219889,140.97965860588016,0.5455389733188261,93.59399617986166,0.0,0.0019865499826261595,360.2304743804967
0.5,1.0,Climate,20260823,60,0,107.93994553203127,4183427.2183629703,127.30340137214218,21825.22587754498,300,0.5998331588367753,118.08792230598027,0.4243446712404739,72.75075292514994,0.0,0.0019267314811630264,311.3216162714589
0.5,1.0,Climate,20260824,60,0,153.8903105063205,5964169.847185195,166.2082277729963,28488.01477897223,300,0.7162176357000258,140.99846154225935,0.5540274259099877,94.96004926324076,0.0,0.0018990275101834358,377.14968943806565
0.5,1.0,Climate,20260825,60,0,143.17657298031438,5547764.946810841,159.08126086971708,27267.693740486095,300,0.6908366255980604,135.98731493305837,0.5302708695657237,90.89231246828699,0.0,0.0019442458044874457,355.3237065002607
0.5,1.0,Climate,20260826,60,0,160.69884994663525,6224761.806493991,169.62619759825867,29085.40550127104,300,0.7318899050782507,144.04584694341813,0.5654206586608622,96.95135167090348,0.0,0.0019527758397547238,374.79463345377053
0.5,1.0,Climate,20260827,60,0,179.44352631819189,6952511.636499664,182.11352649033591,31212.865415462053,300,0.7733984016839615,152.2335008739279,0.6070450883011197,104.04288471820684,0.0,0.00202844086959576,381.27727225200755
0.5,1.0,Climate,20260828,60,0,166.32881841538176,6460401.204217542,175.06414881947586,30030.915368563517,300,0.7446001576134262,146.74696140201723,0.5835471627315862,100.10305122854506,0.0,0.0020788312005199845,358.1821157134726
0.5,1.0,Climate,20260829,60,0,124.68150448753971,4835104.682681603,136.88774344372752,23474.59891404209,300,0.6446743479916551,126.95280859019496,0.4562924781457584,78.24866304680697,0.0,0.0020237615841009245,318.5525177749917
0.5,1.0,Climate,20260830,60,0,125.46622203966373,4856866.746248143,142.88213906366053,24488.271497337973,300,0.6466998841288071,127.23818538798461,0.47627379687886845,81.62757165779324,0.0,0.0020331709408776986,318.07452640929125
0.5,1.0,Climate,20260831,60,0,116.85512422194027,4534235.383027191,137.883948452425,23639.74724074597,300,0.6241130352266334,122.93948895055637,0.4596131615080833,78.79915746915324,0.0,0.001960268236521681,318.3814457627828
0.5,1.0,Climate,20260832,60,0,150.8343733169796,5835972.640074534,161.16617194588508,27620.483560334666,300,0.7090706906860077,139.47487993750624,0.5372205731529502,92.06827853444888,0.0,0.0019778292920643106,358.5095506123952
0.5,1.0,Climate,20260833,60,0,145.99793312134165,5655691.282581533,156.19345844974424,26770.703323066573,300,0.6976100465669476,137.30369359661006,0.5206448614991475,89.23567774355524,0.0,0.0019347915235803522,360.56083462471076
0.5,1.0,Climate,20260834,60,0,150.62887958135002,5837720.771552874,163.91921917304123,28095.154284831846,300,0.7085875141936716,139.49576781576414,0.5463973972434708,93.65051428277282,0.0,0.0018158898904734467,390.2150223485883
0.5,1.0,Climate,20260835,60,0,144.96807055141878,5629554.051061301,157.7386456256186,27062.529016657878,300,0.695145237945325,136.98605830596168,0.5257954854187287,90.20843005552626,0.0,0.0018979840915947393,366.2545123659306
0.5,1.0,Climate,20260836,60,0,133.7358010467409,5180176.945691689,150.7013818400996,25830.831230912187,300,0.667672077811508,131.40493326218373,0.5023379394669987,86.10277076970729,0.0,0.001869431479715729,357.1524739238028
0.5,1.0,Climate,20260837,60,0,136.83054959739266,5304122.588282872,150.48697705605517,25790.42439521262,300,0.6753531165185431,132.96769768484967,0.5016232568535173,85.9680813173754,0.0,0.0018066885618901278,373.8071578933338
0.5,1.0,Traffic,20260808,60,0,249.79995373266942,13091708864.805574,281.94860854338924,1411211.6747840745,360,0.8329998561635688,6030.411093598285,0.7831905792871924,3920.0324299557624,0.0,0.00032956045147954094,2527.6086752031933
0.5,1.0,Traffic,20260809,60,0,181.10937105904992,9503362032.924402,230.09709084689885,1152042.2132965634,360,0.709282444640454,5137.920578330736,0.6391585856858302,3200.1172591571203,0.0,0.0003691014049071063,1921.6465589421498
0.5,1.0,Traffic,20260810,60,0,220.3245734780843,11564295257.968348,261.3097253479673,1308636.3206411863,360,0.7823124082524766,5667.7193281994305,0.725860348188798,3635.100890669962,0.0,0.0003327740852923344,2350.8814022138567
0.5,1.0,Traffic,20260811,60,0,202.31256046058945,10622379670.46749,242.15723864618545,1212721.663170148,360,0.7496528093809484,5431.9987293576405,0.6726589962394041,3368.6712865837444,0.0,0.00037485935810988805,1999.8241824903077
0.5,1.0,Traffic,20260812,60,0,224.05251330785103,11756187946.859623,262.7786378682635,1315817.9739548974,360,0.7889030945064219,5714.54964368721,0.7299406607451764,3655.049927652493,0.0,0.00033455676078171894,2358.0545575079277
0.5,1.0,Traffic,20260813,60,0,188.04905152028076,9877713084.706842,236.36741657396524,1183751.0358106012,360,0.7227437142204866,5238.138209513324,0.6565761571499035,3288.1973216961146,0.0,0.00037750158129928413,1914.544865568374
0.5,1.0,Traffic,20260814,60,0,211.6734799847896,11087098301.582043,252.80625188702993,1265078.2085646843,360,0.7667997710267249,5549.549106204246,0.7022395885750832,3514.1061349019005,0.0,0.0003294825968079903,2327.2845924350477
0.5,1.0,Traffic,20260815,60,0,256.7768774059603,13504926957.918697,290.79318304461714,1456830.108771786,360,0.8445526057655883,6124.841711768444,0.8077588417906032,4046.75030214385,0.0,0.0003301713228298871,2557.9223493032555
0.5,1.0,Traffic,20260816,60,0,189.62696917519077,9928835044.991562,239.5871834180763,1198806.3922353568,360,0.7257696473690509,5251.675670412138,0.6655199539391009,3330.0177562093245,0.0,0.00029881656245983975,2428.8133207696364
0.5,1.0,Traffic,20260817,60,0,227.19006905890163,11932637178.796919,266.33723974261204,1333877.62065477,360,0.7944076567881352,5757.2749096727175,0.7398256659517001,3705.2156129299165,0.0,0.0002986462920444579,2660.028528564071
0.5,1.0,Traffic,20260818,60,0,241.40381957658036,12669711608.897821,274.8907576748536,1376165.1871306098,360,0.8188810447742095,5932.42305959795,0.7635854379857044,3822.6810753628047,0.0,0.0003540227409127353,2313.074698712813
0.5,1.0,Traffic,20260819,60,0,243.44793178063244,12751529696.829931,278.8583070306903,1395513.9621582667,360,0.8223407170669595,5951.547347079379,0.7746064084185842,3876.427672661852,0.0,0.0003939781861089015,2087.2747427687586
0.5,1.0,Traffic,20260820,60,0,231.19216283547436,12123047478.218594,273.6060193006298,1369691.9171821459,360,0.8013741026017512,5803.0278203658945,0.7600167202795272,3804.6997699504054,0.0,0.00037047769337393956,2163.083275820574
0.5,1.0,Traffic,20260821,60,0,219.84911876110576,11544373634.756239,259.43173093754115,1299198.5560434277,360,0.781467847424721,5662.835380000866,0.7206436970487254,3608.88487789841,0.0,0.0003547120445352232,2203.1049113335666
0.5,1.0,Traffic,20260822,60,0,161.5625541252842,8479474626.994148,204.55033074855785,1024036.8268234603,360,0.6699140784983055,4853.256245665879,0.5681953631904385,2844.5467411762784,0.0,0.0003538298912464496,1893.3224554273088
0.5,1.0,Traffic,20260823,60,0,203.5185402846536,10684725713.776667,247.5382015211977,1239174.9016948615,360,0.7518838198608095,5447.916450293601,0.6876061153366603,3442.1525047079485,0.0,0.0003996658839812993,1881.2809649171627
0.5,1.0,Traffic,20260824,60,1,173.3539144117005,9074434816.203077,217.42318564731792,1087844.4182742457,354,0.6997859124024247,5063.00273118047,0.614189789964175,3073.00683128318,0.016666666666666666,0.0003217538664496901,2174.910654917784
0.5,1.0,Traffic,20260825,60,0,240.09697553281563,12585729275.223791,273.3853898153877,1368552.9366134626,360,0.8166615229987942,5912.728566224215,0.7594038605982992,3801.535935037396,0.0,0.0003309764446534943,2467.4309492138427
0.5,1.0,Traffic,20260826,60,0,231.65269806978145,12165872103.32223,269.0585163986569,1347434.0566131088,360,0.8021718748874856,5813.268372946072,0.7473847677740468,3742.872379480858,0.0,0.00030525121400473845,2627.907238642574
0.5,1.0,Traffic,20260827,60,0,217.88267355941224,11443723706.76276,255.35246105396143,1278846.39619085,360,0.7779650691233798,5638.095547937649,0.7093123918165596,3552.351100530139,0.0,0.00033092331685010643,2350.8922747675815
0.5,1.0,Traffic,20260828,60,0,194.54040086987195,10197513471.141209,240.62220790625153,1204403.689791398,360,0.7351122379720739,5322.25763268987,0.6683950219618098,3345.565804976105,0.0,0.0003397693260414941,2163.5626927732105
0.5,1.0,Traffic,20260829,60,0,174.4613801326945,9143895841.313221,223.79876327856354,1120228.8713602978,360,0.6961429054533561,5039.812563014075,0.6216632313293432,3111.746864889716,0.0,0.00033901484300954304,2053.42898639326
0.5,1.0,Traffic,20260830,60,0,246.9928439073883,12943676325.146603,279.59172641034553,1399265.3348951447,360,0.8283062435331987,5996.220180975725,0.776643684473182,3886.848152486513,0.0,0.0003363788326820408,2462.4208275202263
0.5,1.0,Traffic,20260831,60,0,246.59788483201143,12941982979.497194,279.6653772189533,1400253.56282649,360,0.8276437183555283,5995.827942897089,0.7768482700526481,3889.5932300735835,0.0,0.00033603182887590117,2462.9920359752073
0.5,1.0,Traffic,20260832,60,0,225.22657527779606,11810662080.278484,259.10736157173034,1297056.2721164622,360,0.790967367071269,5727.773971399381,0.7197426710325843,3602.934089212395,0.0,0.0003656389757945041,2163.246862161126
0.5,1.0,Traffic,20260833,60,0,219.6013451742803,11513582158.977205,259.2572233616531,1297967.3762161105,360,0.7810273596969719,5655.278301182496,0.7201589537823696,3605.46493393364,0.0,0.00037381800722444277,2089.32513844374
0.5,1.0,Traffic,20260834,60,0,227.5823288050811,11928416252.58149,265.36194450093296,1327977.0978141502,360,0.7950931615664102,5756.256560517793,0.7371165125025916,3688.8252717059727,0.0,0.0003404556982498276,2335.379215720948
0.5,1.0,Traffic,20260835,60,0,219.7522951638022,11527687186.960777,261.08061293439897,1306784.6835930261,360,0.7812957456185671,5658.741317387929,0.7252239248177749,3629.9574544250727,0.0,0.0004052170665273939,1928.0919047020175
0.5,1.0,Traffic,20260836,60,1,222.338473702326,11673083340.891611,264.79528362048404,1326047.4697175112,354,0.7925116935855568,5742.369867696953,0.7480092757640792,3745.8968071116137,0.016666666666666666,0.00037770868420849377,2098.208822617627
0.5,1.0,Traffic,20260837,60,0,225.52872130425146,11826552429.70391,266.2563491177626,1332940.1690004484,360,0.7914977386509625,5731.625818819239,0.7396009697715629,3702.611580556801,0.0,0.0003670454648045163,2156.4024475074334
0.5,1.0,Water,20260808,60,1,372.07946530536276,1221270917.600403,364.6490307884834,264825.5339985663,531,0.8370869870731696,1516.557031860616,0.6867213385847145,498.72981920633947,0.016666666666666666,0.001177029519005285,711.1860608055074
0.5,1.0,Water,20260809,60,0,397.9727211952288,1347059627.2659802,382.4084791275171,281193.78376367985,540,0.8584791906225248,1579.4159886829596,0.7081638502361428,520.7292291919997,0.0,0.0010995676047372161,780.7425272661533
0.5,1.0,Water,20260810,60,0,406.24502718254587,1316774562.48318,396.3766457463802,286062.51323621836,540,0.8673555245074557,1561.5605694323513,0.7340308254562596,529.7453948818859,0.0,0.0012071533058403306,718.513150161708
0.5,1.0,Water,20260811,60,0,343.0178327563428,1130981060.0924108,345.0541709575972,250156.4863940463,540,0.7970057771484734,1447.2074386699032,0.6389892054770319,463.2527525815672,0.0,0.0011960714995495336,666.3529541909853
0.5,1.0,Water,20260812,60,0,421.8304839793325,1382852419.6436188,402.79374194852045,292361.3795614494,540,0.883836841800957,1600.2617955056135,0.7459143369417045,541.4099621508323,0.0,0.0011840133398359767,746.4754087343276
0.5,1.0,Water,20260813,60,1,132.53363898133068,428803145.8872103,167.99686819663899,121020.71980651346,531,0.49959237429576864,898.6316715671234,0.31637828285619396,227.91096008759595,0.016666666666666666,0.0010759025284180737,464.3472443831243
0.5,1.0,Water,20260814,60,0,416.59621838675685,1396605980.8043315,398.27443114648423,291785.57201430167,540,0.8783361990115142,1608.200040996105,0.7375452428638597,540.3436518783365,0.0,0.0010993524648603944,798.9577747688528
0.5,1.0,Water,20260815,60,1,346.4736055300195,1153799197.622922,341.05883553797975,249051.69704133467,531,0.8077701812901866,1474.0691452113974,0.6422953588285871,469.023911565602,0.016666666666666666,0.0011059224528908735,730.4039981995854
0.5,1.0,Water,20260816,60,0,316.7345886194299,1023678968.4185003,326.11738019313026,235448.20651432098,540,0.7658626080965344,1376.844869027587,0.6039210744317227,436.01519724874254,0.0,0.0011946853495692646,641.0580060872603
0.5,1.0,Water,20260817,60,0,263.70743585308,859808053.981251,288.8657187319072,208410.2881271415,540,0.6988183622599149,1261.8387920024954,0.5349365161701984,385.944978013225,0.0,0.0011258332015078823,620.7121635105041
0.5,1.0,Water,20260818,60,0,457.3309606388539,1531182316.6689456,434.5788829727653,318335.04202926124,540,0.9202766901145807,1683.9010685447633,0.8047757092088247,589.5093370912246,0.0,0.001113062372205603,826.797053871289
0.5,1.0,Water,20260819,60,0,430.8784923951661,1404042977.471927,406.87528303037345,294361.16940734605,540,0.8932654331524995,1612.4762286343869,0.7534727463525435,545.1132766802705,0.0,0.0011863468172711564,752.9547179189937
0.5,1.0,Water,20260820,60,0,373.6299308361407,1247612039.6353111,367.7111051103544,268539.13037255435,540,0.8318096412798944,1519.9975874952293,0.6809464909451007,497.29468587510064,0.0,0.0011325631530486918,734.4487934653237
0.5,1.0,Water,20260821,60,0,383.8536705277828,1311411155.7144153,372.4171161967606,274935.44864572596,540,0.8431133557280451,1558.3770972549992,0.6896613262902974,509.1397197143073,0.0,0.0012472311210593686,675.9880678826588
0.5,1.0,Water,20260822,60,0,362.59663656645745,1201442031.3131452,357.4017855021707,260562.6958892718,540,0.8194359358124631,1491.607404976222,0.6618551583373531,482.5235109060589,0.0,0.001143490798501884,716.609120848219
0.5,1.0,Water,20260823,60,1,371.46331068271115,1258180237.7321725,367.50595670825925,270406.21644652274,531,0.8363936019639532,1539.303189221292,0.6921016133865523,509.23957899533474,0.016666666666666666,0.0010980762386373366,761.6899196378935
0.5,1.0,Water,20260824,60,0,449.1292833951355,1469929948.7567048,424.8730787494522,308060.64956342784,540,0.9119873327937054,1649.8765098326608,0.7868019976841707,570.4826843767182,0.0,0.0011546195722259857,789.8595820920385
0.5,1.0,Water,20260825,60,0,416.64810680852827,1356266730.7237258,397.4833875341775,287220.61261128925,540,0.8783908971317618,1584.8044222855349,0.7360803472855139,531.8900233542394,0.0,0.0011181509799473082,785.5745001208647
0.5,1.0,Water,20260826,60,0,432.68273521237677,1438310959.5393744,410.3654457226338,299626.07329110324,540,0.8951336908347067,1632.0351754670621,0.7599360105974701,554.8630986872282,0.0,0.0012258655136381696,730.2054596332475
0.5,1.0,Water,20260827,60,0,379.3983342686189,1269846578.1978726,375.01447192568423,274213.4042437073,540,0.8382061249506888,1533.4822259822472,0.6944712443068226,507.80260045130984,0.0,0.0011313146122564892,740.9133726990635
0.5,1.0,Water,20260828,60,0,425.4764087354118,1415838685.8083525,402.8567961603763,294376.6049983457,540,0.8876481709753858,1619.2354653470538,0.7460311040006968,545.1418611080476,0.0,0.001155310651642733,768.3199057441749
0.5,1.0,Water,20260829,60,0,444.6688848466645,1485200705.8135886,421.0513353845146,308107.74752307194,540,0.9074474628672414,1658.4244563538525,0.7797246951565084,570.5699028205036,0.0,0.0011846870488731248,765.9807404245755
0.5,1.0,Water,20260830,60,0,371.55979864895846,1224178416.4102345,368.41327616541423,268185.73281921225,540,0.8295020802877923,1505.655029356446,0.68224680771373,496.64024596150415,0.0,0.0011631064931538078,713.1781012059915
0.5,1.0,Water,20260831,60,0,349.1931017245279,1116346827.3111951,345.7606351889686,248240.6286571039,540,0.8041479292284841,1437.813944662235,0.6402974725721641,459.7048678835257,0.0,0.0011244801642571701,715.1286032330353
0.5,1.0,Water,20260832,60,0,423.6478737931759,1386605386.6822293,400.2855102857389,290235.96937786223,540,0.8857387310132669,1602.4318247948147,0.7412694634921091,537.4740173664115,0.0,0.0012003012912170392,737.9303325710638
0.5,1.0,Water,20260833,60,0,337.3754970561421,1116936376.0691376,335.91149118236797,244713.06532858187,540,0.79042358200705,1438.1935531854983,0.6220583170043851,453.1723432010775,0.0,0.0011212301128358817,704.9610717356348
0.5,1.0,Water,20260834,60,0,361.9480822199477,1169726221.958776,359.37897863207365,259092.70099627058,540,0.8187027704443393,1471.787916207369,0.6655166270964327,479.80129814124183,0.0,0.0010137016772545668,807.6367917843958
0.5,1.0,Water,20260835,60,0,410.4431189694407,1354577095.1610825,390.44487843896616,284127.778359335,540,0.8718255845886886,1583.8169408584292,0.7230460711832707,526.1625525172869,0.0,0.001089748645947522,800.0244715428372
0.5,1.0,Water,20260836,60,1,415.2730754555888,1374313197.303604,399.7345199703096,291518.3366250536,531,0.8843407276130808,1608.7760710861667,0.7527957061587751,548.9987507063156,0.016666666666666666,0.001108661492135297,797.665233154106
0.5,1.0,Water,20260837,60,0,335.13107740110104,1087980984.2525034,340.7747949758522,246507.4433949118,540,0.7877900140889926,1419.429322110685,0.6310644351404671,456.49526554613294,0.0,0.0011893172176197808,662.3884716523506
0.5,2.0,Climate,20260808,60,0,695.0900089983062,26946849.55130988,361.30921152955966,61934.63308245883,300,1.5221585648877125,299.704574268895,1.2043640384318655,206.44877694152945,0.0,0.0019112351110496621,796.4266437381079
0.5,2.0,Climate,20260809,60,0,574.4760142311269,22256598.909094695,308.5688792707755,52891.35094824381,300,1.3838063619730505,272.37595898007527,1.028562930902585,176.3045031608127,0.0,0.0020096781502706436,688.5711335353341
0.5,2.0,Climate,20260810,60,0,680.9740124999408,26429877.55331824,356.0142607762527,61073.415299209584,300,1.506623169541675,296.8157540367326,1.186714202587509,203.57805099736527,0.0,0.0021192120578191745,710.9355403970764
0.5,2.0,Climate,20260811,60,0,508.4093921861482,19721428.74686723,285.49480632077814,48957.83655321926,300,1.301805659057383,256.3944145703856,0.9516493544025938,163.19278851073088,0.0,0.00204771476015492,635.7358380123679
0.5,2.0,Climate,20260812,60,0,715.3789395537581,27732081.92927598,355.44876094147224,60942.32705367244,300,1.5442138663990792,304.03992023677847,1.1848292031382408,203.14109017890812,0.0,0.001965768494444359,785.5522513273183
0.5,2.0,Climate,20260813,60,0,657.3325390824212,25458903.889138047,344.0416777017417,58978.23069509138,300,1.4802393264631468,291.3125691826453,1.1468055923391391,196.59410231697126,0.0,0.0020706926571289726,714.852260361761
0.5,2.0,Climate,20260814,60,0,607.695965098946,23558315.817995902,325.1432896495661,55750.811685639645,300,1.423254445626813,280.2279775349343,1.0838109654985537,185.83603895213216,0.0,0.0020076886952855116,708.9019572451263
0.5,2.0,Climate,20260815,60,0,611.9208153678499,23733471.60361476,333.2329378848516,57141.56711651141,300,1.4281932821667263,281.26779412518806,1.110776459616172,190.47189038837138,0.0,0.0017075389275458645,836.4045229817257
0.5,2.0,Climate,20260816,60,0,834.2859162453185,32323571.91006002,409.9065024635868,70244.98356329011,300,1.667618977509869,328.24570020062725,1.366355008211956,234.14994521096702,0.0,0.0018821492578466937,886.0184549963578
0.5,2.0,Climate,20260817,60,0,702.3461704382943,27245453.338856097,354.0802862281744,60701.666638367074,300,1.530082972083861,301.3605445246391,1.1802676207605813,202.3388887945569,0.0,0.0019305412780958812,792.5668253998704
0.5,2.0,Climate,20260818,60,0,718.7293747028593,27814806.957738135,365.352843787881,62599.113336089824,300,1.5478257596844887,304.4930593502263,1.21784281262627,208.6637111202994,0.0,0.002008796281276158,770.5240068949045
0.5,2.0,Climate,20260819,60,0,611.9299031016936,23719719.66876853,328.0094570068022,56243.17700821852,300,1.428203887290716,281.18629452593956,1.0933648566893408,187.47725669406174,0.0,0.0019169204949070432,745.051185526593
0.5,2.0,Climate,20260820,60,0,812.6024513432416,31523546.4454599,404.4055887485393,69355.30288758717,300,1.6458052247489086,324.1581221433962,1.3480186291617977,231.1843429586239,0.0,0.0019648719375540695,837.6144995982056
0.5,2.0,Climate,20260821,60,0,772.8518341099813,29950462.365513638,388.2064460523389,66551.99365978247,300,1.6050460368371382,315.9665718896734,1.2940214868411297,221.83997886594156,0.0,0.0021593348799337398,743.3057520408274
0.5,2.0,Climate,20260822,60,0,649.9662901936913,25236634.350307748,340.1587435450291,58362.24528164904,300,1.4719219750535821,290.03812594385903,1.1338624784834304,194.5408176054968,0.0,0.0019865499826261595,740.9438412960269
0.5,2.0,Climate,20260823,60,0,531.5469472004899,20598493.38442432,291.1652005918698,49914.92631943474,300,1.3310984776998906,262.0336707653193,0.970550668639566,166.3830877314491,0.0,0.0019267314811630264,690.858321833411
0.5,2.0,Climate,20260824,60,0,650.1895754164673,25206137.319571275,344.71202855748237,59094.72397040492,300,1.472174780629514,289.8628257157241,1.149040095191608,196.98241323468307,0.0,0.0018990275101834358,775.225620869131
0.5,2.0,Climate,20260825,60,0,664.9401934347369,25770997.932072792,349.2600661339584,59866.30520503571,300,1.4887804779245069,293.0926925739409,1.164200220446528,199.55435068345236,0.0,0.0019442458044874457,765.7367574039788
0.5,2.0,Climate,20260826,60,0,745.7059586005754,28904500.4136034,375.4823120466736,64391.73203746871,300,1.5766060156768986,310.40028143030304,1.2516077068222453,214.63910679156237,0.0,0.0019527758397547238,807.3666129927777
0.5,2.0,Climate,20260827,60,0,751.6287573714333,29113460.311648965,374.30364567697575,64148.457765314524,300,1.582854759994773,311.52025248047124,1.2476788189232524,213.8281925510484,0.0,0.00202844086959576,780.3307376222479
0.5,2.0,Climate,20260828,60,0,728.109209684429,28275448.04235582,371.48395498557295,63722.73341698051,300,1.5578930319338669,307.00406100655965,1.2382798499519099,212.40911138993505,0.0,0.0020788312005199845,749.4081441264622
0.5,2.0,Climate,20260829,60,0,534.0204912558822,20707403.598464403,291.4688531666142,49981.93486487694,300,1.3341920042431201,262.72548156116875,0.9715628438887141,166.6064495495898,0.0,0.0020237615841009245,659.2634303985209
0.5,2.0,Climate,20260830,60,0,628.2878787604127,24325297.08176142,326.93653539176233,56035.994514557795,300,1.4471672084459957,284.75309235523923,1.0897884513058744,186.78664838185932,0.0,0.0020331709408776986,711.7784242092644
0.5,2.0,Climate,20260831,60,0,578.5848158714442,22441404.82217294,317.4789381063549,54433.14362459613,300,1.388746216162195,273.50444738719784,1.058263127021183,181.4438120819871,0.0,0.001960268236521681,708.447033058292
0.5,2.0,Climate,20260832,60,0,677.9462963676705,26227566.43520795,346.3103673235099,59350.40029653829,300,1.5032700981168472,295.6775633197304,1.1543678910783663,197.83466765512765,0.0,0.0019778292920643106,760.0605897326185
0.5,2.0,Climate,20260833,60,0,652.7828542673368,25283929.341317397,336.9800137891261,57751.07846326554,300,1.475107740999887,290.3097732957986,1.1232667126304203,192.5035948775518,0.0,0.0019347915235803522,762.4117239619618
0.5,2.0,Climate,20260834,60,0,658.1722870106571,25501170.226411745,344.7263141529151,59093.942492123875,300,1.4811845338676937,291.55428440464703,1.1490877138430504,196.9798083070796,0.0,0.0018158898904734467,815.6797070341709
0.5,2.0,Climate,20260835,60,0,605.7070222802237,23521224.760897297,320.5023400433149,54985.04030681741,300,1.42092343481299,280.00729014853226,1.0683411334777164,183.2834676893914,0.0,0.0018979840915947393,748.648759020467
0.5,2.0,Climate,20260836,60,0,596.5081135256598,23098950.345900636,321.55006646599185,55114.96739894544,300,1.410092329749675,277.482433953939,1.0718335548866396,183.7165579964848,0.0,0.001869431479715729,754.2893896084909
0.5,2.0,Climate,20260837,60,0,600.0641015092614,23261216.666950755,318.79273750890894,54626.9997528744,300,1.41428910470863,278.4553624727595,1.0626424583630298,182.089999176248,0.0,0.0018066885618901278,782.8073606825872
0.5,2.0,Traffic,20260808,60,0,999.221424615888,52367101267.4028,563.8949264154301,2822420.635058274,360,1.6660177275099648,12060.852796847741,1.5663747955984169,7840.057319606317,0.0,0.00032956045147954094,5055.272014680411
0.5,2.0,Traffic,20260809,60,0,724.431781761443,38014056870.017876,460.18361164308567,2304048.1007721582,360,1.4185593060894202,10275.923433770628,1.2782878101196824,6400.133613255995,0.0,0.0003691014049071063,3843.2779914409602
0.5,2.0,Traffic,20260810,60,0,881.3418735210915,46261607395.662506,522.6327549390718,2617379.7350952313,360,1.564663500849918,11335.980989219743,1.4517576526085327,7270.49926415342,0.0,0.0003327740852923344,4701.879052497123
0.5,2.0,Traffic,20260811,60,0,809.2937024259463,42490554996.33239,484.32276108518573,2425457.3455227064,360,1.499345878139629,10864.129943730268,1.3453410030144048,6737.381515340851,0.0,0.00037485935810988805,3999.7557636005545
0.5,2.0,Traffic,20260812,60,0,896.2504585006494,47024142786.16609,525.5678010581779,2631579.189707975,360,1.5778417559902034,11429.025279981726,1.4599105584949386,7309.942193633264,0.0,0.00033455676078171894,4716.215425757496
0.5,2.0,Traffic,20260813,60,0,752.1799067152141,39510344767.3277,472.7268737703732,2367469.789923942,360,1.4454717671972994,10476.209127686474,1.3131302049177032,6576.30497201095,0.0,0.00037750158129928413,3829.0482445723214
0.5,2.0,Traffic,20260814,60,0,846.7176755331076,44350495605.43032,505.6204849850085,2530214.334331697,360,1.533621055915548,11099.361293614842,1.4045013471805792,7028.37315092138,0.0,0.0003294825968079903,4654.634480768291
0.5,2.0,Traffic,20260815,60,0,1027.0756072014574,54020434430.369774,581.5805241834611,2913691.7471912107,360,1.6890789791427239,12249.765806193305,1.6155014560651697,8093.588186642252,0.0,0.0003301713228298871,5115.765247767995
0.5,2.0,Traffic,20260816,60,0,758.4778952402378,39713235694.06147,479.1683412307703,2397588.826095589,360,1.4515106070346142,10503.073054807111,1.331023170085473,6659.968961376636,0.0,0.00029881656245983975,4857.530637143628
0.5,2.0,Traffic,20260817,60,0,908.7434562337661,47728006957.818985,532.6712041556924,2667694.937028107,360,1.5888006100285612,11514.243227631277,1.4796422337658122,7410.263713966963,0.0,0.0002986462920444579,5320.007823140978
0.5,2.0,Traffic,20260818,60,0,965.6669544675221,50680673755.84556,549.788341232023,2752344.045486983,360,1.637805912449405,11865.06002183694,1.5271898367556194,7645.400126352731,0.0,0.0003540227409127353,4626.273182979269
0.5,2.0,Traffic,20260819,60,0,973.7485593314764,51007088481.82409,557.7066486543994,2791049.1757477545,360,1.644644979700513,11903.207840492234,1.5491851351511094,7752.914377077096,0.0,0.0003939781861089015,4174.456956471971
0.5,2.0,Traffic,20260820,60,0,924.7901090363996,48493076516.45011,547.217640838027,2739398.396961642,360,1.602766799628068,11606.161739501675,1.5200490023278528,7609.439991560116,0.0,0.00037047769337393956,4326.216742043695
0.5,2.0,Traffic,20260821,60,0,879.3552999869712,46178790510.754875,518.8549104204367,2598427.662084882,360,1.5628991045729472,11325.829686404004,1.4412636400567687,7217.85461690245,0.0,0.0003547120445352232,4406.106667792472
0.5,2.0,Traffic,20260822,60,0,646.2461558540423,33917597575.933075,409.0900637539321,2048035.8539859408,360,1.3398239476534493,9706.469431365676,1.1363612882053669,5688.98848329428,0.0,0.0003538298912464496,3786.633014338054
0.5,2.0,Traffic,20260823,60,0,814.0819008545392,42736309902.111565,495.0706554072983,2478308.407032089,360,1.503774788153077,10895.502372553085,1.3751962650202731,6884.19001953358,0.0,0.0003996658839812993,3762.5798158529833
0.5,2.0,Traffic,20260824,60,1,693.4223165367235,36300034665.36645,434.8483286536092,2175731.1357332235,354,1.399578544852372,10126.325632040474,1.2283851091909865,6146.133151788767,0.016666666666666666,0.0003217538664496901,4349.842195513173
0.5,2.0,Traffic,20260825,60,0,960.3640046742008,50345100319.38521,546.7652961624071,2737143.4453293737,360,1.6333027247762948,11825.713546639845,1.5187924893400198,7603.1762370260385,0.0,0.0003309764446534943,4934.800500640556
0.5,2.0,Traffic,20260826,60,0,926.6135596762437,48665621459.97535,538.1114634249045,2694890.2178443293,360,1.6043461455235377,11626.791553703233,1.4947540650691793,7485.806160678692,0.0,0.00030525121400473845,5255.822325734086
0.5,2.0,Traffic,20260827,60,0,853.0883805930561,44804533453.236496,503.6701316374728,2522433.145776962,360,1.539379727712374,11156.031434614255,1.39908369899298,7006.758738269339,0.0,0.00033092331685010643,4651.771722721021
0.5,2.0,Traffic,20260828,60,0,778.1855592310094,40793356852.74616,481.24938941807557,2408886.440200462,360,1.470247106244209,10644.94622562825,1.3368038594946543,6691.351222779062,0.0,0.0003397693260414941,4327.191990440761
0.5,2.0,Traffic,20260829,60,0,697.8305773676667,36574261627.78967,447.5912678482036,2240446.4161543315,360,1.3922709041223769,10079.44299990355,1.243309077356121,6223.462267095365,0.0,0.00033901484300954304,4106.814001896623
0.5,2.0,Traffic,20260830,60,0,987.9632214301276,51779952234.20767,559.1758187447108,2798582.4015137297,360,1.6566056506454259,11993.048013352438,1.5532661631797522,7773.840004204805,0.0,0.0003363788326820408,4924.821331463856
0.5,2.0,Traffic,20260831,60,0,986.3872610877775,51767193987.64112,559.3192784948529,2800441.353308744,360,1.6552838469980655,11991.57041745496,1.5536646624857027,7779.003759190955,0.0,0.00033603182887590117,4925.973389292753
0.5,2.0,Traffic,20260832,60,0,900.8800507703563,47244038980.52639,518.2091695645205,2594128.4915970103,360,1.5819116870019045,11455.716547321399,1.4394699154570014,7205.912476658362,0.0,0.0003656389757945041,4326.430691817079
0.5,2.0,Traffic,20260833,60,0,878.3995514914403,46054989058.396416,518.5122431502979,2595939.468652632,360,1.5620495363921367,11310.637699184439,1.4403117865286053,7210.942968479533,0.0,0.00037381800722444277,4178.636411846987
0.5,2.0,Traffic,20260834,60,0,910.3294180428175,47717945724.02922,530.7202543219905,2655983.6575738443,360,1.5901864129392866,11513.029541932676,1.474222928672196,7377.7323821495675,0.0,0.0003404556982498276,4670.758695225016
0.5,2.0,Traffic,20260835,60,0,879.0139116878657,46112520200.78165,522.1568814182236,2613577.462566235,360,1.5625956963476098,11317.700026553988,1.450435781717288,7259.93739601732,0.0,0.0004052170665273939,3856.194186830908
0.5,2.0,Traffic,20260836,60,1,889.4192279005014,46693652624.10712,529.6065197361345,2652133.2443863354,354,1.58508160503937,11484.901981054383,1.4960636150738262,7491.9018203003825,0.016666666666666666,0.00037770868420849377,4196.571779547464
0.5,2.0,Traffic,20260837,60,0,902.1404101662414,47304812638.79708,532.5073083672237,2665798.471549579,360,1.5830178722285844,11463.082366012724,1.4791869676867324,7404.995754304386,0.0,0.0003670454648045163,4312.865909054834
0.5,2.0,Water,20260808,60,0,1503.0253513917246,4851426579.049609,743.8513869596527,536361.2505363706,540,1.6683465708164613,2997.3527144025466,1.3775025684438014,993.2615750673529,0.0,0.001177029519005285,1417.421180928743
0.5,2.0,Water,20260809,60,0,1592.1848996381345,5388608615.929997,764.8827198736456,562395.4592770077,540,1.717116931046175,3158.9404622934585,1.4164494812474917,1041.4730727351996,0.0,0.0010995676047372161,1561.6292473954304
0.5,2.0,Water,20260810,60,0,1626.6793357024223,5284418154.823256,793.1653679885598,572989.6738948493,540,1.7356177978430825,3128.2518354456365,1.4688247555343699,1061.0919886941654,0.0,0.0012071533058403306,1437.777446697107
0.5,2.0,Water,20260811,60,0,1373.5400077231361,4528560926.797427,690.9754517331746,500810.6005973012,540,1.5948644478120066,2895.897777635418,1.2795841698762493,927.4270381431504,0.0,0.0011960714995495336,1333.4189874206243
0.5,2.0,Water,20260812,60,0,1715.260698472663,5590513698.914868,820.6629728802334,593849.005009568,540,1.7822482152818395,3217.5772168106,1.5197462460745064,1099.720379647348,0.0,0.0011840133398359767,1505.2602494569337
0.5,2.0,Water,20260813,60,1,530.3562547522564,1717036629.4070554,336.08831729184186,241994.3059691255,531,0.9993936530382124,1798.2187406388193,0.6329346841654272,455.73315625070717,0.016666666666666666,0.0010759025284180737,928.8886554692326
0.5,2.0,Water,20260814,60,0,1668.7928996324292,5595661071.632567,797.0712847178436,583964.219920008,540,1.7579411883056657,3219.0581414193325,1.4760579346626732,1081.415222074089,0.0,0.0010993524648603944,1599.0696746460699
0.5,2.0,Water,20260815,60,1,1388.4243152438423,4622234496.151291,682.9113628651409,498402.8641993973,531,1.617014241420399,2950.3852396647817,1.2860854291245591,938.6117969856823,0.016666666666666666,0.0011059224528908735,1462.1407108550288
0.5,2.0,Water,20260816,60,2,1151.9226949812212,3728262337.147367,592.156945998356,427336.78840707534,522,1.4855128601996117,2672.501639605161,1.1344002796903372,818.6528513545504,0.03333333333333333,0.0011946853495692646,1243.4343994719638
0.5,2.0,Water,20260817,60,0,1105.6216231224398,3558973902.127593,597.3127729211467,429091.23052591295,540,1.4308904396307707,2567.2343896394414,1.1061347646687902,794.6133898628018,0.0,0.0011258332015078823,1270.961309112496
0.5,2.0,Water,20260818,60,0,1830.4061164262257,6123663552.564603,869.790859113614,636926.3194741519,540,1.8410977584975934,3367.509122472343,1.6107238131733592,1179.4931842113924,0.0,0.001113062372205603,1654.0831892909491
0.5,2.0,Water,20260819,60,0,1727.2697535284235,5625288146.059313,815.6943746939456,589901.7761097237,540,1.788476360402704,3227.5687863282183,1.5105451383221216,1092.4106964994883,0.0,0.0011863468172711564,1507.5493391692746
0.5,2.0,Water,20260820,60,0,1494.4213295389188,4985281727.870401,735.3381870305907,536867.0227543683,540,1.6635645183020564,3038.4211689230974,1.3617373833899828,994.1981902858671,0.0,0.0011325631530486918,1468.849232666618
0.5,2.0,Water,20260821,60,1,1550.0754934717174,5278744655.137386,750.3154629020923,553216.8290976406,531,1.7085557901028594,3152.9571373933863,1.4130234706254092,1041.8396028204154,0.016666666666666666,0.0012472311210593686,1369.879055496669
0.5,2.0,Water,20260822,60,0,1450.5679452081192,4809716769.108439,715.0230900852255,521448.731094471,540,1.6389743547629387,2984.440132714404,1.3241168334911584,965.6457983230945,0.0,0.001143490798501884,1433.3078647508141
0.5,2.0,Water,20260823,60,1,1743.0539791277388,5880624747.598239,829.9349472055131,610006.0950971341,531,1.8117912493756032,3327.855597352872,1.5629660022702696,1148.7873730642827,0.016666666666666666,0.0010980762386373366,1649.9685410039972
0.5,2.0,Water,20260824,60,0,1796.4815729390077,5862111142.101274,849.6681976378871,615208.8815546234,540,1.8239566134272023,3294.808245446405,1.5734596252553466,1139.2757065826358,0.0,0.0011546195722259857,1579.703529458456
0.5,2.0,Water,20260825,60,0,1666.9263445598367,5424039741.020233,795.0138869899857,574317.1211951722,540,1.7569577792519009,3169.3087635833713,1.472247938870344,1063.550224435504,0.0,0.0011181509799473082,1571.3063895313098
0.5,2.0,Water,20260826,60,0,1732.0477768882815,5742241758.351203,821.0311248559403,598754.3982297626,540,1.7909483195018352,3260.947873545928,1.5204280089924822,1108.804441166227,0.0,0.0012258655136381696,1460.9663944184151
0.5,2.0,Water,20260827,60,0,1512.7718982657675,5057307925.192913,749.1776613947983,547406.6870948985,540,1.673747125832604,3060.2916603901567,1.387366039619997,1013.716087212775,0.0,0.0011313146122564892,1479.4709691711607
0.5,2.0,Water,20260828,60,0,1701.9240722405389,5664075332.436542,805.6556275975548,588732.7918575543,540,1.775305958106908,3238.676951071379,1.491954865921398,1090.2459108473229,0.0,0.001155310651642733,1536.648134925966
0.5,2.0,Water,20260829,60,0,1778.7929491505367,5930472787.990894,842.0291780266882,615660.5390754119,540,1.8149548250426066,3313.9639428934574,1.5593132926420152,1140.112109398911,0.0,0.0011846870488731248,1532.0120421414188
0.5,2.0,Water,20260830,60,0,1486.2451476576618,4898794002.7710705,736.8418254610509,536439.0475365311,540,1.6590074831041812,3011.949658588661,1.364521899001946,993.4056435861687,0.0,0.0011631064931538078,1426.3590590107694
0.5,2.0,Water,20260831,60,0,1384.1178947509766,4398110582.189545,686.7975873069478,491782.7790198384,540,1.600993843390999,2853.8831837124894,1.2718473839017552,910.7088500367378,0.0,0.0011244801642571701,1423.7635258320568
0.5,2.0,Water,20260832,60,0,1699.0455859734739,5563250689.299413,799.7292292076547,579888.2860456367,540,1.7738040237764972,3209.7221205729334,1.4809800540882494,1073.8671963808088,0.0,0.0012003012912170392,1477.7989799360776
0.5,2.0,Water,20260833,60,1,1430.7104581422386,4696459666.473654,702.5849146897328,510813.7047618796,531,1.6414536172761627,2973.9799613791697,1.323135432560702,961.9843780826358,0.016666666666666666,0.0011212301128358817,1463.9756803574433
0.5,2.0,Water,20260834,60,0,1447.9130837210616,4680723244.875661,718.7256787680701,518116.8355647442,540,1.6374738243432696,2944.1477559777804,1.3309734792001298,959.4756214161929,0.0,0.0010137016772545668,1615.3409440715145
0.5,2.0,Water,20260835,60,0,1641.824287622573,5420597023.519106,780.8583680036128,568310.3549042447,540,1.7436786823979953,3168.3028005773836,1.4460340148215052,1052.4265831560085,0.0,0.001089748645947522,1600.0741903945104
0.5,2.0,Water,20260836,60,1,1665.3700959190485,5516321404.279775,800.8405764125855,584236.7596728181,531,1.7709574245223687,3223.1277589373835,1.5081743435265265,1100.2575511729156,0.016666666666666666,0.001108661492135297,1597.3833646115738
0.5,2.0,Water,20260837,60,0,1325.396280171589,4297345377.030962,677.6357682010643,489774.1330174587,540,1.5666644681849757,2821.0010624779607,1.254881052224193,906.9891352175162,0.0,0.0011893172176197808,1317.2805749170875
0.6,0.1,Climate,20260808,60,0,1.620444530590612,62837.29143505883,18.11682630530414,3111.745772974929,300,0.07349477375048769,14.472651385176897,0.06038942101768047,10.37248590991643,0.0,0.0019112351110496621,38.45407261805896
0.6,0.1,Climate,20260809,60,0,1.4151180093722042,54987.336218389864,16.45547218358296,2834.884977595606,300,0.06868085636653551,13.538505114227576,0.05485157394527653,9.449616591985354,0.0,0.0020096781502706436,34.17505253629107
0.6,0.1,Climate,20260810,60,0,1.5252192084778982,59649.05891266088,17.478980320911603,3016.6758546293518,300,0.07130262287082896,14.100716165341968,0.05826326773637201,10.055586182097839,0.0,0.0021192120578191745,33.6458178443004
0.6,0.1,Climate,20260811,60,0,1.4187586364388085,54931.66546524039,16.518141547639782,2837.7919563817004,300,0.0687691460961675,13.531649993655662,0.05506047182546594,9.459306521272335,0.0,0.00204771476015492,33.5833620161847
0.6,0.1,Climate,20260812,60,0,1.4917548458591596,58155.59977188353,16.894506914341825,2913.0526006234854,300,0.0705160701745628,13.923074345833673,0.056315023047806084,9.710175335411618,0.0,0.001965768494444359,35.87201156893847
0.6,0.1,Climate,20260813,60,0,1.4783298382259957,57367.69012171757,16.912859685822497,2905.4481694854103,300,0.07019804931349578,13.828435693854116,0.05637619895274166,9.684827231618033,0.0,0.0020706926571289726,33.90075734890845
0.6,0.1,Climate,20260814,60,0,1.4814597163456398,57595.677643829564,16.905015309158195,2909.3391953580744,300,0.07027232068521336,13.85588655215171,0.056350051030527315,9.697797317860248,0.0,0.0020076886952855116,35.001602016402245
0.6,0.1,Climate,20260815,60,0,1.4720210539908696,57102.01120846785,16.84330410831199,2891.3826863430904,300,0.07004810380471574,13.79637768987061,0.05614434702770663,9.6379422878103,0.0,0.0017075389275458645,41.02284444278606
0.6,0.1,Climate,20260816,60,0,1.4281374852239233,55286.619944965816,16.79226569177512,2882.1394974484874,300,0.06899607441064849,13.575298639436484,0.055974218972583735,9.607131658161626,0.0,0.0018821492578466937,36.658131188588456
0.6,0.1,Climate,20260817,60,0,1.4134460442308423,55080.0170807838,16.294052328758294,2805.671211524564,300,0.06864027108121593,13.549909849735016,0.05431350776252765,9.352237371748547,0.0,0.0019305412780958812,35.55493573746154
0.6,0.1,Climate,20260818,60,0,1.576770574444284,60807.71939928605,17.64425125895619,3029.3833216504186,300,0.07249759937276737,14.237008042338818,0.0588141708631873,10.097944405501396,0.0,0.002008796281276158,36.09007048077107
0.6,0.1,Climate,20260819,60,0,1.505715585126753,58467.65140030505,17.22357426756621,2962.679810651265,300,0.07084526766427317,13.960378624319262,0.0574119142252207,9.87559936883755,0.0,0.0019169204949070432,36.95785393942937
0.6,0.1,Climate,20260820,60,0,1.5003309202955408,58230.9443669214,17.37568123642044,2985.7339186758013,300,0.07071847755468016,13.932090578579297,0.0579189374547348,9.952446395586005,0.0,0.0019648719375540695,35.9913927228828
0.6,0.1,Climate,20260821,60,0,1.5328756220043547,59571.34182889918,17.010595630148526,2930.1919045827885,300,0.07148136405162665,14.09152722133637,0.05670198543382842,9.767306348609296,0.0,0.0021593348799337398,33.103417499475626
0.6,0.1,Climate,20260822,60,0,1.5601406213961262,60594.36138434735,17.335504494064004,2982.2249798031644,300,0.07211427554920792,14.212009168815335,0.05778501498021335,9.940749932677214,0.0,0.0019865499826261595,36.301264090961865
0.6,0.1,Climate,20260823,60,0,1.461468587952981,56560.670979493334,16.89879701507381,2900.9608862941527,300,0.06979657555957362,13.730825537149776,0.05632932338357937,9.669869620980508,0.0,0.0019267314811630264,36.22537766261158
0.6,0.1,Climate,20260824,60,0,1.6203647482982029,62695.49507163153,18.02689684373896,3093.4712665184493,300,0.07349296447729317,14.456312931453342,0.06008965614579653,10.311570888394831,0.0,0.0018990275101834358,38.70031586335163
0.6,0.1,Climate,20260825,60,0,1.5042290630101414,58624.49253567974,17.185099832853567,2960.349501043843,300,0.07081028792979499,13.979090639914045,0.05728366610951189,9.867831670146142,0.0,0.0019442458044874457,36.42044013486373
0.6,0.1,Climate,20260826,60,0,1.605702778651458,62434.346070034735,17.818991634748176,3065.852450448902,300,0.07315970609225313,14.42617367496024,0.05939663878249392,10.219508168163006,0.0,0.0019527758397547238,37.46446704371469
0.6,0.1,Climate,20260827,60,0,1.5612409390232176,60707.611757782,17.454117563622752,3001.7358177023066,300,0.0721397010210794,14.225284034397111,0.05818039187874251,10.005786059007688,0.0,0.00202844086959576,35.564113355424475
0.6,0.1,Climate,20260828,60,0,1.5648790752904727,60854.27733203767,17.612141980684054,3030.1896298196248,300,0.07222370514105168,14.242457340880199,0.058707139935613516,10.10063209939875,0.0,0.0020788312005199845,34.7424577440372
0.6,0.1,Climate,20260829,60,0,1.620299592109053,62786.35852809128,17.82100327613733,3065.577091956498,300,0.07349148685639385,14.466784776179685,0.059403344253791096,10.21859030652166,0.0,0.0020237615841009245,36.31430077226372
0.6,0.1,Climate,20260830,60,0,1.2505961829618062,48450.161587216215,15.114955042240013,2599.2159462253003,300,0.06456511397965639,12.708286219001131,0.050383183474133376,8.664053154084334,0.0,0.0020331709408776986,31.75587093123823
0.6,0.1,Climate,20260831,60,0,1.4529741196607784,56654.52014032037,16.85547384778427,2902.1228621735368,300,0.06959344125372684,13.742212357103734,0.05618491282594757,9.67374287391179,0.0,0.001960268236521681,35.50199914334893
0.6,0.1,Climate,20260832,60,0,1.5269834466746146,59413.71692891596,17.23816419553115,2964.671403748393,300,0.07134384922506436,14.07287188516923,0.05746054731843717,9.882238012494643,0.0,0.0019778292920643106,36.07179320850334
0.6,0.1,Climate,20260833,60,0,1.5398141775843808,59794.94002829487,17.396131630718678,2990.8213757884987,300,0.07164296144968652,14.117948390647378,0.05798710543572893,9.969404585961662,0.0,0.0019347915235803522,37.028775750014894
0.6,0.1,Climate,20260834,60,0,1.5260972866196498,59140.03647924134,17.301513078292295,2973.8629272325365,300,0.07132314459836185,14.040422177798089,0.05767171026097432,9.912876424108456,0.0,0.0018158898904734467,39.277240857245026
0.6,0.1,Climate,20260835,60,0,1.5524616930705817,60273.44148867797,17.326658056445964,2978.367659039501,300,0.0719365853390003,14.1743243799811,0.05775552685481988,9.927892196798338,0.0,0.0018979840915947393,37.901574442890706
0.6,0.1,Climate,20260836,60,0,1.4200537525935164,55013.45794223808,16.424098462155264,2821.8572288012124,300,0.06880052695034432,13.54172046457885,0.05474699487385088,9.406190762670708,0.0,0.001869431479715729,36.802914520732436
0.6,0.1,Climate,20260837,60,0,1.5029121517129276,58200.71073399499,17.214617230378195,2954.0613999931593,300,0.07077928491003865,13.928473323136195,0.057382057434593986,9.846871333310531,0.0,0.0018066885618901278,39.176251182987805
0.6,0.1,Traffic,20260808,60,0,3.241296311188872,169860884.11943197,33.8675475305636,169486.0561769013,360,0.09488730612897352,686.903042081373,0.09407652091823222,470.7946004913925,0.0,0.00032956045147954094,287.92079177881607
0.6,0.1,Traffic,20260809,60,0,3.141969157041618,164634061.84314838,33.1980814691365,166138.54380047388,360,0.093422117846329,676.2520524576543,0.0922168929698236,461.49595500131636,0.0,0.0003691014049071063,253.10691480527157
0.6,0.1,Traffic,20260810,60,0,3.1468135586633736,165051307.06787348,33.32206874343081,166832.7570612175,360,0.0934941109057941,677.1084499297843,0.09256130206508559,463.42432517004863,0.0,0.0003327740852923344,280.9537011383013
0.6,0.1,Traffic,20260811,60,0,3.1416977168867612,164961457.5452201,33.11947812884639,165869.19210055762,360,0.09341808230992127,676.9241249644931,0.09199855035790663,460.74775583488224,0.0,0.00037485935810988805,249.20835051565192
0.6,0.1,Traffic,20260812,60,0,3.252965681152771,170735468.87066337,33.94797654591399,169984.20121495234,360,0.09505796011371125,688.6691450234998,0.09429993484976108,472.17833670820096,0.0,0.00033455676078171894,284.1310392042314
0.6,0.1,Traffic,20260813,60,0,3.261875867232216,171086649.06714067,34.12103440592377,170824.01032502644,360,0.09518805753805079,689.3770317128128,0.09478065112756603,474.5111397917401,0.0,0.00037750158129928413,252.1527385671677
0.6,0.1,Traffic,20260814,60,0,3.156447217750922,165656261.1489544,33.24824034810349,166473.77995598156,360,0.09363711303856503,678.3482003877638,0.09235622318917636,462.42716654439323,0.0,0.0003294825968079903,284.1944125295732
0.6,0.1,Traffic,20260815,60,0,3.243484952613933,170466382.89337677,33.802988753433986,169321.27842591002,360,0.09491933640690706,688.126245873081,0.09389719098176107,470.3368845164167,0.0,0.0003301713228298871,287.48510195663476
0.6,0.1,Traffic,20260816,60,0,3.037849109123137,159116983.0204673,32.286104314273736,161546.89548498005,360,0.0918611438398427,664.8245027834774,0.08968362309520482,448.7413763471668,0.0,0.00029881656245983975,307.416506915304
0.6,0.1,Traffic,20260817,60,0,3.158021898972027,165756895.84169936,33.322994083167714,166864.46329767795,360,0.09366046686142492,678.5542143281539,0.09256387245324366,463.5123980491054,0.0,0.0002986462920444579,313.61670764518374
0.6,0.1,Traffic,20260818,60,0,3.206464066103694,168279465.0601092,33.29911199559202,166716.2066504109,360,0.09437608080475592,683.6980024106427,0.09249753332108895,463.10057402891914,0.0,0.0003540227409127353,266.5819731281588
0.6,0.1,Traffic,20260819,60,0,3.2191171799249285,168442373.33830667,33.69884743663318,168566.71937759998,360,0.09456210745567241,684.0288601333253,0.09360790954620328,468.24088715999994,0.0,0.0003939781861089015,240.01863755353708
0.6,0.1,Traffic,20260820,60,0,3.3139296218135774,173907132.33987397,34.40915776321612,172290.76328717268,360,0.09594456764503799,695.0362347466217,0.09558099378671145,478.5854535754797,0.0,0.00037047769337393956,258.9752888258157
0.6,0.1,Traffic,20260821,60,0,3.180842220136,166831241.99100235,33.39383409134898,167155.06272702696,360,0.09399825973767338,680.7496725241028,0.09276065025374716,464.319618686186,0.0,0.0003547120445352232,264.99878192982897
0.6,0.1,Traffic,20260822,60,0,2.790104524890849,146339121.94760376,30.622470678454004,153283.89011575413,360,0.08803573335253717,637.5716124213546,0.08506241855126112,425.7885836548726,0.0,0.0003538298912464496,248.80807283525553
0.6,0.1,Traffic,20260823,60,0,3.0505138192136907,160220654.96078312,32.502518292673706,162757.8072256253,360,0.09205242798436013,667.1262061192501,0.09028477303520474,452.10502007118134,0.0,0.0003996658839812993,230.3234568519422
0.6,0.1,Traffic,20260824,60,0,3.2250782775866114,169142404.6405332,33.744343830787884,168929.55901923604,360,0.09464962108256916,685.448767516851,0.09373428841885523,469.24877505343346,0.0,0.0003217538664496901,294.16778150005143
0.6,0.1,Traffic,20260825,60,0,3.1548869261251697,165355943.73561984,33.260519724703855,166477.40171088098,360,0.09361396687883779,677.7330344112477,0.09239033256862182,462.4372269746694,0.0,0.0003309764446534943,282.8417804077994
0.6,0.1,Traffic,20260826,60,0,3.107255946920536,163148516.15934187,32.71582327648428,163822.7158976499,360,0.09290460978457264,673.1941196006086,0.090877286879123,455.0630997156942,0.0,0.00030525121400473845,304.35459556642576
0.6,0.1,Traffic,20260827,60,0,3.1465718556012225,165245421.94925255,32.80875734391758,164338.0410970685,360,0.09349052025029095,677.5065025297882,0.09113543706643772,456.494558602968,0.0,0.00033092331685010643,282.51415204035925
0.6,0.1,Traffic,20260828,60,0,3.1641313891536127,165901860.478926,33.4039647786912,167209.99626400354,360,0.09375102057449847,678.85086825484,0.09278879105191999,464.47221184445425,0.0,0.0003397693260414941,275.92549823950026
0.6,0.1,Traffic,20260829,60,0,3.263492588907077,171240841.0008616,34.14547713830768,170962.86402688196,360,0.09521164420074126,689.687612459562,0.09484854760641023,474.89684451911654,0.0,0.00033901484300954304,280.8480105340435
0.6,0.1,Traffic,20260830,60,0,3.215721530929717,168427468.80490673,33.59993078609013,168131.46062915988,360,0.09451222041692864,683.9985964997514,0.09333314107247258,467.03183508099966,0.0,0.0003363788326820408,280.9695832028334
0.6,0.1,Traffic,20260831,60,0,3.0904813215765357,162109096.31339422,32.66454204796361,163559.37574178568,360,0.0926534960900699,671.0462318760042,0.09073483902212114,454.331599282738,0.0,0.00033603182887590117,275.72833323562173
0.6,0.1,Traffic,20260832,60,0,3.2266007706739317,169068944.49078006,33.71435289018943,168720.8435404199,360,0.09467195951568078,685.2999029029797,0.09365098025052619,468.6690098344998,0.0,0.0003656389757945041,258.9219579503695
0.6,0.1,Traffic,20260833,60,0,3.182891410405952,167056642.0735167,33.376396054566904,167140.9172418432,360,0.09402853305728757,681.2093862990959,0.09271221126268585,464.2803256717867,0.0,0.00037381800722444277,251.53559015371945
0.6,0.1,Traffic,20260834,60,0,2.971102447151733,155636530.02698922,31.66430831524611,158424.52800216328,360,0.09084636675838642,657.5132656604081,0.08795641198679476,440.06813333934247,0.0,0.0003404556982498276,266.8375569138603
0.6,0.1,Traffic,20260835,60,0,3.2656334214987655,171310543.25279376,34.08911387568028,170643.30039166776,360,0.09524286822963535,689.8279641668996,0.09469198298800079,474.00916775463264,0.0,0.0004052170665273939,235.0416013961165
0.6,0.1,Traffic,20260836,60,0,3.213127227727767,168874690.15865406,33.60008796489345,168338.4955222942,360,0.0944740885658862,684.9060968861475,0.09333357768025957,467.60693200637274,0.0,0.00037770868420849377,250.12421613726215
0.6,0.1,Traffic,20260837,60,0,3.1852075283168606,167324401.7517717,33.27908706358149,166691.90371483023,360,0.0940627380516273,681.7550915585688,0.09244190850994859,463.0330658745284,0.0,0.0003670454648045163,256.2699912440654
0.6,0.1,Water,20260808,60,0,2.8375954156673884,9370175.371089542,33.04389929253066,24033.362474355003,540,0.07249004293908218,131.7276607745267,0.061192406097279,44.50622680436111,0.0,0.001177029519005285,61.58727692772223
0.6,0.1,Water,20260809,60,0,2.5315516828424296,8533440.291474322,30.18733311208388,22203.00334254233,540,0.06846939952950096,125.70866002958559,0.05590246872608126,41.11667285655987,0.0,0.0010995676047372161,62.269385924537445
0.6,0.1,Water,20260810,60,0,3.1310043547877235,10215326.910244877,34.925963571873325,25406.407034249336,540,0.07614562503893352,137.54007436383415,0.06467771031828394,47.048901915276545,0.0,0.0012071533058403306,63.07867001691768
0.6,0.1,Water,20260811,60,0,3.201507156623623,10793958.865465019,35.34176713592933,25871.963808477216,540,0.0769981620346253,141.3817976750335,0.06544771691838765,47.91104408977262,0.0,0.0011960714995495336,64.37588560853132
0.6,0.1,Water,20260812,60,0,3.1571698511693507,10397136.20066072,34.516113662374885,25146.783534466507,540,0.07646313383257841,138.7586246946455,0.06391872900439793,46.56811765641946,0.0,0.0011840133398359767,64.57962191808664
0.6,0.1,Water,20260813,60,0,2.05720267566135,6797153.959870133,25.49460727236974,18586.625589929656,540,0.06172223735865426,112.19323574934299,0.0472122356895736,34.41967701838825,0.0,0.0010759025284180737,57.367870906861796
0.6,0.1,Water,20260814,60,0,3.3257773406091533,11114469.237840923,35.71723344451868,26096.961728331822,540,0.07847832138274867,143.46550261455243,0.06614302489725682,48.32770690431819,0.0,0.0010993524648603944,71.38595117691808
0.6,0.1,Water,20260815,60,0,2.5232402996787395,8337767.412844468,29.661487674709797,21688.329431328755,540,0.06835691056233668,124.25904403215908,0.054928680879092216,40.16357302097918,0.0,0.0011059224528908735,61.809858714462486
0.6,0.1,Water,20260816,60,0,2.7885123387430415,9383798.909572551,31.949868449529124,23464.18661119363,540,0.07186036277679816,131.82338710599618,0.05916642305468356,43.45219742813635,0.0,0.0011946853495692646,60.15003264475195
0.6,0.1,Water,20260817,60,0,2.7869524543398714,9020578.701023268,31.673707212257195,22919.432003907903,540,0.0718402607427921,129.24695498256548,0.05865501335603184,42.44339259982945,0.0,0.0011258332015078823,63.81074980429871
0.6,0.1,Water,20260818,60,0,3.0287855336004146,9958911.229503693,34.18572990349415,24995.42854066532,540,0.07489233671918662,135.80290204110005,0.06330690722869287,46.287830630861706,0.0,0.001113062372205603,67.28494160734473
0.6,0.1,Water,20260819,60,0,1.9567053152093918,6445441.240286328,25.456244003679707,18618.19424332381,540,0.060195750360792694,109.25201278158006,0.04714119259940686,34.47813748763669,0.0,0.0011863468172711564,50.740432295553674
0.6,0.1,Water,20260820,60,0,2.4685600484928996,8214202.09358389,29.493015704177903,21582.870728757025,540,0.06761218453214682,123.33485054309948,0.0546166957484776,39.968279127327826,0.0,0.0011325631530486918,59.69837915894126
0.6,0.1,Water,20260821,60,0,2.7878071635900206,9525250.25533494,31.483886502907435,23209.227732957024,540,0.07185127596988128,132.81322345570237,0.058303493523902655,42.980051357327824,0.0,0.0012472311210593686,57.608629833460625
0.6,0.1,Water,20260822,60,0,3.0137775099577935,10291067.026746035,33.848038276170335,24990.228583397253,540,0.07470655568880688,138.04901858039838,0.0626815523632784,46.278201080365285,0.0,0.001143490798501884,65.33201297875051
0.6,0.1,Water,20260823,60,0,2.2587345884897774,7550253.36729666,27.47038232627187,20178.511874065716,540,0.06467489335543294,118.24529876565495,0.050871078381984944,37.36761458160318,0.0,0.0010980762386373366,58.89836341025973
0.6,0.1,Water,20260824,60,0,3.254802844843972,10937351.35714256,35.79353873964571,26286.13336179755,540,0.07763641333573432,142.31779356453927,0.06628433099934392,48.67802474406954,0.0,0.0011546195722259857,67.23982097935465
0.6,0.1,Water,20260825,60,0,2.6857532431816318,9115843.509448987,30.915530355341215,22760.41274876433,540,0.07052387621935582,129.92764018546936,0.05725098213952077,42.14891249771173,0.0,0.0011181509799473082,63.071872657732854
0.6,0.1,Water,20260826,60,0,2.961913085256217,10100151.206271471,33.11381381067702,24531.701991326663,540,0.07406094944001163,136.7625084418882,0.06132187742717967,45.429077761716044,0.0,0.0012258655136381696,60.415232026725974
0.6,0.1,Water,20260827,60,0,2.5848271099810005,8814135.883972142,30.184850899674394,22452.50488862239,540,0.06918610315905345,127.7594374565248,0.055897872036434065,41.57871275670813,0.0,0.0011313146122564892,61.155493272606755
0.6,0.1,Water,20260828,60,0,3.0554544348037678,10231932.835635047,34.518297043964665,25311.669767994525,540,0.07522133309999439,137.6518208005057,0.06392277230363827,46.87346253332319,0.0,0.001155310651642733,65.10918339845425
0.6,0.1,Water,20260829,60,0,3.259020845566554,11284794.276811346,35.83871687378038,26735.046137169895,540,0.07768670277522538,144.56060036981125,0.0663679942107044,49.50934469846277,0.0,0.0011846870488731248,65.57571710530729
0.6,0.1,Water,20260830,60,0,2.525931534649457,8262149.849225807,29.97618216660781,21808.22682290153,540,0.06839335486793718,123.69429048491409,0.05551144845668113,40.38560522759543,0.0,0.0011631064931538078,58.80231541179516
0.6,0.1,Water,20260831,60,0,2.4821033756089554,8063975.215232851,29.802728941182725,21495.970970225237,540,0.0677974021081131,122.20183073758098,0.05519023877996801,39.807353648565254,0.0,0.0011244801642571701,60.29221702892372
0.6,0.1,Water,20260832,60,0,2.987605605174432,9819584.606216908,33.139456768218665,23855.430533668336,540,0.07438146928197402,134.8496048842514,0.06136936438559012,44.17672321049692,0.0,0.0012003012912170392,61.96899880575428
0.6,0.1,Water,20260833,60,0,2.708948806438312,8866059.164890124,31.188242757360214,22732.907073216287,540,0.07082776195655664,128.1351945529793,0.05775600510622262,42.097976061511645,0.0,0.0011212301128358817,63.16969295215847
0.6,0.1,Water,20260834,60,0,2.8527497044966608,9427503.842567608,32.29050619886245,23540.739449132863,540,0.0726833531363404,132.13001343070874,0.05979723370159713,43.59396194283863,0.0,0.0010137016772545668,71.70093013280842
0.6,0.1,Water,20260835,60,0,2.5404555848774817,8224456.0583000695,30.08410796303421,21693.124564335863,540,0.06858970315873035,123.41180730399003,0.05571131104265595,40.172452896918266,0.0,0.001089748645947522,62.940847335572975
0.6,0.1,Water,20260836,60,0,2.7313132065467616,9219793.412640365,31.449978923452033,23187.695693715883,540,0.07111952910088086,130.6663365404019,0.058240701710096356,42.94017721058497,0.0,0.001108661492135297,64.14900274375336
0.6,0.1,Water,20260837,60,0,2.9744651984367994,9766046.141771954,33.887331976826424,24641.648568288092,540,0.07421771275102779,134.48148806773008,0.06275431847560449,45.632682533866834,0.0,0.0011893172176197808,62.40363096698634
0.6,0.25,Climate,20260808,60,0,11.769275271847556,455908.64853365417,49.21517060020561,8435.077110368416,300,0.19806796200502794,38.98327199084475,0.16405056866735204,28.116923701228053,0.0,0.0019112351110496621,103.63348855403132
0.6,0.25,Climate,20260809,60,0,10.295675211895079,399131.3812224572,44.839830807103674,7694.1698959645855,300,0.18525365684105563,36.47516877833728,0.14946610269034558,25.64723298654862,0.0,0.0020096781502706436,92.18075880265081
0.6,0.25,Climate,20260810,60,0,10.732845457502844,417329.7709181693,46.455060581791706,7980.633910644995,300,0.18914584723173142,37.2974427594426,0.15485020193930568,26.602113035483317,0.0,0.0021192120578191745,89.25291196501422
0.6,0.25,Climate,20260811,60,0,10.047819394997635,389343.5153946878,44.00810410662864,7543.4229215188425,300,0.18301019457029924,36.02515396195126,0.14669368035542882,25.144743071729476,0.0,0.00204771476015492,89.372894180073
0.6,0.25,Climate,20260812,60,0,10.86782219657039,421880.6668911774,45.79814053105875,7860.188319468315,300,0.19033148449105305,37.50025186098432,0.15266046843686248,26.20062773156105,0.0,0.001965768494444359,96.82293974543114
0.6,0.25,Climate,20260813,60,0,10.619217162453834,411360.93092038855,45.75658600050148,7841.722549129817,300,0.18814194253677935,37.02975969497995,0.15252195333500493,26.139075163766055,0.0,0.0020706926571289726,90.85942420718256
0.6,0.25,Climate,20260814,60,0,10.997176874243692,427285.407595767,46.44722265574768,7973.649038079299,300,0.19146084781876158,37.73969650097746,0.15482407551915894,26.578830126931,0.0,0.0020076886952855116,95.36381226250522
0.6,0.25,Climate,20260815,60,0,10.244108859110908,397310.5017044395,44.274466230011484,7590.364576877273,300,0.1847891488436745,36.391871881160476,0.1475815541000383,25.301215256257578,0.0,0.0017075389275458645,108.21958191562872
0.6,0.25,Climate,20260816,60,0,11.1701874311433,432164.8147989969,47.480870217238945,8133.749114137443,300,0.19296102742214813,37.95456998390738,0.15826956739079648,27.11249704712481,0.0,0.0018821492578466937,102.52163935335746
0.6,0.25,Climate,20260817,60,0,9.714914523601308,377190.66574879526,42.57502638442699,7305.7129945897905,300,0.1799529060949124,35.45845765346613,0.14191675461475664,24.352376648632635,0.0,0.0019305412780958812,93.21370547041728
0.6,0.25,Climate,20260818,60,0,11.05805044452835,427324.5949368145,46.921497683912186,8040.521497577613,300,0.19199002096053802,37.74142705908255,0.15640499227970728,26.80173832525871,0.0,0.002008796281276158,95.5746596855355
0.6,0.25,Climate,20260819,60,0,10.919329679649675,423286.4496172854,46.96417023697949,8056.167693575623,300,0.19078198447136524,37.56267871248825,0.15654723412326496,26.853892311918745,0.0,0.0019169204949070432,99.52524634080704
0.6,0.25,Climate,20260820,60,0,11.545879837915919,447672.3264998141,48.91994423678792,8389.255580596848,300,0.1961791684312746,38.6295364757683,0.16306648078929306,27.96418526865616,0.0,0.0019648719375540695,99.84323389313819
0.6,0.25,Climate,20260821,60,0,11.187476368057771,433863.8261385239,46.897283837986826,8048.161265136403,300,0.1931102998121175,38.02910403618628,0.15632427945995608,26.827204217121345,0.0,0.0021593348799337398,89.43045453794697
0.6,0.25,Climate,20260822,60,0,11.051512850327095,428735.02111331443,46.44354298043701,7969.329172008575,300,0.1919332596705349,37.80366036568921,0.15481180993479002,26.564430573361918,0.0,0.0019865499826261595,96.61637580183353
0.6,0.25,Climate,20260823,60,0,10.509051781082613,406787.0360523267,45.44631825178752,7787.449636471012,300,0.18716349164195648,36.82331852021337,0.1514877275059584,25.958165454903373,0.0,0.0019267314811630264,97.14041290744863
0.6,0.25,Climate,20260824,60,0,11.542162666929654,447302.1409561307,48.38812452012418,8294.822683843146,300,0.19614758616009575,38.613561562234004,0.16129374840041394,27.64940894614382,0.0,0.0018990275101834358,103.2884384814146
0.6,0.25,Climate,20260825,60,0,10.477138034847522,406866.56167412555,45.33485636933567,7781.999632376235,300,0.1868790877800182,36.8269177674033,0.15111618789778555,25.93999877458745,0.0,0.0019442458044874457,96.11906444580676
0.6,0.25,Climate,20260826,60,0,11.277471606509883,437510.6225804607,47.092070262928644,8080.388713526817,300,0.19388546108901414,38.18859439590398,0.15697356754309547,26.93462904508939,0.0,0.0019527758397547238,99.28710563797578
0.6,0.25,Climate,20260827,60,0,10.920475021313015,423235.49968097615,46.35358087022655,7947.01723838095,300,0.19079198988525883,37.56041798138816,0.15451193623408851,26.490057461269835,0.0,0.00202844086959576,94.05844298694348
0.6,0.25,Climate,20260828,60,0,11.04023316443021,428554.71512494277,47.04848648362985,8073.490907525569,300,0.19183528667783561,37.79571030002138,0.15682828827876616,26.911636358418562,0.0,0.0020788312005199845,92.28035764993871
0.6,0.25,Climate,20260829,60,0,10.980319817028066,425281.5454881751,46.62575105540339,7997.42001766237,300,0.19131405086077766,37.65109761517253,0.15541917018467796,26.658066725541232,0.0,0.0020237615841009245,94.5338879657461
0.6,0.25,Climate,20260830,60,0,10.050145226547386,389623.0090538431,43.5072072452763,7462.428084312125,300,0.18303137460143626,36.03808212867064,0.145024024150921,24.874760281040416,0.0,0.0020331709408776986,90.02261980117792
0.6,0.25,Climate,20260831,60,0,10.452049957989104,405390.03681009554,45.72569377242425,7840.943033479257,300,0.1866552076065127,36.7600343131004,0.15241897924141418,26.13647677826419,0.0,0.001960268236521681,95.21921751775946
0.6,0.25,Climate,20260832,60,0,10.62402106620832,411934.50470548286,45.612537641647876,7823.763249015309,300,0.18818449339418944,37.05556659511419,0.15204179213882626,26.079210830051032,0.0,0.0019778292920643106,95.14698470148377
0.6,0.25,Climate,20260833,60,0,11.007026598388492,426447.4335991257,46.554891948230726,7984.114172890699,300,0.19154657047646395,37.702671594071674,0.1551829731607691,26.613713909635663,0.0,0.0019347915235803522,99.00114205689975
0.6,0.25,Climate,20260834,60,0,10.897967236180234,422473.79850281373,46.13757679343814,7913.053745797674,300,0.19059527133151577,37.526603829941486,0.1537919226447938,26.37684581932558,0.0,0.0018158898904734467,104.95970726607379
0.6,0.25,Climate,20260835,60,0,10.783425376191252,418370.0078949513,45.65047869558477,7831.220159054694,300,0.18959101047774085,37.343897667265146,0.1521682623186159,26.10406719684898,0.0,0.0018979840915947393,99.8907268598027
0.6,0.25,Climate,20260836,60,0,10.31249155643117,399314.7249670729,44.789495799132716,7678.277743147828,300,0.18540488627533677,36.48354537628678,0.14929831933044238,25.594259143826093,0.0,0.001869431479715729,99.17714999831391
0.6,0.25,Climate,20260837,60,0,10.948352157973417,423919.28694412834,46.797781148401995,8017.463098526852,300,0.1910353558722697,37.59074739631764,0.15599260382800664,26.724876995089506,0.0,0.0018066885618901278,105.73784541615277
0.6,0.25,Traffic,20260808,60,0,21.306596635922386,1116646814.663534,87.3213897358459,437045.2262974204,360,0.24327965524338438,1761.1918428719528,0.24255941593290528,1214.0145174928343,0.0,0.00032956045147954094,738.1943256576924
0.6,0.25,Traffic,20260809,60,0,20.755170100519763,1087479462.715696,85.97922903043188,430252.56981202814,360,0.2401109124534359,1738.0380563501417,0.23883119175119966,1195.1460272556337,0.0,0.0003691014049071063,650.5283081051016
0.6,0.25,Traffic,20260810,60,0,21.045019596968558,1104250727.7079625,86.37618670869001,432505.62533103366,360,0.24178169444636852,1751.3889152675708,0.23993385196858338,1201.404514808427,0.0,0.0003327740852923344,726.5640719407849
0.6,0.25,Traffic,20260811,60,0,20.560079505163795,1079421407.364831,85.34934275282549,427398.8787551798,360,0.23897977311644666,1731.586786226911,0.23708150764673747,1187.2191076532772,0.0,0.00037485935810988805,637.5184931261366
0.6,0.25,Traffic,20260812,60,0,21.408626795698094,1123441628.9768775,87.52860233910113,438260.68475054996,360,0.2438614519882715,1766.5421567577823,0.24313500649750314,1217.39079097375,0.0,0.00033455676078171894,728.9090539329395
0.6,0.25,Traffic,20260813,60,0,21.539101593517472,1130323077.4631627,87.8211379068581,439751.50253315846,360,0.24460342957483397,1771.944222114952,0.24394760529682805,1221.5319514809958,0.0,0.00037750158129928413,647.9533906400031
0.6,0.25,Traffic,20260814,60,0,20.559160593693907,1078642287.0644112,85.13702750975274,426262.74590001453,360,0.2389744325799886,1730.961748618068,0.2364917430826465,1184.063183055596,0.0,0.0003294825968079903,725.3021400679734
0.6,0.25,Traffic,20260815,60,0,21.211659700786303,1115037056.9486234,86.8127442333646,434895.5014952455,360,0.24273705309785035,1759.9219182084814,0.2411465117593461,1208.0430597090153,0.0,0.0003301713228298871,735.185148780819
0.6,0.25,Traffic,20260816,60,0,20.5311692731044,1075876843.2276618,85.08259563311107,425800.613732592,360,0.23881169518811957,1728.7413880460851,0.23634054342530852,1182.7794825905335,0.0,0.00029881656245983975,799.1916285437334
0.6,0.25,Traffic,20260817,60,0,20.803400526820706,1092399318.0030699,85.81171318855765,429731.7885742773,360,0.24038973290390975,1741.9651402965926,0.23836586996821568,1193.6994127063258,0.0,0.0002986462920444579,804.9312491317461
0.6,0.25,Traffic,20260818,60,0,21.152274689267525,1110414867.6808898,86.28059388946672,431987.73386297404,360,0.24239702675837152,1756.270407300091,0.23966831635962976,1199.9659273971502,0.0,0.0003540227409127353,684.6933791129567
0.6,0.25,Traffic,20260819,60,0,21.244874981621564,1112577709.6767685,87.08058038836934,435742.6969252231,360,0.24292702940515998,1757.9799879381517,0.24189050107880372,1210.396380347842,0.0,0.0003939781861089015,616.6002026772397
0.6,0.25,Traffic,20260820,60,0,21.706855234859642,1139152387.6800501,88.21995523514849,441728.63049137953,360,0.2455541082874248,1778.8513675965564,0.24505543120874582,1227.0239735871653,0.0,0.00037047769337393956,662.8040302539245
0.6,0.25,Traffic,20260821,60,0,20.95898267628115,1099705556.9886372,85.96851495579362,430405.7277870824,360,0.2412869584602599,1747.7807809624667,0.23880143043276006,1195.5714660752287,0.0,0.0003547120445352232,680.233339063568
0.6,0.25,Traffic,20260822,60,0,20.075708760904085,1052847152.4124318,83.96295674513102,420343.3211366672,360,0.23614795715647852,1710.1390070306759,0.23323043540314173,1167.6203364907424,0.0,0.0003538298912464496,667.4053351586307
0.6,0.25,Traffic,20260823,60,0,20.134541417637006,1057224784.2949998,83.75113825879535,419362.5289401964,360,0.2364937244741567,1713.6906114962978,0.23264205071887598,1164.8959137227678,0.0,0.0003996658839812993,591.7285761754497
0.6,0.25,Traffic,20260824,60,0,21.433378777756122,1123978352.5693622,87.5165291917459,438119.4815826487,360,0.24400238374152164,1766.9640886193613,0.24310146997707197,1216.998559951802,0.0,0.0003217538664496901,758.3510539714811
0.6,0.25,Traffic,20260825,60,0,21.22261589426427,1113707466.6965942,87.07376973673207,435999.95315589954,360,0.2427997339730848,1758.8723239436636,0.24187158260203354,1211.1109809886098,0.0,0.0003309764446534943,733.5861445586455
0.6,0.25,Traffic,20260826,60,0,20.428565947530632,1072772437.5075119,84.02888040168986,420777.34647205233,360,0.2382142240104869,1726.245474294101,0.2334135566713607,1168.8259624223676,0.0,0.00030525121400473845,780.3874745827843
0.6,0.25,Traffic,20260827,60,0,20.326668167569295,1067075679.7611656,83.93488998231459,420325.18448523286,360,0.23761937448814424,1721.6559210387197,0.23315247217309606,1167.5699569034246,0.0,0.00033092331685010643,718.0496579990925
0.6,0.25,Traffic,20260828,60,0,20.943381798595112,1098451763.4981427,86.4435354350183,432756.960321357,360,0.2411971404300911,1746.7841591352815,0.24012093176393973,1202.102667559325,0.0,0.0003397693260414941,709.8849776705124
0.6,0.25,Traffic,20260829,60,0,21.34736653639086,1118810888.6950917,87.42675767616784,437585.450356005,360,0.24351230026194468,1762.897621574501,0.24285210465602178,1215.5151398777916,0.0,0.00033901484300954304,718.2939192284568
0.6,0.25,Traffic,20260830,60,0,21.01446890190356,1101689957.8451438,86.18254113445848,431375.9368364225,360,0.24160613553366125,1749.3569912694143,0.23939594759571797,1198.2664912122846,0.0,0.0003363788326820408,718.2560614984873
0.6,0.25,Traffic,20260831,60,0,20.55013936218839,1077864157.2219326,84.65129896224501,423779.50874898134,360,0.23892199658156907,1730.337280241704,0.23514249711734725,1177.1653020805038,0.0,0.00033603182887590117,711.010017654621
0.6,0.25,Traffic,20260832,60,0,21.49865387063717,1127351132.255389,87.5466765861775,438224.9739344708,360,0.24437365441878578,1769.6132128043225,0.24318521273938193,1217.2915942624188,0.0,0.0003656389757945041,668.3468410001462
0.6,0.25,Traffic,20260833,60,0,21.28858690994483,1117596567.2358365,86.7350281934381,434365.882773532,360,0.24317681558638693,1761.9406655697674,0.24093063387066138,1206.5718965931444,0.0,0.00037381800722444277,650.521940855519
0.6,0.25,Traffic,20260834,60,0,20.20571136760419,1059188883.9894814,83.77501139978098,419266.40035219106,360,0.23691132522765296,1715.2817099284962,0.2327083649993916,1164.6288898671974,0.0,0.0003404556982498276,695.8653547158625
0.6,0.25,Traffic,20260835,60,0,21.396310468182794,1122295989.1211379,87.44932229378324,437744.428099165,360,0.24379129546592143,1765.6412032657788,0.24291478414939788,1215.9567447199026,0.0,0.0004052170665273939,601.6313615691219
0.6,0.25,Traffic,20260836,60,0,20.974315028547657,1101450468.7497804,85.82490997298758,429817.63975077245,360,0.24137519796037488,1749.166840360306,0.23840252770274328,1193.9378881965902,0.0,0.00037770868420849377,639.0512266515341
0.6,0.25,Traffic,20260837,60,1,20.91399316808291,1097907486.8053062,85.78185053426535,429588.47353841946,354,0.24306187843015803,1761.0887480607166,0.24232161167871566,1213.5267614079646,0.016666666666666666,0.0003670454648045163,662.2119103408883
0.6,0.25,Water,20260808,60,0,29.2446053178299,95853914.30209479,109.69210229829025,79642.65542996708,540,0.2327158707834509,421.31609120419665,0.20313352277461158,147.4863989443835,0.0,0.001177029519005285,197.71455772844214
0.6,0.25,Water,20260809,60,0,28.17819401715957,93660854.38127913,106.50101120733937,77743.14081944444,540,0.22843344932937848,416.46851817634234,0.19722409482840625,143.96877929526747,0.0,0.0010995676047372161,207.74843524420803
0.6,0.25,Water,20260810,60,0,28.150021735109597,93029065.79710786,108.07622739545387,78740.06735002752,540,0.22831922801164292,415.06149878352,0.20014116184343309,145.81493953708798,0.0,0.0012071533058403306,189.13855175395807
0.6,0.25,Water,20260811,60,0,29.665496896493874,98532952.16675642,111.22993255688972,81149.46065153154,540,0.23438452458274106,427.163235705553,0.2059813565868328,150.27677898431767,0.0,0.0011960714995495336,195.96196771766182
0.6,0.25,Water,20260812,60,0,30.825402916139073,101168939.56703739,114.39385091860005,83132.63700400313,540,0.23892274792143928,432.8393328789636,0.21184046466407416,153.94932778519097,0.0,0.0011840133398359767,201.7905878953506
0.6,0.25,Water,20260813,60,0,24.261577935813055,81048693.18600446,95.96258574127882,70099.36441555562,540,0.21196426120759942,387.41472941368005,0.17770849211347928,129.8136378065845,0.0,0.0010759025284180737,197.01065441239902
0.6,0.25,Water,20260814,60,0,29.342578599216946,97345280.32241563,110.02217764080213,80280.90471923295,540,0.23310535926286297,424.58101421766736,0.20374477340889283,148.66834207265362,0.0,0.0010993524648603944,212.0387834782949
0.6,0.25,Water,20260815,60,0,28.016785959519495,92332273.73670149,107.38358205563992,78120.93944604494,540,0.22777826270755763,413.50416213745996,0.1988584852882221,144.6684063815647,0.0,0.0011059224528908735,205.96223732699056
0.6,0.25,Water,20260816,60,0,27.82979396796506,93267686.58902356,105.20730987580457,77159.64155929726,540,0.22701686170025254,415.5934770034551,0.19482835162186032,142.88822510980975,0.0,0.0011946853495692646,190.02230317974676
0.6,0.25,Water,20260817,60,1,27.10791627380785,88482103.3903809,102.46699263785727,74238.1265294742,531,0.22594399700187298,408.2070100701324,0.19296985430858243,139.80814788978194,0.016666666666666666,0.0011258332015078823,200.6904723535026
0.6,0.25,Water,20260818,60,0,28.01766218329984,92605586.60776237,108.1007905402409,78795.67548692346,540,0.22778182455741153,414.11571698187424,0.20018664914859424,145.91791756837677,0.0,0.001113062372205603,204.64425915867366
0.6,0.25,Water,20260819,60,0,27.6993134928193,90594698.79267238,105.39050088427365,76421.21055087137,540,0.2264840501816903,409.59487390245874,0.19516759423013638,141.52076027939142,0.0,0.0011863468172711564,190.90880245512906
0.6,0.25,Water,20260820,60,0,28.875223448350848,97431737.70019019,107.82710728134934,79204.81033315104,540,0.23124151014786368,424.7695185500498,0.19967982829879508,146.67557469102044,0.0,0.0011325631530486918,204.1753782342255
0.6,0.25,Water,20260821,60,0,29.448562134079992,100188703.28113547,110.034549739989,81177.71030571651,540,0.23352596070323822,430.737316360919,0.20376768470368334,150.32909315873428,0.0,0.0012472311210593686,187.2355145411115
0.6,0.25,Water,20260822,60,0,28.342489875051925,95486501.36351672,107.53070467825083,79043.55333815348,540,0.22909843378165481,420.5078529312893,0.19913093458935338,146.37695062621015,0.0,0.001143490798501884,200.35004573871728
0.6,0.25,Water,20260823,60,0,28.55223479835568,95827326.34316057,107.43706537350027,79044.70707851216,540,0.22994457785702155,421.2576548225488,0.19895752846944495,146.37908718242994,0.0,0.0010980762386373366,209.40675134030081
0.6,0.25,Water,20260824,60,0,30.708427801287858,101582956.60311677,113.19147373707364,82484.99752885418,540,0.23846898937026131,433.72409006425744,0.20961384025384006,152.74999542380402,0.0,0.0011546195722259857,206.5346847624608
0.6,0.25,Water,20260825,60,0,29.39662979279608,96652908.1163606,110.9311777872872,80550.44923608964,540,0.2333199591119301,423.06839504050555,0.20542810701349482,149.16749858535118,0.0,0.0011181509799473082,208.66588081237927
0.6,0.25,Water,20260826,60,1,29.241705028724084,97352741.42392267,109.59548604190272,80112.46134694581,531,0.2346681153200827,428.18044804760746,0.20639451231996744,150.8709253238151,0.016666666666666666,0.0012258655136381696,191.43055474627545
0.6,0.25,Water,20260827,60,0,29.1406482435042,96652577.22987092,109.86897635154628,80088.76753933562,540,0.2323018799189896,423.06767086293723,0.2034610673176783,148.31253248025115,0.0,0.0011313146122564892,205.3380000596356
0.6,0.25,Water,20260828,60,0,30.389601234596118,100781714.28686303,113.41741280005532,82752.33622446205,540,0.23722782156257757,432.0101899665464,0.21003224592602837,153.24506708233713,0.0,0.001155310651642733,205.33682540298923
0.6,0.25,Water,20260829,60,0,30.362182574847377,103974699.7463383,113.12812662990378,83768.07404414429,540,0.23712077940892304,438.8003421500453,0.2094965307961181,155.12606304471166,0.0,0.0011846870488731248,200.15478318470056
0.6,0.25,Water,20260830,60,0,27.379163648912396,90478283.54501574,104.58219211178051,76155.96519767286,540,0.22517139006852832,409.3316222028471,0.19367072613292688,141.02956518087566,0.0,0.0011631064931538078,193.59481818209738
0.6,0.25,Water,20260831,60,0,27.586449251158776,89130717.55951196,106.15780912313664,76506.84227589049,540,0.22602216070946562,406.27193401644985,0.196588535413216,141.67933754794535,0.0,0.0011244801642571701,201.0014652937658
0.6,0.25,Water,20260832,60,0,27.111178529816456,89173422.59830233,104.52194936615058,75879.23948457219,540,0.2240667002620576,406.369250527933,0.19355916549287144,140.51711015661516,0.0,0.0012003012912170392,186.6753805078943
0.6,0.25,Water,20260833,60,0,29.44890974719961,97262629.17991965,109.56164279946586,79766.21071316076,540,0.23352733897847947,424.4007303985399,0.20289193111012196,147.71520502437178,0.0,0.0011212301128358817,208.27779802294845
0.6,0.25,Water,20260834,60,0,27.57967427140879,90198940.2833339,105.44872872985319,76459.22154158032,540,0.22599440451696862,408.69924712282807,0.1952754235738022,141.59115100292652,0.0,0.0010137016772545668,222.93975593394975
0.6,0.25,Water,20260835,60,0,30.363577125270275,100238260.46631461,112.5057480591801,81944.40259248899,540,0.23712622488514062,430.8438328106287,0.20834397788737058,151.74889368979441,0.0,0.001089748645947522,217.5971732260906
0.6,0.25,Water,20260836,60,0,29.147363209853744,97042223.16051841,110.23838894896143,80544.13827438587,540,0.23232864338425038,423.91959221959377,0.20414516472029895,149.1558116192331,0.0,0.001108661492135297,209.55778209341634
0.6,0.25,Water,20260837,60,0,30.071791840834727,98192390.77046025,111.62456905515407,80893.01298508255,540,0.23598411685737072,426.42439035078365,0.206712164916952,149.801875898301,0.0,0.0011893172176197808,198.41982724310796
0.6,0.5,Climate,20260808,60,0,63.33712491643688,2452888.5233570184,115.99897115642604,19878.22095923797,300,0.45948204504796075,90.42286811341879,0.3866632371880868,66.26073653079324,0.0,0.0019112351110496621,240.41105272266077
0.6,0.5,Climate,20260809,60,0,56.11413202082159,2174288.991807799,107.67791095069039,18458.767459294802,300,0.43248942962351344,85.13301341249858,0.35892636983563464,61.52922486431601,0.0,0.0020096781502706436,215.20332972982268
0.6,0.5,Climate,20260810,60,0,59.87398184376802,2324965.5131855244,112.93040236758266,19382.498258239597,300,0.4467437067035491,88.03343139939365,0.37643467455860885,64.60832752746532,0.0,0.0021192120578191745,210.8065141736129
0.6,0.5,Climate,20260811,60,0,56.83226438557019,2203340.2858018074,108.81517660989448,18651.076488948653,300,0.435248068674904,85.69986942428417,0.36271725536631494,62.17025496316217,0.0,0.00204771476015492,212.55307484425973
0.6,0.5,Climate,20260812,60,0,59.15574024333943,2293927.961797666,109.68302727445395,18809.415360963896,300,0.4440560784530839,87.44384792154078,0.3656100909148465,62.698051203212984,0.0,0.001965768494444359,225.89439179032124
0.6,0.5,Climate,20260813,60,0,56.939401029893446,2204973.1416141456,109.01372682986411,18683.55447549556,300,0.4356581267840394,85.73161885819695,0.3633790894328804,62.27851491831853,0.0,0.0020706926571289726,210.39246229234325
0.6,0.5,Climate,20260814,60,0,55.90987848552992,2170116.3700117623,107.10783568276534,18378.414319008578,300,0.43170158862162306,85.05128590075837,0.35702611894255115,61.261381063361924,0.0,0.0020076886952855116,215.02416666256676
0.6,0.5,Climate,20260815,60,0,51.78906362138324,2008886.5472739544,102.30882310460933,17542.003583173828,300,0.41548792048780125,81.8308529279341,0.34102941034869777,58.47334527724609,0.0,0.0017075389275458645,243.32559204665117
0.6,0.5,Climate,20260816,60,0,61.4318246335959,2377914.102157893,113.92596469062383,19516.61258307633,300,0.45251823032741234,89.0302215010516,0.37975321563541276,65.0553752769211,0.0,0.0018821492578466937,240.42632561730193
0.6,0.5,Climate,20260817,60,0,55.81926670708142,2165478.1234106324,107.77014093144187,18480.53094742338,300,0.4313516226432191,84.96034611139937,0.35923380310480624,61.6017698247446,0.0,0.0019305412780958812,223.4355864530734
0.6,0.5,Climate,20260818,60,0,58.16624275403061,2249566.8231689623,110.4533256174195,18924.17454397627,300,0.440326555918183,86.59420348516333,0.36817775205806497,63.080581813254234,0.0,0.002008796281276158,219.19920901010937
0.6,0.5,Climate,20260819,60,0,59.50480356077893,2306198.278044451,112.19107615540925,19240.305327329945,300,0.4453642837078389,87.67740640257045,0.3739702538513642,64.13435109109982,0.0,0.0019169204949070432,232.3332057281989
0.6,0.5,Climate,20260820,60,0,60.45463898425528,2343900.3352664034,113.32374915728927,19428.759109040195,300,0.4489047374230427,88.39118235183122,0.37774583052429755,64.76253036346732,0.0,0.0019648719375540695,228.46513752028673
0.6,0.5,Climate,20260821,60,0,57.98878196215286,2247055.1689909245,110.03143095866461,18868.998218224504,300,0.43965434135675596,86.54584852340645,0.36677143652888206,62.89666072741501,0.0,0.0021593348799337398,203.60637224099625
0.6,0.5,Climate,20260822,60,0,56.969510938596414,2211013.341898104,108.525131676752,18618.5522773891,300,0.4357733009206982,85.84896314454637,0.36175043892250663,62.06184092463033,0.0,0.0019865499826261595,219.36186088034844
0.6,0.5,Climate,20260823,60,0,57.36838221340124,2221695.6950354837,109.33938737028382,18740.032773492323,300,0.43729617047412783,86.05609982322547,0.3644646245676127,62.46677591164108,0.0,0.0019267314811630264,226.96269550241854
0.6,0.5,Climate,20260824,60,0,59.980078108808115,2324823.9621770624,112.55736584269391,19292.559466414306,300,0.44713934483114665,88.03075148638045,0.3751912194756464,64.30853155471435,0.0,0.0018990275101834358,235.45701283071745
0.6,0.5,Climate,20260825,60,0,56.7449924203547,2201036.9793892917,107.6615707223019,18461.929711028195,300,0.43491375551310824,85.65506366408025,0.358871902407673,61.539765703427314,0.0,0.0019442458044874457,223.69278334524319
0.6,0.5,Climate,20260826,60,0,56.57061437859873,2193791.173792372,107.57974359015893,18451.306060934923,300,0.434244993748148,85.51395936322078,0.3585991453005298,61.50435353644974,0.0,0.0019527758397547238,222.3731904644472
0.6,0.5,Climate,20260827,60,0,59.588060815368934,2307484.5272239572,111.21166869393936,19057.07825468542,300,0.44567574466708765,87.70185340542425,0.3707055623131312,63.52359418228473,0.0,0.00202844086959576,219.71345152195866
0.6,0.5,Climate,20260828,60,0,57.256644471622806,2222670.73271844,109.86427712546083,18847.28496562386,300,0.43687009690762313,86.07498151260214,0.36621425708486943,62.8242832187462,0.0,0.0020788312005199845,210.15178952401112
0.6,0.5,Climate,20260829,60,0,59.657152710672044,2311306.400998296,111.66821922213849,19146.22552164963,300,0.44593404860162916,87.77445340185446,0.3722273974071283,63.8207517388321,0.0,0.0020237615841009245,220.34910243626334
0.6,0.5,Climate,20260830,60,0,54.020726763991725,2093096.7242567083,104.03667525576023,17838.14592978348,300,0.4243454833190825,83.52837290918394,0.34678891751920077,59.4604864326116,0.0,0.0020331709408776986,208.7111687401439
0.6,0.5,Climate,20260831,60,0,56.565425330000735,2192332.833824365,108.32375100926687,18570.649094903725,300,0.43422507731206533,85.48553159890791,0.3610791700308896,61.90216364967908,0.0,0.001960268236521681,221.51309153616575
0.6,0.5,Climate,20260832,60,0,56.82823779279824,2202182.6026705774,107.93505522898877,18508.136214670776,300,0.4352326496361773,85.67735217412238,0.35978351742996256,61.69378738223592,0.0,0.0019778292920643106,220.0557203710508
0.6,0.5,Climate,20260833,60,0,53.19497006310046,2060535.6451631377,103.95928523513346,17821.5912405246,300,0.42108973732092014,82.87612533500702,0.3465309507837782,59.405304135082005,0.0,0.0019347915235803522,217.64088388277054
0.6,0.5,Climate,20260834,60,0,55.533166465279955,2153098.98101754,105.70977495403866,18123.63340549091,300,0.43024476160002983,84.71715648787912,0.3523659165134622,60.41211135163636,0.0,0.0018158898904734467,236.9332875617555
0.6,0.5,Climate,20260835,60,0,53.92375208749532,2091088.790624517,105.08345746307639,18014.881544000767,300,0.4239644328144179,83.48829839413659,0.35027819154358797,60.04960514666922,0.0,0.0018979840915947393,223.37617827881326
0.6,0.5,Climate,20260836,60,0,51.37298067435334,1989992.8703442258,101.78001232703473,17446.773435734245,300,0.4138155010563417,81.44513225364722,0.3392667077567824,58.155911452447484,0.0,0.001869431479715729,221.35900970238697
0.6,0.5,Climate,20260837,60,0,60.30315232511824,2336602.427556554,112.4621078318641,19268.70179539932,300,0.4483419540377569,88.25346881863537,0.37487369277288035,64.2290059846644,0.0,0.0018066885618901278,248.15674571421923
0.6,0.5,Traffic,20260808,60,0,85.86937789102981,4499933157.833846,175.37126229983014,877709.9084446732,360,0.4883912874911929,3535.507647752475,0.4871423952773059,2438.083079012981,0.0,0.00032956045147954094,1481.9475009777143
0.6,0.5,Traffic,20260809,60,0,83.68564501529741,4384907941.581216,172.71141972282453,864283.5102684004,360,0.4821411878718648,3490.028629929216,0.4797539436745126,2400.7875285233345,0.0,0.0003691014049071063,1306.2567128217997
0.6,0.5,Traffic,20260810,60,0,84.38989902953074,4428757169.044261,172.8854378327744,865736.244925162,360,0.4841656598656507,3507.4354231183174,0.4802373273132622,2404.8229025698947,0.0,0.0003327740852923344,1454.9379932644765
0.6,0.5,Traffic,20260811,60,0,82.98135165311871,4356596733.450176,171.54289925984017,859027.7494967356,360,0.4801080655352463,3478.743680255439,0.47650805349955605,2386.188193046488,0.0,0.00037485935810988805,1280.7685206420942
0.6,0.5,Traffic,20260812,60,0,86.0582084248181,4516253566.274668,175.5385325423173,878939.910655239,360,0.4889279895422516,3541.913154667603,0.4876070348397703,2441.4997518201085,0.0,0.00033455676078171894,1461.4201440731067
0.6,0.5,Traffic,20260813,60,0,86.60982823842869,4545226297.4888315,176.1267353934296,881930.720127909,360,0.490492462957238,3553.2560566522143,0.4892409316484156,2449.8075559108584,0.0,0.00037750158129928413,1299.3123400147413
0.6,0.5,Traffic,20260814,60,0,83.29948886603921,4369205323.6488285,171.45158407757285,858366.591146312,360,0.48102751384128867,3483.7740246146964,0.47625440021548016,2384.351642073089,0.0,0.0003294825968079903,1459.948168739282
0.6,0.5,Traffic,20260815,60,0,84.90710283656477,4463509031.081713,173.6818296404604,870093.0631931002,360,0.48564705644624484,3521.169720057413,0.48244952677905667,2416.9251755363894,0.0,0.0003301713228298871,1470.8941172836592
0.6,0.5,Traffic,20260816,60,0,82.45578964188809,4321023127.382489,170.53597534335498,853470.045123995,360,0.47858526943101354,3464.5118011787627,0.4737110426204305,2370.7501253444307,0.0,0.00029881656245983975,1601.6022187369024
0.6,0.5,Traffic,20260817,60,0,83.53114971578938,4386275625.547644,171.97572035279435,861209.8463871425,360,0.4816959325474404,3490.572869867433,0.47771033431331766,2392.249573297618,0.0,0.0002986462920444579,1612.9312346383756
0.6,0.5,Traffic,20260818,60,0,84.83643041575641,4453393854.376523,172.780008428368,865048.597230414,360,0.48544490022543124,3517.1776304843106,0.4799444678565778,2402.9127700844833,0.0,0.0003540227409127353,1371.225190149835
0.6,0.5,Traffic,20260819,60,0,85.76826673214015,4493003676.63319,175.076248852265,876156.7640169573,360,0.4881036625216573,3532.7844214479783,0.48632291347851386,2433.7687889359922,0.0,0.0003939781861089015,1238.9103755778451
0.6,0.5,Traffic,20260820,60,0,86.893180155469,4560186538.605877,176.50584372911405,883794.4839561223,360,0.4912941531061638,3559.0988788541363,0.4902940103586501,2454.984677655895,0.0,0.00037047769337393956,1326.109943710643
0.6,0.5,Traffic,20260821,60,0,84.6370880844054,4443007201.3770075,172.9325945390907,865929.6567563801,360,0.4848742336489759,3513.0736784889223,0.48036831816414083,2405.3601576566116,0.0,0.0003547120445352232,1366.9517038371318
0.6,0.5,Traffic,20260822,60,0,80.3877244103335,4214842964.2540817,168.10015725524428,841455.3765386812,360,0.47254548402576935,3421.680453070977,0.46694488126456746,2337.3760459407813,0.0,0.0003538298912464496,1335.5160084443855
0.6,0.5,Traffic,20260823,60,0,81.45350962767866,4277144397.556918,168.60759003317042,844278.1469522548,360,0.47566768753592464,3446.8763627203584,0.46835441675880674,2345.2170748673743,0.0,0.0003996658839812993,1190.1633504404433
0.6,0.5,Traffic,20260824,60,0,86.51472690073277,4536915919.952743,175.9152127633935,880643.2416282245,360,0.49022309802310293,3550.0062284580504,0.48865336878720417,2446.231226745068,0.0,0.0003217538664496901,1523.5966033053248
0.6,0.5,Traffic,20260825,60,0,85.28955793470053,4476784810.885778,174.65359676630567,874611.0857859555,360,0.4867396005129452,3526.402325823247,0.48514887990640465,2429.475238294321,0.0,0.0003309764446534943,1470.6170435256274
0.6,0.5,Traffic,20260826,60,0,81.42922314479127,4277084131.8485146,167.72276076031207,839968.8516404724,360,0.4755967688213505,3446.852079091118,0.4658965576675335,2333.246810112423,0.0,0.00030525121400473845,1558.0503762188732
0.6,0.5,Traffic,20260827,60,0,82.08407858328843,4308009780.89021,169.36113639771494,848047.795942375,360,0.4775053187117641,3459.2909440817693,0.47044760110476375,2355.6883220621526,0.0,0.00033092331685010643,1442.9485454724027
0.6,0.5,Traffic,20260828,60,0,84.58800657066898,4438378643.281275,173.8714842630979,870553.9960892885,360,0.48473362264085307,3511.2433075294293,0.48297634517527194,2418.2055446924683,0.0,0.0003397693260414941,1426.6550435505037
0.6,0.5,Traffic,20260829,60,0,85.58464872618835,4485689200.881763,175.08976953813294,876373.7287658837,360,0.4875809013389708,3529.907616387024,0.48636047093925816,2434.3714687941215,0.0,0.00033901484300954304,1438.2287719633732
0.6,0.5,Traffic,20260830,60,0,84.80453060268343,4446696165.5475235,173.24985450717878,867247.113541516,360,0.4853536242401096,3514.531802841961,0.48124959585327437,2409.0197598375444,0.0,0.0003363788326820408,1442.87802050519
0.6,0.5,Traffic,20260831,60,0,83.37482917918518,4372307502.234371,171.26390989444073,857291.3324748526,360,0.4812449976051271,3485.0105620094896,0.47573308304011314,2381.3648124301462,0.0,0.00033603182887590117,1432.1411135813987
0.6,0.5,Traffic,20260832,60,0,85.71913609401429,4496625715.877132,174.77380752047193,874938.3925578772,360,0.4879638422795914,3534.208113361123,0.4854827986679776,2430.3844237718813,0.0,0.0003656389757945041,1334.5509493873983
0.6,0.5,Traffic,20260833,60,0,85.28468244537468,4477805373.585204,173.59477973632139,869385.7697884798,360,0.4867256883313191,3526.804255974366,0.48220772148978164,2414.960471634666,0.0,0.00037381800722444277,1302.0391712673322
0.6,0.5,Traffic,20260834,60,0,81.34340905769173,4263280819.0818567,168.63198690241327,843928.5414399051,360,0.4753460992257575,3441.28562018206,0.46842218584003686,2344.2459484441806,0.0,0.0003404556982498276,1396.2054436725768
0.6,0.5,Traffic,20260835,60,0,85.93942814532876,4508589736.977468,175.27454472512187,877428.8608820146,360,0.4885904560437344,3538.9066645636426,0.48687373534756073,2437.3023913389293,0.0,0.0004052170665273939,1205.7499459014127
0.6,0.5,Traffic,20260836,60,1,84.56625784591486,4439595591.814973,172.33506230821564,862975.3056171472,354,0.48876142853953614,3541.3599768101844,0.4868222099102137,2437.783349200981,0.016666666666666666,0.00037770868420849377,1294.0169209076
0.6,0.5,Traffic,20260837,60,1,85.01045551728804,4464102127.457733,173.06316804430324,866751.9299513695,354,0.4900433957414927,3551.1206663768467,0.4888790057748679,2448.451779523643,0.016666666666666666,0.0003670454648045163,1335.1027126911472
0.6,0.5,Water,20260808,60,0,123.29409939161336,406062537.69424605,225.6839703593362,164225.6690681222,540,0.47783093901584633,867.1606900665827,0.4179332784432152,304.1216093854115,0.0,0.001177029519005285,405.9634285295277
0.6,0.5,Water,20260809,60,0,125.07721521625953,420199831.3933369,227.38558662591439,166875.74471380434,540,0.4812738021362713,882.1268819810372,0.4210844196776192,309.02915687741546,0.0,0.0010995676047372161,437.6936898311861
0.6,0.5,Water,20260810,60,0,124.23487943358772,411153314.2629154,227.86601454697472,166163.07878629625,540,0.4796504889434399,872.5795244061176,0.42197410101291616,307.7094051598079,0.0,0.0012071533058403306,397.3401610407245
0.6,0.5,Water,20260811,60,0,128.08283836439367,425635858.9251998,232.8264270160179,170022.2790767849,540,0.4870220132761391,887.8144815022927,0.4311600500296628,314.8560723644165,0.0,0.0011960714995495336,407.1846987906343
0.6,0.5,Water,20260812,60,0,130.26395915668814,428954274.4652193,235.28042556189166,171199.09705783462,540,0.49115125368247503,891.2686281521324,0.43570449178128084,317.03536492191597,0.0,0.0011840133398359767,414.8190203249864
0.6,0.5,Water,20260813,60,0,114.94559807797201,381816271.18710655,215.3297195036942,157004.3028173345,540,0.46136993688677974,840.8728612965292,0.39875873982165594,290.7487089209898,0.0,0.0010759025284180737,428.82131485009467
0.6,0.5,Water,20260814,60,0,126.94697834284892,419831775.5166796,232.14157783752006,169178.58840325123,540,0.4848577079218208,881.7404668930728,0.4298918108102223,313.29368222824303,0.0,0.0010993524648603944,441.03936036873523
0.6,0.5,Water,20260815,60,0,126.67120758928654,421571203.2799296,231.22650170722093,169052.2492093478,540,0.484330786085843,883.5651721754039,0.42819722538374244,313.05972075805147,0.0,0.0011059224528908735,437.94280947981997
0.6,0.5,Water,20260816,60,0,116.80885875380064,389031121.7409019,215.38367747296317,157493.5355517701,540,0.4650942930158648,848.7803032728153,0.39885866198696884,291.6546954662409,0.0,0.0011946853495692646,389.3027508737353
0.6,0.5,Water,20260817,60,0,116.00917446209557,381257157.0599558,214.73749995084643,156000.62513283922,540,0.4634995194813434,840.2569680361189,0.3976620369460119,288.89004654229484,0.0,0.0011258332015078823,411.69466210496927
0.6,0.5,Water,20260818,60,0,129.3859929677766,433308304.9479797,235.15582358921276,172380.2940971652,540,0.48949329993480784,895.7805461946041,0.43547374738743105,319.2227668466022,0.0,0.001113062372205603,439.7716715235338
0.6,0.5,Water,20260819,60,0,124.24494881668126,413133285.20522696,226.5139411414765,165476.80104592702,540,0.4796699266677136,874.6780203417362,0.4194702613731046,306.4385204554204,0.0,0.0011863468172711564,404.32521054092246
0.6,0.5,Water,20260820,60,0,121.51962739438935,409991422.17366356,221.18670076080082,162652.24129775906,540,0.4743799606082101,871.3457261016854,0.4096050014088904,301.20785425510934,0.0,0.0011325631530486918,418.85519525445415
0.6,0.5,Water,20260821,60,0,127.73890897222708,433391677.6197179,231.68034888466434,170913.40785351561,540,0.4863676954051881,895.8667204318148,0.42903768311974877,316.5063108398437,0.0,0.0012472311210593686,389.95795341610693
0.6,0.5,Water,20260822,60,0,127.18514038842271,431617517.7418034,231.23270156924735,170487.3954155936,540,0.4853123095042391,894.0311513151307,0.4282087066097173,315.71739891776593,0.0,0.001143490798501884,424.412955609314
0.6,0.5,Water,20260823,60,1,126.51131495323504,427170993.51499623,229.16232985227757,168707.2777780835,531,0.4881096843354598,896.919811277751,0.4315674761813137,317.7161540076902,0.016666666666666666,0.0010980762386373366,444.5134747120856
0.6,0.5,Water,20260824,60,0,127.44965029780866,422505708.3782372,231.177939153597,168685.73239212137,540,0.485816705066703,884.5439381275625,0.42810729472888337,312.38098591133587,0.0,0.0011546195722259857,420.7591112716886
0.6,0.5,Water,20260825,60,0,126.31615209112002,413174853.96621877,231.48832415833627,167813.0201884099,540,0.483651527619567,874.7220235343116,0.4286820817746968,310.76485220075904,0.0,0.0011181509799473082,432.5458156306929
0.6,0.5,Water,20260826,60,0,129.29926909939306,425951430.24058384,234.68983931589318,170708.46242536095,540,0.489329225496293,888.1435384497092,0.43461081354795034,316.12678226918695,0.0,0.0012258655136381696,399.1703984265316
0.6,0.5,Water,20260827,60,0,126.07237847240685,418711199.32779205,228.70002307054753,166990.36185534886,540,0.48318461020762465,880.5629505414599,0.4235185612417547,309.2414108432386,0.0,0.0011313146122564892,427.1001231424721
0.6,0.5,Water,20260828,60,0,130.64946267876573,434083964.4967344,234.6529400459076,171459.16079411015,540,0.491877473976113,896.5819502490953,0.43454248156649555,317.51696443353734,0.0,0.001155310651642733,425.75343114573883
0.6,0.5,Water,20260829,60,0,131.4755587829522,447339099.2269328,237.09573451819602,175157.2040072744,540,0.4934300933318387,910.167973128661,0.4390661750336963,324.3651926060637,0.0,0.0011846870488731248,416.50670006158145
0.6,0.5,Water,20260830,60,0,124.94505845757166,412401982.9665384,227.83244524066745,165888.60461906024,540,0.48101947765593855,873.9035277786445,0.42191193563086565,307.20111966492635,0.0,0.0011631064931538078,413.5644332546333
0.6,0.5,Water,20260831,60,1,119.47419226290585,387541021.22685987,220.11739591916637,159056.06701847396,531,0.4743400455768668,854.30230696692,0.41453370229598185,299.5406158539999,0.016666666666666666,0.0011244801642571701,421.8305139159259
0.6,0.5,Water,20260832,60,0,122.00918924026593,397639805.62524104,222.8649806423061,161353.02792184346,540,0.4753345590608046,858.120044292821,0.41271292711538166,298.80190355896934,0.0,0.0012003012912170392,396.01270325956375
0.6,0.5,Water,20260833,60,0,123.66819490850762,408456698.0877383,225.83508796658128,164467.81127716528,540,0.47855530062522095,869.7133394142411,0.4182131258640394,304.5700208836394,0.0,0.0011212301128358817,426.8127435632553
0.6,0.5,Water,20260834,60,0,124.06145615443945,408857732.9619459,228.52183687445944,166237.60494384766,540,0.4793155926141315,870.1401898139917,0.4231885868045545,307.84741656268085,0.0,0.0010137016772545668,472.83693355650126
0.6,0.5,Water,20260835,60,0,128.95857669206399,428902136.1814603,233.666213488095,170716.27368554173,540,0.4886841301488905,891.2144608066301,0.4327152101631389,316.14124756581805,0.0,0.001089748645947522,448.4374740598885
0.6,0.5,Water,20260836,60,0,131.09139372748442,440327996.601466,236.60354849454927,173698.8663795076,540,0.49270867684269803,903.0073177602941,0.4381547194343505,321.66456736945855,0.0,0.001108661492135297,444.4175975605813
0.6,0.5,Water,20260837,60,0,126.10505400376587,411703888.10239995,229.03333055309807,165992.02646275412,540,0.4832472222214543,873.1635629119191,0.42413579732055195,307.39264159769283,0.0,0.0011893172176197808,406.323237452656
0.6,1.0,Climate,20260808,60,0,279.3478378024854,10819770.186367929,245.35097129156617,42044.74377958077,300,0.9649660405121094,189.91024359214126,0.8178365709718872,140.1491459319359,0.0,0.0019112351110496621,504.8913317536031
0.6,1.0,Climate,20260809,60,0,273.72005543364037,10598194.568297474,242.42641267063107,41544.850939205084,300,0.9551964116237044,187.9556203673044,0.8080880422354368,138.48283646401694,0.0,0.0020096781502706436,475.2982021002059
0.6,1.0,Climate,20260810,60,0,275.04111015230643,10669849.670138184,243.49088715142886,41770.91903680086,300,0.9574986686714965,188.58994025962065,0.8116362905047629,139.2363967893362,0.0,0.0021192120578191745,451.81824307702044
0.6,1.0,Climate,20260811,60,0,268.45524536984345,10409511.199605549,239.105963795494,40990.04121573213,300,0.945965547945314,186.27498668729473,0.7970198793183133,136.63347071910712,0.0,0.00204771476015492,461.9615809546379
0.6,1.0,Climate,20260812,60,0,267.6897920238903,10374477.655942956,238.67254854004068,40914.29635346632,300,0.9446159572790949,185.96126528521071,0.7955751618001355,136.38098784488773,0.0,0.001965768494444359,480.5326567949186
0.6,1.0,Climate,20260813,60,0,269.5038070312544,10437516.552310247,240.04522709751825,41144.05758340214,300,0.9478111749908389,186.5253919471399,0.8001507569917276,137.14685861134046,0.0,0.0020706926571289726,457.72663158277896
0.6,1.0,Climate,20260814,60,0,261.2566600239122,10131545.622321166,235.53164900955474,40398.11457096506,300,0.9331964066653068,183.77110420594025,0.7851054966985158,134.66038190321686,0.0,0.0020076886952855116,464.81130707995436
0.6,1.0,Climate,20260815,60,0,259.37841456803926,10058088.287055094,235.17134134081098,40324.28540362156,300,0.9298358539155164,183.10368908585735,0.7839044711360366,134.41428467873854,0.0,0.0017075389275458645,544.5473827363394
0.6,1.0,Climate,20260816,60,0,281.2350938830804,10889434.138818892,246.0555357971175,42157.16526733645,300,0.9682201779262821,190.5206387666779,0.820185119323725,140.52388422445483,0.0,0.0018821492578466937,514.4226335343837
0.6,1.0,Climate,20260817,60,0,267.3125625358279,10372270.15044981,238.902672738372,40977.38638696103,300,0.9439501444035201,185.94147959729884,0.79634224246124,136.59128795653677,0.0,0.0019305412780958812,488.9562088693337
0.6,1.0,Climate,20260818,60,0,273.2903512587189,10573900.232255833,242.61418386263622,41566.527935498474,300,0.9544463513100477,187.74007059634192,0.8087139462087874,138.55509311832824,0.0,0.002008796281276158,475.13347182408285
0.6,1.0,Climate,20260819,60,0,266.644713607445,10333745.250672614,237.36547418576419,40698.1860647669,300,0.9427702328907169,185.59584451771016,0.7912182472858806,135.66062021588968,0.0,0.0019169204949070432,491.814989403843
0.6,1.0,Climate,20260820,60,0,275.2057796176087,10669028.81735102,242.4315277091954,41559.177696832405,300,0.9577852571037844,188.582685820226,0.8081050923639846,138.53059232277468,0.0,0.0019648719375540695,487.45429093769013
0.6,1.0,Climate,20260821,60,0,274.2648136288176,10629778.988605952,242.61834352963584,41600.96236846553,300,0.9561464560564934,188.23548185367844,0.8087278117654528,138.66987456155178,0.0,0.0021593348799337398,442.7967449337146
0.6,1.0,Climate,20260822,60,0,265.97918044550363,10321224.943179743,235.80619631806073,40447.68383332573,300,0.941592941855279,185.4833770016399,0.7860206543935357,134.82561277775244,0.0,0.0019865499826261595,473.98401756321346
0.6,1.0,Climate,20260823,60,0,267.57534216439984,10365517.06665127,238.1881095780914,40829.024805864334,300,0.944414002021712,185.88093919362532,0.7939603652603047,136.09674935288112,0.0,0.0019267314811630264,490.16378839237035
0.6,1.0,Climate,20260824,60,0,268.47174806917025,10406272.203209111,239.0875215514645,40983.473535000376,300,0.945994623080509,186.24600401269564,0.7969584051715484,136.61157845000125,0.0,0.0018990275101834358,498.14687676069053
0.6,1.0,Climate,20260825,60,0,267.0296849123557,10350312.47515928,238.37979213831505,40860.27600770399,300,0.9434505549883642,185.74456003841476,0.7945993071277169,136.20092002567998,0.0,0.0019442458044874457,485.25271486291444
0.6,1.0,Climate,20260826,60,0,268.98699102598584,10422709.992546355,239.64660028606954,41086.09029969308,300,0.9469019502672664,186.39304343730532,0.7988220009535651,136.95363433231026,0.0,0.0019527758397547238,484.9004842185066
0.6,1.0,Climate,20260827,60,0,266.8911179579483,10334838.202317096,236.57197322325854,40541.53436634116,300,0.9432057357012985,185.6056590580964,0.7885732440775285,135.13844788780386,0.0,0.00202844086959576,464.9905007530569
0.6,1.0,Climate,20260828,60,0,269.80685196807605,10471423.029778866,239.1590693310672,41020.0913228333,300,0.9483439108397966,186.8281119976226,0.797196897770224,136.73363774277766,0.0,0.0020788312005199845,456.19091660861375
0.6,1.0,Climate,20260829,60,0,269.98659349377806,10457132.593578216,239.22758920414526,41009.83898194843,300,0.9486597449275093,186.70058555146719,0.7974252973471508,136.69946327316143,0.0,0.0020237615841009245,468.7606249571935
0.6,1.0,Climate,20260830,60,0,259.88753568374625,10071244.889580593,233.6315191948962,40056.311398164595,300,0.9307479710493531,183.22340543337245,0.778771730649654,133.52103799388198,0.0,0.0020331709408776986,457.78146457649007
0.6,1.0,Climate,20260831,60,0,265.6851714083565,10297801.581660004,237.33478387682632,40688.95139543672,300,0.941072387241202,185.2727861079441,0.7911159462560877,135.62983798478908,0.0,0.001960268236521681,480.0732724777758
0.6,1.0,Climate,20260832,60,0,264.1519179581059,10234629.31586395,235.07056781444257,40305.022240594895,300,0.9383530216254895,184.70363031862647,0.7835685593814752,134.3500741353163,0.0,0.0019778292920643106,474.43579958617494
0.6,1.0,Climate,20260833,60,0,261.19463816243046,10120913.468681548,235.15813984265358,40311.828364892695,300,0.9330856305156393,183.67465320217292,0.7838604661421786,134.372761216309,0.0,0.0019347915235803522,482.2667554326238
0.6,1.0,Climate,20260834,60,0,266.50842708807096,10329772.116012335,238.34745312486177,40858.039281074496,300,0.9425292693741151,185.56016199615993,0.7944915104162059,136.1934642702483,0.0,0.0018158898904734467,519.0453861320715
0.6,1.0,Climate,20260835,60,0,259.8397833017777,10077435.456675809,233.75888581857828,40083.871169217455,300,0.9306624581479183,183.27970843018247,0.7791962860619276,133.6129038973915,0.0,0.0018979840915947393,490.3426020636188
0.6,1.0,Climate,20260836,60,0,261.61062047352254,10137019.787167046,236.16894963372715,40488.66733074959,300,0.9338283576645167,183.8207440884284,0.7872298321124238,134.96222443583196,0.0,0.001869431479715729,499.52531975470816
0.6,1.0,Climate,20260837,60,0,275.0019643523855,10659054.380149407,243.7841501322136,41773.599715069846,300,0.9574305272488192,188.49451256512666,0.8126138337740453,139.24533238356616,0.0,0.0018066885618901278,529.9366738931313
0.6,1.0,Traffic,20260808,60,0,343.7749788881301,18015650176.52741,350.90112990896506,1756226.9057059325,360,0.9772054527638865,7074.141128969377,0.9747253608582362,4878.408071405368,0.0,0.00032956045147954094,2965.178158898569
0.6,1.0,Traffic,20260809,60,0,334.7492659404092,17540731176.126247,345.4264283680411,1728614.2758248923,360,0.9642920055961743,6980.27601653526,0.959517856577892,4801.706321735812,0.0,0.0003691014049071063,2612.5395156349045
0.6,1.0,Traffic,20260810,60,0,337.65577401427527,17721205497.397953,345.8198683958502,1731747.0899949577,360,0.968469258983066,7016.093701348737,0.9606107455440284,4810.408583319327,0.0,0.0003327740852923344,2910.290499731336
0.6,1.0,Traffic,20260811,60,0,332.0849961370906,17433620445.466904,343.1672135870898,1718428.7563279076,360,0.9604469389836325,6958.93120095538,0.9532422599641384,4773.413212021966,0.0,0.00037485935810988805,2562.1527599748024
0.6,1.0,Traffic,20260812,60,0,344.2901326225781,18067267318.35083,351.10624574425606,1757988.331160287,360,0.9779373597051916,7084.268039966136,0.975295127067378,4883.300919889686,0.0,0.00033455676078171894,2923.0835372155143
0.6,1.0,Traffic,20260813,60,0,346.43146054749855,18180897635.13482,352.25007572892133,1763857.6940330823,360,0.9809738083312625,7106.510636798488,0.978472432580337,4899.604705647451,0.0,0.00037750158129928413,2598.595229601288
0.6,1.0,Traffic,20260814,60,0,331.91848480069416,17407126356.737957,342.14495507744135,1712844.2498329077,360,0.9602061190770653,6953.641403517768,0.9504026529928926,4757.900693980299,0.0,0.0003294825968079903,2914.28478584147
0.6,1.0,Traffic,20260815,60,0,340.0587639081097,17876504396.600197,347.61057349465045,1741420.2743558157,360,0.9719092949048933,7046.769235417232,0.965584926374029,4837.278539877266,0.0,0.0003301713228298871,2943.651455173914
0.6,1.0,Traffic,20260816,60,0,332.07671270207317,17398934676.53445,342.65039204200457,1714766.3791762306,360,0.9604349603493796,6952.00504181956,0.9518066445611238,4763.239942156196,0.0,0.00029881656245983975,3214.1289373090217
0.6,1.0,Traffic,20260817,60,0,334.4600480901938,17562155158.544624,344.1291561836607,1723278.1935031295,360,0.9638753493784491,6984.537517208324,0.9559143227323909,4786.883870842026,0.0,0.0002986462920444579,3227.4813887023315
0.6,1.0,Traffic,20260818,60,0,339.47685195486537,17819984574.847588,345.612572131802,1730336.6879269432,360,0.9710773684059276,7035.620594684908,0.9600349225883389,4806.490799797064,0.0,0.0003540227409127353,2742.980199244582
0.6,1.0,Traffic,20260819,60,0,343.04113653016867,17972856637.876743,350.1358297947082,1752318.099506089,360,0.9761618953417179,7065.734340596159,0.9725995272075227,4867.550276405803,0.0,0.0003939781861089015,2477.7054409603584
0.6,1.0,Traffic,20260820,60,0,348.21809571055275,18274246417.774395,353.3637628147908,1769335.843048245,360,0.9835001210395802,7124.731265453376,0.9815660078188633,4914.821786245125,0.0,0.00037047769337393956,2654.681074271562
0.6,1.0,Traffic,20260821,60,0,338.5421923792729,17774574779.853775,345.8634484912445,1731948.265688302,360,0.96973964486934,7026.650612697856,0.9607318013645681,4810.967404689728,0.0,0.0003547120445352232,2733.878535587883
0.6,1.0,Traffic,20260822,60,0,324.458495709119,17011834097.511187,337.929905699009,1691601.4223975327,360,0.9493543064588674,6874.234118453404,0.9386941824972472,4698.8928399931465,0.0,0.0003538298912464496,2683.08113572469
0.6,1.0,Traffic,20260823,60,0,325.8152083035815,17107711509.301891,337.2157183359157,1688537.6381207553,360,0.9513370828931912,6893.578233339484,0.936710328710877,4690.382328113209,0.0,0.0003996658839812993,2380.330974003538
0.6,1.0,Traffic,20260824,60,0,346.0710680784835,18149902917.262375,351.8352798881774,1761361.210797348,360,0.980463422285723,7100.4504781313335,0.977320221911604,4892.670029992633,0.0,0.0003217538664496901,3047.2467451732387
0.6,1.0,Traffic,20260825,60,0,341.15273485018133,17910741212.166233,349.30459767144475,1749332.1455862592,360,0.9734713584358546,7053.513941482216,0.9702905490873466,4859.255959961831,0.0,0.0003309764446534943,2941.2103917395116
0.6,1.0,Traffic,20260826,60,0,329.02246271006925,17283463334.548668,337.3418569112547,1689490.8506913772,360,0.9560079943733462,6928.897486162305,0.9370607136423742,4693.030140809381,0.0,0.00030525121400473845,3131.872865732504
0.6,1.0,Traffic,20260827,60,0,328.3436311254253,17230759764.565907,338.7324458431404,1696072.2859629472,360,0.9550212783048713,6918.3250551154815,0.94092346067539,4711.311905452631,0.0,0.00033092331685010643,2885.929246071994
0.6,1.0,Traffic,20260828,60,0,342.0748987557406,17951188145.238846,349.9720793300444,1752341.679758114,360,0.9747861571130765,7061.473749476971,0.9721446648056788,4867.615777105872,0.0,0.0003397693260414941,2868.9645662540806
0.6,1.0,Traffic,20260829,60,0,343.80792712925285,18016143550.114777,350.99742441966004,1756724.6308227216,360,0.977252280531225,7074.237993930036,0.9749928456101667,4879.790641174227,0.0,0.00033901484300954304,2882.6238752729655
0.6,1.0,Traffic,20260830,60,0,338.39724767277573,17745749563.618057,346.014770629279,1732155.718066328,360,0.9695320286852824,7020.950703987883,0.961152140636886,4811.543661295355,0.0,0.0003363788326820408,2882.2623021637164
0.6,1.0,Traffic,20260831,60,0,336.0174030457584,17620957071.727184,343.86447942468044,1721266.5997722498,360,0.9661168020105575,6996.220620950998,0.9551791095130012,4781.296110478472,0.0,0.00033603182887590117,2875.0752726086284
0.6,1.0,Traffic,20260832,60,0,339.10861981525886,17784758419.05671,347.2823592978937,1738479.5177712182,360,0.9705505594123982,7028.663224227063,0.964673220271927,4829.109771586717,0.0,0.0003656389757945041,2654.395793838635
0.6,1.0,Traffic,20260833,60,0,341.1310389238423,17911566499.168465,347.18645200707505,1738768.6554489424,360,0.9734404035342356,7053.676444704496,0.964406811130764,4829.912931802618,0.0,0.00037381800722444277,2604.0489883350524
0.6,1.0,Traffic,20260834,60,0,327.60746179904106,17171373995.622225,338.5058368258219,1694066.9227121703,360,0.9539500653700688,6906.392770394008,0.9402939911828386,4705.741451978251,0.0,0.0003404556982498276,2801.98002346272
0.6,1.0,Traffic,20260835,60,0,343.7585658397701,18034878561.317642,350.54963212167513,1754881.5698383616,360,0.9771821248418702,7077.915292835102,0.9737489781157642,4874.671027328782,0.0,0.0004052170665273939,2411.502884654069
0.6,1.0,Traffic,20260836,60,1,338.29977510715963,17758325891.689404,344.6872971479535,1725974.9494273234,354,0.9775730572308213,7082.70869130605,0.9736929297964787,4875.63545035967,0.016666666666666666,0.00037770868420849377,2588.1667488778326
0.6,1.0,Traffic,20260837,60,1,340.83584057966954,17896485062.052086,346.5231494304872,1735475.732007664,354,0.9812304056551231,7110.206927239863,0.9788789531934666,4902.4738192306895,0.016666666666666666,0.0003670454648045163,2673.321154309082
0.6,1.0,Water,20260808,60,0,496.50502330734673,1638285792.3222458,452.98537032197595,329888.0524866449,540,0.9588815082508667,1741.7986618362438,0.838861796892548,610.9038009011942,0.0,0.001177029519005285,814.6622431875995
0.6,1.0,Water,20260809,60,0,504.8637185719898,1693635191.708028,457.2116811196538,335385.0770020676,540,0.9669192376669065,1770.97754534776,0.8466882983697293,621.0834759297547,0.0,0.0010995676047372161,879.363154662954
0.6,1.0,Water,20260810,60,0,502.67530710939593,1664170323.6367316,459.2777970161224,334924.3268229532,540,0.964821329755273,1755.5047409857875,0.8505144389187452,620.2302348573207,0.0,0.0012071533058403306,799.2533550522285
0.6,1.0,Water,20260811,60,0,516.5797045232076,1719916978.2772667,468.51893473867955,342506.92892062204,540,0.9780741702194085,1784.6656385032456,0.8676276569234807,634.2720905937446,0.0,0.0011960714995495336,817.7388814864097
0.6,1.0,Water,20260812,60,0,525.302308078881,1727125019.567002,473.0563853895462,343964.44581913063,540,0.9862971418380607,1788.4014274946267,0.8760303433139744,636.971195961353,0.0,0.0011840133398359767,833.011849321473
0.6,1.0,Water,20260813,60,0,460.7708956035929,1515647440.2508342,427.9394507691532,311015.52354918106,540,0.9237312576193089,1675.3371359171342,0.7924804643873208,575.9546732392242,0.0,0.0010759025284180737,858.5640736224442
0.6,1.0,Water,20260814,60,0,514.9252849034858,1705591865.681117,468.45947530115444,341583.58699602657,540,0.9765067037219266,1777.2178974354922,0.8675175468539897,632.56219814079,0.0,0.0010993524648603944,888.2562553274779
0.6,1.0,Water,20260815,60,0,510.67436634077336,1693296678.1251323,465.3208874516099,339705.7806101101,540,0.9724676195130778,1770.8005503502125,0.8617053471326109,629.0847789076113,0.0,0.0011059224528908735,879.327132721697
0.6,1.0,Water,20260816,60,0,498.6642614474856,1661333673.7286515,454.048036593823,332089.3139246613,540,0.9609642740569819,1754.0079361959122,0.8408296973959685,614.980210971595,0.0,0.0011946853495692646,804.3659984643243
0.6,1.0,Water,20260817,60,0,465.9499638349789,1528968589.7479694,430.30195868945833,312384.75591170805,540,0.9289081243040719,1682.6833672286928,0.7968554790545525,578.4902887253853,0.0,0.0011258332015078823,825.085033075895
0.6,1.0,Water,20260818,60,0,524.4251525526681,1758853803.6401434,473.6087132703893,347384.30335700716,540,0.9854733329280648,1804.7539093759217,0.8770531727229431,643.3042654759391,0.0,0.001113062372205603,885.3711683517676
0.6,1.0,Water,20260819,60,0,501.939097731803,1663643491.517912,455.55369954446127,332303.53346108674,540,0.9641145407323173,1755.2268459058862,0.8436179621193727,615.3769138168273,0.0,0.0011863468172711564,812.675118857722
0.6,1.0,Water,20260820,60,0,497.32490959516656,1666522236.4327614,451.5290413166829,330951.94582737307,540,0.9596728894815483,1756.744799249538,0.8361648913271905,612.8739737543946,0.0,0.0011325631530486918,847.3460282530394
0.6,1.0,Water,20260821,60,0,516.7624577884511,1754632933.0059433,466.2177108762522,344006.39817801904,540,0.9782471642806114,1802.5870981196172,0.863366131252319,637.0488855148501,0.0,0.0012472311210593686,784.335114609481
0.6,1.0,Water,20260822,60,0,507.2073923094179,1714818856.0315223,461.6045825525831,339883.8830366052,540,0.9691609508854266,1782.0186514547058,0.8548233010233021,629.4145982159356,0.0,0.001143490798501884,847.5459113052319
0.6,1.0,Water,20260823,60,1,511.2945836718573,1733165434.1855817,460.5380196071804,339626.9093985707,531,0.981269579719352,1806.6446900625033,0.8673032384316015,639.5986994323366,0.016666666666666666,0.0010980762386373366,893.6260937009835
0.6,1.0,Water,20260824,60,0,517.1067630366014,1728233541.3668814,467.8452016827895,342708.68056259817,540,0.9785730002071623,1788.9752608721965,0.8663800031162768,634.6457047455522,0.0,0.0011546195722259857,847.528505272586
0.6,1.0,Water,20260825,60,0,514.6095519587926,1689960822.602389,468.17186991397256,340075.3289889442,540,0.9762072791039523,1769.0554199609783,0.8669849442851344,629.7691277573041,0.0,0.0011181509799473082,873.0549779153752
0.6,1.0,Water,20260826,60,1,518.5425011989166,1713725218.708179,467.00307861307965,340290.4308085076,531,0.9882001569927247,1796.4839161105863,0.8794784907967602,640.8482689425755,0.016666666666666666,0.0012258655136381696,806.1244451358349
0.6,1.0,Water,20260827,60,0,508.0718214332547,1686088625.642742,460.23270987488746,335932.42045545805,540,0.9699864655730595,1767.0275447153774,0.8522827960646064,622.0970749175149,0.0,0.0011313146122564892,857.3976284442671
0.6,1.0,Water,20260828,60,0,522.8042714897683,1734552680.005213,469.4041130730075,342760.35601773555,540,0.9839492153126531,1792.2428944209114,0.8692668760611251,634.7414000328437,0.0,0.001155310651642733,851.6750139138582
0.6,1.0,Water,20260829,60,0,529.5405507959664,1798340865.2819831,476.0608944797842,351392.73212586786,540,0.9902679685934308,1824.900233336963,0.8815942490366374,650.7272817145702,0.0,0.0011846870488731248,835.8899251370854
0.6,1.0,Water,20260830,60,0,505.83702528159154,1676586998.0922873,458.17940904512614,334277.83340302535,540,0.9678508314833166,1762.041638897316,0.8484803871206039,619.0330248204173,0.0,0.0011631064931538078,832.125722949884
0.6,1.0,Water,20260831,60,0,500.8253610223374,1622182454.1654305,457.8509407085073,330595.3788717802,540,0.963044325181135,1733.2171190557272,0.8478721124231617,612.2136645773707,0.0,0.0011244801642571701,856.4351384689126
0.6,1.0,Water,20260832,60,0,496.0044442230213,1620217190.1536572,450.67396904676684,326636.90182862064,540,0.9583980115594724,1732.1669099680475,0.8345814241606794,604.8831515344826,0.0,0.0012003012912170392,798.464534340132
0.6,1.0,Water,20260833,60,0,498.8313710637311,1652601264.2608142,453.89252898249504,331041.70230208285,540,0.9611252770925176,1749.3920977282653,0.8405417203379538,613.0401894483016,0.0,0.0011212301128358817,857.2060865022459
0.6,1.0,Water,20260834,60,0,499.2130991972318,1651507550.3671584,458.7041123748533,334395.5708263452,540,0.961492954845274,1748.8131162290433,0.8494520599534321,619.2510570858244,0.0,0.0010137016772545668,948.4969556815857
0.6,1.0,Water,20260835,60,0,517.248028757287,1721262401.8287907,468.0331420185897,342049.97356083785,540,0.9787066567265709,1785.36353898852,0.8667280407751661,633.4258769645146,0.0,0.001089748645947522,898.1031179677203
0.6,1.0,Water,20260836,60,0,527.6295091407949,1776293309.7556295,475.03808721403914,349134.0313153103,540,0.9884794806135657,1813.6791488857718,0.8797001615074799,646.5445024357598,0.0,0.001108661492135297,891.5971986270947
0.6,1.0,Water,20260837,60,0,510.3959687459318,1667580443.3929715,461.1153143207759,334333.8319080285,540,0.9722025097169178,1757.3024589435952,0.8539172487421776,619.1367257556084,0.0,0.0011893172176197808,817.4459221759341
0.6,2.0,Climate,20260808,60,0,1135.9141001547239,43999379.510898344,495.3054508548243,84882.30206220577,300,1.945862362514132,382.9681427608061,1.651018169516081,282.9410068740192,0.0,0.0019112351110496621,1018.1177351045275
0.6,2.0,Climate,20260809,60,0,1111.5464289511826,43037122.80726122,489.5400119773946,83888.06464693554,300,1.9248778566887326,378.75727850987107,1.6318000399246486,279.6268821564518,0.0,0.0020096781502706436,957.8040426172266
0.6,2.0,Climate,20260810,60,0,1115.1492407838873,43239599.06762536,491.17704604859875,84241.41970010572,300,1.927994848526907,379.6472005587352,1.637256820161996,280.8047323336857,0.0,0.0021192120578191745,909.7696671804312
0.6,2.0,Climate,20260811,60,0,1092.6010238649349,42375405.4647594,482.76111243872873,82767.52411635254,300,1.9084033674470176,375.834207529328,1.6092037081290957,275.89174705450847,0.0,0.00204771476015492,931.9673836323948
0.6,2.0,Climate,20260812,60,0,1079.6339275426824,41836445.57551564,480.1563416460427,82303.3512287311,300,1.8970450069715288,373.4364987317819,1.6005211388201424,274.34450409577033,0.0,0.001965768494444359,965.0398876230564
0.6,2.0,Climate,20260813,60,0,1094.3952074523436,42382552.70395741,484.8021387282392,83095.56216471708,300,1.909969639769477,375.8659011933086,1.6160071290941307,276.9852072157236,0.0,0.0020706926571289726,922.3820025602741
0.6,2.0,Climate,20260814,60,0,1072.177636897225,41575607.442177035,478.3352263922318,82037.2889065592,300,1.8904828632717312,372.2705442827704,1.5944507546407727,273.4576296885307,0.0,0.0020076886952855116,941.62151119892
0.6,2.0,Climate,20260815,60,0,1081.4081502641395,41939201.26166487,481.89504274963434,82636.26736103736,300,1.8986031270947066,373.89482149246584,1.6063168091654478,275.4542245367912,0.0,0.0017075389275458645,1111.8944912274687
0.6,2.0,Climate,20260816,60,0,1140.256570687653,44150880.47237487,495.9017634306955,84962.73343145994,300,1.9495782199300211,383.6269041328865,1.6530058781023182,283.2091114381998,0.0,0.0018821492578466937,1035.8255126697395
0.6,2.0,Climate,20260817,60,0,1093.9801733161862,42450428.24740205,484.41946290488795,83094.27028486808,300,1.909607440737656,376.1667548991274,1.6147315430162932,276.98090094956024,0.0,0.0019305412780958812,989.1564932613757
0.6,2.0,Climate,20260818,60,0,1115.4643284283513,43166199.60389963,490.6361315977644,84062.00228317555,300,1.9282672086862092,379.32483706316776,1.635453771992548,280.2066742772518,0.0,0.002008796281276158,959.9117773461877
0.6,2.0,Climate,20260819,60,0,1084.653437534616,42039376.74096156,479.69400323404335,82247.05840287464,300,1.9014498306420602,374.34109553080754,1.5989800107801444,274.1568613429155,0.0,0.0019169204949070432,991.9294178834823
0.6,2.0,Climate,20260820,60,0,1137.4677390996167,44095773.07871793,495.14965436734605,84886.44903740418,300,1.947192627947234,383.3874153677884,1.6504988478911535,282.9548301246806,0.0,0.0019648719375540695,991.0023094793429
0.6,2.0,Climate,20260821,60,0,1105.3383670594155,42829881.527835,487.1075108624599,83512.97460600069,300,1.9194950438934155,377.8442427237049,1.6236917028748663,278.3765820200023,0.0,0.0021593348799337398,888.9288371761569
0.6,2.0,Climate,20260822,60,0,1076.64593909082,41770210.815781675,475.0883615832085,81482.26036758059,300,1.8944180628808944,373.14077243395093,1.5836278719440282,271.60753455860197,0.0,0.0019865499826261595,953.6221486743216
0.6,2.0,Climate,20260823,60,0,1099.6473438769099,42595988.28869821,483.3823250543423,82851.93841985764,300,1.91454724315081,376.81112991655914,1.6112744168478077,276.17312806619213,0.0,0.0019267314811630264,993.676213768583
0.6,2.0,Climate,20260824,60,0,1130.5652677997755,43820639.078403555,495.656232099238,84971.92820136533,300,1.9412755839050566,382.18947778296024,1.6521874403307935,283.23976067121777,0.0,0.0018990275101834358,1022.2472152167716
0.6,2.0,Climate,20260825,60,0,1086.2290459357548,42098516.57961852,479.28756458667306,82147.41020851031,300,1.9028303882512798,374.6043093702052,1.59762521528891,273.8247006950344,0.0,0.0019442458044874457,978.6984669630885
0.6,2.0,Climate,20260826,60,0,1108.8440721595307,42964193.289349586,487.25976026268495,83534.30478357618,300,1.9225365814981092,378.436226636887,1.6241992008756165,278.4476826119206,0.0,0.0019527758397547238,984.5147314704525
0.6,2.0,Climate,20260827,60,0,1082.9527189989665,41924594.15379191,476.7281460703796,81692.32291431546,300,1.8999585249850117,373.82970344704603,1.5890938202345986,272.3077430477182,0.0,0.00202844086959576,936.659556343709
0.6,2.0,Climate,20260828,60,0,1105.957876004924,42921647.61878767,486.5016968768298,83444.5829161673,300,1.9200328781949925,378.2488053243423,1.6216723229227659,278.14860972055766,0.0,0.0020788312005199845,923.6117284148557
0.6,2.0,Climate,20260829,60,0,1094.3040179048774,42384074.38648346,482.1013966524994,82642.50221165452,300,1.9098900648160158,375.872648585854,1.6070046555083313,275.4750073721817,0.0,0.0020237615841009245,943.7327399731736
0.6,2.0,Climate,20260830,60,0,1098.5657244149324,42568944.36043723,483.52926975696107,82897.32091132831,300,1.913605431652454,376.69149340203774,1.6117642325232036,276.32440303776104,0.0,0.0020331709408776986,941.1925938831147
0.6,2.0,Climate,20260831,60,0,1073.9351337169292,41631656.59239567,477.5322283206486,81873.85699415341,300,1.8920316538198907,372.5213935350813,1.5917740944021619,272.91285664717805,0.0,0.001960268236521681,965.1901808994927
0.6,2.0,Climate,20260832,60,0,1077.834938067926,41769554.319741234,476.22510435779515,81658.82334647686,300,1.8954638289593095,373.1378401240898,1.5874170145259838,272.19607782158954,0.0,0.0019778292920643106,958.3556258189329
0.6,2.0,Climate,20260833,60,0,1085.1068906682021,42040974.013192154,480.99173866853613,82444.38019665137,300,1.901847251725019,374.34820694638546,1.603305795561787,274.8146006555046,0.0,0.0019347915235803522,982.9727019920113
0.6,2.0,Climate,20260834,60,0,1088.0206288103266,42171735.17275679,483.6677255466016,82914.55472088426,300,1.9043989680126785,374.92992755427775,1.6122257518220053,276.3818490696142,0.0,0.0018158898904734467,1048.7414341605015
0.6,2.0,Climate,20260835,60,0,1067.5243312482876,41409967.92852835,474.5692367551491,81382.49057739046,300,1.8863760063927584,371.5282309978985,1.581897455850497,271.27496859130156,0.0,0.0018979840915947393,993.883992361481
0.6,2.0,Climate,20260836,60,0,1075.9526237392438,41681933.17569838,480.849254595757,82435.39929883287,300,1.893808001302529,372.74626390123336,1.6028308486525233,274.7846643294429,0.0,0.001869431479715729,1013.0395373413241
0.6,2.0,Climate,20260837,60,0,1109.9377068229355,43026217.015327714,488.4558120555701,83709.40388463902,300,1.9234844309420474,378.709286107993,1.6281860401852337,279.0313462821301,0.0,0.0018066885618901278,1064.6463765341657
0.6,2.0,Traffic,20260808,60,0,1375.1169429922463,72063968729.97835,701.805968250847,3512484.7853255407,360,1.954423005925169,14148.416551565286,1.9494610229190192,9756.902181459835,0.0,0.00032956045147954094,5930.393034573504
0.6,2.0,Traffic,20260809,60,0,1339.0108032062092,70165162732.97247,690.8564785223059,3457276.3272617115,360,1.9285939057641401,13960.77468530355,1.919045773673072,9603.545353504755,0.0,0.0003691014049071063,5225.105838460624
0.6,2.0,Traffic,20260810,60,0,1350.6463327658805,70888372168.39883,691.6452001154926,3463560.817873923,360,1.936955179861969,14032.53879068998,1.9212366669874794,9621.002271872008,0.0,0.0003327740852923344,5820.631069154314
0.6,2.0,Traffic,20260811,60,0,1328.3913209276175,69736075888.97926,686.3475051582727,3436903.865558014,360,1.9209309960187544,13918.021479859532,1.9065208476618687,9546.955182105594,0.0,0.00037485935810988805,5124.404538556681
0.6,2.0,Traffic,20260812,60,0,1377.1564325191407,72268750630.02345,702.2118111172454,3515957.4987820075,360,1.9558718093922696,14168.50484447258,1.9505883642145705,9766.548607727798,0.0,0.00033455676078171894,5846.1583763012795
0.6,2.0,Traffic,20260813,60,0,1385.7104946418863,72723601313.72028,704.4967745359287,3527711.820701849,360,1.96193675189841,14213.022326346461,1.9569354848220242,9799.19950194958,0.0,0.00037750158129928413,5197.161678491042
0.6,2.0,Traffic,20260814,60,0,1327.6560374779574,69626585893.86711,684.2855099753406,3425650.436028899,360,1.9203992911472267,13907.091106285301,1.900793083264835,9515.695655635831,0.0,0.0003294825968079903,5828.530276718564
0.6,2.0,Traffic,20260815,60,0,1360.2137981108199,71505141998.09254,695.2161037871606,3482831.465236966,360,1.94380340091763,14093.452183164562,1.931155843853224,9674.531847880462,0.0,0.0003301713228298871,5887.256907284853
0.6,2.0,Traffic,20260816,60,0,1328.2872626024453,69594956027.85065,685.2947572507375,3429508.353918621,360,1.9208557573546088,13903.931900710142,1.9035965479187151,9526.41209421839,0.0,0.00029881656245983975,6428.210476495148
0.6,2.0,Traffic,20260817,60,0,1337.8395858122688,70247558564.84546,688.2582569799775,3446525.0650385553,360,1.927750261756109,13968.969436739802,1.9118284916110488,9573.68073621821,0.0,0.0002986462920444579,6454.961314132555
0.6,2.0,Traffic,20260818,60,0,1358.0002146724269,71283794922.9668,691.2348080002315,3460697.795000278,360,1.9422211044406141,14071.621848695535,1.9200966888895319,9613.049430556328,0.0,0.0003540227409127353,5486.147865623585
0.6,2.0,Traffic,20260819,60,0,1372.1006448919009,71893091635.34775,700.2549316446846,3504640.2443306507,360,1.9522783306320028,14131.63233035768,1.9451525879019016,9735.111789807363,0.0,0.0003939781861089015,4955.295494691079
0.6,2.0,Traffic,20260820,60,0,1392.9162132842687,73098452048.35132,706.7387175029652,3538711.935225748,360,1.9670311902884035,14249.605457340382,1.9631631041749034,9829.755375627077,0.0,0.00037047769337393956,5309.445684501689
0.6,2.0,Traffic,20260821,60,0,1354.1567573153127,71103420078.66109,691.7251533633482,3463985.596071,360,1.9394706876099188,14053.807321096408,1.921458759342634,9622.182211308334,0.0,0.0003547120445352232,5467.7328201561195
0.6,2.0,Traffic,20260822,60,0,1297.8278135617454,68047312318.61035,675.8575994141698,3383210.9451600164,360,1.8987041001413931,13748.465805177677,1.8773822205949162,9397.808181000046,0.0,0.0003538298912464496,5366.149517364851
0.6,2.0,Traffic,20260823,60,0,1303.2633485857298,68429139058.608864,674.4320428039622,3377057.327092336,360,1.9026760019230005,13786.984508204434,1.8734223411221171,9380.714797478711,0.0,0.0003996658839812993,4760.6665421860935
0.6,2.0,Traffic,20260824,60,0,1384.308574257018,72604091354.38396,703.6753230544826,3522796.7602493507,360,1.960944057121055,14201.339075592676,1.9546536751513406,9785.546556248197,0.0,0.0003217538664496901,6094.546986361301
0.6,2.0,Traffic,20260825,60,0,1364.5997571815253,71650173135.97276,698.606457202342,3498773.82471578,360,1.946934739805059,14107.73754756713,1.9405734922287277,9718.816179766056,0.0,0.0003309764446534943,5882.396681864605
0.6,2.0,Traffic,20260826,60,0,1316.0888787880754,69135440315.09718,674.6719478947686,3378965.8029836686,360,1.9120152826476013,13857.954025185638,1.8740887441521348,9386.016119399079,0.0,0.00030525121400473845,6263.743418291273
0.6,2.0,Traffic,20260827,60,0,1313.3894400782676,68920509102.38673,677.4751478224655,3392121.9771566605,360,1.9100534024517246,13836.396157155263,1.8818754106179596,9422.561047657391,0.0,0.00033092331685010643,5771.891266631097
0.6,2.0,Traffic,20260828,60,0,1368.3052640171975,71809731055.90305,699.9453834530004,3504762.250912885,360,1.9495763528529284,14123.437087171318,1.94429273181389,9735.450696980237,0.0,0.0003397693260414941,5737.941018886554
0.6,2.0,Traffic,20260829,60,0,1375.2337160829784,72061815063.03065,701.9954488311404,3513414.392287018,360,1.9545059876567406,14148.205133811798,1.9499873578642788,9759.484423019494,0.0,0.00033901484300954304,5765.251958604427
0.6,2.0,Traffic,20260830,60,0,1353.5527958772238,70985075345.15764,692.0215016807899,3464342.539335728,360,1.9390381320223522,14042.106852166455,1.9222819491133054,9623.173720377023,0.0,0.0003363788326820408,5764.4475324498535
0.6,2.0,Traffic,20260831,60,0,1344.0734855656651,70482026216.31483,687.735261476281,3442526.334240757,360,1.9322363882052902,13992.262367338246,1.9103757263230028,9562.57315066877,0.0,0.00033603182887590117,5750.15883069481
0.6,2.0,Traffic,20260832,60,0,1356.4085594577975,71140493720.69125,694.5573435882122,3476963.5185126592,360,1.941082572702521,14057.470702707358,1.9293259544117007,9658.231995868498,0.0,0.0003656389757945041,5308.740865179114
0.6,2.0,Traffic,20260833,60,0,1364.5097700628771,71647016812.38838,694.3699680320634,3477535.4994432135,360,1.9468705444485326,14107.426808086699,1.9288054667557317,9659.820831786705,0.0,0.00037381800722444277,5208.070523150638
0.6,2.0,Traffic,20260834,60,0,1310.4489015468996,68685635395.59135,677.0173515188976,3388141.2554693357,360,1.9079140016337939,13812.79955890262,1.88060375421916,9411.503487414822,0.0,0.0003404556982498276,5604.000789065248
0.6,2.0,Traffic,20260835,60,0,1375.0359590450485,72140522353.02199,701.099749344674,3509786.2616392504,360,1.9543654547398985,14155.929495073982,1.9474993037352055,9749.40628233125,0.0,0.0004052170665273939,4823.008743161556
0.6,2.0,Traffic,20260836,60,1,1353.2688882950047,71033209560.8312,689.3917881958178,3451974.5027860156,354,1.9551965297022957,14165.408009307203,1.9474344299316886,9751.340403350327,0.016666666666666666,0.00037770868420849377,5176.46697427543
0.6,2.0,Traffic,20260837,60,1,1363.3685093112026,71584524714.94144,693.0530454158823,3470945.6371481516,354,1.9624789101110147,14220.27325725965,1.9577769644516447,9804.93117838461,0.016666666666666666,0.0003670454648045163,5346.691618043028
0.6,2.0,Water,20260808,60,0,1986.9488879376183,6558822756.443094,906.1683621590453,659988.8687959663,540,1.9182114006704933,3485.106607764992,1.6780895595537875,1222.201608881419,0.0,0.001177029519005285,1629.7054319347792
0.6,2.0,Water,20260809,60,0,2019.732092418519,6774201803.342508,914.4636670482955,670772.4681653967,540,1.9339712034024317,3541.866478897529,1.6934512352746214,1242.1712373433272,0.0,0.0010995676047372161,1758.8470186556908
0.6,2.0,Water,20260810,60,0,2010.8171388084133,6655991597.221226,918.5950980866733,669825.8122312799,540,1.9296982775133014,3510.8275897891212,1.7011020334938394,1240.4181707986666,0.0,0.0012071533058403306,1598.5527837907784
0.6,2.0,Water,20260811,60,0,2062.9711211126423,6866358122.210186,936.2337688950516,684358.8448094816,540,1.954563094645281,3565.8768913260224,1.73376623869454,1267.3311940916326,0.0,0.0011960714995495336,1634.1523858577114
0.6,2.0,Water,20260812,60,0,2101.228350407287,6907037869.453115,946.1273802122676,687857.822502892,540,1.9726032575927037,3576.4243133830782,1.7520877411338287,1273.810782412763,0.0,0.0011840133398359767,1666.0312778789905
0.6,2.0,Water,20260813,60,0,1843.2376836094513,6059644963.281421,855.8634832260503,621845.049504039,540,1.8475397472842852,3349.860407064367,1.5849323763445378,1151.564906488961,0.0,0.0010759025284180737,1717.1999307416527
0.6,2.0,Water,20260814,60,0,2059.7086520955427,6823033325.057384,936.9072182778023,683207.0079476262,540,1.9530169691168617,3554.6092469151113,1.7350133671811152,1265.1981628659744,0.0,0.0010993524648603944,1776.5157504466717
0.6,2.0,Water,20260815,60,0,2043.2870344291562,6772246199.038269,930.7807058737395,679393.7333982517,540,1.945215895105865,3541.3552017392553,1.7236679738402583,1258.1365433300957,0.0,0.0011059224528908735,1758.9080409942706
0.6,2.0,Water,20260816,60,0,1994.3545214244975,6636692147.156326,908.0018128961361,663749.0418406063,540,1.9217827956741287,3505.7339663588405,1.6814848386965484,1229.1648922974189,0.0,0.0011946853495692646,1608.6099962362591
0.6,2.0,Water,20260817,60,0,1863.7953446417446,6115666741.214165,860.532634226204,624695.2053768347,540,1.8578140004983479,3365.309611317543,1.5935789522707482,1156.8429729200643,0.0,0.0011258332015078823,1650.168069310879
0.6,2.0,Water,20260818,60,0,2097.5241990899426,7033807820.114136,947.1784431464577,694704.7915918466,540,1.9708637883904567,3609.095459702943,1.7540341539749216,1286.490354799716,0.0,0.001113062372205603,1770.6678777444126
0.6,2.0,Water,20260819,60,0,2010.0373356967207,6656831711.101494,911.7522909295845,664752.6308045115,540,1.929324068787132,3511.049149708593,1.6884301683881195,1231.023390378725,0.0,0.0011863468172711564,1626.2732286204277
0.6,2.0,Water,20260820,60,0,1989.1782414489367,6661478269.200816,902.9827837666577,661726.6030114668,540,1.9192872140694897,3512.2743157234177,1.6721903403086253,1225.41963520642,0.0,0.0011325631530486918,1694.6403464593152
0.6,2.0,Water,20260821,60,0,2067.8905962842027,7020284500.566381,932.6267164874198,688067.0576231894,540,1.9568921866459406,3605.624336075613,1.7270865120137404,1274.1982548577582,0.0,0.0012472311210593686,1568.989222289292
0.6,2.0,Water,20260822,60,0,2031.8048353087343,6862768948.422426,924.1578427448579,680157.7935577987,540,1.9397426496491812,3564.944794238398,1.7114034124904776,1259.5514695514792,0.0,0.001143490798501884,1696.3342881206274
0.6,2.0,Water,20260823,60,1,2045.1756112994701,6935055052.926214,921.0754634368714,679338.4748723198,531,1.962537852766028,3613.9130221009937,1.7346053925364808,1279.356826501544,0.016666666666666666,0.0010980762386373366,1787.2509974366164
0.6,2.0,Water,20260824,60,0,2068.186993475931,6909612806.131102,935.6184691863044,685243.0223561265,540,1.9570324253431053,3577.090894933081,1.7326267947894527,1268.9685599187526,0.0,0.0011546195722259857,1694.9586447509732
0.6,2.0,Water,20260825,60,0,2058.913500395473,6754665302.4967785,936.4436961763096,679914.8898133922,540,1.9526399510688435,3536.7554974959903,1.7341549929190918,1259.101647802578,0.0,0.0011181509799473082,1746.3115322412539
0.6,2.0,Water,20260826,60,1,2074.358802619815,6848146100.563648,934.0469756734474,680271.8101715517,531,1.976490261190196,3591.1971524658475,1.7590338524923679,1281.114520097084,0.016666666666666666,0.0012258655136381696,1612.3222647191487
0.6,2.0,Water,20260827,60,0,2032.2405684055018,6740586117.968958,920.4655396831738,671668.6420708509,540,1.9399506333951357,3533.0676309869446,1.7045658142280997,1243.830818649724,0.0,0.0011313146122564892,1714.7755472951624
0.6,2.0,Water,20260828,60,0,2092.3441114404636,6944177691.953084,939.0890057407667,685818.7247555462,540,1.968428641704428,3586.0268150742595,1.739053714334753,1270.0346754732336,0.0,0.001155310651642733,1703.8089616031195
0.6,2.0,Water,20260829,60,0,2118.2019769427934,7185612858.543437,952.0920562643664,702428.9233873211,540,1.9805545318414652,3647.833669287039,1.7631334375266046,1300.7943025691131,0.0,0.0011846870488731248,1671.795546110992
0.6,2.0,Water,20260830,60,0,2023.5342835779193,6710330602.952607,916.4366389325403,668755.0343067233,540,1.9357907196619888,3525.129522955992,1.6971048869121117,1238.4352487161543,0.0,0.0011631064931538078,1664.3280138631314
0.6,2.0,Water,20260831,60,0,2003.3935760177974,6490145454.17742,915.6869563137236,661264.260615163,540,1.9261329403072525,3466.812351152905,1.695716585766155,1224.5634455836353,0.0,0.0011244801642571701,1712.9096639776237
0.6,2.0,Water,20260832,60,0,1983.8932871859697,6482388477.662486,901.2877475724305,653291.8058174667,540,1.9167358862795354,3464.739976792253,1.6690513843933898,1209.799640402716,0.0,0.0012003012912170392,1596.8789672266962
0.6,2.0,Water,20260833,60,0,1995.338315097913,6612928530.205598,907.7947669128398,662210.0175752719,540,1.922256734644211,3499.451949209359,1.6811014202089627,1226.3148473616145,0.0,0.0011212301128358817,1714.4176852174664
0.6,2.0,Water,20260834,60,0,1996.9702499992225,6608943765.717761,917.4274727398705,668909.9241929622,540,1.9230426556772253,3498.3974547396965,1.6989397643330935,1238.722081838819,0.0,0.0010137016772545668,1897.0498903439216
0.6,2.0,Water,20260835,60,0,2069.003909070608,6888628538.942652,936.0522609768909,684241.3349403484,540,1.9574188924451317,3571.6550108542774,1.7334301129201684,1267.1135832228674,0.0,0.001089748645947522,1796.211355457278
0.6,2.0,Water,20260836,60,0,2110.371759645595,7108555848.84193,950.0662802309597,698433.991577948,540,1.9768904499732771,3628.2216460230543,1.7593820004277032,1293.3962806999036,0.0,0.001108661492135297,1783.1326008859198
0.6,2.0,Water,20260837,60,0,2041.9372235676456,6671363386.425849,922.2911047234463,668735.5516533133,540,1.944573276795959,3514.8793210477866,1.7079464902286043,1238.399169728358,0.0,0.0011893172176197808,1635.0333182661702
0.7,0.1,Climate,20260808,60,0,2.3366004539636167,90417.5856871065,22.395293821349103,3842.5840101638464,300,0.08825343154732694,17.36064377522778,0.07465097940449701,12.808613367212821,0.0,0.0019112351110496621,46.17612508115635
0.7,0.1,Climate,20260809,60,0,2.24977996052939,87486.05583536097,21.860824057958542,3759.288439933472,300,0.08659830561331998,17.07689041125081,0.07286941352652847,12.530961466444907,0.0,0.0020096781502706436,43.090633991148174
0.7,0.1,Climate,20260810,60,0,2.302787360183632,89848.679566244,22.170433990282653,3818.9831855285674,300,0.0876125440064308,17.305941134597294,0.07390144663427552,12.729943951761891,0.0,0.0021192120578191745,41.342037330889184
0.7,0.1,Climate,20260811,60,0,2.2667346112984643,87820.11332627709,21.96976641718194,3772.078325546021,300,0.0869240015051168,17.109462618317103,0.0732325547239398,12.573594418486737,0.0,0.00204771476015492,42.44927232860331
0.7,0.1,Climate,20260812,60,0,2.3709797808608726,92234.26206854323,22.567754764723396,3881.5306261566493,300,0.08890031460125947,17.534182051880194,0.07522584921574466,12.938435420522165,0.0,0.001965768494444359,45.22420358882997
0.7,0.1,Climate,20260813,60,0,2.3111721223535175,89753.2333384532,22.262095477027408,3823.0356255623838,300,0.08777190367373676,17.29674664384926,0.07420698492342469,12.743452085207945,0.0,0.0020706926571289726,42.38770218822962
0.7,0.1,Climate,20260814,60,0,2.281663100558313,88655.39207673137,22.12624115523056,3802.8795964135547,300,0.08720976819443857,17.190636218276058,0.07375413718410187,12.676265321378516,0.0,0.0020076886952855116,43.43789373284116
0.7,0.1,Climate,20260815,60,0,2.286878738842891,88721.71526774595,22.14575973756442,3799.501080012014,300,0.08730938740751938,17.197065182538747,0.07381919912521473,12.665003600040047,0.0,0.0017075389275458645,51.131711259434375
0.7,0.1,Climate,20260816,60,0,2.2794004949837063,88229.20659104986,22.17740995574776,3801.897157989423,300,0.08716651679369601,17.149266902800818,0.07392469985249253,12.67299052663141,0.0,0.0018821492578466937,46.31222334270153
0.7,0.1,Climate,20260817,60,0,2.179283386314845,84761.19815597817,21.2628908713451,3654.8045205737653,300,0.08523073362574568,16.80884669412491,0.07087630290448367,12.182681735245884,0.0,0.0019305412780958812,44.148620178590484
0.7,0.1,Climate,20260818,60,0,2.3554968537734977,90925.81795655064,22.54829402121777,3866.2708409379175,300,0.08860957160061769,17.40936701477595,0.0751609800707259,12.887569469793059,0.0,0.002008796281276158,44.1107803845223
0.7,0.1,Climate,20260819,60,0,2.3151491903800157,89659.75247575968,22.27805370720565,3825.327366387686,300,0.08784739021697449,17.287736739835715,0.07426017902401884,12.751091221292286,0.0,0.0019169204949070432,45.82735196914594
0.7,0.1,Climate,20260820,60,0,2.377734718471924,92292.4551623118,22.59801020506519,3877.4055553011103,300,0.08902686333296492,17.539712574831608,0.07532670068355063,12.924685184337035,0.0,0.0019648719375540695,45.30924465427919
0.7,0.1,Climate,20260821,60,0,2.4361393336097934,94474.62703619908,22.935721403990527,3941.3462632395986,300,0.0901136196441247,17.745856515085343,0.07645240467996843,13.137820877465328,0.0,0.0021593348799337398,41.732118756350516
0.7,0.1,Climate,20260822,60,0,2.309910003357636,89768.78930491157,22.0835785424478,3795.919086601859,300,0.08774793451239818,17.298245508809227,0.073611928474826,12.653063622006197,0.0,0.0019865499826261595,44.1710177341715
0.7,0.1,Climate,20260823,60,0,2.3127853853914777,89429.43914315858,22.286781379959802,3820.608089043864,300,0.08780253195649652,17.26551854064034,0.07428927126653267,12.73536029681288,0.0,0.0019267314811630264,45.570715387645286
0.7,0.1,Climate,20260824,60,0,2.3687166814946043,91626.32705132976,22.509576591634637,3856.715901342667,300,0.08885787681263087,17.47630081484921,0.07503192197211546,12.855719671142223,0.0,0.0018990275101834358,46.791253068286345
0.7,0.1,Climate,20260825,60,0,2.3720042613754715,92282.5673930086,22.5256852938892,3872.6944258506414,300,0.08891951906781531,17.538772989485192,0.07508561764629733,12.908981419502139,0.0,0.0019442458044874457,45.734710530213455
0.7,0.1,Climate,20260826,60,0,2.2995959897829,89369.72967573942,22.067746504080223,3793.6131732035487,300,0.08755181303629868,17.25975373286454,0.07355915501360075,12.64537724401183,0.0,0.0019527758397547238,44.834543347942855
0.7,0.1,Climate,20260827,60,0,2.315392371079388,90061.94288418474,22.16819631620338,3810.6993240599704,300,0.08785200379197179,17.32646750727383,0.07389398772067794,12.702331080199901,0.0,0.00202844086959576,43.31011325436343
0.7,0.1,Climate,20260828,60,0,2.3623491107265826,91834.75685371563,22.59383552367655,3883.192405287549,300,0.08873836281876782,17.496166899611243,0.07531278507892183,12.94397468429183,0.0,0.0020788312005199845,42.68666104134449
0.7,0.1,Climate,20260829,60,0,2.3975579406998273,92906.97935378783,22.81323645976429,3918.3645373345626,300,0.08939720243012506,17.59800929592017,0.07604412153254764,13.061215124448541,0.0,0.0020237615841009245,44.17378170059524
0.7,0.1,Climate,20260830,60,0,2.2078250995758424,85549.55475582529,21.502580524600404,3693.924555072534,300,0.08578704446818378,16.886834591462595,0.07167526841533468,12.31308185024178,0.0,0.0020331709408776986,42.19371954585895
0.7,0.1,Climate,20260831,60,0,2.3038298429058455,89505.44112688393,22.23963128466951,3819.702406233945,300,0.0876323730688959,17.27285356919772,0.0741321042822317,12.732341354113151,0.0,0.001960268236521681,44.70427640269866
0.7,0.1,Climate,20260832,60,0,2.314659096764262,89983.79323086824,22.16906984982149,3810.0611559208696,300,0.0878380915238232,17.31894850838894,0.07389689949940496,12.700203853069565,0.0,0.0019778292920643106,44.41136142348481
0.7,0.1,Climate,20260833,60,0,2.2871480689661916,88799.07016979964,22.0722749604103,3791.176543425879,300,0.08731452855369473,17.204560458378435,0.07357424986803433,12.637255144752931,0.0,0.0019347915235803522,45.12864951574642
0.7,0.1,Climate,20260834,60,0,2.2928646187947868,88912.18836365693,22.110864178108823,3794.8861270108314,300,0.08742357841365961,17.215515130607905,0.07370288059369608,12.649620423369438,0.0,0.0018158898904734467,48.14365610618943
0.7,0.1,Climate,20260835,60,0,2.348089927442436,90937.98326756811,22.416953283364496,3845.960038450694,300,0.0884701442567385,17.410531608537795,0.07472317761121498,12.819866794835646,0.0,0.0018979840915947393,46.61269008972747
0.7,0.1,Climate,20260836,60,0,2.3893814779014835,92586.52742696198,22.742345368531012,3905.0114599090375,300,0.08924463528043733,17.567633821601394,0.07580781789510338,13.016704866363458,0.0,0.001869431479715729,47.73891755262842
0.7,0.1,Climate,20260837,60,0,2.2979634278841896,89129.20806588499,22.183841293913332,3805.042493574728,300,0.08752072950419974,17.236512414627754,0.07394613764637778,12.683474978582426,0.0,0.0018066885618901278,48.44262113036073
0.7,0.1,Traffic,20260808,60,0,3.508609301102611,183867544.36191818,35.465361912701816,177489.25111751558,360,0.09872252502599016,714.6629826590336,0.09851489420194949,493.0256975486544,0.0,0.00032956045147954094,299.5581678043636
0.7,0.1,Traffic,20260809,60,0,3.489244648286652,182849571.14207622,35.37202487582971,177006.72357733245,360,0.09844971429740515,712.6818893409992,0.09825562465508253,491.6853432703679,0.0,0.0003691014049071063,266.7280941999733
0.7,0.1,Traffic,20260810,60,0,3.514040446528584,184255654.3352402,35.50919962665565,177775.2834781929,360,0.09879890415677392,715.4168449528805,0.09863666562959902,493.82023188386916,0.0,0.0003327740852923344,296.8948260198247
0.7,0.1,Traffic,20260811,60,0,3.483138511762623,182886457.71924782,35.32583967299293,176900.15684622558,360,0.09836353366413883,712.7537710240625,0.09812733242498035,491.38932457284886,0.0,0.00037485935810988805,262.401168694591
0.7,0.1,Traffic,20260812,60,0,3.4943031109867286,183392112.63499698,35.34266901903538,176963.6128636598,360,0.09852105120490082,713.7384220407458,0.09817408060843161,491.5655912879439,0.0,0.00033455676078171894,294.4823203533487
0.7,0.1,Traffic,20260813,60,0,3.5558198589639423,186535655.70944363,35.72739794447687,178873.74449937645,360,0.09938449268377311,719.8295625999942,0.0992427720679913,496.8715124982679,0.0,0.00037750158129928413,263.2690764942276
0.7,0.1,Traffic,20260814,60,0,3.5201469901968614,184874728.48761842,35.534346930203554,177983.57002278656,360,0.09888471107244118,716.6176891939011,0.09870651925056542,494.39880561885155,0.0,0.0003294825968079903,300.121196173731
0.7,0.1,Traffic,20260815,60,0,3.527267995723348,185338794.40855706,35.56237670613843,178140.05256246022,360,0.09898467888914464,717.516539508473,0.09878437973927341,494.8334793401673,0.0,0.0003301713228298871,299.79792927123515
0.7,0.1,Traffic,20260816,60,0,3.5039975659454097,183713270.83805123,35.451650047063026,177451.3553371005,360,0.09865762298003425,714.363101802444,0.09847680568628618,492.92043149194586,0.0,0.00029881656245983975,330.16116030480606
0.7,0.1,Traffic,20260817,60,0,3.5299082935173036,185273428.91555774,35.59543023755411,178233.57883962413,360,0.09902171890714603,717.3900010833208,0.09887619510431697,495.0932745545115,0.0,0.0002986462920444579,331.5685529837591
0.7,0.1,Traffic,20260818,60,0,3.51124926629018,184221472.2966745,35.49851754690833,177708.9862870262,360,0.09875965868784373,715.3504818864715,0.09860699318585647,493.6360730195172,0.0,0.0003540227409127353,278.96416606804206
0.7,0.1,Traffic,20260819,60,0,3.537671356517609,185134050.89715365,35.631277293873175,178242.41848808143,360,0.09913054463290101,717.1201102270759,0.09897577026075882,495.1178291335595,0.0,0.0003939781861089015,251.61429776596776
0.7,0.1,Traffic,20260820,60,0,3.5169777781905425,184600289.62126657,35.52419423950515,177887.65572184857,360,0.09884018776386432,716.085597035226,0.09867831733195875,494.1323770051349,0.0,0.00037047769337393956,266.79119831406564
0.7,0.1,Traffic,20260821,60,0,3.4604379222742394,181615888.92138457,35.184319124071855,176152.82607762143,360,0.09804247835439946,710.2735954103738,0.09773421978908849,489.31340577117066,0.0,0.0003547120445352232,276.4001952143008
0.7,0.1,Traffic,20260822,60,0,3.4473011114166363,180780719.62399587,34.916538964351595,174767.6128717757,360,0.09785620277019627,708.6386001497596,0.09699038601208776,485.46559131048804,0.0,0.0003538298912464496,276.562848959636
0.7,0.1,Traffic,20260823,60,0,3.459479374175382,181747484.8473336,35.11401705254888,175850.64075168537,360,0.0980288984344155,710.5308751742789,0.09753893625708022,488.4740020880149,0.0,0.0003996658839812993,245.27712362609955
0.7,0.1,Traffic,20260824,60,0,3.5104307296873274,183930296.93379673,35.491809952354416,177626.12813682554,360,0.09874814667300692,714.784926731649,0.09858836097876227,493.40591149118205,0.0,0.0003217538664496901,306.9058587006827
0.7,0.1,Traffic,20260825,60,0,3.4750797144221384,182120595.45477656,35.23144037605558,176332.44557073113,360,0.09824967789630744,711.2598280023517,0.09786511215570995,489.8123488075865,0.0,0.0003309764446534943,296.8479463823081
0.7,0.1,Traffic,20260826,60,0,3.4823975410732984,182808895.3658104,35.110284703475905,175778.78420642688,360,0.09835307063321097,712.6026151560567,0.0975285686207664,488.274400573408,0.0,0.00030525121400473845,322.2037001683611
0.7,0.1,Traffic,20260827,60,0,3.4798420882675964,182653049.45190632,35.26807217784003,176606.61901185874,360,0.09831697728757503,712.2988009331834,0.09796686716066676,490.5739416996076,0.0,0.00033092331685010643,297.098972122621
0.7,0.1,Traffic,20260828,60,0,3.4806592279641877,182468027.88286516,35.32475586058566,176812.39023524913,360,0.09832852005118392,711.9379418235544,0.09812432183496017,491.14552843124756,0.0,0.0003397693260414941,289.3978723646631
0.7,0.1,Traffic,20260829,60,0,3.5280668721722934,185065084.1155352,35.57355707857624,178096.08711803623,360,0.09899588757132363,716.9865257441794,0.09881543632937845,494.7113531056562,0.0,0.00033901484300954304,292.0104815839493
0.7,0.1,Traffic,20260830,60,0,3.5147015299241797,184432190.99934396,35.51019733317828,177795.26477931612,360,0.09880819705543131,715.7594859062955,0.09863943703660634,493.8757354981003,0.0,0.0003363788326820408,293.7408286591829
0.7,0.1,Traffic,20260831,60,0,3.469149922820902,181990451.86083996,35.14094541612482,175936.4669028536,360,0.09816581667460111,711.0056490259255,0.09761373726701339,488.7124080634822,0.0,0.00033603182887590117,292.1324953144674
0.7,0.1,Traffic,20260832,60,0,3.509158239733966,184022445.69141656,35.48460358931711,177621.81486223527,360,0.09873024752849956,714.9639573110906,0.09856834330365864,493.39393017287574,0.0,0.0003656389757945041,270.0211248375988
0.7,0.1,Traffic,20260833,60,0,3.5345701736785546,185579503.07158047,35.61268064431897,178355.380961428,360,0.09908708534637817,717.9823254393377,0.09892411290088603,495.43161378174443,0.0,0.00037381800722444277,265.0677159243579
0.7,0.1,Traffic,20260834,60,0,3.542232895431596,185669703.6294017,35.65626958592824,178461.43536518473,360,0.09919443442372824,718.1567912011541,0.09904519329424512,495.7262093477354,0.0,0.0003404556982498276,291.35783285066066
0.7,0.1,Traffic,20260835,60,0,3.5550496997571805,186616707.1570498,35.720929363170015,178861.2550647116,360,0.09937372919882324,719.9859318784751,0.09922480378658337,496.8368196241988,0.0,0.0004052170665273939,245.23579436184798
0.7,0.1,Traffic,20260836,60,0,3.4868086998885,183185735.43253416,35.13585591456361,176009.6941169982,360,0.09841534291924456,713.3367122827568,0.09759959976267668,488.9158169916617,0.0,0.00037770868420849377,260.5588566899872
0.7,0.1,Traffic,20260837,60,0,3.4640985700472644,181854601.5312909,35.045266946410386,175498.6691547017,360,0.09809432209821865,710.7402274532183,0.09734796374002885,487.4963032075047,0.0,0.0003670454648045163,267.253873169261
0.7,0.1,Water,20260808,60,0,4.686672893659318,15328011.254535466,44.59296743752959,32341.7848535587,540,0.093161278850963,168.47909670614195,0.0825795693287585,59.892194173256854,0.0,0.001177029519005285,79.1494838036808
0.7,0.1,Water,20260809,60,0,4.53711512832515,15339995.737680359,43.559066438169694,32065.886194763872,540,0.09166277899155131,168.5449480531021,0.08066493784846239,59.38127073104421,0.0,0.0010995676047372161,83.36256779177998
0.7,0.1,Water,20260810,60,0,4.798010588380316,15784960.442662569,45.1821850699257,32850.016164568355,540,0.09426136426604953,170.97195158023115,0.083670713092455,60.83336326771918,0.0,0.0012071533058403306,78.08566137374885
0.7,0.1,Water,20260811,60,0,4.639767441886207,15528891.802204741,44.057777787063046,32225.226916766886,540,0.09269391527721171,169.57950065122816,0.08158847738345008,59.6763461421609,0.0,0.0011960714995495336,77.4986406014375
0.7,0.1,Water,20260812,60,0,4.976036757826966,16666138.11740874,46.0800773932801,33793.12353690717,540,0.09599418151567704,175.6793065103062,0.0853334766542224,62.57985840167995,0.0,0.0011840133398359767,81.07525336579002
0.7,0.1,Water,20260813,60,0,4.484272739837716,14692587.42128923,43.030170368598874,31212.807143669244,540,0.09112743153122035,164.9499779466784,0.0796855006825905,57.8014947104986,0.0,0.0010759025284180737,84.69859408659192
0.7,0.1,Water,20260814,60,0,4.862475748975638,16052210.358283872,45.53738651370883,33137.329113207816,540,0.09489249032629113,172.413211437823,0.08432849354390524,61.36542428371818,0.0,0.0010993524648603944,86.31671220962008
0.7,0.1,Water,20260815,60,0,4.250876891566363,14123773.92846649,41.93556810382292,30684.859387436398,540,0.08872425961168351,161.72549862210218,0.07765845945152393,56.82381368043777,0.0,0.0011059224528908735,80.22647463188663
0.7,0.1,Water,20260816,60,0,4.643242126680233,15782856.727647241,44.39843502888365,32758.28143343456,540,0.09272861764789402,170.96055819576046,0.0822193241275623,60.663484135989926,0.0,0.0011946853495692646,77.61760674584875
0.7,0.1,Water,20260817,60,0,4.641211306015385,15291872.557354374,43.95269772863376,31923.795742433133,540,0.09270833701388642,168.28036877074882,0.08139388468265511,59.11814026376506,0.0,0.0011258332015078823,82.34642297786004
0.7,0.1,Water,20260818,60,0,4.640286823665836,15584199.546051087,44.38837882549641,32561.785846897237,540,0.09269910327251998,169.88121964768058,0.08220070152869706,60.29960342018007,0.0,0.001113062372205603,83.28293686618018
0.7,0.1,Water,20260819,60,0,4.638843373629387,15406384.798191052,43.47456549053951,31757.082004645017,540,0.09268468423588803,168.90927215186358,0.0805084546121102,58.809411119713,0.0,0.0011863468172711564,78.12612879013072
0.7,0.1,Water,20260820,60,0,4.263574815529124,14203147.944443693,41.55857211946729,30392.177804558352,540,0.08885667626940885,162.17930146305315,0.07696031873975424,56.281810749182135,0.0,0.0011325631530486918,78.45626624018261
0.7,0.1,Water,20260821,60,0,4.92543365794325,16462623.574436571,45.70309470258291,33465.61474353806,540,0.09550483464535,174.60337898408585,0.08463536056033873,61.973360636181596,0.0,0.0012472311210593686,76.57348588626498
0.7,0.1,Water,20260822,60,0,4.510273190052052,15507068.131886113,43.55917448618926,32234.54137412519,540,0.09139123458710716,169.4602987039328,0.08066513793738751,59.69359513726887,0.0,0.001143490798501884,79.92301705168167
0.7,0.1,Water,20260823,60,0,4.461483020497643,15049475.960416937,42.846761876408586,31524.518152869576,540,0.09089557521416625,166.94130683176658,0.07934585532668256,58.37873732012884,0.0,0.0010980762386373366,82.77710783266159
0.7,0.1,Water,20260824,60,0,4.7909663503705255,16086491.613751208,45.1509977707576,33141.530912576454,540,0.09419214355822658,172.597216908977,0.0836129588347363,61.3732053936601,0.0,0.0011546195722259857,81.57850934107586
0.7,0.1,Water,20260825,60,0,4.6280389322644355,15555353.612636106,44.17506687775794,32407.691298055743,540,0.09257668425233409,169.72392404658385,0.08180567940325545,60.01424314454767,0.0,0.0011181509799473082,82.79444002874878
0.7,0.1,Water,20260826,60,0,4.505587470440257,15079434.570943289,43.363985377962535,31806.226932275473,540,0.0913437491064128,167.10738713498026,0.08030367662585655,58.90042024495458,0.0,0.0012258655136381696,74.51367877649106
0.7,0.1,Water,20260827,60,0,4.78733161225502,16037527.202495286,44.94236599347533,32913.08967932197,540,0.09415640664120191,172.33433914651295,0.08322660369162098,60.95016607281847,0.0,0.0011313146122564892,83.22742906449348
0.7,0.1,Water,20260828,60,0,4.777460770707069,15848966.302119391,44.95112974342931,32801.83780122074,540,0.09405928755515566,171.3182348628347,0.08324283285820243,60.744144076334706,0.0,0.001155310651642733,81.41471509971196
0.7,0.1,Water,20260829,60,0,5.002411181948251,17372219.30997534,46.26589558890102,34456.299097808434,540,0.09624824367756162,179.36213786625743,0.08567758442389077,63.80796129223784,0.0,0.0011846870488731248,81.24360249326016
0.7,0.1,Water,20260830,60,0,4.760056179875539,15643546.80213241,44.54873954373911,32366.866072600384,540,0.09388779926924141,170.20438042265545,0.08249766582173909,59.9386408751859,0.0,0.0011631064931538078,80.72158467163317
0.7,0.1,Water,20260831,60,0,4.63044841474067,15064151.588758992,43.93849683536531,31746.74298531253,540,0.09260078008171412,167.02268413667755,0.08136758673215798,58.7902647876158,0.0,0.0011244801642571701,82.34985642711274
0.7,0.1,Water,20260832,60,0,4.8043677927546735,15836239.39128953,44.61379123492411,32410.916609047803,540,0.09432379018036827,171.24943574543175,0.08261813191652613,60.02021594268112,0.0,0.0012003012912170392,78.58342806973836
0.7,0.1,Water,20260833,60,0,4.75330138105687,15620940.178164745,44.702573092671265,32478.821372082522,540,0.09382115947333058,170.08135405329233,0.08278254276420605,60.14596550385652,0.0,0.0011212301128358817,83.67698869238585
0.7,0.1,Water,20260834,60,0,4.762027304419928,15608184.28898999,44.81849122703523,32513.255856473726,540,0.09390723658088937,170.01189658259534,0.08299720597599117,60.20973306754394,0.0,0.0010137016772545668,92.63794140621395
0.7,0.1,Water,20260835,60,0,4.887588702977632,15832278.882921362,45.5536663552474,32877.06077553577,540,0.0951372176947556,171.2280203949485,0.0843586413986063,60.8834458806218,0.0,0.001089748645947522,87.3019829375746
0.7,0.1,Water,20260836,60,0,4.582101739790548,15255129.184809133,43.898731003008564,32082.794652950728,540,0.0921160875862882,168.07807480789404,0.08129394630186772,59.412582690649494,0.0,0.001108661492135297,83.08765862235492
0.7,0.1,Water,20260837,60,0,4.882175072392924,15862169.1303148,45.54564057606876,32893.03957012105,540,0.0950845147691031,171.38957750797084,0.08434377884457178,60.91303624096491,0.0,0.0011893172176197808,79.94882556177807
0.7,0.25,Climate,20260808,60,0,16.01597189132123,620082.8826709306,58.821842743292734,10080.230876760374,300,0.23105534612094733,45.46364418121841,0.1960728091443091,33.60076958920124,0.0,0.0019112351110496621,120.89320920545997
0.7,0.25,Climate,20260809,60,0,15.85328506926876,614798.958945192,58.30742758178518,9999.451174821495,300,0.2298788454038979,45.269524662300576,0.1943580919392839,33.331503916071654,0.0,0.0020096781502706436,114.38590073387627
0.7,0.25,Climate,20260810,60,0,16.025862741433034,622717.443680397,58.786549232096334,10091.566200337798,300,0.2311266805702956,45.560123049306945,0.19595516410698777,33.638554001125996,0.0,0.0021192120578191745,109.0625545081798
0.7,0.25,Climate,20260811,60,0,15.410151790148483,597224.5667430176,57.398899909561365,9840.04170638649,300,0.22664327175945082,44.617805367477,0.19132966636520454,32.8001390212883,0.0,0.00204771476015492,110.68107539660656
0.7,0.25,Climate,20260812,60,0,16.1607754405616,627021.3088148348,58.89820539740204,10104.759431177112,300,0.2320975042272938,45.717294641992794,0.19632735132467347,33.68253143725704,0.0,0.001965768494444359,118.06960223609552
0.7,0.25,Climate,20260813,60,0,16.16484908827896,626586.5549735284,58.88223749170069,10096.255215968837,300,0.23212675480061146,45.701442536442556,0.19627412497233565,33.65418405322946,0.0,0.0020706926571289726,112.10101798615375
0.7,0.25,Climate,20260814,60,0,15.880684442130322,616176.2077248131,58.61192669637269,10055.997520187935,300,0.23007741046678415,45.32020181349642,0.19537308898790898,33.519991733959785,0.0,0.0020076886952855116,114.59815010517109
0.7,0.25,Climate,20260815,60,0,15.609118079962933,605438.8769641201,57.97779974169802,9939.16259637093,300,0.22810171766095153,44.923597250002146,0.19325933247232674,33.1305419879031,0.0,0.0017075389275458645,133.58507614745122
0.7,0.25,Climate,20260816,60,0,16.08503948190608,622387.2590896877,59.016078987671854,10107.605552684605,300,0.2315530139579709,45.54804273473917,0.19672026329223952,33.692018508948685,0.0,0.0018821492578466937,123.02585089499397
0.7,0.25,Climate,20260817,60,0,15.900200430546182,616877.6806898707,58.17700403678505,9975.423137030506,300,0.23021873968428505,45.345991395413364,0.1939233467892835,33.251410456768355,0.0,0.0019305412780958812,119.25087657869345
0.7,0.25,Climate,20260818,60,0,16.193008024231954,626141.957077635,59.23410084403596,10148.918917983603,300,0.2323288475719417,45.68522580578375,0.1974470028134532,33.82972972661201,0.0,0.002008796281276158,115.65575351640271
0.7,0.25,Climate,20260819,60,0,16.00219442042526,619782.611780697,58.69325925853142,10063.865441992857,300,0.23095594399816644,45.45263511908842,0.19564419752843806,33.54621813997619,0.0,0.0019169204949070432,120.48279759738608
0.7,0.25,Climate,20260820,60,0,16.495099351895533,639757.9274852647,59.83288507731041,10258.063978816112,300,0.23448595801522623,46.17928566956057,0.19944295025770137,34.19354659605371,0.0,0.0019648719375540695,119.3390538760105
0.7,0.25,Climate,20260821,60,0,16.610312399814294,643549.9978596222,60.067287312186565,10302.01310846149,300,0.23530343813761198,46.31594390198772,0.2002242910406219,34.34004369487163,0.0,0.0021593348799337398,108.97033170919389
0.7,0.25,Climate,20260822,60,0,16.033369675259905,622522.9255804792,58.57452820750386,10052.020095508522,300,0.23118080712766725,45.553006691124104,0.1952484273583462,33.50673365169507,0.0,0.0019865499826261595,116.37301308777198
0.7,0.25,Climate,20260823,60,0,15.604414023203176,603914.0027336607,57.87442736364542,9916.69645203881,300,0.22806734402513054,44.8669887086137,0.19291475787881807,33.055654840129364,0.0,0.0019267314811630264,118.37007193522525
0.7,0.25,Climate,20260824,60,0,16.39482603837929,635018.6671473569,59.621354297293756,10214.840294258653,300,0.23377215430399526,46.00792204057025,0.19873784765764585,34.04946764752884,0.0,0.0018990275101834358,123.10098355626988
0.7,0.25,Climate,20260825,60,0,16.55928065438438,642463.8224169372,59.77485242859235,10251.638985110689,300,0.23494169953688782,46.27684166754602,0.1992495080953078,34.17212995036896,0.0,0.0019442458044874457,120.83950444672536
0.7,0.25,Climate,20260826,60,0,15.85246298743709,614887.6253033312,58.24884012498404,9993.915199967796,300,0.22987288507228723,45.272788931959674,0.19416280041661346,33.31305066655932,0.0,0.0019527758397547238,117.71596124476845
0.7,0.25,Climate,20260827,60,0,16.017998590078623,621203.4487203989,58.64122511613042,10056.37908389638,300,0.23106996480199543,45.50470483808603,0.1954707503871014,33.52126361298793,0.0,0.00202844086959576,113.91506070770723
0.7,0.25,Climate,20260828,60,0,16.13759010367714,626267.512504743,59.11722812097483,10140.11958553097,300,0.23193095311376,45.68980602952709,0.1970574270699161,33.80039861843657,0.0,0.0020788312005199845,111.56795850271364
0.7,0.25,Climate,20260829,60,0,16.44010664651678,636506.0381309595,59.71309628635761,10237.199830571439,300,0.23409475749873013,46.06177150056069,0.1990436542878587,34.123999435238126,0.0,0.0020237615841009245,115.67309081159823
0.7,0.25,Climate,20260830,60,0,15.178328288293807,587902.7175700794,56.547401189444166,9694.950455315111,300,0.2249320511346616,44.26822478068889,0.1884913372981472,32.316501517717036,0.0,0.0020331709408776986,110.63115580314206
0.7,0.25,Climate,20260831,60,0,15.907672552623632,616875.2070732771,58.51640814149081,10032.276723666842,300,0.23027282769665228,45.34590047892154,0.19505469380496934,33.44092241222281,0.0,0.001960268236521681,117.47006017158684
0.7,0.25,Climate,20260832,60,0,16.269601852197543,630976.8374982802,59.01514581493277,10121.9866397372,300,0.23287766353601155,45.861270424992234,0.19671715271644258,33.73995546579067,0.0,0.0019778292920643106,117.74406642190603
0.7,0.25,Climate,20260833,60,0,15.749568492047857,610324.8242193584,58.07602623538621,9955.814838299244,300,0.22912564596779542,45.10450177899313,0.19358675411795404,33.18604946099748,0.0,0.0019347915235803522,118.42394551315584
0.7,0.25,Climate,20260834,60,0,16.01879135693772,620697.310181801,58.67652869121606,10057.249647947943,300,0.23107568281797286,45.48616310417198,0.1955884289707202,33.52416549315981,0.0,0.0018158898904734467,127.2520344048646
0.7,0.25,Climate,20260835,60,0,15.659687844575004,606861.3753131817,58.00075374564374,9942.641235173132,300,0.22847091605260542,44.97634101440377,0.19333584581881247,33.14213745057711,0.0,0.0018979840915947393,120.37556956583222
0.7,0.25,Climate,20260836,60,0,16.130036728752565,624918.7754630249,59.18129147489182,10145.839811343776,300,0.23187666785565528,45.6405804616544,0.19727097158297274,33.81946603781259,0.0,0.001869431479715729,124.03592769867933
0.7,0.25,Climate,20260837,60,0,15.522362539793498,601705.1272824162,57.76913599381065,9898.330947871837,300,0.22746693928124662,44.78486080817997,0.1925637866460355,32.994436492906125,0.0,0.0018066885618901278,125.90268410360359
0.7,0.25,Traffic,20260808,60,0,22.263581688191014,1166775024.6825,89.38963016918923,447386.1530942036,360,0.24868309646455117,1800.2893476408635,0.24830452824774787,1242.7393141505656,0.0,0.00032956045147954094,754.590228736804
0.7,0.25,Traffic,20260809,60,0,22.156262526920504,1161475436.4831064,89.17046386103713,446295.0643904148,360,0.2480829975751871,1796.1961632565408,0.2476957329473254,1239.7085121955968,0.0,0.0003691014049071063,672.1269393098719
0.7,0.25,Traffic,20260810,60,0,22.18194970122769,1163897482.026729,89.23244144506519,446828.62647707504,360,0.24822676517220035,1798.0680079422355,0.24786789290295885,1241.1906291029861,0.0,0.0003327740852923344,745.9317781735884
0.7,0.25,Traffic,20260811,60,0,22.19936259934865,1165607999.0875719,89.25275498342761,446957.274386042,360,0.24832417544271,1799.3887844113838,0.24792431939841003,1241.5479844056722,0.0,0.00037485935810988805,662.4462483604719
0.7,0.25,Traffic,20260812,60,0,22.347180798124967,1172996542.97235,89.57526012577,448538.9463727212,360,0.24914955793060078,1805.0827489283558,0.24882016701602777,1245.9415177020035,0.0,0.00033455676078171894,744.7153581605785
0.7,0.25,Traffic,20260813,60,0,22.42103133967427,1176492003.5280833,89.72659007551883,449264.5168146178,360,0.2495608996020937,1807.770268350922,0.2492405279875523,1247.956991151716,0.0,0.00037750158129928413,661.0857065635474
0.7,0.25,Traffic,20260814,60,0,22.20221532217431,1165676080.0489626,89.26445408619892,447048.315032152,360,0.24834013034419766,1799.4413330940017,0.24795681690610813,1241.8008750893111,0.0,0.0003294825968079903,753.7276103506027
0.7,0.25,Traffic,20260815,60,0,22.19008147849332,1166066865.5473995,89.2041743284432,446864.0617952946,360,0.24827226026690336,1799.7429334548183,0.24778937313456445,1241.289060542485,0.0,0.0003301713228298871,751.949800300554
0.7,0.25,Traffic,20260816,60,0,22.198566373018462,1163746819.603378,89.25951643919423,446776.97836662276,360,0.24831972207115513,1797.9516273954168,0.24794310121998397,1241.0471621295076,0.0,0.00029881656245983975,831.0105705888666
0.7,0.25,Traffic,20260817,60,0,22.322934656964936,1171967274.5071628,89.52985378864862,448328.59551191307,360,0.24901436068006721,1804.2906227680687,0.24869403830180173,1245.357209755314,0.0,0.0002986462920444579,833.8103211507403
0.7,0.25,Traffic,20260818,60,0,22.341475673030548,1172499596.6560016,89.56521886316871,448417.15856105206,360,0.24911775257357127,1804.7003418973602,0.24879227461991307,1245.6032182251447,0.0,0.0003540227409127353,703.6772607638147
0.7,0.25,Traffic,20260819,60,0,22.307897410656647,1168322037.3129163,89.4911327631617,447802.3269806462,360,0.24893047562777135,1801.4824430273748,0.24858647989767138,1243.8953527240171,0.0,0.0003939781861089015,631.8382194870129
0.7,0.25,Traffic,20260820,60,0,22.246127767474157,1167475905.0825102,89.37171158310794,447505.7140195194,360,0.24858559764011848,1800.829982321817,0.24825475439752204,1243.0714278319983,0.0,0.00037047769337393956,670.9866804024015
0.7,0.25,Traffic,20260821,60,0,22.218802381096037,1166306312.6717315,89.29952698332964,447132.1803544187,360,0.24843287927133265,1799.9277089431887,0.2480542416203601,1242.0338343178298,0.0,0.0003547120445352232,700.379034483739
0.7,0.25,Traffic,20260822,60,0,22.130308786731828,1160528144.9185152,89.09813339365806,446024.78311772237,360,0.2479376533791186,1795.4635310805731,0.2474948149823835,1238.9577308825621,0.0,0.0003538298912464496,700.7255732569668
0.7,0.25,Traffic,20260823,60,0,21.914148483245388,1151358138.5191035,88.50330959761592,443244.63192310324,360,0.2467238024100667,1788.3559632919712,0.24584252666004425,1231.2350886752868,0.0,0.0003996658839812993,617.325151579891
0.7,0.25,Traffic,20260824,60,0,22.2720171155624,1167140837.5627382,89.41956643359767,447551.42002673214,360,0.24873020365427184,1800.57154318253,0.2483876845377713,1243.198388963145,0.0,0.0003217538664496901,773.0449563786785
0.7,0.25,Traffic,20260825,60,0,22.214023617034062,1165440323.8939981,89.29507426615329,447076.7610896187,360,0.24840616167564755,1799.2593568018158,0.24804187296153693,1241.8798919156075,0.0,0.0003309764446534943,750.5251980566436
0.7,0.25,Traffic,20260826,60,0,21.96266763202963,1153115346.7693748,88.26697943636562,441979.62528021104,360,0.2469967815356532,1789.7201416619544,0.24518605398990448,1227.7211813339195,0.0,0.00030525121400473845,809.1590473799689
0.7,0.25,Traffic,20260827,60,0,22.341244498422167,1173463115.986278,89.56095351992681,448586.722175012,360,0.24911646371851287,1805.4417095626627,0.24878042644424114,1246.0742282639221,0.0,0.00033092331685010643,752.7921153750298
0.7,0.25,Traffic,20260828,60,0,22.11500741001722,1160216115.4546354,89.08828654293285,446027.0838745981,360,0.24785192381528276,1795.2221430590541,0.24746746261925792,1238.9641218738836,0.0,0.0003397693260414941,729.4711582793498
0.7,0.25,Traffic,20260829,60,0,22.357557749035095,1172610150.2474256,89.59569751167551,448542.31592285866,360,0.24920739772457207,1804.78542141551,0.24887693753243198,1245.9508775634963,0.0,0.00033901484300954304,735.0928812210061
0.7,0.25,Traffic,20260830,60,0,22.218652141262098,1166285383.551475,89.31050804468327,447221.30753718095,360,0.2484320393390766,1799.9115592095961,0.24808474456856466,1242.2814098255026,0.0,0.0003363788326820408,738.5483722571356
0.7,0.25,Traffic,20260831,60,0,22.06705826290395,1157363076.7807732,88.6549482654674,443825.50152995385,360,0.2475830851726791,1793.01350678185,0.24626374518185387,1232.8486153609829,0.0,0.00033603182887590117,736.784625435328
0.7,0.25,Traffic,20260832,60,0,22.31154724696418,1170263711.799051,89.50017519270614,448032.66482368077,360,0.24895083878239105,1802.9787943220913,0.24861159775751704,1244.53518006578,0.0,0.0003656389757945041,680.8651573357049
0.7,0.25,Traffic,20260833,60,0,22.428188966893398,1177746531.9920995,89.7399052064197,449450.2912432984,360,0.24960073098458108,1808.7338511849937,0.24927751446227697,1248.4730312313843,0.0,0.00037381800722444277,667.7065474663428
0.7,0.25,Traffic,20260834,60,0,22.38204441392488,1172847458.5441394,89.64849239591607,448657.6487672399,360,0.24934383007051886,1804.968034915592,0.24902358998865573,1246.2712465756663,0.0,0.0003404556982498276,732.382601766734
0.7,0.25,Traffic,20260835,60,0,22.31407349373517,1171486011.983932,89.49585620981209,448140.7476792444,360,0.2489649322346376,1803.9201232500507,0.24859960058281136,1244.8354102201233,0.0,0.0004052170665273939,614.3989303515842
0.7,0.25,Traffic,20260836,60,0,21.977447241898986,1154053504.9895084,88.10071323858338,441213.8344640741,360,0.24707987485999444,1790.4480390467666,0.24472420344050938,1225.593984622428,0.0,0.00037770868420849377,654.1546043024186
0.7,0.25,Traffic,20260837,60,0,22.386588100352107,1174992534.73988,89.6542372214081,448967.5670552439,360,0.2493691379169093,1806.6178766012536,0.24903954783724472,1247.1321307090109,0.0,0.0003670454648045163,679.3957747161379
0.7,0.25,Water,20260808,60,0,32.915975145191595,107920364.37911741,118.65001428688048,86182.03058754282,540,0.24689169594810714,447.04868485210335,0.2197222486794083,159.5963529398941,0.0,0.001177029519005285,209.7582872490376
0.7,0.25,Water,20260809,60,0,31.768394073315786,107054569.86554554,115.64688423278686,85011.0040933464,540,0.24254970499885015,445.25184273028447,0.2141608967273831,157.4277853580489,0.0,0.0010995676047372161,220.58644139194763
0.7,0.25,Water,20260810,60,0,32.65382009511294,107142330.69748253,118.16739703849893,85822.86324067277,540,0.24590656195630917,445.4343088647938,0.2188285130342573,158.93122822346808,0.0,0.0012071533058403306,203.7078147130014
0.7,0.25,Water,20260811,60,0,32.123719680140276,107179644.5495597,116.69842511031133,85325.15776156358,540,0.24390237755716435,445.5118665534347,0.2161081946487247,158.00955141030292,0.0,0.0011960714995495336,203.91956304370035
0.7,0.25,Water,20260812,60,0,33.09285347949215,109976602.14106609,119.0031727121805,86965.66095539308,540,0.24755415972885517,451.2874630823546,0.22037624576329723,161.04752028776497,0.0,0.0011840133398359767,209.08054951741443
0.7,0.25,Water,20260813,60,0,31.796798488305665,104481378.11171557,115.95371397579805,84277.32884286065,540,0.24265811373932875,439.86820019207346,0.21472909995518158,156.06912748677897,0.0,0.0010759025284180737,225.53912397261024
0.7,0.25,Water,20260814,60,0,32.341645543945894,107150768.08648963,116.67303203211358,85164.30509140715,540,0.24472829054380368,445.45184735088276,0.21606117042983997,157.7116760951984,0.0,0.0010993524648603944,222.61130835312355
0.7,0.25,Water,20260815,60,0,32.52440538053686,108341444.18258564,117.92446340899548,86283.71530403449,540,0.2454187856182316,447.9199750422225,0.21837863594258422,159.78465797043424,0.0,0.0011059224528908735,221.9131956103329
0.7,0.25,Water,20260816,60,0,32.728011735758955,110002743.02944875,118.33649112531748,86867.45149497296,540,0.24618576144914303,451.34109428221586,0.2191416502320694,160.8656509166166,0.0,0.0011946853495692646,206.067448251461
0.7,0.25,Water,20260817,60,0,31.363402389104017,102656620.17495875,114.72229893296112,83183.18876481318,540,0.24099870288994724,436.01015145963004,0.21244870172770577,154.04294215706145,0.0,0.0011258332015078823,214.0625294823124
0.7,0.25,Water,20260818,60,0,32.98816495930112,111125919.57482822,118.86275135531318,87365.02355450267,540,0.2471622834679194,453.63943826940977,0.22011620621354291,161.7870806564864,0.0,0.001113062372205603,222.05609464467997
0.7,0.25,Water,20260819,60,0,32.137510780043286,107163319.72602269,116.60679441232139,85303.81167726214,540,0.24395472705387777,445.4779366985835,0.21593850817096555,157.97002162455954,0.0,0.0011863468172711564,205.63525227388752
0.7,0.25,Water,20260820,60,0,31.283106019120506,104895701.95868216,113.83198639407763,83504.99274814961,540,0.24069000355890588,440.7394921305391,0.21079997480384746,154.6388754595363,0.0,0.0011325631530486918,212.5179535560592
0.7,0.25,Water,20260821,60,0,33.16229631888111,111172916.73148808,119.15069376635812,87410.43862074187,540,0.2478137604124917,453.7353542815216,0.2206494329006632,161.87118263100348,0.0,0.0012472311210593686,198.69112967771727
0.7,0.25,Water,20260822,60,0,32.53695403669527,110386963.95411187,117.90674620740003,86920.46313248103,540,0.24546612513027685,452.1286361410054,0.21834582631000007,160.96382061570563,0.0,0.001143490798501884,214.66383940462677
0.7,0.25,Water,20260823,60,1,32.56420314992271,110351654.32767007,117.10278911211056,86332.38304041051,531,0.24764123840051347,455.871207750474,0.2205325595331649,162.58452549983147,0.016666666666666666,0.0010980762386373366,225.52280951623646
0.7,0.25,Water,20260824,60,0,32.536083448232645,108695372.52104804,117.86430694072416,86348.62093348082,540,0.2454628411503786,448.65100790127474,0.21826723507541512,159.90485358052004,0.0,0.0011546195722259857,212.59196280308322
0.7,0.25,Water,20260825,60,0,32.68027003433186,108247002.83859652,118.23769330223332,86237.28931766762,540,0.24600613525295673,447.7247063364581,0.21895869130043208,159.6986839216067,0.0,0.0011181509799473082,220.01155449020803
0.7,0.25,Water,20260826,60,0,32.35158294743174,107930190.77663496,117.60613274585637,86075.57469613153,540,0.2447658856776006,447.0690367945818,0.21778913471454883,159.39921240024358,0.0,0.0012258655136381696,199.6678126225896
0.7,0.25,Water,20260827,60,0,32.907585334294026,108986752.28630798,118.62084141975063,86501.03727998362,540,0.2468602293632679,449.2519549748431,0.21966822485139006,160.18710607404373,0.0,0.0011313146122564892,218.20652424075672
0.7,0.25,Water,20260828,60,0,32.88964229803539,109484196.11553496,118.61543610771525,86739.71848295548,540,0.24679291925896463,450.27603903057593,0.2196582150142875,160.6291083017694,0.0,0.001155310651642733,213.6160684644
0.7,0.25,Water,20260829,60,0,33.189439210841904,113285210.42867923,119.24624970053432,88196.53304863487,540,0.24791515577818563,458.0255743075667,0.2208263883343228,163.32691305302754,0.0,0.0011846870488731248,209.2663678682085
0.7,0.25,Water,20260830,60,0,32.67741592769847,108079281.78928946,118.20128238659608,86156.26542875472,540,0.245995392638646,447.3777130438147,0.21889126367888162,159.5486396828791,0.0,0.0011631064931538078,211.4985980102476
0.7,0.25,Water,20260831,60,0,33.078710098187976,107723017.86755289,118.99785243004239,86104.06772572277,540,0.24750125363763303,446.6397543044035,0.22036639338896738,159.45197726985697,0.0,0.0011244801642571701,220.10281862208925
0.7,0.25,Water,20260832,60,0,32.46273703441174,106693240.0255198,116.86287453121942,84920.63410547373,540,0.24518601039487362,444.4998021611854,0.2164127306133693,157.26043352865506,0.0,0.0012003012912170392,204.27038793423986
0.7,0.25,Water,20260833,60,0,33.10889265431433,109266221.2813505,118.93686144612064,86625.29345763149,540,0.2476141437290208,449.8275827744705,0.22025344712244563,160.41721010672498,0.0,0.0011212301128358817,220.84150335807556
0.7,0.25,Water,20260834,60,0,32.419387177066376,107189899.08126959,117.66837776020755,85763.23795321478,540,0.24502224833625322,445.53317846537783,0.2179044032596436,158.8208110244718,0.0,0.0010137016772545668,241.7104103051827
0.7,0.25,Water,20260835,60,0,33.376367221218544,110064146.38581645,119.56073737906317,87043.69706743374,540,0.24861232360182994,451.4670456490346,0.22140877292419106,161.19203160635877,0.0,0.001089748645947522,228.13730902658276
0.7,0.25,Water,20260836,60,0,32.80313371943631,110006842.30245805,118.40803551596612,86870.91926340113,540,0.24646813977648724,451.3495038594609,0.2192741398443817,160.8720727100021,0.0,0.001108661492135297,222.31144630250145
0.7,0.25,Water,20260837,60,0,32.95868420053656,107746757.44751143,118.69465980742861,86069.82529626077,540,0.24705181717883395,446.68896595976753,0.21980492556931225,159.38856536344585,0.0,0.0011893172176197808,207.7257551801586
0.7,0.5,Climate,20260808,60,0,70.76017763684594,2740151.2963707433,123.91635675861166,21233.761035439056,300,0.48566167111425057,95.57111307591403,0.4130545225287055,70.77920345146352,0.0,0.0019112351110496621,254.10880550824655
0.7,0.5,Climate,20260809,60,0,70.48367282024007,2731644.652543035,123.32253288351689,21141.679369075642,300,0.48471184849090176,95.4226502207073,0.41107510961172294,70.47226456358547,0.0,0.0020096781502706436,241.1887935516568
0.7,0.5,Climate,20260810,60,0,72.39769793804214,2810613.74116851,125.58523324652508,21545.26257510912,300,0.4912490812138724,96.79210954701679,0.4186174441550836,71.8175419170304,0.0,0.0021192120578191745,231.8074207823279
0.7,0.5,Climate,20260811,60,0,70.91400764421235,2748511.990057383,124.13787078314843,21278.639130771393,300,0.4861892897634704,95.71680434241738,0.4137929026104948,70.92879710257131,0.0,0.00204771476015492,237.4301827695415
0.7,0.5,Climate,20260812,60,0,71.49776667162958,2772048.471023721,124.58461860212739,21362.239037604402,300,0.48818632601234535,96.12575913915619,0.41528206200709133,71.20746345868135,0.0,0.001965768494444359,248.34375329142478
0.7,0.5,Climate,20260813,60,0,70.68876704725699,2739114.160812158,123.81368656998912,21227.17149412005,300,0.48541654637111065,95.55302473517271,0.4127122885666304,70.75723831373351,0.0,0.0020706926571289726,234.42230535754325
0.7,0.5,Climate,20260814,60,0,71.39687098015185,2770027.5055976156,124.68027038509716,21389.858709770317,300,0.4878417468132873,96.09071244745101,0.4156009012836572,71.29952903256772,0.0,0.0020076886952855116,242.98674787522862
0.7,0.5,Climate,20260815,60,0,70.31048802006885,2727231.824735162,123.52844407108417,21181.77459767582,300,0.48411599167991703,95.34554393948994,0.4117614802369472,70.60591532558607,0.0,0.0017075389275458645,283.51681116617686
0.7,0.5,Climate,20260816,60,0,72.34557532082603,2799890.1477725604,125.37859590914552,21476.54479884623,300,0.4910722123436499,96.607283158372,0.41792865303048504,71.58848266282077,0.0,0.0018821492578466937,260.91034507298843
0.7,0.5,Climate,20260817,60,0,70.47552501517953,2733585.15687525,123.30537120400619,21143.212919613885,300,0.4846838317060567,95.45653735034337,0.411017904013354,70.47737639871295,0.0,0.0019305412780958812,251.06110768276704
0.7,0.5,Climate,20260818,60,0,71.44638741262102,2764576.3114759782,124.6942090843089,21365.095627063678,300,0.4880108858506506,95.9961164401279,0.415647363614363,71.2169854235456,0.0,0.002008796281276158,242.9369719564717
0.7,0.5,Climate,20260819,60,0,71.16568035928773,2757654.9532537987,124.37981036256139,21328.156033869505,300,0.48705126478735183,95.87587380312455,0.4145993678752046,71.09385344623169,0.0,0.0019169204949070432,254.08005500560435
0.7,0.5,Climate,20260820,60,0,71.88976294534157,2787991.1645464683,124.96723188908493,21425.78891145302,300,0.4895227708198451,96.40178360290624,0.4165574396302831,71.41929637151006,0.0,0.0019648719375540695,249.13723966622345
0.7,0.5,Climate,20260821,60,0,72.4123509530327,2804995.138522814,125.59384148802155,21533.80691833292,300,0.49129879215888134,96.69531423536534,0.4186461382934052,71.77935639444307,0.0,0.0021593348799337398,227.5232048184935
0.7,0.5,Climate,20260822,60,0,71.62399340406651,2780065.5361718405,124.01017370023833,21275.13324000865,300,0.48861707366834994,96.26466184728851,0.4133672456674611,70.91711080002884,0.0,0.0019865499826261595,245.9626377094287
0.7,0.5,Climate,20260823,60,0,70.42568370412526,2726880.59120082,123.66136931740286,21192.308737227224,300,0.4845124136838507,95.33940408178248,0.41220456439134284,70.64102912409075,0.0,0.0019267314811630264,251.4685717344412
0.7,0.5,Climate,20260824,60,0,71.91813161026,2787018.2744472255,125.05120858305348,21430.098027733475,300,0.4896193474195371,96.38496207824167,0.4168373619435116,71.43366009244491,0.0,0.0018990275101834358,257.82635838289804
0.7,0.5,Climate,20260825,60,0,71.83927716239765,2786197.1640675557,124.94776856278804,21421.77737202705,300,0.4893508528734697,96.37076257986747,0.4164925618759601,71.40592457342349,0.0,0.0019442458044874457,251.6918651664394
0.7,0.5,Climate,20260826,60,0,69.96674458346155,2712342.4333138415,122.88590523668556,21073.721858275152,300,0.4829311358204934,95.084917018313,0.4096196841222852,70.24573952758384,0.0,0.0019527758397547238,247.30495225768024
0.7,0.5,Climate,20260827,60,0,71.09064078208417,2754356.5442592665,124.1184609135692,21275.84946616784,300,0.4867944151353292,95.81851846519137,0.41372820304523067,70.91949822055948,0.0,0.00202844086959576,239.98452330155453
0.7,0.5,Climate,20260828,60,0,71.83820864320204,2788014.744411029,125.06531929810869,21450.75547083119,300,0.48934721361967526,96.4021912685085,0.4168843976603623,71.50251823610397,0.0,0.0020788312005199845,235.39535749572804
0.7,0.5,Climate,20260829,60,0,71.78263710675027,2779498.284708288,124.93244088904534,21416.377139651493,300,0.48915790602064374,96.25484030614231,0.4164414696301511,71.38792379883832,0.0,0.0020237615841009245,241.70727909036617
0.7,0.5,Climate,20260830,60,0,70.49048963796709,2730657.737213416,123.39033436920977,21152.631302092796,300,0.48473528734065113,95.40541104873483,0.41130111456403257,70.50877100697599,0.0,0.0020331709408776986,238.41344453378622
0.7,0.5,Climate,20260831,60,0,71.47071313761303,2771385.236243996,124.35169239499842,21319.693676260547,300,0.4880939565890056,96.11425902268604,0.4145056413166614,71.06564558753516,0.0,0.001960268236521681,248.99345278128072
0.7,0.5,Climate,20260832,60,0,69.79340100228477,2705382.8546276963,122.57711873111386,21018.846849760554,300,0.48233253053014774,94.96284983486431,0.40859039577037953,70.06282283253518,0.0,0.0019778292920643106,243.86964661986832
0.7,0.5,Climate,20260833,60,0,70.92903931230647,2747658.621949699,124.23223996497981,21293.160211133676,300,0.48624081589375195,95.70194393619005,0.4141074665499327,70.97720070377892,0.0,0.0019347915235803522,251.31431989838273
0.7,0.5,Climate,20260834,60,0,71.25474095989857,2761247.81000362,124.3682376924994,21318.508816516314,300,0.48735593071148925,95.93831021379694,0.41456079230833137,71.06169605505438,0.0,0.0018158898904734467,268.384076186703
0.7,0.5,Climate,20260835,60,0,70.43144924655786,2730093.8754417156,123.64556273272119,21197.901233703393,300,0.48453224607710704,95.39556026429665,0.4121518757757373,70.65967077901131,0.0,0.0018979840915947393,255.28783313983917
0.7,0.5,Climate,20260836,60,0,71.2978720092672,2762497.587960715,124.5936246665139,21358.632591071386,300,0.48750340856677504,95.96001924344525,0.415312082221713,71.19544197023795,0.0,0.001869431479715729,260.77629153912943
0.7,0.5,Climate,20260837,60,0,71.83888314583552,2784975.120669123,124.97074472052589,21416.411551538902,300,0.4893495109014126,96.34962585412778,0.41656914906841963,71.38803850512967,0.0,0.0018066885618901278,270.8543803418245
0.7,0.5,Traffic,20260808,60,0,89.14315864596503,4671912699.864774,178.87608538294933,895269.496307829,360,0.4976141930528918,3602.4346319402034,0.496878014952637,2486.8597119661918,0.0,0.00032956045147954094,1509.9329753278469
0.7,0.5,Traffic,20260809,60,0,88.91621256954419,4662535768.431507,178.63895678280088,894173.2357250754,360,0.49698036114100624,3598.8176177243377,0.4962193243966691,2483.814543680765,0.0,0.0003691014049071063,1346.4602261974155
0.7,0.5,Traffic,20260810,60,0,88.98138631764512,4669799603.524146,178.7244903386566,895001.279100226,360,0.4971624659495266,3601.619852975165,0.4964569176073795,2486.1146641672944,0.0,0.0003327740852923344,1493.9939373968405
0.7,0.5,Traffic,20260811,60,0,88.90027787953746,4668201946.293621,178.6126338487154,894475.5582244474,360,0.49693582717695906,3601.003697386798,0.4961462051353206,2484.6543284012428,0.0,0.00037485935810988805,1325.6593877837377
0.7,0.5,Traffic,20260812,60,0,89.5251374640995,4699266820.358863,179.2906462795873,897778.154233155,360,0.4986791928687985,3612.9653949963713,0.4980295729988536,2493.828206203208,0.0,0.00033455676078171894,1490.5667776780067
0.7,0.5,Traffic,20260813,60,0,89.73019041494987,4709208452.717204,179.49970396806725,898805.7408091289,360,0.4992499663799852,3616.7851181513565,0.4986102888001868,2496.6826133586915,0.0,0.00037750158129928413,1322.5109274023905
0.7,0.5,Traffic,20260814,60,0,89.07300373984411,4675577287.300757,178.80597390230278,895415.5603829349,360,0.49741834544823116,3603.8472063818895,0.49668326083972997,2487.2654455081524,0.0,0.0003294825968079903,1509.6953534638653
0.7,0.5,Traffic,20260815,60,0,88.84603427832955,4668981115.252691,178.49506513196653,894180.6822701363,360,0.49678419828133275,3601.3042063692747,0.4958196253665737,2483.835228528156,0.0,0.0003301713228298871,1504.625519937384
0.7,0.5,Traffic,20260816,60,0,88.91047651212017,4660952429.72735,178.6376401049414,894144.4709762166,360,0.49696433057816175,3598.206509162026,0.49621566695817054,2483.7346416006017,0.0,0.00029881656245983975,1663.1083849140812
0.7,0.5,Traffic,20260817,60,0,89.41507115525732,4694476784.240734,179.1845716008126,897285.295871277,360,0.4983725490569204,3611.1235494728776,0.49773492111336837,2492.4591551979915,0.0,0.0002986462920444579,1668.7719296468958
0.7,0.5,Traffic,20260818,60,0,89.43997529783381,4694098322.347946,179.20559990989807,897228.0257776349,360,0.4984419483022232,3610.977984773941,0.4977933330830502,2492.3000716045417,0.0,0.0003540227409127353,1407.9376568215612
0.7,0.5,Traffic,20260819,60,0,89.43377889597897,4685011941.603171,179.19234624012924,896738.2228180517,360,0.49842468197305556,3607.481401200678,0.4977565173336923,2490.9395078279213,0.0,0.0003939781861089015,1265.1073068174476
0.7,0.5,Traffic,20260820,60,0,89.23372644414772,4682986234.128587,178.99820783644313,896287.2599311089,360,0.49786691228164054,3606.7014147003674,0.4972172439901198,2489.686833141969,0.0,0.00037047769337393956,1343.8512525479405
0.7,0.5,Traffic,20260821,60,0,89.28759716794683,4687981016.878912,179.03996644756035,896552.0291622119,360,0.4980171716359756,3608.624321168707,0.49733324013211205,2490.4223032283667,0.0,0.0003547120445352232,1404.004119139862
0.7,0.5,Traffic,20260822,60,0,88.69471239784403,4651689249.529286,178.3766816961871,892989.5815691969,360,0.4963609584819522,3594.6291917901963,0.4954907824894086,2480.526615469991,0.0,0.0003538298912464496,1402.823703597803
0.7,0.5,Traffic,20260823,60,0,88.2602758682541,4636609396.7883415,177.8133402179421,890511.1702807035,360,0.49514385078214646,3588.797925020895,0.4939259450498392,2473.6421396686205,0.0,0.0003996658839812993,1238.8944631694274
0.7,0.5,Traffic,20260824,60,0,89.18239252916757,4674236947.6054945,178.9340543983457,895614.4277687409,360,0.4977236865335792,3603.330615018052,0.4970390399954047,2487.8178549131694,0.0,0.0003217538664496901,1546.908175574027
0.7,0.5,Traffic,20260825,60,0,89.2531086024093,4684664514.693415,179.01142267813825,896377.0124813459,360,0.4979209793464814,3607.3476385371405,0.49725395188371735,2489.9361457815166,0.0,0.0003309764446534943,1504.4000483713112
0.7,0.5,Traffic,20260826,60,0,88.48028123718493,4645437646.162453,177.87196027966922,890665.3407547749,360,0.495760586364205,3592.212892015501,0.49408877855463673,2474.0703909854856,0.0,0.00030525121400473845,1624.1068458339014
0.7,0.5,Traffic,20260827,60,0,89.44094564624028,4695374462.968627,179.19958430340967,897410.3789028513,360,0.4984446521325676,3611.468792829244,0.49777662306502685,2492.806608063476,0.0,0.00033092331685010643,1506.2240306213928
0.7,0.5,Traffic,20260828,60,0,88.96684222059007,4668293640.004757,178.71436610168152,894800.0744873391,360,0.49712183343665045,3601.039063013139,0.4964287947268931,2485.555762464831,0.0,0.0003397693260414941,1463.1156944872057
0.7,0.5,Traffic,20260829,60,0,89.64750338651893,4701265384.444319,179.41589832004237,898177.3027407803,360,0.4990198821092506,3613.733597312526,0.49837749533345105,2494.936952057723,0.0,0.00033901484300954304,1471.9706006949186
0.7,0.5,Traffic,20260830,60,0,89.20613542146219,4682956784.946853,178.96419239446493,896195.1346429116,360,0.49778993623331996,3606.6900742258176,0.49712275665129146,2489.4309295636435,0.0,0.0003363788326820408,1479.8491696528706
0.7,0.5,Traffic,20260831,60,0,88.27602517070127,4630062106.327498,177.31779721662429,887695.261362989,360,0.4951880259353267,3586.2631845261294,0.49254943671284523,2465.8201704527473,0.0,0.00033603182887590117,1473.6342911081883
0.7,0.5,Traffic,20260832,60,0,89.36011012681368,4687623313.776572,179.11590078736154,896680.0442597783,360,0.4982193574421191,3608.486645617743,0.49754416885378205,2490.7779007216063,0.0,0.0003656389757945041,1362.5991495013038
0.7,0.5,Traffic,20260833,60,0,89.770176918548,4714123406.752557,179.5390868176493,899203.1490694532,360,0.4993611944790286,3618.6720272745533,0.49871968560458135,2497.7865251929256,0.0,0.00037381800722444277,1335.840395134333
0.7,0.5,Traffic,20260834,60,0,89.53711687770023,4692387960.510284,179.30687983985968,897399.1218777286,360,0.49871255603721,3610.3200691098646,0.49807466622183244,2492.775338549246,0.0,0.0003404556982498276,1464.838328748585
0.7,0.5,Traffic,20260835,60,0,89.3440502309195,4690380539.571383,179.08042264067748,896716.2100961248,360,0.49817458516880375,3609.5477323541145,0.49744561844632634,2490.8783613781243,0.0,0.0004052170665273939,1229.4017856602927
0.7,0.5,Traffic,20260836,60,1,88.21468654083513,4631401902.588807,176.49118944743333,883819.69412879,354,0.4991933791391573,3617.0507629838817,0.4985626820548964,2496.6658026237005,0.016666666666666666,0.00037770868420849377,1321.6359591658327
0.7,0.5,Traffic,20260837,60,0,89.6239543787751,4704823742.723473,179.38771650269916,898369.6972711385,360,0.49895433541550754,3615.1009447729857,0.4982992125074977,2495.4713813087183,0.0,0.0003670454648045163,1359.3801947157806
0.7,0.5,Water,20260808,60,0,133.90176522235203,439839949.55696225,239.38958091254125,174022.11543960174,540,0.49796207877030607,902.506745185589,0.44331403872692826,322.2631767400032,0.0,0.001177029519005285,423.06677167377836
0.7,0.5,Water,20260809,60,0,130.1011783527946,439072103.67544955,234.1582419235355,172295.13626676268,540,0.49084428086790494,901.7186303320285,0.43362637393247316,319.0650671606716,0.0,0.0010995676047372161,446.39754641117406
0.7,0.5,Water,20260810,60,0,133.08392415737882,438942247.5124057,238.59089469740084,173741.6082269276,540,0.4964390309016338,901.5852782248955,0.4418349901803719,321.74371893875485,0.0,0.0012071533058403306,411.24770855516965
0.7,0.5,Water,20260811,60,0,133.9247477211302,445922962.47097474,239.48716748175374,175154.18141482063,540,0.4980048112982113,908.7261764883514,0.44349475459584026,324.3595952126308,0.0,0.0011960714995495336,416.3670913367392
0.7,0.5,Water,20260812,60,0,134.69677008478683,446898970.01042265,240.17228427509588,175392.35755389612,540,0.4994381474416783,909.720113663805,0.4447634893983257,324.80066213684466,0.0,0.0011840133398359767,421.8180071441309
0.7,0.5,Water,20260813,60,0,129.50333982925056,430217120.32407385,232.6454202183129,170080.8503529065,540,0.4897152230468207,892.5796160402203,0.430824852256135,314.9645376905676,0.0,0.0010759025284180737,455.1669041682253
0.7,0.5,Water,20260814,60,0,131.70460039770538,437809765.5752869,235.6845895587955,172252.52111505298,540,0.49385970492023223,900.4214708343089,0.43645294362739906,318.9861502130611,0.0,0.0010993524648603944,449.2278142869739
0.7,0.5,Water,20260815,60,0,134.24605871436037,448277442.2508448,239.78067199471977,175604.55231699327,540,0.4986018576319193,911.1220618422311,0.44403828147170327,325.1936154018394,0.0,0.0011059224528908735,450.84703392048647
0.7,0.5,Water,20260816,60,0,134.63643634209805,451885176.03231007,240.21942941286684,176245.19833633897,540,0.4993262800683019,914.7810667366446,0.44485079520901266,326.37999691914627,0.0,0.0011946853495692646,417.95630979180453
0.7,0.5,Water,20260817,60,0,131.73375316271174,432358481.2402369,235.9382382302559,171349.15668217101,540,0.49391435972824527,894.7982197951596,0.4369226633893628,317.3132531151315,0.0,0.0011258332015078823,438.7100674120483
0.7,0.5,Water,20260818,60,0,134.1542805924365,452117887.84525394,239.7413874679766,176272.19028672104,540,0.49843139241921397,915.0165833806409,0.4439655323481048,326.4299820124464,0.0,0.001113062372205603,447.8018526774388
0.7,0.5,Water,20260819,60,0,132.13712171368041,440534088.8385984,236.5949711619176,173085.41083195712,540,0.4946699642628938,903.2186159616213,0.43813883548503263,320.5285385776984,0.0,0.0011863468172711564,416.96909964384383
0.7,0.5,Water,20260820,60,0,129.36287004236198,435096180.9803007,231.84158813304893,170328.10269311594,540,0.4894495586358399,897.6266865919475,0.429336274320461,315.42241239465915,0.0,0.0011325631530486918,432.1609415936889
0.7,0.5,Water,20260821,60,0,134.2048565497776,449873116.7621974,239.75065475982373,175888.52940414482,540,0.49852533749972805,912.7422223029017,0.44398269399967355,325.71949889656446,0.0,0.0012472311210593686,399.705659265696
0.7,0.5,Water,20260822,60,0,132.8282318370325,449172101.4771591,238.46838564537774,175594.73683759902,540,0.495961900860959,912.0308042608348,0.4416081215655143,325.17543858814633,0.0,0.001143490798501884,433.726184338983
0.7,0.5,Water,20260823,60,0,132.4743565466384,449518159.73018706,236.25088779344912,174368.06584642778,540,0.49530080001325943,912.3820671941023,0.4375016440619428,322.90382564153293,0.0,0.0010980762386373366,451.06230568098397
0.7,0.5,Water,20260824,60,0,133.70817655725145,447154207.26619244,239.3048102492625,175368.46019102397,540,0.4976019838839878,909.9798606503582,0.4431570560171528,324.7564077611555,0.0,0.0011546195722259857,430.96617782484253
0.7,0.5,Water,20260825,60,0,133.42654343941297,439941325.9617236,238.98636768141714,173981.24358790953,540,0.4970776514333233,902.6107462180898,0.4425673475581799,322.18748812575836,0.0,0.0011181509799473082,444.55324938028275
0.7,0.5,Water,20260826,60,0,133.4785921008852,445521833.06723034,239.07783557504195,175058.29914483646,540,0.4971745950514791,908.3173628231391,0.44273673254637397,324.18203545340083,0.0,0.0012258655136381696,405.57025996754385
0.7,0.5,Water,20260827,60,0,133.83848353786334,444716817.51286906,239.34163577883692,174870.9413145082,540,0.4978443969641878,907.4963702742114,0.4432252514422906,323.83507650834855,0.0,0.0011313146122564892,440.05831054475726
0.7,0.5,Water,20260828,60,0,134.37117311254093,447985750.57214916,239.87471742143646,175553.23024717704,540,0.4988341465496971,910.8255825350298,0.4442124396693268,325.09857453180933,0.0,0.001155310651642733,431.7749047326849
0.7,0.5,Water,20260829,60,0,134.1477474001056,456296339.63196474,239.72828990446325,177036.9277548468,540,0.49841925569207296,919.2351285393066,0.4439412776008579,327.84616250897557,0.0,0.0011846870488731248,420.71807585485953
0.7,0.5,Water,20260830,60,0,133.71806162592742,443639609.5297585,239.25351961079593,174654.88556308323,540,0.49762037744450716,906.3966198428345,0.4430620733533258,323.43497326496896,0.0,0.0011631064931538078,427.8373307805981
0.7,0.5,Water,20260831,60,0,134.09623276857616,435852792.888318,239.60469110387726,173257.35790206757,540,0.4983235464824482,898.4068130001203,0.44371239093310605,320.8469590779029,0.0,0.0011244801642571701,443.1590367906934
0.7,0.5,Water,20260832,60,0,132.21637786614542,431831060.1558177,236.09159052106716,171186.66535849185,540,0.4948182941207465,894.2522845577189,0.4372066491130873,317.0123432564664,0.0,0.0012003012912170392,412.24507358400666
0.7,0.5,Water,20260833,60,0,133.7906967029851,441351655.68281347,239.29693274300502,174266.89189340334,540,0.49775551172234384,904.0563482958897,0.4431424680426019,322.71646646926547,0.0,0.0011212301128358817,443.93698137788243
0.7,0.5,Water,20260834,60,0,133.26037545229565,441145270.6689863,238.81114274355667,174180.93473877793,540,0.4967680274130037,903.8449460079139,0.44224285693251236,322.55728655329244,0.0,0.0010137016772545668,490.0534728899855
0.7,0.5,Water,20260835,60,0,134.55251931862242,444591051.60943353,240.06407768488648,174942.37243959232,540,0.49917064424054725,907.3680412267624,0.44456310682386385,323.9673563696154,0.0,0.001089748645947522,458.0603482250946
0.7,0.5,Water,20260836,60,0,134.63045499052407,454206651.5584699,240.1179494320558,176692.65262737998,540,0.49931518842296335,917.12781487205,0.44466286931862187,327.2086159766296,0.0,0.001108661492135297,450.37659552987225
0.7,0.5,Water,20260837,60,0,133.5405391165249,438173490.2126559,239.03517672833263,173658.18143225997,540,0.497289950290805,900.7954203273327,0.44265773468209746,321.5892248745555,0.0,0.0011893172176197808,418.13062396090385
0.7,1.0,Climate,20260808,60,0,294.2306794943801,11396573.48742905,252.96286105677177,43350.01934873603,300,0.9903377866404643,194.9065886301183,0.8432095368559059,144.50006449578677,0.0,0.0019112351110496621,518.1663840910524
0.7,1.0,Climate,20260809,60,0,294.5192559661065,11409213.380383687,253.2649858822566,43409.36744545059,300,0.9908233208904377,195.01464372694073,0.844216619607522,144.6978914848353,0.0,0.0020096781502706436,493.02587121077244
0.7,1.0,Climate,20260810,60,0,298.39346681289334,11575576.78092665,255.0532566245326,43744.90797338463,300,0.9973188504065844,196.43130080621614,0.8501775220817753,145.8163599112821,0.0,0.0021192120578191745,470.60833139695285
0.7,1.0,Climate,20260811,60,0,293.09299249473656,11364645.702757332,252.48653567637726,43284.77594006616,300,0.9884212875333684,194.6333793122969,0.8416217855879242,144.2825864668872,0.0,0.00204771476015492,482.6948102178984
0.7,1.0,Climate,20260812,60,0,293.6216029364002,11378790.982075177,252.76333781761855,43330.843235581946,300,0.9893122239488742,194.75446920053957,0.8425444593920618,144.43614411860648,0.0,0.001965768494444359,503.2699561239594
0.7,1.0,Climate,20260813,60,0,296.79878616095147,11500062.813063642,254.3862785646983,43614.04623526943,300,0.9946503341391746,195.78953677408848,0.8479542618823277,145.38015411756476,0.0,0.0020706926571289726,480.34667564729915
0.7,1.0,Climate,20260814,60,0,292.25156923261017,11339104.186402425,252.3391267999987,43289.996744132506,300,0.9870014678013573,194.41454152062482,0.8411304226666623,144.29998914710836,0.0,0.0020076886952855116,491.610811038111
0.7,1.0,Climate,20260815,60,0,290.8765996934102,11281782.299277522,251.58960117493257,43145.16326767573,300,0.9846769346565911,193.92251286942354,0.8386320039164419,143.81721089225243,0.0,0.0017075389275458645,576.6644137781408
0.7,1.0,Climate,20260816,60,0,297.0299767280091,11495915.738709195,254.21565042837872,43548.53034276803,300,0.9950376487483762,195.75423144604218,0.8473855014279291,145.16176780922675,0.0,0.0018821492578466937,528.670956673631
0.7,1.0,Climate,20260817,60,0,291.0798168274892,11289192.72681465,250.85744911150326,43019.42801740206,300,0.9850208404351811,193.98619131968002,0.8361914970383442,143.3980933913402,0.0,0.0019305412780958812,510.23039580211434
0.7,1.0,Climate,20260818,60,0,295.4175681253634,11433060.748234766,253.6785674712665,43466.06903556073,300,0.9923332238137271,195.2183456904496,0.8455952249042217,144.88689678520242,0.0,0.002008796281276158,493.99395700957433
0.7,1.0,Climate,20260819,60,0,291.22410673274766,11287688.476990378,251.63188248391563,43148.43827339699,300,0.9852649503775582,193.97326686075738,0.8387729416130522,143.82812757798996,0.0,0.0019169204949070432,513.9832105688538
0.7,1.0,Climate,20260820,60,0,297.17050062622485,11523050.831921007,254.4142674727578,43618.57159752108,300,0.9952729954242452,195.98512555736644,0.8480475582425261,145.3952386584036,0.0,0.0019648719375540695,506.53326377249317
0.7,1.0,Climate,20260821,60,0,297.0341931767661,11508058.139355509,254.40596039811808,43618.4977980221,300,0.9950447111843201,195.85758549990268,0.848019867993727,145.39499266007368,0.0,0.0021593348799337398,460.81074335948
0.7,1.0,Climate,20260822,60,0,291.5698304226632,11316313.601430172,250.3217198951512,42939.96291278513,300,0.9858496004676427,194.21906533113727,0.8344057329838374,143.13320970928376,0.0,0.0019865499826261595,496.2621676220696
0.7,1.0,Climate,20260823,60,0,295.76100884072343,11455345.966861041,253.80698830153335,43500.09620690773,300,0.9929098798325445,195.40851198502963,0.8460232943384445,145.00032068969242,0.0,0.0019267314811630264,515.3338124901544
0.7,1.0,Climate,20260824,60,0,296.2928314649629,11484438.12447117,254.02940973354666,43543.81911840635,300,0.9938021792841251,195.6564857470968,0.8467646991118222,145.14606372802115,0.0,0.0018990275101834358,523.3216338125239
0.7,1.0,Climate,20260825,60,0,295.6046637260003,11462065.65952442,253.7001344305113,43491.61107956495,300,0.9926474092479503,195.4658167858208,0.845667114768371,144.97203693188317,0.0,0.0019442458044874457,510.5565391767108
0.7,1.0,Climate,20260826,60,0,293.2917058909873,11364199.531805987,252.68542239549015,43321.465165875925,300,0.9887562994169111,194.62955866471043,0.8422847413183004,144.4048838862531,0.0,0.0019527758397547238,506.33374260770387
0.7,1.0,Climate,20260827,60,0,293.50523833203715,11367617.635790756,252.31763201373957,43245.916278034456,300,0.9891161683240871,194.65882663257062,0.8410587733791319,144.15305426011486,0.0,0.00202844086959576,487.6238608430347
0.7,1.0,Climate,20260828,60,0,297.13057798014665,11529887.722315855,254.47983765550285,43643.4589948782,300,0.9952061394172678,196.04325817121634,0.8482661255183428,145.478196649594,0.0,0.0020788312005199845,478.73350138690137
0.7,1.0,Climate,20260829,60,0,295.2879623448357,11434958.568276923,253.66192520566062,43484.02890315497,300,0.9921155214067156,195.23454755991082,0.8455397506855354,144.94676301051658,0.0,0.0020237615841009245,490.23339962620764
0.7,1.0,Climate,20260830,60,0,295.52181578523005,11448967.729267491,253.75855109119934,43504.685021388985,300,0.9925082968338855,195.35410352543138,0.8458618369706644,145.01561673796328,0.0,0.0020331709408776986,488.15782130224136
0.7,1.0,Climate,20260831,60,0,292.9091200167561,11356138.165423768,252.1145747930383,43225.0525237738,300,0.9881111948506539,194.56051471135117,0.8403819159767942,144.08350841257933,0.0,0.001960268236521681,504.06938011910455
0.7,1.0,Climate,20260832,60,0,291.7931125073011,11309830.600337118,251.83209774572032,43178.64975851903,300,0.9862270065039136,194.16342429627952,0.8394403258190677,143.92883252839675,0.0,0.0019778292920643106,498.6411165316312
0.7,1.0,Climate,20260833,60,0,296.8921900749025,11502121.285800166,254.3366742759246,43594.66695685843,300,0.9948068322961037,195.80705882577513,0.847788914253082,145.31555652286144,0.0,0.0019347915235803522,514.1674543080503
0.7,1.0,Climate,20260834,60,0,294.36540092554264,11407288.251922838,253.16825369858864,43399.336988396695,300,0.9905644870906397,194.9981901789761,0.8438941789952955,144.66445662798898,0.0,0.0018158898904734467,545.4981011168994
0.7,1.0,Climate,20260835,60,0,292.66562362434735,11347141.806564622,252.3998632823262,43276.04976619989,300,0.9877003992850385,194.48343379805405,0.841332877607754,144.2534992206663,0.0,0.0018979840915947393,520.394456233374
0.7,1.0,Climate,20260836,60,0,295.5692527269282,11453919.988138901,253.8052395701106,43514.16037602292,300,0.9925879519836487,195.39634923354208,0.8460174652337019,145.04720125340972,0.0,0.001869431479715729,530.9571186500959
0.7,1.0,Climate,20260837,60,0,294.1685638370847,11403329.68700712,253.06887030529515,43374.275025545714,300,0.9902332449766312,194.96435304098645,0.8435629010176505,144.58091675181905,0.0,0.0018066885618901278,548.0929396822359
0.7,1.0,Traffic,20260808,60,0,356.57695304060087,18687798287.753944,357.75362087841626,1790551.8156336094,360,0.9952344127007925,7204.897695270663,0.9937600579956007,4973.755043426693,0.0,0.00032956045147954094,3019.8842374221485
0.7,1.0,Traffic,20260809,60,0,355.6960219939113,18653765546.08009,357.2935511815241,1788492.7817032416,360,0.9940042784307533,7198.334210480785,0.9924820866153448,4968.035504731227,0.0,0.0003691014049071063,2693.0384583090918
0.7,1.0,Traffic,20260810,60,0,355.9335742686766,18681678923.241596,357.4536712342339,1790083.2290942606,360,0.9943361468681233,7203.717968143949,0.9929268645395387,4972.453414150724,0.0,0.0003327740852923344,2988.0215762433
0.7,1.0,Traffic,20260811,60,0,355.61734591463306,18674226543.20172,357.2336552248246,1789016.1419175745,360,0.9938943409004706,7202.280993469615,0.992315708957846,4969.4892831043735,0.0,0.00037485935810988805,2651.3792957227324
0.7,1.0,Traffic,20260812,60,0,358.148009081126,18799296628.97828,358.6056092553722,1795660.8613324084,360,0.9974244737226502,7226.359277937166,0.9961266923760339,4987.9468370344675,0.0,0.00033455676078171894,2981.33109428752
0.7,1.0,Traffic,20260813,60,0,358.9219242946164,18838191918.05088,358.99974707869563,1797655.6097602206,360,0.9985015499551432,7233.83099633069,0.9972215196630434,4993.487804889502,0.0,0.00037750158129928413,2645.026138747559
0.7,1.0,Traffic,20260814,60,0,356.5603974417783,18713869704.98525,357.75084738934015,1791427.5538771644,360,0.9952113084412698,7209.92173346818,0.9937523538592782,4976.18764965879,0.0,0.0003294825968079903,3020.5276942783125
0.7,1.0,Traffic,20260815,60,0,355.39061522442887,18676929801.167103,356.9936012598739,1788402.1589733528,360,0.9935774521400892,7202.802271255092,0.9916488923885386,4967.78377492598,0.0,0.0003301713228298871,3009.2784667795218
0.7,1.0,Traffic,20260816,60,0,355.81613120433605,18652707670.313885,357.3629897097981,1788725.2722375053,360,0.9941720888429059,7198.130094822059,0.9926749714161058,4968.681311770848,0.0,0.00029881656245983975,3327.031409032156
0.7,1.0,Traffic,20260817,60,0,357.6466290115433,18777190762.067112,358.3624981743346,1794535.8772834314,360,0.9967260698734624,7222.109333703292,0.995451383817596,4984.821881342865,0.0,0.0002986462920444579,3337.480144320978
0.7,1.0,Traffic,20260818,60,0,357.8108780867082,18779356071.473637,358.43659816878466,1794591.9247037875,360,0.9969549166318463,7222.525733863165,0.9956572171355129,4984.977568621632,0.0,0.0003540227409127353,2816.0759223023765
0.7,1.0,Traffic,20260819,60,0,357.7031750158077,18740737402.974243,358.3678886285162,1793476.0633094087,360,0.9968048608426154,7215.09555703531,0.9954663573014338,4981.877953637247,0.0,0.0003939781861089015,2530.101655341607
0.7,1.0,Traffic,20260820,60,0,357.02650945206716,18736574194.44723,358.0422040955449,1792797.9667078515,360,0.9958615887931013,7214.294104693826,0.9945616780431803,4979.994351966254,0.0,0.00037047769337393956,2688.047368584575
0.7,1.0,Traffic,20260821,60,0,357.15155049214394,18754311273.536095,358.080520077823,1793191.8731312484,360,0.9960359633346355,7217.708022160207,0.994668111327286,4981.08853647569,0.0,0.0003547120445352232,2808.0128055412797
0.7,1.0,Traffic,20260822,60,0,354.78497772190724,18607549781.70739,356.75513704165786,1786013.4129901815,360,0.9927304906193312,7189.411539376538,0.990986491782383,4961.148369417171,0.0,0.0003538298912464496,2805.6716382050226
0.7,1.0,Traffic,20260823,60,0,353.0482116664756,18546229757.260944,355.6316428447721,1781038.545320792,360,0.9902976708299991,7177.555634147352,0.9878656745688114,4947.329292557755,0.0,0.0003996658839812993,2477.813870338595
0.7,1.0,Traffic,20260824,60,0,357.121886180315,18718955061.70322,358.0788106574504,1792323.0761259792,360,0.9959945980725818,7210.901288578291,0.9946633629373622,4978.675211461054,0.0,0.0003217538664496901,3095.517107727801
0.7,1.0,Traffic,20260825,60,0,357.01006551265795,18741914505.68943,358.0208488433549,1792844.2935248325,360,0.9958386548151512,7215.322142975675,0.994502357898208,4980.123037568979,0.0,0.0003309764446534943,3008.7901145282835
0.7,1.0,Traffic,20260826,60,0,353.30256988740035,18550112547.77438,355.4244716301331,1779773.3485231886,360,0.9906543430808755,7178.306932033792,0.987290198972592,4943.814857008857,0.0,0.00030525121400473845,3245.3739661965683
0.7,1.0,Traffic,20260827,60,0,357.76681882938834,18780353224.35411,358.40108511099936,1794784.616216344,360,0.996893534421065,7222.717483428802,0.995558569752776,4985.512822823178,0.0,0.00033092331685010643,3012.4608441314926
0.7,1.0,Traffic,20260828,60,0,355.5959460170228,18661871742.376324,357.29248490307543,1788993.6253315734,360,0.9938644357828447,7199.898097731107,0.992479124730765,4969.426737032149,0.0,0.0003397693260414941,2925.1152461640095
0.7,1.0,Traffic,20260829,60,0,358.7301654736625,18810279682.617035,358.90366040012657,1796660.3776643106,360,0.998234782940008,7228.469886231693,0.9969546122225738,4990.723271289752,0.0,0.00033901484300954304,2944.516452667261
0.7,1.0,Traffic,20260830,60,0,356.94129238894084,18738936225.305626,357.99109958011405,1792741.1849558477,360,0.9957427328227307,7214.748826248144,0.9944197210558724,4979.836624877355,0.0,0.0003363788326820408,2960.1824968693795
0.7,1.0,Traffic,20260831,60,0,353.14600117291286,18522167086.105816,354.6563977709506,1775485.1768858703,360,0.990434810762022,7172.897889142972,0.9851566604748628,4931.903269127418,0.0,0.00033603182887590117,2947.443443304879
0.7,1.0,Traffic,20260832,60,0,357.6248509044317,18760998871.73257,358.3254614630662,1793850.1453751007,360,0.9966957226874316,7218.994788390742,0.9953485040640727,4982.917070486391,0.0,0.0003656389757945041,2725.901199459636
0.7,1.0,Traffic,20260833,60,0,359.1099839497355,18858800794.089455,359.09341716231256,1798499.4734520654,360,0.998763101638076,7237.786799938196,0.9974817143397571,4995.831870700182,0.0,0.00037381800722444277,2671.789700698961
0.7,1.0,Traffic,20260834,60,0,358.1391534662895,18769153003.155155,358.60975476225536,1794779.1936949966,360,0.99741214242198,7220.56342122105,0.9961382076729316,4985.497760263879,0.0,0.0003404556982498276,2929.6385625188605
0.7,1.0,Traffic,20260835,60,0,357.3678838443823,18760870153.45016,358.15688973016813,1793406.4909012665,360,0.996337576444046,7218.970023765733,0.994880249250467,4981.684696947962,0.0,0.0004052170665273939,2458.7749597577485
0.7,1.0,Traffic,20260836,60,1,352.89086262143525,18525764259.1673,352.99852554027484,1767675.121036383,354,0.9984321927719361,7234.132110956897,0.9971709761024713,4993.432545300518,0.016666666666666666,0.00037770868420849377,2643.392208109267
0.7,1.0,Traffic,20260837,60,0,358.5258666184875,18821726484.13211,358.79053803532867,1796841.1711030141,360,0.9979504922847396,7230.668957090598,0.9966403834314685,4991.22547528615,0.0,0.0003670454648045163,2718.8743302310936
0.7,1.0,Water,20260808,60,0,536.8790805539927,1766621865.6082892,479.3558083613454,348742.43538887065,540,0.9971060723636332,1808.7349096395203,0.8876959414098989,645.8193247942049,0.0,0.001177029519005285,847.137693884087
0.7,1.0,Water,20260809,60,0,522.61056763875,1764723863.446173,469.34205421162375,345429.3243039916,540,0.9837669172518289,1807.7630249924769,0.8691519522437476,639.6839338962808,0.0,0.0010995676047372161,894.685249923253
0.7,1.0,Water,20260810,60,0,534.4113992376994,1760739936.9776902,478.179822652033,348053.26294736954,540,0.9948119115335686,1805.7213275922861,0.8855181900963575,644.5430795321658,0.0,0.0012071533058403306,824.0974089376779
0.7,1.0,Water,20260811,60,0,537.2397918761483,1789938985.2879763,479.6274805888312,350921.329832035,540,0.9974409774389403,1820.6322595756023,0.8881990381274651,649.8543145037685,0.0,0.0011960714995495336,833.9308961166604
0.7,1.0,Water,20260812,60,0,538.9915118844555,1785526745.1887739,480.44984655580333,350612.6907473419,540,0.999065778322758,1818.3869251643998,0.8897219380663025,649.2827606432257,0.0,0.0011840133398359767,843.7960491738719
0.7,1.0,Water,20260813,60,0,518.8368711678419,1721041219.2428708,465.6482330651571,340116.1604820404,540,0.9802086618068566,1785.2488255053634,0.8623115427132539,629.8447416334081,0.0,0.0010759025284180737,911.0571226634088
0.7,1.0,Water,20260814,60,0,526.9960345363966,1754688817.0340295,471.4358851927429,344768.1226394364,540,0.9878859157184136,1802.6158035610924,0.8730294170235979,638.4594863693267,0.0,0.0010993524648603944,898.6070867125078
0.7,1.0,Water,20260815,60,0,537.2896617991499,1798685912.0013492,479.7120899893759,351721.5637055027,540,0.9974872706875065,1825.0752962657555,0.888355722202548,651.3362290842643,0.0,0.0011059224528908735,901.9504650439837
0.7,1.0,Water,20260816,60,0,538.8457152949503,1805661582.194349,480.53639439968117,352325.75777835335,540,0.9989306461068203,1828.6108784551047,0.8898822118512614,652.4551069969507,0.0,0.0011946853495692646,836.1453887979607
0.7,1.0,Water,20260817,60,0,528.7773101338945,1733114057.7569258,472.70804924994775,343132.22334138013,540,0.9895540616806611,1791.4995052546458,0.8753852763887922,635.430043224778,0.0,0.0011258332015078823,878.952637349213
0.7,1.0,Water,20260818,60,0,537.1622933262921,1811371388.5235927,479.740247417885,352846.4555363764,540,0.9973690328265069,1831.4997843922547,0.8884078655886759,653.4193621044008,0.0,0.001113062372205603,896.0585298110091
0.7,1.0,Water,20260819,60,0,530.3145931743594,1763650040.3980365,473.96855244341265,346362.7269975264,540,0.9909914537643596,1807.212935248555,0.8777195415618753,641.4124574028267,0.0,0.0011863468172711564,835.330309263058
0.7,1.0,Water,20260820,60,0,517.8961097224177,1742026527.078949,463.8731121799701,340832.6065215981,540,0.9793195953601301,1796.0999554997493,0.8590242818147595,631.1714935585151,0.0,0.0011325631530486918,864.6931455645075
0.7,1.0,Water,20260821,60,0,538.9402814840129,1816582067.0482466,480.4958700282607,353393.236398915,540,0.9990182972817503,1834.1321830512,0.8898071667190013,654.43191925725,0.0,0.0012472311210593686,800.9889108870277
0.7,1.0,Water,20260822,60,0,533.4297879438333,1806071456.7773862,477.95985777904446,352172.32474889146,540,0.9938978522145665,1828.8184086480467,0.8851108477389712,652.1709717572064,0.0,0.001143490798501884,869.178705693738
0.7,1.0,Water,20260823,60,0,530.1846961953813,1796467767.6646729,472.62035552198785,348526.0209781238,540,0.9908700779985883,1823.949605208978,0.8752228805962738,645.4185573668959,0.0,0.0010980762386373366,902.3691098426951
0.7,1.0,Water,20260824,60,0,536.4039205142753,1791236566.4738789,479.3367686552833,351028.56909359724,540,0.996664734775418,1821.2920558574358,0.8876606826949691,650.0529057288837,0.0,0.0011546195722259857,863.1975056978747
0.7,1.0,Water,20260825,60,0,535.811945757428,1765098135.9505227,478.9493719944239,348569.86731956684,540,0.9961146239239925,1807.9547150745307,0.8869432814711554,645.4997542954942,0.0,0.0011181509799473082,890.8587854306879
0.7,1.0,Water,20260826,60,0,534.0996398463996,1780453684.6717386,478.2437957128402,349965.8279975962,540,0.9945216976632345,1815.8018760580164,0.8856366587274819,648.0848666622152,0.0,0.0012258655136381696,811.2812430065479
0.7,1.0,Water,20260827,60,0,535.53940801005,1780083680.1553602,478.7872585940606,349875.35789005004,540,0.9958612576373557,1815.6131910588674,0.8866430714704825,647.9173294260186,0.0,0.0011313146122564892,880.2690664898582
0.7,1.0,Water,20260828,60,0,538.2146478622951,1793231092.2008128,480.073121469197,351250.67499247025,540,0.9983455275292135,1822.3057698669547,0.8890242990170315,650.4642129490189,0.0,0.001155310651642733,864.136001957282
0.7,1.0,Water,20260829,60,0,538.9410979726479,1828267795.2237375,480.48930377672167,354426.4419544962,540,0.9990190540323635,1840.0220385273053,0.889795006993929,656.3452628786966,0.0,0.0011846870488731248,843.2767581806784
0.7,1.0,Water,20260830,60,0,536.5750029584033,1782118212.2511353,479.3269185671594,350105.7523331531,540,0.996823661881043,1816.6504648875568,0.8876424417910359,648.3439858021354,0.0,0.0011631064931538078,857.0355919672647
0.7,1.0,Water,20260831,60,0,537.2331669937383,1746945671.929302,479.5754194478285,346880.58600774,540,0.9974348275318992,1798.6340866465462,0.8881026286070898,642.3714555698889,0.0,0.0011244801642571701,887.0186057846588
0.7,1.0,Water,20260832,60,0,520.3403001410985,1704287819.6929243,464.38670895609994,337127.39303515566,540,0.9816278054382127,1776.538362937006,0.8599753869557406,624.3099871021401,0.0,0.0012003012912170392,817.8178367557168
0.7,1.0,Water,20260833,60,0,536.1576391081034,1773945043.8193164,479.07544816460216,349362.87799159164,540,0.9964359070541657,1812.4799073314482,0.8871767558603744,646.9682925770215,0.0,0.0011212301128358817,888.6988457114489
0.7,1.0,Water,20260834,60,0,533.3241490382716,1766621717.000159,477.7304553383308,348548.48876752885,540,0.9937994330013659,1808.7348335641802,0.8846860284043163,645.4601643843126,0.0,0.0010137016772545668,980.3667640097996
0.7,1.0,Water,20260835,60,0,538.2751514184779,1780574069.4181328,480.1528633297065,350084.1802892708,540,0.9984016406036923,1815.8632624213083,0.8891719691290861,648.3040375727237,0.0,0.001089748645947522,916.1760781410243
0.7,1.0,Water,20260836,60,0,538.6225721075101,1818891848.9735281,480.2978161700116,353590.0078999328,540,0.9987237894465618,1835.2978610677524,0.8894404003148363,654.7963109258014,0.0,0.001108661492135297,900.837448158325
0.7,1.0,Water,20260837,60,0,535.3256759339884,1758473410.5842402,478.64324738223024,347924.9251155097,540,0.9956625152742272,1804.5587388119752,0.8863763840411671,644.3054168805736,0.0,0.0011893172176197808,837.1715304575166
0.7,2.0,Climate,20260808,60,0,1183.5901638220998,45848831.7279497,507.59222267656656,86989.9213880338,300,1.9862780636340085,390.9340597762821,1.6919740755885553,289.96640462677937,0.0,0.0019112351110496621,1039.264113635466
0.7,2.0,Climate,20260809,60,0,1190.2782955934963,46105555.41737605,509.24496795916156,87279.06333847388,300,1.9918821046048352,392.02702040112854,1.6974832265305386,290.93021112824624,0.0,0.0020096781502706436,991.1448280096931
0.7,2.0,Climate,20260810,60,0,1194.8534096841947,46332815.23337996,510.38926578180786,87524.22772647759,300,1.9957065663436886,392.9920068456862,1.701297552606026,291.7474257549253,0.0,0.0021192120578191745,941.7210321072909
0.7,2.0,Climate,20260811,60,0,1179.5598346534177,45744014.830808796,506.61915772619136,86852.96617476155,300,1.9828933696776012,390.48693888020034,1.6887305257539713,289.5098872492052,0.0,0.00204771476015492,968.3445215424366
0.7,2.0,Climate,20260812,60,0,1187.1337993991037,45996832.91659285,508.50439137039496,87162.07916304936,300,1.9892492716257757,391.56452391482406,1.6950146379013165,290.5402638768312,0.0,0.001965768494444359,1011.9448334062623
0.7,2.0,Climate,20260813,60,0,1188.8582097753304,46064788.9102036,509.1054601994319,87285.2447899189,300,1.9906935221804236,391.8536670331736,1.697018200664773,290.9508159663963,0.0,0.0020706926571289726,961.3660024952867
0.7,2.0,Climate,20260814,60,0,1179.6494083537832,45763478.37766309,507.10429227823505,86989.62898810914,300,1.982968656966774,390.57000387324115,1.6903476409274503,289.9654299603638,0.0,0.0020076886952855116,987.6873150818722
0.7,2.0,Climate,20260815,60,0,1166.0495068382054,45227137.27854012,503.7497503444712,86394.21463233721,300,1.971504930113208,388.2745475327998,1.6791658344815705,287.98071544112406,0.0,0.0017075389275458645,1154.5885709011184
0.7,2.0,Climate,20260816,60,0,1190.3379173671037,46071370.73760835,508.9940507128365,87196.42544047556,300,1.9919319912814157,391.88166044359343,1.696646835709455,290.6547514682519,0.0,0.0018821492578466937,1058.3283886636711
0.7,2.0,Climate,20260817,60,0,1167.9887702794765,45298438.70104375,503.4135762727199,86332.18120216449,300,1.973143659476316,388.58048802036603,1.6780452542423998,287.7739373405483,0.0,0.0019305412780958812,1022.0675837723885
0.7,2.0,Climate,20260818,60,0,1191.2140464476176,46112548.37698247,509.43709824397075,87291.50666346244,300,1.9926649211944103,392.056749195753,1.6981236608132357,290.9716888782081,0.0,0.002008796281276158,991.9696386178595
0.7,2.0,Climate,20260819,60,0,1170.1709511355548,45360693.5345985,504.6002387567196,86526.38468785406,300,1.9749860346641734,388.84741452399425,1.682000795855732,288.42128229284685,0.0,0.0019169204949070432,1030.2910527126196
0.7,2.0,Climate,20260820,60,0,1192.8041231661875,46246921.269348815,509.79809234185655,87403.17565175267,300,1.9939944192217018,392.6275642783664,1.6993269744728552,291.34391883917556,0.0,0.0019648719375540695,1014.8215673047297
0.7,2.0,Climate,20260821,60,0,1189.9375147867668,46099940.604242,509.21182807824886,87300.75443067729,300,1.9915969428131175,392.0031488149128,1.6973727602608295,291.0025147689243,0.0,0.0021593348799337398,922.3196278264309
0.7,2.0,Climate,20260822,60,0,1171.6259591153666,45469773.00712555,501.76992201716286,86064.63997806681,300,1.9762135167329185,389.31466710586676,1.6725664067238761,286.8821332602227,0.0,0.0019865499826261595,994.7967753222214
0.7,2.0,Climate,20260823,60,0,1190.9122522085947,46138924.49566761,509.40425559591307,87319.0440362404,300,1.9924124842416497,392.1688602956113,1.6980141853197102,291.06348012080133,0.0,0.0019267314811630264,1034.089339236299
0.7,2.0,Climate,20260824,60,0,1194.1496255450706,46283930.932250686,510.0487481792208,87432.30741767584,300,1.995118731258093,392.78463535908446,1.700162493930736,291.44102472558615,0.0,0.0018990275101834358,1050.6002259363663
0.7,2.0,Climate,20260825,60,0,1186.2361390358144,45987947.41374834,508.2903361572641,87130.45246697222,300,1.9884970363198218,391.5267015745258,1.6943011205242138,290.43484155657404,0.0,0.0019442458044874457,1022.7601014903781
0.7,2.0,Climate,20260826,60,0,1181.8312187539707,45779255.200260386,507.34315724963244,86969.49345105875,300,1.9848016011295861,390.6373219934333,1.6911438574987747,289.89831150352916,0.0,0.0019527758397547238,1016.4001216744288
0.7,2.0,Climate,20260827,60,0,1178.8951924878345,45642442.97113756,506.24487665642215,86755.77124447827,300,1.9823346442077117,390.05317146570997,1.6874829221880738,289.1859041482609,0.0,0.00202844086959576,977.2701161374073
0.7,2.0,Climate,20260828,60,0,1190.7083845410139,46206063.348087564,509.43302683498143,87368.56465111811,300,1.99224194024472,392.4540879648114,1.6981100894499381,291.2285488370604,0.0,0.0020788312005199845,958.3471422530095
0.7,2.0,Climate,20260829,60,0,1190.6881770831224,46112456.71488828,509.5236526134433,87346.3271613471,300,1.9922250350492723,392.05635953218206,1.6984121753781443,291.154423871157,0.0,0.0020237615841009245,984.4168654551951
0.7,2.0,Climate,20260830,60,0,1178.8001897595677,45672189.51849109,506.4761395316115,86830.68349658416,300,1.9822547681529803,390.18025543113225,1.6882537984387052,289.4356116552805,0.0,0.0020331709408776986,974.9572592736653
0.7,2.0,Climate,20260831,60,0,1178.6130761210186,45691856.359231636,506.1914494458586,86786.80582397601,300,1.982097438002665,390.2642538897272,1.6873048314861954,289.2893527465867,0.0,0.001960268236521681,1011.1358236971273
0.7,2.0,Climate,20260832,60,0,1172.8541435224802,45457907.21630638,504.937043884147,86573.75092137074,300,1.9772490515212293,389.26386601852465,1.6831234796138232,288.5791697379025,0.0,0.0019778292920643106,999.7066275914664
0.7,2.0,Climate,20260833,60,0,1190.502832409552,46120030.65590167,509.2861849386896,87291.93171204529,300,1.9920699723399544,392.08855571117124,1.6976206164622987,290.97310570681765,0.0,0.0019347915235803522,1029.6044550854801
0.7,2.0,Climate,20260834,60,0,1183.8471851562697,45879130.11152504,507.7650063862809,87046.69720831115,300,1.9864937160369354,391.06320934739364,1.692550021287603,290.15565736103713,0.0,0.0018158898904734467,1093.9505343680328
0.7,2.0,Climate,20260835,60,0,1176.0232999297696,45605602.02483407,505.983273726719,86762.75449762486,300,1.9799186009613035,389.8957212077526,1.6866109124223967,289.2091816587495,0.0,0.0018979840915947393,1043.1692287250523
0.7,2.0,Climate,20260836,60,0,1186.4023580826638,45973470.55576249,508.5305972412003,87188.11560680816,300,1.9886363485922238,391.4650710504599,1.695101990804001,290.6270520226939,0.0,0.001869431479715729,1063.765305211733
0.7,2.0,Climate,20260837,60,0,1189.063449896439,46102876.850749865,508.94247348297057,87241.03334654655,300,1.990865347779234,392.0156325571293,1.6964749116099018,290.8034444884885,0.0,0.0018066885618901278,1101.9416349746652
0.7,2.0,Traffic,20260808,60,0,1426.3166818466536,74751474110.9021,715.5087017602485,3581116.114161562,360,1.990475014389121,14409.822470849345,1.987524171556246,9947.544761559895,0.0,0.00032956045147954094,6039.787254365651
0.7,2.0,Traffic,20260809,60,0,1422.8260757514067,74620787709.9788,714.5975588773883,3577100.0821807054,360,1.9880378907015377,14397.22076864324,1.9849932191038564,9936.389117168626,0.0,0.0003691014049071063,5386.156390279461
0.7,2.0,Traffic,20260810,60,0,1423.7505111292128,74731728068.04752,714.9120119672605,3580247.5881586904,360,1.9886836176009697,14407.919125340557,1.9858666999090568,9945.132189329695,0.0,0.0003327740852923344,5976.077181172196
0.7,2.0,Traffic,20260811,60,0,1422.5021649424639,74699812901.10297,714.4757175139416,3578098.178720672,360,1.987811586297342,14404.842251161293,1.98465477087206,9939.161607557422,0.0,0.00037485935810988805,5302.819693018376
0.7,2.0,Traffic,20260812,60,0,1432.5718611263053,75195628492.39145,717.206510373126,3591280.9928438454,360,1.9948349006638126,14452.56883091025,1.9922403065920167,9975.780535677348,0.0,0.00033455676078171894,5962.620202331944
0.7,2.0,Traffic,20260813,60,0,1435.663470417066,75353815666.02264,717.9933616536264,3595314.0349235493,360,1.9969862504513771,14467.762599235608,1.9944260045934066,9986.983430343193,0.0,0.00037750158129928413,5290.007643353848
0.7,2.0,Traffic,20260814,60,0,1426.2167486440073,74851848986.5255,715.4958121959997,3582780.7300165733,360,1.9904052830209726,14419.493844804283,1.9874883672111103,9952.168694490481,0.0,0.0003294825968079903,6041.002779217816
0.7,2.0,Traffic,20260815,60,0,1421.575756180411,74709764229.5636,713.9906944263982,3576845.4678556602,360,1.9871641967752907,14405.801708336086,1.983307484517773,9935.681855154611,0.0,0.0003301713228298871,6018.585078023659
0.7,2.0,Traffic,20260816,60,0,1423.2387037566205,74609173882.56866,714.719149181113,3577416.2166714715,360,1.988326141197261,14396.100347988597,1.9853309699475363,9937.267268531865,0.0,0.00029881656245983975,6654.002458329222
0.7,2.0,Traffic,20260817,60,0,1430.5594644238327,75107334433.53343,716.7183627246744,3589036.802865267,360,1.9934332921034006,14444.081297804747,1.9908843409018735,9969.54667462574,0.0,0.0002986462920444579,6674.897178387363
0.7,2.0,Traffic,20260818,60,0,1431.3457205258119,75123338453.14197,716.8985906025088,3589319.2872823216,360,1.9939810266885496,14445.620102564533,1.9913849738958578,9970.331353562004,0.0,0.0003540227409127353,5632.352943055867
0.7,2.0,Traffic,20260819,60,0,1430.748995497117,74964332709.59058,716.7189615530674,3586951.661361694,360,1.9935653401054527,14430.324234979631,1.9908860043140761,9963.754614893594,0.0,0.0003939781861089015,5060.090660842834
0.7,2.0,Traffic,20260820,60,0,1428.1294817193352,74947062053.80833,716.0898436528214,3585616.060466704,360,1.9917395256682697,14428.661874297315,1.9891384545911706,9960.044612407512,0.0,0.00037047769337393956,5376.138864203947
0.7,2.0,Traffic,20260821,60,0,1428.608687801086,75022026899.47636,716.1615867722963,3586471.3023103555,360,1.9920736598113353,14435.876113530905,1.9893377410341566,9962.420284195432,0.0,0.0003547120445352232,5616.030497136166
0.7,2.0,Traffic,20260822,60,0,1419.1171441597364,74430596003.6338,713.5032815010635,3572026.1730192658,360,1.9854450551728644,14378.861414091502,1.9819535597251763,9922.294925053517,0.0,0.0003538298912464496,5611.298265894563
0.7,2.0,Traffic,20260823,60,0,1412.2069519919894,74184472110.33215,711.26812136302,3562092.337030348,360,1.9806052329696187,14355.068027851905,1.9757447815639444,9894.700936195411,0.0,0.0003996658839812993,4955.65248962379
0.7,2.0,Traffic,20260824,60,0,1428.5053657521953,74879331744.309,716.1616869233676,3584704.817286602,360,1.9920016215913994,14422.140747274369,1.9893380192315766,9957.513381351673,0.0,0.0003217538664496901,6191.072833317053
0.7,2.0,Traffic,20260825,60,0,1428.0357470942847,74974185932.8768,716.0397074633514,3585779.033944654,360,1.991674161139515,14431.272556199763,1.9889991873981985,9960.497316512927,0.0,0.0003309764446534943,6017.570716322842
0.7,2.0,Traffic,20260826,60,0,1414.2497711843612,74259093781.25598,711.111063055655,3560937.929324573,360,1.9820372313917884,14362.286047265903,1.9753085084879305,9891.494248123814,0.0,0.00030525121400473845,6493.134639461323
0.7,2.0,Traffic,20260827,60,0,1431.0735832398286,75119159679.43004,716.804104364679,3589533.5606548935,360,1.9937914629891493,14445.218324513522,1.9911225121241083,9970.926557374703,0.0,0.00033092331685010643,6024.934966707856
0.7,2.0,Traffic,20260828,60,0,1422.3690674343984,74650311840.05716,714.5815237717874,3578020.8195543066,360,1.9877185885627204,14400.068657249245,1.9849486771438538,9938.946720984184,0.0,0.0003397693260414941,5850.200227668496
0.7,2.0,Traffic,20260829,60,0,1434.9311898284018,75238621143.80913,717.8100705332636,3593297.533448714,360,1.9964768898601257,14456.699825475876,1.9939168625923989,9981.382037357538,0.0,0.00033901484300954304,5889.054509049701
0.7,2.0,Traffic,20260830,60,0,1427.7184579756154,74955238972.6432,715.9709889512973,3585463.7820177865,360,1.9914528880914608,14429.448955044372,1.9888083026424925,9959.621616716073,0.0,0.0003363788326820408,5920.268145926603
0.7,2.0,Traffic,20260831,60,0,1412.5914397996232,74089729005.81273,709.3146014661706,3550984.537065247,360,1.9808748346512226,14345.898465900427,1.9703183374060296,9863.845936292353,0.0,0.00033603182887590117,5894.9024003996155
0.7,2.0,Traffic,20260832,60,0,1430.496436648603,75044860040.30074,716.6493538713139,3587708.7067457535,360,1.9933893781478786,14438.07274383915,1.9906926496425386,9965.857518738205,0.0,0.0003656389757945041,5451.796745181237
0.7,2.0,Traffic,20260833,60,0,1436.4462535540458,75436064979.72563,718.1889371044928,3597015.334540096,360,1.997530596034657,14475.656287149206,1.9949692697347021,9991.709262611377,0.0,0.00037381800722444277,5343.591152459722
0.7,2.0,Traffic,20260834,60,0,1432.538101989143,75075823622.59836,717.2154548435855,3589539.229741113,360,1.9948113959784262,14441.051018094828,1.992265152343293,9970.942304836424,0.0,0.0003404556982498276,5859.239267349923
0.7,2.0,Traffic,20260835,60,0,1429.4547009079026,75042148631.13437,716.3097103684604,3586786.1404493274,360,1.992663419276309,14437.811914007681,1.9897491954679456,9963.294834581466,0.0,0.0004052170665273939,4917.520963154198
0.7,2.0,Traffic,20260836,60,1,1411.627999552072,74103381305.66714,706.013229392105,3535386.1247359454,354,1.9969100421022452,14468.295877857532,1.9943876536500142,9986.966454056343,0.016666666666666666,0.00037770868420849377,5286.905293922123
0.7,2.0,Traffic,20260837,60,0,1434.1636928495495,75291751773.86914,717.5961380197804,3593783.59174761,360,1.995942893895813,14461.803308281242,1.9933226056105011,9982.732199298916,0.0,0.0003670454648045163,5437.862840666963
0.7,2.0,Water,20260808,60,0,2147.608054142124,7069241526.222268,958.723369271053,697604.4123606472,540,1.9942547360141945,3618.1746795204235,1.7754136467982462,1291.8600228900875,0.0,0.001177029519005285,1694.311573170698
0.7,2.0,Water,20260809,60,0,2090.6336090489212,7057866638.163984,938.7131224431777,690828.360056763,540,1.9676238767764953,3615.262563633156,1.7383576341540328,1279.3117778828946,0.0,0.0010995676047372161,1789.4523886475672
0.7,2.0,Water,20260810,60,0,2138.340515553462,7045363176.946899,956.5195133176321,696232.2246295083,540,1.989947196188261,3612.058809903012,1.771332432069689,1289.3189344990894,0.0,0.0012071533058403306,1648.4626986155727
0.7,2.0,Water,20260811,60,0,2148.926817464923,7158609922.594031,959.2301710587361,701798.2077321335,540,1.9948669395266754,3640.9730899638353,1.7763521686272892,1299.626310615062,0.0,0.0011960714995495336,1667.8492383423445
0.7,2.0,Water,20260812,60,0,2156.0168463888645,7138416009.370967,960.9278619123656,701067.402323353,540,1.9981550964850072,3635.8340042200125,1.7794960405784548,1298.2729672654684,0.0,0.0011840133398359767,1687.611979744937
0.7,2.0,Water,20260813,60,0,2075.415687725202,6885395582.067319,931.3099129337427,680189.6199868046,540,1.9604495363758538,3570.816791629602,1.7246479869143383,1259.6104073829713,0.0,0.0010759025284180737,1822.1441855502949
0.7,2.0,Water,20260814,60,0,2107.995304148572,7021555022.595358,942.8634096946807,689615.3105975656,540,1.975777064266751,3605.9505919345156,1.7460433512864457,1277.0653899954918,0.0,0.0010993524648603944,1797.2189333451422
0.7,2.0,Water,20260815,60,0,2149.010538718256,7196028507.165423,959.3957317215463,703491.7504882979,540,1.9949057987219718,3650.476505467883,1.776658762447308,1302.7625009042554,0.0,0.0011059224528908735,1803.838771432212
0.7,2.0,Water,20260816,60,0,2155.1185749028305,7215261801.105587,960.9701737514455,704304.9548659284,540,1.997738802720248,3655.351683213711,1.7795743958360102,1304.2684349369044,0.0,0.0011946853495692646,1672.1882489314185
0.7,2.0,Water,20260817,60,0,2115.0430323261826,6931739307.069937,945.3785217765419,686258.186614072,540,1.9790771476017799,3582.813736764965,1.7507009662528554,1270.8484937297628,0.0,0.0011258332015078823,1757.8777610671875
0.7,2.0,Water,20260818,60,0,2148.6104145925005,7243139234.343113,959.4609064499754,705583.1889839404,540,1.9947200743892104,3662.4064226051014,1.7767794563888433,1306.6355351554453,0.0,0.001113062372205603,1792.100895870325
0.7,2.0,Water,20260819,60,0,2121.2927707261797,7050388794.511933,947.9121093559467,692505.0304381879,540,1.981998977242224,3613.346862036977,1.755392795103605,1282.4167230336814,0.0,0.0011863468172711564,1670.6741640705309
0.7,2.0,Water,20260820,60,0,2071.467071627305,6966290130.566706,927.695515866739,681590.177475636,540,1.9585837058045685,3591.731793832501,1.7179546590124797,1262.204032362289,0.0,0.0011325631530486918,1729.3373005579
0.7,2.0,Water,20260821,60,0,2155.6960011428628,7266442174.208283,960.9824539005047,706793.9915923199,540,1.9980064143405651,3668.2931176068805,1.7795971368527863,1308.877762208,0.0,0.0012472311210593686,1601.9536239951308
0.7,2.0,Water,20260822,60,0,2136.4297191284472,7221689771.390831,956.5755348810809,704326.5403823629,540,1.9890579005447144,3656.9795701712205,1.7714361757057053,1304.3084081154868,0.0,0.001143490798501884,1739.4612209828265
0.7,2.0,Water,20260823,60,0,2120.5914764521754,7185429922.691757,945.2048442247848,696956.125756395,540,1.9816713281190736,3647.7872345695328,1.7503793411570088,1290.6594921414724,0.0,0.0010980762386373366,1804.675539266963
0.7,2.0,Water,20260824,60,0,2145.398257657499,7158489143.650483,958.6192060703806,701759.235795879,540,1.9932284706984236,3640.942374870897,1.7752207519821863,1299.554140362739,0.0,0.0011546195722259857,1726.3075376902607
0.7,2.0,Water,20260825,60,0,2143.6471662403324,7053141413.366859,957.9652168198699,696812.068404657,540,1.9924148600427407,3614.0521561975843,1.7740096607775369,1290.3927192678832,0.0,0.0011181509799473082,1781.8835700851698
0.7,2.0,Water,20260826,60,0,2136.5125331689846,7117115758.694271,956.5207259543904,699718.7562794469,540,1.9890964509177718,3630.4054866615083,1.7713346776933157,1295.7754745915684,0.0,0.0012258655136381696,1622.6057661206708
0.7,2.0,Water,20260827,60,0,2142.18526517721,7118230052.2113495,957.5932327671466,699666.378601524,540,1.9917353615197393,3630.689673339639,1.7733208014206419,1295.6784788917112,0.0,0.0011313146122564892,1760.5494881278678
0.7,2.0,Water,20260828,60,0,2152.895667877082,7172322014.838049,960.1670510774857,702480.8768247261,540,1.9967082484434233,3644.4585064527278,1.7780871316249736,1300.8905126383818,0.0,0.001155310651642733,1728.2868859594687
0.7,2.0,Water,20260829,60,0,2155.8710282463994,7303797488.868232,960.9608993354846,708435.8410785891,540,1.9980875246124357,3677.710008321964,1.7795572209916382,1311.9182242196093,0.0,0.0011846870488731248,1686.595229105457
0.7,2.0,Water,20260830,60,0,2146.5271277726924,7130976961.727963,958.7278042248195,700343.8453089142,540,1.993752802284199,3633.9390325222603,1.7754218596755915,1296.9330468683597,0.0,0.0011631064931538078,1714.1618708344254
0.7,2.0,Water,20260831,60,0,2148.9605503348553,6991177671.147884,959.1353598317387,693926.1487572727,540,1.99488259671946,3598.14192562502,1.7761765922809976,1285.048423624579,0.0,0.0011244801642571701,1774.04872058128
0.7,2.0,Water,20260832,60,0,2081.235741872691,6818750045.276322,928.7303329708453,674273.4743654114,540,1.9631964401779067,3553.493337359711,1.7198709869830469,1248.6545821581694,0.0,0.0012003012912170392,1635.5863769731798
0.7,2.0,Water,20260833,60,0,2144.6269347540538,7097582168.444452,958.1702252312741,698829.1763251111,540,1.992870131407377,3625.420069771852,1.774389305983841,1294.1281043057613,0.0,0.0011212301128358817,1777.3961906596421
0.7,2.0,Water,20260834,60,0,2133.499270336359,7071068192.787621,955.4987272318137,697296.9601039694,540,1.9876932798339288,3618.642110983688,1.7694420874663217,1291.2906668592027,0.0,0.0010137016772545668,1960.826665708246
0.7,2.0,Water,20260835,60,0,2153.1176432106,7126702426.532612,960.3045819146555,700359.6038669669,540,1.9968111815678629,3632.849719734014,1.7783418183604731,1296.962229383272,0.0,0.001089748645947522,1832.3594059909678
0.7,2.0,Water,20260836,60,0,2154.379146922322,7277871964.716718,960.5871563554114,707289.220378689,540,1.9973960580763934,3671.1770149914223,1.7788651043618728,1309.7948525531278,0.0,0.001108661492135297,1801.6284251285588
0.7,2.0,Water,20260837,60,0,2141.5948823859057,7037684093.387605,957.3491517753936,696046.8270387443,540,1.9914608830862806,3610.08979404781,1.7728687995840622,1288.9756056273043,0.0,0.0011893172176197808,1674.4572882513683
0.8,0.1,Climate,20260808,60,0,2.8083151947500027,108705.18334528328,24.761422975825226,4248.017344702516,300,0.0967525227018225,19.03550921701188,0.08253807658608409,14.160057815675055,0.0,0.0019112351110496621,50.62303540912107
0.8,0.1,Climate,20260809,60,0,2.7678538328973246,107445.11935529197,24.5352155497285,4213.0556121974105,300,0.09605300330021484,18.92486189780452,0.08178405183242833,14.0435187073247,0.0,0.0020096781502706436,47.795217003916456
0.8,0.1,Climate,20260810,60,0,2.767797024121736,108035.54063521701,24.594364744447727,4236.399925870325,300,0.0960520175759249,18.976787630788746,0.08198121581482576,14.121333086234417,0.0,0.0021192120578191745,45.3244012186159
0.8,0.1,Climate,20260811,60,0,2.7542852213866693,106806.45373009883,24.49593658571983,4207.284592342186,300,0.0958172778675932,18.868532333853178,0.08165312195239943,14.024281974473954,0.0,0.00204771476015492,46.79229731212376
0.8,0.1,Climate,20260812,60,0,2.810108613531384,109345.43294391385,24.66332358733933,4241.949457275831,300,0.09678341134601157,19.091484396969054,0.08221107862446443,14.13983152425277,0.0,0.001965768494444359,49.234389308578386
0.8,0.1,Climate,20260813,60,0,2.7427087630371134,106334.15667701473,24.450328809398922,4195.3894186187,300,0.09561570238960254,18.82676788308026,0.08150109603132974,13.984631395395667,0.0,0.0020706926571289726,46.175709398696696
0.8,0.1,Climate,20260814,60,0,2.7969605090260194,108681.87509243254,24.701665372015377,4243.72421385384,300,0.09655672786892376,19.033468338029596,0.08233888457338459,14.145747379512802,0.0,0.0020076886952855116,48.09347589377771
0.8,0.1,Climate,20260815,60,0,2.7192856085453543,105501.39648406212,24.33742504420659,4176.214373835078,300,0.09520654054117211,18.75290168516703,0.0811247501473553,13.920714579450259,0.0,0.0017075389275458645,55.75658569494889
0.8,0.1,Climate,20260816,60,0,2.823970182173348,109210.05896368258,24.794264245863637,4248.630237962463,300,0.09702182198133484,19.079662729695773,0.08264754748621213,14.16210079320821,0.0,0.0018821492578466937,51.54842081564476
0.8,0.1,Climate,20260817,60,0,2.788472598620207,108306.52688671816,24.563300245999173,4218.1117124647735,300,0.09641010663860587,19.000572525296718,0.0818776674866639,14.060372374882578,0.0,0.0019305412780958812,49.93941737091291
0.8,0.1,Climate,20260818,60,0,2.836879691296348,109518.20947696318,24.89703055065919,4267.182052472842,300,0.09724333209868168,19.106561654482576,0.08299010183553063,14.223940174909472,0.0,0.002008796281276158,48.40875752562846
0.8,0.1,Climate,20260819,60,0,2.7931075594221033,108197.45764598758,24.703225867901512,4241.893992880843,300,0.09649019914689269,18.99100292647263,0.08234408622633838,14.139646642936144,0.0,0.0019169204949070432,50.33604648875736
0.8,0.1,Climate,20260820,60,0,2.840426360495007,110154.22670410216,24.921347103156858,4277.702810676592,300,0.09730409995635687,19.161961164774876,0.08307115701052287,14.259009368921973,0.0,0.0019648719375540695,49.5218533567556
0.8,0.1,Climate,20260821,60,0,2.8102274758326344,109009.1683372797,24.79663517414899,4261.823661666838,300,0.09678545820236692,19.06210624400145,0.08265545058049663,14.206078872222793,0.0,0.0021593348799337398,44.821884322702566
0.8,0.1,Climate,20260822,60,0,2.809761820915505,109309.56427319537,24.769922717519833,4259.449211165096,300,0.09677743919108946,19.088352842610192,0.08256640905839945,14.198164037216987,0.0,0.0019865499826261595,48.71633738767176
0.8,0.1,Climate,20260823,60,0,2.79270722672956,107939.52146587479,24.65419512784105,4224.949111540475,300,0.09648328398794546,18.968352719365203,0.08218065042613683,14.083163705134918,0.0,0.0019267314811630264,50.07614446082834
0.8,0.1,Climate,20260824,60,0,2.815356481099365,108981.60565367795,24.75087128865403,4241.177781791794,300,0.09687374052685563,19.05969618975059,0.08250290429551344,14.137259272639312,0.0,0.0018990275101834358,51.01228918874279
0.8,0.1,Climate,20260825,60,0,2.8727780238163705,111882.97779428186,25.037917971380363,4303.450919179,300,0.09785666429045377,19.311738899287988,0.08345972657126788,14.344836397263334,0.0,0.0019442458044874457,50.33142623458116
0.8,0.1,Climate,20260826,60,0,2.7841867016293866,108193.2463393325,24.648551991733033,4236.285627360333,300,0.09633598672751852,18.990633335000748,0.08216183997244345,14.12095209120111,0.0,0.0019527758397547238,49.332844439338565
0.8,0.1,Climate,20260827,60,0,2.769881333388007,107687.66954439499,24.54544474672822,4216.45012629212,300,0.09608817709770553,18.946210662855954,0.08181814915576073,14.054833754307067,0.0,0.00202844086959576,47.370460010921875
0.8,0.1,Climate,20260828,60,0,2.832523366634856,110126.80654870922,24.886483219244155,4278.606726335048,300,0.0971686397735891,19.159576069484526,0.08295494406414719,14.262022421116827,0.0,0.0020788312005199845,46.74195757177591
0.8,0.1,Climate,20260829,60,0,2.8094077738308814,108818.95452710146,24.760499097203315,4249.5023603801055,300,0.09677134172592768,19.045467923463356,0.08253499699067772,14.165007867933685,0.0,0.0020237615841009245,47.81756037182575
0.8,0.1,Climate,20260830,60,0,2.758086750664925,106877.59124330185,24.52762278218527,4212.470351205852,300,0.09588337969750763,18.87481489916319,0.08175874260728423,14.04156783735284,0.0,0.0020331709408776986,47.15952690928967
0.8,0.1,Climate,20260831,60,0,2.783982199182986,108170.37678417496,24.649666917446897,4234.11572108418,300,0.09633244865538966,18.98862613813639,0.08216555639148966,14.1137190702806,0.0,0.001960268236521681,49.1424830850307
0.8,0.1,Climate,20260832,60,0,2.802343238570818,108816.82168990462,24.73135175530109,4247.727001859842,300,0.0966495945597776,19.045281278215576,0.08243783918433698,14.159090006199474,0.0,0.0019778292920643106,48.86649972652694
0.8,0.1,Climate,20260833,60,0,2.7640002825274204,107309.62444906427,24.49827249634848,4205.547457276583,300,0.09598611501197139,18.912925425844293,0.0816609083211616,14.018491524255278,0.0,0.0019347915235803522,49.61057242712541
0.8,0.1,Climate,20260834,60,0,2.797941345104899,108337.95955722168,24.684550664655028,4233.000132790194,300,0.09657365660649732,19.00332949399672,0.08228183554885009,14.110000442633979,0.0,0.0018158898904734467,53.18255094273267
0.8,0.1,Climate,20260835,60,0,2.7788602846622554,107315.80735191228,24.58815259697195,4212.8088088992545,300,0.09624379260783966,18.913470274904807,0.08196050865657316,14.042696029664182,0.0,0.0018979840915947393,50.708429556421066
0.8,0.1,Climate,20260836,60,0,2.8195422431516706,109156.2194002172,24.813932054035124,4257.086512992148,300,0.09694572782665001,19.074959100018816,0.08271310684678375,14.190288376640492,0.0,0.001869431479715729,51.85840127255793
0.8,0.1,Climate,20260837,60,0,2.7934167241243113,108367.77664563405,24.69693675648651,4236.124110704835,300,0.09649553917365492,19.00594438990374,0.0823231225216217,14.12041370234945,0.0,0.0018066885618901278,53.41016775614214
0.8,0.1,Traffic,20260808,60,0,3.5858563505587084,187909239.21812975,35.883822737086234,179584.1466706442,360,0.09980336710194351,722.474988452368,0.0996772853807951,498.84485186290055,0.0,0.00032956045147954094,302.83781519864584
0.8,0.1,Traffic,20260809,60,0,3.5693088916187135,187179377.87775353,35.79734232741847,179182.3785966163,360,0.09957282220145762,721.0705349181127,0.09943706202060686,497.72882943504527,0.0,0.0003691014049071063,269.77091085989673
0.8,0.1,Traffic,20260810,60,0,3.5833241984398194,188011006.8511748,35.86960840525131,179610.87096930543,360,0.09976812280984092,722.6706004873997,0.09963780112569809,498.9190860258484,0.0,0.0003327740852923344,299.80736848002124
0.8,0.1,Traffic,20260811,60,0,3.578680845404497,187969265.90504962,35.84493390107658,179523.7339063869,360,0.09970346095358777,722.5903747879908,0.09956926083632384,498.6770386288525,0.0,0.00037485935810988805,265.97564872412823
0.8,0.1,Traffic,20260812,60,0,3.5766366586332046,187630539.0354618,35.8304361208817,179387.22736343226,360,0.0996749809608042,721.9390152673366,0.09952898922467139,498.29785378731185,0.0,0.00033455676078171894,297.93145034016214
0.8,0.1,Traffic,20260813,60,0,3.597047047926209,188797200.2406713,35.939207226268955,179962.29359873148,360,0.09995897836287934,724.179996503078,0.09983113118408043,499.89525999647634,0.0,0.00037750158129928413,264.7908864880532
0.8,0.1,Traffic,20260814,60,0,3.593478828564164,188620013.79463196,35.92103453308427,179884.08737330072,360,0.0999093871210331,723.8400947466688,0.09978065148078963,499.6780204813909,0.0,0.0003294825968079903,303.231151171412
0.8,0.1,Traffic,20260815,60,0,3.5919791136156034,188637414.78586674,35.91362845527459,179882.29200912465,360,0.09988853667985803,723.8734826263702,0.09976007904242942,499.67303335867956,0.0,0.0003301713228298871,302.5354710509587
0.8,0.1,Traffic,20260816,60,0,3.593466915996867,188461566.96744257,35.9220789118567,179835.26255150436,360,0.09990922151851521,723.5360064898916,0.09978355253293528,499.542395976401,0.0,0.00029881656245983975,334.34967826437924
0.8,0.1,Traffic,20260817,60,0,3.5892894043388806,188474688.67295665,35.90115959769714,179785.82984620408,360,0.09985113091690939,723.5611942809841,0.09972544332693649,499.40508290612246,0.0,0.0002986462920444579,334.34579158292405
0.8,0.1,Traffic,20260818,60,0,3.585075377385054,188091156.86080185,35.8801514173087,179615.72047207135,360,0.09979249828999415,722.824623075646,0.09966708727030195,498.93255686686484,0.0,0.0003540227409127353,281.8816046469525
0.8,0.1,Traffic,20260819,60,0,3.5916125792412075,187962155.15754062,35.911886167045786,179659.15590272023,360,0.09988344011398163,722.5767071113178,0.09975523935290496,499.0532108408895,0.0,0.0003939781861089015,253.52530580556646
0.8,0.1,Traffic,20260820,60,0,3.583483126615465,188016173.08855173,35.87238013960214,179606.41017621913,360,0.09977033525128634,722.6805293268937,0.09964550038778373,498.90669493394205,0.0,0.00037047769337393956,269.3018690077616
0.8,0.1,Traffic,20260821,60,0,3.565480593739454,187148207.00152084,35.77552587329335,179125.0729754789,360,0.09951940896321367,721.0104926835531,0.09937646075914819,497.56964715410805,0.0,0.0003547120445352232,280.56394051578735
0.8,0.1,Traffic,20260822,60,0,3.5757538447478066,187468023.58493498,35.82701679644846,179335.0373345967,360,0.09966267891615149,721.62629522361,0.09951949110124572,498.15288148499087,0.0,0.0003538298912464496,281.66834227901467
0.8,0.1,Traffic,20260823,60,0,3.575114679713359,187742321.68782073,35.82566463339151,179397.56919832726,360,0.09965377117959404,722.1540342148865,0.0995157350927542,498.3265811064646,0.0,0.0003996658839812993,249.3427014257162
0.8,0.1,Traffic,20260824,60,0,3.586473713298775,187815473.77676642,35.88668806090866,179565.78023234676,360,0.099811958108162,722.2947108901648,0.09968524461363516,498.793833978741,0.0,0.0003217538664496901,310.212148215999
0.8,0.1,Traffic,20260825,60,0,3.5776818198416263,187500466.68388316,35.84210334169563,179397.19251211634,360,0.09968954335894828,721.6887346200252,0.09956139817137676,498.3255347558787,0.0,0.0003309764446534943,301.1983026868127
0.8,0.1,Traffic,20260826,60,0,3.5548452717022685,186581031.54573634,35.7120143065514,178799.66994911394,360,0.09937087198557215,719.917108549728,0.09920003974042056,496.66574985864986,0.0,0.00030525121400473845,325.53800747219833
0.8,0.1,Traffic,20260827,60,0,3.59159692170397,188547977.3413702,35.91146727067506,179846.56255566108,360,0.0998832223941757,723.7018595414869,0.09975407575187517,499.5737848768363,0.0,0.00033092331685010643,301.83192693979424
0.8,0.1,Traffic,20260828,60,0,3.5656007535745777,187071180.83284816,35.765160336056915,179067.19699927032,360,0.09952108589493566,720.8621012233434,0.0993476676001581,497.40888055352866,0.0,0.0003397693260414941,292.90780028442504
0.8,0.1,Traffic,20260829,60,0,3.5854496999966208,188021469.40955403,35.880730622996715,179613.19280031274,360,0.09979770788946314,722.6907080286721,0.09966869617499087,498.9255355564243,0.0,0.00033901484300954304,294.37562970260245
0.8,0.1,Traffic,20260830,60,0,3.582409970092049,188100812.229168,35.86443704736891,179602.2825082352,360,0.09975539487070986,722.8431753790952,0.09962343624269142,498.8952291895422,0.0,0.0003363788326820408,296.5566949481711
0.8,0.1,Traffic,20260831,60,0,3.5762151261406085,187583334.46991396,35.83157220190991,179385.38459912044,360,0.09966910707910519,721.8481959331776,0.0995321450053053,498.2927349975568,0.0,0.00033603182887590117,296.606150115362
0.8,0.1,Traffic,20260832,60,0,3.586348458692512,188057134.54652998,35.88643704428074,179640.23686633282,360,0.09981021516820633,722.7592471189259,0.09968454734522428,499.00065796203563,0.0,0.0003656389757945041,272.9747695833759
0.8,0.1,Traffic,20260833,60,0,3.579234376495921,187888527.88750452,35.84786793857877,179526.28439758887,360,0.09971117145279494,722.4351718080248,0.09957741094049659,498.68412332663576,0.0,0.00037381800722444277,266.73720774753286
0.8,0.1,Traffic,20260834,60,0,3.5947968317368018,188393100.94411674,35.928107149107404,179819.7921030296,360,0.09992770764319799,723.4045681976395,0.09980029763640946,499.4994225084156,0.0,0.0003404556982498276,293.5116320769308
0.8,0.1,Traffic,20260835,60,0,3.5935474359738966,188515484.060896,35.9213902216405,179826.53258095836,360,0.09991034086138732,723.6394975340814,0.09978163950455694,499.51814605821767,0.0,0.0004052170665273939,246.5600516720415
0.8,0.1,Traffic,20260836,60,0,3.5751676663434293,187785873.34476545,35.82741467733464,179430.428577593,360,0.09965450965911384,722.237790452481,0.09952059632592955,498.41785715998054,0.0,0.00037770868420849377,263.83960397401114
0.8,0.1,Traffic,20260837,60,0,3.526965305164797,185367688.58026505,35.372763166559686,177203.85572275243,360,0.09898043164019842,717.5724674597624,0.0982576754626658,492.2329325632012,0.0,0.0003670454648045163,269.6680415133698
0.8,0.1,Water,20260808,60,0,5.242223850659986,17174668.473768342,47.35188568316051,34362.294656341895,540,0.09852827992848875,178.33940007213639,0.08768867719103798,63.633878993225736,0.0,0.001177029519005285,83.70926840624662
0.8,0.1,Water,20260809,60,0,5.127254137761948,17286963.435266063,46.494794502451015,34165.884618424694,540,0.09744185481572862,178.92147789042184,0.08610147130083522,63.27015670078647,0.0,0.0010995676047372161,88.61833905975803
0.8,0.1,Water,20260810,60,0,5.270182197743696,17381542.62417285,47.48815579969944,34552.08740024475,540,0.09879067092842485,179.41026140278709,0.08794102925870267,63.985347037490286,0.0,0.0012071533058403306,81.83771725634642
0.8,0.1,Water,20260811,60,0,5.197275343567063,17322752.17231976,47.14772155028307,34434.690457734454,540,0.09810496404142166,179.10659030164422,0.08731059546348717,63.76794529210084,0.0,0.0011960714995495336,82.02265840994465
0.8,0.1,Water,20260812,60,0,5.300339887505283,17616323.557228345,47.61335219474703,34781.34984546334,540,0.09907292382947469,180.61788782475205,0.08817287443471672,64.4099071212284,0.0,0.0011840133398359767,83.67551318568711
0.8,0.1,Water,20260813,60,0,5.214679986594808,17445620.065267574,47.25137446342988,34604.44496058692,540,0.09826909376803261,179.7406571273444,0.08750254530264794,64.08230548256837,0.0,0.0010759025284180737,91.33642794995575
0.8,0.1,Water,20260814,60,0,5.31671343755642,17558792.19803218,47.70766294578097,34727.65419739997,540,0.0992258314407316,180.3227158408162,0.08834752397366846,64.31047073592588,0.0,0.0010993524648603944,90.2584335892058
0.8,0.1,Water,20260815,60,0,5.213360569698411,17535298.433064044,47.22280935204018,34699.2564759562,540,0.09825666097200447,180.20203904519096,0.08744964694822256,64.25788236288186,0.0,0.0011059224528908735,88.84588672122737
0.8,0.1,Water,20260816,60,0,5.328735073171849,18023794.222100835,47.81009234270275,35182.80370968598,540,0.09933794800216683,182.69481850231588,0.08853720804204214,65.15334020312218,0.0,0.0011946853495692646,83.14988380662945
0.8,0.1,Water,20260817,60,0,5.303930325459042,17292476.03049377,47.65539100996148,34489.899253164534,540,0.09910647403320594,178.9500035210216,0.08825072409252126,63.87018380215655,0.0,0.0011258332015078823,88.02944690249664
0.8,0.1,Water,20260818,60,0,5.201167155605361,17592257.276566736,47.17698711422989,34736.383670962496,540,0.09814168853702701,180.49447142742164,0.08736479095227757,64.32663642770832,0.0,0.001113062372205603,88.17267656129016
0.8,0.1,Water,20260819,60,0,5.290157204152912,17746322.182863697,47.59229161834846,34886.76117095159,540,0.09897771170873768,181.28309242148242,0.08813387336731196,64.60511327953998,0.0,0.0011863468172711564,83.43067159433777
0.8,0.1,Water,20260820,60,0,5.242192112587775,17931241.57249463,47.36963458225033,35045.72768093695,540,0.09852798166743722,182.22514346825767,0.0877215455226858,64.8994957054388,0.0,0.0011325631530486918,86.995574067737
0.8,0.1,Water,20260821,60,0,5.224600234703568,17375323.76983346,47.265899549021334,34530.55107397706,540,0.09836252141858413,179.37816338588038,0.08752944360929876,63.94546495180937,0.0,0.0012472311210593686,78.86471060394751
0.8,0.1,Water,20260822,60,0,5.259815615818764,17877114.845902465,47.40764948237966,34978.26711309918,540,0.0986934612249123,181.94990583441563,0.08779194348588826,64.77456872796145,0.0,0.001143490798501884,86.30892470163562
0.8,0.1,Water,20260823,60,0,5.313951896197125,17911974.071818277,47.689529034091265,35063.27584204273,540,0.09920005876825026,182.1272147572104,0.08831394265572456,64.93199230007913,0.0,0.0010980762386373366,90.33986464487484
0.8,0.1,Water,20260824,60,0,5.318605700701338,17963700.68053232,47.722869624822515,35117.80918648661,540,0.09924348752494336,182.39000074388989,0.08837568449041207,65.0329799749752,0.0,0.0011546195722259857,85.95340830193298
0.8,0.1,Water,20260825,60,0,5.198121227440512,17618812.428110294,47.14902226682332,34734.0448298676,540,0.09811294726582284,180.63064640981185,0.08731300419782097,64.32230524049555,0.0,0.0011181509799473082,87.74570610352308
0.8,0.1,Water,20260826,60,0,5.194645776983571,17342305.548417907,47.11760110807545,34498.00078979383,540,0.09808014274980144,179.2076467264116,0.08725481686680639,63.885186647766346,0.0,0.0012258655136381696,80.00889302996666
0.8,0.1,Water,20260827,60,0,5.25896473123408,17686700.95202196,47.41644979088805,34782.913409404835,540,0.09868547804190547,180.9783133724916,0.0878082403534964,64.41280261000895,0.0,0.0011313146122564892,87.23079943701082
0.8,0.1,Water,20260828,60,0,5.321032632017199,17440781.243537944,47.70962092216665,34642.52875948577,540,0.09926612782497958,179.71572842572456,0.08835114985586416,64.15283103608476,0.0,0.001155310651642733,85.92158973331836
0.8,0.1,Water,20260829,60,0,5.338577676746439,18505165.306072496,47.843864405508725,35593.253655470704,540,0.09942964827926251,185.11840708280468,0.08859974889909024,65.91343269531612,0.0,0.0011846870488731248,83.92904132263459
0.8,0.1,Water,20260830,60,0,5.232977411986877,17293352.756052405,47.28374733070335,34444.26408331908,540,0.09844134756842171,178.95453983071502,0.08756249505685805,63.78567422836867,0.0,0.0011631064931538078,84.63657296030927
0.8,0.1,Water,20260831,60,0,5.292776036746491,17092623.619447898,47.602858668534616,34291.03448066459,540,0.09900220757683181,177.9129188751657,0.0881534419787678,63.501915704934426,0.0,0.0011244801642571701,88.04264470261467
0.8,0.1,Water,20260832,60,0,5.2309413441549815,17200936.057000488,47.28097020263627,34352.31873110909,540,0.09842219472812937,178.4757274554208,0.0875573522271042,63.61540505760942,0.0,0.0012003012912170392,81.99790789888654
0.8,0.1,Water,20260833,60,0,5.302597383576324,17419101.242145203,47.63423401177234,34598.03274939066,540,0.09909401992249886,179.60399464617007,0.08821154446624507,64.0704310173901,0.0,0.0011212301128358817,88.3797347110705
0.8,0.1,Water,20260834,60,0,5.259372475333919,17136217.054633785,47.42248777676908,34315.99394881179,540,0.09868930366572547,178.1396510784695,0.08781942180883164,63.54813694224406,0.0,0.0010137016772545668,97.35537178256244
0.8,0.1,Water,20260835,60,0,5.286193658942965,17289424.44076235,47.55879477750093,34481.55555330073,540,0.09894062621876337,178.9342132407283,0.08807184218055727,63.85473250611246,0.0,0.001089748645947522,90.79215338940459
0.8,0.1,Water,20260836,60,0,5.289131701118841,17649208.410665642,47.56789852847669,34811.818768008285,540,0.09896811777236779,180.78639129926358,0.08808870097866053,64.4663310518672,0.0,0.001108661492135297,89.26811156916243
0.8,0.1,Water,20260837,60,0,5.283758172166219,17201133.101674,47.55376230192231,34395.67415922994,540,0.09891783133421075,178.4767497134716,0.08806252278133761,63.69569288746285,0.0,0.0011893172176197808,83.17194930733301
0.8,0.25,Climate,20260808,60,0,18.20163944723319,704798.9975431996,62.9515705565904,10788.489533282602,300,0.2463171360071753,48.46988747470604,0.209838568521968,35.96163177760867,0.0,0.0019112351110496621,128.8785113789043
0.8,0.25,Climate,20260809,60,0,17.948955076438818,695749.5420961035,62.45331679806977,10707.065112795091,300,0.24460141098283972,48.15771112003087,0.20817772266023257,35.6902170426503,0.0,0.0020096781502706436,121.71173326927958
0.8,0.25,Climate,20260810,60,0,18.277687813573458,710348.3404140868,63.119437278326856,10835.445517377391,300,0.24683116911209746,48.660330880300116,0.21039812426108953,36.11815172459131,0.0,0.0021192120578191745,116.47308640085076
0.8,0.25,Climate,20260811,60,0,18.005743982467777,698194.5725405831,62.632687092230796,10740.874389525075,300,0.24498805401126383,48.24225577024714,0.20877562364076932,35.80291463175025,0.0,0.00204771476015492,119.63973634332218
0.8,0.25,Climate,20260812,60,0,17.97865657740224,697499.5637017254,62.310808689277714,10688.86311927143,300,0.24480370760674247,48.21823872428791,0.20770269563092572,35.629543730904764,0.0,0.001965768494444359,124.53333558789095
0.8,0.25,Climate,20260813,60,0,17.99230233616996,697167.9461616615,62.60939261497335,10734.753825411399,300,0.2448965927091811,48.206774978961256,0.2086979753832445,35.78251275137133,0.0,0.0020706926571289726,118.26795824385239
0.8,0.25,Climate,20260814,60,0,18.085380685547005,702090.2516343774,62.76138683778606,10768.266168590637,300,0.24552922898334667,48.37665592805333,0.2092046227926202,35.89422056196879,0.0,0.0020076886952855116,122.29447202641651
0.8,0.25,Climate,20260815,60,0,18.010244812223554,698547.9107849221,62.6203800081043,10737.23004768258,300,0.24501867148051903,48.25446130618122,0.20873460002701433,35.7907668256086,0.0,0.0017075389275458645,143.4922902944699
0.8,0.25,Climate,20260816,60,0,18.29501220768251,707938.2060604173,63.08772461119795,10805.528239735891,300,0.24694812010948447,48.57771114617682,0.21029241537065982,36.0184274657863,0.0,0.0018821492578466937,131.2053861190636
0.8,0.25,Climate,20260817,60,0,18.267259961640157,708589.9229916752,63.060501431975275,10812.229748462862,300,0.24676074756492475,48.60006594617183,0.21020167143991758,36.04076582820954,0.0,0.0019305412780958812,127.8194620154966
0.8,0.25,Climate,20260818,60,0,18.33696643223398,709057.5205244211,63.22948495660293,10833.455141843782,300,0.24723110937092835,48.616098860508515,0.2107649498553431,36.111517139479275,0.0,0.002008796281276158,123.07425679515205
0.8,0.25,Climate,20260819,60,0,18.12727217307339,702498.4855934767,62.8547473540366,10779.762858355232,300,0.2458134263560705,48.39071831090052,0.20951582451345532,35.93254286118411,0.0,0.0019169204949070432,128.23350108111327
0.8,0.25,Climate,20260820,60,0,18.16643922591856,704342.636079527,62.92027038507512,10788.084705117037,300,0.2460788439092815,48.454192666184795,0.20973423461691706,35.96028235039012,0.0,0.0019648719375540695,125.23912587178974
0.8,0.25,Climate,20260821,60,0,18.330662575556183,710368.6734537791,63.2500122473322,10851.509623240216,300,0.24718860933543696,48.66102730295841,0.210833374157774,36.171698744134055,0.0,0.0021593348799337398,114.47442063410844
0.8,0.25,Climate,20260822,60,0,18.19799508801066,706789.2538452102,62.96370621234316,10807.251493048034,300,0.24629247578174654,48.538275406982,0.20987902070781053,36.024171643493446,0.0,0.0019865499826261595,123.98000449812758
0.8,0.25,Climate,20260823,60,0,18.050207956473994,698469.7911238979,62.664575811645975,10736.301339669528,300,0.24529035825917272,48.25176304633499,0.20888191937215325,35.78767113223176,0.0,0.0019267314811630264,127.30905196561636
0.8,0.25,Climate,20260824,60,0,18.159828306914896,703552.2980993539,62.84254434377412,10765.912048933966,300,0.24603406476146683,48.42699997932813,0.20947514781258042,35.88637349644655,0.0,0.0018990275101834358,129.55792553932054
0.8,0.25,Climate,20260825,60,0,18.345111218453823,712482.6027306241,63.20735522412902,10843.256200545287,300,0.2472860099726214,48.73337674635404,0.21069118408043006,36.14418733515096,0.0,0.0019442458044874457,127.18865557115731
0.8,0.25,Climate,20260826,60,0,18.25900266786496,708156.659559436,63.08502439153843,10822.26297571139,300,0.24670497000712516,48.58520555201402,0.21028341463846145,36.07420991903797,0.0,0.0019527758397547238,126.33552965204252
0.8,0.25,Climate,20260827,60,0,18.189284993647735,705213.38807184,62.918460835672846,10788.188148289262,300,0.2462335273248259,48.48413445213599,0.20972820278557616,35.96062716096421,0.0,0.00202844086959576,121.39053743967249
0.8,0.25,Climate,20260828,60,0,18.24031603457549,708103.6244712241,63.07037513477302,10823.122604036425,300,0.24657869625858791,48.58338620252895,0.21023458378257676,36.077075346788085,0.0,0.0020788312005199845,118.61410209588466
0.8,0.25,Climate,20260829,60,0,18.182127272049723,704224.1119368483,62.93683055335649,10789.141455648494,300,0.24618507450053184,48.45011564956436,0.20978943517785495,35.963804852161644,0.0,0.0020237615841009245,121.64727131625138
0.8,0.25,Climate,20260830,60,0,17.93739959027608,694921.0832938296,62.50609652574832,10717.911362242306,300,0.24452266146021504,48.12903085435475,0.20835365508582773,35.72637120747436,0.0,0.0020331709408776986,120.26665173301029
0.8,0.25,Climate,20260831,60,0,18.181166095715646,705364.5915665383,62.92627956499066,10791.990552547411,300,0.2461785672752988,48.48933187023507,0.20975426521663554,35.97330184182471,0.0,0.001960268236521681,125.584122972946
0.8,0.25,Climate,20260832,60,0,18.284242135387622,709031.2536346293,63.131980022723255,10827.967192646513,300,0.24687542158875478,48.61519836548475,0.21043993340907752,36.09322397548838,0.0,0.0019778292920643106,124.82140019833797
0.8,0.25,Climate,20260833,60,0,18.258080432220314,707851.6290737538,63.07064460207309,10812.740698752954,300,0.24669873957400157,48.57474066061337,0.2102354820069103,36.04246899584318,0.0,0.0019347915235803522,127.50662620098879
0.8,0.25,Climate,20260834,60,0,18.148180485635066,702902.121357056,62.83669001510431,10767.417036533656,300,0.24595514825292208,48.40461828369465,0.20945563338368103,35.891390121778855,0.0,0.0018158898904734467,135.4460694688903
0.8,0.25,Climate,20260835,60,0,17.91509025343993,693422.5614452473,62.42507736234376,10695.687814043698,300,0.24437055369145122,48.07711033486543,0.20808359120781253,35.65229271347899,0.0,0.0018979840915947393,128.75268806185
0.8,0.25,Climate,20260836,60,0,18.095168995908168,700711.6120105644,62.76709118734894,10755.11409609851,300,0.24559566361473192,48.32913586407839,0.20922363729116314,35.85038032032837,0.0,0.001869431479715729,131.37452015736778
0.8,0.25,Climate,20260837,60,0,18.234132414817896,707092.6432968739,63.00478977280719,10796.496949224953,300,0.2465368965950661,48.54869182229575,0.2100159659093573,35.98832316408318,0.0,0.0018066885618901278,136.4578831102707
0.8,0.25,Traffic,20260808,60,0,22.484208251308157,1178469501.7400439,89.8566530663034,449739.7063215191,360,0.249912252663633,1809.2889193609583,0.24960181407306498,1249.2769620042197,0.0,0.00032956045147954094,758.3199123003615
0.8,0.25,Traffic,20260809,60,0,22.463871512736038,1178481249.4255602,89.81275360183112,449617.7492218556,360,0.2497992055450406,1809.2979373729777,0.24947987111619754,1248.9381922829323,0.0,0.0003691014049071063,676.7766316357123
0.8,0.25,Traffic,20260810,60,0,22.466010486616593,1179171074.7809393,89.81802637119296,449795.5554076395,360,0.2498110980021626,1809.8273972190916,0.2494945176977582,1249.432098354554,0.0,0.0003327740852923344,750.6927643801029
0.8,0.25,Traffic,20260811,60,0,22.48628985840164,1181021333.100036,89.85697817217812,450034.06356050423,360,0.24992382094017748,1811.2467568409243,0.2496027171449392,1250.0946210014006,0.0,0.00037485935810988805,666.713570124915
0.8,0.25,Traffic,20260812,60,0,22.494358751954344,1179981478.063176,89.87478774789088,449933.60077740997,360,0.24996865776840874,1810.4492061235153,0.24965218818858578,1249.8155577150278,0.0,0.00033455676078171894,747.1636716721454
0.8,0.25,Traffic,20260813,60,0,22.5143808231864,1181808924.9594643,89.91477083801114,450247.2173600106,360,0.25007988070029413,1811.8505924418396,0.24976325232780872,1250.6867148889182,0.0,0.00037750158129928413,662.4604851708693
0.8,0.25,Traffic,20260814,60,0,22.50587867586172,1181367348.4733264,89.89702593178221,450176.3285007971,360,0.2500326571773604,1811.5120667501672,0.24971396092161724,1250.4898013911031,0.0,0.0003294825968079903,758.8645336647925
0.8,0.25,Traffic,20260815,60,0,22.494009053835047,1181526323.0592642,89.8734005245257,450174.21465444384,360,0.2499667147499345,1811.6339486920397,0.24964833479034917,1250.4839295956774,0.0,0.0003301713228298871,757.0818465016233
0.8,0.25,Traffic,20260816,60,0,22.488351777650696,1179185407.3154984,89.86424436603737,449857.8188643703,360,0.24993527927607076,1809.8383961892366,0.24962290101677048,1249.6050524010286,0.0,0.00029881656245983975,836.4170888608676
0.8,0.25,Traffic,20260817,60,0,22.48599467045603,1180046927.7191043,89.86080569725435,449912.91876863514,360,0.24992218050189605,1810.499415231352,0.24961334915903985,1249.758107690653,0.0,0.0002986462920444579,836.8501038167634
0.8,0.25,Traffic,20260818,60,0,22.470209328179884,1179181533.536709,89.82837776896324,449719.3339721584,360,0.249834441448398,1809.835423408491,0.24952327158045343,1249.2203721448843,0.0,0.0003540227409127353,705.7016755598219
0.8,0.25,Traffic,20260819,60,0,22.489924055447986,1177781745.9951885,89.8654984225467,449687.67953256867,360,0.2499440162619087,1808.7608910792344,0.24962638450707414,1249.1324431460241,0.0,0.0003939781861089015,634.4108000761757
0.8,0.25,Traffic,20260820,60,0,22.46413112322771,1178842180.8309224,89.81643357523002,449725.43471770815,360,0.24980064898071838,1809.5749814305095,0.24949009326452784,1249.2373186603004,0.0,0.00037047769337393956,674.266368659836
0.8,0.25,Traffic,20260821,60,0,22.444828501827175,1178370785.0228896,89.7711206264198,449525.7862280793,360,0.24969330355139446,1809.2131385271161,0.24936422396227723,1248.6827395224425,0.0,0.0003547120445352232,703.9324077042997
0.8,0.25,Traffic,20260822,60,0,22.475058810075087,1178665073.7412899,89.83393195163059,449725.2158511255,360,0.24986139941350533,1809.4390427094693,0.24953869986564053,1249.2367106975707,0.0,0.0003538298912464496,706.1624967108047
0.8,0.25,Traffic,20260823,60,0,22.473817835316602,1180257755.0433578,89.8348337611748,449873.99246372585,360,0.2498545011897291,1810.6611400285055,0.24954120489215223,1249.6499790659052,0.0,0.0003996658839812993,625.1584415982326
0.8,0.25,Traffic,20260824,60,0,22.450272939360048,1176281331.2404587,89.78814268337779,449358.1997032621,360,0.24972358574231657,1807.6084040340727,0.24941150745382717,1248.2172213979502,0.0,0.0003217538664496901,776.1323538946928
0.8,0.25,Traffic,20260825,60,0,22.464420147379375,1178448881.45548,89.81633204135622,449684.26976663194,360,0.2498022559466864,1809.2730902641842,0.2494898112259895,1249.1229715739776,0.0,0.0003309764446534943,754.7433057002268
0.8,0.25,Traffic,20260826,60,0,22.454039454788482,1178501811.0744238,89.79520193740245,449592.85803863016,360,0.2497445331110511,1809.3137212416755,0.2494311164927846,1248.869050107306,0.0,0.00030525121400473845,818.1606547424716
0.8,0.25,Traffic,20260827,60,0,22.494658267183542,1180735018.16955,89.87424007507184,450066.9084724584,360,0.24997032194500135,1811.027193311966,0.24965066687519955,1250.1858568679402,0.0,0.00033092331685010643,755.3723452440397
0.8,0.25,Traffic,20260828,60,0,22.46744804933183,1179270231.0707881,89.82058540756891,449765.0344120633,360,0.249819090373035,1809.9034896544347,0.24950162613213586,1249.347317811287,0.0,0.0003397693260414941,735.2608703191942
0.8,0.25,Traffic,20260829,60,0,22.471504749716292,1178362772.804813,89.82868270097381,449676.790918033,360,0.2498416429000372,1809.2069877318663,0.24952411861381615,1249.1021969945361,0.0,0.00033901484300954304,736.963729027653
0.8,0.25,Traffic,20260830,60,0,22.493497248682925,1180988504.9680066,89.87359412484278,450071.3579637276,360,0.24996387099318376,1811.2215836034886,0.24964887256900772,1250.1982165659101,0.0,0.0003363788326820408,743.1022606272612
0.8,0.25,Traffic,20260831,60,0,22.496080539186643,1179768175.1406896,89.87783593008234,449928.9889383874,360,0.2499782242693387,1810.2855630632557,0.24966065536133983,1249.8027470510763,0.0,0.00033603182887590117,743.9123404040911
0.8,0.25,Traffic,20260832,60,0,22.483511870125838,1179522052.1477726,89.854642375727,449849.6873800128,360,0.24990838249094094,1810.0967225137235,0.24959622882146387,1249.58246494448,0.0,0.0003656389757945041,683.4839801963401
0.8,0.25,Traffic,20260833,60,0,22.481487094956936,1180543844.4311118,89.84743700475214,449996.8504470813,360,0.24989712936280253,1810.8805749560318,0.24957621390208928,1249.9912512418925,0.0,0.00037381800722444277,668.499442330938
0.8,0.25,Traffic,20260834,60,0,22.49372379968751,1179036908.533212,89.87436645565684,449844.9471818596,360,0.24996512978862287,1809.7244330845972,0.24965101793238012,1249.5692977273877,0.0,0.0003404556982498276,734.2075079771394
0.8,0.25,Traffic,20260835,60,0,22.49010903410513,1180250643.4801047,89.86495223754656,449939.16969148756,360,0.24994504414918187,1810.6556850121885,0.24962486732651823,1249.8310269207989,0.0,0.0004052170665273939,616.8176634097538
0.8,0.25,Traffic,20260836,60,0,22.474195574139614,1180038967.818456,89.83553459001861,449875.1048033655,360,0.24985660095197948,1810.4933089403928,0.24954315163894059,1249.6530688982375,0.0,0.00037770868420849377,661.5061061557684
0.8,0.25,Traffic,20260837,60,0,22.48348534920259,1180740606.8687234,89.85096278621559,450024.7983789168,360,0.24990823509842006,1811.031479317736,0.24958600773948775,1250.06888438588,0.0,0.0003670454648045163,680.8645224141864
0.8,0.25,Water,20260808,60,0,33.54373401369965,110320721.27829961,119.83083007049993,87161.06869637777,540,0.24923488108869443,451.9929556938373,0.22190894457499988,161.40938647477364,0.0,0.001177029519005285,211.7490488253212
0.8,0.25,Water,20260809,60,0,32.951999420200146,111064352.32859206,117.90057246553043,86684.3461399322,540,0.24702676200873214,453.51375561765457,0.21833439345468597,160.52656692580035,0.0,0.0010995676047372161,224.65809373109775
0.8,0.25,Water,20260810,60,0,33.54908936234923,110461871.338861,119.84092225421783,87186.56367288741,540,0.24925477580902974,452.28201489545296,0.2219276338041071,161.45659939423595,0.0,0.0012071533058403306,206.48145898545758
0.8,0.25,Water,20260811,60,0,33.59890067030104,112019479.31728944,119.9764584978856,87781.33250763766,540,0.24943974508182012,455.4596362107214,0.2221786268479363,162.55802316229196,0.0,0.0011960714995495336,208.54919223120402
0.8,0.25,Water,20260812,60,0,33.63888931677182,111533956.7841727,120.0093187250545,87604.4724387049,540,0.24958813969318208,454.4715221167709,0.2222394791204713,162.2305045161202,0.0,0.0011840133398359767,210.7984186459909
0.8,0.25,Water,20260813,60,0,33.47221313512915,111613659.00292717,119.74632718383538,87639.5458515244,540,0.24896903397786,454.63387590074257,0.2217524577478433,162.29545528060072,0.0,0.0010759025284180737,231.40482283643794
0.8,0.25,Water,20260814,60,0,33.612804679234145,111656212.97257729,119.99323979922056,87637.71694878356,540,0.2494913517362362,454.72053479475943,0.22220970333188994,162.29206842367327,0.0,0.0010993524648603944,226.94391445051141
0.8,0.25,Water,20260815,60,0,33.36540463432528,111565646.83448343,119.51865570332826,87599.4733867278,540,0.24857149144634755,454.5360818389315,0.22133084389505234,162.2212470124589,0.0,0.0011059224528908735,224.76394325531905
0.8,0.25,Water,20260816,60,0,33.63528127051898,112512744.07879601,120.07725521378799,87974.56851604777,540,0.2495747541486688,456.4613165200879,0.22236528743294073,162.91586762231069,0.0,0.0011946853495692646,208.9041723317786
0.8,0.25,Water,20260817,60,0,33.52134216698974,109676242.98596655,119.80933258557879,86909.94193831063,540,0.24915167984282088,450.6707819214774,0.2218691344177385,160.94433692279745,0.0,0.0011258332015078823,221.3042567132681
0.8,0.25,Water,20260818,60,0,33.490379384674526,113313251.0454829,119.78910382434006,88247.94454846566,540,0.249036585831742,458.0822565740036,0.22183167374877788,163.42211953419567,0.0,0.001113062372205603,223.7400095901727
0.8,0.25,Water,20260819,60,0,33.57779350432239,111837920.89447913,119.91982833349289,87708.43137624976,540,0.2493613824995332,455.09038763272304,0.222073756173135,162.42302106712918,0.0,0.0011863468172711564,210.1926509763107
0.8,0.25,Water,20260820,60,0,33.65958163932358,113951710.4846792,120.08291781761665,88502.59933542709,540,0.24966489258872573,459.37096782746215,0.22237577373632714,163.89370247301312,0.0,0.0011325631530486918,220.4423584827609
0.8,0.25,Water,20260821,60,0,33.5645247463927,112427314.19106859,119.89015639727617,87927.91011430322,540,0.24931210822608402,456.2879901810482,0.222018808143104,162.82946317463558,0.0,0.0012472311210593686,199.89246901915357
0.8,0.25,Water,20260822,60,0,33.37636660260811,112376013.79477948,119.52357862278275,87863.02824605673,540,0.24861232129789168,456.1838765778462,0.22133996041256065,162.7093115667717,0.0,0.001143490798501884,217.41523554330732
0.8,0.25,Water,20260823,60,0,33.66526235362492,113932120.55956258,120.08617943767334,88485.16646854326,540,0.24968595962256016,459.3314799179721,0.22238181377346913,163.86141938619122,0.0,0.0010980762386373366,227.38490355861742
0.8,0.25,Water,20260824,60,0,33.499369104261945,112434428.08375277,119.78753836659389,87929.76471520211,540,0.24907000765165643,456.30242587433327,0.22182877475295165,162.83289762074466,0.0,0.0011546195722259857,215.71607968802704
0.8,0.25,Water,20260825,60,0,33.43518646859223,111595469.1876644,119.64971866095665,87596.36375486042,540,0.24883129220191438,454.59682827033953,0.22157355307584564,162.2154884349267,0.0,0.0011181509799473082,222.53818729706816
0.8,0.25,Water,20260826,60,0,33.42485309321843,111164417.32779188,119.63687439319408,87457.84108894925,540,0.24879283771554328,453.7180094381349,0.22154976739480384,161.95896497953566,0.0,0.0012258655136381696,202.95279942835376
0.8,0.25,Water,20260827,60,0,33.48316761815677,111654095.76402019,119.71382419228891,87602.04642755941,540,0.24900977081140727,454.7162236026386,0.22169226702275724,162.2260119028878,0.0,0.0011313146122564892,220.10656285499502
0.8,0.25,Water,20260828,60,0,33.61588837915894,110995884.7568427,119.96455221200364,87414.74073821527,540,0.24950279586928606,453.373945805109,0.22215657817037712,161.87914951521347,0.0,0.001155310651642733,215.96165110614945
0.8,0.25,Water,20260829,60,0,33.616220947416146,114928599.02314976,120.02670115939094,88831.96448042791,540,0.2495040300550947,461.3358201264658,0.22227166881368693,164.50363792671834,0.0,0.0011846870488731248,210.60754423915
0.8,0.25,Water,20260830,60,0,33.372480057965646,110392056.379419,119.51397976245141,87139.47711711469,540,0.24859784592033915,452.1390649302061,0.2213221847452804,161.3694020687309,0.0,0.0011631064931538078,213.73610016246798
0.8,0.25,Water,20260831,60,0,33.64365640520102,109244029.52405556,120.0266754953518,86758.92586358784,540,0.24960582408477355,449.7819009007373,0.22227162128768851,160.66467752516266,0.0,0.0011244801642571701,221.97441272755825
0.8,0.25,Water,20260832,60,0,33.47656739452815,110290585.06574263,119.72402173404117,87118.80628004762,540,0.2489852271183981,451.9312162219154,0.2217111513593355,161.33112274082893,0.0,0.0012003012912170392,207.43560715988303
0.8,0.25,Water,20260833,60,0,33.520478556718146,110868341.90968278,119.80635443345965,87351.83332262526,540,0.24914847037503318,453.11339008816583,0.22186361932122156,161.76265430115788,0.0,0.0011212301128358817,222.20993489451698
0.8,0.25,Water,20260834,60,0,33.30424867230717,109753170.5186812,119.37812161210375,86889.6546325907,540,0.2483435817136143,450.82880572522413,0.2210705955779699,160.90676783813092,0.0,0.0010137016772545668,244.98685095028088
0.8,0.25,Water,20260835,60,0,33.642276091574615,110470310.46344784,120.02571648313358,87226.28455828207,540,0.2496007036862952,452.2992914060168,0.22226984533913627,161.53015658941123,0.0,0.001089748645947522,229.04428889587717
0.8,0.25,Water,20260836,60,0,33.63076478230096,112508237.60315713,119.99666657813073,87959.54830663596,540,0.24955799734991077,456.45217510051884,0.22221604921876062,162.8880524196962,0.0,0.001108661492135297,225.09846253364378
0.8,0.25,Water,20260837,60,0,33.57515889169469,109761519.08274664,119.90200244893049,86955.68920820489,540,0.24935159949317548,450.84595193420193,0.2220407452757972,161.0290540892683,0.0,0.0011893172176197808,209.6594548527692
0.8,0.5,Climate,20260808,60,0,74.45609094932757,2884410.9145189393,127.3572196186033,21828.057352709864,300,0.4981836707792538,98.05459218413212,0.4245240653953443,72.76019117569955,0.0,0.0019112351110496621,260.66058953136763
0.8,0.5,Climate,20260809,60,0,74.19839913549099,2874551.5644849343,127.11775411580872,21787.964953832176,300,0.49732081910805154,97.88686606630695,0.4237258470526957,72.62654984610725,0.0,0.0020096781502706436,247.4629179010964
0.8,0.5,Climate,20260810,60,0,74.28665475018659,2882902.342551215,127.25917907582222,21830.39566307542,300,0.49761650143521363,98.02894712874722,0.42419726358607407,72.76798554358473,0.0,0.0021192120578191745,234.81203761519635
0.8,0.5,Climate,20260811,60,0,74.22764995562248,2877906.8268107236,127.18110547354692,21804.058227833357,300,0.4974188374519756,97.94397764046417,0.4239370182451564,72.68019409277785,0.0,0.00204771476015492,242.91412414019197
0.8,0.5,Climate,20260812,60,0,74.58424097401354,2891348.652611472,127.47439909034873,21856.554588693503,300,0.4986122106206838,98.1724444130747,0.42491466363449576,72.85518196231168,0.0,0.001965768494444359,253.64747274659155
0.8,0.5,Climate,20260813,60,0,74.55185726136412,2889049.71768285,127.5111010501367,21862.99960961253,300,0.498503952713731,98.1334077957629,0.42503700350045565,72.87666536537509,0.0,0.0020706926571289726,240.74260899969076
0.8,0.5,Climate,20260814,60,0,73.95761011854127,2870317.0666196197,126.96878224588417,21782.80409342629,300,0.49651320935278676,97.81474099234089,0.42322927415294725,72.60934697808763,0.0,0.0020076886952855116,247.30587491910845
0.8,0.5,Climate,20260815,60,0,73.62738018725541,2855665.25709433,126.64693953700483,21717.332625699444,300,0.49540347255967504,97.56476920648372,0.4221564651233494,72.39110875233148,0.0,0.0017075389275458645,290.127190992762
0.8,0.5,Climate,20260816,60,0,74.32017423310336,2876389.563412299,127.18531870667996,21786.184578035845,300,0.4977287555590339,97.91815567796571,0.4239510623555999,72.62061526011948,0.0,0.0018821492578466937,264.4470163479326
0.8,0.5,Climate,20260817,60,0,74.46881989700283,2887894.9847142575,127.37924881843198,21840.635426319,300,0.49822625347995875,98.11379421729745,0.4245974960614399,72.80211808773001,0.0,0.0019305412780958812,258.07593918497616
0.8,0.5,Climate,20260818,60,0,74.57812390874884,2885518.7648578384,127.49898928628203,21846.156422291977,300,0.4985917632317005,98.07342087874503,0.4249966309542734,72.82052140763993,0.0,0.002008796281276158,248.20424444182697
0.8,0.5,Climate,20260819,60,0,74.12472513336785,2873385.803342146,127.1245694845355,21800.514350994425,300,0.4970738547854093,97.8670152697381,0.42374856494845164,72.66838116998142,0.0,0.0019169204949070432,259.3085399765178
0.8,0.5,Climate,20260820,60,0,74.09513775713712,2872828.063787872,127.0821829318964,21788.59509951359,300,0.49697463971896033,97.85751655319878,0.4236072764396547,72.62865033171197,0.0,0.0019648719375540695,252.92978652726293
0.8,0.5,Climate,20260821,60,0,74.32960833313894,2879724.5567660504,127.31768389126546,21833.56818292083,300,0.4977603450561958,97.97490421473671,0.42439227963755155,72.7785606097361,0.0,0.0021593348799337398,230.51558592499086
0.8,0.5,Climate,20260822,60,0,74.13354264307151,2877691.0582087524,127.10731283757028,21808.609992521182,300,0.4971034186265856,97.94030593868139,0.4236910427919009,72.69536664173728,0.0,0.0019865499826261595,250.23453876022276
0.8,0.5,Climate,20260823,60,0,74.29331640945092,2876779.1707500545,127.20023890664571,21799.11783199203,300,0.4976388128266354,97.92478696683584,0.4240007963554857,72.6637261066401,0.0,0.0019267314811630264,258.28135248314277
0.8,0.5,Climate,20260824,60,0,74.40678660497586,2883379.1531395945,127.27477671499024,21810.733883744186,300,0.4980186964528402,98.0370534226659,0.42424925571663413,72.70244627914728,0.0,0.0018990275101834358,262.2493322409712
0.8,0.5,Climate,20260825,60,0,74.3584030173699,2885521.4696942996,127.26318516228194,21822.614313294125,300,0.4978567498701137,98.07346684491682,0.4242106172076065,72.74204771098042,0.0,0.0019442458044874457,256.06677340952876
0.8,0.5,Climate,20260826,60,0,74.27034222322474,2879170.8353705304,127.23818679370046,21820.426077792217,300,0.4975618628982221,97.96548431923239,0.4241272893123349,72.73475359264073,0.0,0.0019527758397547238,254.79722391522304
0.8,0.5,Climate,20260827,60,0,74.3047265156892,2878950.063799323,127.22695195551162,21809.178576983522,300,0.4976770255084757,97.96172830582569,0.4240898398517054,72.6972619232784,0.0,0.00202844086959576,245.34953567941858
0.8,0.5,Climate,20260828,60,0,74.55492938689476,2893283.973552114,127.50361710578639,21872.504552557253,300,0.4985142237586097,98.20529472406454,0.42501205701928796,72.90834850852417,0.0,0.0020788312005199845,239.80505181657597
0.8,0.5,Climate,20260829,60,0,74.49218457807493,2885453.4557761177,127.42592208442258,21844.067612597602,300,0.49830440689092487,98.07231100530053,0.42475307361474196,72.81355870865868,0.0,0.0020237615841009245,246.22683363776835
0.8,0.5,Climate,20260830,60,0,74.20391584286297,2875377.0895917737,127.15235443057489,21800.610401636324,300,0.497339306854864,97.9009208263091,0.4238411814352496,72.66870133878774,0.0,0.0020331709408776986,244.61263775497787
0.8,0.5,Climate,20260831,60,0,74.20291405018239,2877857.1581242923,127.16648763333293,21806.825988145592,300,0.49733594966977934,97.94313244810807,0.4238882921111098,72.68941996048531,0.0,0.001960268236521681,253.70811014734244
0.8,0.5,Climate,20260832,60,0,74.41480274752485,2884661.8223573808,127.38128147088324,21842.942377470783,300,0.4980455225094886,98.05885685575748,0.4246042715696108,72.80980792490261,0.0,0.0019778292920643106,251.81421091689154
0.8,0.5,Climate,20260833,60,0,74.45681396174825,2885834.786302232,127.38401209832165,21836.28613984061,300,0.49818608960156063,98.07879122253755,0.42461337366107216,72.78762046613537,0.0,0.0019347915235803522,257.4882531424688
0.8,0.5,Climate,20260834,60,0,74.03380906758171,2868145.085633344,126.96589666317895,21760.50194255708,300,0.49676892370457887,97.77772557580695,0.4232196555439298,72.53500647519026,0.0,0.0018158898904734467,273.5677566744199
0.8,0.5,Climate,20260835,60,0,73.97783451132584,2866046.523861439,126.92669941313653,21754.72876162448,300,0.49658109277782564,97.7419480718052,0.42308899804378847,72.51576253874826,0.0,0.0018979840915947393,261.6360669074862
0.8,0.5,Climate,20260836,60,0,74.41246759497088,2882339.3130447217,127.32636456591297,21820.967646189987,300,0.4980377080602461,98.0193741570975,0.4244212152197099,72.73655882063329,0.0,0.001869431479715729,266.4113199463075
0.8,0.5,Climate,20260837,60,0,74.30667160547485,2881700.881907059,127.22327749500063,21805.753357883834,300,0.497683539361694,98.00851802959201,0.4240775916500021,72.68584452627944,0.0,0.0018066885618901278,275.46725531987965
0.8,0.5,Traffic,20260808,60,0,89.97029620364943,4715666378.478803,179.74652356734,899658.2354725973,360,0.4999174826454679,3619.2641895214324,0.49929589879816666,2499.050654090548,0.0,0.00032956045147954094,1516.9219498308119
0.8,0.5,Traffic,20260809,60,0,89.86640092560472,4715024783.415644,179.63633255891997,899328.8471880635,360,0.49962875363615045,3619.0179697044136,0.4989898126636666,2498.13568663351,0.0,0.0003691014049071063,1353.6354698023829
0.8,0.5,Traffic,20260810,60,0,89.88636355512362,4718473367.418566,179.65920299044606,899740.859507374,360,0.4996842435065135,3620.3412083740905,0.49905334164012793,2499.280165298261,0.0,0.0003327740852923344,1501.5719840911063
0.8,0.5,Traffic,20260811,60,0,89.97296484247877,4725212958.864942,179.74206602213584,900195.06543904,360,0.49992489669971313,3622.925827615384,0.49928351672815513,2500.541848441778,0.0,0.00037485935810988805,1333.6332303945385
0.8,0.5,Traffic,20260812,60,0,89.97301879400378,4719569285.678989,179.74569358981364,899828.0003800292,360,0.499925046587552,3620.7616163511284,0.49929359330503786,2499.5222232778588,0.0,0.00033455676078171894,1494.2906710940072
0.8,0.5,Traffic,20260813,60,0,90.06907581106512,4727871821.267511,179.8411681954304,900552.7879964856,360,0.5001918404502004,3623.944988724117,0.4995588005428623,2501.53552221246,0.0,0.00037750158129928413,1325.0059476006463
0.8,0.5,Traffic,20260814,60,0,90.06397409587808,4726898931.065255,179.8354892337725,900508.4157053804,360,0.500177674253743,3623.572106156382,0.4995430256493681,2501.412265848279,0.0,0.0003294825968079903,1518.0700865521806
0.8,0.5,Traffic,20260815,60,0,90.02558795726536,4729180977.061756,179.7965276647533,900623.7007851165,360,0.5000710726077549,3624.446692278912,0.4994347990687592,2501.7325021808792,0.0,0.0003301713228298871,1514.5805769006915
0.8,0.5,Traffic,20260816,60,0,89.96227306890259,4716902793.430707,179.7373843104737,899739.7105701241,360,0.49989519198445376,3619.7386313834513,0.499270511973538,2499.2769738059,0.0,0.00029881656245983975,1672.9166143581433
0.8,0.5,Traffic,20260817,60,0,89.93785568331222,4719353479.647591,179.71613291138814,899762.8376844929,360,0.49982734708906185,3620.6788343131607,0.49921148030941154,2499.341215790258,0.0,0.0002986462920444579,1673.6432375147492
0.8,0.5,Traffic,20260818,60,0,89.91231079228325,4718723233.91901,179.68799984258993,899617.4884089172,360,0.49975635950676356,3620.4370645909476,0.49913333289608314,2498.937467802548,0.0,0.0003540227409127353,1411.6504443141148
0.8,0.5,Traffic,20260819,60,0,89.95217278163936,4711805258.807201,179.723066010907,899409.1863390147,360,0.49986712896095187,3617.7821854184526,0.49923073891918607,2498.3588509417073,0.0,0.0003939781861089015,1268.768542486718
0.8,0.5,Traffic,20260820,60,0,89.90522968465571,4718087605.824814,179.6812702916642,899703.4942446012,360,0.4997366797865088,3620.193213775879,0.4991146396990672,2499.17637290167,0.0,0.00037047769337393956,1348.8981623573823
0.8,0.5,Traffic,20260821,60,0,89.89793982987293,4720446662.313112,179.66620847589073,899729.0903280668,360,0.4997164191093032,3621.0981538420974,0.49907280132191867,2499.247473133519,0.0,0.0003547120445352232,1408.794617515958
0.8,0.5,Traffic,20260822,60,0,89.90259765515262,4715407041.03875,179.6696258585569,899503.190747362,360,0.4997293646875071,3619.164667678759,0.49908229405154697,2498.6199742982276,0.0,0.0003538298912464496,1412.3435499671666
0.8,0.5,Traffic,20260823,60,0,89.9457200628155,4723823313.143884,179.7209433673683,900017.7186713069,360,0.4998491996559659,3622.393052306676,0.4992248426871342,2500.049218531408,0.0,0.0003996658839812993,1250.6676693959555
0.8,0.5,Traffic,20260824,60,0,89.85132922507228,4709093066.787919,179.62664660911602,899056.8575109738,360,0.4995868549363572,3616.7408082983893,0.4989629072475445,2497.380159752705,0.0,0.0003217538664496901,1552.6988391745506
0.8,0.5,Traffic,20260825,60,0,89.90010528714056,4717496514.598268,179.67443439177225,899661.7896636992,360,0.499722437645641,3619.9664342359847,0.49909565108825626,2499.060526843609,0.0,0.0003309764446534943,1509.8429079108944
0.8,0.5,Traffic,20260826,60,0,89.94437689781945,4721351202.398284,179.71977645583098,899880.2296275857,360,0.49984546750253905,3621.4450777426327,0.4992216012661972,2499.6673045210714,0.0,0.00030525121400473845,1637.488876603714
0.8,0.5,Traffic,20260827,60,0,89.98358518510977,4722931026.502355,179.75364562442533,900133.275243279,360,0.4999544012127222,3622.050917835837,0.49931568229007034,2500.3702090091083,0.0,0.00033092331685010643,1510.7862630277557
0.8,0.5,Traffic,20260828,60,0,89.90199988681871,4719629232.203678,179.67447451359286,899742.0360394267,360,0.4997277033179022,3620.7846111810863,0.49909576253775795,2499.283433442852,0.0,0.0003397693260414941,1470.7852210792958
0.8,0.5,Traffic,20260829,60,0,89.94040607868203,4716154889.484714,179.71225387584647,899627.2598204751,360,0.4998344339175446,3619.451650259836,0.49920070521068466,2498.964610612431,0.0,0.00033901484300954304,1474.37330318742
0.8,0.5,Traffic,20260830,60,0,90.01611263435281,4726132302.331144,179.79016604235989,900362.9507666329,360,0.5000447553146085,3623.2782510115308,0.4994171278954441,2501.0081965739805,0.0,0.0003363788326820408,1486.5523830010775
0.8,0.5,Traffic,20260831,60,0,90.00195935868433,4720407226.232358,179.77322624492857,899967.3190757536,360,0.5000054426333898,3621.083027919946,0.49937007290257934,2499.909219654871,0.0,0.00033603182887590117,1487.9704827546118
0.8,0.5,Traffic,20260832,60,0,89.940476537886,4719064689.50534,179.7154126600125,899763.0061693345,360,0.499834629702348,3620.568052999932,0.49920947961114587,2499.341683803707,0.0,0.0003656389757945041,1367.0168192990025
0.8,0.5,Traffic,20260833,60,0,89.96731935533651,4724882667.707705,179.7370523486732,900229.9529497899,360,0.4999092121890637,3622.7992046159343,0.49926958985742553,2500.638758193861,0.0,0.00037381800722444277,1337.3063965024962
0.8,0.5,Traffic,20260834,60,0,90.00234303251615,4718258938.971519,179.77680164635652,899871.1048404025,360,0.5000065083812969,3620.2589452242837,0.4993800045732125,2499.641957890007,0.0,0.0003404556982498276,1468.6389769701852
0.8,0.5,Traffic,20260835,60,0,89.96980554607174,4721771515.230112,179.7394119158985,899950.7921466967,360,0.49991611948092446,3621.6062716356,0.49927614421082916,2499.863311518602,0.0,0.0004052170665273939,1233.6995669137953
0.8,0.5,Traffic,20260836,60,0,89.93324425215759,4720966652.953948,179.70778179948482,899870.3730061385,360,0.49981453296908485,3621.297593157101,0.49918828277634675,2499.639925017051,0.0,0.00037770868420849377,1323.2804906682768
0.8,0.5,Traffic,20260837,60,0,89.97736730898421,4725077424.734566,179.7458128590493,900260.9127418426,360,0.49993712746088886,3622.8738687273017,0.4992939246084703,2500.7247576162295,0.0,0.0003670454648045163,1362.057770492135
0.8,0.5,Water,20260808,60,0,134.65060743072726,444201032.6334256,240.1000252962433,174895.82641834443,540,0.4993525575418324,906.9699580894144,0.4446296764745246,323.8811600339712,0.0,0.001177029519005285,424.248117382679
0.8,0.5,Water,20260809,60,0,132.48567878979085,446733014.3900887,236.40746836974267,173876.32783550327,540,0.49532196560492225,909.5511860151938,0.43779160809211604,321.9931996953764,0.0,0.0010995676047372161,450.4697696357637
0.8,0.5,Water,20260810,60,0,134.89757990014405,445209569.08206296,240.32119780592228,175051.13534310524,540,0.49981029716124786,907.9989895185915,0.4450392551961524,324.1687691538986,0.0,0.0012071533058403306,414.04044933076415
0.8,0.5,Water,20260811,60,0,135.04092212287281,450550489.0600369,240.5199917674189,176073.12239437507,540,0.5000757759670266,913.4291201393718,0.44540739216188685,326.06133776736124,0.0,0.0011960714995495336,418.09856363550665
0.8,0.5,Water,20260812,60,0,134.93713245485986,446593767.53742427,240.37682999779565,175338.83555209925,540,0.4998835650630163,909.4094212397816,0.44514227777369564,324.7015473187023,0.0,0.0011840133398359767,422.1942002209755
0.8,0.5,Water,20260813,60,0,134.76569415242128,450518232.99606544,240.28434427216652,176070.44549141376,540,0.4995659118497394,913.3964221885193,0.44497100791141947,326.0563805396551,0.0,0.0010759025284180737,464.322648803757
0.8,0.5,Water,20260814,60,0,134.88760944832256,448368677.4919762,240.38247505728842,175633.40853043352,540,0.49979182601233635,911.2147747517497,0.4451527315875711,325.2470528341361,0.0,0.0010993524648603944,454.62382810576077
0.8,0.5,Water,20260815,60,0,134.71054188955586,450515088.76999944,240.2063372147745,176059.1727004225,540,0.4994636788217342,913.3932348260113,0.44482655039773056,326.0355050007824,0.0,0.0011059224528908735,451.6263120584446
0.8,0.5,Water,20260816,60,0,134.94702631799447,449646773.67291677,240.47569766064834,175888.61868268964,540,0.49990189096349563,912.5125810121203,0.44532536603823764,325.71966422720305,0.0,0.0011946853495692646,418.4381194125564
0.8,0.5,Water,20260817,60,0,134.85518840073425,442447460.9753229,240.30392567573512,174548.27171961375,540,0.49973175841818385,905.1779659019003,0.44500726976987987,323.23754022150695,0.0,0.0011258332015078823,443.87726152405986
0.8,0.5,Water,20260818,60,0,134.918295409642,455950906.3000249,240.44066061346857,177040.23831153748,540,0.49984867230296887,918.8871150392911,0.44526048261753437,327.85229316951387,0.0,0.001113062372205603,449.07516845842815
0.8,0.5,Water,20260819,60,0,135.00886594532534,448394897.8060313,240.4480595106129,175662.13519617877,540,0.5000164181477136,911.2414179914239,0.44527418427891274,325.300250363294,0.0,0.0011863468172711564,421.4757530161838
0.8,0.5,Water,20260820,60,0,135.04960227363347,456760478.9575726,240.53093575742892,177211.03866695988,540,0.5000918476262978,919.7025273480114,0.4454276588100536,328.16859012399976,0.0,0.0011325631530486918,441.5575822682601
0.8,0.5,Water,20260821,60,0,134.79233742381703,452500825.21853936,240.28131648669574,176418.19982157243,540,0.4996152916732386,915.4040043311168,0.4449654009012884,326.70037003994895,0.0,0.0012472311210593686,400.57955838119017
0.8,0.5,Water,20260822,60,0,134.4430189074574,452126559.88323843,239.948905043704,176308.57708020534,540,0.49896748745016295,915.0253587694618,0.4443498241550074,326.4973649633432,0.0,0.001143490798501884,436.35461527444977
0.8,0.5,Water,20260823,60,0,135.0011897961831,457535789.2001972,240.4873973374768,177332.21483355775,540,0.5000022033214103,920.4827529719846,0.44534703210643856,328.39299043251435,0.0,0.0010980762386373366,455.3437964761815
0.8,0.5,Water,20260824,60,0,134.88117404177308,451352299.9183644,240.37399020833365,176214.80733590288,540,0.49977990348673423,914.2415394420752,0.44513701890432156,326.323717288709,0.0,0.0011546195722259857,432.85244379082445
0.8,0.5,Water,20260825,60,0,134.61624635195022,446974278.6868311,240.0963937066211,175382.34175308733,540,0.49928883934672935,909.7967606649047,0.44462295130855756,324.7821143575691,0.0,0.0011181509799473082,446.5307890444793
0.8,0.5,Water,20260826,60,0,134.66963305124065,446779468.05296963,240.15914710035833,175366.71232532262,540,0.49938783460768177,909.5984747586581,0.44473916129695984,324.75317097281965,0.0,0.0012258655136381696,407.3757105096952
0.8,0.5,Water,20260827,60,0,134.72934589735266,448733433.77947223,240.20223068081654,175705.48036437214,540,0.4994985372338954,911.5853445138068,0.4448189457052158,325.3805191932817,0.0,0.0011313146122564892,441.5204504762908
0.8,0.5,Water,20260828,60,0,134.87161337364728,446585666.34987473,240.31577002092484,175333.8857910545,540,0.49976219043484643,909.401172882743,0.4450292037424534,324.69238109454534,0.0,0.001155310651642733,432.5781898783985
0.8,0.5,Water,20260829,60,0,134.94901936609457,460286183.04549384,240.4558769201421,177794.66692866068,540,0.4999055825040301,923.2452656009768,0.4452886609632261,329.24938320122345,0.0,0.0011846870488731248,421.97269142052386
0.8,0.5,Water,20260830,60,0,134.85338631153633,448027789.5371303,240.30868647132465,175581.84248257423,540,0.4997284194134967,910.8683174506765,0.44501608605800863,325.15156015291524,0.0,0.0011631064931538078,429.64975464840194
0.8,0.5,Water,20260831,60,0,134.94225142481397,439153047.5294218,240.36898940457252,173956.1898177144,540,0.4998930467551034,901.8017433525754,0.44512775815661576,322.14109225502665,0.0,0.0011244801642571701,444.55479308995365
0.8,0.5,Water,20260832,60,0,134.8460778167216,444529493.2260282,240.3164937647705,174949.3457911192,540,0.4997148776250861,907.3052216500165,0.4450305440088343,323.9802699835541,0.0,0.0012003012912170392,416.3245355825643
0.8,0.5,Water,20260833,60,0,134.85125227360513,446923049.7749162,240.32394512424858,175399.55088843257,540,0.4997244653280615,909.7446220566273,0.44504434282268257,324.81398312672695,0.0,0.0011212301128358817,445.69304695548067
0.8,0.5,Water,20260834,60,0,134.59922774595498,444692592.78057724,240.0710286108253,174954.4061487742,540,0.49925727752249727,907.4716532462672,0.44457597890893574,323.9896410162485,0.0,0.0010137016772545668,492.50907710308627
0.8,0.5,Water,20260835,60,0,134.96280366456585,443826923.25113976,240.41190493254393,174841.0456279882,540,0.4999311131519463,906.5879492494553,0.4452072313565628,323.7797141259041,0.0,0.001089748645947522,458.7581870471267
0.8,0.5,Water,20260836,60,0,135.00952810343762,452276763.8208402,240.44479036452427,176367.5440601337,540,0.5000176443246733,915.1773394436651,0.44526813030467455,326.6065630743216,0.0,0.001108661492135297,451.0102027280054
0.8,0.5,Water,20260837,60,0,134.86419710751525,441458832.3444431,240.3074263951473,174402.4876373965,540,0.4997484498846047,904.1661109516399,0.4450137525836061,322.9675696988824,0.0,0.0011893172176197808,420.1977760691698
0.8,1.0,Climate,20260808,60,0,299.6309003797986,11609442.640042791,255.49601773948856,43792.51486297186,300,0.9993846446352186,196.71843363923975,0.8516533924649619,145.97504954323952,0.0,0.0019112351110496621,522.8998980069754
0.8,1.0,Climate,20260809,60,0,299.17375345529325,11589366.052987365,255.3135646036488,43759.27915441994,300,0.9986219729462082,196.54826424220732,0.851045215345496,145.86426384806649,0.0,0.0020096781502706436,496.9064189764534
0.8,1.0,Climate,20260810,60,0,299.5610500968127,11616414.162608597,255.5488244295272,43822.24750090864,300,0.9992681490250964,196.77748992714757,0.8518294147650907,146.07415833636213,0.0,0.0021192120578191745,471.5281537485291
0.8,1.0,Climate,20260811,60,0,299.09676868403744,11599366.354518473,255.2896917959705,43768.11021180848,300,0.9984934796716458,196.6330453282499,0.8509656393199017,145.89370070602828,0.0,0.00204771476015492,487.6135578551501
0.8,1.0,Climate,20260812,60,0,299.68657551194457,11612898.276825167,255.53922922160876,43805.18632598449,300,0.9994774893445484,196.74770881194667,0.8517974307386958,146.01728775328164,0.0,0.001965768494444359,508.44109678696384
0.8,1.0,Climate,20260813,60,0,299.76384693880027,11615720.404285587,255.66296373603782,43833.96424421615,300,0.9996063340782382,196.77161384276263,0.8522098791201261,146.11321414738717,0.0,0.0020706926571289726,482.74007764348676
0.8,1.0,Climate,20260814,60,0,299.02611232980763,11605433.330374721,255.32990550905086,43804.02005165785,300,0.998375534438833,196.68446244661965,0.8510996850301695,146.01340017219283,0.0,0.0020076886952855116,497.27606515055606
0.8,1.0,Climate,20260815,60,0,296.9338435868672,11516898.512781542,254.38573259652773,43624.906945057606,300,0.9948766147733551,195.93279896248052,0.8479524419884258,145.41635648352536,0.0,0.0017075389275458645,582.63773593919
0.8,1.0,Climate,20260816,60,0,298.8158769544649,11564532.321314668,255.0763757337742,43694.734031190856,300,0.9980245103110192,196.33756917882246,0.8502545857792473,145.64911343730284,0.0,0.0018821492578466937,530.2578985966431
0.8,1.0,Climate,20260817,60,0,299.31365022865845,11606716.81143176,255.42641332068533,43798.50977100795,300,0.998855428692692,196.6953381199104,0.8514213777356178,145.9950325700265,0.0,0.0019305412780958812,517.39656645823
0.8,1.0,Climate,20260818,60,0,299.9625164489558,11610711.687708348,255.6800769837173,43812.788980749705,300,0.9999375254633924,196.7291851565526,0.8522669232790576,146.04262993583234,0.0,0.002008796281276158,497.7794586657375
0.8,1.0,Climate,20260819,60,0,298.55402282388184,11573732.413541155,255.12451558756592,43749.159791965605,300,0.9975871270618953,196.41565122244506,0.850415051958553,145.83053263988535,0.0,0.0019169204949070432,520.411321028873
0.8,1.0,Climate,20260820,60,0,299.8070709121329,11623764.748170575,255.6437032183583,43829.32852029967,300,0.9996783998068793,196.83973809650814,0.8521456773945276,146.09776173433224,0.0,0.0019648719375540695,508.77534596545183
0.8,1.0,Climate,20260821,60,0,299.69893060961687,11608883.667621143,255.6304850851373,43828.27905791026,300,0.9994980917267374,196.71369777438093,0.8521016169504577,146.09426352636754,0.0,0.0021593348799337398,462.8731286725695
0.8,1.0,Climate,20260822,60,0,298.798497036129,11594977.612500511,255.20489607847716,43777.077966215285,300,0.9979954860220711,196.5958427205461,0.8506829869282572,145.9235932207176,0.0,0.0019865499826261595,502.3762275051096
0.8,1.0,Climate,20260823,60,0,298.9080979637779,11577345.992342638,255.17815463811024,43735.76085524012,300,0.9981785043497612,196.44631151489915,0.8505938487937008,145.78586951746706,0.0,0.0019267314811630264,518.0683006991893
0.8,1.0,Climate,20260824,60,0,299.22517601318486,11595586.331402585,255.30329859097301,43758.20383924791,300,0.9987077917876094,196.60100314598756,0.8510109953032434,145.8606794641597,0.0,0.0018990275101834358,525.9048573188597
0.8,1.0,Climate,20260825,60,0,299.70685771225527,11625453.498099182,255.5346448842277,43811.84392856763,300,0.9995113101115218,196.8540364339289,0.8517821496140924,146.0394797618921,0.0,0.0019442458044874457,514.0869059892452
0.8,1.0,Climate,20260826,60,0,299.4834206282162,11605084.849657567,255.51876594943207,43811.422801308414,300,0.9991386634300169,196.68150946523983,0.8517292198314402,146.0380760043614,0.0,0.0019527758397547238,511.65046345284185
0.8,1.0,Climate,20260827,60,0,299.3554790393233,11594060.080553723,255.39929503962156,43773.57410541983,300,0.9989252208237334,196.5880640709885,0.8513309834654053,145.91191368473275,0.0,0.00202844086959576,492.4596204881266
0.8,1.0,Climate,20260828,60,0,299.8842182076604,11635445.273893002,255.70048726864192,43856.28985686266,300,0.9998070117238633,196.93861373444096,0.8523349575621397,146.18763285620886,0.0,0.0020788312005199845,480.94670287504755
0.8,1.0,Climate,20260829,60,0,299.4436024663511,11600197.698857337,255.50844060292874,43802.43930026463,300,0.9990722404083219,196.64009169764387,0.8516948020097624,146.00813100088212,0.0,0.0020237615841009245,493.6709186779871
0.8,1.0,Climate,20260830,60,0,299.55221801616557,11608675.541581519,255.52633660606293,43810.47880554507,300,0.9992534180012689,196.71193440817225,0.8517544553535431,146.0349293518169,0.0,0.0020331709408776986,491.4753589631286
0.8,1.0,Climate,20260831,60,0,299.12758900571555,11598296.740245337,255.32761124336133,43779.48607403235,300,0.9985449230517299,196.62397904159891,0.8510920374778711,145.9316202467745,0.0,0.001960268236521681,509.3919824072433
0.8,1.0,Climate,20260832,60,0,299.47558359183165,11607838.66869427,255.5383900808847,43815.26927057657,300,0.9991255903569408,196.70484376932419,0.851794633602949,146.05089756858857,0.0,0.0019778292920643106,505.1627025475632
0.8,1.0,Climate,20260833,60,0,299.5255206641921,11608246.06307726,255.47791946911073,43792.62955491895,300,0.9992088881780293,196.7082955637379,0.8515930648970358,145.97543184972983,0.0,0.0019347915235803522,516.4426637186123
0.8,1.0,Climate,20260834,60,0,298.7632182745865,11575917.871744135,255.11169045798013,43728.19683135798,300,0.9979365682490153,196.43419484858993,0.8503723015266005,145.7606561045266,0.0,0.0018158898904734467,549.5578633288327
0.8,1.0,Climate,20260835,60,0,299.03961914202677,11590321.72954785,255.24171659431525,43752.6702156622,300,0.9983980821663384,196.556367907935,0.8508057219810509,145.84223405220732,0.0,0.0018979840915947393,526.0307958258261
0.8,1.0,Climate,20260836,60,0,299.8035436459945,11613485.293469217,255.61403106963067,43812.060310068955,300,0.9996725191214613,196.75268141729958,0.8520467702321022,146.0402010335632,0.0,0.001869431479715729,534.7468093740854
0.8,1.0,Climate,20260837,60,0,299.04588967126307,11597819.997141553,255.23602912590957,43751.65995198335,300,0.9984085497618415,196.6199379271386,0.8507867637530319,145.83886650661117,0.0,0.0018066885618901278,552.617961292301
0.8,1.0,Traffic,20260808,60,0,359.8836678152217,18863032352.901524,359.49371961043653,1799333.9278126808,360,0.9998384144661989,7238.598765741413,0.9985936655845459,4998.149799479669,0.0,0.00032956045147954094,3033.8543656482057
0.8,1.0,Traffic,20260809,60,0,359.4835282267835,18862030668.609287,359.28141656290205,1798739.259235288,360,0.9992824206326807,7238.406567403202,0.9980039348969502,4996.497942320245,0.0,0.0003691014049071063,2707.338436937609
0.8,1.0,Traffic,20260810,60,0,359.5537503113267,18875342656.022663,359.32321643949274,1799534.2876549116,360,0.9993800165760086,7240.960390572561,0.9981200456652576,4998.706354596977,0.0,0.0003327740852923344,3003.1786149996515
0.8,1.0,Traffic,20260811,60,0,359.91178475747773,18901557812.465652,359.49410654848856,1800435.1960289602,360,0.9998774713231918,7245.986976033633,0.9985947404124682,5001.208877858223,0.0,0.00037485935810988805,2667.340296277419
0.8,1.0,Traffic,20260812,60,0,359.883617295214,18877595179.811016,359.4875642611214,1799617.4224926154,360,0.9998383442881793,7241.392434357079,0.998576567392004,4998.937284701709,0.0,0.00033455676078171894,2988.5462244193664
0.8,1.0,Traffic,20260813,60,0,360.264552059153,18911283918.023754,359.6763798435317,1801086.5878016662,360,1.0003673659366246,7247.851006797301,0.9991010551209214,5003.018299449073,0.0,0.00037750158129928413,2649.9686769352393
0.8,1.0,Traffic,20260814,60,0,360.24609451933344,18906565805.88034,359.666437147474,1800969.7796347705,360,1.0003417395505585,7246.946829504658,0.9990734365207612,5002.693832318807,0.0,0.0003294825968079903,3036.098869080842
0.8,1.0,Traffic,20260815,60,0,360.11604400232716,18917883838.300747,359.5998036171589,1801290.7020040306,360,1.0001611592393043,7249.115623896007,0.998888343380997,5003.58528334453,0.0,0.0003301713228298871,3029.2187421577296
0.8,1.0,Traffic,20260816,60,0,359.84984916812095,18866977862.42587,359.4750919678386,1799460.9826203561,360,0.9997914354283555,7239.355761396994,0.998541922132885,4998.5027295009895,0.0,0.00029881656245983975,3345.8367474618317
0.8,1.0,Traffic,20260817,60,0,359.736051545959,18875454065.902943,359.42509059792695,1799451.945107447,360,0.9996333377043235,7240.981760074416,0.998403029438686,4998.477625298464,0.0,0.0002986462920444579,3347.2149641004526
0.8,1.0,Traffic,20260818,60,0,359.71240326121847,18878885211.991055,359.40722482727364,1799413.316748544,360,0.9996004802770211,7241.63985648874,0.9983534022979823,4998.370324301512,0.0,0.0003540227409127353,2823.5487858770553
0.8,1.0,Traffic,20260819,60,0,359.77360935157645,18847514436.036114,359.4280870314743,1798801.2027422003,360,0.9996855190947364,7235.620689807266,0.9984113528652064,4996.670007617223,0.0,0.0003939781861089015,2537.4133755172124
0.8,1.0,Traffic,20260820,60,0,359.6459746758993,18874240194.180912,359.37417355608414,1799491.08296324,360,0.9995081772161459,7240.748924236765,0.9982615932113449,4998.586341564556,0.0,0.00037047769337393956,2697.890305118311
0.8,1.0,Traffic,20260821,60,0,359.60005249111543,18883804229.921593,359.33629586969244,1799537.3015904727,360,0.9994443629825238,7242.583223531657,0.9981563774158123,4998.714726640202,0.0,0.0003547120445352232,2817.621725510023
0.8,1.0,Traffic,20260822,60,0,359.598138443918,18862220319.813587,359.3324007251859,1799015.9002111491,360,0.9994417031021731,7238.442957150843,0.9981455575699608,4997.266389475414,0.0,0.0003538298912464496,2824.6389799951694
0.8,1.0,Traffic,20260823,60,0,359.79187381910884,18896300159.155552,359.4467752412635,1800084.049601246,360,0.9997108940687537,7244.979134843728,0.9984632645590652,5000.233471114572,0.0,0.0003996658839812993,2501.366601797643
0.8,1.0,Traffic,20260824,60,0,359.39821406569206,18837767088.55247,359.2495111129583,1798155.4421512128,360,0.9991638366177492,7233.749428998398,0.9979153086471064,4994.876228197813,0.0,0.0003217538664496901,3105.3669926107323
0.8,1.0,Traffic,20260825,60,0,359.60572242623726,18873254293.822014,359.3506561996836,1799419.1994242023,360,0.9994522422393808,7240.559810658829,0.9981962672213434,4998.386665067229,0.0,0.0003309764446534943,3019.708074046559
0.8,1.0,Traffic,20260826,60,0,359.95353123419017,18893536942.771305,359.5273411484427,1800174.1316628102,360,0.9999354579646492,7244.449396831593,0.9986870587456742,5000.483699063362,0.0,0.00030525121400473845,3275.7788080381792
0.8,1.0,Traffic,20260827,60,0,359.93978898081286,18891362424.24589,359.5100962194187,1800254.7903396974,360,0.9999163700874812,7244.032491231411,0.9986391561650519,5000.707750943604,0.0,0.00033092331685010643,3021.595394380744
0.8,1.0,Traffic,20260828,60,0,359.6148656904086,18880028383.797314,359.35304766044135,1799530.0197498873,360,0.9994649480964088,7241.859104423799,0.9982029101678926,4998.694499305242,0.0,0.0003397693260414941,2941.598524330445
0.8,1.0,Traffic,20260829,60,0,359.764334245937,18864609218.88446,359.4259169220017,1799268.0449088598,360,0.9996726328680707,7238.9013168214315,0.9984053247833381,4997.9667914135,0.0,0.00033901484300954304,2948.7577121805566
0.8,1.0,Traffic,20260830,60,0,360.0537966526263,18903938355.294956,359.575350937403,1800708.5170752278,360,1.0000747147819427,7246.443256924001,0.998820419270564,5001.968102986744,0.0,0.0003363788326820408,2973.0607803352914
0.8,1.0,Traffic,20260831,60,0,360.0281293712656,18883178978.99462,359.5564619038455,1799995.4941097237,360,1.0000390678080555,7242.463320007339,0.9987679497329042,4999.987483638121,0.0,0.00033603182887590117,2976.0248341753863
0.8,1.0,Traffic,20260832,60,0,359.76353181406694,18877532119.444744,359.4312450691074,1799557.340052889,360,0.9996715180137742,7241.380339457377,0.9984201251919649,4998.7703890358025,0.0,0.0003656389757945041,2734.0398157542377
0.8,1.0,Traffic,20260833,60,0,359.88006705685115,18900907530.03631,359.48010034272494,1800508.3325312461,360,0.9998334125921666,7245.862330790416,0.998555834285347,5001.412034809017,0.0,0.00037381800722444277,2674.6528879542716
0.8,1.0,Traffic,20260834,60,0,360.01675967731666,18874154577.973003,359.55773293226054,1799784.2351021022,360,1.0000232770586959,7240.732501690428,0.9987714803673904,4999.400653061395,0.0,0.0003404556982498276,2937.3080908896263
0.8,1.0,Traffic,20260835,60,0,359.8768661413161,18887883343.82725,359.4775827601113,1799930.7943935276,360,0.9998289661255348,7243.365420972655,0.9985488410003092,4999.807762204243,0.0,0.0004052170665273939,2467.3910570791404
0.8,1.0,Traffic,20260836,60,0,359.7668888130877,18884021971.204475,359.4325329120555,1799783.5134446775,360,0.9996761820335841,7242.624979016869,0.9984237025334874,4999.398648457437,0.0,0.00037770868420849377,2646.6857232272864
0.8,1.0,Traffic,20260837,60,0,359.93490499169144,18901202975.002235,359.50460617374193,1800574.8569286773,360,0.9999095861789086,7245.918961541623,0.9986239060381721,5001.596824801882,0.0,0.0003670454648045163,2724.211799514939
0.8,1.0,Water,20260808,60,0,539.0490850483502,1780982840.8306413,480.3938679443444,350176.31947657693,540,0.9991191352315467,1816.071686885899,0.8896182739710081,648.4746656973647,0.0,0.001177029519005285,848.8479847777382
0.8,1.0,Water,20260809,60,0,530.2448673648862,1788003272.6500094,472.9379124288245,347879.1353121383,540,0.9909263038009457,1819.6475404797743,0.8758109489422676,644.2206209484043,0.0,0.0010995676047372161,901.1963425730113
0.8,1.0,Water,20260810,60,0,539.9783001718237,1783058073.988842,480.8135733077269,350324.30821354,540,0.9999799073646464,1817.1294385033866,0.8903955061254203,648.748718913963,0.0,0.0012071533058403306,828.3785518596866
0.8,1.0,Water,20260811,60,0,540.3691054322206,1802720920.985482,481.11566248796584,352210.32277279947,540,1.0003417059076296,1827.1212537483768,0.89095493053327,652.2413384681472,0.0,0.0011960714995495336,836.3561093834105
0.8,1.0,Water,20260812,60,0,539.8586747696187,1785991366.4985254,480.81997891625156,350659.91700578644,540,0.9998691347423446,1818.623495790625,0.8904073683634288,649.3702166773822,0.0,0.0011840133398359767,844.4745520188634
0.8,1.0,Water,20260813,60,0,539.4868567943124,1803546832.7008402,480.74929400350885,352276.2257894242,540,0.9995247544729856,1827.5397511514198,0.8902764703768682,652.3633810915263,0.0,0.0010759025284180737,929.0105079896148
0.8,1.0,Water,20260814,60,0,539.5884237980607,1795085404.0588083,480.78733593425994,351422.0274948629,540,0.9996188382820027,1823.2477148589915,0.8903469183967777,650.7815323978942,0.0,0.0010993524648603944,909.2796625593078
0.8,1.0,Water,20260815,60,0,539.0408840977377,1798730186.802152,480.4943392338621,351814.7486002966,540,0.9991115350351306,1825.0977583163572,0.8898043319145594,651.508793704253,0.0,0.0011059224528908735,903.4191614642239
0.8,1.0,Water,20260816,60,0,539.8856781576161,1796098704.8326745,480.95127550635425,351544.6773460802,540,0.9998941408391562,1823.7622412620294,0.8906505101969523,651.0086617520003,0.0,0.0011946853495692646,836.9518728924406
0.8,1.0,Water,20260817,60,0,539.6182646021846,1771932252.438923,480.6813602867076,349304.9433890327,540,0.999646478809703,1811.4513581752733,0.8901506671976067,646.8610062759865,0.0,0.0011258332015078823,887.9170355527165
0.8,1.0,Water,20260818,60,0,539.6071301843808,1822015892.235302,480.84777385265807,353915.12681334646,540,0.9996361654644198,1836.873295613894,0.8904588404678853,655.3983829876786,0.0,0.001113062372205603,898.0953722149262
0.8,1.0,Water,20260819,60,0,540.0252080820904,1791480539.4366565,480.87582513325657,351136.4457894795,540,1.00002334054436,1821.4160849493799,0.8905107872838085,650.2526773879249,0.0,0.0011863468172711564,842.9435018375326
0.8,1.0,Water,20260820,60,0,540.2496072867805,1824564387.1913319,481.0744904287073,354202.48425971635,540,1.0002310911565686,1838.1574848862126,0.8908786859790876,655.9305264068821,0.0,0.0011325631530486918,883.1570128907117
0.8,1.0,Water,20260821,60,0,539.6073436874657,1812912423.1710482,480.77564823987524,353129.583278459,540,0.9996363632243938,1832.2786982592286,0.8903252745182875,653.943672737887,0.0,0.0012472311210593686,801.4844613365053
0.8,1.0,Water,20260822,60,0,537.7684588763057,1809649153.756125,479.91567195339724,352733.2726021952,540,0.9979316191190672,1830.6288910058797,0.8887327258396245,653.2097640781393,0.0,0.001143490798501884,872.7062958674285
0.8,1.0,Water,20260823,60,0,539.9846886106238,1831409867.3003738,480.9748961787903,354783.6602763062,540,0.9999858226871166,1841.6024962678432,0.890694252182945,657.006778289456,0.0,0.0010980762386373366,910.6706688490539
0.8,1.0,Water,20260824,60,0,539.8147575391017,1802602427.8694315,480.87688939424834,352189.65450977616,540,0.9998284644906565,1827.0612042848074,0.890512758137497,652.2030639069928,0.0,0.0011546195722259857,865.9375681317197
0.8,1.0,Water,20260825,60,0,539.2269671556405,1783086712.8660848,480.516642068611,350339.0676555612,540,0.999283972500125,1817.1440315047926,0.8898456334603908,648.7760512140022,0.0,0.0011181509799473082,893.6932403772657
0.8,1.0,Water,20260826,60,0,539.3333411554585,1790390744.1371377,480.62377385734726,351059.6275851544,540,0.9993825326591327,1820.861997810041,0.8900440256617542,650.1104214539896,0.0,0.0012258655136381696,815.2464699762438
0.8,1.0,Water,20260827,60,0,539.0276390060825,1793438594.9851804,480.4623977676756,351292.0435749695,540,0.999099260080171,1822.4112003897171,0.8897451810512511,650.5408214351287,0.0,0.0011313146122564892,883.1312256167141
0.8,1.0,Water,20260828,60,0,539.4865115883786,1788123291.5404365,480.6499935341166,350836.74620902556,540,0.9995244346858332,1819.7086109535742,0.8900925806187345,649.6976781648622,0.0,0.001155310651642733,865.1564263383292
0.8,1.0,Water,20260829,60,0,539.800794460308,1836843752.2416809,480.8806355774394,355211.72418751125,540,0.9998155334122502,1844.332536217713,0.8905196955137767,657.799489236132,0.0,0.0011846870488731248,843.9490702319026
0.8,1.0,Water,20260830,60,0,539.7114778667122,1794398531.339932,480.7689886785092,351391.87892561656,540,0.9997328141824549,1822.8988571015386,0.8903129419972392,650.7257017141047,0.0,0.0011631064931538078,859.5367836625527
0.8,1.0,Water,20260831,60,0,539.9220476133278,1757550026.3823142,480.7934695978165,348011.9242232363,540,0.9999278192591627,1804.0848846654528,0.8903582770329935,644.4665263393264,0.0,0.0011244801642571701,889.2356228619769
0.8,1.0,Water,20260832,60,0,539.6309740053042,1780371175.6837149,480.74330508986554,350126.050553755,540,0.9996582508679359,1815.7598020315204,0.8902653797960473,648.3815750995464,0.0,0.0012003012912170392,832.8394363837914
0.8,1.0,Water,20260833,60,0,539.9103091307903,1791808479.7294054,480.89063798875554,351202.8084898807,540,0.9999169494501831,1821.5827873996698,0.8905382184976954,650.3755712775569,0.0,0.0011212301128358817,891.8035093805444
0.8,1.0,Water,20260834,60,0,538.7793574521137,1783538076.7652483,480.31489356359594,350365.85641388415,540,0.9988691359919214,1817.3740094724628,0.8894720251177702,648.8256600257114,0.0,0.0010137016772545668,985.3679424672388
0.8,1.0,Water,20260835,60,0,539.9143652690809,1777157496.9939375,480.85758364683005,349851.2299551299,540,0.9999207054386686,1814.1202831787712,0.890477006753389,647.8726480650554,0.0,0.001089748645947522,917.5700370512972
0.8,1.0,Water,20260836,60,0,539.9831091380398,1809940083.1965919,480.8775488113036,352824.21697258827,540,0.999984360190698,1830.7760362230283,0.8905139792801918,653.3781795788672,0.0,0.001108661492135297,901.9744685681421
0.8,1.0,Water,20260837,60,0,539.5807865704353,1767458263.1760364,480.66511156962383,348966.5609930214,540,0.9996117640534946,1809.1630268534122,0.8901205769807848,646.234372209299,0.0,0.0011893172176197808,840.4921321613842
0.8,2.0,Climate,20260808,60,0,1198.8621122217924,46455275.22266185,511.06536340934383,87601.4925962606,300,1.9990515352884997,393.5110130718997,1.7035512113644795,292.0049753208687,0.0,0.0019112351110496621,1045.94747330202
0.8,2.0,Climate,20260809,60,0,1197.7962311758802,46400305.76515911,510.8887460341569,87563.50839714789,300,1.9981626820455838,393.27812789915447,1.702962486780523,291.8783613238263,0.0,0.0020096781502706436,994.2699938179111
0.8,2.0,Climate,20260810,60,0,1198.9104877343334,46474730.77781142,511.2281880548721,87652.18489673233,300,1.9990918669355289,393.59340601612143,1.7040939601829068,292.17394965577444,0.0,0.0021192120578191745,943.3184657285982
0.8,2.0,Climate,20260811,60,0,1197.4458773763015,46439907.89184441,510.7904288355068,87571.30075848417,300,1.9978704307139152,393.44592128120314,1.7026347627850227,291.9043358616139,0.0,0.00204771476015492,975.6585583056335
0.8,2.0,Climate,20260812,60,0,1199.5316114711934,46472762.36670077,511.25208387928717,87631.44126971062,300,1.9996096381303972,393.58507071407394,1.7041736129309573,292.10480423236874,0.0,0.001965768494444359,1017.2152233498908
0.8,2.0,Climate,20260813,60,0,1199.0993572149343,46466713.462010406,511.29766424008193,87662.28716686994,300,1.9992493234669644,393.5594553220238,1.7043255474669399,292.20762388956643,0.0,0.0020706926571289726,965.4978572430614
0.8,2.0,Climate,20260814,60,0,1197.7162546617533,46480838.83343399,511.02234120845696,87667.46809384557,300,1.9980959725546663,393.61926965632665,1.70340780402819,292.2248936461519,0.0,0.0020076886952855116,995.2220069010843
0.8,2.0,Climate,20260815,60,0,1188.145059431621,46084053.38527974,508.8751673933762,87272.43302202529,300,1.9900963623500085,391.9355958372061,1.6962505579779208,290.9081100734176,0.0,0.0017075389275458645,1165.4764235508503
0.8,2.0,Climate,20260816,60,0,1196.4329858169892,46309571.8048292,510.44066633973586,87444.03522005615,300,1.9970252759350087,392.8934198347316,1.7014688877991195,291.48011740018717,0.0,0.0018821492578466937,1061.0344889542612
0.8,2.0,Climate,20260817,60,0,1198.9066828129792,46487970.39540548,511.2342020782705,87663.31131316914,300,1.9990886947248232,393.6494650295085,1.7041140069275684,292.2110377105638,0.0,0.0019305412780958812,1035.506838111512
0.8,2.0,Climate,20260818,60,0,1200.1037053924547,46460530.85546032,511.39049042619024,87634.2969873446,300,2.0000864192933054,393.5332720175865,1.7046349680873008,292.11432329114865,0.0,0.002008796281276158,995.6641387361991
0.8,2.0,Climate,20260819,60,0,1195.7142564629385,46357055.38634593,510.57421360666604,87555.16985656222,300,1.9964253525263085,393.0947951251535,1.7019140453555535,291.8505661885407,0.0,0.0019169204949070432,1041.4753026171388
0.8,2.0,Climate,20260820,60,0,1200.4009437295965,46537199.47590741,511.515032326048,87695.15795889523,300,2.0003340918703194,393.85784015685743,1.7050501077534934,292.3171931963174,0.0,0.0019648719375540695,1018.0480740950447
0.8,2.0,Climate,20260821,60,0,1199.3888635464143,46454913.51568415,511.34435857909364,87662.71617992896,300,1.9994906547638696,393.50948110426407,1.7044811952636454,292.2090539330965,0.0,0.0021593348799337398,925.9752497608082
0.8,2.0,Climate,20260822,60,0,1196.7067181430532,46433556.30604689,510.6939448207093,87594.31498683846,300,1.9972537129293757,393.41901456355197,1.7023131494023644,291.98104995612823,0.0,0.0019865499826261595,1005.3881001720713
0.8,2.0,Climate,20260823,60,0,1197.7123569864375,46399079.83506797,510.84487467274397,87563.0498854143,300,1.998092721394111,393.2729325166259,1.7028162489091465,291.876832951381,0.0,0.0019267314811630264,1037.0374600346536
0.8,2.0,Climate,20260824,60,0,1198.1623583239077,46432641.88790119,510.9397809529166,87582.3124234549,300,1.9984680452152241,393.4151407351662,1.7031326031763887,291.9410414115163,0.0,0.0018990275101834358,1052.3639254821449
0.8,2.0,Climate,20260825,60,0,1199.3414261041396,46512882.69192836,511.1927895298158,87639.99694476233,300,1.9994511131009094,393.75492670749895,1.703975965099386,292.13332314920774,0.0,0.0019442458044874457,1028.3942022588124
0.8,2.0,Climate,20260826,60,0,1198.697410971317,46442348.05016137,511.2025901817468,87643.83284560907,300,1.9989142144101775,393.456257840527,1.704008633939156,292.1461094853636,0.0,0.0019527758397547238,1023.6270716362657
0.8,2.0,Climate,20260827,60,0,1198.7934352656057,46419789.01336481,511.1132992333736,87593.92462636494,300,1.9989942765180742,393.36068695860973,1.7037109974445785,291.9797487545498,0.0,0.00202844086959576,985.4831395289556
0.8,2.0,Climate,20260828,60,0,1199.9967558999822,46555624.49890127,511.4734407928271,87717.23371024741,300,1.9999972965814914,393.9358006025063,1.7049114693094236,292.390779034158,0.0,0.0020788312005199845,962.0777752812378
0.8,2.0,Climate,20260829,60,0,1199.3573932856498,46462263.69712521,511.37106584768406,87665.98619422488,300,1.9994644226939455,393.54061076812735,1.7045702194922803,292.2199539807496,0.0,0.0020237615841009245,987.9940593803824
0.8,2.0,Climate,20260830,60,0,1199.1731539209738,46476164.39747435,511.27734658431865,87661.32742552615,300,1.9993108428664228,393.59947661497364,1.704257821947729,292.20442475175383,0.0,0.0020331709408776986,983.3461627202587
0.8,2.0,Climate,20260831,60,0,1197.9058063132393,46444328.77950469,510.9449039519562,87606.6545634691,300,1.9982540765321772,393.4646480498796,1.703149679839854,292.02218187823036,0.0,0.001960268236521681,1019.3778786508824
0.8,2.0,Climate,20260832,60,0,1198.4630915316447,46450717.42183758,511.18804736405804,87646.48127414008,300,1.9987188325955578,393.49170860319106,1.7039601578801935,292.15493758046694,0.0,0.0019778292920643106,1010.5618521350972
0.8,2.0,Climate,20260833,60,0,1198.4017156812108,46441806.34537908,510.9977054186208,87590.68848626546,300,1.9986676526136196,393.4539631917101,1.703325684728736,291.96896162088484,0.0,0.0019347915235803522,1033.0144763685257
0.8,2.0,Climate,20260834,60,0,1196.2930164917693,46355854.64272312,510.5113228493852,87510.46548388773,300,1.9969084576679768,393.0897041080366,1.7017044094979505,291.7015516129591,0.0,0.0018158898904734467,1099.6858720036896
0.8,2.0,Climate,20260835,60,0,1197.801376546693,46437674.11058632,510.87103493508073,87582.10417990098,300,1.9981669737926415,393.43645870113227,1.7029034497836024,291.94034726633663,0.0,0.0018979840915947393,1052.783836619898
0.8,2.0,Climate,20260836,60,0,1199.7958873129514,46476776.35139908,511.3909476556074,87657.53717380374,300,1.9998298988605268,393.60206787820226,1.704636492185358,292.19179057934576,0.0,0.001869431479715729,1069.7529813527194
0.8,2.0,Climate,20260837,60,0,1198.3982346784126,46475547.8600565,510.95831478582147,87591.63359747945,300,1.9986647498420977,393.5968659261085,1.703194382619405,291.9721119915982,0.0,0.0018066885618901278,1106.2585948687956
0.8,2.0,Traffic,20260808,60,0,1439.5397490835853,75452856460.06152,718.9880932562374,3598685.0545576033,360,1.999680355764936,14477.267281659731,1.997189147933993,9996.347373771121,0.0,0.00032956045147954094,6067.719432921932
0.8,2.0,Traffic,20260809,60,0,1437.9701123621014,75451968978.18465,718.5715653697565,3597559.608835049,360,1.998589858682381,14477.18214008443,1.9960321260271014,9993.221135652913,0.0,0.0003691014049071063,5414.744653126901
0.8,2.0,Traffic,20260810,60,0,1438.231798912821,75504317301.03319,718.651249069117,3599121.7486636075,360,1.9987717054014427,14482.203379496235,1.996253469636436,9997.560412954464,0.0,0.0003327740852923344,6006.392305595455
0.8,2.0,Traffic,20260811,60,0,1439.6873120199584,75607714932.46577,718.9982094193788,3600916.3754328373,360,1.9997828437802097,14492.116145268796,1.9972172483871633,10002.545487313437,0.0,0.00037485935810988805,5334.755023493328
0.8,2.0,Traffic,20260812,60,0,1439.5175801950106,75509000808.30634,718.9712497136841,3599195.7428399576,360,1.9996649581832804,14482.652535620593,1.9971423603157892,9997.765952333215,0.0,0.00033455676078171894,5977.057386348736
0.8,2.0,Traffic,20260813,60,0,1441.0351176079225,75644765835.85762,719.3468499514288,3602154.724415505,360,2.0007187025388338,14495.66657812082,1.9981856943095244,10005.985345598625,0.0,0.00037750158129928413,5299.894892235324
0.8,2.0,Traffic,20260814,60,0,1440.9651008807423,75624199418.54521,719.3283657731345,3601892.392378142,360,2.0006700966875672,14493.695891906593,1.998134349369818,10005.25664549484,0.0,0.0003294825968079903,6072.157121711288
0.8,2.0,Traffic,20260815,60,0,1440.4919860150508,75673896046.65839,719.2064150241365,3602625.2922531986,360,2.000341627777512,14498.457393677209,1.997795597289268,10007.292478481108,0.0,0.0003301713228298871,6058.495966980573
0.8,2.0,Traffic,20260816,60,0,1439.4010986293358,75466656871.9765,718.950495226905,3598903.478808888,360,1.9995840530173992,14478.591175323549,1.997084708963625,9996.954107802467,0.0,0.00029881656245983975,6691.677451065446
0.8,2.0,Traffic,20260817,60,0,1438.9134129631796,75497884468.68646,718.8429522982387,3598829.626710834,360,1.9992452832695389,14481.58643748506,1.9967859786062188,9996.74896308565,0.0,0.0002986462920444579,6694.358297848619
0.8,2.0,Traffic,20260818,60,0,1438.976243596452,75523596472.14111,718.8456898291188,3599005.788566838,360,1.9992889316485416,14484.052194678456,1.9967935828586634,9997.23830157455,0.0,0.0003540227409127353,5647.346061707814
0.8,2.0,Traffic,20260819,60,0,1439.0244562197288,75390669559.31761,718.8381252436068,3597585.452612953,360,1.9993224242642589,14471.300098942736,1.9967725701211299,9993.29292392487,0.0,0.0003939781861089015,5074.703358605788
0.8,2.0,Traffic,20260820,60,0,1438.6096269905509,75499246488.12749,718.7540014054835,3599028.757376296,360,1.9990342300099642,14481.717064412198,1.9965388927930097,9997.302103823044,0.0,0.00037047769337393956,5395.82886031481
0.8,2.0,Traffic,20260821,60,0,1438.417232620937,75539289639.14128,718.6765058217526,3599154.0073763086,360,1.9989005537912703,14485.556948516883,1.9963236272826461,9997.650020489746,0.0,0.0003547120445352232,5635.27679588782
0.8,2.0,Traffic,20260822,60,0,1438.368199257254,75450098939.24146,718.6579196598868,3598041.460523711,360,1.9988664838250298,14477.002734149068,1.996271999055241,9994.559612565865,0.0,0.0003538298912464496,5649.230133676805
0.8,2.0,Traffic,20260823,60,0,1439.1862233593463,75587300082.99077,718.8985565490896,3600217.9615084794,360,1.9994347974694042,14490.159504047984,1.9969404348585822,10000.605448634666,0.0,0.0003996658839812993,5002.7657541141525
0.8,2.0,Traffic,20260824,60,0,1437.5788097619613,75353858216.36766,718.4952296463053,3596352.5318260724,360,1.998317910534008,14467.766684020153,1.9958200823508483,9989.868143961312,0.0,0.0003217538664496901,6210.70364307951
0.8,2.0,Traffic,20260825,60,0,1438.4338457413037,75499607538.58148,718.7031428436422,3598934.7792951376,360,1.998912096992667,14481.751691408579,1.9963976190101174,9997.041053597604,0.0,0.0003309764446534943,6039.439148261343
0.8,2.0,Traffic,20260826,60,0,1439.8138632492776,75575480441.17534,719.0540866905111,3600374.32308707,360,1.9998707341901416,14489.026541295863,1.9973724630291976,10001.039786352972,0.0,0.00030525121400473845,6551.557020700653
0.8,2.0,Traffic,20260827,60,0,1439.769917095162,75564709462.39977,719.022934726485,3600497.364375204,360,1.999840213822068,14487.99402018403,1.9972859297957917,10001.381567708899,0.0,0.00033092331685010643,6043.213372987878
0.8,2.0,Traffic,20260828,60,0,1438.4731402698117,75523108061.01305,718.7101249771548,3599105.1558332928,360,1.9989393995245825,14484.005360417117,1.99641701382543,9997.514321759147,0.0,0.0003397693260414941,5883.225018612961
0.8,2.0,Traffic,20260829,60,0,1439.0629619002632,75458419866.43195,718.8532395975553,3598549.489519356,360,1.9993491732035253,14477.801001920141,1.9968145544376537,9995.970804220433,0.0,0.00033901484300954304,5897.526950308913
0.8,2.0,Traffic,20260830,60,0,1440.1939952000102,75614529857.06056,719.1456909208201,3601398.8616443723,360,2.000134714351907,14492.769256220741,1.9976269192245004,10003.885726789924,0.0,0.0003363788326820408,5946.077814719445
0.8,2.0,Traffic,20260831,60,0,1440.153573633892,75535848489.85309,719.1229931083662,3600052.192346504,360,2.000106645513553,14485.22700411364,1.9975638697454619,10000.144978740289,0.0,0.00033603182887590117,5952.134511198956
0.8,2.0,Traffic,20260832,60,0,1439.0574240314747,75512637943.28485,718.8628676388983,3599145.2751041306,360,1.9993453262057466,14483.001333295379,1.9968412989969395,9997.625764178141,0.0,0.0003656389757945041,5468.0858950043
0.8,2.0,Traffic,20260833,60,0,1439.541966338078,75606379239.27321,718.966157234841,3601064.750257004,360,1.9996818957705345,14491.988135141853,1.997128214541225,10002.95763960279,0.0,0.00037381800722444277,5349.3460912114715
0.8,2.0,Traffic,20260834,60,0,1440.0819908691915,75498859558.81038,719.1195813338555,3599610.412215265,360,2.0000569372931416,14481.6799553791,1.997554392594043,9998.917811709069,0.0,0.0003404556982498276,5874.646679655491
0.8,2.0,Traffic,20260835,60,0,1439.5025899566122,75553094396.7716,718.953834644687,3599890.042167063,360,1.9996545465242324,14486.880501256952,1.9970939851241307,9999.694561575174,0.0,0.0004052170665273939,4934.773758817114
0.8,2.0,Traffic,20260836,60,0,1439.1355293014562,75536371138.71886,718.8820320819724,3599609.219944491,360,1.9993995830008682,14485.277117235553,1.9968945335610344,9998.914499845809,0.0,0.00037770868420849377,5293.496460614094
0.8,2.0,Traffic,20260837,60,0,1439.7908654240673,75606630233.46771,719.0222096513371,3601202.937668508,360,1.999854762382111,14492.012190002742,1.9972839156981586,10003.341493523632,0.0,0.0003670454648045163,5448.520562560848
0.8,2.0,Water,20260808,60,0,2156.3072440489163,7126087685.57706,960.804637394404,700445.523933825,540,1.9982896594471855,3632.6930336865175,1.779267847026674,1297.1213406181944,0.0,0.001177029519005285,1697.7396294495254
0.8,2.0,Water,20260809,60,0,2121.100703329848,7150601379.204181,945.8890494768775,695713.6663479827,540,1.9819092475251343,3638.9358892310356,1.7516463879201436,1288.358641385153,0.0,0.0010995676047372161,1802.4441962336527
0.8,2.0,Water,20260810,60,0,2160.2435600357717,7134193492.321907,961.6968868877055,700748.0092840155,540,2.000112756097336,3634.7585105789017,1.7809201609031584,1297.6814986741028,0.0,0.0012071533058403306,1656.8837996140066
0.8,2.0,Water,20260811,60,0,2161.4819246791317,7211738069.906252,962.2167863002433,704466.4010615232,540,2.0006859586055366,3654.4589886639023,1.7818829375930432,1304.5674093731911,0.0,0.0011960714995495336,1672.7143480628358
0.8,2.0,Water,20260812,60,0,2159.551025638423,7143334139.442257,961.6828064279937,701303.37553074,540,1.9997921306968582,3637.0862726257537,1.780894085977766,1298.7099546865556,0.0,0.0011840133398359767,1688.9945944138542
0.8,2.0,Water,20260813,60,0,2157.9961015689405,7211977045.93722,961.494680221141,704449.5572455082,540,1.999072053973923,3654.5195372349413,1.7805457041132242,1304.5362171213114,0.0,0.0010759025284180737,1858.0419705056447
0.8,2.0,Water,20260814,60,0,2158.4331660938324,7183643511.796571,961.5970561247767,702999.128562569,540,1.9992744823383604,3647.3337577419506,1.7807352891199568,1301.8502380788316,0.0,0.0010993524648603944,1818.5928046218064
0.8,2.0,Water,20260815,60,0,2156.047080436504,7191121927.227286,960.9623779706636,703457.4352146992,540,1.9981691066038727,3649.231762690376,1.7795599592049327,1302.698954101295,0.0,0.0011059224528908735,1806.7895279462612
0.8,2.0,Water,20260816,60,0,2159.3914886915804,7178641705.003222,961.8246754759218,702814.9583637129,540,1.9997182619575764,3646.063759068285,1.7811568064368923,1301.5091821550238,0.0,0.0011946853495692646,1673.8451364441364
0.8,2.0,Water,20260817,60,0,2158.3714516922473,7090107346.304195,961.3235189994313,698718.119978352,540,1.999245900283519,3623.510510414154,1.7802287388878357,1293.9224444043555,0.0,0.0011258332015078823,1775.792273318848
0.8,2.0,Water,20260818,60,0,2158.299385916592,7284601832.137261,961.6619229766935,707665.7486432975,540,1.9992125236353329,3672.8739963204266,1.7808554129198029,1310.4921271172175,0.0,0.001113062372205603,1796.137012226698
0.8,2.0,Water,20260819,60,0,2160.0839374624065,7161856400.705592,961.7313855933993,702085.8885241093,540,2.000038859558783,3641.7985993659354,1.780984047395184,1300.1590528224247,0.0,0.0011863468172711564,1685.8804107211133
0.8,2.0,Water,20260820,60,0,2160.911242771222,7292322798.193072,962.1186589505694,708133.292882922,540,2.0004218271688035,3674.8199245861447,1.7817012202788323,1311.3579497831888,0.0,0.0011325631530486918,1766.2783940868683
0.8,2.0,Water,20260821,60,0,2158.460597018914,7254668330.858609,961.5704412059499,706402.9110885962,540,1.9992871864088786,3665.320038287448,1.7806860022332407,1308.153539052956,0.0,0.0012472311210593686,1602.9805163222125
0.8,2.0,Water,20260822,60,0,2153.415977408657,7240424834.304147,960.414741390273,705615.9609268082,540,1.996949515028256,3661.7201063981215,1.7785458173893944,1306.6962239385336,0.0,0.001143490798501884,1746.3625572190958
0.8,2.0,Water,20260823,60,0,2159.9019836790626,7328267040.295537,961.9498917786531,709686.986422692,540,1.9999546215588393,3683.8654819952612,1.7813886884789871,1314.2351600420222,0.0,0.0010980762386373366,1821.3258343889613
0.8,2.0,Water,20260824,60,0,2159.011346122874,7203605971.251182,961.695124654794,704068.0813815711,540,1.9995422374850709,3652.397987332782,1.7809168975088778,1303.8297803362427,0.0,0.0011546195722259857,1731.77580354901
0.8,2.0,Water,20260825,60,0,2157.3832894395055,7122957438.092787,961.1222075395276,700255.7893438499,540,1.9987881928065283,3631.895086920057,1.779855939888014,1296.7699802663888,0.0,0.0011181509799473082,1787.583455769738
0.8,2.0,Water,20260826,60,0,2157.5429716549884,7157796747.298493,961.2948788017231,701950.6180814356,540,1.9988621632091688,3640.766287701516,1.7801757014846724,1299.9085520026586,0.0,0.0012258655136381696,1630.5721475734078
0.8,2.0,Water,20260827,60,0,2156.1520530656185,7169336009.500182,960.9397586080545,702388.9463931317,540,1.9982177489812611,3643.69979083638,1.7795180714963972,1300.7202710983922,0.0,0.0011313146122564892,1766.2794481153837
0.8,2.0,Water,20260828,60,0,2157.949392728549,7156105933.685278,961.3183532706254,701842.3045183582,540,1.9990504193558856,3640.3362516865263,1.7802191727233803,1299.707971330293,0.0,0.001155310651642733,1730.3141942934928
0.8,2.0,Water,20260829,60,0,2159.216422068997,7338903682.72096,961.7301359649135,710045.3108574502,540,1.9996371995333058,3686.5379932138476,1.7809817332683584,1314.898723810093,0.0,0.0011846870488731248,1687.9033171126182
0.8,2.0,Water,20260830,60,0,2159.0150066655915,7179184573.631769,961.5903141012371,702864.3640482823,540,1.9995439325680278,3646.2016191464563,1.78072280389118,1301.6006741634858,0.0,0.0011631064931538078,1719.14089065584
0.8,2.0,Water,20260831,60,0,2159.773037034027,7033694230.167966,961.5900277054224,696185.4140360893,540,1.9998949217924327,3609.066317691632,1.78072227352856,1289.2322482149802,0.0,0.0011244801642571701,1778.5061803322785
0.8,2.0,Water,20260832,60,0,2158.420247632892,7123502573.224635,961.4605096642358,700353.1726430326,540,1.9992684993900902,3632.0340626014886,1.7804824253041405,1296.9503197093197,0.0,0.0012003012912170392,1665.638880853775
0.8,2.0,Water,20260833,60,0,2159.653329583255,7170058026.775288,961.7942100778495,702548.470444838,540,1.9998394979964689,3643.8832630545467,1.7811003890330546,1301.0156860089594,0.0,0.0011212301128358817,1783.6120124693728
0.8,2.0,Water,20260834,60,0,2155.3614462537093,7140072838.761598,960.6849058796909,701011.3137112696,540,1.9978513672580895,3636.255919048847,1.7790461219994276,1298.169099465314,0.0,0.0010137016772545668,1970.8474515588448
0.8,2.0,Water,20260835,60,0,2159.696775144245,7112069535.672734,961.7282275060093,699853.532541455,540,1.9998596131952218,3629.1182317657676,1.7809781990852023,1296.0250602619537,0.0,0.001089748645947522,1835.1567773285649
0.8,2.0,Water,20260836,60,0,2159.826171428255,7241499058.553147,961.743025160425,705737.6945192899,540,1.9999195221902077,3661.9917315260404,1.781005602148935,1306.9216565172035,0.0,0.001108661492135297,1803.9045609298971
0.8,2.0,Water,20260837,60,0,2158.5746462889165,7073190095.54105,961.3804900602266,698095.230026599,540,1.9993400051243375,3619.1850155702,1.7803342408522715,1292.7689444937018,0.0,0.0011893172176197808,1681.0822003617182
