variant,block_end,scene,seed,ordinary_anchor_purity
All-Anchors,10,Climate,20260808,0.7315175097276264
All-Anchors,10,Climate,20260809,0.6770428015564203
All-Anchors,10,Climate,20260810,0.7354085603112841
All-Anchors,10,Climate,20260811,0.6614785992217899
All-Anchors,10,Climate,20260812,0.7198443579766537
All-Anchors,10,Climate,20260813,0.6614785992217899
All-Anchors,10,Climate,20260814,0.6848249027237354
All-Anchors,10,Climate,20260815,0.7315175097276264
All-Anchors,10,Climate,20260816,0.7003891050583657
All-Anchors,10,Climate,20260817,0.7120622568093385
All-Anchors,10,Climate,20260818,0.6964980544747081
All-Anchors,10,Climate,20260819,0.6848249027237354
All-Anchors,10,Climate,20260820,0.7120622568093385
All-Anchors,10,Climate,20260821,0.6964980544747081
All-Anchors,10,Climate,20260822,0.6770428015564203
All-Anchors,10,Climate,20260823,0.6575875486381323
All-Anchors,10,Climate,20260824,0.7003891050583657
All-Anchors,10,Climate,20260825,0.7159533073929961
All-Anchors,10,Climate,20260826,0.7159533073929961
All-Anchors,10,Climate,20260827,0.6770428015564203
All-Anchors,10,Climate,20260828,0.7120622568093385
All-Anchors,10,Climate,20260829,0.7237354085603113
All-Anchors,10,Climate,20260830,0.7159533073929961
All-Anchors,10,Climate,20260831,0.7237354085603113
All-Anchors,10,Climate,20260832,0.6809338521400778
All-Anchors,10,Climate,20260833,0.7003891050583657
All-Anchors,10,Climate,20260834,0.6653696498054474
All-Anchors,10,Climate,20260835,0.6926070038910506
All-Anchors,10,Climate,20260836,0.7509727626459144
All-Anchors,10,Climate,20260837,0.6926070038910506
All-Anchors,10,Traffic,20260808,0.6726618705035972
All-Anchors,10,Traffic,20260809,0.7410071942446043
All-Anchors,10,Traffic,20260810,0.7086330935251799
All-Anchors,10,Traffic,20260811,0.7302158273381295
All-Anchors,10,Traffic,20260812,0.7302158273381295
All-Anchors,10,Traffic,20260813,0.6942446043165468
All-Anchors,10,Traffic,20260814,0.7230215827338129
All-Anchors,10,Traffic,20260815,0.7014388489208633
All-Anchors,10,Traffic,20260816,0.7194244604316546
All-Anchors,10,Traffic,20260817,0.7230215827338129
All-Anchors,10,Traffic,20260818,0.7086330935251799
All-Anchors,10,Traffic,20260819,0.6762589928057554
All-Anchors,10,Traffic,20260820,0.7014388489208633
All-Anchors,10,Traffic,20260821,0.7266187050359713
All-Anchors,10,Traffic,20260822,0.7158273381294964
All-Anchors,10,Traffic,20260823,0.6906474820143885
All-Anchors,10,Traffic,20260824,0.6870503597122302
All-Anchors,10,Traffic,20260825,0.6870503597122302
All-Anchors,10,Traffic,20260826,0.6798561151079137
All-Anchors,10,Traffic,20260827,0.7086330935251799
All-Anchors,10,Traffic,20260828,0.7194244604316546
All-Anchors,10,Traffic,20260829,0.7302158273381295
All-Anchors,10,Traffic,20260830,0.6798561151079137
All-Anchors,10,Traffic,20260831,0.737410071942446
All-Anchors,10,Traffic,20260832,0.6906474820143885
All-Anchors,10,Traffic,20260833,0.6870503597122302
All-Anchors,10,Traffic,20260834,0.7194244604316546
All-Anchors,10,Traffic,20260835,0.6654676258992805
All-Anchors,10,Traffic,20260836,0.6942446043165468
All-Anchors,10,Traffic,20260837,0.6690647482014388
All-Anchors,10,Water,20260808,0.6981132075471698
All-Anchors,10,Water,20260809,0.6745283018867925
All-Anchors,10,Water,20260810,0.6745283018867925
All-Anchors,10,Water,20260811,0.7075471698113207
All-Anchors,10,Water,20260812,0.7122641509433962
All-Anchors,10,Water,20260813,0.7264150943396226
All-Anchors,10,Water,20260814,0.6556603773584906
All-Anchors,10,Water,20260815,0.6509433962264151
All-Anchors,10,Water,20260816,0.6792452830188679
All-Anchors,10,Water,20260817,0.7075471698113207
All-Anchors,10,Water,20260818,0.7216981132075472
All-Anchors,10,Water,20260819,0.6556603773584906
All-Anchors,10,Water,20260820,0.7405660377358491
All-Anchors,10,Water,20260821,0.7547169811320755
All-Anchors,10,Water,20260822,0.75
All-Anchors,10,Water,20260823,0.7169811320754716
All-Anchors,10,Water,20260824,0.6886792452830188
All-Anchors,10,Water,20260825,0.7216981132075472
All-Anchors,10,Water,20260826,0.7122641509433962
All-Anchors,10,Water,20260827,0.6839622641509434
All-Anchors,10,Water,20260828,0.7311320754716981
All-Anchors,10,Water,20260829,0.7075471698113207
All-Anchors,10,Water,20260830,0.6792452830188679
All-Anchors,10,Water,20260831,0.7169811320754716
All-Anchors,10,Water,20260832,0.6981132075471698
All-Anchors,10,Water,20260833,0.7216981132075472
All-Anchors,10,Water,20260834,0.6698113207547169
All-Anchors,10,Water,20260835,0.7311320754716981
All-Anchors,10,Water,20260836,0.7216981132075472
All-Anchors,10,Water,20260837,0.7075471698113207
All-Anchors,20,Climate,20260808,0.7016949152542373
All-Anchors,20,Climate,20260809,0.6677966101694915
All-Anchors,20,Climate,20260810,0.6949152542372882
All-Anchors,20,Climate,20260811,0.7220338983050848
All-Anchors,20,Climate,20260812,0.7457627118644068
All-Anchors,20,Climate,20260813,0.6949152542372882
All-Anchors,20,Climate,20260814,0.6779661016949152
All-Anchors,20,Climate,20260815,0.688135593220339
All-Anchors,20,Climate,20260816,0.6440677966101694
All-Anchors,20,Climate,20260817,0.711864406779661
All-Anchors,20,Climate,20260818,0.7050847457627119
All-Anchors,20,Climate,20260819,0.7491525423728813
All-Anchors,20,Climate,20260820,0.6983050847457627
All-Anchors,20,Climate,20260821,0.6949152542372882
All-Anchors,20,Climate,20260822,0.7186440677966102
All-Anchors,20,Climate,20260823,0.6915254237288135
All-Anchors,20,Climate,20260824,0.711864406779661
All-Anchors,20,Climate,20260825,0.7084745762711865
All-Anchors,20,Climate,20260826,0.6949152542372882
All-Anchors,20,Climate,20260827,0.7016949152542373
All-Anchors,20,Climate,20260828,0.7220338983050848
All-Anchors,20,Climate,20260829,0.7457627118644068
All-Anchors,20,Climate,20260830,0.7084745762711865
All-Anchors,20,Climate,20260831,0.7254237288135593
All-Anchors,20,Climate,20260832,0.711864406779661
All-Anchors,20,Climate,20260833,0.7050847457627119
All-Anchors,20,Climate,20260834,0.6983050847457627
All-Anchors,20,Climate,20260835,0.6813559322033899
All-Anchors,20,Climate,20260836,0.7016949152542373
All-Anchors,20,Climate,20260837,0.6983050847457627
All-Anchors,20,Traffic,20260808,0.7189542483660131
All-Anchors,20,Traffic,20260809,0.6797385620915033
All-Anchors,20,Traffic,20260810,0.6993464052287581
All-Anchors,20,Traffic,20260811,0.7026143790849673
All-Anchors,20,Traffic,20260812,0.6764705882352942
All-Anchors,20,Traffic,20260813,0.6797385620915033
All-Anchors,20,Traffic,20260814,0.7091503267973857
All-Anchors,20,Traffic,20260815,0.7222222222222222
All-Anchors,20,Traffic,20260816,0.6862745098039216
All-Anchors,20,Traffic,20260817,0.6895424836601307
All-Anchors,20,Traffic,20260818,0.6928104575163399
All-Anchors,20,Traffic,20260819,0.7124183006535948
All-Anchors,20,Traffic,20260820,0.6764705882352942
All-Anchors,20,Traffic,20260821,0.6830065359477124
All-Anchors,20,Traffic,20260822,0.6601307189542484
All-Anchors,20,Traffic,20260823,0.7058823529411765
All-Anchors,20,Traffic,20260824,0.6993464052287581
All-Anchors,20,Traffic,20260825,0.7026143790849673
All-Anchors,20,Traffic,20260826,0.7254901960784313
All-Anchors,20,Traffic,20260827,0.6699346405228758
All-Anchors,20,Traffic,20260828,0.7026143790849673
All-Anchors,20,Traffic,20260829,0.6666666666666666
All-Anchors,20,Traffic,20260830,0.7058823529411765
All-Anchors,20,Traffic,20260831,0.6797385620915033
All-Anchors,20,Traffic,20260832,0.7026143790849673
All-Anchors,20,Traffic,20260833,0.7091503267973857
All-Anchors,20,Traffic,20260834,0.6928104575163399
All-Anchors,20,Traffic,20260835,0.6797385620915033
All-Anchors,20,Traffic,20260836,0.673202614379085
All-Anchors,20,Traffic,20260837,0.6830065359477124
All-Anchors,20,Water,20260808,0.75
All-Anchors,20,Water,20260809,0.7007575757575758
All-Anchors,20,Water,20260810,0.696969696969697
All-Anchors,20,Water,20260811,0.7083333333333334
All-Anchors,20,Water,20260812,0.6856060606060606
All-Anchors,20,Water,20260813,0.696969696969697
All-Anchors,20,Water,20260814,0.7121212121212122
All-Anchors,20,Water,20260815,0.6893939393939394
All-Anchors,20,Water,20260816,0.7272727272727273
All-Anchors,20,Water,20260817,0.6666666666666666
All-Anchors,20,Water,20260818,0.6666666666666666
All-Anchors,20,Water,20260819,0.6931818181818182
All-Anchors,20,Water,20260820,0.6893939393939394
All-Anchors,20,Water,20260821,0.7045454545454546
All-Anchors,20,Water,20260822,0.678030303030303
All-Anchors,20,Water,20260823,0.7234848484848485
All-Anchors,20,Water,20260824,0.6893939393939394
All-Anchors,20,Water,20260825,0.7196969696969697
All-Anchors,20,Water,20260826,0.696969696969697
All-Anchors,20,Water,20260827,0.6856060606060606
All-Anchors,20,Water,20260828,0.6893939393939394
All-Anchors,20,Water,20260829,0.6818181818181818
All-Anchors,20,Water,20260830,0.7007575757575758
All-Anchors,20,Water,20260831,0.6856060606060606
All-Anchors,20,Water,20260832,0.7272727272727273
All-Anchors,20,Water,20260833,0.7196969696969697
All-Anchors,20,Water,20260834,0.7196969696969697
All-Anchors,20,Water,20260835,0.678030303030303
All-Anchors,20,Water,20260836,0.7121212121212122
All-Anchors,20,Water,20260837,0.7007575757575758
All-Anchors,30,Climate,20260808,0.6840148698884758
All-Anchors,30,Climate,20260809,0.6988847583643123
All-Anchors,30,Climate,20260810,0.6691449814126395
All-Anchors,30,Climate,20260811,0.7472118959107806
All-Anchors,30,Climate,20260812,0.6914498141263941
All-Anchors,30,Climate,20260813,0.6988847583643123
All-Anchors,30,Climate,20260814,0.7100371747211895
All-Anchors,30,Climate,20260815,0.6988847583643123
All-Anchors,30,Climate,20260816,0.7509293680297398
All-Anchors,30,Climate,20260817,0.6914498141263941
All-Anchors,30,Climate,20260818,0.6765799256505576
All-Anchors,30,Climate,20260819,0.6728624535315985
All-Anchors,30,Climate,20260820,0.7174721189591078
All-Anchors,30,Climate,20260821,0.7137546468401487
All-Anchors,30,Climate,20260822,0.6988847583643123
All-Anchors,30,Climate,20260823,0.6840148698884758
All-Anchors,30,Climate,20260824,0.654275092936803
All-Anchors,30,Climate,20260825,0.6654275092936803
All-Anchors,30,Climate,20260826,0.7100371747211895
All-Anchors,30,Climate,20260827,0.7509293680297398
All-Anchors,30,Climate,20260828,0.6951672862453532
All-Anchors,30,Climate,20260829,0.6914498141263941
All-Anchors,30,Climate,20260830,0.6319702602230484
All-Anchors,30,Climate,20260831,0.6691449814126395
All-Anchors,30,Climate,20260832,0.7100371747211895
All-Anchors,30,Climate,20260833,0.7063197026022305
All-Anchors,30,Climate,20260834,0.7360594795539034
All-Anchors,30,Climate,20260835,0.6951672862453532
All-Anchors,30,Climate,20260836,0.6505576208178439
All-Anchors,30,Climate,20260837,0.6765799256505576
All-Anchors,30,Traffic,20260808,0.6956521739130435
All-Anchors,30,Traffic,20260809,0.7053140096618358
All-Anchors,30,Traffic,20260810,0.7053140096618358
All-Anchors,30,Traffic,20260811,0.7294685990338164
All-Anchors,30,Traffic,20260812,0.6956521739130435
All-Anchors,30,Traffic,20260813,0.714975845410628
All-Anchors,30,Traffic,20260814,0.7198067632850241
All-Anchors,30,Traffic,20260815,0.7294685990338164
All-Anchors,30,Traffic,20260816,0.6956521739130435
All-Anchors,30,Traffic,20260817,0.6666666666666666
All-Anchors,30,Traffic,20260818,0.7391304347826086
All-Anchors,30,Traffic,20260819,0.6618357487922706
All-Anchors,30,Traffic,20260820,0.714975845410628
All-Anchors,30,Traffic,20260821,0.7246376811594203
All-Anchors,30,Traffic,20260822,0.6956521739130435
All-Anchors,30,Traffic,20260823,0.7101449275362319
All-Anchors,30,Traffic,20260824,0.6956521739130435
All-Anchors,30,Traffic,20260825,0.6956521739130435
All-Anchors,30,Traffic,20260826,0.6908212560386473
All-Anchors,30,Traffic,20260827,0.7053140096618358
All-Anchors,30,Traffic,20260828,0.6956521739130435
All-Anchors,30,Traffic,20260829,0.7294685990338164
All-Anchors,30,Traffic,20260830,0.714975845410628
All-Anchors,30,Traffic,20260831,0.6811594202898551
All-Anchors,30,Traffic,20260832,0.6956521739130435
All-Anchors,30,Traffic,20260833,0.6811594202898551
All-Anchors,30,Traffic,20260834,0.714975845410628
All-Anchors,30,Traffic,20260835,0.7246376811594203
All-Anchors,30,Traffic,20260836,0.6859903381642513
All-Anchors,30,Traffic,20260837,0.6908212560386473
All-Anchors,30,Water,20260808,0.6870026525198939
All-Anchors,30,Water,20260809,0.7055702917771883
All-Anchors,30,Water,20260810,0.7161803713527851
All-Anchors,30,Water,20260811,0.7029177718832891
All-Anchors,30,Water,20260812,0.6976127320954907
All-Anchors,30,Water,20260813,0.726790450928382
All-Anchors,30,Water,20260814,0.6870026525198939
All-Anchors,30,Water,20260815,0.7214854111405835
All-Anchors,30,Water,20260816,0.6763925729442971
All-Anchors,30,Water,20260817,0.7320954907161804
All-Anchors,30,Water,20260818,0.7188328912466844
All-Anchors,30,Water,20260819,0.6790450928381963
All-Anchors,30,Water,20260820,0.6737400530503979
All-Anchors,30,Water,20260821,0.6843501326259946
All-Anchors,30,Water,20260822,0.6923076923076923
All-Anchors,30,Water,20260823,0.7347480106100795
All-Anchors,30,Water,20260824,0.7241379310344828
All-Anchors,30,Water,20260825,0.6737400530503979
All-Anchors,30,Water,20260826,0.7188328912466844
All-Anchors,30,Water,20260827,0.7294429708222812
All-Anchors,30,Water,20260828,0.6870026525198939
All-Anchors,30,Water,20260829,0.7029177718832891
All-Anchors,30,Water,20260830,0.6870026525198939
All-Anchors,30,Water,20260831,0.6816976127320955
All-Anchors,30,Water,20260832,0.7002652519893899
All-Anchors,30,Water,20260833,0.7029177718832891
All-Anchors,30,Water,20260834,0.7188328912466844
All-Anchors,30,Water,20260835,0.713527851458886
All-Anchors,30,Water,20260836,0.7029177718832891
All-Anchors,30,Water,20260837,0.6657824933687002
All-Anchors,40,Climate,20260808,0.7110266159695817
All-Anchors,40,Climate,20260809,0.714828897338403
All-Anchors,40,Climate,20260810,0.7072243346007605
All-Anchors,40,Climate,20260811,0.6958174904942965
All-Anchors,40,Climate,20260812,0.6730038022813688
All-Anchors,40,Climate,20260813,0.7224334600760456
All-Anchors,40,Climate,20260814,0.6806083650190115
All-Anchors,40,Climate,20260815,0.7110266159695817
All-Anchors,40,Climate,20260816,0.6958174904942965
All-Anchors,40,Climate,20260817,0.6615969581749049
All-Anchors,40,Climate,20260818,0.714828897338403
All-Anchors,40,Climate,20260819,0.6615969581749049
All-Anchors,40,Climate,20260820,0.752851711026616
All-Anchors,40,Climate,20260821,0.7224334600760456
All-Anchors,40,Climate,20260822,0.6730038022813688
All-Anchors,40,Climate,20260823,0.6768060836501901
All-Anchors,40,Climate,20260824,0.6958174904942965
All-Anchors,40,Climate,20260825,0.714828897338403
All-Anchors,40,Climate,20260826,0.6920152091254753
All-Anchors,40,Climate,20260827,0.6806083650190115
All-Anchors,40,Climate,20260828,0.688212927756654
All-Anchors,40,Climate,20260829,0.6844106463878327
All-Anchors,40,Climate,20260830,0.6692015209125475
All-Anchors,40,Climate,20260831,0.688212927756654
All-Anchors,40,Climate,20260832,0.6958174904942965
All-Anchors,40,Climate,20260833,0.7376425855513308
All-Anchors,40,Climate,20260834,0.6615969581749049
All-Anchors,40,Climate,20260835,0.6920152091254753
All-Anchors,40,Climate,20260836,0.7186311787072244
All-Anchors,40,Climate,20260837,0.6958174904942965
All-Anchors,40,Traffic,20260808,0.6960352422907489
All-Anchors,40,Traffic,20260809,0.7004405286343612
All-Anchors,40,Traffic,20260810,0.73568281938326
All-Anchors,40,Traffic,20260811,0.7180616740088106
All-Anchors,40,Traffic,20260812,0.7048458149779736
All-Anchors,40,Traffic,20260813,0.7180616740088106
All-Anchors,40,Traffic,20260814,0.6651982378854625
All-Anchors,40,Traffic,20260815,0.6475770925110133
All-Anchors,40,Traffic,20260816,0.6872246696035242
All-Anchors,40,Traffic,20260817,0.73568281938326
All-Anchors,40,Traffic,20260818,0.6519823788546255
All-Anchors,40,Traffic,20260819,0.7048458149779736
All-Anchors,40,Traffic,20260820,0.7533039647577092
All-Anchors,40,Traffic,20260821,0.7180616740088106
All-Anchors,40,Traffic,20260822,0.73568281938326
All-Anchors,40,Traffic,20260823,0.7136563876651982
All-Anchors,40,Traffic,20260824,0.7180616740088106
All-Anchors,40,Traffic,20260825,0.7180616740088106
All-Anchors,40,Traffic,20260826,0.7224669603524229
All-Anchors,40,Traffic,20260827,0.7268722466960352
All-Anchors,40,Traffic,20260828,0.6916299559471366
All-Anchors,40,Traffic,20260829,0.6740088105726872
All-Anchors,40,Traffic,20260830,0.6872246696035242
All-Anchors,40,Traffic,20260831,0.7268722466960352
All-Anchors,40,Traffic,20260832,0.7268722466960352
All-Anchors,40,Traffic,20260833,0.7092511013215859
All-Anchors,40,Traffic,20260834,0.6696035242290749
All-Anchors,40,Traffic,20260835,0.6960352422907489
All-Anchors,40,Traffic,20260836,0.6740088105726872
All-Anchors,40,Traffic,20260837,0.6960352422907489
All-Anchors,40,Water,20260808,0.7147766323024055
All-Anchors,40,Water,20260809,0.7147766323024055
All-Anchors,40,Water,20260810,0.7216494845360825
All-Anchors,40,Water,20260811,0.6666666666666666
All-Anchors,40,Water,20260812,0.6838487972508591
All-Anchors,40,Water,20260813,0.7285223367697594
All-Anchors,40,Water,20260814,0.6907216494845361
All-Anchors,40,Water,20260815,0.6838487972508591
All-Anchors,40,Water,20260816,0.6907216494845361
All-Anchors,40,Water,20260817,0.6426116838487973
All-Anchors,40,Water,20260818,0.7250859106529209
All-Anchors,40,Water,20260819,0.711340206185567
All-Anchors,40,Water,20260820,0.6666666666666666
All-Anchors,40,Water,20260821,0.7044673539518901
All-Anchors,40,Water,20260822,0.718213058419244
All-Anchors,40,Water,20260823,0.7010309278350515
All-Anchors,40,Water,20260824,0.697594501718213
All-Anchors,40,Water,20260825,0.7010309278350515
All-Anchors,40,Water,20260826,0.7216494845360825
All-Anchors,40,Water,20260827,0.7044673539518901
All-Anchors,40,Water,20260828,0.7044673539518901
All-Anchors,40,Water,20260829,0.697594501718213
All-Anchors,40,Water,20260830,0.711340206185567
All-Anchors,40,Water,20260831,0.718213058419244
All-Anchors,40,Water,20260832,0.6941580756013745
All-Anchors,40,Water,20260833,0.7044673539518901
All-Anchors,40,Water,20260834,0.6838487972508591
All-Anchors,40,Water,20260835,0.6804123711340206
All-Anchors,40,Water,20260836,0.6804123711340206
All-Anchors,40,Water,20260837,0.6769759450171822
All-Anchors,50,Climate,20260808,0.6394052044609665
All-Anchors,50,Climate,20260809,0.6988847583643123
All-Anchors,50,Climate,20260810,0.7063197026022305
All-Anchors,50,Climate,20260811,0.7063197026022305
All-Anchors,50,Climate,20260812,0.7174721189591078
All-Anchors,50,Climate,20260813,0.7100371747211895
All-Anchors,50,Climate,20260814,0.6914498141263941
All-Anchors,50,Climate,20260815,0.6914498141263941
All-Anchors,50,Climate,20260816,0.6691449814126395
All-Anchors,50,Climate,20260817,0.7397769516728625
All-Anchors,50,Climate,20260818,0.6468401486988847
All-Anchors,50,Climate,20260819,0.6691449814126395
All-Anchors,50,Climate,20260820,0.6691449814126395
All-Anchors,50,Climate,20260821,0.6505576208178439
All-Anchors,50,Climate,20260822,0.7397769516728625
All-Anchors,50,Climate,20260823,0.7286245353159851
All-Anchors,50,Climate,20260824,0.6691449814126395
All-Anchors,50,Climate,20260825,0.7286245353159851
All-Anchors,50,Climate,20260826,0.6951672862453532
All-Anchors,50,Climate,20260827,0.7100371747211895
All-Anchors,50,Climate,20260828,0.6579925650557621
All-Anchors,50,Climate,20260829,0.7286245353159851
All-Anchors,50,Climate,20260830,0.7360594795539034
All-Anchors,50,Climate,20260831,0.7323420074349443
All-Anchors,50,Climate,20260832,0.6951672862453532
All-Anchors,50,Climate,20260833,0.6988847583643123
All-Anchors,50,Climate,20260834,0.7211895910780669
All-Anchors,50,Climate,20260835,0.7397769516728625
All-Anchors,50,Climate,20260836,0.6840148698884758
All-Anchors,50,Climate,20260837,0.6802973977695167
All-Anchors,50,Traffic,20260808,0.68561872909699
All-Anchors,50,Traffic,20260809,0.6789297658862876
All-Anchors,50,Traffic,20260810,0.6989966555183946
All-Anchors,50,Traffic,20260811,0.7123745819397993
All-Anchors,50,Traffic,20260812,0.7023411371237458
All-Anchors,50,Traffic,20260813,0.7123745819397993
All-Anchors,50,Traffic,20260814,0.6923076923076923
All-Anchors,50,Traffic,20260815,0.725752508361204
All-Anchors,50,Traffic,20260816,0.7391304347826086
All-Anchors,50,Traffic,20260817,0.6889632107023411
All-Anchors,50,Traffic,20260818,0.6755852842809364
All-Anchors,50,Traffic,20260819,0.6923076923076923
All-Anchors,50,Traffic,20260820,0.68561872909699
All-Anchors,50,Traffic,20260821,0.6655518394648829
All-Anchors,50,Traffic,20260822,0.7023411371237458
All-Anchors,50,Traffic,20260823,0.7224080267558528
All-Anchors,50,Traffic,20260824,0.6989966555183946
All-Anchors,50,Traffic,20260825,0.68561872909699
All-Anchors,50,Traffic,20260826,0.6923076923076923
All-Anchors,50,Traffic,20260827,0.6655518394648829
All-Anchors,50,Traffic,20260828,0.7023411371237458
All-Anchors,50,Traffic,20260829,0.7090301003344481
All-Anchors,50,Traffic,20260830,0.7090301003344481
All-Anchors,50,Traffic,20260831,0.6956521739130435
All-Anchors,50,Traffic,20260832,0.68561872909699
All-Anchors,50,Traffic,20260833,0.6688963210702341
All-Anchors,50,Traffic,20260834,0.6923076923076923
All-Anchors,50,Traffic,20260835,0.705685618729097
All-Anchors,50,Traffic,20260836,0.7023411371237458
All-Anchors,50,Traffic,20260837,0.705685618729097
All-Anchors,50,Water,20260808,0.7254901960784313
All-Anchors,50,Water,20260809,0.7215686274509804
All-Anchors,50,Water,20260810,0.6666666666666666
All-Anchors,50,Water,20260811,0.6862745098039216
All-Anchors,50,Water,20260812,0.6627450980392157
All-Anchors,50,Water,20260813,0.7294117647058823
All-Anchors,50,Water,20260814,0.6823529411764706
All-Anchors,50,Water,20260815,0.6823529411764706
All-Anchors,50,Water,20260816,0.6980392156862745
All-Anchors,50,Water,20260817,0.7372549019607844
All-Anchors,50,Water,20260818,0.6470588235294118
All-Anchors,50,Water,20260819,0.6862745098039216
All-Anchors,50,Water,20260820,0.7568627450980392
All-Anchors,50,Water,20260821,0.7098039215686275
All-Anchors,50,Water,20260822,0.7294117647058823
All-Anchors,50,Water,20260823,0.6705882352941176
All-Anchors,50,Water,20260824,0.6941176470588235
All-Anchors,50,Water,20260825,0.7058823529411765
All-Anchors,50,Water,20260826,0.6666666666666666
All-Anchors,50,Water,20260827,0.6745098039215687
All-Anchors,50,Water,20260828,0.6509803921568628
All-Anchors,50,Water,20260829,0.7294117647058823
All-Anchors,50,Water,20260830,0.7098039215686275
All-Anchors,50,Water,20260831,0.7019607843137254
All-Anchors,50,Water,20260832,0.7411764705882353
All-Anchors,50,Water,20260833,0.6980392156862745
All-Anchors,50,Water,20260834,0.7215686274509804
All-Anchors,50,Water,20260835,0.6941176470588235
All-Anchors,50,Water,20260836,0.6980392156862745
All-Anchors,50,Water,20260837,0.7450980392156863
All-Anchors,60,Climate,20260808,0.689922480620155
All-Anchors,60,Climate,20260809,0.7209302325581395
All-Anchors,60,Climate,20260810,0.6976744186046512
All-Anchors,60,Climate,20260811,0.6821705426356589
All-Anchors,60,Climate,20260812,0.7364341085271318
All-Anchors,60,Climate,20260813,0.6937984496124031
All-Anchors,60,Climate,20260814,0.6705426356589147
All-Anchors,60,Climate,20260815,0.7015503875968992
All-Anchors,60,Climate,20260816,0.7170542635658915
All-Anchors,60,Climate,20260817,0.6782945736434108
All-Anchors,60,Climate,20260818,0.7131782945736435
All-Anchors,60,Climate,20260819,0.7441860465116279
All-Anchors,60,Climate,20260820,0.6937984496124031
All-Anchors,60,Climate,20260821,0.6937984496124031
All-Anchors,60,Climate,20260822,0.7286821705426356
All-Anchors,60,Climate,20260823,0.7054263565891473
All-Anchors,60,Climate,20260824,0.689922480620155
All-Anchors,60,Climate,20260825,0.6937984496124031
All-Anchors,60,Climate,20260826,0.7093023255813954
All-Anchors,60,Climate,20260827,0.6821705426356589
All-Anchors,60,Climate,20260828,0.7286821705426356
All-Anchors,60,Climate,20260829,0.686046511627907
All-Anchors,60,Climate,20260830,0.7093023255813954
All-Anchors,60,Climate,20260831,0.6705426356589147
All-Anchors,60,Climate,20260832,0.689922480620155
All-Anchors,60,Climate,20260833,0.686046511627907
All-Anchors,60,Climate,20260834,0.7093023255813954
All-Anchors,60,Climate,20260835,0.7403100775193798
All-Anchors,60,Climate,20260836,0.7286821705426356
All-Anchors,60,Climate,20260837,0.7093023255813954
All-Anchors,60,Traffic,20260808,0.6916167664670658
All-Anchors,60,Traffic,20260809,0.7155688622754491
All-Anchors,60,Traffic,20260810,0.6646706586826348
All-Anchors,60,Traffic,20260811,0.6826347305389222
All-Anchors,60,Traffic,20260812,0.718562874251497
All-Anchors,60,Traffic,20260813,0.7035928143712575
All-Anchors,60,Traffic,20260814,0.7065868263473054
All-Anchors,60,Traffic,20260815,0.6616766467065869
All-Anchors,60,Traffic,20260816,0.688622754491018
All-Anchors,60,Traffic,20260817,0.7155688622754491
All-Anchors,60,Traffic,20260818,0.7215568862275449
All-Anchors,60,Traffic,20260819,0.7125748502994012
All-Anchors,60,Traffic,20260820,0.7065868263473054
All-Anchors,60,Traffic,20260821,0.7485029940119761
All-Anchors,60,Traffic,20260822,0.7155688622754491
All-Anchors,60,Traffic,20260823,0.7065868263473054
All-Anchors,60,Traffic,20260824,0.6976047904191617
All-Anchors,60,Traffic,20260825,0.7065868263473054
All-Anchors,60,Traffic,20260826,0.6826347305389222
All-Anchors,60,Traffic,20260827,0.7245508982035929
All-Anchors,60,Traffic,20260828,0.7095808383233533
All-Anchors,60,Traffic,20260829,0.6766467065868264
All-Anchors,60,Traffic,20260830,0.688622754491018
All-Anchors,60,Traffic,20260831,0.6826347305389222
All-Anchors,60,Traffic,20260832,0.6946107784431138
All-Anchors,60,Traffic,20260833,0.6856287425149701
All-Anchors,60,Traffic,20260834,0.688622754491018
All-Anchors,60,Traffic,20260835,0.7095808383233533
All-Anchors,60,Traffic,20260836,0.7125748502994012
All-Anchors,60,Traffic,20260837,0.718562874251497
All-Anchors,60,Water,20260808,0.662379421221865
All-Anchors,60,Water,20260809,0.6913183279742765
All-Anchors,60,Water,20260810,0.7138263665594855
All-Anchors,60,Water,20260811,0.6881028938906752
All-Anchors,60,Water,20260812,0.707395498392283
All-Anchors,60,Water,20260813,0.6784565916398714
All-Anchors,60,Water,20260814,0.7202572347266881
All-Anchors,60,Water,20260815,0.7170418006430869
All-Anchors,60,Water,20260816,0.7106109324758842
All-Anchors,60,Water,20260817,0.7234726688102894
All-Anchors,60,Water,20260818,0.752411575562701
All-Anchors,60,Water,20260819,0.7234726688102894
All-Anchors,60,Water,20260820,0.6816720257234726
All-Anchors,60,Water,20260821,0.7041800643086816
All-Anchors,60,Water,20260822,0.7106109324758842
All-Anchors,60,Water,20260823,0.684887459807074
All-Anchors,60,Water,20260824,0.7009646302250804
All-Anchors,60,Water,20260825,0.6913183279742765
All-Anchors,60,Water,20260826,0.7202572347266881
All-Anchors,60,Water,20260827,0.7009646302250804
All-Anchors,60,Water,20260828,0.7234726688102894
All-Anchors,60,Water,20260829,0.7009646302250804
All-Anchors,60,Water,20260830,0.7009646302250804
All-Anchors,60,Water,20260831,0.7041800643086816
All-Anchors,60,Water,20260832,0.6688102893890675
All-Anchors,60,Water,20260833,0.6720257234726688
All-Anchors,60,Water,20260834,0.7106109324758842
All-Anchors,60,Water,20260835,0.6913183279742765
All-Anchors,60,Water,20260836,0.7009646302250804
All-Anchors,60,Water,20260837,0.7009646302250804
All-Anchors,70,Climate,20260808,0.7027972027972028
All-Anchors,70,Climate,20260809,0.7097902097902098
All-Anchors,70,Climate,20260810,0.7027972027972028
All-Anchors,70,Climate,20260811,0.6538461538461539
All-Anchors,70,Climate,20260812,0.6643356643356644
All-Anchors,70,Climate,20260813,0.6818181818181818
All-Anchors,70,Climate,20260814,0.7132867132867133
All-Anchors,70,Climate,20260815,0.7307692307692307
All-Anchors,70,Climate,20260816,0.6783216783216783
All-Anchors,70,Climate,20260817,0.7027972027972028
All-Anchors,70,Climate,20260818,0.6748251748251748
All-Anchors,70,Climate,20260819,0.7272727272727273
All-Anchors,70,Climate,20260820,0.6888111888111889
All-Anchors,70,Climate,20260821,0.6783216783216783
All-Anchors,70,Climate,20260822,0.7097902097902098
All-Anchors,70,Climate,20260823,0.7482517482517482
All-Anchors,70,Climate,20260824,0.7202797202797203
All-Anchors,70,Climate,20260825,0.7062937062937062
All-Anchors,70,Climate,20260826,0.6888111888111889
All-Anchors,70,Climate,20260827,0.6783216783216783
All-Anchors,70,Climate,20260828,0.6748251748251748
All-Anchors,70,Climate,20260829,0.6643356643356644
All-Anchors,70,Climate,20260830,0.6748251748251748
All-Anchors,70,Climate,20260831,0.7202797202797203
All-Anchors,70,Climate,20260832,0.6713286713286714
All-Anchors,70,Climate,20260833,0.6503496503496503
All-Anchors,70,Climate,20260834,0.6853146853146853
All-Anchors,70,Climate,20260835,0.6923076923076923
All-Anchors,70,Climate,20260836,0.6923076923076923
All-Anchors,70,Climate,20260837,0.6993006993006993
All-Anchors,70,Traffic,20260808,0.7172619047619048
All-Anchors,70,Traffic,20260809,0.6934523809523809
All-Anchors,70,Traffic,20260810,0.7351190476190477
All-Anchors,70,Traffic,20260811,0.7172619047619048
All-Anchors,70,Traffic,20260812,0.6845238095238095
All-Anchors,70,Traffic,20260813,0.6845238095238095
All-Anchors,70,Traffic,20260814,0.6904761904761905
All-Anchors,70,Traffic,20260815,0.6964285714285714
All-Anchors,70,Traffic,20260816,0.7232142857142857
All-Anchors,70,Traffic,20260817,0.7172619047619048
All-Anchors,70,Traffic,20260818,0.7142857142857143
All-Anchors,70,Traffic,20260819,0.7083333333333334
All-Anchors,70,Traffic,20260820,0.7083333333333334
All-Anchors,70,Traffic,20260821,0.6904761904761905
All-Anchors,70,Traffic,20260822,0.75
All-Anchors,70,Traffic,20260823,0.7142857142857143
All-Anchors,70,Traffic,20260824,0.7261904761904762
All-Anchors,70,Traffic,20260825,0.7083333333333334
All-Anchors,70,Traffic,20260826,0.7053571428571429
All-Anchors,70,Traffic,20260827,0.7202380952380952
All-Anchors,70,Traffic,20260828,0.6785714285714286
All-Anchors,70,Traffic,20260829,0.6934523809523809
All-Anchors,70,Traffic,20260830,0.7023809523809523
All-Anchors,70,Traffic,20260831,0.6934523809523809
All-Anchors,70,Traffic,20260832,0.6964285714285714
All-Anchors,70,Traffic,20260833,0.7083333333333334
All-Anchors,70,Traffic,20260834,0.6964285714285714
All-Anchors,70,Traffic,20260835,0.7410714285714286
All-Anchors,70,Traffic,20260836,0.7142857142857143
All-Anchors,70,Traffic,20260837,0.6994047619047619
All-Anchors,70,Water,20260808,0.6779661016949152
All-Anchors,70,Water,20260809,0.7245762711864406
All-Anchors,70,Water,20260810,0.690677966101695
All-Anchors,70,Water,20260811,0.7203389830508474
All-Anchors,70,Water,20260812,0.6991525423728814
All-Anchors,70,Water,20260813,0.690677966101695
All-Anchors,70,Water,20260814,0.7415254237288136
All-Anchors,70,Water,20260815,0.6949152542372882
All-Anchors,70,Water,20260816,0.7161016949152542
All-Anchors,70,Water,20260817,0.7203389830508474
All-Anchors,70,Water,20260818,0.711864406779661
All-Anchors,70,Water,20260819,0.75
All-Anchors,70,Water,20260820,0.7076271186440678
All-Anchors,70,Water,20260821,0.7161016949152542
All-Anchors,70,Water,20260822,0.6949152542372882
All-Anchors,70,Water,20260823,0.6822033898305084
All-Anchors,70,Water,20260824,0.6567796610169492
All-Anchors,70,Water,20260825,0.6949152542372882
All-Anchors,70,Water,20260826,0.6949152542372882
All-Anchors,70,Water,20260827,0.7161016949152542
All-Anchors,70,Water,20260828,0.7457627118644068
All-Anchors,70,Water,20260829,0.7033898305084746
All-Anchors,70,Water,20260830,0.6822033898305084
All-Anchors,70,Water,20260831,0.7330508474576272
All-Anchors,70,Water,20260832,0.7033898305084746
All-Anchors,70,Water,20260833,0.6822033898305084
All-Anchors,70,Water,20260834,0.6567796610169492
All-Anchors,70,Water,20260835,0.7161016949152542
All-Anchors,70,Water,20260836,0.6991525423728814
All-Anchors,70,Water,20260837,0.7203389830508474
All-Anchors,80,Climate,20260808,0.685823754789272
All-Anchors,80,Climate,20260809,0.685823754789272
All-Anchors,80,Climate,20260810,0.6896551724137931
All-Anchors,80,Climate,20260811,0.7126436781609196
All-Anchors,80,Climate,20260812,0.6666666666666666
All-Anchors,80,Climate,20260813,0.6666666666666666
All-Anchors,80,Climate,20260814,0.7394636015325671
All-Anchors,80,Climate,20260815,0.6513409961685823
All-Anchors,80,Climate,20260816,0.7203065134099617
All-Anchors,80,Climate,20260817,0.7088122605363985
All-Anchors,80,Climate,20260818,0.7049808429118773
All-Anchors,80,Climate,20260819,0.7126436781609196
All-Anchors,80,Climate,20260820,0.6666666666666666
All-Anchors,80,Climate,20260821,0.7164750957854407
All-Anchors,80,Climate,20260822,0.6934865900383141
All-Anchors,80,Climate,20260823,0.7241379310344828
All-Anchors,80,Climate,20260824,0.7701149425287356
All-Anchors,80,Climate,20260825,0.6743295019157088
All-Anchors,80,Climate,20260826,0.7049808429118773
All-Anchors,80,Climate,20260827,0.6896551724137931
All-Anchors,80,Climate,20260828,0.7011494252873564
All-Anchors,80,Climate,20260829,0.6666666666666666
All-Anchors,80,Climate,20260830,0.7318007662835249
All-Anchors,80,Climate,20260831,0.6781609195402298
All-Anchors,80,Climate,20260832,0.7011494252873564
All-Anchors,80,Climate,20260833,0.7049808429118773
All-Anchors,80,Climate,20260834,0.7279693486590039
All-Anchors,80,Climate,20260835,0.6781609195402298
All-Anchors,80,Climate,20260836,0.6819923371647509
All-Anchors,80,Climate,20260837,0.7318007662835249
All-Anchors,80,Traffic,20260808,0.7098976109215017
All-Anchors,80,Traffic,20260809,0.7303754266211604
All-Anchors,80,Traffic,20260810,0.6962457337883959
All-Anchors,80,Traffic,20260811,0.6655290102389079
All-Anchors,80,Traffic,20260812,0.6928327645051194
All-Anchors,80,Traffic,20260813,0.689419795221843
All-Anchors,80,Traffic,20260814,0.726962457337884
All-Anchors,80,Traffic,20260815,0.6552901023890785
All-Anchors,80,Traffic,20260816,0.6860068259385665
All-Anchors,80,Traffic,20260817,0.689419795221843
All-Anchors,80,Traffic,20260818,0.7201365187713311
All-Anchors,80,Traffic,20260819,0.7133105802047781
All-Anchors,80,Traffic,20260820,0.6996587030716723
All-Anchors,80,Traffic,20260821,0.689419795221843
All-Anchors,80,Traffic,20260822,0.6962457337883959
All-Anchors,80,Traffic,20260823,0.7133105802047781
All-Anchors,80,Traffic,20260824,0.7030716723549488
All-Anchors,80,Traffic,20260825,0.6962457337883959
All-Anchors,80,Traffic,20260826,0.7235494880546075
All-Anchors,80,Traffic,20260827,0.6825938566552902
All-Anchors,80,Traffic,20260828,0.6791808873720137
All-Anchors,80,Traffic,20260829,0.726962457337884
All-Anchors,80,Traffic,20260830,0.7372013651877133
All-Anchors,80,Traffic,20260831,0.7303754266211604
All-Anchors,80,Traffic,20260832,0.6757679180887372
All-Anchors,80,Traffic,20260833,0.7064846416382252
All-Anchors,80,Traffic,20260834,0.726962457337884
All-Anchors,80,Traffic,20260835,0.689419795221843
All-Anchors,80,Traffic,20260836,0.7303754266211604
All-Anchors,80,Traffic,20260837,0.7030716723549488
All-Anchors,80,Water,20260808,0.7154150197628458
All-Anchors,80,Water,20260809,0.6719367588932806
All-Anchors,80,Water,20260810,0.7035573122529645
All-Anchors,80,Water,20260811,0.6798418972332015
All-Anchors,80,Water,20260812,0.7114624505928854
All-Anchors,80,Water,20260813,0.6719367588932806
All-Anchors,80,Water,20260814,0.7154150197628458
All-Anchors,80,Water,20260815,0.7233201581027668
All-Anchors,80,Water,20260816,0.6640316205533597
All-Anchors,80,Water,20260817,0.6877470355731226
All-Anchors,80,Water,20260818,0.6798418972332015
All-Anchors,80,Water,20260819,0.691699604743083
All-Anchors,80,Water,20260820,0.7312252964426877
All-Anchors,80,Water,20260821,0.6521739130434783
All-Anchors,80,Water,20260822,0.6837944664031621
All-Anchors,80,Water,20260823,0.7035573122529645
All-Anchors,80,Water,20260824,0.6956521739130435
All-Anchors,80,Water,20260825,0.7193675889328063
All-Anchors,80,Water,20260826,0.6442687747035574
All-Anchors,80,Water,20260827,0.691699604743083
All-Anchors,80,Water,20260828,0.6837944664031621
All-Anchors,80,Water,20260829,0.6798418972332015
All-Anchors,80,Water,20260830,0.7075098814229249
All-Anchors,80,Water,20260831,0.6798418972332015
All-Anchors,80,Water,20260832,0.6956521739130435
All-Anchors,80,Water,20260833,0.7272727272727273
All-Anchors,80,Water,20260834,0.7351778656126482
All-Anchors,80,Water,20260835,0.6798418972332015
All-Anchors,80,Water,20260836,0.6837944664031621
All-Anchors,80,Water,20260837,0.7075098814229249
All-Anchors,90,Climate,20260808,0.7401574803149606
All-Anchors,90,Climate,20260809,0.6968503937007874
All-Anchors,90,Climate,20260810,0.7047244094488189
All-Anchors,90,Climate,20260811,0.6811023622047244
All-Anchors,90,Climate,20260812,0.6850393700787402
All-Anchors,90,Climate,20260813,0.7362204724409449
All-Anchors,90,Climate,20260814,0.7401574803149606
All-Anchors,90,Climate,20260815,0.7283464566929134
All-Anchors,90,Climate,20260816,0.6968503937007874
All-Anchors,90,Climate,20260817,0.7125984251968503
All-Anchors,90,Climate,20260818,0.7086614173228346
All-Anchors,90,Climate,20260819,0.7244094488188977
All-Anchors,90,Climate,20260820,0.6889763779527559
All-Anchors,90,Climate,20260821,0.7244094488188977
All-Anchors,90,Climate,20260822,0.6811023622047244
All-Anchors,90,Climate,20260823,0.7086614173228346
All-Anchors,90,Climate,20260824,0.7086614173228346
All-Anchors,90,Climate,20260825,0.6889763779527559
All-Anchors,90,Climate,20260826,0.7125984251968503
All-Anchors,90,Climate,20260827,0.7086614173228346
All-Anchors,90,Climate,20260828,0.7283464566929134
All-Anchors,90,Climate,20260829,0.7125984251968503
All-Anchors,90,Climate,20260830,0.7204724409448819
All-Anchors,90,Climate,20260831,0.7086614173228346
All-Anchors,90,Climate,20260832,0.7204724409448819
All-Anchors,90,Climate,20260833,0.6692913385826772
All-Anchors,90,Climate,20260834,0.65748031496063
All-Anchors,90,Climate,20260835,0.7086614173228346
All-Anchors,90,Climate,20260836,0.7007874015748031
All-Anchors,90,Climate,20260837,0.7125984251968503
All-Anchors,90,Traffic,20260808,0.6937984496124031
All-Anchors,90,Traffic,20260809,0.6976744186046512
All-Anchors,90,Traffic,20260810,0.6627906976744186
All-Anchors,90,Traffic,20260811,0.6627906976744186
All-Anchors,90,Traffic,20260812,0.7170542635658915
All-Anchors,90,Traffic,20260813,0.748062015503876
All-Anchors,90,Traffic,20260814,0.6937984496124031
All-Anchors,90,Traffic,20260815,0.7364341085271318
All-Anchors,90,Traffic,20260816,0.6937984496124031
All-Anchors,90,Traffic,20260817,0.7131782945736435
All-Anchors,90,Traffic,20260818,0.6937984496124031
All-Anchors,90,Traffic,20260819,0.6782945736434108
All-Anchors,90,Traffic,20260820,0.7170542635658915
All-Anchors,90,Traffic,20260821,0.686046511627907
All-Anchors,90,Traffic,20260822,0.6589147286821705
All-Anchors,90,Traffic,20260823,0.6627906976744186
All-Anchors,90,Traffic,20260824,0.6627906976744186
All-Anchors,90,Traffic,20260825,0.6821705426356589
All-Anchors,90,Traffic,20260826,0.6976744186046512
All-Anchors,90,Traffic,20260827,0.7131782945736435
All-Anchors,90,Traffic,20260828,0.7093023255813954
All-Anchors,90,Traffic,20260829,0.7558139534883721
All-Anchors,90,Traffic,20260830,0.686046511627907
All-Anchors,90,Traffic,20260831,0.6937984496124031
All-Anchors,90,Traffic,20260832,0.6976744186046512
All-Anchors,90,Traffic,20260833,0.7054263565891473
All-Anchors,90,Traffic,20260834,0.7209302325581395
All-Anchors,90,Traffic,20260835,0.7131782945736435
All-Anchors,90,Traffic,20260836,0.7093023255813954
All-Anchors,90,Traffic,20260837,0.6976744186046512
All-Anchors,90,Water,20260808,0.6633333333333333
All-Anchors,90,Water,20260809,0.6633333333333333
All-Anchors,90,Water,20260810,0.73
All-Anchors,90,Water,20260811,0.6966666666666667
All-Anchors,90,Water,20260812,0.7466666666666667
All-Anchors,90,Water,20260813,0.6633333333333333
All-Anchors,90,Water,20260814,0.7
All-Anchors,90,Water,20260815,0.6833333333333333
All-Anchors,90,Water,20260816,0.6866666666666666
All-Anchors,90,Water,20260817,0.69
All-Anchors,90,Water,20260818,0.68
All-Anchors,90,Water,20260819,0.71
All-Anchors,90,Water,20260820,0.6766666666666666
All-Anchors,90,Water,20260821,0.67
All-Anchors,90,Water,20260822,0.68
All-Anchors,90,Water,20260823,0.6633333333333333
All-Anchors,90,Water,20260824,0.69
All-Anchors,90,Water,20260825,0.6833333333333333
All-Anchors,90,Water,20260826,0.6866666666666666
All-Anchors,90,Water,20260827,0.72
All-Anchors,90,Water,20260828,0.6733333333333333
All-Anchors,90,Water,20260829,0.6766666666666666
All-Anchors,90,Water,20260830,0.7
All-Anchors,90,Water,20260831,0.7066666666666667
All-Anchors,90,Water,20260832,0.7
All-Anchors,90,Water,20260833,0.7
All-Anchors,90,Water,20260834,0.67
All-Anchors,90,Water,20260835,0.7133333333333334
All-Anchors,90,Water,20260836,0.7033333333333334
All-Anchors,90,Water,20260837,0.6866666666666666
All-Anchors,100,Climate,20260808,0.6956521739130435
All-Anchors,100,Climate,20260809,0.7355072463768116
All-Anchors,100,Climate,20260810,0.6847826086956522
All-Anchors,100,Climate,20260811,0.7101449275362319
All-Anchors,100,Climate,20260812,0.717391304347826
All-Anchors,100,Climate,20260813,0.717391304347826
All-Anchors,100,Climate,20260814,0.6992753623188406
All-Anchors,100,Climate,20260815,0.6702898550724637
All-Anchors,100,Climate,20260816,0.7246376811594203
All-Anchors,100,Climate,20260817,0.6956521739130435
All-Anchors,100,Climate,20260818,0.7246376811594203
All-Anchors,100,Climate,20260819,0.6739130434782609
All-Anchors,100,Climate,20260820,0.7028985507246377
All-Anchors,100,Climate,20260821,0.7210144927536232
All-Anchors,100,Climate,20260822,0.6884057971014492
All-Anchors,100,Climate,20260823,0.6630434782608695
All-Anchors,100,Climate,20260824,0.7028985507246377
All-Anchors,100,Climate,20260825,0.7028985507246377
All-Anchors,100,Climate,20260826,0.6702898550724637
All-Anchors,100,Climate,20260827,0.7065217391304348
All-Anchors,100,Climate,20260828,0.6920289855072463
All-Anchors,100,Climate,20260829,0.6920289855072463
All-Anchors,100,Climate,20260830,0.6992753623188406
All-Anchors,100,Climate,20260831,0.7065217391304348
All-Anchors,100,Climate,20260832,0.7065217391304348
All-Anchors,100,Climate,20260833,0.7246376811594203
All-Anchors,100,Climate,20260834,0.7572463768115942
All-Anchors,100,Climate,20260835,0.6739130434782609
All-Anchors,100,Climate,20260836,0.6920289855072463
All-Anchors,100,Climate,20260837,0.7246376811594203
All-Anchors,100,Traffic,20260808,0.7152542372881356
All-Anchors,100,Traffic,20260809,0.6542372881355932
All-Anchors,100,Traffic,20260810,0.6847457627118644
All-Anchors,100,Traffic,20260811,0.6711864406779661
All-Anchors,100,Traffic,20260812,0.6745762711864407
All-Anchors,100,Traffic,20260813,0.6644067796610169
All-Anchors,100,Traffic,20260814,0.6779661016949152
All-Anchors,100,Traffic,20260815,0.7322033898305085
All-Anchors,100,Traffic,20260816,0.6711864406779661
All-Anchors,100,Traffic,20260817,0.6677966101694915
All-Anchors,100,Traffic,20260818,0.6779661016949152
All-Anchors,100,Traffic,20260819,0.7186440677966102
All-Anchors,100,Traffic,20260820,0.6711864406779661
All-Anchors,100,Traffic,20260821,0.688135593220339
All-Anchors,100,Traffic,20260822,0.6644067796610169
All-Anchors,100,Traffic,20260823,0.6813559322033899
All-Anchors,100,Traffic,20260824,0.7016949152542373
All-Anchors,100,Traffic,20260825,0.6983050847457627
All-Anchors,100,Traffic,20260826,0.688135593220339
All-Anchors,100,Traffic,20260827,0.6644067796610169
All-Anchors,100,Traffic,20260828,0.7084745762711865
All-Anchors,100,Traffic,20260829,0.6779661016949152
All-Anchors,100,Traffic,20260830,0.6915254237288135
All-Anchors,100,Traffic,20260831,0.6915254237288135
All-Anchors,100,Traffic,20260832,0.7050847457627119
All-Anchors,100,Traffic,20260833,0.7084745762711865
All-Anchors,100,Traffic,20260834,0.7016949152542373
All-Anchors,100,Traffic,20260835,0.6779661016949152
All-Anchors,100,Traffic,20260836,0.6813559322033899
All-Anchors,100,Traffic,20260837,0.7016949152542373
All-Anchors,100,Water,20260808,0.7004405286343612
All-Anchors,100,Water,20260809,0.7004405286343612
All-Anchors,100,Water,20260810,0.6696035242290749
All-Anchors,100,Water,20260811,0.7224669603524229
All-Anchors,100,Water,20260812,0.6872246696035242
All-Anchors,100,Water,20260813,0.6784140969162996
All-Anchors,100,Water,20260814,0.7048458149779736
All-Anchors,100,Water,20260815,0.7224669603524229
All-Anchors,100,Water,20260816,0.7224669603524229
All-Anchors,100,Water,20260817,0.6740088105726872
All-Anchors,100,Water,20260818,0.6872246696035242
All-Anchors,100,Water,20260819,0.6563876651982379
All-Anchors,100,Water,20260820,0.6916299559471366
All-Anchors,100,Water,20260821,0.7048458149779736
All-Anchors,100,Water,20260822,0.6740088105726872
All-Anchors,100,Water,20260823,0.7400881057268722
All-Anchors,100,Water,20260824,0.73568281938326
All-Anchors,100,Water,20260825,0.6960352422907489
All-Anchors,100,Water,20260826,0.7004405286343612
All-Anchors,100,Water,20260827,0.7004405286343612
All-Anchors,100,Water,20260828,0.7048458149779736
All-Anchors,100,Water,20260829,0.6784140969162996
All-Anchors,100,Water,20260830,0.7312775330396476
All-Anchors,100,Water,20260831,0.6696035242290749
All-Anchors,100,Water,20260832,0.7004405286343612
All-Anchors,100,Water,20260833,0.6916299559471366
All-Anchors,100,Water,20260834,0.7224669603524229
All-Anchors,100,Water,20260835,0.7136563876651982
All-Anchors,100,Water,20260836,0.7092511013215859
All-Anchors,100,Water,20260837,0.7136563876651982
Binary-Rep.,10,Climate,20260808,0.8461538461538461
Binary-Rep.,10,Climate,20260809,0.7619047619047619
Binary-Rep.,10,Climate,20260810,0.7777777777777778
Binary-Rep.,10,Climate,20260811,0.6382978723404256
Binary-Rep.,10,Climate,20260812,0.8378378378378378
Binary-Rep.,10,Climate,20260813,0.5555555555555556
Binary-Rep.,10,Climate,20260814,0.6333333333333333
Binary-Rep.,10,Climate,20260815,0.7407407407407407
Binary-Rep.,10,Climate,20260816,0.6037735849056604
Binary-Rep.,10,Climate,20260817,0.8292682926829268
Binary-Rep.,10,Climate,20260818,0.6904761904761905
Binary-Rep.,10,Climate,20260819,0.6545454545454545
Binary-Rep.,10,Climate,20260820,0.6792452830188679
Binary-Rep.,10,Climate,20260821,0.65
Binary-Rep.,10,Climate,20260822,0.6612903225806451
Binary-Rep.,10,Climate,20260823,0.6041666666666666
Binary-Rep.,10,Climate,20260824,0.6363636363636364
Binary-Rep.,10,Climate,20260825,0.6909090909090909
Binary-Rep.,10,Climate,20260826,0.6590909090909091
Binary-Rep.,10,Climate,20260827,0.6617647058823529
Binary-Rep.,10,Climate,20260828,0.7209302325581395
Binary-Rep.,10,Climate,20260829,0.7727272727272727
Binary-Rep.,10,Climate,20260830,0.803921568627451
Binary-Rep.,10,Climate,20260831,0.7560975609756098
Binary-Rep.,10,Climate,20260832,0.6491228070175439
Binary-Rep.,10,Climate,20260833,0.6666666666666666
Binary-Rep.,10,Climate,20260834,0.6896551724137931
Binary-Rep.,10,Climate,20260835,0.6896551724137931
Binary-Rep.,10,Climate,20260836,0.8524590163934426
Binary-Rep.,10,Climate,20260837,0.7272727272727273
Binary-Rep.,10,Traffic,20260808,0.5161290322580645
Binary-Rep.,10,Traffic,20260809,0.8181818181818182
Binary-Rep.,10,Traffic,20260810,0.7719298245614035
Binary-Rep.,10,Traffic,20260811,0.6739130434782609
Binary-Rep.,10,Traffic,20260812,0.8148148148148148
Binary-Rep.,10,Traffic,20260813,0.7592592592592593
Binary-Rep.,10,Traffic,20260814,0.8157894736842105
Binary-Rep.,10,Traffic,20260815,0.5483870967741935
Binary-Rep.,10,Traffic,20260816,0.8360655737704918
Binary-Rep.,10,Traffic,20260817,0.8571428571428571
Binary-Rep.,10,Traffic,20260818,0.8157894736842105
Binary-Rep.,10,Traffic,20260819,0.5813953488372093
Binary-Rep.,10,Traffic,20260820,0.6111111111111112
Binary-Rep.,10,Traffic,20260821,0.7241379310344828
Binary-Rep.,10,Traffic,20260822,0.6428571428571429
Binary-Rep.,10,Traffic,20260823,0.6
Binary-Rep.,10,Traffic,20260824,0.7058823529411765
Binary-Rep.,10,Traffic,20260825,0.6470588235294118
Binary-Rep.,10,Traffic,20260826,0.76
Binary-Rep.,10,Traffic,20260827,0.8095238095238095
Binary-Rep.,10,Traffic,20260828,0.7073170731707317
Binary-Rep.,10,Traffic,20260829,0.7111111111111111
Binary-Rep.,10,Traffic,20260830,0.5490196078431373
Binary-Rep.,10,Traffic,20260831,0.625
Binary-Rep.,10,Traffic,20260832,0.6274509803921569
Binary-Rep.,10,Traffic,20260833,0.6956521739130435
Binary-Rep.,10,Traffic,20260834,0.8
Binary-Rep.,10,Traffic,20260835,0.5555555555555556
Binary-Rep.,10,Traffic,20260836,0.5853658536585366
Binary-Rep.,10,Traffic,20260837,0.7551020408163265
Binary-Rep.,10,Water,20260808,0.8333333333333334
Binary-Rep.,10,Water,20260809,0.2857142857142857
Binary-Rep.,10,Water,20260810,0.45
Binary-Rep.,10,Water,20260811,0.6875
Binary-Rep.,10,Water,20260812,0.7272727272727273
Binary-Rep.,10,Water,20260813,0.2857142857142857
Binary-Rep.,10,Water,20260814,0.8888888888888888
Binary-Rep.,10,Water,20260815,0.5
Binary-Rep.,10,Water,20260816,0.7777777777777778
Binary-Rep.,10,Water,20260817,0.7894736842105263
Binary-Rep.,10,Water,20260818,0.6666666666666666
Binary-Rep.,10,Water,20260819,0.2222222222222222
Binary-Rep.,10,Water,20260820,0.8636363636363636
Binary-Rep.,10,Water,20260821,1.0
Binary-Rep.,10,Water,20260822,1.0
Binary-Rep.,10,Water,20260823,0.9130434782608695
Binary-Rep.,10,Water,20260824,0.7058823529411765
Binary-Rep.,10,Water,20260825,0.7272727272727273
Binary-Rep.,10,Water,20260826,0.6363636363636364
Binary-Rep.,10,Water,20260827,0.7142857142857143
Binary-Rep.,10,Water,20260828,1.0
Binary-Rep.,10,Water,20260829,0.8571428571428571
Binary-Rep.,10,Water,20260830,0.42857142857142855
Binary-Rep.,10,Water,20260831,0.5
Binary-Rep.,10,Water,20260832,0.7
Binary-Rep.,10,Water,20260833,0.8571428571428571
Binary-Rep.,10,Water,20260834,0.5238095238095238
Binary-Rep.,10,Water,20260835,0.5
Binary-Rep.,10,Water,20260836,0.8888888888888888
Binary-Rep.,10,Water,20260837,0.875
Binary-Rep.,20,Climate,20260808,0.725925925925926
Binary-Rep.,20,Climate,20260809,0.6363636363636364
Binary-Rep.,20,Climate,20260810,0.7727272727272727
Binary-Rep.,20,Climate,20260811,0.7121212121212122
Binary-Rep.,20,Climate,20260812,0.7952755905511811
Binary-Rep.,20,Climate,20260813,0.5950413223140496
Binary-Rep.,20,Climate,20260814,0.6567164179104478
Binary-Rep.,20,Climate,20260815,0.7352941176470589
Binary-Rep.,20,Climate,20260816,0.6015037593984962
Binary-Rep.,20,Climate,20260817,0.7686567164179104
Binary-Rep.,20,Climate,20260818,0.7463768115942029
Binary-Rep.,20,Climate,20260819,0.7709923664122137
Binary-Rep.,20,Climate,20260820,0.6962962962962963
Binary-Rep.,20,Climate,20260821,0.6746031746031746
Binary-Rep.,20,Climate,20260822,0.7443609022556391
Binary-Rep.,20,Climate,20260823,0.6015037593984962
Binary-Rep.,20,Climate,20260824,0.6950354609929078
Binary-Rep.,20,Climate,20260825,0.7218045112781954
Binary-Rep.,20,Climate,20260826,0.7407407407407407
Binary-Rep.,20,Climate,20260827,0.6691729323308271
Binary-Rep.,20,Climate,20260828,0.75
Binary-Rep.,20,Climate,20260829,0.8074074074074075
Binary-Rep.,20,Climate,20260830,0.8046875
Binary-Rep.,20,Climate,20260831,0.7751937984496124
Binary-Rep.,20,Climate,20260832,0.7266187050359713
Binary-Rep.,20,Climate,20260833,0.6564885496183206
Binary-Rep.,20,Climate,20260834,0.6956521739130435
Binary-Rep.,20,Climate,20260835,0.6811594202898551
Binary-Rep.,20,Climate,20260836,0.7593984962406015
Binary-Rep.,20,Climate,20260837,0.664179104477612
Binary-Rep.,20,Traffic,20260808,0.6615384615384615
Binary-Rep.,20,Traffic,20260809,0.7222222222222222
Binary-Rep.,20,Traffic,20260810,0.7236842105263158
Binary-Rep.,20,Traffic,20260811,0.7794117647058824
Binary-Rep.,20,Traffic,20260812,0.7142857142857143
Binary-Rep.,20,Traffic,20260813,0.6620689655172414
Binary-Rep.,20,Traffic,20260814,0.7449664429530202
Binary-Rep.,20,Traffic,20260815,0.7096774193548387
Binary-Rep.,20,Traffic,20260816,0.7194244604316546
Binary-Rep.,20,Traffic,20260817,0.7430555555555556
Binary-Rep.,20,Traffic,20260818,0.6971830985915493
Binary-Rep.,20,Traffic,20260819,0.7103448275862069
Binary-Rep.,20,Traffic,20260820,0.6482758620689655
Binary-Rep.,20,Traffic,20260821,0.6717557251908397
Binary-Rep.,20,Traffic,20260822,0.6621621621621622
Binary-Rep.,20,Traffic,20260823,0.6666666666666666
Binary-Rep.,20,Traffic,20260824,0.7131782945736435
Binary-Rep.,20,Traffic,20260825,0.6766917293233082
Binary-Rep.,20,Traffic,20260826,0.7062937062937062
Binary-Rep.,20,Traffic,20260827,0.7
Binary-Rep.,20,Traffic,20260828,0.762962962962963
Binary-Rep.,20,Traffic,20260829,0.7315436241610739
Binary-Rep.,20,Traffic,20260830,0.6597222222222222
Binary-Rep.,20,Traffic,20260831,0.6967213114754098
Binary-Rep.,20,Traffic,20260832,0.7205882352941176
Binary-Rep.,20,Traffic,20260833,0.7021276595744681
Binary-Rep.,20,Traffic,20260834,0.7535211267605634
Binary-Rep.,20,Traffic,20260835,0.5855263157894737
Binary-Rep.,20,Traffic,20260836,0.6159420289855072
Binary-Rep.,20,Traffic,20260837,0.6319444444444444
Binary-Rep.,20,Water,20260808,0.8064516129032258
Binary-Rep.,20,Water,20260809,0.6037735849056604
Binary-Rep.,20,Water,20260810,0.6933333333333334
Binary-Rep.,20,Water,20260811,0.6626506024096386
Binary-Rep.,20,Water,20260812,0.7352941176470589
Binary-Rep.,20,Water,20260813,0.7384615384615385
Binary-Rep.,20,Water,20260814,0.8333333333333334
Binary-Rep.,20,Water,20260815,0.68
Binary-Rep.,20,Water,20260816,0.765625
Binary-Rep.,20,Water,20260817,0.6410256410256411
Binary-Rep.,20,Water,20260818,0.7721518987341772
Binary-Rep.,20,Water,20260819,0.6212121212121212
Binary-Rep.,20,Water,20260820,0.7529411764705882
Binary-Rep.,20,Water,20260821,0.8108108108108109
Binary-Rep.,20,Water,20260822,0.7
Binary-Rep.,20,Water,20260823,0.855072463768116
Binary-Rep.,20,Water,20260824,0.6212121212121212
Binary-Rep.,20,Water,20260825,0.6231884057971014
Binary-Rep.,20,Water,20260826,0.7121212121212122
Binary-Rep.,20,Water,20260827,0.6153846153846154
Binary-Rep.,20,Water,20260828,0.7846153846153846
Binary-Rep.,20,Water,20260829,0.631578947368421
Binary-Rep.,20,Water,20260830,0.7741935483870968
Binary-Rep.,20,Water,20260831,0.6949152542372882
Binary-Rep.,20,Water,20260832,0.7777777777777778
Binary-Rep.,20,Water,20260833,0.7454545454545455
Binary-Rep.,20,Water,20260834,0.6875
Binary-Rep.,20,Water,20260835,0.6666666666666666
Binary-Rep.,20,Water,20260836,0.819672131147541
Binary-Rep.,20,Water,20260837,0.7564102564102564
Binary-Rep.,30,Climate,20260808,0.7004608294930875
Binary-Rep.,30,Climate,20260809,0.663594470046083
Binary-Rep.,30,Climate,20260810,0.6604651162790698
Binary-Rep.,30,Climate,20260811,0.7431192660550459
Binary-Rep.,30,Climate,20260812,0.7102803738317757
Binary-Rep.,30,Climate,20260813,0.6944444444444444
Binary-Rep.,30,Climate,20260814,0.7004608294930875
Binary-Rep.,30,Climate,20260815,0.7110091743119266
Binary-Rep.,30,Climate,20260816,0.7397260273972602
Binary-Rep.,30,Climate,20260817,0.6869158878504673
Binary-Rep.,30,Climate,20260818,0.663594470046083
Binary-Rep.,30,Climate,20260819,0.6682242990654206
Binary-Rep.,30,Climate,20260820,0.7465437788018433
Binary-Rep.,30,Climate,20260821,0.7235023041474654
Binary-Rep.,30,Climate,20260822,0.6759259259259259
Binary-Rep.,30,Climate,20260823,0.6682027649769585
Binary-Rep.,30,Climate,20260824,0.6651376146788991
Binary-Rep.,30,Climate,20260825,0.6990740740740741
Binary-Rep.,30,Climate,20260826,0.7142857142857143
Binary-Rep.,30,Climate,20260827,0.7568807339449541
Binary-Rep.,30,Climate,20260828,0.7188940092165899
Binary-Rep.,30,Climate,20260829,0.726027397260274
Binary-Rep.,30,Climate,20260830,0.6009174311926605
Binary-Rep.,30,Climate,20260831,0.6666666666666666
Binary-Rep.,30,Climate,20260832,0.7069767441860465
Binary-Rep.,30,Climate,20260833,0.7209302325581395
Binary-Rep.,30,Climate,20260834,0.7214611872146118
Binary-Rep.,30,Climate,20260835,0.6712328767123288
Binary-Rep.,30,Climate,20260836,0.6604651162790698
Binary-Rep.,30,Climate,20260837,0.680365296803653
Binary-Rep.,30,Traffic,20260808,0.7168674698795181
Binary-Rep.,30,Traffic,20260809,0.7192982456140351
Binary-Rep.,30,Traffic,20260810,0.6759776536312849
Binary-Rep.,30,Traffic,20260811,0.7245508982035929
Binary-Rep.,30,Traffic,20260812,0.6706586826347305
Binary-Rep.,30,Traffic,20260813,0.6878612716763006
Binary-Rep.,30,Traffic,20260814,0.7272727272727273
Binary-Rep.,30,Traffic,20260815,0.6932515337423313
Binary-Rep.,30,Traffic,20260816,0.6983240223463687
Binary-Rep.,30,Traffic,20260817,0.6744186046511628
Binary-Rep.,30,Traffic,20260818,0.7344632768361582
Binary-Rep.,30,Traffic,20260819,0.6491228070175439
Binary-Rep.,30,Traffic,20260820,0.6964285714285714
Binary-Rep.,30,Traffic,20260821,0.76
Binary-Rep.,30,Traffic,20260822,0.6802325581395349
Binary-Rep.,30,Traffic,20260823,0.7045454545454546
Binary-Rep.,30,Traffic,20260824,0.6946107784431138
Binary-Rep.,30,Traffic,20260825,0.7041420118343196
Binary-Rep.,30,Traffic,20260826,0.6666666666666666
Binary-Rep.,30,Traffic,20260827,0.6927374301675978
Binary-Rep.,30,Traffic,20260828,0.7125748502994012
Binary-Rep.,30,Traffic,20260829,0.727810650887574
Binary-Rep.,30,Traffic,20260830,0.7175141242937854
Binary-Rep.,30,Traffic,20260831,0.6586826347305389
Binary-Rep.,30,Traffic,20260832,0.6763005780346821
Binary-Rep.,30,Traffic,20260833,0.6609195402298851
Binary-Rep.,30,Traffic,20260834,0.7068965517241379
Binary-Rep.,30,Traffic,20260835,0.7241379310344828
Binary-Rep.,30,Traffic,20260836,0.672514619883041
Binary-Rep.,30,Traffic,20260837,0.6900584795321637
Binary-Rep.,30,Water,20260808,0.7045454545454546
Binary-Rep.,30,Water,20260809,0.7256637168141593
Binary-Rep.,30,Water,20260810,0.6996197718631179
Binary-Rep.,30,Water,20260811,0.7017543859649122
Binary-Rep.,30,Water,20260812,0.6960352422907489
Binary-Rep.,30,Water,20260813,0.7142857142857143
Binary-Rep.,30,Water,20260814,0.6908212560386473
Binary-Rep.,30,Water,20260815,0.6762295081967213
Binary-Rep.,30,Water,20260816,0.6995305164319249
Binary-Rep.,30,Water,20260817,0.732
Binary-Rep.,30,Water,20260818,0.7242798353909465
Binary-Rep.,30,Water,20260819,0.6183574879227053
Binary-Rep.,30,Water,20260820,0.6848249027237354
Binary-Rep.,30,Water,20260821,0.702928870292887
Binary-Rep.,30,Water,20260822,0.6904761904761905
Binary-Rep.,30,Water,20260823,0.7939914163090128
Binary-Rep.,30,Water,20260824,0.679324894514768
Binary-Rep.,30,Water,20260825,0.6485355648535565
Binary-Rep.,30,Water,20260826,0.7477876106194691
Binary-Rep.,30,Water,20260827,0.7170731707317073
Binary-Rep.,30,Water,20260828,0.6956521739130435
Binary-Rep.,30,Water,20260829,0.6625514403292181
Binary-Rep.,30,Water,20260830,0.7101449275362319
Binary-Rep.,30,Water,20260831,0.6854838709677419
Binary-Rep.,30,Water,20260832,0.7181818181818181
Binary-Rep.,30,Water,20260833,0.6730769230769231
Binary-Rep.,30,Water,20260834,0.7198443579766537
Binary-Rep.,30,Water,20260835,0.7478260869565218
Binary-Rep.,30,Water,20260836,0.6681222707423581
Binary-Rep.,30,Water,20260837,0.6846473029045643
Binary-Rep.,40,Climate,20260808,0.7042801556420234
Binary-Rep.,40,Climate,20260809,0.708171206225681
Binary-Rep.,40,Climate,20260810,0.7003891050583657
Binary-Rep.,40,Climate,20260811,0.6964980544747081
Binary-Rep.,40,Climate,20260812,0.6796875
Binary-Rep.,40,Climate,20260813,0.72265625
Binary-Rep.,40,Climate,20260814,0.6731517509727627
Binary-Rep.,40,Climate,20260815,0.7120622568093385
Binary-Rep.,40,Climate,20260816,0.688715953307393
Binary-Rep.,40,Climate,20260817,0.6549019607843137
Binary-Rep.,40,Climate,20260818,0.7058823529411765
Binary-Rep.,40,Climate,20260819,0.6653696498054474
Binary-Rep.,40,Climate,20260820,0.7470817120622568
Binary-Rep.,40,Climate,20260821,0.7237354085603113
Binary-Rep.,40,Climate,20260822,0.6745098039215687
Binary-Rep.,40,Climate,20260823,0.6811023622047244
Binary-Rep.,40,Climate,20260824,0.6964980544747081
Binary-Rep.,40,Climate,20260825,0.7058823529411765
Binary-Rep.,40,Climate,20260826,0.69140625
Binary-Rep.,40,Climate,20260827,0.6848249027237354
Binary-Rep.,40,Climate,20260828,0.6809338521400778
Binary-Rep.,40,Climate,20260829,0.6926070038910506
Binary-Rep.,40,Climate,20260830,0.66015625
Binary-Rep.,40,Climate,20260831,0.6852589641434262
Binary-Rep.,40,Climate,20260832,0.6875
Binary-Rep.,40,Climate,20260833,0.7392996108949417
Binary-Rep.,40,Climate,20260834,0.6719367588932806
Binary-Rep.,40,Climate,20260835,0.6926070038910506
Binary-Rep.,40,Climate,20260836,0.7176470588235294
Binary-Rep.,40,Climate,20260837,0.6941176470588235
Binary-Rep.,40,Traffic,20260808,0.6730769230769231
Binary-Rep.,40,Traffic,20260809,0.7251184834123223
Binary-Rep.,40,Traffic,20260810,0.7397260273972602
Binary-Rep.,40,Traffic,20260811,0.7183098591549296
Binary-Rep.,40,Traffic,20260812,0.7203791469194313
Binary-Rep.,40,Traffic,20260813,0.7352941176470589
Binary-Rep.,40,Traffic,20260814,0.6559633027522935
Binary-Rep.,40,Traffic,20260815,0.6338028169014085
Binary-Rep.,40,Traffic,20260816,0.6940639269406392
Binary-Rep.,40,Traffic,20260817,0.730593607305936
Binary-Rep.,40,Traffic,20260818,0.6525821596244131
Binary-Rep.,40,Traffic,20260819,0.6886792452830188
Binary-Rep.,40,Traffic,20260820,0.75
Binary-Rep.,40,Traffic,20260821,0.7327188940092166
Binary-Rep.,40,Traffic,20260822,0.7293577981651376
Binary-Rep.,40,Traffic,20260823,0.7264150943396226
Binary-Rep.,40,Traffic,20260824,0.7264150943396226
Binary-Rep.,40,Traffic,20260825,0.705607476635514
Binary-Rep.,40,Traffic,20260826,0.7293577981651376
Binary-Rep.,40,Traffic,20260827,0.7168949771689498
Binary-Rep.,40,Traffic,20260828,0.6820276497695853
Binary-Rep.,40,Traffic,20260829,0.6788990825688074
Binary-Rep.,40,Traffic,20260830,0.6863636363636364
Binary-Rep.,40,Traffic,20260831,0.7246376811594203
Binary-Rep.,40,Traffic,20260832,0.7162790697674418
Binary-Rep.,40,Traffic,20260833,0.7102803738317757
Binary-Rep.,40,Traffic,20260834,0.6542056074766355
Binary-Rep.,40,Traffic,20260835,0.6880733944954128
Binary-Rep.,40,Traffic,20260836,0.6712962962962963
Binary-Rep.,40,Traffic,20260837,0.6854460093896714
Binary-Rep.,40,Water,20260808,0.7410714285714286
Binary-Rep.,40,Water,20260809,0.7222222222222222
Binary-Rep.,40,Water,20260810,0.7091633466135459
Binary-Rep.,40,Water,20260811,0.6751054852320675
Binary-Rep.,40,Water,20260812,0.6919831223628692
Binary-Rep.,40,Water,20260813,0.7255813953488373
Binary-Rep.,40,Water,20260814,0.6936936936936937
Binary-Rep.,40,Water,20260815,0.6877637130801688
Binary-Rep.,40,Water,20260816,0.72
Binary-Rep.,40,Water,20260817,0.6506024096385542
Binary-Rep.,40,Water,20260818,0.7563025210084033
Binary-Rep.,40,Water,20260819,0.6960352422907489
Binary-Rep.,40,Water,20260820,0.7198443579766537
Binary-Rep.,40,Water,20260821,0.7081545064377682
Binary-Rep.,40,Water,20260822,0.6976744186046512
Binary-Rep.,40,Water,20260823,0.7564102564102564
Binary-Rep.,40,Water,20260824,0.6896551724137931
Binary-Rep.,40,Water,20260825,0.6609442060085837
Binary-Rep.,40,Water,20260826,0.7616822429906542
Binary-Rep.,40,Water,20260827,0.6995515695067265
Binary-Rep.,40,Water,20260828,0.678714859437751
Binary-Rep.,40,Water,20260829,0.6991869918699187
Binary-Rep.,40,Water,20260830,0.7083333333333334
Binary-Rep.,40,Water,20260831,0.6947791164658634
Binary-Rep.,40,Water,20260832,0.711864406779661
Binary-Rep.,40,Water,20260833,0.6978723404255319
Binary-Rep.,40,Water,20260834,0.6719367588932806
Binary-Rep.,40,Water,20260835,0.7074235807860262
Binary-Rep.,40,Water,20260836,0.675
Binary-Rep.,40,Water,20260837,0.6829268292682927
Binary-Rep.,50,Climate,20260808,0.6415094339622641
Binary-Rep.,50,Climate,20260809,0.7056603773584905
Binary-Rep.,50,Climate,20260810,0.704119850187266
Binary-Rep.,50,Climate,20260811,0.7142857142857143
Binary-Rep.,50,Climate,20260812,0.7218045112781954
Binary-Rep.,50,Climate,20260813,0.7089552238805971
Binary-Rep.,50,Climate,20260814,0.6928838951310862
Binary-Rep.,50,Climate,20260815,0.6966292134831461
Binary-Rep.,50,Climate,20260816,0.6704119850187266
Binary-Rep.,50,Climate,20260817,0.7388059701492538
Binary-Rep.,50,Climate,20260818,0.6455223880597015
Binary-Rep.,50,Climate,20260819,0.6741573033707865
Binary-Rep.,50,Climate,20260820,0.6641509433962264
Binary-Rep.,50,Climate,20260821,0.6528301886792452
Binary-Rep.,50,Climate,20260822,0.7653846153846153
Binary-Rep.,50,Climate,20260823,0.7424242424242424
Binary-Rep.,50,Climate,20260824,0.667910447761194
Binary-Rep.,50,Climate,20260825,0.7303370786516854
Binary-Rep.,50,Climate,20260826,0.7099236641221374
Binary-Rep.,50,Climate,20260827,0.7126865671641791
Binary-Rep.,50,Climate,20260828,0.6566037735849056
Binary-Rep.,50,Climate,20260829,0.7396226415094339
Binary-Rep.,50,Climate,20260830,0.7462121212121212
Binary-Rep.,50,Climate,20260831,0.7320754716981132
Binary-Rep.,50,Climate,20260832,0.6992481203007519
Binary-Rep.,50,Climate,20260833,0.7094339622641509
Binary-Rep.,50,Climate,20260834,0.7265917602996255
Binary-Rep.,50,Climate,20260835,0.752851711026616
Binary-Rep.,50,Climate,20260836,0.6853932584269663
Binary-Rep.,50,Climate,20260837,0.6867924528301886
Binary-Rep.,50,Traffic,20260808,0.6666666666666666
Binary-Rep.,50,Traffic,20260809,0.7077464788732394
Binary-Rep.,50,Traffic,20260810,0.7079037800687286
Binary-Rep.,50,Traffic,20260811,0.7127272727272728
Binary-Rep.,50,Traffic,20260812,0.7335766423357665
Binary-Rep.,50,Traffic,20260813,0.7167832167832168
Binary-Rep.,50,Traffic,20260814,0.6821428571428572
Binary-Rep.,50,Traffic,20260815,0.726643598615917
Binary-Rep.,50,Traffic,20260816,0.7361111111111112
Binary-Rep.,50,Traffic,20260817,0.6888111888111889
Binary-Rep.,50,Traffic,20260818,0.6925795053003534
Binary-Rep.,50,Traffic,20260819,0.696551724137931
Binary-Rep.,50,Traffic,20260820,0.6920289855072463
Binary-Rep.,50,Traffic,20260821,0.6914498141263941
Binary-Rep.,50,Traffic,20260822,0.7183098591549296
Binary-Rep.,50,Traffic,20260823,0.7473684210526316
Binary-Rep.,50,Traffic,20260824,0.7173144876325088
Binary-Rep.,50,Traffic,20260825,0.6901408450704225
Binary-Rep.,50,Traffic,20260826,0.7212543554006968
Binary-Rep.,50,Traffic,20260827,0.673469387755102
Binary-Rep.,50,Traffic,20260828,0.7
Binary-Rep.,50,Traffic,20260829,0.7307692307692307
Binary-Rep.,50,Traffic,20260830,0.7070707070707071
Binary-Rep.,50,Traffic,20260831,0.7013888888888888
Binary-Rep.,50,Traffic,20260832,0.6982456140350877
Binary-Rep.,50,Traffic,20260833,0.6535714285714286
Binary-Rep.,50,Traffic,20260834,0.6979166666666666
Binary-Rep.,50,Traffic,20260835,0.7117437722419929
Binary-Rep.,50,Traffic,20260836,0.7058823529411765
Binary-Rep.,50,Traffic,20260837,0.7318840579710145
Binary-Rep.,50,Water,20260808,0.7485714285714286
Binary-Rep.,50,Water,20260809,0.783068783068783
Binary-Rep.,50,Water,20260810,0.6938775510204082
Binary-Rep.,50,Water,20260811,0.7163461538461539
Binary-Rep.,50,Water,20260812,0.6827956989247311
Binary-Rep.,50,Water,20260813,0.7457627118644068
Binary-Rep.,50,Water,20260814,0.7081081081081081
Binary-Rep.,50,Water,20260815,0.7014925373134329
Binary-Rep.,50,Water,20260816,0.6988636363636364
Binary-Rep.,50,Water,20260817,0.7560975609756098
Binary-Rep.,50,Water,20260818,0.7166666666666667
Binary-Rep.,50,Water,20260819,0.6976744186046512
Binary-Rep.,50,Water,20260820,0.7857142857142857
Binary-Rep.,50,Water,20260821,0.7789473684210526
Binary-Rep.,50,Water,20260822,0.7333333333333333
Binary-Rep.,50,Water,20260823,0.7315789473684211
Binary-Rep.,50,Water,20260824,0.7474747474747475
Binary-Rep.,50,Water,20260825,0.680952380952381
Binary-Rep.,50,Water,20260826,0.7005649717514124
Binary-Rep.,50,Water,20260827,0.6704545454545454
Binary-Rep.,50,Water,20260828,0.6485148514851485
Binary-Rep.,50,Water,20260829,0.7801047120418848
Binary-Rep.,50,Water,20260830,0.7045454545454546
Binary-Rep.,50,Water,20260831,0.7319587628865979
Binary-Rep.,50,Water,20260832,0.7297297297297297
Binary-Rep.,50,Water,20260833,0.7017543859649122
Binary-Rep.,50,Water,20260834,0.7107843137254902
Binary-Rep.,50,Water,20260835,0.7046632124352331
Binary-Rep.,50,Water,20260836,0.743455497382199
Binary-Rep.,50,Water,20260837,0.7853658536585366
Binary-Rep.,60,Climate,20260808,0.7063492063492064
Binary-Rep.,60,Climate,20260809,0.7560975609756098
Binary-Rep.,60,Climate,20260810,0.7142857142857143
Binary-Rep.,60,Climate,20260811,0.7096774193548387
Binary-Rep.,60,Climate,20260812,0.76
Binary-Rep.,60,Climate,20260813,0.7047244094488189
Binary-Rep.,60,Climate,20260814,0.6926229508196722
Binary-Rep.,60,Climate,20260815,0.7448559670781894
Binary-Rep.,60,Climate,20260816,0.7520325203252033
Binary-Rep.,60,Climate,20260817,0.6944444444444444
Binary-Rep.,60,Climate,20260818,0.7408906882591093
Binary-Rep.,60,Climate,20260819,0.756
Binary-Rep.,60,Climate,20260820,0.7183673469387755
Binary-Rep.,60,Climate,20260821,0.7336065573770492
Binary-Rep.,60,Climate,20260822,0.748
Binary-Rep.,60,Climate,20260823,0.7377049180327869
Binary-Rep.,60,Climate,20260824,0.69140625
Binary-Rep.,60,Climate,20260825,0.7056451612903226
Binary-Rep.,60,Climate,20260826,0.7489539748953975
Binary-Rep.,60,Climate,20260827,0.6956521739130435
Binary-Rep.,60,Climate,20260828,0.7510204081632653
Binary-Rep.,60,Climate,20260829,0.7137096774193549
Binary-Rep.,60,Climate,20260830,0.7349397590361446
Binary-Rep.,60,Climate,20260831,0.6895161290322581
Binary-Rep.,60,Climate,20260832,0.7007874015748031
Binary-Rep.,60,Climate,20260833,0.7137096774193549
Binary-Rep.,60,Climate,20260834,0.7398373983739838
Binary-Rep.,60,Climate,20260835,0.764
Binary-Rep.,60,Climate,20260836,0.748
Binary-Rep.,60,Climate,20260837,0.7531380753138075
Binary-Rep.,60,Traffic,20260808,0.723404255319149
Binary-Rep.,60,Traffic,20260809,0.818815331010453
Binary-Rep.,60,Traffic,20260810,0.7109634551495017
Binary-Rep.,60,Traffic,20260811,0.7610294117647058
Binary-Rep.,60,Traffic,20260812,0.7758620689655172
Binary-Rep.,60,Traffic,20260813,0.759581881533101
Binary-Rep.,60,Traffic,20260814,0.7463768115942029
Binary-Rep.,60,Traffic,20260815,0.7226027397260274
Binary-Rep.,60,Traffic,20260816,0.7034700315457413
Binary-Rep.,60,Traffic,20260817,0.7679738562091504
Binary-Rep.,60,Traffic,20260818,0.7891156462585034
Binary-Rep.,60,Traffic,20260819,0.7566666666666667
Binary-Rep.,60,Traffic,20260820,0.7888888888888889
Binary-Rep.,60,Traffic,20260821,0.8172413793103448
Binary-Rep.,60,Traffic,20260822,0.8020833333333334
Binary-Rep.,60,Traffic,20260823,0.7573770491803279
Binary-Rep.,60,Traffic,20260824,0.7612456747404844
Binary-Rep.,60,Traffic,20260825,0.7559322033898305
Binary-Rep.,60,Traffic,20260826,0.7483443708609272
Binary-Rep.,60,Traffic,20260827,0.7810457516339869
Binary-Rep.,60,Traffic,20260828,0.7804878048780488
Binary-Rep.,60,Traffic,20260829,0.8188679245283019
Binary-Rep.,60,Traffic,20260830,0.7198697068403909
Binary-Rep.,60,Traffic,20260831,0.7659574468085106
Binary-Rep.,60,Traffic,20260832,0.7636986301369864
Binary-Rep.,60,Traffic,20260833,0.7202797202797203
Binary-Rep.,60,Traffic,20260834,0.7813620071684588
Binary-Rep.,60,Traffic,20260835,0.7602739726027398
Binary-Rep.,60,Traffic,20260836,0.7857142857142857
Binary-Rep.,60,Traffic,20260837,0.7842465753424658
Binary-Rep.,60,Water,20260808,0.8176100628930818
Binary-Rep.,60,Water,20260809,0.8125
Binary-Rep.,60,Water,20260810,0.8316831683168316
Binary-Rep.,60,Water,20260811,0.8215962441314554
Binary-Rep.,60,Water,20260812,0.8579234972677595
Binary-Rep.,60,Water,20260813,0.7900552486187845
Binary-Rep.,60,Water,20260814,0.8465608465608465
Binary-Rep.,60,Water,20260815,0.8308457711442786
Binary-Rep.,60,Water,20260816,0.8171428571428572
Binary-Rep.,60,Water,20260817,0.8394495412844036
Binary-Rep.,60,Water,20260818,0.9175257731958762
Binary-Rep.,60,Water,20260819,0.8435754189944135
Binary-Rep.,60,Water,20260820,0.8287037037037037
Binary-Rep.,60,Water,20260821,0.877906976744186
Binary-Rep.,60,Water,20260822,0.7724867724867724
Binary-Rep.,60,Water,20260823,0.8846153846153846
Binary-Rep.,60,Water,20260824,0.8167539267015707
Binary-Rep.,60,Water,20260825,0.6956521739130435
Binary-Rep.,60,Water,20260826,0.8470588235294118
Binary-Rep.,60,Water,20260827,0.8313253012048193
Binary-Rep.,60,Water,20260828,0.8324607329842932
Binary-Rep.,60,Water,20260829,0.8095238095238095
Binary-Rep.,60,Water,20260830,0.7487179487179487
Binary-Rep.,60,Water,20260831,0.8177083333333334
Binary-Rep.,60,Water,20260832,0.7151162790697675
Binary-Rep.,60,Water,20260833,0.8157894736842105
Binary-Rep.,60,Water,20260834,0.7547169811320755
Binary-Rep.,60,Water,20260835,0.8444444444444444
Binary-Rep.,60,Water,20260836,0.8662790697674418
Binary-Rep.,60,Water,20260837,0.8375634517766497
Binary-Rep.,70,Climate,20260808,0.7790697674418605
Binary-Rep.,70,Climate,20260809,0.7748091603053435
Binary-Rep.,70,Climate,20260810,0.7397769516728625
Binary-Rep.,70,Climate,20260811,0.7420634920634921
Binary-Rep.,70,Climate,20260812,0.7818930041152263
Binary-Rep.,70,Climate,20260813,0.76171875
Binary-Rep.,70,Climate,20260814,0.77431906614786
Binary-Rep.,70,Climate,20260815,0.7977099236641222
Binary-Rep.,70,Climate,20260816,0.7293233082706767
Binary-Rep.,70,Climate,20260817,0.7613636363636364
Binary-Rep.,70,Climate,20260818,0.7255639097744361
Binary-Rep.,70,Climate,20260819,0.7781954887218046
Binary-Rep.,70,Climate,20260820,0.7461538461538462
Binary-Rep.,70,Climate,20260821,0.754863813229572
Binary-Rep.,70,Climate,20260822,0.7463235294117647
Binary-Rep.,70,Climate,20260823,0.8007518796992481
Binary-Rep.,70,Climate,20260824,0.7601476014760148
Binary-Rep.,70,Climate,20260825,0.737037037037037
Binary-Rep.,70,Climate,20260826,0.7637795275590551
Binary-Rep.,70,Climate,20260827,0.7404580152671756
Binary-Rep.,70,Climate,20260828,0.7338403041825095
Binary-Rep.,70,Climate,20260829,0.7279693486590039
Binary-Rep.,70,Climate,20260830,0.7121771217712177
Binary-Rep.,70,Climate,20260831,0.7660377358490567
Binary-Rep.,70,Climate,20260832,0.7218045112781954
Binary-Rep.,70,Climate,20260833,0.7322834645669292
Binary-Rep.,70,Climate,20260834,0.7967479674796748
Binary-Rep.,70,Climate,20260835,0.75
Binary-Rep.,70,Climate,20260836,0.7509578544061303
Binary-Rep.,70,Climate,20260837,0.7782101167315175
Binary-Rep.,70,Traffic,20260808,0.8744769874476988
Binary-Rep.,70,Traffic,20260809,0.89272030651341
Binary-Rep.,70,Traffic,20260810,0.8581560283687943
Binary-Rep.,70,Traffic,20260811,0.9300411522633745
Binary-Rep.,70,Traffic,20260812,0.8911290322580645
Binary-Rep.,70,Traffic,20260813,0.8734693877551021
Binary-Rep.,70,Traffic,20260814,0.848605577689243
Binary-Rep.,70,Traffic,20260815,0.8264150943396227
Binary-Rep.,70,Traffic,20260816,0.8381294964028777
Binary-Rep.,70,Traffic,20260817,0.8555555555555555
Binary-Rep.,70,Traffic,20260818,0.8461538461538461
Binary-Rep.,70,Traffic,20260819,0.8517110266159695
Binary-Rep.,70,Traffic,20260820,0.8806584362139918
Binary-Rep.,70,Traffic,20260821,0.8503937007874016
Binary-Rep.,70,Traffic,20260822,0.9111111111111111
Binary-Rep.,70,Traffic,20260823,0.8787878787878788
Binary-Rep.,70,Traffic,20260824,0.912
Binary-Rep.,70,Traffic,20260825,0.900398406374502
Binary-Rep.,70,Traffic,20260826,0.8949416342412452
Binary-Rep.,70,Traffic,20260827,0.8535714285714285
Binary-Rep.,70,Traffic,20260828,0.8870967741935484
Binary-Rep.,70,Traffic,20260829,0.9190283400809717
Binary-Rep.,70,Traffic,20260830,0.8452830188679246
Binary-Rep.,70,Traffic,20260831,0.8744939271255061
Binary-Rep.,70,Traffic,20260832,0.8858267716535433
Binary-Rep.,70,Traffic,20260833,0.891213389121339
Binary-Rep.,70,Traffic,20260834,0.8849206349206349
Binary-Rep.,70,Traffic,20260835,0.8863636363636364
Binary-Rep.,70,Traffic,20260836,0.8825757575757576
Binary-Rep.,70,Traffic,20260837,0.8421052631578947
Binary-Rep.,70,Water,20260808,0.9326923076923077
Binary-Rep.,70,Water,20260809,0.905511811023622
Binary-Rep.,70,Water,20260810,0.9230769230769231
Binary-Rep.,70,Water,20260811,0.9259259259259259
Binary-Rep.,70,Water,20260812,0.9716981132075472
Binary-Rep.,70,Water,20260813,0.8888888888888888
Binary-Rep.,70,Water,20260814,0.9576271186440678
Binary-Rep.,70,Water,20260815,0.9338842975206612
Binary-Rep.,70,Water,20260816,0.9365079365079365
Binary-Rep.,70,Water,20260817,0.9586206896551724
Binary-Rep.,70,Water,20260818,0.9586206896551724
Binary-Rep.,70,Water,20260819,0.9051724137931034
Binary-Rep.,70,Water,20260820,0.951048951048951
Binary-Rep.,70,Water,20260821,0.959349593495935
Binary-Rep.,70,Water,20260822,0.9152542372881356
Binary-Rep.,70,Water,20260823,0.9829059829059829
Binary-Rep.,70,Water,20260824,0.9126984126984127
Binary-Rep.,70,Water,20260825,0.7803030303030303
Binary-Rep.,70,Water,20260826,0.9702970297029703
Binary-Rep.,70,Water,20260827,0.9727272727272728
Binary-Rep.,70,Water,20260828,0.9185185185185185
Binary-Rep.,70,Water,20260829,0.8790322580645161
Binary-Rep.,70,Water,20260830,0.8796296296296297
Binary-Rep.,70,Water,20260831,0.9185185185185185
Binary-Rep.,70,Water,20260832,0.8421052631578947
Binary-Rep.,70,Water,20260833,0.91
Binary-Rep.,70,Water,20260834,0.8174603174603174
Binary-Rep.,70,Water,20260835,0.975609756097561
Binary-Rep.,70,Water,20260836,0.9663865546218487
Binary-Rep.,70,Water,20260837,0.9197080291970803
Binary-Rep.,80,Climate,20260808,0.8483412322274881
Binary-Rep.,80,Climate,20260809,0.8136363636363636
Binary-Rep.,80,Climate,20260810,0.8211009174311926
Binary-Rep.,80,Climate,20260811,0.8416289592760181
Binary-Rep.,80,Climate,20260812,0.8557213930348259
Binary-Rep.,80,Climate,20260813,0.8093023255813954
Binary-Rep.,80,Climate,20260814,0.8502202643171806
Binary-Rep.,80,Climate,20260815,0.8374384236453202
Binary-Rep.,80,Climate,20260816,0.8209606986899564
Binary-Rep.,80,Climate,20260817,0.8185840707964602
Binary-Rep.,80,Climate,20260818,0.8235294117647058
Binary-Rep.,80,Climate,20260819,0.8122270742358079
Binary-Rep.,80,Climate,20260820,0.8207547169811321
Binary-Rep.,80,Climate,20260821,0.8820754716981132
Binary-Rep.,80,Climate,20260822,0.8080357142857143
Binary-Rep.,80,Climate,20260823,0.8691588785046729
Binary-Rep.,80,Climate,20260824,0.8589743589743589
Binary-Rep.,80,Climate,20260825,0.7892376681614349
Binary-Rep.,80,Climate,20260826,0.8341013824884793
Binary-Rep.,80,Climate,20260827,0.827906976744186
Binary-Rep.,80,Climate,20260828,0.8379629629629629
Binary-Rep.,80,Climate,20260829,0.8529411764705882
Binary-Rep.,80,Climate,20260830,0.8268398268398268
Binary-Rep.,80,Climate,20260831,0.8018433179723502
Binary-Rep.,80,Climate,20260832,0.8169642857142857
Binary-Rep.,80,Climate,20260833,0.8720379146919431
Binary-Rep.,80,Climate,20260834,0.8867924528301887
Binary-Rep.,80,Climate,20260835,0.7937219730941704
Binary-Rep.,80,Climate,20260836,0.8285714285714286
Binary-Rep.,80,Climate,20260837,0.880184331797235
Binary-Rep.,80,Traffic,20260808,0.9736842105263158
Binary-Rep.,80,Traffic,20260809,0.9553571428571429
Binary-Rep.,80,Traffic,20260810,0.9476190476190476
Binary-Rep.,80,Traffic,20260811,0.9945054945054945
Binary-Rep.,80,Traffic,20260812,0.9609756097560975
Binary-Rep.,80,Traffic,20260813,0.9795918367346939
Binary-Rep.,80,Traffic,20260814,0.9198113207547169
Binary-Rep.,80,Traffic,20260815,0.9441624365482234
Binary-Rep.,80,Traffic,20260816,0.9655172413793104
Binary-Rep.,80,Traffic,20260817,0.9565217391304348
Binary-Rep.,80,Traffic,20260818,0.9854368932038835
Binary-Rep.,80,Traffic,20260819,0.985
Binary-Rep.,80,Traffic,20260820,0.9552238805970149
Binary-Rep.,80,Traffic,20260821,0.9547738693467337
Binary-Rep.,80,Traffic,20260822,0.9560975609756097
Binary-Rep.,80,Traffic,20260823,0.9626168224299065
Binary-Rep.,80,Traffic,20260824,0.9389671361502347
Binary-Rep.,80,Traffic,20260825,0.9514563106796117
Binary-Rep.,80,Traffic,20260826,0.9767441860465116
Binary-Rep.,80,Traffic,20260827,0.9375
Binary-Rep.,80,Traffic,20260828,0.9797979797979798
Binary-Rep.,80,Traffic,20260829,0.9671361502347418
Binary-Rep.,80,Traffic,20260830,0.9504504504504504
Binary-Rep.,80,Traffic,20260831,0.9805825242718447
Binary-Rep.,80,Traffic,20260832,0.985
Binary-Rep.,80,Traffic,20260833,0.9842931937172775
Binary-Rep.,80,Traffic,20260834,0.9758454106280193
Binary-Rep.,80,Traffic,20260835,0.9359605911330049
Binary-Rep.,80,Traffic,20260836,0.9506726457399103
Binary-Rep.,80,Traffic,20260837,0.9383886255924171
Binary-Rep.,80,Water,20260808,0.9901960784313726
Binary-Rep.,80,Water,20260809,0.9464285714285714
Binary-Rep.,80,Water,20260810,0.9918032786885246
Binary-Rep.,80,Water,20260811,0.9829059829059829
Binary-Rep.,80,Water,20260812,1.0
Binary-Rep.,80,Water,20260813,0.9083333333333333
Binary-Rep.,80,Water,20260814,0.9906542056074766
Binary-Rep.,80,Water,20260815,1.0
Binary-Rep.,80,Water,20260816,1.0
Binary-Rep.,80,Water,20260817,0.9594594594594594
Binary-Rep.,80,Water,20260818,1.0
Binary-Rep.,80,Water,20260819,0.9702970297029703
Binary-Rep.,80,Water,20260820,0.9629629629629629
Binary-Rep.,80,Water,20260821,0.9831932773109243
Binary-Rep.,80,Water,20260822,0.9285714285714286
Binary-Rep.,80,Water,20260823,0.9920634920634921
Binary-Rep.,80,Water,20260824,1.0
Binary-Rep.,80,Water,20260825,0.9385964912280702
Binary-Rep.,80,Water,20260826,0.9908256880733946
Binary-Rep.,80,Water,20260827,1.0
Binary-Rep.,80,Water,20260828,0.9464285714285714
Binary-Rep.,80,Water,20260829,0.9292035398230089
Binary-Rep.,80,Water,20260830,0.9915254237288136
Binary-Rep.,80,Water,20260831,0.976
Binary-Rep.,80,Water,20260832,0.9393939393939394
Binary-Rep.,80,Water,20260833,0.9901960784313726
Binary-Rep.,80,Water,20260834,0.943089430894309
Binary-Rep.,80,Water,20260835,0.9847328244274809
Binary-Rep.,80,Water,20260836,0.981651376146789
Binary-Rep.,80,Water,20260837,0.953125
Binary-Rep.,90,Climate,20260808,0.9353233830845771
Binary-Rep.,90,Climate,20260809,0.9365079365079365
Binary-Rep.,90,Climate,20260810,0.9132653061224489
Binary-Rep.,90,Climate,20260811,0.8963730569948186
Binary-Rep.,90,Climate,20260812,0.93048128342246
Binary-Rep.,90,Climate,20260813,0.9166666666666666
Binary-Rep.,90,Climate,20260814,0.8909952606635071
Binary-Rep.,90,Climate,20260815,0.9343434343434344
Binary-Rep.,90,Climate,20260816,0.8894472361809045
Binary-Rep.,90,Climate,20260817,0.9095477386934674
Binary-Rep.,90,Climate,20260818,0.8817733990147784
Binary-Rep.,90,Climate,20260819,0.9064039408866995
Binary-Rep.,90,Climate,20260820,0.9162303664921466
Binary-Rep.,90,Climate,20260821,0.915
Binary-Rep.,90,Climate,20260822,0.8917525773195877
Binary-Rep.,90,Climate,20260823,0.895
Binary-Rep.,90,Climate,20260824,0.8571428571428571
Binary-Rep.,90,Climate,20260825,0.9067357512953368
Binary-Rep.,90,Climate,20260826,0.8823529411764706
Binary-Rep.,90,Climate,20260827,0.9183673469387755
Binary-Rep.,90,Climate,20260828,0.9526315789473684
Binary-Rep.,90,Climate,20260829,0.9141414141414141
Binary-Rep.,90,Climate,20260830,0.8387096774193549
Binary-Rep.,90,Climate,20260831,0.89
Binary-Rep.,90,Climate,20260832,0.9104477611940298
Binary-Rep.,90,Climate,20260833,0.9444444444444444
Binary-Rep.,90,Climate,20260834,0.9322033898305084
Binary-Rep.,90,Climate,20260835,0.9045226130653267
Binary-Rep.,90,Climate,20260836,0.882051282051282
Binary-Rep.,90,Climate,20260837,0.9427083333333334
Binary-Rep.,90,Traffic,20260808,0.9822485207100592
Binary-Rep.,90,Traffic,20260809,0.994475138121547
Binary-Rep.,90,Traffic,20260810,0.9763313609467456
Binary-Rep.,90,Traffic,20260811,0.9937888198757764
Binary-Rep.,90,Traffic,20260812,0.994535519125683
Binary-Rep.,90,Traffic,20260813,1.0
Binary-Rep.,90,Traffic,20260814,0.9760479041916168
Binary-Rep.,90,Traffic,20260815,0.9779005524861878
Binary-Rep.,90,Traffic,20260816,0.9611111111111111
Binary-Rep.,90,Traffic,20260817,0.967741935483871
Binary-Rep.,90,Traffic,20260818,0.9942857142857143
Binary-Rep.,90,Traffic,20260819,1.0
Binary-Rep.,90,Traffic,20260820,0.9717514124293786
Binary-Rep.,90,Traffic,20260821,1.0
Binary-Rep.,90,Traffic,20260822,0.976878612716763
Binary-Rep.,90,Traffic,20260823,0.9941860465116279
Binary-Rep.,90,Traffic,20260824,0.9939759036144579
Binary-Rep.,90,Traffic,20260825,0.9717514124293786
Binary-Rep.,90,Traffic,20260826,0.9888888888888889
Binary-Rep.,90,Traffic,20260827,0.9944444444444445
Binary-Rep.,90,Traffic,20260828,0.9835164835164835
Binary-Rep.,90,Traffic,20260829,1.0
Binary-Rep.,90,Traffic,20260830,0.9943181818181818
Binary-Rep.,90,Traffic,20260831,0.9885057471264368
Binary-Rep.,90,Traffic,20260832,1.0
Binary-Rep.,90,Traffic,20260833,1.0
Binary-Rep.,90,Traffic,20260834,0.988950276243094
Binary-Rep.,90,Traffic,20260835,0.9719101123595506
Binary-Rep.,90,Traffic,20260836,0.9943820224719101
Binary-Rep.,90,Traffic,20260837,1.0
Binary-Rep.,90,Water,20260808,1.0
Binary-Rep.,90,Water,20260809,0.9669421487603306
Binary-Rep.,90,Water,20260810,0.9846153846153847
Binary-Rep.,90,Water,20260811,1.0
Binary-Rep.,90,Water,20260812,1.0
Binary-Rep.,90,Water,20260813,0.9829059829059829
Binary-Rep.,90,Water,20260814,1.0
Binary-Rep.,90,Water,20260815,1.0
Binary-Rep.,90,Water,20260816,1.0
Binary-Rep.,90,Water,20260817,1.0
Binary-Rep.,90,Water,20260818,1.0
Binary-Rep.,90,Water,20260819,1.0
Binary-Rep.,90,Water,20260820,1.0
Binary-Rep.,90,Water,20260821,1.0
Binary-Rep.,90,Water,20260822,0.9921875
Binary-Rep.,90,Water,20260823,0.984251968503937
Binary-Rep.,90,Water,20260824,0.984251968503937
Binary-Rep.,90,Water,20260825,0.9699248120300752
Binary-Rep.,90,Water,20260826,1.0
Binary-Rep.,90,Water,20260827,1.0
Binary-Rep.,90,Water,20260828,0.9913793103448276
Binary-Rep.,90,Water,20260829,0.963302752293578
Binary-Rep.,90,Water,20260830,1.0
Binary-Rep.,90,Water,20260831,1.0
Binary-Rep.,90,Water,20260832,0.9906542056074766
Binary-Rep.,90,Water,20260833,1.0
Binary-Rep.,90,Water,20260834,0.9921875
Binary-Rep.,90,Water,20260835,1.0
Binary-Rep.,90,Water,20260836,1.0
Binary-Rep.,90,Water,20260837,1.0
Binary-Rep.,100,Climate,20260808,1.0
Binary-Rep.,100,Climate,20260809,0.9902439024390244
Binary-Rep.,100,Climate,20260810,0.9692307692307692
Binary-Rep.,100,Climate,20260811,0.9560975609756097
Binary-Rep.,100,Climate,20260812,0.9949748743718593
Binary-Rep.,100,Climate,20260813,0.9428571428571428
Binary-Rep.,100,Climate,20260814,0.9061032863849765
Binary-Rep.,100,Climate,20260815,0.9635416666666666
Binary-Rep.,100,Climate,20260816,0.9433962264150944
Binary-Rep.,100,Climate,20260817,0.9552238805970149
Binary-Rep.,100,Climate,20260818,0.9302325581395349
Binary-Rep.,100,Climate,20260819,0.9583333333333334
Binary-Rep.,100,Climate,20260820,0.9651741293532339
Binary-Rep.,100,Climate,20260821,0.9563106796116505
Binary-Rep.,100,Climate,20260822,0.9313725490196079
Binary-Rep.,100,Climate,20260823,0.9732620320855615
Binary-Rep.,100,Climate,20260824,0.9150943396226415
Binary-Rep.,100,Climate,20260825,0.9556650246305419
Binary-Rep.,100,Climate,20260826,0.92
Binary-Rep.,100,Climate,20260827,0.9466019417475728
Binary-Rep.,100,Climate,20260828,0.9947643979057592
Binary-Rep.,100,Climate,20260829,0.9455445544554455
Binary-Rep.,100,Climate,20260830,0.9507389162561576
Binary-Rep.,100,Climate,20260831,0.975
Binary-Rep.,100,Climate,20260832,0.975
Binary-Rep.,100,Climate,20260833,0.966183574879227
Binary-Rep.,100,Climate,20260834,0.9720930232558139
Binary-Rep.,100,Climate,20260835,0.96875
Binary-Rep.,100,Climate,20260836,0.95
Binary-Rep.,100,Climate,20260837,0.9523809523809523
Binary-Rep.,100,Traffic,20260808,1.0
Binary-Rep.,100,Traffic,20260809,0.9896373056994818
Binary-Rep.,100,Traffic,20260810,1.0
Binary-Rep.,100,Traffic,20260811,1.0
Binary-Rep.,100,Traffic,20260812,0.9897959183673469
Binary-Rep.,100,Traffic,20260813,1.0
Binary-Rep.,100,Traffic,20260814,1.0
Binary-Rep.,100,Traffic,20260815,0.9952380952380953
Binary-Rep.,100,Traffic,20260816,0.98
Binary-Rep.,100,Traffic,20260817,0.9798994974874372
Binary-Rep.,100,Traffic,20260818,1.0
Binary-Rep.,100,Traffic,20260819,1.0
Binary-Rep.,100,Traffic,20260820,0.9890710382513661
Binary-Rep.,100,Traffic,20260821,1.0
Binary-Rep.,100,Traffic,20260822,0.9947368421052631
Binary-Rep.,100,Traffic,20260823,0.9850746268656716
Binary-Rep.,100,Traffic,20260824,0.9851485148514851
Binary-Rep.,100,Traffic,20260825,1.0
Binary-Rep.,100,Traffic,20260826,1.0
Binary-Rep.,100,Traffic,20260827,1.0
Binary-Rep.,100,Traffic,20260828,1.0
Binary-Rep.,100,Traffic,20260829,1.0
Binary-Rep.,100,Traffic,20260830,0.9950738916256158
Binary-Rep.,100,Traffic,20260831,1.0
Binary-Rep.,100,Traffic,20260832,1.0
Binary-Rep.,100,Traffic,20260833,1.0
Binary-Rep.,100,Traffic,20260834,1.0
Binary-Rep.,100,Traffic,20260835,0.98
Binary-Rep.,100,Traffic,20260836,1.0
Binary-Rep.,100,Traffic,20260837,1.0
Binary-Rep.,100,Water,20260808,1.0
Binary-Rep.,100,Water,20260809,1.0
Binary-Rep.,100,Water,20260810,1.0
Binary-Rep.,100,Water,20260811,1.0
Binary-Rep.,100,Water,20260812,1.0
Binary-Rep.,100,Water,20260813,1.0
Binary-Rep.,100,Water,20260814,1.0
Binary-Rep.,100,Water,20260815,1.0
Binary-Rep.,100,Water,20260816,1.0
Binary-Rep.,100,Water,20260817,1.0
Binary-Rep.,100,Water,20260818,1.0
Binary-Rep.,100,Water,20260819,1.0
Binary-Rep.,100,Water,20260820,1.0
Binary-Rep.,100,Water,20260821,1.0
Binary-Rep.,100,Water,20260822,1.0
Binary-Rep.,100,Water,20260823,1.0
Binary-Rep.,100,Water,20260824,0.9901960784313726
Binary-Rep.,100,Water,20260825,1.0
Binary-Rep.,100,Water,20260826,1.0
Binary-Rep.,100,Water,20260827,1.0
Binary-Rep.,100,Water,20260828,0.9789473684210527
Binary-Rep.,100,Water,20260829,1.0
Binary-Rep.,100,Water,20260830,1.0
Binary-Rep.,100,Water,20260831,1.0
Binary-Rep.,100,Water,20260832,1.0
Binary-Rep.,100,Water,20260833,1.0
Binary-Rep.,100,Water,20260834,0.9900990099009901
Binary-Rep.,100,Water,20260835,1.0
Binary-Rep.,100,Water,20260836,1.0
Binary-Rep.,100,Water,20260837,1.0
Full,10,Climate,20260808,0.8461538461538461
Full,10,Climate,20260809,0.7619047619047619
Full,10,Climate,20260810,0.7777777777777778
Full,10,Climate,20260811,0.6382978723404256
Full,10,Climate,20260812,0.8378378378378378
Full,10,Climate,20260813,0.5555555555555556
Full,10,Climate,20260814,0.6333333333333333
Full,10,Climate,20260815,0.7407407407407407
Full,10,Climate,20260816,0.6037735849056604
Full,10,Climate,20260817,0.8292682926829268
Full,10,Climate,20260818,0.6904761904761905
Full,10,Climate,20260819,0.6545454545454545
Full,10,Climate,20260820,0.6792452830188679
Full,10,Climate,20260821,0.65
Full,10,Climate,20260822,0.6612903225806451
Full,10,Climate,20260823,0.6041666666666666
Full,10,Climate,20260824,0.6363636363636364
Full,10,Climate,20260825,0.6909090909090909
Full,10,Climate,20260826,0.6590909090909091
Full,10,Climate,20260827,0.6617647058823529
Full,10,Climate,20260828,0.7209302325581395
Full,10,Climate,20260829,0.7727272727272727
Full,10,Climate,20260830,0.803921568627451
Full,10,Climate,20260831,0.7560975609756098
Full,10,Climate,20260832,0.6491228070175439
Full,10,Climate,20260833,0.6666666666666666
Full,10,Climate,20260834,0.6896551724137931
Full,10,Climate,20260835,0.6896551724137931
Full,10,Climate,20260836,0.8524590163934426
Full,10,Climate,20260837,0.7272727272727273
Full,10,Traffic,20260808,0.5161290322580645
Full,10,Traffic,20260809,0.8181818181818182
Full,10,Traffic,20260810,0.7719298245614035
Full,10,Traffic,20260811,0.6739130434782609
Full,10,Traffic,20260812,0.8148148148148148
Full,10,Traffic,20260813,0.7592592592592593
Full,10,Traffic,20260814,0.8157894736842105
Full,10,Traffic,20260815,0.5483870967741935
Full,10,Traffic,20260816,0.8360655737704918
Full,10,Traffic,20260817,0.8571428571428571
Full,10,Traffic,20260818,0.8157894736842105
Full,10,Traffic,20260819,0.5813953488372093
Full,10,Traffic,20260820,0.6111111111111112
Full,10,Traffic,20260821,0.7241379310344828
Full,10,Traffic,20260822,0.6428571428571429
Full,10,Traffic,20260823,0.6
Full,10,Traffic,20260824,0.7058823529411765
Full,10,Traffic,20260825,0.6470588235294118
Full,10,Traffic,20260826,0.76
Full,10,Traffic,20260827,0.8095238095238095
Full,10,Traffic,20260828,0.7073170731707317
Full,10,Traffic,20260829,0.7111111111111111
Full,10,Traffic,20260830,0.5490196078431373
Full,10,Traffic,20260831,0.625
Full,10,Traffic,20260832,0.6274509803921569
Full,10,Traffic,20260833,0.6956521739130435
Full,10,Traffic,20260834,0.8
Full,10,Traffic,20260835,0.5555555555555556
Full,10,Traffic,20260836,0.5853658536585366
Full,10,Traffic,20260837,0.7551020408163265
Full,10,Water,20260808,0.8333333333333334
Full,10,Water,20260809,0.2857142857142857
Full,10,Water,20260810,0.45
Full,10,Water,20260811,0.6875
Full,10,Water,20260812,0.7272727272727273
Full,10,Water,20260813,0.2857142857142857
Full,10,Water,20260814,0.8888888888888888
Full,10,Water,20260815,0.5
Full,10,Water,20260816,0.7777777777777778
Full,10,Water,20260817,0.7894736842105263
Full,10,Water,20260818,0.6666666666666666
Full,10,Water,20260819,0.2222222222222222
Full,10,Water,20260820,0.8636363636363636
Full,10,Water,20260821,1.0
Full,10,Water,20260822,1.0
Full,10,Water,20260823,0.9130434782608695
Full,10,Water,20260824,0.7058823529411765
Full,10,Water,20260825,0.7272727272727273
Full,10,Water,20260826,0.6363636363636364
Full,10,Water,20260827,0.7142857142857143
Full,10,Water,20260828,1.0
Full,10,Water,20260829,0.8571428571428571
Full,10,Water,20260830,0.42857142857142855
Full,10,Water,20260831,0.5
Full,10,Water,20260832,0.7
Full,10,Water,20260833,0.8571428571428571
Full,10,Water,20260834,0.5238095238095238
Full,10,Water,20260835,0.5
Full,10,Water,20260836,0.8888888888888888
Full,10,Water,20260837,0.875
Full,20,Climate,20260808,0.725925925925926
Full,20,Climate,20260809,0.6363636363636364
Full,20,Climate,20260810,0.7727272727272727
Full,20,Climate,20260811,0.7121212121212122
Full,20,Climate,20260812,0.7952755905511811
Full,20,Climate,20260813,0.5950413223140496
Full,20,Climate,20260814,0.6567164179104478
Full,20,Climate,20260815,0.7352941176470589
Full,20,Climate,20260816,0.6015037593984962
Full,20,Climate,20260817,0.7686567164179104
Full,20,Climate,20260818,0.7463768115942029
Full,20,Climate,20260819,0.7709923664122137
Full,20,Climate,20260820,0.6962962962962963
Full,20,Climate,20260821,0.6746031746031746
Full,20,Climate,20260822,0.7443609022556391
Full,20,Climate,20260823,0.6015037593984962
Full,20,Climate,20260824,0.6950354609929078
Full,20,Climate,20260825,0.7218045112781954
Full,20,Climate,20260826,0.7407407407407407
Full,20,Climate,20260827,0.6691729323308271
Full,20,Climate,20260828,0.75
Full,20,Climate,20260829,0.8074074074074075
Full,20,Climate,20260830,0.8046875
Full,20,Climate,20260831,0.7751937984496124
Full,20,Climate,20260832,0.7266187050359713
Full,20,Climate,20260833,0.6564885496183206
Full,20,Climate,20260834,0.6956521739130435
Full,20,Climate,20260835,0.6811594202898551
Full,20,Climate,20260836,0.7593984962406015
Full,20,Climate,20260837,0.664179104477612
Full,20,Traffic,20260808,0.6615384615384615
Full,20,Traffic,20260809,0.7222222222222222
Full,20,Traffic,20260810,0.7236842105263158
Full,20,Traffic,20260811,0.7794117647058824
Full,20,Traffic,20260812,0.7142857142857143
Full,20,Traffic,20260813,0.6620689655172414
Full,20,Traffic,20260814,0.7449664429530202
Full,20,Traffic,20260815,0.7096774193548387
Full,20,Traffic,20260816,0.7194244604316546
Full,20,Traffic,20260817,0.7430555555555556
Full,20,Traffic,20260818,0.6971830985915493
Full,20,Traffic,20260819,0.7103448275862069
Full,20,Traffic,20260820,0.6482758620689655
Full,20,Traffic,20260821,0.6717557251908397
Full,20,Traffic,20260822,0.6621621621621622
Full,20,Traffic,20260823,0.6666666666666666
Full,20,Traffic,20260824,0.7131782945736435
Full,20,Traffic,20260825,0.6766917293233082
Full,20,Traffic,20260826,0.7062937062937062
Full,20,Traffic,20260827,0.7
Full,20,Traffic,20260828,0.762962962962963
Full,20,Traffic,20260829,0.7315436241610739
Full,20,Traffic,20260830,0.6597222222222222
Full,20,Traffic,20260831,0.6967213114754098
Full,20,Traffic,20260832,0.7205882352941176
Full,20,Traffic,20260833,0.7021276595744681
Full,20,Traffic,20260834,0.7535211267605634
Full,20,Traffic,20260835,0.5855263157894737
Full,20,Traffic,20260836,0.6159420289855072
Full,20,Traffic,20260837,0.6319444444444444
Full,20,Water,20260808,0.8095238095238095
Full,20,Water,20260809,0.6037735849056604
Full,20,Water,20260810,0.6933333333333334
Full,20,Water,20260811,0.6626506024096386
Full,20,Water,20260812,0.7352941176470589
Full,20,Water,20260813,0.7384615384615385
Full,20,Water,20260814,0.821917808219178
Full,20,Water,20260815,0.68
Full,20,Water,20260816,0.765625
Full,20,Water,20260817,0.6410256410256411
Full,20,Water,20260818,0.7671232876712328
Full,20,Water,20260819,0.6212121212121212
Full,20,Water,20260820,0.7529411764705882
Full,20,Water,20260821,0.8108108108108109
Full,20,Water,20260822,0.7
Full,20,Water,20260823,0.855072463768116
Full,20,Water,20260824,0.6212121212121212
Full,20,Water,20260825,0.6231884057971014
Full,20,Water,20260826,0.7121212121212122
Full,20,Water,20260827,0.6153846153846154
Full,20,Water,20260828,0.7846153846153846
Full,20,Water,20260829,0.631578947368421
Full,20,Water,20260830,0.7678571428571429
Full,20,Water,20260831,0.6949152542372882
Full,20,Water,20260832,0.7777777777777778
Full,20,Water,20260833,0.7454545454545455
Full,20,Water,20260834,0.6875
Full,20,Water,20260835,0.6666666666666666
Full,20,Water,20260836,0.8225806451612904
Full,20,Water,20260837,0.7564102564102564
Full,30,Climate,20260808,0.7004608294930875
Full,30,Climate,20260809,0.663594470046083
Full,30,Climate,20260810,0.6604651162790698
Full,30,Climate,20260811,0.7431192660550459
Full,30,Climate,20260812,0.7102803738317757
Full,30,Climate,20260813,0.6944444444444444
Full,30,Climate,20260814,0.7004608294930875
Full,30,Climate,20260815,0.7110091743119266
Full,30,Climate,20260816,0.7397260273972602
Full,30,Climate,20260817,0.6869158878504673
Full,30,Climate,20260818,0.663594470046083
Full,30,Climate,20260819,0.6682242990654206
Full,30,Climate,20260820,0.7465437788018433
Full,30,Climate,20260821,0.7235023041474654
Full,30,Climate,20260822,0.6759259259259259
Full,30,Climate,20260823,0.6682027649769585
Full,30,Climate,20260824,0.6651376146788991
Full,30,Climate,20260825,0.6990740740740741
Full,30,Climate,20260826,0.7142857142857143
Full,30,Climate,20260827,0.7568807339449541
Full,30,Climate,20260828,0.7188940092165899
Full,30,Climate,20260829,0.726027397260274
Full,30,Climate,20260830,0.6009174311926605
Full,30,Climate,20260831,0.6666666666666666
Full,30,Climate,20260832,0.7069767441860465
Full,30,Climate,20260833,0.7209302325581395
Full,30,Climate,20260834,0.7214611872146118
Full,30,Climate,20260835,0.6712328767123288
Full,30,Climate,20260836,0.6604651162790698
Full,30,Climate,20260837,0.680365296803653
Full,30,Traffic,20260808,0.7168674698795181
Full,30,Traffic,20260809,0.7192982456140351
Full,30,Traffic,20260810,0.6759776536312849
Full,30,Traffic,20260811,0.7245508982035929
Full,30,Traffic,20260812,0.6706586826347305
Full,30,Traffic,20260813,0.6878612716763006
Full,30,Traffic,20260814,0.7272727272727273
Full,30,Traffic,20260815,0.696969696969697
Full,30,Traffic,20260816,0.6983240223463687
Full,30,Traffic,20260817,0.6744186046511628
Full,30,Traffic,20260818,0.7344632768361582
Full,30,Traffic,20260819,0.6491228070175439
Full,30,Traffic,20260820,0.6964285714285714
Full,30,Traffic,20260821,0.76
Full,30,Traffic,20260822,0.6802325581395349
Full,30,Traffic,20260823,0.7045454545454546
Full,30,Traffic,20260824,0.6964285714285714
Full,30,Traffic,20260825,0.7058823529411765
Full,30,Traffic,20260826,0.6666666666666666
Full,30,Traffic,20260827,0.6927374301675978
Full,30,Traffic,20260828,0.7125748502994012
Full,30,Traffic,20260829,0.727810650887574
Full,30,Traffic,20260830,0.7175141242937854
Full,30,Traffic,20260831,0.6627218934911243
Full,30,Traffic,20260832,0.6763005780346821
Full,30,Traffic,20260833,0.6609195402298851
Full,30,Traffic,20260834,0.7068965517241379
Full,30,Traffic,20260835,0.7241379310344828
Full,30,Traffic,20260836,0.6802325581395349
Full,30,Traffic,20260837,0.6900584795321637
Full,30,Water,20260808,0.7111111111111111
Full,30,Water,20260809,0.7280701754385965
Full,30,Water,20260810,0.6943396226415094
Full,30,Water,20260811,0.7046413502109705
Full,30,Water,20260812,0.7081545064377682
Full,30,Water,20260813,0.7458333333333333
Full,30,Water,20260814,0.6724890829694323
Full,30,Water,20260815,0.680327868852459
Full,30,Water,20260816,0.7004405286343612
Full,30,Water,20260817,0.72
Full,30,Water,20260818,0.7154471544715447
Full,30,Water,20260819,0.6161137440758294
Full,30,Water,20260820,0.6666666666666666
Full,30,Water,20260821,0.7041666666666667
Full,30,Water,20260822,0.6772727272727272
Full,30,Water,20260823,0.7755102040816326
Full,30,Water,20260824,0.6846473029045643
Full,30,Water,20260825,0.6485355648535565
Full,30,Water,20260826,0.7245762711864406
Full,30,Water,20260827,0.7177033492822966
Full,30,Water,20260828,0.6964980544747081
Full,30,Water,20260829,0.6680161943319838
Full,30,Water,20260830,0.7030567685589519
Full,30,Water,20260831,0.67578125
Full,30,Water,20260832,0.7074235807860262
Full,30,Water,20260833,0.6832579185520362
Full,30,Water,20260834,0.7224334600760456
Full,30,Water,20260835,0.7510729613733905
Full,30,Water,20260836,0.6767241379310345
Full,30,Water,20260837,0.6846473029045643
Full,40,Climate,20260808,0.7042801556420234
Full,40,Climate,20260809,0.708171206225681
Full,40,Climate,20260810,0.7003891050583657
Full,40,Climate,20260811,0.6964980544747081
Full,40,Climate,20260812,0.6796875
Full,40,Climate,20260813,0.72265625
Full,40,Climate,20260814,0.6731517509727627
Full,40,Climate,20260815,0.7120622568093385
Full,40,Climate,20260816,0.688715953307393
Full,40,Climate,20260817,0.6549019607843137
Full,40,Climate,20260818,0.7058823529411765
Full,40,Climate,20260819,0.6653696498054474
Full,40,Climate,20260820,0.7470817120622568
Full,40,Climate,20260821,0.7237354085603113
Full,40,Climate,20260822,0.6745098039215687
Full,40,Climate,20260823,0.6811023622047244
Full,40,Climate,20260824,0.6964980544747081
Full,40,Climate,20260825,0.7058823529411765
Full,40,Climate,20260826,0.69140625
Full,40,Climate,20260827,0.6848249027237354
Full,40,Climate,20260828,0.6809338521400778
Full,40,Climate,20260829,0.6926070038910506
Full,40,Climate,20260830,0.6614785992217899
Full,40,Climate,20260831,0.6877470355731226
Full,40,Climate,20260832,0.6875
Full,40,Climate,20260833,0.7392996108949417
Full,40,Climate,20260834,0.6719367588932806
Full,40,Climate,20260835,0.6926070038910506
Full,40,Climate,20260836,0.7176470588235294
Full,40,Climate,20260837,0.6941176470588235
Full,40,Traffic,20260808,0.6761904761904762
Full,40,Traffic,20260809,0.7230046948356808
Full,40,Traffic,20260810,0.740909090909091
Full,40,Traffic,20260811,0.719626168224299
Full,40,Traffic,20260812,0.7255813953488373
Full,40,Traffic,20260813,0.7320574162679426
Full,40,Traffic,20260814,0.6559633027522935
Full,40,Traffic,20260815,0.6388888888888888
Full,40,Traffic,20260816,0.6954545454545454
Full,40,Traffic,20260817,0.7330316742081447
Full,40,Traffic,20260818,0.6481481481481481
Full,40,Traffic,20260819,0.6839622641509434
Full,40,Traffic,20260820,0.7522935779816514
Full,40,Traffic,20260821,0.7339449541284404
Full,40,Traffic,20260822,0.7318181818181818
Full,40,Traffic,20260823,0.7242990654205608
Full,40,Traffic,20260824,0.7289719626168224
Full,40,Traffic,20260825,0.7110091743119266
Full,40,Traffic,20260826,0.726027397260274
Full,40,Traffic,20260827,0.7194570135746606
Full,40,Traffic,20260828,0.6820276497695853
Full,40,Traffic,20260829,0.6727272727272727
Full,40,Traffic,20260830,0.6820276497695853
Full,40,Traffic,20260831,0.7268518518518519
Full,40,Traffic,20260832,0.7162790697674418
Full,40,Traffic,20260833,0.7142857142857143
Full,40,Traffic,20260834,0.6558139534883721
Full,40,Traffic,20260835,0.6863636363636364
Full,40,Traffic,20260836,0.669683257918552
Full,40,Traffic,20260837,0.6822429906542056
Full,40,Water,20260808,0.7380952380952381
Full,40,Water,20260809,0.7251908396946565
Full,40,Water,20260810,0.72
Full,40,Water,20260811,0.6953125
Full,40,Water,20260812,0.691699604743083
Full,40,Water,20260813,0.7360594795539034
Full,40,Water,20260814,0.6961538461538461
Full,40,Water,20260815,0.6821705426356589
Full,40,Water,20260816,0.7072243346007605
Full,40,Water,20260817,0.6529850746268657
Full,40,Water,20260818,0.7434944237918215
Full,40,Water,20260819,0.6953125
Full,40,Water,20260820,0.6857142857142857
Full,40,Water,20260821,0.7056603773584905
Full,40,Water,20260822,0.7063197026022305
Full,40,Water,20260823,0.7286245353159851
Full,40,Water,20260824,0.7042801556420234
Full,40,Water,20260825,0.6896551724137931
Full,40,Water,20260826,0.7406015037593985
Full,40,Water,20260827,0.6980392156862745
Full,40,Water,20260828,0.6948529411764706
Full,40,Water,20260829,0.7049808429118773
Full,40,Water,20260830,0.6925925925925925
Full,40,Water,20260831,0.7063197026022305
Full,40,Water,20260832,0.6811023622047244
Full,40,Water,20260833,0.7007575757575758
Full,40,Water,20260834,0.6951672862453532
Full,40,Water,20260835,0.6992481203007519
Full,40,Water,20260836,0.6836363636363636
Full,40,Water,20260837,0.6742424242424242
Full,50,Climate,20260808,0.6415094339622641
Full,50,Climate,20260809,0.7056603773584905
Full,50,Climate,20260810,0.704119850187266
Full,50,Climate,20260811,0.7142857142857143
Full,50,Climate,20260812,0.7191011235955056
Full,50,Climate,20260813,0.7089552238805971
Full,50,Climate,20260814,0.6928838951310862
Full,50,Climate,20260815,0.6966292134831461
Full,50,Climate,20260816,0.6704119850187266
Full,50,Climate,20260817,0.7388059701492538
Full,50,Climate,20260818,0.6455223880597015
Full,50,Climate,20260819,0.6716417910447762
Full,50,Climate,20260820,0.6641509433962264
Full,50,Climate,20260821,0.6528301886792452
Full,50,Climate,20260822,0.7624521072796935
Full,50,Climate,20260823,0.7424242424242424
Full,50,Climate,20260824,0.667910447761194
Full,50,Climate,20260825,0.7276119402985075
Full,50,Climate,20260826,0.7018867924528301
Full,50,Climate,20260827,0.7126865671641791
Full,50,Climate,20260828,0.6541353383458647
Full,50,Climate,20260829,0.7396226415094339
Full,50,Climate,20260830,0.7433962264150943
Full,50,Climate,20260831,0.7340823970037453
Full,50,Climate,20260832,0.6992481203007519
Full,50,Climate,20260833,0.7094339622641509
Full,50,Climate,20260834,0.7265917602996255
Full,50,Climate,20260835,0.752851711026616
Full,50,Climate,20260836,0.6853932584269663
Full,50,Climate,20260837,0.6867924528301886
Full,50,Traffic,20260808,0.6807017543859649
Full,50,Traffic,20260809,0.688135593220339
Full,50,Traffic,20260810,0.7013422818791947
Full,50,Traffic,20260811,0.7118055555555556
Full,50,Traffic,20260812,0.7282229965156795
Full,50,Traffic,20260813,0.726643598615917
Full,50,Traffic,20260814,0.6872852233676976
Full,50,Traffic,20260815,0.7281879194630873
Full,50,Traffic,20260816,0.7474402730375427
Full,50,Traffic,20260817,0.6936026936026936
Full,50,Traffic,20260818,0.6836734693877551
Full,50,Traffic,20260819,0.6912751677852349
Full,50,Traffic,20260820,0.6847457627118644
Full,50,Traffic,20260821,0.6851211072664359
Full,50,Traffic,20260822,0.7167235494880546
Full,50,Traffic,20260823,0.7372013651877133
Full,50,Traffic,20260824,0.7054794520547946
Full,50,Traffic,20260825,0.696551724137931
Full,50,Traffic,20260826,0.7016949152542373
Full,50,Traffic,20260827,0.67003367003367
Full,50,Traffic,20260828,0.6983050847457627
Full,50,Traffic,20260829,0.7138047138047138
Full,50,Traffic,20260830,0.7080536912751678
Full,50,Traffic,20260831,0.6972789115646258
Full,50,Traffic,20260832,0.6972789115646258
Full,50,Traffic,20260833,0.6666666666666666
Full,50,Traffic,20260834,0.6912751677852349
Full,50,Traffic,20260835,0.7054794520547946
Full,50,Traffic,20260836,0.7023411371237458
Full,50,Traffic,20260837,0.7192982456140351
Full,50,Water,20260808,0.75
Full,50,Water,20260809,0.759656652360515
Full,50,Water,20260810,0.6844262295081968
Full,50,Water,20260811,0.7051282051282052
Full,50,Water,20260812,0.6808510638297872
Full,50,Water,20260813,0.75
Full,50,Water,20260814,0.7175925925925926
Full,50,Water,20260815,0.6781115879828327
Full,50,Water,20260816,0.7186147186147186
Full,50,Water,20260817,0.7606837606837606
Full,50,Water,20260818,0.6652892561983471
Full,50,Water,20260819,0.6986899563318777
Full,50,Water,20260820,0.7751004016064257
Full,50,Water,20260821,0.759656652360515
Full,50,Water,20260822,0.75
Full,50,Water,20260823,0.7280701754385965
Full,50,Water,20260824,0.6995708154506438
Full,50,Water,20260825,0.7264957264957265
Full,50,Water,20260826,0.7048458149779736
Full,50,Water,20260827,0.6909871244635193
Full,50,Water,20260828,0.6763485477178424
Full,50,Water,20260829,0.7767857142857143
Full,50,Water,20260830,0.7264957264957265
Full,50,Water,20260831,0.728448275862069
Full,50,Water,20260832,0.7347826086956522
Full,50,Water,20260833,0.7336244541484717
Full,50,Water,20260834,0.7361702127659574
Full,50,Water,20260835,0.7257383966244726
Full,50,Water,20260836,0.7339055793991416
Full,50,Water,20260837,0.7721518987341772
Full,60,Climate,20260808,0.7035573122529645
Full,60,Climate,20260809,0.744
Full,60,Climate,20260810,0.7114624505928854
Full,60,Climate,20260811,0.704
Full,60,Climate,20260812,0.753968253968254
Full,60,Climate,20260813,0.7047244094488189
Full,60,Climate,20260814,0.6812749003984063
Full,60,Climate,20260815,0.7387755102040816
Full,60,Climate,20260816,0.7370517928286853
Full,60,Climate,20260817,0.6889763779527559
Full,60,Climate,20260818,0.7389558232931727
Full,60,Climate,20260819,0.75
Full,60,Climate,20260820,0.7023809523809523
Full,60,Climate,20260821,0.7246963562753036
Full,60,Climate,20260822,0.7540322580645161
Full,60,Climate,20260823,0.7346938775510204
Full,60,Climate,20260824,0.6926070038910506
Full,60,Climate,20260825,0.7047244094488189
Full,60,Climate,20260826,0.7396694214876033
Full,60,Climate,20260827,0.6929133858267716
Full,60,Climate,20260828,0.748
Full,60,Climate,20260829,0.7137096774193549
Full,60,Climate,20260830,0.7338709677419355
Full,60,Climate,20260831,0.692
Full,60,Climate,20260832,0.7007874015748031
Full,60,Climate,20260833,0.7137096774193549
Full,60,Climate,20260834,0.7261904761904762
Full,60,Climate,20260835,0.764
Full,60,Climate,20260836,0.7401574803149606
Full,60,Climate,20260837,0.743801652892562
Full,60,Traffic,20260808,0.7169811320754716
Full,60,Traffic,20260809,0.7684887459807074
Full,60,Traffic,20260810,0.6949685534591195
Full,60,Traffic,20260811,0.717948717948718
Full,60,Traffic,20260812,0.7684887459807074
Full,60,Traffic,20260813,0.7420382165605095
Full,60,Traffic,20260814,0.7435064935064936
Full,60,Traffic,20260815,0.6993670886075949
Full,60,Traffic,20260816,0.7165109034267912
Full,60,Traffic,20260817,0.750788643533123
Full,60,Traffic,20260818,0.7563291139240507
Full,60,Traffic,20260819,0.723404255319149
Full,60,Traffic,20260820,0.7631578947368421
Full,60,Traffic,20260821,0.8
Full,60,Traffic,20260822,0.7788778877887789
Full,60,Traffic,20260823,0.7468354430379747
Full,60,Traffic,20260824,0.7549019607843137
Full,60,Traffic,20260825,0.744408945686901
Full,60,Traffic,20260826,0.7102803738317757
Full,60,Traffic,20260827,0.7515527950310559
Full,60,Traffic,20260828,0.7612903225806451
Full,60,Traffic,20260829,0.7508305647840532
Full,60,Traffic,20260830,0.7120743034055728
Full,60,Traffic,20260831,0.7018633540372671
Full,60,Traffic,20260832,0.7365079365079366
Full,60,Traffic,20260833,0.696319018404908
Full,60,Traffic,20260834,0.7483660130718954
Full,60,Traffic,20260835,0.7360248447204969
Full,60,Traffic,20260836,0.7564102564102564
Full,60,Traffic,20260837,0.7684887459807074
Full,60,Water,20260808,0.7695473251028807
Full,60,Water,20260809,0.806949806949807
Full,60,Water,20260810,0.7730496453900709
Full,60,Water,20260811,0.7619047619047619
Full,60,Water,20260812,0.7859922178988327
Full,60,Water,20260813,0.7798507462686567
Full,60,Water,20260814,0.8153846153846154
Full,60,Water,20260815,0.7859922178988327
Full,60,Water,20260816,0.792
Full,60,Water,20260817,0.7992831541218638
Full,60,Water,20260818,0.8327137546468402
Full,60,Water,20260819,0.7937743190661478
Full,60,Water,20260820,0.7361111111111112
Full,60,Water,20260821,0.8301158301158301
Full,60,Water,20260822,0.7672727272727272
Full,60,Water,20260823,0.7984496124031008
Full,60,Water,20260824,0.7547169811320755
Full,60,Water,20260825,0.7636363636363637
Full,60,Water,20260826,0.7811320754716982
Full,60,Water,20260827,0.7961538461538461
Full,60,Water,20260828,0.7689393939393939
Full,60,Water,20260829,0.8108108108108109
Full,60,Water,20260830,0.7565543071161048
Full,60,Water,20260831,0.7849056603773585
Full,60,Water,20260832,0.7252747252747253
Full,60,Water,20260833,0.79296875
Full,60,Water,20260834,0.7733812949640287
Full,60,Water,20260835,0.7873134328358209
Full,60,Water,20260836,0.8075471698113208
Full,60,Water,20260837,0.7703703703703704
Full,70,Climate,20260808,0.7613636363636364
Full,70,Climate,20260809,0.7408759124087592
Full,70,Climate,20260810,0.7362637362637363
Full,70,Climate,20260811,0.7137404580152672
Full,70,Climate,20260812,0.7392996108949417
Full,70,Climate,20260813,0.7471264367816092
Full,70,Climate,20260814,0.7490774907749077
Full,70,Climate,20260815,0.774074074074074
Full,70,Climate,20260816,0.7158671586715867
Full,70,Climate,20260817,0.7389705882352942
Full,70,Climate,20260818,0.7121771217712177
Full,70,Climate,20260819,0.7675276752767528
Full,70,Climate,20260820,0.7216117216117216
Full,70,Climate,20260821,0.7003610108303249
Full,70,Climate,20260822,0.7463235294117647
Full,70,Climate,20260823,0.7925925925925926
Full,70,Climate,20260824,0.7436823104693141
Full,70,Climate,20260825,0.7292418772563177
Full,70,Climate,20260826,0.7461538461538462
Full,70,Climate,20260827,0.7158671586715867
Full,70,Climate,20260828,0.7121771217712177
Full,70,Climate,20260829,0.7063197026022305
Full,70,Climate,20260830,0.6967509025270758
Full,70,Climate,20260831,0.7601476014760148
Full,70,Climate,20260832,0.7164179104477612
Full,70,Climate,20260833,0.7153846153846154
Full,70,Climate,20260834,0.7538461538461538
Full,70,Climate,20260835,0.7443609022556391
Full,70,Climate,20260836,0.7388059701492538
Full,70,Climate,20260837,0.7604562737642585
Full,70,Traffic,20260808,0.7953020134228188
Full,70,Traffic,20260809,0.8351254480286738
Full,70,Traffic,20260810,0.7922077922077922
Full,70,Traffic,20260811,0.8469750889679716
Full,70,Traffic,20260812,0.8424908424908425
Full,70,Traffic,20260813,0.7978723404255319
Full,70,Traffic,20260814,0.8098591549295775
Full,70,Traffic,20260815,0.7878787878787878
Full,70,Traffic,20260816,0.7993421052631579
Full,70,Traffic,20260817,0.8033333333333333
Full,70,Traffic,20260818,0.7993197278911565
Full,70,Traffic,20260819,0.7579617834394905
Full,70,Traffic,20260820,0.8350877192982457
Full,70,Traffic,20260821,0.7972508591065293
Full,70,Traffic,20260822,0.865979381443299
Full,70,Traffic,20260823,0.8304498269896193
Full,70,Traffic,20260824,0.8621908127208481
Full,70,Traffic,20260825,0.8280701754385965
Full,70,Traffic,20260826,0.8006756756756757
Full,70,Traffic,20260827,0.7781350482315113
Full,70,Traffic,20260828,0.8028169014084507
Full,70,Traffic,20260829,0.823321554770318
Full,70,Traffic,20260830,0.7631578947368421
Full,70,Traffic,20260831,0.7674418604651163
Full,70,Traffic,20260832,0.8013698630136986
Full,70,Traffic,20260833,0.7669902912621359
Full,70,Traffic,20260834,0.8666666666666667
Full,70,Traffic,20260835,0.8412162162162162
Full,70,Traffic,20260836,0.8080808080808081
Full,70,Traffic,20260837,0.7986348122866894
Full,70,Water,20260808,0.9151515151515152
Full,70,Water,20260809,0.9226519337016574
Full,70,Water,20260810,0.8556149732620321
Full,70,Water,20260811,0.9027027027027027
Full,70,Water,20260812,0.888268156424581
Full,70,Water,20260813,0.8756756756756757
Full,70,Water,20260814,0.907608695652174
Full,70,Water,20260815,0.877906976744186
Full,70,Water,20260816,0.9265536723163842
Full,70,Water,20260817,0.8795811518324608
Full,70,Water,20260818,0.9106145251396648
Full,70,Water,20260819,0.861878453038674
Full,70,Water,20260820,0.8789473684210526
Full,70,Water,20260821,0.9385474860335196
Full,70,Water,20260822,0.8977272727272727
Full,70,Water,20260823,0.9464285714285714
Full,70,Water,20260824,0.8922155688622755
Full,70,Water,20260825,0.8080808080808081
Full,70,Water,20260826,0.8342245989304813
Full,70,Water,20260827,0.9364161849710982
Full,70,Water,20260828,0.8961748633879781
Full,70,Water,20260829,0.8901098901098901
Full,70,Water,20260830,0.896551724137931
Full,70,Water,20260831,0.8978494623655914
Full,70,Water,20260832,0.8342245989304813
Full,70,Water,20260833,0.8693181818181818
Full,70,Water,20260834,0.8118279569892473
Full,70,Water,20260835,0.9226519337016574
Full,70,Water,20260836,0.9005524861878453
Full,70,Water,20260837,0.8789473684210526
Full,80,Climate,20260808,0.7920353982300885
Full,80,Climate,20260809,0.7552742616033755
Full,80,Climate,20260810,0.7860262008733624
Full,80,Climate,20260811,0.808695652173913
Full,80,Climate,20260812,0.7873303167420814
Full,80,Climate,20260813,0.7909090909090909
Full,80,Climate,20260814,0.8212765957446808
Full,80,Climate,20260815,0.7798165137614679
Full,80,Climate,20260816,0.7866108786610879
Full,80,Climate,20260817,0.7676348547717843
Full,80,Climate,20260818,0.7965367965367965
Full,80,Climate,20260819,0.7848101265822784
Full,80,Climate,20260820,0.7945205479452054
Full,80,Climate,20260821,0.7857142857142857
Full,80,Climate,20260822,0.7835497835497836
Full,80,Climate,20260823,0.8325991189427313
Full,80,Climate,20260824,0.8553191489361702
Full,80,Climate,20260825,0.7457627118644068
Full,80,Climate,20260826,0.7929515418502202
Full,80,Climate,20260827,0.7758620689655172
Full,80,Climate,20260828,0.8026315789473685
Full,80,Climate,20260829,0.7945205479452054
Full,80,Climate,20260830,0.8059071729957806
Full,80,Climate,20260831,0.7937219730941704
Full,80,Climate,20260832,0.7854077253218884
Full,80,Climate,20260833,0.8440366972477065
Full,80,Climate,20260834,0.8444444444444444
Full,80,Climate,20260835,0.7629310344827587
Full,80,Climate,20260836,0.7911111111111111
Full,80,Climate,20260837,0.8526785714285714
Full,80,Traffic,20260808,0.9043478260869565
Full,80,Traffic,20260809,0.9469026548672567
Full,80,Traffic,20260810,0.8793103448275862
Full,80,Traffic,20260811,0.941747572815534
Full,80,Traffic,20260812,0.8982300884955752
Full,80,Traffic,20260813,0.9009009009009009
Full,80,Traffic,20260814,0.891213389121339
Full,80,Traffic,20260815,0.8609865470852018
Full,80,Traffic,20260816,0.9136363636363637
Full,80,Traffic,20260817,0.8632478632478633
Full,80,Traffic,20260818,0.9055793991416309
Full,80,Traffic,20260819,0.8744769874476988
Full,80,Traffic,20260820,0.9192825112107623
Full,80,Traffic,20260821,0.905829596412556
Full,80,Traffic,20260822,0.9230769230769231
Full,80,Traffic,20260823,0.95
Full,80,Traffic,20260824,0.8956521739130435
Full,80,Traffic,20260825,0.8782608695652174
Full,80,Traffic,20260826,0.9098712446351931
Full,80,Traffic,20260827,0.8547008547008547
Full,80,Traffic,20260828,0.9045454545454545
Full,80,Traffic,20260829,0.9301310043668122
Full,80,Traffic,20260830,0.8852459016393442
Full,80,Traffic,20260831,0.8879668049792531
Full,80,Traffic,20260832,0.9
Full,80,Traffic,20260833,0.8884120171673819
Full,80,Traffic,20260834,0.954954954954955
Full,80,Traffic,20260835,0.926605504587156
Full,80,Traffic,20260836,0.9029535864978903
Full,80,Traffic,20260837,0.8512396694214877
Full,80,Water,20260808,0.9516129032258065
Full,80,Water,20260809,0.9273743016759777
Full,80,Water,20260810,0.9214659685863874
Full,80,Water,20260811,0.8717948717948718
Full,80,Water,20260812,0.9722222222222222
Full,80,Water,20260813,0.9273743016759777
Full,80,Water,20260814,0.9456521739130435
Full,80,Water,20260815,0.9497206703910615
Full,80,Water,20260816,0.9821428571428571
Full,80,Water,20260817,0.8877551020408163
Full,80,Water,20260818,0.9595375722543352
Full,80,Water,20260819,0.935672514619883
Full,80,Water,20260820,0.9203980099502488
Full,80,Water,20260821,0.9761904761904762
Full,80,Water,20260822,0.9479768786127167
Full,80,Water,20260823,0.9775280898876404
Full,80,Water,20260824,0.96
Full,80,Water,20260825,0.8737864077669902
Full,80,Water,20260826,0.9333333333333333
Full,80,Water,20260827,0.9555555555555556
Full,80,Water,20260828,0.9318181818181818
Full,80,Water,20260829,0.9120879120879121
Full,80,Water,20260830,0.9829545454545454
Full,80,Water,20260831,0.9655172413793104
Full,80,Water,20260832,0.9065934065934066
Full,80,Water,20260833,0.9523809523809523
Full,80,Water,20260834,0.927461139896373
Full,80,Water,20260835,0.9243243243243243
Full,80,Water,20260836,0.9289617486338798
Full,80,Water,20260837,0.9132653061224489
Full,90,Climate,20260808,0.8826291079812206
Full,90,Climate,20260809,0.8634146341463415
Full,90,Climate,20260810,0.817351598173516
Full,90,Climate,20260811,0.8238095238095238
Full,90,Climate,20260812,0.8529411764705882
Full,90,Climate,20260813,0.8657407407407407
Full,90,Climate,20260814,0.8584474885844748
Full,90,Climate,20260815,0.9203980099502488
Full,90,Climate,20260816,0.8119266055045872
Full,90,Climate,20260817,0.8264840182648402
Full,90,Climate,20260818,0.8450704225352113
Full,90,Climate,20260819,0.8401826484018264
Full,90,Climate,20260820,0.8928571428571429
Full,90,Climate,20260821,0.847926267281106
Full,90,Climate,20260822,0.8564356435643564
Full,90,Climate,20260823,0.8695652173913043
Full,90,Climate,20260824,0.8256880733944955
Full,90,Climate,20260825,0.7954545454545454
Full,90,Climate,20260826,0.8537735849056604
Full,90,Climate,20260827,0.8571428571428571
Full,90,Climate,20260828,0.9113300492610837
Full,90,Climate,20260829,0.8660287081339713
Full,90,Climate,20260830,0.8026315789473685
Full,90,Climate,20260831,0.861244019138756
Full,90,Climate,20260832,0.8632075471698113
Full,90,Climate,20260833,0.9239130434782609
Full,90,Climate,20260834,0.907608695652174
Full,90,Climate,20260835,0.8695652173913043
Full,90,Climate,20260836,0.8640776699029126
Full,90,Climate,20260837,0.900497512437811
Full,90,Traffic,20260808,0.9623655913978495
Full,90,Traffic,20260809,0.9782608695652174
Full,90,Traffic,20260810,0.9293478260869565
Full,90,Traffic,20260811,0.9825581395348837
Full,90,Traffic,20260812,0.9585492227979274
Full,90,Traffic,20260813,0.9747474747474747
Full,90,Traffic,20260814,0.9521276595744681
Full,90,Traffic,20260815,0.945273631840796
Full,90,Traffic,20260816,0.9470899470899471
Full,90,Traffic,20260817,0.9533678756476683
Full,90,Traffic,20260818,0.9470899470899471
Full,90,Traffic,20260819,0.9210526315789473
Full,90,Traffic,20260820,0.9685863874345549
Full,90,Traffic,20260821,0.9567567567567568
Full,90,Traffic,20260822,0.9659090909090909
Full,90,Traffic,20260823,0.9884393063583815
Full,90,Traffic,20260824,0.9193548387096774
Full,90,Traffic,20260825,0.9263157894736842
Full,90,Traffic,20260826,0.9523809523809523
Full,90,Traffic,20260827,0.9633507853403142
Full,90,Traffic,20260828,0.973404255319149
Full,90,Traffic,20260829,0.9701492537313433
Full,90,Traffic,20260830,0.9516129032258065
Full,90,Traffic,20260831,0.9572192513368984
Full,90,Traffic,20260832,0.9782608695652174
Full,90,Traffic,20260833,0.9238578680203046
Full,90,Traffic,20260834,0.96875
Full,90,Traffic,20260835,0.9484536082474226
Full,90,Traffic,20260836,0.9432989690721649
Full,90,Traffic,20260837,0.9625668449197861
Full,90,Water,20260808,0.9898477157360406
Full,90,Water,20260809,0.9752475247524752
Full,90,Water,20260810,0.9954545454545455
Full,90,Water,20260811,0.9712918660287081
Full,90,Water,20260812,0.995475113122172
Full,90,Water,20260813,0.9849246231155779
Full,90,Water,20260814,0.9857142857142858
Full,90,Water,20260815,0.9746192893401016
Full,90,Water,20260816,1.0
Full,90,Water,20260817,0.9671361502347418
Full,90,Water,20260818,0.9950738916256158
Full,90,Water,20260819,0.9854368932038835
Full,90,Water,20260820,0.9711538461538461
Full,90,Water,20260821,1.0
Full,90,Water,20260822,0.99
Full,90,Water,20260823,1.0
Full,90,Water,20260824,0.98989898989899
Full,90,Water,20260825,0.9804878048780488
Full,90,Water,20260826,0.9853658536585366
Full,90,Water,20260827,0.9953488372093023
Full,90,Water,20260828,0.9646464646464646
Full,90,Water,20260829,0.9854368932038835
Full,90,Water,20260830,1.0
Full,90,Water,20260831,1.0
Full,90,Water,20260832,1.0
Full,90,Water,20260833,0.9761904761904762
Full,90,Water,20260834,0.9803921568627451
Full,90,Water,20260835,0.9904761904761905
Full,90,Water,20260836,0.9813953488372092
Full,90,Water,20260837,0.9808612440191388
Full,100,Climate,20260808,0.9696969696969697
Full,100,Climate,20260809,0.9485981308411215
Full,100,Climate,20260810,0.9219512195121952
Full,100,Climate,20260811,0.9333333333333333
Full,100,Climate,20260812,0.9658536585365853
Full,100,Climate,20260813,0.8959276018099548
Full,100,Climate,20260814,0.8894009216589862
Full,100,Climate,20260815,0.9158415841584159
Full,100,Climate,20260816,0.8695652173913043
Full,100,Climate,20260817,0.8847926267281107
Full,100,Climate,20260818,0.9009009009009009
Full,100,Climate,20260819,0.8985507246376812
Full,100,Climate,20260820,0.9282296650717703
Full,100,Climate,20260821,0.9170506912442397
Full,100,Climate,20260822,0.9047619047619048
Full,100,Climate,20260823,0.9384615384615385
Full,100,Climate,20260824,0.8778280542986425
Full,100,Climate,20260825,0.941747572815534
Full,100,Climate,20260826,0.8809523809523809
Full,100,Climate,20260827,0.9027777777777778
Full,100,Climate,20260828,0.9502487562189055
Full,100,Climate,20260829,0.9182692307692307
Full,100,Climate,20260830,0.8812785388127854
Full,100,Climate,20260831,0.9558823529411765
Full,100,Climate,20260832,0.9330143540669856
Full,100,Climate,20260833,0.9523809523809523
Full,100,Climate,20260834,0.954337899543379
Full,100,Climate,20260835,0.9117647058823529
Full,100,Climate,20260836,0.9182692307692307
Full,100,Climate,20260837,0.9009009009009009
Full,100,Traffic,20260808,0.9906103286384976
Full,100,Traffic,20260809,1.0
Full,100,Traffic,20260810,0.9758454106280193
Full,100,Traffic,20260811,0.9948979591836735
Full,100,Traffic,20260812,0.9900497512437811
Full,100,Traffic,20260813,0.9949238578680203
Full,100,Traffic,20260814,0.970873786407767
Full,100,Traffic,20260815,0.9863013698630136
Full,100,Traffic,20260816,0.9658536585365853
Full,100,Traffic,20260817,0.9656862745098039
Full,100,Traffic,20260818,0.9950248756218906
Full,100,Traffic,20260819,0.9953051643192489
Full,100,Traffic,20260820,0.99
Full,100,Traffic,20260821,1.0
Full,100,Traffic,20260822,0.9949238578680203
Full,100,Traffic,20260823,0.9852941176470589
Full,100,Traffic,20260824,0.971830985915493
Full,100,Traffic,20260825,1.0
Full,100,Traffic,20260826,0.9950980392156863
Full,100,Traffic,20260827,0.98
Full,100,Traffic,20260828,1.0
Full,100,Traffic,20260829,0.9803921568627451
Full,100,Traffic,20260830,0.9902912621359223
Full,100,Traffic,20260831,0.9807692307692307
Full,100,Traffic,20260832,1.0
Full,100,Traffic,20260833,0.9858490566037735
Full,100,Traffic,20260834,0.9764150943396226
Full,100,Traffic,20260835,0.9615384615384616
Full,100,Traffic,20260836,1.0
Full,100,Traffic,20260837,0.981042654028436
Full,100,Water,20260808,1.0
Full,100,Water,20260809,0.9937106918238994
Full,100,Water,20260810,1.0
Full,100,Water,20260811,1.0
Full,100,Water,20260812,1.0
Full,100,Water,20260813,1.0
Full,100,Water,20260814,1.0
Full,100,Water,20260815,0.9938650306748467
Full,100,Water,20260816,0.9879518072289156
Full,100,Water,20260817,0.9935064935064936
Full,100,Water,20260818,1.0
Full,100,Water,20260819,1.0
Full,100,Water,20260820,1.0
Full,100,Water,20260821,0.9874213836477987
Full,100,Water,20260822,1.0
Full,100,Water,20260823,1.0
Full,100,Water,20260824,0.9938271604938271
Full,100,Water,20260825,1.0
Full,100,Water,20260826,1.0
Full,100,Water,20260827,1.0
Full,100,Water,20260828,0.9871794871794872
Full,100,Water,20260829,1.0
Full,100,Water,20260830,0.9876543209876543
Full,100,Water,20260831,1.0
Full,100,Water,20260832,1.0
Full,100,Water,20260833,1.0
Full,100,Water,20260834,1.0
Full,100,Water,20260835,1.0
Full,100,Water,20260836,1.0
Full,100,Water,20260837,1.0
No-U,10,Climate,20260808,0.8461538461538461
No-U,10,Climate,20260809,0.7619047619047619
No-U,10,Climate,20260810,0.7777777777777778
No-U,10,Climate,20260811,0.6382978723404256
No-U,10,Climate,20260812,0.8378378378378378
No-U,10,Climate,20260813,0.5555555555555556
No-U,10,Climate,20260814,0.6333333333333333
No-U,10,Climate,20260815,0.7407407407407407
No-U,10,Climate,20260816,0.6037735849056604
No-U,10,Climate,20260817,0.8292682926829268
No-U,10,Climate,20260818,0.6904761904761905
No-U,10,Climate,20260819,0.6545454545454545
No-U,10,Climate,20260820,0.6792452830188679
No-U,10,Climate,20260821,0.65
No-U,10,Climate,20260822,0.6612903225806451
No-U,10,Climate,20260823,0.6041666666666666
No-U,10,Climate,20260824,0.6363636363636364
No-U,10,Climate,20260825,0.6909090909090909
No-U,10,Climate,20260826,0.6590909090909091
No-U,10,Climate,20260827,0.6617647058823529
No-U,10,Climate,20260828,0.7209302325581395
No-U,10,Climate,20260829,0.7727272727272727
No-U,10,Climate,20260830,0.803921568627451
No-U,10,Climate,20260831,0.7560975609756098
No-U,10,Climate,20260832,0.6491228070175439
No-U,10,Climate,20260833,0.6666666666666666
No-U,10,Climate,20260834,0.6896551724137931
No-U,10,Climate,20260835,0.6896551724137931
No-U,10,Climate,20260836,0.8524590163934426
No-U,10,Climate,20260837,0.7272727272727273
No-U,10,Traffic,20260808,0.5161290322580645
No-U,10,Traffic,20260809,0.8181818181818182
No-U,10,Traffic,20260810,0.7719298245614035
No-U,10,Traffic,20260811,0.6739130434782609
No-U,10,Traffic,20260812,0.8148148148148148
No-U,10,Traffic,20260813,0.7592592592592593
No-U,10,Traffic,20260814,0.8157894736842105
No-U,10,Traffic,20260815,0.5483870967741935
No-U,10,Traffic,20260816,0.8360655737704918
No-U,10,Traffic,20260817,0.8571428571428571
No-U,10,Traffic,20260818,0.8157894736842105
No-U,10,Traffic,20260819,0.5813953488372093
No-U,10,Traffic,20260820,0.6111111111111112
No-U,10,Traffic,20260821,0.7241379310344828
No-U,10,Traffic,20260822,0.6428571428571429
No-U,10,Traffic,20260823,0.6
No-U,10,Traffic,20260824,0.7058823529411765
No-U,10,Traffic,20260825,0.6470588235294118
No-U,10,Traffic,20260826,0.76
No-U,10,Traffic,20260827,0.8095238095238095
No-U,10,Traffic,20260828,0.7073170731707317
No-U,10,Traffic,20260829,0.7111111111111111
No-U,10,Traffic,20260830,0.5490196078431373
No-U,10,Traffic,20260831,0.625
No-U,10,Traffic,20260832,0.6274509803921569
No-U,10,Traffic,20260833,0.6956521739130435
No-U,10,Traffic,20260834,0.8
No-U,10,Traffic,20260835,0.5555555555555556
No-U,10,Traffic,20260836,0.5853658536585366
No-U,10,Traffic,20260837,0.7551020408163265
No-U,10,Water,20260808,0.8333333333333334
No-U,10,Water,20260809,0.2857142857142857
No-U,10,Water,20260810,0.45
No-U,10,Water,20260811,0.6875
No-U,10,Water,20260812,0.7272727272727273
No-U,10,Water,20260813,0.2857142857142857
No-U,10,Water,20260814,0.8888888888888888
No-U,10,Water,20260815,0.5
No-U,10,Water,20260816,0.7777777777777778
No-U,10,Water,20260817,0.7894736842105263
No-U,10,Water,20260818,0.6666666666666666
No-U,10,Water,20260819,0.2222222222222222
No-U,10,Water,20260820,0.8636363636363636
No-U,10,Water,20260821,1.0
No-U,10,Water,20260822,1.0
No-U,10,Water,20260823,0.9130434782608695
No-U,10,Water,20260824,0.7058823529411765
No-U,10,Water,20260825,0.7272727272727273
No-U,10,Water,20260826,0.6363636363636364
No-U,10,Water,20260827,0.7142857142857143
No-U,10,Water,20260828,1.0
No-U,10,Water,20260829,0.8571428571428571
No-U,10,Water,20260830,0.42857142857142855
No-U,10,Water,20260831,0.5
No-U,10,Water,20260832,0.7
No-U,10,Water,20260833,0.8571428571428571
No-U,10,Water,20260834,0.5238095238095238
No-U,10,Water,20260835,0.5
No-U,10,Water,20260836,0.8888888888888888
No-U,10,Water,20260837,0.875
No-U,20,Climate,20260808,0.725925925925926
No-U,20,Climate,20260809,0.6363636363636364
No-U,20,Climate,20260810,0.7727272727272727
No-U,20,Climate,20260811,0.7121212121212122
No-U,20,Climate,20260812,0.7952755905511811
No-U,20,Climate,20260813,0.5950413223140496
No-U,20,Climate,20260814,0.6567164179104478
No-U,20,Climate,20260815,0.7352941176470589
No-U,20,Climate,20260816,0.6015037593984962
No-U,20,Climate,20260817,0.7686567164179104
No-U,20,Climate,20260818,0.7463768115942029
No-U,20,Climate,20260819,0.7709923664122137
No-U,20,Climate,20260820,0.6962962962962963
No-U,20,Climate,20260821,0.6746031746031746
No-U,20,Climate,20260822,0.7443609022556391
No-U,20,Climate,20260823,0.6015037593984962
No-U,20,Climate,20260824,0.6950354609929078
No-U,20,Climate,20260825,0.7218045112781954
No-U,20,Climate,20260826,0.7407407407407407
No-U,20,Climate,20260827,0.6691729323308271
No-U,20,Climate,20260828,0.75
No-U,20,Climate,20260829,0.8074074074074075
No-U,20,Climate,20260830,0.8046875
No-U,20,Climate,20260831,0.7751937984496124
No-U,20,Climate,20260832,0.7266187050359713
No-U,20,Climate,20260833,0.6564885496183206
No-U,20,Climate,20260834,0.6956521739130435
No-U,20,Climate,20260835,0.6811594202898551
No-U,20,Climate,20260836,0.7593984962406015
No-U,20,Climate,20260837,0.664179104477612
No-U,20,Traffic,20260808,0.6615384615384615
No-U,20,Traffic,20260809,0.7222222222222222
No-U,20,Traffic,20260810,0.7236842105263158
No-U,20,Traffic,20260811,0.7794117647058824
No-U,20,Traffic,20260812,0.7142857142857143
No-U,20,Traffic,20260813,0.6620689655172414
No-U,20,Traffic,20260814,0.7449664429530202
No-U,20,Traffic,20260815,0.7096774193548387
No-U,20,Traffic,20260816,0.7194244604316546
No-U,20,Traffic,20260817,0.7430555555555556
No-U,20,Traffic,20260818,0.6971830985915493
No-U,20,Traffic,20260819,0.7103448275862069
No-U,20,Traffic,20260820,0.6482758620689655
No-U,20,Traffic,20260821,0.6717557251908397
No-U,20,Traffic,20260822,0.6621621621621622
No-U,20,Traffic,20260823,0.6666666666666666
No-U,20,Traffic,20260824,0.7131782945736435
No-U,20,Traffic,20260825,0.6766917293233082
No-U,20,Traffic,20260826,0.7062937062937062
No-U,20,Traffic,20260827,0.7
No-U,20,Traffic,20260828,0.762962962962963
No-U,20,Traffic,20260829,0.7315436241610739
No-U,20,Traffic,20260830,0.6597222222222222
No-U,20,Traffic,20260831,0.6967213114754098
No-U,20,Traffic,20260832,0.7205882352941176
No-U,20,Traffic,20260833,0.7021276595744681
No-U,20,Traffic,20260834,0.7535211267605634
No-U,20,Traffic,20260835,0.5855263157894737
No-U,20,Traffic,20260836,0.6159420289855072
No-U,20,Traffic,20260837,0.6319444444444444
No-U,20,Water,20260808,0.8095238095238095
No-U,20,Water,20260809,0.6037735849056604
No-U,20,Water,20260810,0.6933333333333334
No-U,20,Water,20260811,0.6626506024096386
No-U,20,Water,20260812,0.7352941176470589
No-U,20,Water,20260813,0.7384615384615385
No-U,20,Water,20260814,0.821917808219178
No-U,20,Water,20260815,0.68
No-U,20,Water,20260816,0.765625
No-U,20,Water,20260817,0.6410256410256411
No-U,20,Water,20260818,0.7671232876712328
No-U,20,Water,20260819,0.6212121212121212
No-U,20,Water,20260820,0.7529411764705882
No-U,20,Water,20260821,0.8108108108108109
No-U,20,Water,20260822,0.7
No-U,20,Water,20260823,0.855072463768116
No-U,20,Water,20260824,0.6212121212121212
No-U,20,Water,20260825,0.6231884057971014
No-U,20,Water,20260826,0.7121212121212122
No-U,20,Water,20260827,0.6153846153846154
No-U,20,Water,20260828,0.7846153846153846
No-U,20,Water,20260829,0.631578947368421
No-U,20,Water,20260830,0.7678571428571429
No-U,20,Water,20260831,0.6949152542372882
No-U,20,Water,20260832,0.7777777777777778
No-U,20,Water,20260833,0.7454545454545455
No-U,20,Water,20260834,0.6875
No-U,20,Water,20260835,0.6666666666666666
No-U,20,Water,20260836,0.8225806451612904
No-U,20,Water,20260837,0.7564102564102564
No-U,30,Climate,20260808,0.7004608294930875
No-U,30,Climate,20260809,0.663594470046083
No-U,30,Climate,20260810,0.6604651162790698
No-U,30,Climate,20260811,0.7431192660550459
No-U,30,Climate,20260812,0.7102803738317757
No-U,30,Climate,20260813,0.6944444444444444
No-U,30,Climate,20260814,0.7004608294930875
No-U,30,Climate,20260815,0.7110091743119266
No-U,30,Climate,20260816,0.7397260273972602
No-U,30,Climate,20260817,0.6869158878504673
No-U,30,Climate,20260818,0.663594470046083
No-U,30,Climate,20260819,0.6682242990654206
No-U,30,Climate,20260820,0.7465437788018433
No-U,30,Climate,20260821,0.7235023041474654
No-U,30,Climate,20260822,0.6759259259259259
No-U,30,Climate,20260823,0.6682027649769585
No-U,30,Climate,20260824,0.6651376146788991
No-U,30,Climate,20260825,0.6990740740740741
No-U,30,Climate,20260826,0.7142857142857143
No-U,30,Climate,20260827,0.7568807339449541
No-U,30,Climate,20260828,0.7188940092165899
No-U,30,Climate,20260829,0.726027397260274
No-U,30,Climate,20260830,0.6009174311926605
No-U,30,Climate,20260831,0.6666666666666666
No-U,30,Climate,20260832,0.7069767441860465
No-U,30,Climate,20260833,0.7209302325581395
No-U,30,Climate,20260834,0.7214611872146118
No-U,30,Climate,20260835,0.6712328767123288
No-U,30,Climate,20260836,0.6604651162790698
No-U,30,Climate,20260837,0.680365296803653
No-U,30,Traffic,20260808,0.7168674698795181
No-U,30,Traffic,20260809,0.7192982456140351
No-U,30,Traffic,20260810,0.6759776536312849
No-U,30,Traffic,20260811,0.7245508982035929
No-U,30,Traffic,20260812,0.6706586826347305
No-U,30,Traffic,20260813,0.6878612716763006
No-U,30,Traffic,20260814,0.7272727272727273
No-U,30,Traffic,20260815,0.696969696969697
No-U,30,Traffic,20260816,0.6983240223463687
No-U,30,Traffic,20260817,0.6744186046511628
No-U,30,Traffic,20260818,0.7344632768361582
No-U,30,Traffic,20260819,0.6491228070175439
No-U,30,Traffic,20260820,0.6964285714285714
No-U,30,Traffic,20260821,0.76
No-U,30,Traffic,20260822,0.6802325581395349
No-U,30,Traffic,20260823,0.7045454545454546
No-U,30,Traffic,20260824,0.6964285714285714
No-U,30,Traffic,20260825,0.7058823529411765
No-U,30,Traffic,20260826,0.6666666666666666
No-U,30,Traffic,20260827,0.6927374301675978
No-U,30,Traffic,20260828,0.7125748502994012
No-U,30,Traffic,20260829,0.727810650887574
No-U,30,Traffic,20260830,0.7175141242937854
No-U,30,Traffic,20260831,0.6627218934911243
No-U,30,Traffic,20260832,0.6763005780346821
No-U,30,Traffic,20260833,0.6609195402298851
No-U,30,Traffic,20260834,0.7068965517241379
No-U,30,Traffic,20260835,0.7241379310344828
No-U,30,Traffic,20260836,0.6802325581395349
No-U,30,Traffic,20260837,0.6900584795321637
No-U,30,Water,20260808,0.7111111111111111
No-U,30,Water,20260809,0.7280701754385965
No-U,30,Water,20260810,0.6943396226415094
No-U,30,Water,20260811,0.7046413502109705
No-U,30,Water,20260812,0.7081545064377682
No-U,30,Water,20260813,0.7458333333333333
No-U,30,Water,20260814,0.6724890829694323
No-U,30,Water,20260815,0.680327868852459
No-U,30,Water,20260816,0.7004405286343612
No-U,30,Water,20260817,0.72
No-U,30,Water,20260818,0.7154471544715447
No-U,30,Water,20260819,0.6161137440758294
No-U,30,Water,20260820,0.6666666666666666
No-U,30,Water,20260821,0.7041666666666667
No-U,30,Water,20260822,0.6772727272727272
No-U,30,Water,20260823,0.7755102040816326
No-U,30,Water,20260824,0.6846473029045643
No-U,30,Water,20260825,0.6485355648535565
No-U,30,Water,20260826,0.7245762711864406
No-U,30,Water,20260827,0.7177033492822966
No-U,30,Water,20260828,0.6964980544747081
No-U,30,Water,20260829,0.6680161943319838
No-U,30,Water,20260830,0.7030567685589519
No-U,30,Water,20260831,0.67578125
No-U,30,Water,20260832,0.7074235807860262
No-U,30,Water,20260833,0.6832579185520362
No-U,30,Water,20260834,0.7224334600760456
No-U,30,Water,20260835,0.7510729613733905
No-U,30,Water,20260836,0.6767241379310345
No-U,30,Water,20260837,0.6846473029045643
No-U,40,Climate,20260808,0.7042801556420234
No-U,40,Climate,20260809,0.708171206225681
No-U,40,Climate,20260810,0.7003891050583657
No-U,40,Climate,20260811,0.6964980544747081
No-U,40,Climate,20260812,0.6796875
No-U,40,Climate,20260813,0.72265625
No-U,40,Climate,20260814,0.6731517509727627
No-U,40,Climate,20260815,0.7120622568093385
No-U,40,Climate,20260816,0.688715953307393
No-U,40,Climate,20260817,0.6549019607843137
No-U,40,Climate,20260818,0.7058823529411765
No-U,40,Climate,20260819,0.6653696498054474
No-U,40,Climate,20260820,0.7470817120622568
No-U,40,Climate,20260821,0.7237354085603113
No-U,40,Climate,20260822,0.6745098039215687
No-U,40,Climate,20260823,0.6811023622047244
No-U,40,Climate,20260824,0.6964980544747081
No-U,40,Climate,20260825,0.7058823529411765
No-U,40,Climate,20260826,0.69140625
No-U,40,Climate,20260827,0.6848249027237354
No-U,40,Climate,20260828,0.6809338521400778
No-U,40,Climate,20260829,0.6926070038910506
No-U,40,Climate,20260830,0.6614785992217899
No-U,40,Climate,20260831,0.6865079365079365
No-U,40,Climate,20260832,0.6875
No-U,40,Climate,20260833,0.7392996108949417
No-U,40,Climate,20260834,0.6719367588932806
No-U,40,Climate,20260835,0.6926070038910506
No-U,40,Climate,20260836,0.7176470588235294
No-U,40,Climate,20260837,0.6941176470588235
No-U,40,Traffic,20260808,0.6761904761904762
No-U,40,Traffic,20260809,0.7230046948356808
No-U,40,Traffic,20260810,0.740909090909091
No-U,40,Traffic,20260811,0.719626168224299
No-U,40,Traffic,20260812,0.7255813953488373
No-U,40,Traffic,20260813,0.7320574162679426
No-U,40,Traffic,20260814,0.6559633027522935
No-U,40,Traffic,20260815,0.6388888888888888
No-U,40,Traffic,20260816,0.6954545454545454
No-U,40,Traffic,20260817,0.7330316742081447
No-U,40,Traffic,20260818,0.6481481481481481
No-U,40,Traffic,20260819,0.6839622641509434
No-U,40,Traffic,20260820,0.7522935779816514
No-U,40,Traffic,20260821,0.7339449541284404
No-U,40,Traffic,20260822,0.7318181818181818
No-U,40,Traffic,20260823,0.7242990654205608
No-U,40,Traffic,20260824,0.7289719626168224
No-U,40,Traffic,20260825,0.7110091743119266
No-U,40,Traffic,20260826,0.726027397260274
No-U,40,Traffic,20260827,0.7194570135746606
No-U,40,Traffic,20260828,0.6820276497695853
No-U,40,Traffic,20260829,0.6727272727272727
No-U,40,Traffic,20260830,0.6820276497695853
No-U,40,Traffic,20260831,0.7268518518518519
No-U,40,Traffic,20260832,0.7162790697674418
No-U,40,Traffic,20260833,0.7142857142857143
No-U,40,Traffic,20260834,0.6558139534883721
No-U,40,Traffic,20260835,0.6863636363636364
No-U,40,Traffic,20260836,0.669683257918552
No-U,40,Traffic,20260837,0.6822429906542056
No-U,40,Water,20260808,0.7327935222672065
No-U,40,Water,20260809,0.7230769230769231
No-U,40,Water,20260810,0.72
No-U,40,Water,20260811,0.6953125
No-U,40,Water,20260812,0.691699604743083
No-U,40,Water,20260813,0.7378277153558053
No-U,40,Water,20260814,0.7003891050583657
No-U,40,Water,20260815,0.6875
No-U,40,Water,20260816,0.7072243346007605
No-U,40,Water,20260817,0.6529850746268657
No-U,40,Water,20260818,0.7434944237918215
No-U,40,Water,20260819,0.6941176470588235
No-U,40,Water,20260820,0.6857142857142857
No-U,40,Water,20260821,0.7056603773584905
No-U,40,Water,20260822,0.7063197026022305
No-U,40,Water,20260823,0.7286245353159851
No-U,40,Water,20260824,0.7058823529411765
No-U,40,Water,20260825,0.6884615384615385
No-U,40,Water,20260826,0.7406015037593985
No-U,40,Water,20260827,0.6980392156862745
No-U,40,Water,20260828,0.6925925925925925
No-U,40,Water,20260829,0.7049808429118773
No-U,40,Water,20260830,0.6925925925925925
No-U,40,Water,20260831,0.7063197026022305
No-U,40,Water,20260832,0.6811023622047244
No-U,40,Water,20260833,0.7061068702290076
No-U,40,Water,20260834,0.6951672862453532
No-U,40,Water,20260835,0.6992481203007519
No-U,40,Water,20260836,0.6836363636363636
No-U,40,Water,20260837,0.6742424242424242
No-U,50,Climate,20260808,0.6415094339622641
No-U,50,Climate,20260809,0.7056603773584905
No-U,50,Climate,20260810,0.704119850187266
No-U,50,Climate,20260811,0.7142857142857143
No-U,50,Climate,20260812,0.7191011235955056
No-U,50,Climate,20260813,0.7089552238805971
No-U,50,Climate,20260814,0.6954887218045113
No-U,50,Climate,20260815,0.6966292134831461
No-U,50,Climate,20260816,0.6704119850187266
No-U,50,Climate,20260817,0.7388059701492538
No-U,50,Climate,20260818,0.6455223880597015
No-U,50,Climate,20260819,0.6716417910447762
No-U,50,Climate,20260820,0.6641509433962264
No-U,50,Climate,20260821,0.6528301886792452
No-U,50,Climate,20260822,0.7624521072796935
No-U,50,Climate,20260823,0.7424242424242424
No-U,50,Climate,20260824,0.667910447761194
No-U,50,Climate,20260825,0.7276119402985075
No-U,50,Climate,20260826,0.7018867924528301
No-U,50,Climate,20260827,0.7126865671641791
No-U,50,Climate,20260828,0.6541353383458647
No-U,50,Climate,20260829,0.7396226415094339
No-U,50,Climate,20260830,0.7433962264150943
No-U,50,Climate,20260831,0.7330827067669173
No-U,50,Climate,20260832,0.6992481203007519
No-U,50,Climate,20260833,0.714828897338403
No-U,50,Climate,20260834,0.7293233082706767
No-U,50,Climate,20260835,0.752851711026616
No-U,50,Climate,20260836,0.6853932584269663
No-U,50,Climate,20260837,0.6867924528301886
No-U,50,Traffic,20260808,0.6830985915492958
No-U,50,Traffic,20260809,0.688135593220339
No-U,50,Traffic,20260810,0.7013422818791947
No-U,50,Traffic,20260811,0.7118055555555556
No-U,50,Traffic,20260812,0.7282229965156795
No-U,50,Traffic,20260813,0.726643598615917
No-U,50,Traffic,20260814,0.6872852233676976
No-U,50,Traffic,20260815,0.7281879194630873
No-U,50,Traffic,20260816,0.75
No-U,50,Traffic,20260817,0.6959459459459459
No-U,50,Traffic,20260818,0.6860068259385665
No-U,50,Traffic,20260819,0.6936026936026936
No-U,50,Traffic,20260820,0.6847457627118644
No-U,50,Traffic,20260821,0.6851211072664359
No-U,50,Traffic,20260822,0.7191780821917808
No-U,50,Traffic,20260823,0.7397260273972602
No-U,50,Traffic,20260824,0.7054794520547946
No-U,50,Traffic,20260825,0.696551724137931
No-U,50,Traffic,20260826,0.708904109589041
No-U,50,Traffic,20260827,0.67003367003367
No-U,50,Traffic,20260828,0.7006802721088435
No-U,50,Traffic,20260829,0.7138047138047138
No-U,50,Traffic,20260830,0.7128378378378378
No-U,50,Traffic,20260831,0.6972789115646258
No-U,50,Traffic,20260832,0.6972789115646258
No-U,50,Traffic,20260833,0.6666666666666666
No-U,50,Traffic,20260834,0.6912751677852349
No-U,50,Traffic,20260835,0.7079037800687286
No-U,50,Traffic,20260836,0.7013422818791947
No-U,50,Traffic,20260837,0.7192982456140351
No-U,50,Water,20260808,0.7638888888888888
No-U,50,Water,20260809,0.775330396475771
No-U,50,Water,20260810,0.6859504132231405
No-U,50,Water,20260811,0.7117903930131004
No-U,50,Water,20260812,0.6696428571428571
No-U,50,Water,20260813,0.7608695652173914
No-U,50,Water,20260814,0.7181818181818181
No-U,50,Water,20260815,0.6830357142857143
No-U,50,Water,20260816,0.7142857142857143
No-U,50,Water,20260817,0.7695652173913043
No-U,50,Water,20260818,0.6696035242290749
No-U,50,Water,20260819,0.6964285714285714
No-U,50,Water,20260820,0.7877551020408163
No-U,50,Water,20260821,0.7719298245614035
No-U,50,Water,20260822,0.7510548523206751
No-U,50,Water,20260823,0.7342342342342343
No-U,50,Water,20260824,0.7224669603524229
No-U,50,Water,20260825,0.7248908296943232
No-U,50,Water,20260826,0.7142857142857143
No-U,50,Water,20260827,0.706140350877193
No-U,50,Water,20260828,0.6764705882352942
No-U,50,Water,20260829,0.7792792792792793
No-U,50,Water,20260830,0.7241379310344828
No-U,50,Water,20260831,0.7347826086956522
No-U,50,Water,20260832,0.7288888888888889
No-U,50,Water,20260833,0.7348837209302326
No-U,50,Water,20260834,0.7393162393162394
No-U,50,Water,20260835,0.7142857142857143
No-U,50,Water,20260836,0.748898678414097
No-U,50,Water,20260837,0.7754237288135594
No-U,60,Climate,20260808,0.714859437751004
No-U,60,Climate,20260809,0.7469879518072289
No-U,60,Climate,20260810,0.72
No-U,60,Climate,20260811,0.704
No-U,60,Climate,20260812,0.76
No-U,60,Climate,20260813,0.7019607843137254
No-U,60,Climate,20260814,0.6758893280632411
No-U,60,Climate,20260815,0.7448559670781894
No-U,60,Climate,20260816,0.7520325203252033
No-U,60,Climate,20260817,0.708502024291498
No-U,60,Climate,20260818,0.7449392712550608
No-U,60,Climate,20260819,0.7490196078431373
No-U,60,Climate,20260820,0.7108433734939759
No-U,60,Climate,20260821,0.7306122448979592
No-U,60,Climate,20260822,0.7611336032388664
No-U,60,Climate,20260823,0.7407407407407407
No-U,60,Climate,20260824,0.6980392156862745
No-U,60,Climate,20260825,0.7103174603174603
No-U,60,Climate,20260826,0.7427385892116183
No-U,60,Climate,20260827,0.701195219123506
No-U,60,Climate,20260828,0.757085020242915
No-U,60,Climate,20260829,0.7165991902834008
No-U,60,Climate,20260830,0.7338709677419355
No-U,60,Climate,20260831,0.7004048582995951
No-U,60,Climate,20260832,0.7063492063492064
No-U,60,Climate,20260833,0.7195121951219512
No-U,60,Climate,20260834,0.7379032258064516
No-U,60,Climate,20260835,0.7670682730923695
No-U,60,Climate,20260836,0.746031746031746
No-U,60,Climate,20260837,0.7468879668049793
No-U,60,Traffic,20260808,0.7296416938110749
No-U,60,Traffic,20260809,0.7785016286644951
No-U,60,Traffic,20260810,0.7038216560509554
No-U,60,Traffic,20260811,0.7466666666666667
No-U,60,Traffic,20260812,0.7940199335548173
No-U,60,Traffic,20260813,0.749185667752443
No-U,60,Traffic,20260814,0.7508196721311475
No-U,60,Traffic,20260815,0.7152103559870551
No-U,60,Traffic,20260816,0.7278481012658228
No-U,60,Traffic,20260817,0.7652733118971061
No-U,60,Traffic,20260818,0.7684887459807074
No-U,60,Traffic,20260819,0.750788643533123
No-U,60,Traffic,20260820,0.7845117845117845
No-U,60,Traffic,20260821,0.8355704697986577
No-U,60,Traffic,20260822,0.7878787878787878
No-U,60,Traffic,20260823,0.7712418300653595
No-U,60,Traffic,20260824,0.7625418060200669
No-U,60,Traffic,20260825,0.7582781456953642
No-U,60,Traffic,20260826,0.7238095238095238
No-U,60,Traffic,20260827,0.7610062893081762
No-U,60,Traffic,20260828,0.7918088737201365
No-U,60,Traffic,20260829,0.7766323024054983
No-U,60,Traffic,20260830,0.722397476340694
No-U,60,Traffic,20260831,0.710691823899371
No-U,60,Traffic,20260832,0.755700325732899
No-U,60,Traffic,20260833,0.7151898734177216
No-U,60,Traffic,20260834,0.7491749174917491
No-U,60,Traffic,20260835,0.7556270096463023
No-U,60,Traffic,20260836,0.7748344370860927
No-U,60,Traffic,20260837,0.7810457516339869
No-U,60,Water,20260808,0.8201754385964912
No-U,60,Water,20260809,0.8326693227091634
No-U,60,Water,20260810,0.8098859315589354
No-U,60,Water,20260811,0.7709923664122137
No-U,60,Water,20260812,0.8097165991902834
No-U,60,Water,20260813,0.8087649402390438
No-U,60,Water,20260814,0.8299595141700404
No-U,60,Water,20260815,0.7898832684824902
No-U,60,Water,20260816,0.8270042194092827
No-U,60,Water,20260817,0.8122743682310469
No-U,60,Water,20260818,0.8600823045267489
No-U,60,Water,20260819,0.8240343347639485
No-U,60,Water,20260820,0.7969924812030075
No-U,60,Water,20260821,0.8629032258064516
No-U,60,Water,20260822,0.7954545454545454
No-U,60,Water,20260823,0.8273092369477911
No-U,60,Water,20260824,0.8353909465020576
No-U,60,Water,20260825,0.7945736434108527
No-U,60,Water,20260826,0.79296875
No-U,60,Water,20260827,0.8127490039840638
No-U,60,Water,20260828,0.8333333333333334
No-U,60,Water,20260829,0.8149606299212598
No-U,60,Water,20260830,0.8007968127490039
No-U,60,Water,20260831,0.7969348659003831
No-U,60,Water,20260832,0.7449392712550608
No-U,60,Water,20260833,0.7941176470588235
No-U,60,Water,20260834,0.7902621722846442
No-U,60,Water,20260835,0.7946768060836502
No-U,60,Water,20260836,0.8455284552845529
No-U,60,Water,20260837,0.7915057915057915
No-U,70,Climate,20260808,0.7760617760617761
No-U,70,Climate,20260809,0.7660377358490567
No-U,70,Climate,20260810,0.7444444444444445
No-U,70,Climate,20260811,0.7420634920634921
No-U,70,Climate,20260812,0.7630522088353414
No-U,70,Climate,20260813,0.76171875
No-U,70,Climate,20260814,0.769811320754717
No-U,70,Climate,20260815,0.7857142857142857
No-U,70,Climate,20260816,0.7376425855513308
No-U,70,Climate,20260817,0.767175572519084
No-U,70,Climate,20260818,0.7201492537313433
No-U,70,Climate,20260819,0.7761194029850746
No-U,70,Climate,20260820,0.7547892720306514
No-U,70,Climate,20260821,0.7404580152671756
No-U,70,Climate,20260822,0.7546468401486989
No-U,70,Climate,20260823,0.8045112781954887
No-U,70,Climate,20260824,0.7803030303030303
No-U,70,Climate,20260825,0.73992673992674
No-U,70,Climate,20260826,0.751937984496124
No-U,70,Climate,20260827,0.7348484848484849
No-U,70,Climate,20260828,0.7394636015325671
No-U,70,Climate,20260829,0.7307692307692307
No-U,70,Climate,20260830,0.706959706959707
No-U,70,Climate,20260831,0.7756653992395437
No-U,70,Climate,20260832,0.7441860465116279
No-U,70,Climate,20260833,0.7530364372469636
No-U,70,Climate,20260834,0.8132780082987552
No-U,70,Climate,20260835,0.7615384615384615
No-U,70,Climate,20260836,0.752851711026616
No-U,70,Climate,20260837,0.7874015748031497
No-U,70,Traffic,20260808,0.8634686346863468
No-U,70,Traffic,20260809,0.8726591760299626
No-U,70,Traffic,20260810,0.8442906574394463
No-U,70,Traffic,20260811,0.9402390438247012
No-U,70,Traffic,20260812,0.8812260536398467
No-U,70,Traffic,20260813,0.8490566037735849
No-U,70,Traffic,20260814,0.8413284132841329
No-U,70,Traffic,20260815,0.8090277777777778
No-U,70,Traffic,20260816,0.8466898954703833
No-U,70,Traffic,20260817,0.8515901060070671
No-U,70,Traffic,20260818,0.8392857142857143
No-U,70,Traffic,20260819,0.8315789473684211
No-U,70,Traffic,20260820,0.8782287822878229
No-U,70,Traffic,20260821,0.8754716981132076
No-U,70,Traffic,20260822,0.9061371841155235
No-U,70,Traffic,20260823,0.9090909090909091
No-U,70,Traffic,20260824,0.8840579710144928
No-U,70,Traffic,20260825,0.8838951310861424
No-U,70,Traffic,20260826,0.864963503649635
No-U,70,Traffic,20260827,0.8432055749128919
No-U,70,Traffic,20260828,0.8803088803088803
No-U,70,Traffic,20260829,0.8893129770992366
No-U,70,Traffic,20260830,0.8398576512455516
No-U,70,Traffic,20260831,0.8260869565217391
No-U,70,Traffic,20260832,0.8447653429602888
No-U,70,Traffic,20260833,0.8315789473684211
No-U,70,Traffic,20260834,0.8661710037174721
No-U,70,Traffic,20260835,0.8924731182795699
No-U,70,Traffic,20260836,0.8530465949820788
No-U,70,Traffic,20260837,0.8453237410071942
No-U,70,Water,20260808,0.9411764705882353
No-U,70,Water,20260809,0.9217877094972067
No-U,70,Water,20260810,0.9022988505747126
No-U,70,Water,20260811,0.9217877094972067
No-U,70,Water,20260812,0.926829268292683
No-U,70,Water,20260813,0.903954802259887
No-U,70,Water,20260814,0.9431818181818182
No-U,70,Water,20260815,0.888235294117647
No-U,70,Water,20260816,0.9761904761904762
No-U,70,Water,20260817,0.9032258064516129
No-U,70,Water,20260818,0.9636363636363636
No-U,70,Water,20260819,0.9176470588235294
No-U,70,Water,20260820,0.9217877094972067
No-U,70,Water,20260821,0.949438202247191
No-U,70,Water,20260822,0.9404761904761905
No-U,70,Water,20260823,0.9874213836477987
No-U,70,Water,20260824,0.9012345679012346
No-U,70,Water,20260825,0.8852459016393442
No-U,70,Water,20260826,0.896551724137931
No-U,70,Water,20260827,0.9341317365269461
No-U,70,Water,20260828,0.9444444444444444
No-U,70,Water,20260829,0.9
No-U,70,Water,20260830,0.9181286549707602
No-U,70,Water,20260831,0.9180327868852459
No-U,70,Water,20260832,0.896969696969697
No-U,70,Water,20260833,0.926829268292683
No-U,70,Water,20260834,0.8539325842696629
No-U,70,Water,20260835,0.9378531073446328
No-U,70,Water,20260836,0.9142857142857143
No-U,70,Water,20260837,0.9269662921348315
No-U,80,Climate,20260808,0.8403755868544601
No-U,80,Climate,20260809,0.8211009174311926
No-U,80,Climate,20260810,0.8144796380090498
No-U,80,Climate,20260811,0.8454545454545455
No-U,80,Climate,20260812,0.8365384615384616
No-U,80,Climate,20260813,0.8405797101449275
No-U,80,Climate,20260814,0.8464912280701754
No-U,80,Climate,20260815,0.8585858585858586
No-U,80,Climate,20260816,0.8245614035087719
No-U,80,Climate,20260817,0.8333333333333334
No-U,80,Climate,20260818,0.8401826484018264
No-U,80,Climate,20260819,0.808695652173913
No-U,80,Climate,20260820,0.8325358851674641
No-U,80,Climate,20260821,0.8577981651376146
No-U,80,Climate,20260822,0.8044444444444444
No-U,80,Climate,20260823,0.8709677419354839
No-U,80,Climate,20260824,0.8701298701298701
No-U,80,Climate,20260825,0.822429906542056
No-U,80,Climate,20260826,0.8394495412844036
No-U,80,Climate,20260827,0.8181818181818182
No-U,80,Climate,20260828,0.8394495412844036
No-U,80,Climate,20260829,0.8529411764705882
No-U,80,Climate,20260830,0.8304347826086956
No-U,80,Climate,20260831,0.8380952380952381
No-U,80,Climate,20260832,0.8243243243243243
No-U,80,Climate,20260833,0.8932038834951457
No-U,80,Climate,20260834,0.8878504672897196
No-U,80,Climate,20260835,0.8119266055045872
No-U,80,Climate,20260836,0.827906976744186
No-U,80,Climate,20260837,0.880184331797235
No-U,80,Traffic,20260808,0.9495412844036697
No-U,80,Traffic,20260809,0.9727272727272728
No-U,80,Traffic,20260810,0.9532710280373832
No-U,80,Traffic,20260811,0.9948186528497409
No-U,80,Traffic,20260812,0.9620853080568721
No-U,80,Traffic,20260813,0.9617224880382775
No-U,80,Traffic,20260814,0.9254385964912281
No-U,80,Traffic,20260815,0.9186602870813397
No-U,80,Traffic,20260816,0.9481132075471698
No-U,80,Traffic,20260817,0.9351851851851852
No-U,80,Traffic,20260818,0.9678899082568807
No-U,80,Traffic,20260819,0.9674418604651163
No-U,80,Traffic,20260820,0.9624413145539906
No-U,80,Traffic,20260821,0.9483568075117371
No-U,80,Traffic,20260822,0.9577464788732394
No-U,80,Traffic,20260823,0.9952380952380953
No-U,80,Traffic,20260824,0.9279279279279279
No-U,80,Traffic,20260825,0.9444444444444444
No-U,80,Traffic,20260826,0.9724770642201835
No-U,80,Traffic,20260827,0.9433962264150944
No-U,80,Traffic,20260828,0.9707317073170731
No-U,80,Traffic,20260829,0.9594594594594594
No-U,80,Traffic,20260830,0.96
No-U,80,Traffic,20260831,0.9380530973451328
No-U,80,Traffic,20260832,0.9519230769230769
No-U,80,Traffic,20260833,0.9409090909090909
No-U,80,Traffic,20260834,0.9680365296803652
No-U,80,Traffic,20260835,0.9395348837209302
No-U,80,Traffic,20260836,0.963963963963964
No-U,80,Traffic,20260837,0.911504424778761
No-U,80,Water,20260808,0.9887005649717514
No-U,80,Water,20260809,0.9375
No-U,80,Water,20260810,0.9722222222222222
No-U,80,Water,20260811,0.9175824175824175
No-U,80,Water,20260812,0.9826589595375722
No-U,80,Water,20260813,0.9822485207100592
No-U,80,Water,20260814,0.9615384615384616
No-U,80,Water,20260815,0.9715909090909091
No-U,80,Water,20260816,0.9878787878787879
No-U,80,Water,20260817,0.9347826086956522
No-U,80,Water,20260818,0.9878787878787879
No-U,80,Water,20260819,0.9512195121951219
No-U,80,Water,20260820,0.9629629629629629
No-U,80,Water,20260821,0.9878787878787879
No-U,80,Water,20260822,0.9542857142857143
No-U,80,Water,20260823,0.9887005649717514
No-U,80,Water,20260824,0.9767441860465116
No-U,80,Water,20260825,0.9375
No-U,80,Water,20260826,0.9807692307692307
No-U,80,Water,20260827,0.9767441860465116
No-U,80,Water,20260828,0.943502824858757
No-U,80,Water,20260829,0.9431818181818182
No-U,80,Water,20260830,0.9884393063583815
No-U,80,Water,20260831,0.9825581395348837
No-U,80,Water,20260832,0.9761904761904762
No-U,80,Water,20260833,0.9944444444444445
No-U,80,Water,20260834,0.978021978021978
No-U,80,Water,20260835,0.9766081871345029
No-U,80,Water,20260836,0.9438202247191011
No-U,80,Water,20260837,0.9417989417989417
No-U,90,Climate,20260808,0.94
No-U,90,Climate,20260809,0.921875
No-U,90,Climate,20260810,0.9040404040404041
No-U,90,Climate,20260811,0.8963730569948186
No-U,90,Climate,20260812,0.9456521739130435
No-U,90,Climate,20260813,0.9166666666666666
No-U,90,Climate,20260814,0.8995215311004785
No-U,90,Climate,20260815,0.9438775510204082
No-U,90,Climate,20260816,0.8939393939393939
No-U,90,Climate,20260817,0.923469387755102
No-U,90,Climate,20260818,0.8823529411764706
No-U,90,Climate,20260819,0.8803827751196173
No-U,90,Climate,20260820,0.9210526315789473
No-U,90,Climate,20260821,0.9154228855721394
No-U,90,Climate,20260822,0.9010416666666666
No-U,90,Climate,20260823,0.9
No-U,90,Climate,20260824,0.861244019138756
No-U,90,Climate,20260825,0.8974358974358975
No-U,90,Climate,20260826,0.900497512437811
No-U,90,Climate,20260827,0.9045226130653267
No-U,90,Climate,20260828,0.925
No-U,90,Climate,20260829,0.9141414141414141
No-U,90,Climate,20260830,0.8798076923076923
No-U,90,Climate,20260831,0.9326424870466321
No-U,90,Climate,20260832,0.9242424242424242
No-U,90,Climate,20260833,0.9444444444444444
No-U,90,Climate,20260834,0.9329608938547486
No-U,90,Climate,20260835,0.9183673469387755
No-U,90,Climate,20260836,0.9081632653061225
No-U,90,Climate,20260837,0.9282051282051282
No-U,90,Traffic,20260808,0.9832402234636871
No-U,90,Traffic,20260809,1.0
No-U,90,Traffic,20260810,0.9715909090909091
No-U,90,Traffic,20260811,0.9883040935672515
No-U,90,Traffic,20260812,0.9840425531914894
No-U,90,Traffic,20260813,0.9897435897435898
No-U,90,Traffic,20260814,0.9781420765027322
No-U,90,Traffic,20260815,0.9743589743589743
No-U,90,Traffic,20260816,0.9728260869565217
No-U,90,Traffic,20260817,0.9735449735449735
No-U,90,Traffic,20260818,1.0
No-U,90,Traffic,20260819,1.0
No-U,90,Traffic,20260820,0.9788359788359788
No-U,90,Traffic,20260821,0.9888268156424581
No-U,90,Traffic,20260822,0.9826589595375722
No-U,90,Traffic,20260823,0.9941860465116279
No-U,90,Traffic,20260824,0.9661016949152542
No-U,90,Traffic,20260825,0.9943502824858758
No-U,90,Traffic,20260826,0.972972972972973
No-U,90,Traffic,20260827,0.983957219251337
No-U,90,Traffic,20260828,0.9945652173913043
No-U,90,Traffic,20260829,0.9848484848484849
No-U,90,Traffic,20260830,0.9779005524861878
No-U,90,Traffic,20260831,0.9835164835164835
No-U,90,Traffic,20260832,0.994475138121547
No-U,90,Traffic,20260833,0.978494623655914
No-U,90,Traffic,20260834,0.9738219895287958
No-U,90,Traffic,20260835,0.9787234042553191
No-U,90,Traffic,20260836,1.0
No-U,90,Traffic,20260837,1.0
No-U,90,Water,20260808,1.0
No-U,90,Water,20260809,0.9949238578680203
No-U,90,Water,20260810,1.0
No-U,90,Water,20260811,1.0
No-U,90,Water,20260812,0.9954337899543378
No-U,90,Water,20260813,1.0
No-U,90,Water,20260814,1.0
No-U,90,Water,20260815,0.9949748743718593
No-U,90,Water,20260816,1.0
No-U,90,Water,20260817,0.9904306220095693
No-U,90,Water,20260818,1.0
No-U,90,Water,20260819,0.995049504950495
No-U,90,Water,20260820,1.0
No-U,90,Water,20260821,1.0
No-U,90,Water,20260822,1.0
No-U,90,Water,20260823,1.0
No-U,90,Water,20260824,0.9904306220095693
No-U,90,Water,20260825,0.9951456310679612
No-U,90,Water,20260826,0.9950248756218906
No-U,90,Water,20260827,1.0
No-U,90,Water,20260828,0.9897959183673469
No-U,90,Water,20260829,0.9896907216494846
No-U,90,Water,20260830,1.0
No-U,90,Water,20260831,1.0
No-U,90,Water,20260832,1.0
No-U,90,Water,20260833,0.9903381642512077
No-U,90,Water,20260834,0.98989898989899
No-U,90,Water,20260835,1.0
No-U,90,Water,20260836,1.0
No-U,90,Water,20260837,0.9951456310679612
No-U,100,Climate,20260808,0.9948186528497409
No-U,100,Climate,20260809,0.9854368932038835
No-U,100,Climate,20260810,0.9545454545454546
No-U,100,Climate,20260811,0.9468599033816425
No-U,100,Climate,20260812,0.99
No-U,100,Climate,20260813,0.9473684210526315
No-U,100,Climate,20260814,0.9414634146341463
No-U,100,Climate,20260815,0.9585492227979274
No-U,100,Climate,20260816,0.9569377990430622
No-U,100,Climate,20260817,0.964824120603015
No-U,100,Climate,20260818,0.9345794392523364
No-U,100,Climate,20260819,0.9489795918367347
No-U,100,Climate,20260820,0.9847715736040609
No-U,100,Climate,20260821,0.9707317073170731
No-U,100,Climate,20260822,0.9359605911330049
No-U,100,Climate,20260823,0.9631578947368421
No-U,100,Climate,20260824,0.919431279620853
No-U,100,Climate,20260825,0.97
No-U,100,Climate,20260826,0.925
No-U,100,Climate,20260827,0.9558823529411765
No-U,100,Climate,20260828,0.9744897959183674
No-U,100,Climate,20260829,0.9502487562189055
No-U,100,Climate,20260830,0.965
No-U,100,Climate,20260831,0.975
No-U,100,Climate,20260832,0.9848484848484849
No-U,100,Climate,20260833,0.975609756097561
No-U,100,Climate,20260834,0.9812206572769953
No-U,100,Climate,20260835,0.9789473684210527
No-U,100,Climate,20260836,0.9502487562189055
No-U,100,Climate,20260837,0.9569377990430622
No-U,100,Traffic,20260808,1.0
No-U,100,Traffic,20260809,1.0
No-U,100,Traffic,20260810,0.9950738916256158
No-U,100,Traffic,20260811,1.0
No-U,100,Traffic,20260812,1.0
No-U,100,Traffic,20260813,1.0
No-U,100,Traffic,20260814,0.9950248756218906
No-U,100,Traffic,20260815,1.0
No-U,100,Traffic,20260816,1.0
No-U,100,Traffic,20260817,0.985
No-U,100,Traffic,20260818,1.0
No-U,100,Traffic,20260819,1.0
No-U,100,Traffic,20260820,1.0
No-U,100,Traffic,20260821,1.0
No-U,100,Traffic,20260822,1.0
No-U,100,Traffic,20260823,0.995049504950495
No-U,100,Traffic,20260824,0.9764150943396226
No-U,100,Traffic,20260825,1.0
No-U,100,Traffic,20260826,1.0
No-U,100,Traffic,20260827,1.0
No-U,100,Traffic,20260828,1.0
No-U,100,Traffic,20260829,1.0
No-U,100,Traffic,20260830,0.9951219512195122
No-U,100,Traffic,20260831,0.9951219512195122
No-U,100,Traffic,20260832,1.0
No-U,100,Traffic,20260833,1.0
No-U,100,Traffic,20260834,0.9857142857142858
No-U,100,Traffic,20260835,0.9900990099009901
No-U,100,Traffic,20260836,1.0
No-U,100,Traffic,20260837,0.9904306220095693
No-U,100,Water,20260808,1.0
No-U,100,Water,20260809,1.0
No-U,100,Water,20260810,1.0
No-U,100,Water,20260811,1.0
No-U,100,Water,20260812,1.0
No-U,100,Water,20260813,1.0
No-U,100,Water,20260814,1.0
No-U,100,Water,20260815,1.0
No-U,100,Water,20260816,0.9939393939393939
No-U,100,Water,20260817,1.0
No-U,100,Water,20260818,1.0
No-U,100,Water,20260819,1.0
No-U,100,Water,20260820,1.0
No-U,100,Water,20260821,0.9875776397515528
No-U,100,Water,20260822,1.0
No-U,100,Water,20260823,1.0
No-U,100,Water,20260824,0.9940476190476191
No-U,100,Water,20260825,1.0
No-U,100,Water,20260826,1.0
No-U,100,Water,20260827,1.0
No-U,100,Water,20260828,1.0
No-U,100,Water,20260829,1.0
No-U,100,Water,20260830,0.9880952380952381
No-U,100,Water,20260831,1.0
No-U,100,Water,20260832,1.0
No-U,100,Water,20260833,1.0
No-U,100,Water,20260834,1.0
No-U,100,Water,20260835,1.0
No-U,100,Water,20260836,1.0
No-U,100,Water,20260837,1.0
Sequential,10,Climate,20260808,0.7315175097276264
Sequential,10,Climate,20260809,0.6770428015564203
Sequential,10,Climate,20260810,0.7354085603112841
Sequential,10,Climate,20260811,0.6614785992217899
Sequential,10,Climate,20260812,0.7198443579766537
Sequential,10,Climate,20260813,0.6614785992217899
Sequential,10,Climate,20260814,0.6848249027237354
Sequential,10,Climate,20260815,0.7315175097276264
Sequential,10,Climate,20260816,0.7003891050583657
Sequential,10,Climate,20260817,0.7120622568093385
Sequential,10,Climate,20260818,0.6964980544747081
Sequential,10,Climate,20260819,0.6848249027237354
Sequential,10,Climate,20260820,0.7120622568093385
Sequential,10,Climate,20260821,0.6964980544747081
Sequential,10,Climate,20260822,0.6770428015564203
Sequential,10,Climate,20260823,0.6575875486381323
Sequential,10,Climate,20260824,0.7003891050583657
Sequential,10,Climate,20260825,0.7159533073929961
Sequential,10,Climate,20260826,0.7159533073929961
Sequential,10,Climate,20260827,0.6770428015564203
Sequential,10,Climate,20260828,0.7120622568093385
Sequential,10,Climate,20260829,0.7237354085603113
Sequential,10,Climate,20260830,0.7159533073929961
Sequential,10,Climate,20260831,0.7237354085603113
Sequential,10,Climate,20260832,0.6809338521400778
Sequential,10,Climate,20260833,0.7003891050583657
Sequential,10,Climate,20260834,0.6653696498054474
Sequential,10,Climate,20260835,0.6926070038910506
Sequential,10,Climate,20260836,0.7509727626459144
Sequential,10,Climate,20260837,0.6926070038910506
Sequential,10,Traffic,20260808,0.6726618705035972
Sequential,10,Traffic,20260809,0.7410071942446043
Sequential,10,Traffic,20260810,0.7086330935251799
Sequential,10,Traffic,20260811,0.7302158273381295
Sequential,10,Traffic,20260812,0.7302158273381295
Sequential,10,Traffic,20260813,0.6942446043165468
Sequential,10,Traffic,20260814,0.7230215827338129
Sequential,10,Traffic,20260815,0.7014388489208633
Sequential,10,Traffic,20260816,0.7194244604316546
Sequential,10,Traffic,20260817,0.7230215827338129
Sequential,10,Traffic,20260818,0.7086330935251799
Sequential,10,Traffic,20260819,0.6762589928057554
Sequential,10,Traffic,20260820,0.7014388489208633
Sequential,10,Traffic,20260821,0.7266187050359713
Sequential,10,Traffic,20260822,0.7158273381294964
Sequential,10,Traffic,20260823,0.6906474820143885
Sequential,10,Traffic,20260824,0.6870503597122302
Sequential,10,Traffic,20260825,0.6870503597122302
Sequential,10,Traffic,20260826,0.6798561151079137
Sequential,10,Traffic,20260827,0.7086330935251799
Sequential,10,Traffic,20260828,0.7194244604316546
Sequential,10,Traffic,20260829,0.7302158273381295
Sequential,10,Traffic,20260830,0.6798561151079137
Sequential,10,Traffic,20260831,0.737410071942446
Sequential,10,Traffic,20260832,0.6906474820143885
Sequential,10,Traffic,20260833,0.6870503597122302
Sequential,10,Traffic,20260834,0.7194244604316546
Sequential,10,Traffic,20260835,0.6654676258992805
Sequential,10,Traffic,20260836,0.6942446043165468
Sequential,10,Traffic,20260837,0.6690647482014388
Sequential,10,Water,20260808,0.6981132075471698
Sequential,10,Water,20260809,0.6745283018867925
Sequential,10,Water,20260810,0.6745283018867925
Sequential,10,Water,20260811,0.7075471698113207
Sequential,10,Water,20260812,0.7122641509433962
Sequential,10,Water,20260813,0.7264150943396226
Sequential,10,Water,20260814,0.6556603773584906
Sequential,10,Water,20260815,0.6509433962264151
Sequential,10,Water,20260816,0.6792452830188679
Sequential,10,Water,20260817,0.7075471698113207
Sequential,10,Water,20260818,0.7216981132075472
Sequential,10,Water,20260819,0.6556603773584906
Sequential,10,Water,20260820,0.7405660377358491
Sequential,10,Water,20260821,0.7547169811320755
Sequential,10,Water,20260822,0.75
Sequential,10,Water,20260823,0.7169811320754716
Sequential,10,Water,20260824,0.6886792452830188
Sequential,10,Water,20260825,0.7216981132075472
Sequential,10,Water,20260826,0.7122641509433962
Sequential,10,Water,20260827,0.6839622641509434
Sequential,10,Water,20260828,0.7311320754716981
Sequential,10,Water,20260829,0.7075471698113207
Sequential,10,Water,20260830,0.6792452830188679
Sequential,10,Water,20260831,0.7169811320754716
Sequential,10,Water,20260832,0.6981132075471698
Sequential,10,Water,20260833,0.7216981132075472
Sequential,10,Water,20260834,0.6698113207547169
Sequential,10,Water,20260835,0.7311320754716981
Sequential,10,Water,20260836,0.7216981132075472
Sequential,10,Water,20260837,0.7075471698113207
Sequential,20,Climate,20260808,0.7016949152542373
Sequential,20,Climate,20260809,0.6677966101694915
Sequential,20,Climate,20260810,0.6949152542372882
Sequential,20,Climate,20260811,0.7220338983050848
Sequential,20,Climate,20260812,0.7457627118644068
Sequential,20,Climate,20260813,0.6949152542372882
Sequential,20,Climate,20260814,0.6779661016949152
Sequential,20,Climate,20260815,0.688135593220339
Sequential,20,Climate,20260816,0.6440677966101694
Sequential,20,Climate,20260817,0.711864406779661
Sequential,20,Climate,20260818,0.7050847457627119
Sequential,20,Climate,20260819,0.7491525423728813
Sequential,20,Climate,20260820,0.6983050847457627
Sequential,20,Climate,20260821,0.6949152542372882
Sequential,20,Climate,20260822,0.7186440677966102
Sequential,20,Climate,20260823,0.6915254237288135
Sequential,20,Climate,20260824,0.711864406779661
Sequential,20,Climate,20260825,0.7084745762711865
Sequential,20,Climate,20260826,0.6949152542372882
Sequential,20,Climate,20260827,0.7016949152542373
Sequential,20,Climate,20260828,0.7220338983050848
Sequential,20,Climate,20260829,0.7457627118644068
Sequential,20,Climate,20260830,0.7084745762711865
Sequential,20,Climate,20260831,0.7254237288135593
Sequential,20,Climate,20260832,0.711864406779661
Sequential,20,Climate,20260833,0.7050847457627119
Sequential,20,Climate,20260834,0.6983050847457627
Sequential,20,Climate,20260835,0.6813559322033899
Sequential,20,Climate,20260836,0.7016949152542373
Sequential,20,Climate,20260837,0.6983050847457627
Sequential,20,Traffic,20260808,0.7189542483660131
Sequential,20,Traffic,20260809,0.6797385620915033
Sequential,20,Traffic,20260810,0.6993464052287581
Sequential,20,Traffic,20260811,0.7026143790849673
Sequential,20,Traffic,20260812,0.6764705882352942
Sequential,20,Traffic,20260813,0.6797385620915033
Sequential,20,Traffic,20260814,0.7091503267973857
Sequential,20,Traffic,20260815,0.7222222222222222
Sequential,20,Traffic,20260816,0.6862745098039216
Sequential,20,Traffic,20260817,0.6895424836601307
Sequential,20,Traffic,20260818,0.6928104575163399
Sequential,20,Traffic,20260819,0.7124183006535948
Sequential,20,Traffic,20260820,0.6764705882352942
Sequential,20,Traffic,20260821,0.6830065359477124
Sequential,20,Traffic,20260822,0.6601307189542484
Sequential,20,Traffic,20260823,0.7058823529411765
Sequential,20,Traffic,20260824,0.6993464052287581
Sequential,20,Traffic,20260825,0.7026143790849673
Sequential,20,Traffic,20260826,0.7254901960784313
Sequential,20,Traffic,20260827,0.6699346405228758
Sequential,20,Traffic,20260828,0.7026143790849673
Sequential,20,Traffic,20260829,0.6666666666666666
Sequential,20,Traffic,20260830,0.7058823529411765
Sequential,20,Traffic,20260831,0.6797385620915033
Sequential,20,Traffic,20260832,0.7026143790849673
Sequential,20,Traffic,20260833,0.7091503267973857
Sequential,20,Traffic,20260834,0.6928104575163399
Sequential,20,Traffic,20260835,0.6797385620915033
Sequential,20,Traffic,20260836,0.673202614379085
Sequential,20,Traffic,20260837,0.6830065359477124
Sequential,20,Water,20260808,0.75
Sequential,20,Water,20260809,0.7007575757575758
Sequential,20,Water,20260810,0.696969696969697
Sequential,20,Water,20260811,0.7083333333333334
Sequential,20,Water,20260812,0.6856060606060606
Sequential,20,Water,20260813,0.696969696969697
Sequential,20,Water,20260814,0.7121212121212122
Sequential,20,Water,20260815,0.6893939393939394
Sequential,20,Water,20260816,0.7272727272727273
Sequential,20,Water,20260817,0.6666666666666666
Sequential,20,Water,20260818,0.6666666666666666
Sequential,20,Water,20260819,0.6931818181818182
Sequential,20,Water,20260820,0.6893939393939394
Sequential,20,Water,20260821,0.7045454545454546
Sequential,20,Water,20260822,0.678030303030303
Sequential,20,Water,20260823,0.7234848484848485
Sequential,20,Water,20260824,0.6893939393939394
Sequential,20,Water,20260825,0.7196969696969697
Sequential,20,Water,20260826,0.696969696969697
Sequential,20,Water,20260827,0.6856060606060606
Sequential,20,Water,20260828,0.6893939393939394
Sequential,20,Water,20260829,0.6818181818181818
Sequential,20,Water,20260830,0.7007575757575758
Sequential,20,Water,20260831,0.6856060606060606
Sequential,20,Water,20260832,0.7272727272727273
Sequential,20,Water,20260833,0.7196969696969697
Sequential,20,Water,20260834,0.7196969696969697
Sequential,20,Water,20260835,0.678030303030303
Sequential,20,Water,20260836,0.7121212121212122
Sequential,20,Water,20260837,0.7007575757575758
Sequential,30,Climate,20260808,0.6840148698884758
Sequential,30,Climate,20260809,0.6988847583643123
Sequential,30,Climate,20260810,0.6691449814126395
Sequential,30,Climate,20260811,0.7472118959107806
Sequential,30,Climate,20260812,0.6914498141263941
Sequential,30,Climate,20260813,0.6988847583643123
Sequential,30,Climate,20260814,0.7100371747211895
Sequential,30,Climate,20260815,0.6988847583643123
Sequential,30,Climate,20260816,0.7509293680297398
Sequential,30,Climate,20260817,0.6914498141263941
Sequential,30,Climate,20260818,0.6765799256505576
Sequential,30,Climate,20260819,0.6728624535315985
Sequential,30,Climate,20260820,0.7174721189591078
Sequential,30,Climate,20260821,0.7137546468401487
Sequential,30,Climate,20260822,0.6988847583643123
Sequential,30,Climate,20260823,0.6840148698884758
Sequential,30,Climate,20260824,0.654275092936803
Sequential,30,Climate,20260825,0.6654275092936803
Sequential,30,Climate,20260826,0.7100371747211895
Sequential,30,Climate,20260827,0.7509293680297398
Sequential,30,Climate,20260828,0.6951672862453532
Sequential,30,Climate,20260829,0.6914498141263941
Sequential,30,Climate,20260830,0.6319702602230484
Sequential,30,Climate,20260831,0.6691449814126395
Sequential,30,Climate,20260832,0.7100371747211895
Sequential,30,Climate,20260833,0.7063197026022305
Sequential,30,Climate,20260834,0.7360594795539034
Sequential,30,Climate,20260835,0.6951672862453532
Sequential,30,Climate,20260836,0.6505576208178439
Sequential,30,Climate,20260837,0.6765799256505576
Sequential,30,Traffic,20260808,0.6956521739130435
Sequential,30,Traffic,20260809,0.7053140096618358
Sequential,30,Traffic,20260810,0.7053140096618358
Sequential,30,Traffic,20260811,0.7294685990338164
Sequential,30,Traffic,20260812,0.6956521739130435
Sequential,30,Traffic,20260813,0.714975845410628
Sequential,30,Traffic,20260814,0.7198067632850241
Sequential,30,Traffic,20260815,0.7294685990338164
Sequential,30,Traffic,20260816,0.6956521739130435
Sequential,30,Traffic,20260817,0.6666666666666666
Sequential,30,Traffic,20260818,0.7391304347826086
Sequential,30,Traffic,20260819,0.6618357487922706
Sequential,30,Traffic,20260820,0.714975845410628
Sequential,30,Traffic,20260821,0.7246376811594203
Sequential,30,Traffic,20260822,0.6956521739130435
Sequential,30,Traffic,20260823,0.7101449275362319
Sequential,30,Traffic,20260824,0.6956521739130435
Sequential,30,Traffic,20260825,0.6956521739130435
Sequential,30,Traffic,20260826,0.6908212560386473
Sequential,30,Traffic,20260827,0.7053140096618358
Sequential,30,Traffic,20260828,0.6956521739130435
Sequential,30,Traffic,20260829,0.7294685990338164
Sequential,30,Traffic,20260830,0.714975845410628
Sequential,30,Traffic,20260831,0.6811594202898551
Sequential,30,Traffic,20260832,0.6956521739130435
Sequential,30,Traffic,20260833,0.6811594202898551
Sequential,30,Traffic,20260834,0.714975845410628
Sequential,30,Traffic,20260835,0.7246376811594203
Sequential,30,Traffic,20260836,0.6859903381642513
Sequential,30,Traffic,20260837,0.6908212560386473
Sequential,30,Water,20260808,0.6870026525198939
Sequential,30,Water,20260809,0.7055702917771883
Sequential,30,Water,20260810,0.7161803713527851
Sequential,30,Water,20260811,0.7029177718832891
Sequential,30,Water,20260812,0.6976127320954907
Sequential,30,Water,20260813,0.726790450928382
Sequential,30,Water,20260814,0.6870026525198939
Sequential,30,Water,20260815,0.7214854111405835
Sequential,30,Water,20260816,0.6763925729442971
Sequential,30,Water,20260817,0.7320954907161804
Sequential,30,Water,20260818,0.7188328912466844
Sequential,30,Water,20260819,0.6790450928381963
Sequential,30,Water,20260820,0.6737400530503979
Sequential,30,Water,20260821,0.6843501326259946
Sequential,30,Water,20260822,0.6923076923076923
Sequential,30,Water,20260823,0.7347480106100795
Sequential,30,Water,20260824,0.7241379310344828
Sequential,30,Water,20260825,0.6737400530503979
Sequential,30,Water,20260826,0.7188328912466844
Sequential,30,Water,20260827,0.7294429708222812
Sequential,30,Water,20260828,0.6870026525198939
Sequential,30,Water,20260829,0.7029177718832891
Sequential,30,Water,20260830,0.6870026525198939
Sequential,30,Water,20260831,0.6816976127320955
Sequential,30,Water,20260832,0.7002652519893899
Sequential,30,Water,20260833,0.7029177718832891
Sequential,30,Water,20260834,0.7188328912466844
Sequential,30,Water,20260835,0.713527851458886
Sequential,30,Water,20260836,0.7029177718832891
Sequential,30,Water,20260837,0.6657824933687002
Sequential,40,Climate,20260808,0.7110266159695817
Sequential,40,Climate,20260809,0.714828897338403
Sequential,40,Climate,20260810,0.7072243346007605
Sequential,40,Climate,20260811,0.6958174904942965
Sequential,40,Climate,20260812,0.6730038022813688
Sequential,40,Climate,20260813,0.7224334600760456
Sequential,40,Climate,20260814,0.6806083650190115
Sequential,40,Climate,20260815,0.7110266159695817
Sequential,40,Climate,20260816,0.6958174904942965
Sequential,40,Climate,20260817,0.6615969581749049
Sequential,40,Climate,20260818,0.714828897338403
Sequential,40,Climate,20260819,0.6615969581749049
Sequential,40,Climate,20260820,0.752851711026616
Sequential,40,Climate,20260821,0.7224334600760456
Sequential,40,Climate,20260822,0.6730038022813688
Sequential,40,Climate,20260823,0.6768060836501901
Sequential,40,Climate,20260824,0.6958174904942965
Sequential,40,Climate,20260825,0.714828897338403
Sequential,40,Climate,20260826,0.6920152091254753
Sequential,40,Climate,20260827,0.6806083650190115
Sequential,40,Climate,20260828,0.688212927756654
Sequential,40,Climate,20260829,0.6844106463878327
Sequential,40,Climate,20260830,0.6692015209125475
Sequential,40,Climate,20260831,0.688212927756654
Sequential,40,Climate,20260832,0.6958174904942965
Sequential,40,Climate,20260833,0.7376425855513308
Sequential,40,Climate,20260834,0.6615969581749049
Sequential,40,Climate,20260835,0.6920152091254753
Sequential,40,Climate,20260836,0.7186311787072244
Sequential,40,Climate,20260837,0.6958174904942965
Sequential,40,Traffic,20260808,0.6960352422907489
Sequential,40,Traffic,20260809,0.7004405286343612
Sequential,40,Traffic,20260810,0.73568281938326
Sequential,40,Traffic,20260811,0.7180616740088106
Sequential,40,Traffic,20260812,0.7048458149779736
Sequential,40,Traffic,20260813,0.7180616740088106
Sequential,40,Traffic,20260814,0.6651982378854625
Sequential,40,Traffic,20260815,0.6475770925110133
Sequential,40,Traffic,20260816,0.6872246696035242
Sequential,40,Traffic,20260817,0.73568281938326
Sequential,40,Traffic,20260818,0.6519823788546255
Sequential,40,Traffic,20260819,0.7048458149779736
Sequential,40,Traffic,20260820,0.7533039647577092
Sequential,40,Traffic,20260821,0.7180616740088106
Sequential,40,Traffic,20260822,0.73568281938326
Sequential,40,Traffic,20260823,0.7136563876651982
Sequential,40,Traffic,20260824,0.7180616740088106
Sequential,40,Traffic,20260825,0.7180616740088106
Sequential,40,Traffic,20260826,0.7224669603524229
Sequential,40,Traffic,20260827,0.7268722466960352
Sequential,40,Traffic,20260828,0.6916299559471366
Sequential,40,Traffic,20260829,0.6740088105726872
Sequential,40,Traffic,20260830,0.6872246696035242
Sequential,40,Traffic,20260831,0.7268722466960352
Sequential,40,Traffic,20260832,0.7268722466960352
Sequential,40,Traffic,20260833,0.7092511013215859
Sequential,40,Traffic,20260834,0.6696035242290749
Sequential,40,Traffic,20260835,0.6960352422907489
Sequential,40,Traffic,20260836,0.6740088105726872
Sequential,40,Traffic,20260837,0.6960352422907489
Sequential,40,Water,20260808,0.7147766323024055
Sequential,40,Water,20260809,0.7147766323024055
Sequential,40,Water,20260810,0.7216494845360825
Sequential,40,Water,20260811,0.6666666666666666
Sequential,40,Water,20260812,0.6838487972508591
Sequential,40,Water,20260813,0.7285223367697594
Sequential,40,Water,20260814,0.6907216494845361
Sequential,40,Water,20260815,0.6838487972508591
Sequential,40,Water,20260816,0.6907216494845361
Sequential,40,Water,20260817,0.6426116838487973
Sequential,40,Water,20260818,0.7250859106529209
Sequential,40,Water,20260819,0.711340206185567
Sequential,40,Water,20260820,0.6666666666666666
Sequential,40,Water,20260821,0.7044673539518901
Sequential,40,Water,20260822,0.718213058419244
Sequential,40,Water,20260823,0.7010309278350515
Sequential,40,Water,20260824,0.697594501718213
Sequential,40,Water,20260825,0.7010309278350515
Sequential,40,Water,20260826,0.7216494845360825
Sequential,40,Water,20260827,0.7044673539518901
Sequential,40,Water,20260828,0.7044673539518901
Sequential,40,Water,20260829,0.697594501718213
Sequential,40,Water,20260830,0.711340206185567
Sequential,40,Water,20260831,0.718213058419244
Sequential,40,Water,20260832,0.6941580756013745
Sequential,40,Water,20260833,0.7044673539518901
Sequential,40,Water,20260834,0.6838487972508591
Sequential,40,Water,20260835,0.6804123711340206
Sequential,40,Water,20260836,0.6804123711340206
Sequential,40,Water,20260837,0.6769759450171822
Sequential,50,Climate,20260808,0.6394052044609665
Sequential,50,Climate,20260809,0.6988847583643123
Sequential,50,Climate,20260810,0.7063197026022305
Sequential,50,Climate,20260811,0.7063197026022305
Sequential,50,Climate,20260812,0.7174721189591078
Sequential,50,Climate,20260813,0.7100371747211895
Sequential,50,Climate,20260814,0.6914498141263941
Sequential,50,Climate,20260815,0.6914498141263941
Sequential,50,Climate,20260816,0.6691449814126395
Sequential,50,Climate,20260817,0.7397769516728625
Sequential,50,Climate,20260818,0.6468401486988847
Sequential,50,Climate,20260819,0.6691449814126395
Sequential,50,Climate,20260820,0.6691449814126395
Sequential,50,Climate,20260821,0.6505576208178439
Sequential,50,Climate,20260822,0.7397769516728625
Sequential,50,Climate,20260823,0.7286245353159851
Sequential,50,Climate,20260824,0.6691449814126395
Sequential,50,Climate,20260825,0.7286245353159851
Sequential,50,Climate,20260826,0.6951672862453532
Sequential,50,Climate,20260827,0.7100371747211895
Sequential,50,Climate,20260828,0.6579925650557621
Sequential,50,Climate,20260829,0.7286245353159851
Sequential,50,Climate,20260830,0.7360594795539034
Sequential,50,Climate,20260831,0.7323420074349443
Sequential,50,Climate,20260832,0.6951672862453532
Sequential,50,Climate,20260833,0.6988847583643123
Sequential,50,Climate,20260834,0.7211895910780669
Sequential,50,Climate,20260835,0.7397769516728625
Sequential,50,Climate,20260836,0.6840148698884758
Sequential,50,Climate,20260837,0.6802973977695167
Sequential,50,Traffic,20260808,0.68561872909699
Sequential,50,Traffic,20260809,0.6789297658862876
Sequential,50,Traffic,20260810,0.6989966555183946
Sequential,50,Traffic,20260811,0.7123745819397993
Sequential,50,Traffic,20260812,0.7023411371237458
Sequential,50,Traffic,20260813,0.7123745819397993
Sequential,50,Traffic,20260814,0.6923076923076923
Sequential,50,Traffic,20260815,0.725752508361204
Sequential,50,Traffic,20260816,0.7391304347826086
Sequential,50,Traffic,20260817,0.6889632107023411
Sequential,50,Traffic,20260818,0.6755852842809364
Sequential,50,Traffic,20260819,0.6923076923076923
Sequential,50,Traffic,20260820,0.68561872909699
Sequential,50,Traffic,20260821,0.6655518394648829
Sequential,50,Traffic,20260822,0.7023411371237458
Sequential,50,Traffic,20260823,0.7224080267558528
Sequential,50,Traffic,20260824,0.6989966555183946
Sequential,50,Traffic,20260825,0.68561872909699
Sequential,50,Traffic,20260826,0.6923076923076923
Sequential,50,Traffic,20260827,0.6655518394648829
Sequential,50,Traffic,20260828,0.7023411371237458
Sequential,50,Traffic,20260829,0.7090301003344481
Sequential,50,Traffic,20260830,0.7090301003344481
Sequential,50,Traffic,20260831,0.6956521739130435
Sequential,50,Traffic,20260832,0.68561872909699
Sequential,50,Traffic,20260833,0.6688963210702341
Sequential,50,Traffic,20260834,0.6923076923076923
Sequential,50,Traffic,20260835,0.705685618729097
Sequential,50,Traffic,20260836,0.7023411371237458
Sequential,50,Traffic,20260837,0.705685618729097
Sequential,50,Water,20260808,0.7254901960784313
Sequential,50,Water,20260809,0.7215686274509804
Sequential,50,Water,20260810,0.6666666666666666
Sequential,50,Water,20260811,0.6862745098039216
Sequential,50,Water,20260812,0.6627450980392157
Sequential,50,Water,20260813,0.7294117647058823
Sequential,50,Water,20260814,0.6823529411764706
Sequential,50,Water,20260815,0.6823529411764706
Sequential,50,Water,20260816,0.6980392156862745
Sequential,50,Water,20260817,0.7372549019607844
Sequential,50,Water,20260818,0.6470588235294118
Sequential,50,Water,20260819,0.6862745098039216
Sequential,50,Water,20260820,0.7568627450980392
Sequential,50,Water,20260821,0.7098039215686275
Sequential,50,Water,20260822,0.7294117647058823
Sequential,50,Water,20260823,0.6705882352941176
Sequential,50,Water,20260824,0.6941176470588235
Sequential,50,Water,20260825,0.7058823529411765
Sequential,50,Water,20260826,0.6666666666666666
Sequential,50,Water,20260827,0.6745098039215687
Sequential,50,Water,20260828,0.6509803921568628
Sequential,50,Water,20260829,0.7294117647058823
Sequential,50,Water,20260830,0.7098039215686275
Sequential,50,Water,20260831,0.7019607843137254
Sequential,50,Water,20260832,0.7411764705882353
Sequential,50,Water,20260833,0.6980392156862745
Sequential,50,Water,20260834,0.7215686274509804
Sequential,50,Water,20260835,0.6941176470588235
Sequential,50,Water,20260836,0.6980392156862745
Sequential,50,Water,20260837,0.7450980392156863
Sequential,60,Climate,20260808,0.689922480620155
Sequential,60,Climate,20260809,0.7209302325581395
Sequential,60,Climate,20260810,0.6976744186046512
Sequential,60,Climate,20260811,0.6821705426356589
Sequential,60,Climate,20260812,0.7364341085271318
Sequential,60,Climate,20260813,0.6937984496124031
Sequential,60,Climate,20260814,0.6705426356589147
Sequential,60,Climate,20260815,0.7015503875968992
Sequential,60,Climate,20260816,0.7170542635658915
Sequential,60,Climate,20260817,0.6782945736434108
Sequential,60,Climate,20260818,0.7131782945736435
Sequential,60,Climate,20260819,0.7441860465116279
Sequential,60,Climate,20260820,0.6937984496124031
Sequential,60,Climate,20260821,0.6937984496124031
Sequential,60,Climate,20260822,0.7286821705426356
Sequential,60,Climate,20260823,0.7054263565891473
Sequential,60,Climate,20260824,0.689922480620155
Sequential,60,Climate,20260825,0.6937984496124031
Sequential,60,Climate,20260826,0.7093023255813954
Sequential,60,Climate,20260827,0.6821705426356589
Sequential,60,Climate,20260828,0.7286821705426356
Sequential,60,Climate,20260829,0.686046511627907
Sequential,60,Climate,20260830,0.7093023255813954
Sequential,60,Climate,20260831,0.6705426356589147
Sequential,60,Climate,20260832,0.689922480620155
Sequential,60,Climate,20260833,0.686046511627907
Sequential,60,Climate,20260834,0.7093023255813954
Sequential,60,Climate,20260835,0.7403100775193798
Sequential,60,Climate,20260836,0.7286821705426356
Sequential,60,Climate,20260837,0.7093023255813954
Sequential,60,Traffic,20260808,0.6916167664670658
Sequential,60,Traffic,20260809,0.7155688622754491
Sequential,60,Traffic,20260810,0.6646706586826348
Sequential,60,Traffic,20260811,0.6826347305389222
Sequential,60,Traffic,20260812,0.718562874251497
Sequential,60,Traffic,20260813,0.7035928143712575
Sequential,60,Traffic,20260814,0.7065868263473054
Sequential,60,Traffic,20260815,0.6616766467065869
Sequential,60,Traffic,20260816,0.688622754491018
Sequential,60,Traffic,20260817,0.7155688622754491
Sequential,60,Traffic,20260818,0.7215568862275449
Sequential,60,Traffic,20260819,0.7125748502994012
Sequential,60,Traffic,20260820,0.7065868263473054
Sequential,60,Traffic,20260821,0.7485029940119761
Sequential,60,Traffic,20260822,0.7155688622754491
Sequential,60,Traffic,20260823,0.7065868263473054
Sequential,60,Traffic,20260824,0.6976047904191617
Sequential,60,Traffic,20260825,0.7065868263473054
Sequential,60,Traffic,20260826,0.6826347305389222
Sequential,60,Traffic,20260827,0.7245508982035929
Sequential,60,Traffic,20260828,0.7095808383233533
Sequential,60,Traffic,20260829,0.6766467065868264
Sequential,60,Traffic,20260830,0.688622754491018
Sequential,60,Traffic,20260831,0.6826347305389222
Sequential,60,Traffic,20260832,0.6946107784431138
Sequential,60,Traffic,20260833,0.6856287425149701
Sequential,60,Traffic,20260834,0.688622754491018
Sequential,60,Traffic,20260835,0.7095808383233533
Sequential,60,Traffic,20260836,0.7125748502994012
Sequential,60,Traffic,20260837,0.718562874251497
Sequential,60,Water,20260808,0.662379421221865
Sequential,60,Water,20260809,0.6913183279742765
Sequential,60,Water,20260810,0.7138263665594855
Sequential,60,Water,20260811,0.6881028938906752
Sequential,60,Water,20260812,0.707395498392283
Sequential,60,Water,20260813,0.6784565916398714
Sequential,60,Water,20260814,0.7202572347266881
Sequential,60,Water,20260815,0.7170418006430869
Sequential,60,Water,20260816,0.7106109324758842
Sequential,60,Water,20260817,0.7234726688102894
Sequential,60,Water,20260818,0.752411575562701
Sequential,60,Water,20260819,0.7234726688102894
Sequential,60,Water,20260820,0.6816720257234726
Sequential,60,Water,20260821,0.7041800643086816
Sequential,60,Water,20260822,0.7106109324758842
Sequential,60,Water,20260823,0.684887459807074
Sequential,60,Water,20260824,0.7009646302250804
Sequential,60,Water,20260825,0.6913183279742765
Sequential,60,Water,20260826,0.7202572347266881
Sequential,60,Water,20260827,0.7009646302250804
Sequential,60,Water,20260828,0.7234726688102894
Sequential,60,Water,20260829,0.7009646302250804
Sequential,60,Water,20260830,0.7009646302250804
Sequential,60,Water,20260831,0.7041800643086816
Sequential,60,Water,20260832,0.6688102893890675
Sequential,60,Water,20260833,0.6720257234726688
Sequential,60,Water,20260834,0.7106109324758842
Sequential,60,Water,20260835,0.6913183279742765
Sequential,60,Water,20260836,0.7009646302250804
Sequential,60,Water,20260837,0.7009646302250804
Sequential,70,Climate,20260808,0.7027972027972028
Sequential,70,Climate,20260809,0.7097902097902098
Sequential,70,Climate,20260810,0.7027972027972028
Sequential,70,Climate,20260811,0.6538461538461539
Sequential,70,Climate,20260812,0.6643356643356644
Sequential,70,Climate,20260813,0.6818181818181818
Sequential,70,Climate,20260814,0.7132867132867133
Sequential,70,Climate,20260815,0.7307692307692307
Sequential,70,Climate,20260816,0.6783216783216783
Sequential,70,Climate,20260817,0.7027972027972028
Sequential,70,Climate,20260818,0.6748251748251748
Sequential,70,Climate,20260819,0.7272727272727273
Sequential,70,Climate,20260820,0.6888111888111889
Sequential,70,Climate,20260821,0.6783216783216783
Sequential,70,Climate,20260822,0.7097902097902098
Sequential,70,Climate,20260823,0.7482517482517482
Sequential,70,Climate,20260824,0.7202797202797203
Sequential,70,Climate,20260825,0.7062937062937062
Sequential,70,Climate,20260826,0.6888111888111889
Sequential,70,Climate,20260827,0.6783216783216783
Sequential,70,Climate,20260828,0.6748251748251748
Sequential,70,Climate,20260829,0.6643356643356644
Sequential,70,Climate,20260830,0.6748251748251748
Sequential,70,Climate,20260831,0.7202797202797203
Sequential,70,Climate,20260832,0.6713286713286714
Sequential,70,Climate,20260833,0.6503496503496503
Sequential,70,Climate,20260834,0.6853146853146853
Sequential,70,Climate,20260835,0.6923076923076923
Sequential,70,Climate,20260836,0.6923076923076923
Sequential,70,Climate,20260837,0.6993006993006993
Sequential,70,Traffic,20260808,0.7172619047619048
Sequential,70,Traffic,20260809,0.6934523809523809
Sequential,70,Traffic,20260810,0.7351190476190477
Sequential,70,Traffic,20260811,0.7172619047619048
Sequential,70,Traffic,20260812,0.6845238095238095
Sequential,70,Traffic,20260813,0.6845238095238095
Sequential,70,Traffic,20260814,0.6904761904761905
Sequential,70,Traffic,20260815,0.6964285714285714
Sequential,70,Traffic,20260816,0.7232142857142857
Sequential,70,Traffic,20260817,0.7172619047619048
Sequential,70,Traffic,20260818,0.7142857142857143
Sequential,70,Traffic,20260819,0.7083333333333334
Sequential,70,Traffic,20260820,0.7083333333333334
Sequential,70,Traffic,20260821,0.6904761904761905
Sequential,70,Traffic,20260822,0.75
Sequential,70,Traffic,20260823,0.7142857142857143
Sequential,70,Traffic,20260824,0.7261904761904762
Sequential,70,Traffic,20260825,0.7083333333333334
Sequential,70,Traffic,20260826,0.7053571428571429
Sequential,70,Traffic,20260827,0.7202380952380952
Sequential,70,Traffic,20260828,0.6785714285714286
Sequential,70,Traffic,20260829,0.6934523809523809
Sequential,70,Traffic,20260830,0.7023809523809523
Sequential,70,Traffic,20260831,0.6934523809523809
Sequential,70,Traffic,20260832,0.6964285714285714
Sequential,70,Traffic,20260833,0.7083333333333334
Sequential,70,Traffic,20260834,0.6964285714285714
Sequential,70,Traffic,20260835,0.7410714285714286
Sequential,70,Traffic,20260836,0.7142857142857143
Sequential,70,Traffic,20260837,0.6994047619047619
Sequential,70,Water,20260808,0.6779661016949152
Sequential,70,Water,20260809,0.7245762711864406
Sequential,70,Water,20260810,0.690677966101695
Sequential,70,Water,20260811,0.7203389830508474
Sequential,70,Water,20260812,0.6991525423728814
Sequential,70,Water,20260813,0.690677966101695
Sequential,70,Water,20260814,0.7415254237288136
Sequential,70,Water,20260815,0.6949152542372882
Sequential,70,Water,20260816,0.7161016949152542
Sequential,70,Water,20260817,0.7203389830508474
Sequential,70,Water,20260818,0.711864406779661
Sequential,70,Water,20260819,0.75
Sequential,70,Water,20260820,0.7076271186440678
Sequential,70,Water,20260821,0.7161016949152542
Sequential,70,Water,20260822,0.6949152542372882
Sequential,70,Water,20260823,0.6822033898305084
Sequential,70,Water,20260824,0.6567796610169492
Sequential,70,Water,20260825,0.6949152542372882
Sequential,70,Water,20260826,0.6949152542372882
Sequential,70,Water,20260827,0.7161016949152542
Sequential,70,Water,20260828,0.7457627118644068
Sequential,70,Water,20260829,0.7033898305084746
Sequential,70,Water,20260830,0.6822033898305084
Sequential,70,Water,20260831,0.7330508474576272
Sequential,70,Water,20260832,0.7033898305084746
Sequential,70,Water,20260833,0.6822033898305084
Sequential,70,Water,20260834,0.6567796610169492
Sequential,70,Water,20260835,0.7161016949152542
Sequential,70,Water,20260836,0.6991525423728814
Sequential,70,Water,20260837,0.7203389830508474
Sequential,80,Climate,20260808,0.685823754789272
Sequential,80,Climate,20260809,0.685823754789272
Sequential,80,Climate,20260810,0.6896551724137931
Sequential,80,Climate,20260811,0.7126436781609196
Sequential,80,Climate,20260812,0.6666666666666666
Sequential,80,Climate,20260813,0.6666666666666666
Sequential,80,Climate,20260814,0.7394636015325671
Sequential,80,Climate,20260815,0.6513409961685823
Sequential,80,Climate,20260816,0.7203065134099617
Sequential,80,Climate,20260817,0.7088122605363985
Sequential,80,Climate,20260818,0.7049808429118773
Sequential,80,Climate,20260819,0.7126436781609196
Sequential,80,Climate,20260820,0.6666666666666666
Sequential,80,Climate,20260821,0.7164750957854407
Sequential,80,Climate,20260822,0.6934865900383141
Sequential,80,Climate,20260823,0.7241379310344828
Sequential,80,Climate,20260824,0.7701149425287356
Sequential,80,Climate,20260825,0.6743295019157088
Sequential,80,Climate,20260826,0.7049808429118773
Sequential,80,Climate,20260827,0.6896551724137931
Sequential,80,Climate,20260828,0.7011494252873564
Sequential,80,Climate,20260829,0.6666666666666666
Sequential,80,Climate,20260830,0.7318007662835249
Sequential,80,Climate,20260831,0.6781609195402298
Sequential,80,Climate,20260832,0.7011494252873564
Sequential,80,Climate,20260833,0.7049808429118773
Sequential,80,Climate,20260834,0.7279693486590039
Sequential,80,Climate,20260835,0.6781609195402298
Sequential,80,Climate,20260836,0.6819923371647509
Sequential,80,Climate,20260837,0.7318007662835249
Sequential,80,Traffic,20260808,0.7098976109215017
Sequential,80,Traffic,20260809,0.7303754266211604
Sequential,80,Traffic,20260810,0.6962457337883959
Sequential,80,Traffic,20260811,0.6655290102389079
Sequential,80,Traffic,20260812,0.6928327645051194
Sequential,80,Traffic,20260813,0.689419795221843
Sequential,80,Traffic,20260814,0.726962457337884
Sequential,80,Traffic,20260815,0.6552901023890785
Sequential,80,Traffic,20260816,0.6860068259385665
Sequential,80,Traffic,20260817,0.689419795221843
Sequential,80,Traffic,20260818,0.7201365187713311
Sequential,80,Traffic,20260819,0.7133105802047781
Sequential,80,Traffic,20260820,0.6996587030716723
Sequential,80,Traffic,20260821,0.689419795221843
Sequential,80,Traffic,20260822,0.6962457337883959
Sequential,80,Traffic,20260823,0.7133105802047781
Sequential,80,Traffic,20260824,0.7030716723549488
Sequential,80,Traffic,20260825,0.6962457337883959
Sequential,80,Traffic,20260826,0.7235494880546075
Sequential,80,Traffic,20260827,0.6825938566552902
Sequential,80,Traffic,20260828,0.6791808873720137
Sequential,80,Traffic,20260829,0.726962457337884
Sequential,80,Traffic,20260830,0.7372013651877133
Sequential,80,Traffic,20260831,0.7303754266211604
Sequential,80,Traffic,20260832,0.6757679180887372
Sequential,80,Traffic,20260833,0.7064846416382252
Sequential,80,Traffic,20260834,0.726962457337884
Sequential,80,Traffic,20260835,0.689419795221843
Sequential,80,Traffic,20260836,0.7303754266211604
Sequential,80,Traffic,20260837,0.7030716723549488
Sequential,80,Water,20260808,0.7154150197628458
Sequential,80,Water,20260809,0.6719367588932806
Sequential,80,Water,20260810,0.7035573122529645
Sequential,80,Water,20260811,0.6798418972332015
Sequential,80,Water,20260812,0.7114624505928854
Sequential,80,Water,20260813,0.6719367588932806
Sequential,80,Water,20260814,0.7154150197628458
Sequential,80,Water,20260815,0.7233201581027668
Sequential,80,Water,20260816,0.6640316205533597
Sequential,80,Water,20260817,0.6877470355731226
Sequential,80,Water,20260818,0.6798418972332015
Sequential,80,Water,20260819,0.691699604743083
Sequential,80,Water,20260820,0.7312252964426877
Sequential,80,Water,20260821,0.6521739130434783
Sequential,80,Water,20260822,0.6837944664031621
Sequential,80,Water,20260823,0.7035573122529645
Sequential,80,Water,20260824,0.6956521739130435
Sequential,80,Water,20260825,0.7193675889328063
Sequential,80,Water,20260826,0.6442687747035574
Sequential,80,Water,20260827,0.691699604743083
Sequential,80,Water,20260828,0.6837944664031621
Sequential,80,Water,20260829,0.6798418972332015
Sequential,80,Water,20260830,0.7075098814229249
Sequential,80,Water,20260831,0.6798418972332015
Sequential,80,Water,20260832,0.6956521739130435
Sequential,80,Water,20260833,0.7272727272727273
Sequential,80,Water,20260834,0.7351778656126482
Sequential,80,Water,20260835,0.6798418972332015
Sequential,80,Water,20260836,0.6837944664031621
Sequential,80,Water,20260837,0.7075098814229249
Sequential,90,Climate,20260808,0.7401574803149606
Sequential,90,Climate,20260809,0.6968503937007874
Sequential,90,Climate,20260810,0.7047244094488189
Sequential,90,Climate,20260811,0.6811023622047244
Sequential,90,Climate,20260812,0.6850393700787402
Sequential,90,Climate,20260813,0.7362204724409449
Sequential,90,Climate,20260814,0.7401574803149606
Sequential,90,Climate,20260815,0.7283464566929134
Sequential,90,Climate,20260816,0.6968503937007874
Sequential,90,Climate,20260817,0.7125984251968503
Sequential,90,Climate,20260818,0.7086614173228346
Sequential,90,Climate,20260819,0.7244094488188977
Sequential,90,Climate,20260820,0.6889763779527559
Sequential,90,Climate,20260821,0.7244094488188977
Sequential,90,Climate,20260822,0.6811023622047244
Sequential,90,Climate,20260823,0.7086614173228346
Sequential,90,Climate,20260824,0.7086614173228346
Sequential,90,Climate,20260825,0.6889763779527559
Sequential,90,Climate,20260826,0.7125984251968503
Sequential,90,Climate,20260827,0.7086614173228346
Sequential,90,Climate,20260828,0.7283464566929134
Sequential,90,Climate,20260829,0.7125984251968503
Sequential,90,Climate,20260830,0.7204724409448819
Sequential,90,Climate,20260831,0.7086614173228346
Sequential,90,Climate,20260832,0.7204724409448819
Sequential,90,Climate,20260833,0.6692913385826772
Sequential,90,Climate,20260834,0.65748031496063
Sequential,90,Climate,20260835,0.7086614173228346
Sequential,90,Climate,20260836,0.7007874015748031
Sequential,90,Climate,20260837,0.7125984251968503
Sequential,90,Traffic,20260808,0.6937984496124031
Sequential,90,Traffic,20260809,0.6976744186046512
Sequential,90,Traffic,20260810,0.6627906976744186
Sequential,90,Traffic,20260811,0.6627906976744186
Sequential,90,Traffic,20260812,0.7170542635658915
Sequential,90,Traffic,20260813,0.748062015503876
Sequential,90,Traffic,20260814,0.6937984496124031
Sequential,90,Traffic,20260815,0.7364341085271318
Sequential,90,Traffic,20260816,0.6937984496124031
Sequential,90,Traffic,20260817,0.7131782945736435
Sequential,90,Traffic,20260818,0.6937984496124031
Sequential,90,Traffic,20260819,0.6782945736434108
Sequential,90,Traffic,20260820,0.7170542635658915
Sequential,90,Traffic,20260821,0.686046511627907
Sequential,90,Traffic,20260822,0.6589147286821705
Sequential,90,Traffic,20260823,0.6627906976744186
Sequential,90,Traffic,20260824,0.6627906976744186
Sequential,90,Traffic,20260825,0.6821705426356589
Sequential,90,Traffic,20260826,0.6976744186046512
Sequential,90,Traffic,20260827,0.7131782945736435
Sequential,90,Traffic,20260828,0.7093023255813954
Sequential,90,Traffic,20260829,0.7558139534883721
Sequential,90,Traffic,20260830,0.686046511627907
Sequential,90,Traffic,20260831,0.6937984496124031
Sequential,90,Traffic,20260832,0.6976744186046512
Sequential,90,Traffic,20260833,0.7054263565891473
Sequential,90,Traffic,20260834,0.7209302325581395
Sequential,90,Traffic,20260835,0.7131782945736435
Sequential,90,Traffic,20260836,0.7093023255813954
Sequential,90,Traffic,20260837,0.6976744186046512
Sequential,90,Water,20260808,0.6633333333333333
Sequential,90,Water,20260809,0.6633333333333333
Sequential,90,Water,20260810,0.73
Sequential,90,Water,20260811,0.6966666666666667
Sequential,90,Water,20260812,0.7466666666666667
Sequential,90,Water,20260813,0.6633333333333333
Sequential,90,Water,20260814,0.7
Sequential,90,Water,20260815,0.6833333333333333
Sequential,90,Water,20260816,0.6866666666666666
Sequential,90,Water,20260817,0.69
Sequential,90,Water,20260818,0.68
Sequential,90,Water,20260819,0.71
Sequential,90,Water,20260820,0.6766666666666666
Sequential,90,Water,20260821,0.67
Sequential,90,Water,20260822,0.68
Sequential,90,Water,20260823,0.6633333333333333
Sequential,90,Water,20260824,0.69
Sequential,90,Water,20260825,0.6833333333333333
Sequential,90,Water,20260826,0.6866666666666666
Sequential,90,Water,20260827,0.72
Sequential,90,Water,20260828,0.6733333333333333
Sequential,90,Water,20260829,0.6766666666666666
Sequential,90,Water,20260830,0.7
Sequential,90,Water,20260831,0.7066666666666667
Sequential,90,Water,20260832,0.7
Sequential,90,Water,20260833,0.7
Sequential,90,Water,20260834,0.67
Sequential,90,Water,20260835,0.7133333333333334
Sequential,90,Water,20260836,0.7033333333333334
Sequential,90,Water,20260837,0.6866666666666666
Sequential,100,Climate,20260808,0.6956521739130435
Sequential,100,Climate,20260809,0.7355072463768116
Sequential,100,Climate,20260810,0.6847826086956522
Sequential,100,Climate,20260811,0.7101449275362319
Sequential,100,Climate,20260812,0.717391304347826
Sequential,100,Climate,20260813,0.717391304347826
Sequential,100,Climate,20260814,0.6992753623188406
Sequential,100,Climate,20260815,0.6702898550724637
Sequential,100,Climate,20260816,0.7246376811594203
Sequential,100,Climate,20260817,0.6956521739130435
Sequential,100,Climate,20260818,0.7246376811594203
Sequential,100,Climate,20260819,0.6739130434782609
Sequential,100,Climate,20260820,0.7028985507246377
Sequential,100,Climate,20260821,0.7210144927536232
Sequential,100,Climate,20260822,0.6884057971014492
Sequential,100,Climate,20260823,0.6630434782608695
Sequential,100,Climate,20260824,0.7028985507246377
Sequential,100,Climate,20260825,0.7028985507246377
Sequential,100,Climate,20260826,0.6702898550724637
Sequential,100,Climate,20260827,0.7065217391304348
Sequential,100,Climate,20260828,0.6920289855072463
Sequential,100,Climate,20260829,0.6920289855072463
Sequential,100,Climate,20260830,0.6992753623188406
Sequential,100,Climate,20260831,0.7065217391304348
Sequential,100,Climate,20260832,0.7065217391304348
Sequential,100,Climate,20260833,0.7246376811594203
Sequential,100,Climate,20260834,0.7572463768115942
Sequential,100,Climate,20260835,0.6739130434782609
Sequential,100,Climate,20260836,0.6920289855072463
Sequential,100,Climate,20260837,0.7246376811594203
Sequential,100,Traffic,20260808,0.7152542372881356
Sequential,100,Traffic,20260809,0.6542372881355932
Sequential,100,Traffic,20260810,0.6847457627118644
Sequential,100,Traffic,20260811,0.6711864406779661
Sequential,100,Traffic,20260812,0.6745762711864407
Sequential,100,Traffic,20260813,0.6644067796610169
Sequential,100,Traffic,20260814,0.6779661016949152
Sequential,100,Traffic,20260815,0.7322033898305085
Sequential,100,Traffic,20260816,0.6711864406779661
Sequential,100,Traffic,20260817,0.6677966101694915
Sequential,100,Traffic,20260818,0.6779661016949152
Sequential,100,Traffic,20260819,0.7186440677966102
Sequential,100,Traffic,20260820,0.6711864406779661
Sequential,100,Traffic,20260821,0.688135593220339
Sequential,100,Traffic,20260822,0.6644067796610169
Sequential,100,Traffic,20260823,0.6813559322033899
Sequential,100,Traffic,20260824,0.7016949152542373
Sequential,100,Traffic,20260825,0.6983050847457627
Sequential,100,Traffic,20260826,0.688135593220339
Sequential,100,Traffic,20260827,0.6644067796610169
Sequential,100,Traffic,20260828,0.7084745762711865
Sequential,100,Traffic,20260829,0.6779661016949152
Sequential,100,Traffic,20260830,0.6915254237288135
Sequential,100,Traffic,20260831,0.6915254237288135
Sequential,100,Traffic,20260832,0.7050847457627119
Sequential,100,Traffic,20260833,0.7084745762711865
Sequential,100,Traffic,20260834,0.7016949152542373
Sequential,100,Traffic,20260835,0.6779661016949152
Sequential,100,Traffic,20260836,0.6813559322033899
Sequential,100,Traffic,20260837,0.7016949152542373
Sequential,100,Water,20260808,0.7004405286343612
Sequential,100,Water,20260809,0.7004405286343612
Sequential,100,Water,20260810,0.6696035242290749
Sequential,100,Water,20260811,0.7224669603524229
Sequential,100,Water,20260812,0.6872246696035242
Sequential,100,Water,20260813,0.6784140969162996
Sequential,100,Water,20260814,0.7048458149779736
Sequential,100,Water,20260815,0.7224669603524229
Sequential,100,Water,20260816,0.7224669603524229
Sequential,100,Water,20260817,0.6740088105726872
Sequential,100,Water,20260818,0.6872246696035242
Sequential,100,Water,20260819,0.6563876651982379
Sequential,100,Water,20260820,0.6916299559471366
Sequential,100,Water,20260821,0.7048458149779736
Sequential,100,Water,20260822,0.6740088105726872
Sequential,100,Water,20260823,0.7400881057268722
Sequential,100,Water,20260824,0.73568281938326
Sequential,100,Water,20260825,0.6960352422907489
Sequential,100,Water,20260826,0.7004405286343612
Sequential,100,Water,20260827,0.7004405286343612
Sequential,100,Water,20260828,0.7048458149779736
Sequential,100,Water,20260829,0.6784140969162996
Sequential,100,Water,20260830,0.7312775330396476
Sequential,100,Water,20260831,0.6696035242290749
Sequential,100,Water,20260832,0.7004405286343612
Sequential,100,Water,20260833,0.6916299559471366
Sequential,100,Water,20260834,0.7224669603524229
Sequential,100,Water,20260835,0.7136563876651982
Sequential,100,Water,20260836,0.7092511013215859
Sequential,100,Water,20260837,0.7136563876651982
