method,mode,scene,seed,tasks,no_truth_count,norm_sq_sum,sq_sum,norm_abs_sum,abs_sum,dimension,nrmse,rmse,nmae,mae,no_truth_rate
CRH-N,clean,Climate,20260808,80,0,0.007022305981117886,227.50727386975313,1.1889408309794771,201.72329802195588,400,0.004189960018042501,0.754167212675268,0.0029723520774486926,0.5043082450548897,0.0
CRH-N,clean,Climate,20260809,80,0,0.008590984020927027,303.69633060616496,1.3532505770115417,234.8028398027144,400,0.00463437806531983,0.8713442640629548,0.0033831264425288545,0.587007099506786,0.0
CRH-N,clean,Climate,20260810,80,0,0.007499089750590068,268.39172643156803,1.2826426880191741,227.9528569149525,400,0.004329864244578018,0.8191332712562224,0.003206606720047935,0.5698821422873812,0.0
CRH-N,clean,Climate,20260811,80,0,0.007463147101030782,263.7074857433594,1.2712820932628772,220.53544416643157,400,0.004319475402473888,0.8119536405229049,0.003178205233157193,0.5513386104160789,0.0
CRH-N,clean,Climate,20260812,80,0,0.008589387461691756,325.2108085737357,1.3722745267554939,243.10132620361375,400,0.004633947415997444,0.9016801103686047,0.0034306863168887345,0.6077533155090343,0.0
CRH-N,clean,Climate,20260813,80,0,0.007172884260743364,292.0510176539843,1.244724121817234,228.70635971140322,400,0.004234644099786712,0.8544750108311892,0.003111810304543085,0.5717658992785081,0.0
CRH-N,clean,Climate,20260814,80,0,0.007990263833405491,239.26941127857208,1.2546855059199409,214.21007444848226,400,0.004469413785219906,0.7734167881526947,0.003136713764799852,0.5355251861212057,0.0
CRH-N,clean,Climate,20260815,80,0,0.00684394414334786,266.50608822741356,1.1986439063965137,213.01730062653883,400,0.004136406696441931,0.8162507093831735,0.002996609765991284,0.5325432515663471,0.0
CRH-N,clean,Climate,20260816,80,0,0.00890112819994271,292.0359250318661,1.3466603493912426,233.7820020844742,400,0.00471728952894104,0.8544529317520452,0.0033666508734781064,0.5844550052111854,0.0
CRH-N,clean,Climate,20260817,80,0,0.008071943476108259,250.90586917678633,1.2613743188538107,217.61092778386578,400,0.0044921997607264355,0.7920004248369857,0.003153435797134527,0.5440273194596644,0.0
CRH-N,clean,Climate,20260818,80,0,0.007627959941884384,295.52105910907494,1.2517328886324763,228.68082243674382,400,0.004366909645814871,0.8595362981123528,0.0031293322215811908,0.5717020560918595,0.0
CRH-N,clean,Climate,20260819,80,0,0.006490238946535464,241.25893516968424,1.2053008150200346,216.23818760340328,400,0.004028100962778697,0.7766256098817568,0.0030132520375500864,0.5405954690085082,0.0
CRH-N,clean,Climate,20260820,80,0,0.007024556918573668,289.56747540405865,1.2599783434950242,230.15330820538043,400,0.004190631491366685,0.8508341133911749,0.0031499458587375606,0.5753832705134511,0.0
CRH-N,clean,Climate,20260821,80,0,0.00841220408222237,276.49821466224336,1.313838731840773,224.20996218748368,400,0.004585903423051551,0.8314117732240797,0.003284596829601932,0.5605249054687093,0.0
CRH-N,clean,Climate,20260822,80,0,0.007853727077320582,251.76484083203798,1.245460803737231,215.0375835410964,400,0.00443106281757565,0.793354966002038,0.0031136520093430777,0.537593958852741,0.0
CRH-N,clean,Climate,20260823,80,0,0.0066001060688933,255.12974804206667,1.2264205946822626,221.69591377140074,400,0.004062051842632397,0.7986390737405519,0.0030660514867056564,0.5542397844285019,0.0
CRH-N,clean,Climate,20260824,80,0,0.007236789369576235,276.1071253050469,1.292485610256186,235.68411203139968,400,0.004253466048288218,0.8308235752929843,0.0032312140256404646,0.5892102800784992,0.0
CRH-N,clean,Climate,20260825,80,0,0.006848507425591523,268.02288530634263,1.2508372614926777,226.4587691853588,400,0.0041377854661616776,0.8185702250056842,0.003127093153731694,0.566146922963397,0.0
CRH-N,clean,Climate,20260826,80,0,0.006974802747756913,248.2690137101283,1.2200194329394842,214.43296146463072,400,0.004175764225790565,0.787827731344436,0.0030500485823487106,0.5360824036615768,0.0
CRH-N,clean,Climate,20260827,80,0,0.00853108645504353,290.07823975338556,1.3337326217552565,236.08433899433035,400,0.004618194034209566,0.8515841704631809,0.003334331554388141,0.5902108474858259,0.0
CRH-N,clean,Climate,20260828,80,0,0.008642863199029809,292.24630594177665,1.319544961226851,231.79960186652457,400,0.0046483500295884045,0.8547606476987822,0.0032988624030671275,0.5794990046663114,0.0
CRH-N,clean,Climate,20260829,80,0,0.007174489258386307,245.84866319215072,1.223817422323304,214.2485195174659,400,0.0042351178432206305,0.7839780978958384,0.00305954355580826,0.5356212987936647,0.0
CRH-N,clean,Climate,20260830,80,0,0.008747273188495162,292.37549210734034,1.3469861287286806,236.02141644209462,400,0.004676342905651584,0.8549495483760143,0.0033674653218217017,0.5900535411052366,0.0
CRH-N,clean,Climate,20260831,80,0,0.007252232614385296,227.03712865237333,1.235322510397587,209.31710853154422,400,0.004258002059177901,0.753387564027263,0.003088306275993967,0.5232927713288605,0.0
CRH-N,clean,Climate,20260832,80,0,0.007757356610526549,316.7270972982148,1.30246650451227,231.9936436731655,400,0.004403792856881029,0.8898414146608018,0.003256166261280675,0.5799841091829138,0.0
CRH-N,clean,Climate,20260833,80,0,0.008074339939908411,236.02317838219693,1.2895288518325807,216.66040187018925,400,0.004492866551520424,0.7681522934649693,0.003223822129581452,0.5416510046754731,0.0
CRH-N,clean,Climate,20260834,80,0,0.0065398578112799526,208.8695138313428,1.168222569535432,201.09962919067493,400,0.004043469367783052,0.7226159315835466,0.00292055642383858,0.5027490729766874,0.0
CRH-N,clean,Climate,20260835,80,0,0.00710452881076584,241.15720200113503,1.2070811555776837,212.80175769301846,400,0.004214418349774331,0.7764618503203088,0.003017702888944209,0.5320043942325462,0.0
CRH-N,clean,Climate,20260836,80,0,0.007682684780090369,256.45997111078503,1.2188137150765477,213.90796311722826,400,0.004382546286147577,0.8007183823148827,0.003047034287691369,0.5347699077930707,0.0
CRH-N,clean,Climate,20260837,80,0,0.007364935274949408,249.38755015853292,1.2775781976472782,224.24814583464132,400,0.004290960054273813,0.789600453011732,0.0031939454941181957,0.5606203645866032,0.0
CRH-N,clean,Traffic,20260808,80,0,0.0004654095115010037,7324.054233661425,0.26112118126763983,866.833302647589,480,0.00098468428897816,3.90620612873002,0.0005440024609742497,1.8059027138491437,0.0
CRH-N,clean,Traffic,20260809,80,0,0.0004372405385145717,6119.148228982637,0.2525549875069379,832.0172141099499,480,0.0009544201321074616,3.5704657227100167,0.0005261562239727873,1.7333691960623956,0.0
CRH-N,clean,Traffic,20260810,80,0,0.00036488785501180993,7004.518274052335,0.24667537856831934,843.1091511155716,480,0.0008718847580240201,3.8200453406047026,0.0005139070386839986,1.7564773981574409,0.0
CRH-N,clean,Traffic,20260811,80,0,0.0005629612199130816,7713.797362631906,0.2720719852745244,874.7881172574314,480,0.0010829754728611909,4.00879173469386,0.0005668166359885926,1.8224752442863155,0.0
CRH-N,clean,Traffic,20260812,80,0,0.0004938387199071179,5341.375834588843,0.2672404416445391,831.5400540802107,480,0.0010143129036314002,3.3358456682017064,0.0005567509200927898,1.7323751126671056,0.0
CRH-N,clean,Traffic,20260813,80,0,0.0005622529750381145,6561.492961026741,0.26971398028670607,846.2856638999251,480,0.001082294028747613,3.697266152461714,0.0005619041255973043,1.763095133124844,0.0
CRH-N,clean,Traffic,20260814,80,0,0.00043394073418277947,7150.357592574254,0.25469926867451104,828.3995178412708,480,0.0009508118616288523,3.859608570550002,0.0005306234764052314,1.725832328835981,0.0
CRH-N,clean,Traffic,20260815,80,0,0.0004416369401453281,6239.403233004823,0.25974470883217515,851.5658508988442,480,0.0009592064212858983,3.605378861565968,0.0005411348100670315,1.7740955227059254,0.0
CRH-N,clean,Traffic,20260816,80,0,0.0003379783922461448,7006.4780238601525,0.2341806294839055,793.4418837094273,480,0.0008391195686627751,3.8205796963779353,0.00048787631142480314,1.6530039243946402,0.0
CRH-N,clean,Traffic,20260817,80,0,0.00048661977421596476,9617.989875503683,0.2676723395484501,954.4693981203383,480,0.001006871986045525,4.476324262975074,0.0005576507073926044,1.9884779127507046,0.0
CRH-N,clean,Traffic,20260818,80,0,0.0004219306207544584,6129.416052519947,0.2520012927549933,836.1703421216362,480,0.0009375617988014381,3.5734600565954593,0.0005250026932395694,1.742021546086742,0.0
CRH-N,clean,Traffic,20260819,80,0,0.00042578093573238286,6204.291485224795,0.25806621414715886,861.2951031374023,480,0.000941829929503799,3.5952200573657502,0.0005376379461399142,1.7943647982029214,0.0
CRH-N,clean,Traffic,20260820,80,0,0.0005259741206079767,6844.611085447508,0.26056543108093894,893.6682374383765,480,0.0010467948308686306,3.7761894057390237,0.0005428446480852894,1.8618088279966178,0.0
CRH-N,clean,Traffic,20260821,80,0,0.0004289854129823912,6483.533303282434,0.2604736983305254,847.0504692987536,480,0.0009453674472817337,3.6752361894856596,0.0005426535381885946,1.7646884777057366,0.0
CRH-N,clean,Traffic,20260822,80,0,0.00045039606453206897,6798.6777456924565,0.2562656368785408,879.0267803285841,480,0.0009686718404298797,3.763497305724108,0.00053388674349696,1.8313057923512168,0.0
CRH-N,clean,Traffic,20260823,80,0,0.00048717406819926665,7521.518231206401,0.2493543677591429,845.6275253883404,480,0.0010074452716724313,3.958513565512523,0.0005194882661648811,1.761724011225709,0.0
CRH-N,clean,Traffic,20260824,80,0,0.0004046469245993086,5622.358710627324,0.25248592565222255,839.5784154625904,480,0.0009181581706049125,3.4224621712747867,0.000526012345108797,1.7491216988803968,0.0
CRH-N,clean,Traffic,20260825,80,0,0.00036466388906269693,6088.216379342647,0.24469723296356047,832.3285236128542,480,0.0008716171381674899,3.5614300672104338,0.0005097859020074177,1.7340177575267794,0.0
CRH-N,clean,Traffic,20260826,80,0,0.0004254628681573203,4611.433540216384,0.25741937416710514,800.9125082491046,480,0.0009414780801100739,3.0995408061169534,0.0005362903628481357,1.668567725518968,0.0
CRH-N,clean,Traffic,20260827,80,0,0.000389754406831393,5437.22116175535,0.2462160583478519,763.7210370479494,480,0.0009011039604648301,3.3656417050824516,0.0005129501215580248,1.5910854938498946,0.0
CRH-N,clean,Traffic,20260828,80,0,0.0003953120795681446,5751.982381213651,0.25064261364335927,856.3779145831678,480,0.0009075058305232174,3.461689851435053,0.0005221721117569985,1.7841206553815996,0.0
CRH-N,clean,Traffic,20260829,80,0,0.00041927835752360564,5699.960851105108,0.24796577743001819,826.0824732669854,480,0.0009346103884369029,3.4460003540049597,0.0005165953696458712,1.721005152639553,0.0
CRH-N,clean,Traffic,20260830,80,0,0.00043584169266626366,8159.193141137568,0.2453222585452141,872.2435532159703,480,0.0009528921903279769,4.122901774725733,0.0005110880386358628,1.8171740691999383,0.0
CRH-N,clean,Traffic,20260831,80,0,0.0004643677269569638,4814.064705319079,0.24948397993360596,780.2167904345187,480,0.0009835816003228581,3.1669072404184413,0.0005197582915283458,1.6254516467385804,0.0
CRH-N,clean,Traffic,20260832,80,0,0.0004675934087835375,7567.892289751575,0.25739424145420586,894.7659307854352,480,0.000986991861651201,3.9706979575782118,0.0005362380030295955,1.8640956891363234,0.0
CRH-N,clean,Traffic,20260833,80,0,0.00043855815496800183,11169.541355736557,0.2528694110887197,984.1369412402383,480,0.0009558571142435484,4.823886174491595,0.0005268112731014994,2.0502852942504965,0.0
CRH-N,clean,Traffic,20260834,80,0,0.0005026832322672975,7369.236582000918,0.2701243112262698,922.0287360117609,480,0.001023355624350696,3.918236365062975,0.0005627589817213954,1.9208932000245018,0.0
CRH-N,clean,Traffic,20260835,80,0,0.0003806351276319587,6059.249397316805,0.24473066103076044,806.164647398508,480,0.0008904997749765282,3.5529475431548394,0.0005098555438140843,1.679509682080225,0.0
CRH-N,clean,Traffic,20260836,80,0,0.00033401001925508763,7201.821306079737,0.22905357066748283,836.2276505036098,480,0.0008341787618858637,3.873473168574441,0.00047719493889058926,1.742140938549187,0.0
CRH-N,clean,Traffic,20260837,80,0,0.0004488168342126069,6178.5071873325405,0.2601657518661496,831.0654023375987,480,0.0009669721150458603,3.5877416258155295,0.0005420119830544783,1.7313862548699972,0.0
CRH-N,clean,Water,20260808,80,0,0.018071913283434268,19296.337178716287,2.682128876423274,1194.0415486920933,720,0.005009977999984169,5.1769168724031704,0.003725178995032325,1.6583910398501296,0.0
CRH-N,clean,Water,20260809,80,0,0.01689193029447269,22383.74520079816,2.5634221904983265,1100.2294269506156,720,0.0048436571201808595,5.57570937200896,0.0035603085979143425,1.5280964263202994,0.0
CRH-N,clean,Water,20260810,80,0,0.016118860398886544,18622.781991371616,2.4660794807906288,1117.774938754078,720,0.004731522599498458,5.085761986960866,0.0034251103899869844,1.5524651927139972,0.0
CRH-N,clean,Water,20260811,80,0,0.01660021880660258,29553.624211478138,2.5922832017635846,1264.6468516253055,720,0.004801651742225241,6.406769879878599,0.0036003933357827565,1.7564539605907021,0.0
CRH-N,clean,Water,20260812,80,0,0.01566529436666417,21703.65260122882,2.506852250031533,1187.2785387279753,720,0.004664477815043563,5.490351714248472,0.003481739236154907,1.6489979704555213,0.0
CRH-N,clean,Water,20260813,80,0,0.016043152026135543,28466.69504513468,2.525911578431162,1277.202977869871,720,0.0047203978213552,6.287851497258498,0.003508210525598836,1.773893024819265,0.0
CRH-N,clean,Water,20260814,80,0,0.017240731157734012,25168.694330116836,2.6059591647505247,1203.512568993729,720,0.0048934098480811145,5.912403902216091,0.003619387728820173,1.6715452347135125,0.0
CRH-N,clean,Water,20260815,80,0,0.016857062691481507,15447.586488968156,2.55393855098744,991.9090057739214,720,0.004838655502461618,4.631952205569267,0.003547136876371445,1.3776513969082242,0.0
CRH-N,clean,Water,20260816,80,0,0.01756780347253257,26009.587261772063,2.6147735393668974,1232.2601194619992,720,0.00493960798497048,6.010359951988001,0.0036316299157873573,1.7114723881416656,0.0
CRH-N,clean,Water,20260817,80,0,0.017137905145988716,21231.905060095167,2.5775694448138013,1137.8880432230792,720,0.00487879555178278,5.430355147493574,0.003579957562241391,1.5804000600320545,0.0
CRH-N,clean,Water,20260818,80,0,0.01684168239390934,17057.908006176036,2.525358954709505,1087.3605330319717,720,0.004836447616494601,4.86739549425221,0.0035074429926520902,1.5102229625444052,0.0
CRH-N,clean,Water,20260819,80,0,0.018096194404080647,23016.521589508906,2.7101894275189466,1164.4000323461762,720,0.00501334253158518,5.653971267749788,0.003764151982665204,1.617222267147467,0.0
CRH-N,clean,Water,20260820,80,0,0.01855298361220582,23664.96768361168,2.6619821856648125,1209.028461373864,720,0.005076222295637801,5.733062939797791,0.0036971974800900174,1.679206196352589,0.0
CRH-N,clean,Water,20260821,80,0,0.017776383616110836,22414.603805960935,2.6495225239933133,1104.5637390742306,720,0.004968845106163285,5.5795514313379835,0.0036798923944351574,1.5341163042697648,0.0
CRH-N,clean,Water,20260822,80,0,0.018369268875560642,31872.74099124713,2.6634305505133944,1289.7584027520443,720,0.0050510269686746545,6.653397314243045,0.00369920909793527,1.7913311149333948,0.0
CRH-N,clean,Water,20260823,80,0,0.017733537625937542,25515.877676379514,2.628229510629437,1248.0546280066378,720,0.0049628533495719674,5.953042834968647,0.003650318764763107,1.7334092055647747,0.0
CRH-N,clean,Water,20260824,80,0,0.018564270106403154,14047.90910688772,2.675412501988164,975.4779193640707,720,0.0050777660916111024,4.417124049727083,0.0037158506972057833,1.3548304435612093,0.0
CRH-N,clean,Water,20260825,80,0,0.017988610184845166,23882.193963484355,2.7078574792113588,1265.779596783014,720,0.00499841783090259,5.759315396657203,0.0037609131655713317,1.7580272177541862,0.0
CRH-N,clean,Water,20260826,80,0,0.01837539914286438,19744.406172719435,2.686078234676699,1168.0534396472578,720,0.0050518697230256,5.23667703329117,0.003730664214828749,1.6222964439545249,0.0
CRH-N,clean,Water,20260827,80,0,0.016758651531768507,32032.09235711646,2.5643521037534485,1282.52798800935,720,0.004824510846213742,6.670008782802445,0.003561600144102012,1.7812888722352085,0.0
CRH-N,clean,Water,20260828,80,0,0.01674189069541604,17182.84841463189,2.6203836508886407,1116.5744983514307,720,0.004822097672782626,4.885188557522042,0.0036394217373453344,1.5507979143769872,0.0
CRH-N,clean,Water,20260829,80,0,0.01626905752165908,21952.849146897515,2.530669793008118,1110.519330552193,720,0.0047535158803275815,5.521781257853291,0.0035148191569557194,1.542387959100268,0.0
CRH-N,clean,Water,20260830,80,0,0.01751821766410006,27685.71636157222,2.6038271609905816,1275.5721808148514,720,0.004932631941145177,6.200998615990571,0.003616426612486919,1.7716280289095159,0.0
CRH-N,clean,Water,20260831,80,0,0.01772921582107574,14640.574053818102,2.595857967368784,995.0930526647272,720,0.004962248569207834,4.509338158788152,0.0036053582880122,1.3820736842565655,0.0
CRH-N,clean,Water,20260832,80,0,0.017133589534208987,25139.333413874974,2.5625171742944204,1121.2040517087933,720,0.004878181231857404,5.908954294340424,0.0035590516309644727,1.5572278495955463,0.0
CRH-N,clean,Water,20260833,80,0,0.01776510141989657,16574.666502629894,2.6555334769327046,999.6328456028592,720,0.00496726805921309,4.79795478746325,0.003688240940184312,1.3883789522261933,0.0
CRH-N,clean,Water,20260834,80,0,0.016762859435730883,23732.57004970118,2.5837594858696797,1112.7616726832894,720,0.004825116497691314,5.741245757395096,0.003588554841485666,1.5455023231712353,0.0
CRH-N,clean,Water,20260835,80,0,0.01783914896895568,32685.75784100964,2.658978164253804,1278.7009189459577,720,0.004977609445327769,6.7377211199552605,0.0036930252281302837,1.7759734985360525,0.0
CRH-N,clean,Water,20260836,80,0,0.017708981359087737,22882.451251312243,2.633133822775106,1190.233069018522,720,0.00495941603852484,5.637480136859839,0.00365713030940987,1.6531014847479473,0.0
CRH-N,clean,Water,20260837,80,0,0.017269036107966124,23861.798193352726,2.6624873471799004,1165.9616458130047,720,0.00489742507570817,5.756855598298134,0.0036978990933054174,1.6193911747402843,0.0
CRH-N,compact,Climate,20260808,80,0,0.010538429770081544,398.17921940547467,1.4933956086418634,263.3325437478044,400,0.005132842723599064,0.9977214283123755,0.0037334890216046586,0.6583313593695109,0.0
CRH-N,compact,Climate,20260809,80,0,1.2685656812420025,48161.00973197542,3.6645027651112483,656.3516063238184,400,0.05631531055676606,10.972808406690538,0.00916125691277812,1.6408790158095459,0.0
CRH-N,compact,Climate,20260810,80,0,0.010088876180741103,367.39916094471033,1.4885456001983477,265.13524268377915,400,0.005022169894761901,0.9583829622660118,0.0037213640004958694,0.6628381067094479,0.0
CRH-N,compact,Climate,20260811,80,0,1.276858012242436,48320.3786486953,3.6441627134757884,638.7025473937043,400,0.05649907105967398,10.990948395008424,0.00911040678368947,1.5967563684842607,0.0
CRH-N,compact,Climate,20260812,80,0,0.010529500315225778,412.7324485758361,1.477112303367342,270.276793085171,400,0.005130667674685669,1.015790884699991,0.0036927807584183547,0.6756919827129275,0.0
CRH-N,compact,Climate,20260813,80,0,0.01081300852565978,405.29308518533537,1.5047211040711126,271.5853537586903,400,0.00519928084586219,1.006594612027771,0.0037618027601777817,0.6789633843967258,0.0
CRH-N,compact,Climate,20260814,80,0,0.010263295977803448,396.8093054147287,1.464357790295753,265.771916068343,400,0.005065396326498907,0.9960036463471515,0.0036608944757393824,0.6644297901708575,0.0
CRH-N,compact,Climate,20260815,80,0,0.008296664357455087,335.9640407129378,1.3429216060580003,245.04721256797836,400,0.00455430136174998,0.9164660941804363,0.0033573040151450005,0.6126180314199459,0.0
CRH-N,compact,Climate,20260816,80,0,0.011012321076981175,353.51702722576357,1.4864185238757106,259.11382652490016,400,0.005246980340391313,0.9401024242413212,0.0037160463096892766,0.6477845663122505,0.0
CRH-N,compact,Climate,20260817,80,0,0.011199567660134748,393.20061305935087,1.4954982242029775,265.44245768113126,400,0.005291400490450224,0.9914643375575226,0.0037387455605074438,0.6636061442028282,0.0
CRH-N,compact,Climate,20260818,80,0,1.2340311233421082,48713.000805719246,3.584807861338634,630.878915904885,400,0.055543476739895126,11.035510953929506,0.008962019653346585,1.5771972897622126,0.0
CRH-N,compact,Climate,20260819,80,0,0.009488573574801219,335.29845414603705,1.3883993080230492,247.76087827496255,400,0.004870465474367214,0.9155578274282257,0.0034709982700576233,0.6194021956874064,0.0
CRH-N,compact,Climate,20260820,80,0,0.010721617148332368,424.05249488322295,1.533555065602002,274.00058066788324,400,0.005177262101809307,1.029626746548504,0.0038338876640050053,0.685001451669708,0.0
CRH-N,compact,Climate,20260821,80,0,2.5585053767243924,97693.93316633251,5.691464306407748,973.1597105491848,400,0.07997664310166426,15.628014362542391,0.01422866076601937,2.4328992763729618,0.0
CRH-N,compact,Climate,20260822,80,0,0.00992836824099889,373.78949362428483,1.4252452485326879,259.9746162914075,400,0.004982059875442809,0.9666818163494708,0.0035631131213317195,0.6499365407285187,0.0
CRH-N,compact,Climate,20260823,80,0,0.009018038036510639,329.39546662607944,1.3981986169371314,248.17739889005233,400,0.004748167550884931,0.9074627631838116,0.0034954965423428285,0.6204434972251308,0.0
CRH-N,compact,Climate,20260824,80,0,0.010685100983150937,422.52360564518165,1.5258750289399412,279.5093714961893,400,0.005168438106224872,1.0277689497707907,0.003814687572349853,0.6987734287404733,0.0
CRH-N,compact,Climate,20260825,80,0,0.01069324492934158,366.83671194169756,1.51174752110652,263.3620848655833,400,0.005170407365319869,0.95764909014432,0.0037793688027663004,0.6584052121639583,0.0
CRH-N,compact,Climate,20260826,80,0,0.009411389314676746,407.4378635172078,1.4180667877993984,261.80391013285686,400,0.004850615763662575,1.0092545064516776,0.003545166969498496,0.6545097753321422,0.0
CRH-N,compact,Climate,20260827,80,0,0.012148528510393717,442.74803094788183,1.5918869738127177,287.38142413359424,400,0.005511018170536575,1.0520789311499896,0.003979717434531794,0.7184535603339856,0.0
CRH-N,compact,Climate,20260828,80,0,0.01106590560836311,450.5743949607617,1.5605647355132206,282.13984256859203,400,0.005259730413329924,1.0613368868563384,0.0039014118387830517,0.70534960642148,0.0
CRH-N,compact,Climate,20260829,80,0,2.5271633030825917,99554.59721118177,5.6316431085786895,988.402152913846,400,0.07948527069656666,15.776136822047228,0.014079107771446725,2.471005382284615,0.0
CRH-N,compact,Climate,20260830,80,0,1.2733636229921397,48152.985052963806,3.6583520193327668,631.9638303542002,400,0.0564217073251098,10.971894213507962,0.009145880048331917,1.5799095758855006,0.0
CRH-N,compact,Climate,20260831,80,0,0.011219675274518164,342.47934131365184,1.5385374737440556,261.55202957156797,400,0.0052961484294056,0.9253098687921413,0.0038463436843601388,0.6538800739289199,0.0
CRH-N,compact,Climate,20260832,80,0,0.011021351285610508,362.46630965317814,1.5114578658024818,261.88861463369363,400,0.005249131186589479,0.9519273996124628,0.0037786446645062042,0.654721536584234,0.0
CRH-N,compact,Climate,20260833,80,0,1.2473692587760885,47759.662928197904,3.5840655005228585,625.0385496218659,400,0.05584284329204792,10.926992144249706,0.008960163751307147,1.5625963740546647,0.0
CRH-N,compact,Climate,20260834,80,0,0.009103799719812882,381.0448391198999,1.4330799374862517,267.6903055267736,400,0.0047706917003231515,0.9760184925500899,0.0035826998437156294,0.669225763816934,0.0
CRH-N,compact,Climate,20260835,80,0,0.01042564899845233,360.1005042005741,1.4583207186593092,257.945607863576,400,0.005105303369647178,0.9488157147209543,0.003645801796648273,0.64486401965894,0.0
CRH-N,compact,Climate,20260836,80,0,0.009647251691155568,332.8186139336297,1.393001851262917,247.22264908438828,400,0.004911021200105831,0.9121658483160144,0.0034825046281572927,0.6180566227109707,0.0
CRH-N,compact,Climate,20260837,80,0,0.011537153086351937,449.52016591462495,1.5936864439798089,294.74923186370177,400,0.00537055702100628,1.0600945310615286,0.003984216109949522,0.7368730796592544,0.0
CRH-N,compact,Traffic,20260808,80,0,0.0005427711411946727,10490.251921801977,0.2951892438895525,1060.9683954520951,480,0.001063378206858799,4.674900159763213,0.0006149775914365676,2.2103508238585317,0.0
CRH-N,compact,Traffic,20260809,80,0,0.0004491225638738834,9973.286498046247,0.2735685082146446,986.4842156966536,480,0.000967301404977058,4.5582540741234485,0.0005699343921138429,2.0551754493680283,0.0
CRH-N,compact,Traffic,20260810,80,0,0.0005317986125823018,27592.16590941217,0.29252596626668786,1224.6750751768338,480,0.0010525748316452985,7.581799191349111,0.0006094290963889331,2.551406406618404,0.0
CRH-N,compact,Traffic,20260811,80,0,0.0005230732719817172,10287.72435496879,0.2910096734226423,1060.765091247312,480,0.0010439042021638022,4.629552794045193,0.0006062701529638381,2.2099272734319,0.0
CRH-N,compact,Traffic,20260812,80,0,0.0005669760679687432,11064.606590826967,0.2998125972032973,1080.3079265573563,480,0.0010868303186797599,4.801173161935478,0.0006246095775068693,2.250641513661159,0.0
CRH-N,compact,Traffic,20260813,80,0,0.0006507072523685452,15891.16655701222,0.30385515480911063,1132.66379812286,480,0.0011643195906198332,5.75383324347999,0.0006330315725189805,2.3597162460892918,0.0
CRH-N,compact,Traffic,20260814,80,0,0.00042235056152509703,11646.387244132256,0.26477992388895344,985.1957417051784,480,0.0009380282528673033,4.92577981223368,0.0005516248414353197,2.052491128552455,0.0
CRH-N,compact,Traffic,20260815,80,0,0.0005485404116381896,9753.650248454811,0.2934074413700734,1025.934369723639,480,0.0010690147446346231,4.507782679353659,0.0006112655028543196,2.1373632702575813,0.0
CRH-N,compact,Traffic,20260816,80,0,0.0005507862131421016,10226.083587747175,0.3056618490802414,1055.3105776262548,480,0.001071200857626327,4.615662553502651,0.0006367955189171697,2.198563703388031,0.0
CRH-N,compact,Traffic,20260817,80,0,0.00046585952611010015,11287.944897367594,0.27770461048528544,992.1468922196049,480,0.0009851602303158821,4.849386751901298,0.0005785512718443446,2.066972692124177,0.0
CRH-N,compact,Traffic,20260818,80,0,0.0005090681556449067,13613.730572405564,0.2888634897973744,1112.7061998978002,480,0.0010298342864721274,5.325592801980977,0.0006017989370778634,2.3181379164537503,0.0
CRH-N,compact,Traffic,20260819,80,0,0.00047549768846477913,11971.262886612472,0.2779482042225912,1041.5832835840567,480,0.0009952990426508122,4.99400951278389,0.000579058758797065,2.1699651741334516,0.0
CRH-N,compact,Traffic,20260820,80,0,0.0005967036797135701,17611.96813756528,0.2948145013014109,1131.3792193025363,480,0.0011149585938813771,6.057359184215043,0.0006141968777112727,2.3570400402136173,0.0
CRH-N,compact,Traffic,20260821,80,0,0.00048074824363696013,12239.246838955012,0.29179960169257135,1088.4813316657076,480,0.001000779116943561,5.049597104174709,0.0006079158368595236,2.267669440970224,0.0
CRH-N,compact,Traffic,20260822,80,0,0.0004998793002510048,11615.512824876017,0.2834840223498495,1071.4313768485104,480,0.0010204975300588726,4.919246390640038,0.000590591713228853,2.2321487017677297,0.0
CRH-N,compact,Traffic,20260823,80,0,0.000529221087135854,11684.556365195695,0.29571093507971646,1125.6331748275252,480,0.0010500209195692383,4.933844926710239,0.0006160644480827426,2.3450691142240108,0.0
CRH-N,compact,Traffic,20260824,80,0,0.0005572538718028384,9788.587753387643,0.3031906048716983,1085.6466420837337,480,0.0010774718401220114,4.5158488850814,0.0006316470934827048,2.261763837674445,0.0
CRH-N,compact,Traffic,20260825,80,0,0.00045026800433769853,11956.264213433959,0.2772621933427227,1043.9029714133067,480,0.0009685341203954589,4.990880060469037,0.0005776295694640055,2.1747978571110553,0.0
CRH-N,compact,Traffic,20260826,80,0,0.0004553763775504461,11403.701330415877,0.280150783373483,1049.9137101816038,480,0.0009740127240254253,4.874188250881687,0.0005836474653614229,2.187320229545008,0.0
CRH-N,compact,Traffic,20260827,80,0,0.0005664505642605146,16666.470389274713,0.3008239617235223,1187.2199883238702,480,0.001086326535719995,5.89252181251703,0.0006267165869240049,2.4733749756747296,0.0
CRH-N,compact,Traffic,20260828,80,0,0.0006848907167179441,15080.40258479777,0.3100555180482114,1158.8722702544874,480,0.0011945106361305662,5.605132057765933,0.0006459489959337737,2.4143172296968487,0.0
CRH-N,compact,Traffic,20260829,80,0,0.0004931936789343784,18143.418419794998,0.2926844603551333,1130.841971137455,480,0.0010136502508820725,6.14807192334092,0.0006097592924065277,2.355920773203031,0.0
CRH-N,compact,Traffic,20260830,80,0,0.0006272244430476681,13502.141670416977,0.30646149126622213,1140.1646415683267,480,0.0011431174872613234,5.303721506015253,0.0006384614401379627,2.3753430032673473,0.0
CRH-N,compact,Traffic,20260831,80,0,0.0005663893440964405,16201.407893229343,0.30731359404972447,1179.453441897672,480,0.0010862678307861822,5.809727455818773,0.0006402366542702594,2.45719467062015,0.0
CRH-N,compact,Traffic,20260832,80,0,0.000588877521205538,9949.818928349372,0.2986443540817546,1063.8922584301708,480,0.0011076227558055153,4.5528880322341765,0.0006221757376703221,2.216442205062856,0.0
CRH-N,compact,Traffic,20260833,80,0,0.0005445840354255793,15533.457710728779,0.29454768774456286,1165.348075888064,480,0.0010651526058754633,5.688705496919748,0.000613641016134506,2.4278084914334666,0.0
CRH-N,compact,Traffic,20260834,80,0,0.00051005900044985,9573.612555689217,0.28151635911076733,1004.7266718994779,480,0.0010308360284758456,4.4659854632192735,0.0005864924148140986,2.0931805664572454,0.0
CRH-N,compact,Traffic,20260835,80,0,0.0005250942242380258,9650.624396098434,0.2867658509335348,1014.8568369549813,480,0.001045918878544549,4.48391207450277,0.0005974288561115308,2.1142850769895443,0.0
CRH-N,compact,Traffic,20260836,80,0,0.0004352895589962927,10785.716707422444,0.274865651382086,1043.5922758082058,480,0.0009522884268481599,4.740278804085623,0.0005726367737126792,2.174150574600429,0.0
CRH-N,compact,Traffic,20260837,80,0,0.0005062010310753982,13333.392072974872,0.28503351468579186,1058.6465112103936,480,0.0010269301248902378,5.2704743763755255,0.0005938198222620664,2.2055135650216533,0.0
CRH-N,compact,Water,20260808,80,0,6.739904357270217,17538139.08221582,14.731050841681592,13310.945703982248,720,0.09675214867891262,156.07218363013163,0.02045979283566888,18.487424588864233,0.0
CRH-N,compact,Water,20260809,80,0,11.316706817656838,24892891.300663322,22.6742424538299,17223.839664234063,720,0.1253700456961579,185.9393991057575,0.03149200340809709,23.921999533658422,0.0
CRH-N,compact,Water,20260810,80,0,11.330192822780973,25911061.36492099,22.611796174902146,17566.849433567317,720,0.12544472456237102,189.70394099505927,0.03140527246514187,24.398401991065718,0.0
CRH-N,compact,Water,20260811,80,0,9.01432685695494,21941106.328401193,18.61939446174936,14955.760735902973,720,0.11189235189429801,174.5673474320043,0.025860270085763,20.771889910976352,0.0
CRH-N,compact,Water,20260812,80,0,13.47972457148061,29621983.462373663,26.483083878071852,19294.357784061795,720,0.13682777379834826,202.83402993023927,0.03678206094176646,26.79771914453027,0.0
CRH-N,compact,Water,20260813,80,0,6.688059018139317,18155462.447476942,14.496041742466664,13552.04422526952,720,0.0963793072112828,158.79521424129948,0.020133391308981476,18.822283646207666,0.0
CRH-N,compact,Water,20260814,80,0,4.4606673576077664,11658312.346489431,10.468198417658265,10550.160052084027,720,0.0787106811685097,127.24818458915365,0.014539164468969811,14.653000072338926,0.0
CRH-N,compact,Water,20260815,80,0,13.491651734404261,29960752.809236184,26.484129596740274,18789.38344167965,720,0.1368882945568122,203.990579879304,0.03678351332880594,26.096365891221733,0.0
CRH-N,compact,Water,20260816,80,0,6.746657349940325,13727174.919281002,14.649133255452504,12545.915260309177,720,0.09680060656045845,138.07795161148508,0.020346018410350702,17.42488230598497,0.0
CRH-N,compact,Water,20260817,80,0,13.490240554446185,33359051.77602944,26.49670373199862,19839.020715596598,720,0.13688113534928248,215.2487313681464,0.03680097740555364,27.55419543832861,0.0
CRH-N,compact,Water,20260818,80,0,9.071048536457088,22567633.585299436,18.751848050203304,15346.371748474583,720,0.11224383512183227,177.0421857500017,0.026044233403060144,21.314405206214698,0.0
CRH-N,compact,Water,20260819,80,0,4.467341712941186,8441345.602710694,10.6517093385109,9796.865783210407,720,0.07876954530764964,108.27784221564431,0.014794040747931805,13.606758032236677,0.0
CRH-N,compact,Water,20260820,80,0,4.5325558417342,11514213.67009812,10.782950969679927,10540.204509416659,720,0.07934240005730263,126.45933508718063,0.01497632079122212,14.63917292974536,0.0
CRH-N,compact,Water,20260821,80,0,6.657053722523931,16484878.729567364,14.488302009474234,12784.01718283488,720,0.09615564438944758,151.3131352598871,0.020122641679825325,17.755579420604,0.0
CRH-N,compact,Water,20260822,80,0,9.03783107503806,21099502.55396584,18.479437882656928,14953.65158603794,720,0.11203813261463742,171.18663691505213,0.025665885948134622,20.768960536163807,0.0
CRH-N,compact,Water,20260823,80,0,9.004583631105081,23411014.55304976,18.57880668666856,15269.601800641947,720,0.11183186555858135,180.31998777270059,0.025803898175928555,21.20778027866937,0.0
CRH-N,compact,Water,20260824,80,0,6.810357401354154,14759036.347836405,14.86778792113536,12487.497537261279,720,0.0972565150727857,143.17353664073968,0.020649705446021332,17.343746579529554,0.0
CRH-N,compact,Water,20260825,80,0,6.820264271811671,16737399.121841336,14.767777989612613,12512.864148454242,720,0.0973272277751971,152.46766106038382,0.020510802763350853,17.378977983964226,0.0
CRH-N,compact,Water,20260826,80,0,4.519226065041706,10361463.736618275,10.725371231521182,10368.904929517556,720,0.07922564526788962,119.96216843828003,0.014896348932668307,14.40125684655216,0.0
CRH-N,compact,Water,20260827,80,0,6.660764970536598,13495541.380002938,14.56145936501391,11711.10462005393,720,0.09618244361149601,136.90802559465354,0.020224249118074876,16.265423083408237,0.0
CRH-N,compact,Water,20260828,80,0,9.029265216112497,23623195.255880386,18.555990543463693,15429.915738186693,720,0.11198502638071564,181.13529035211494,0.025772209088144017,21.430438525259298,0.0
CRH-N,compact,Water,20260829,80,0,4.417804705667751,11628822.418155452,10.524101723773601,10156.96155140936,720,0.07833160198146714,127.08714430436356,0.014616807949685557,14.106891043624112,0.0
CRH-N,compact,Water,20260830,80,0,2.292900185778311,5908464.816864476,6.805065540862552,7805.784803996027,720,0.05643211489354945,90.58808494793338,0.009451479917864656,10.841367783327815,0.0
CRH-N,compact,Water,20260831,80,0,4.493991819275298,12663155.021449065,10.828964765804203,10700.168218583336,720,0.07900414738827971,132.61868385551165,0.015040228841394727,14.861344748032412,0.0
CRH-N,compact,Water,20260832,80,0,6.777350081216808,15496549.355633492,14.694581834529135,12199.726295286388,720,0.09702054537010309,146.7071409855622,0.02040914143684602,16.944064299008872,0.0
CRH-N,compact,Water,20260833,80,0,2.253723356369044,5351427.929459041,6.581454061537699,7740.805292063105,720,0.055947934084203135,86.21217310168753,0.00914090841880236,10.751118461198757,0.0
CRH-N,compact,Water,20260834,80,0,11.246389115007439,27444041.634363536,22.645135891081292,17765.401321127378,720,0.12497993791787054,195.23504934353252,0.031451577626501796,24.674168501565802,0.0
CRH-N,compact,Water,20260835,80,0,13.517803954136664,32297508.93968576,26.454107197265678,19699.221744171242,720,0.13702090247140652,211.7962495067349,0.036741815551757886,27.360030200237837,0.0
CRH-N,compact,Water,20260836,80,0,6.771813994860931,17296240.803898156,14.771088165288301,13185.914106740433,720,0.0969809116016375,154.99211809663345,0.020515400229567084,18.313769592695046,0.0
CRH-N,compact,Water,20260837,80,0,8.954820587561239,19766754.656761054,18.63910821641974,14478.923402336664,720,0.11152242292945969,165.6919609159362,0.02588765030058297,20.1096158365787,0.0
CRH-N,independent,Climate,20260808,80,0,0.008893785165868348,364.92212103437527,1.3853249298490777,247.86467571393746,400,0.004715343350666086,0.9551467440063532,0.0034633123246226943,0.6196616892848437,0.0
CRH-N,independent,Climate,20260809,80,0,0.011014490796044515,476.21303122128876,1.5225003164686977,287.105906333224,400,0.00524749721201558,1.0911152909079873,0.003806250791171744,0.71776476583306,0.0
CRH-N,independent,Climate,20260810,80,0,0.00904152962248426,363.34528260819764,1.419377772430802,258.760475963442,400,0.004754347910724524,0.9530809024004699,0.0035484444310770052,0.646901189908605,0.0
CRH-N,independent,Climate,20260811,80,0,0.009762196119116688,427.46965702159633,1.4768773233578347,272.909835604503,400,0.004940191321982553,1.0337669672387442,0.0036921933083945866,0.6822745890112575,0.0
CRH-N,independent,Climate,20260812,80,0,0.00898949336729735,425.06854685985394,1.385180395632803,262.9437367916902,400,0.004740646940897769,1.0308595283304292,0.0034629509890820075,0.6573593419792254,0.0
CRH-N,independent,Climate,20260813,80,0,0.010072867173791387,423.5101163483967,1.4488104935754456,270.20711876050376,400,0.005018183728649089,1.0289680708705162,0.0036220262339386137,0.6755177969012593,0.0
CRH-N,independent,Climate,20260814,80,0,0.009714807673546162,339.8134758431696,1.3780966551681126,241.6225011851704,400,0.004928186196144116,0.9217015187184645,0.0034452416379202816,0.604056252962926,0.0
CRH-N,independent,Climate,20260815,80,0,0.008810755532459386,339.4667492312054,1.3594789720228098,243.2169438666891,400,0.004693281243559613,0.9212311724415395,0.0033986974300570243,0.6080423596667227,0.0
CRH-N,independent,Climate,20260816,80,0,0.011616868145362865,412.4205562601381,1.5221444231060142,269.18753621417903,400,0.005389078804713025,1.015407007386863,0.0038053610577650355,0.6729688405354476,0.0
CRH-N,independent,Climate,20260817,80,0,0.00971548195119462,351.5198182445938,1.414291333099237,252.40042098055144,400,0.004928357218991593,0.9374430892654149,0.0035357283327480927,0.6310010524513786,0.0
CRH-N,independent,Climate,20260818,80,0,0.011235533091278947,429.46092293713576,1.5761929954427847,285.4127852503071,400,0.005299889878874595,1.0361719487338188,0.003940482488606962,0.7135319631257677,0.0
CRH-N,independent,Climate,20260819,80,0,0.010651528701429859,405.41941805227793,1.4891480327400435,270.7724394762107,400,0.005160312175980698,1.0067514813153715,0.003722870081850109,0.6769310986905268,0.0
CRH-N,independent,Climate,20260820,80,0,0.010942196478783393,461.38338542513213,1.535616176728022,280.5720258278197,400,0.005230247718508033,1.0739918358920753,0.003839040441820055,0.7014300645695493,0.0
CRH-N,independent,Climate,20260821,80,0,0.010478656257101338,381.50256848278593,1.4765945882982285,256.80831892682386,400,0.005118265393935072,0.9766045367532166,0.0036914864707455713,0.6420207973170596,0.0
CRH-N,independent,Climate,20260822,80,0,0.010083385817220196,354.17617066597205,1.406779036925736,251.95277028832763,400,0.005020803177087356,0.9409784411265383,0.0035169475923143402,0.629881925720819,0.0
CRH-N,independent,Climate,20260823,80,0,0.009849265453674524,365.6395862328524,1.4617909003427454,262.4045674871619,400,0.004962173277323789,0.9560852292458717,0.0036544772508568637,0.6560114187179047,0.0
CRH-N,independent,Climate,20260824,80,0,0.011803927364961588,429.6560822172336,1.5875815669869517,283.8606495747532,400,0.005432294028530117,1.036407355021704,0.00396895391746738,0.7096516239368831,0.0
CRH-N,independent,Climate,20260825,80,0,0.010931939158497323,373.7364063380575,1.5158574475253321,266.02782691132325,400,0.005227795701463793,0.9666131676348837,0.0037896436188133305,0.6650695672783081,0.0
CRH-N,independent,Climate,20260826,80,0,0.00979468197806572,352.2563577811986,1.4179103205610295,251.7054595795878,400,0.004948404282712185,0.9384246876830321,0.0035447758014025737,0.6292636489489695,0.0
CRH-N,independent,Climate,20260827,80,0,0.012005940469093417,420.6390781577093,1.560511128391347,280.79358234540314,400,0.005478581127694792,1.0254743757862863,0.0039012778209783676,0.7019839558635078,0.0
CRH-N,independent,Climate,20260828,80,0,0.010750384735904155,463.25491124398405,1.560061157525099,286.58818352796544,400,0.005184203105566022,1.0761678670681263,0.003900152893812748,0.7164704588199136,0.0
CRH-N,independent,Climate,20260829,80,0,0.007887187887108557,380.892455232821,1.3287239611943875,255.80059693629767,400,0.004440492058068722,0.9758233129424878,0.0033218099029859688,0.6395014923407442,0.0
CRH-N,independent,Climate,20260830,80,0,0.010202403471872533,359.1845052046081,1.4607574313273082,260.2180514199753,400,0.0050503473820799035,0.9476081801100708,0.0036518935783182702,0.6505451285499383,0.0
CRH-N,independent,Climate,20260831,80,0,0.011575716121302213,337.9067495311775,1.5637770342107784,262.2712403656472,400,0.005379525100160379,0.9191120028744831,0.003909442585526946,0.655678100914118,0.0
CRH-N,independent,Climate,20260832,80,0,0.010096253251093316,396.2623449284977,1.5008164404125612,272.4605977446726,400,0.005024005685479793,0.9953169657557558,0.003752041101031403,0.6811514943616815,0.0
CRH-N,independent,Climate,20260833,80,0,0.009240232808635335,355.63182743169693,1.4359022291941534,262.0730441571987,400,0.004806306484358684,0.9429101593361068,0.0035897555729853836,0.6551826103929967,0.0
CRH-N,independent,Climate,20260834,80,0,0.008799167964881982,327.02110164999453,1.385654178751071,249.99677482575436,400,0.004690194016477885,0.9041862386284069,0.0034641354468776774,0.6249919370643859,0.0
CRH-N,independent,Climate,20260835,80,0,0.010782460939612264,401.7692686543323,1.4912524405527516,271.00537636968016,400,0.005191931466133838,1.0022091456556514,0.003728131101381879,0.6775134409242004,0.0
CRH-N,independent,Climate,20260836,80,0,0.009915927372497519,364.6872246613174,1.454069902900867,262.8796100108875,400,0.004978937480150137,0.9548392857718483,0.0036351747572521674,0.6571990250272188,0.0
CRH-N,independent,Climate,20260837,80,0,0.010953904022268325,417.97821673372584,1.534760896560303,276.70739466109836,400,0.005233045007992079,1.0222257783064925,0.0038369022414007576,0.6917684866527459,0.0
CRH-N,independent,Traffic,20260808,80,0,0.0005366817824310203,8528.192274501367,0.2866972720962864,963.1635576478394,480,0.001057396352713254,4.215099908489064,0.0005972859835339301,2.0065907450996656,0.0
CRH-N,independent,Traffic,20260809,80,0,0.0005267579737998595,10631.895728950252,0.28447858698106304,985.6448770149339,480,0.0010475745536315656,4.70635557184605,0.0005926637228772147,2.0534268271144454,0.0
CRH-N,independent,Traffic,20260810,80,0,0.0005309825216929737,8554.211793842416,0.2892267688433971,973.4500431981952,480,0.001051766888079465,4.221525147444349,0.000602555768423744,2.0280209233295734,0.0
CRH-N,independent,Traffic,20260811,80,0,0.00052560634236848,8037.937346517669,0.28930081238236016,987.1015996956362,480,0.0010464287903472777,4.092151366365269,0.0006027100257965836,2.0564616660325754,0.0
CRH-N,independent,Traffic,20260812,80,0,0.0005513818973486383,9301.764771180598,0.29282827804292455,1018.5757908843141,480,0.0010717799616259843,4.402121830052668,0.0006100589125894261,2.122032897675654,0.0
CRH-N,independent,Traffic,20260813,80,0,0.0007416828419981834,17556.8707158303,0.32403333865509965,1132.924006160788,480,0.0012430497123993938,6.047876816810435,0.0006750694555314576,2.360258346168308,0.0
CRH-N,independent,Traffic,20260814,80,0,0.000461684983560822,11945.120665836208,0.2738733139713616,1014.2754941340137,480,0.0009807363130585674,4.988553703612444,0.0005705694041070033,2.1130739461125283,0.0
CRH-N,independent,Traffic,20260815,80,0,0.00046152800744360254,9782.49540442065,0.2808114432164456,999.9933785155105,480,0.0009805695702876833,4.514443349872683,0.0005850238400342616,2.08331953857398,0.0
CRH-N,independent,Traffic,20260816,80,0,0.0005088112225739534,9984.458748187,0.3004840459868344,1029.9499505223084,480,0.0010295743685438186,4.560806477520131,0.0006260084291392384,2.1457290635881425,0.0
CRH-N,independent,Traffic,20260817,80,0,0.0004739654230457346,9417.29614980645,0.284864716621585,1005.3598245493627,480,0.0009936941001528659,4.429375461480257,0.0005934681596283021,2.094499634477839,0.0
CRH-N,independent,Traffic,20260818,80,0,0.0004336112680009346,9926.543297843244,0.2662768672339523,976.3461790767999,480,0.0009504508447759307,4.547559624367055,0.0005547434734040673,2.034054539743333,0.0
CRH-N,independent,Traffic,20260819,80,0,0.00048565110321013746,14809.824152427938,0.29067119716683004,1118.244362642897,480,0.0010058693412604773,5.554619727538349,0.0006055649940975626,2.3296757555060355,0.0
CRH-N,independent,Traffic,20260820,80,0,0.0007269648845720747,15994.96982066041,0.30725402936409946,1168.9687248404828,480,0.0012306543691028048,5.772595065743181,0.0006401125611752072,2.435351510084339,0.0
CRH-N,independent,Traffic,20260821,80,0,0.00047436175730662363,8038.197897293812,0.2839600412275261,981.4014512379152,480,0.000994109481423181,4.09221768963506,0.0005915834192240127,2.044586356745657,0.0
CRH-N,independent,Traffic,20260822,80,0,0.8701056745101398,67041566.13679121,2.469356414915522,14058.871100498116,480,0.04257605142834946,373.72440307216806,0.005144492531074004,29.28931479270441,0.0
CRH-N,independent,Traffic,20260823,80,0,0.0005430595254402637,13929.297391859975,0.2916510763340235,1111.648457048711,480,0.0010636606655009307,5.386962926025661,0.0006076064090292156,2.3159342855181477,0.0
CRH-N,independent,Traffic,20260824,80,0,0.0006255415103027407,11033.903141680543,0.3105806090196404,1096.8171799990607,480,0.0011415828834549756,4.794507087473588,0.0006470429354575841,2.28503579166471,0.0
CRH-N,independent,Traffic,20260825,80,0,0.00047854119519850696,10787.160530873112,0.2802682988463235,1039.5216267381224,480,0.0009984792553329402,4.740596070747396,0.0005838922892631739,2.165670055704422,0.0
CRH-N,independent,Traffic,20260826,80,0,0.0005247093431280397,11480.169642145633,0.28623988259563704,1028.9556085252327,480,0.001045535491913155,4.890503050587271,0.0005963330887409105,2.1436575177609014,0.0
CRH-N,independent,Traffic,20260827,80,0,0.0005121596081584841,15078.75478151811,0.2906244945587972,1073.321165972452,480,0.001032956525543795,5.604825819014901,0.0006054676969974942,2.2360857624426083,0.0
CRH-N,independent,Traffic,20260828,80,0,0.0004975195714489859,14999.980576390857,0.2870331609386751,1097.2665625849097,480,0.001018086001861035,5.590166324372435,0.0005979857519555731,2.2859720053852284,0.0
CRH-N,independent,Traffic,20260829,80,0,0.0005032629773469882,8959.894829738334,0.2830815691891589,981.6586735938538,480,0.0010239455728404507,4.320468442420898,0.000589753269144081,2.045122236653862,0.0
CRH-N,independent,Traffic,20260830,80,0,0.0005040917262282559,12911.6144059697,0.28593297734658435,1061.5669377449976,480,0.0010247883178046413,5.186443548242239,0.0005956937028053841,2.211597786968745,0.0
CRH-N,independent,Traffic,20260831,80,0,0.0005878975364937283,12096.934551419616,0.30463487575753684,1136.3575844611694,480,0.0011067007429119825,5.020154079520289,0.000634655991161535,2.3674116342941027,0.0
CRH-N,independent,Traffic,20260832,80,0,0.0006183699031113855,11324.105894484092,0.30967108268016846,1074.3159197161715,480,0.001135020101796463,4.857148060351382,0.0006451480889170176,2.2381581660753573,0.0
CRH-N,independent,Traffic,20260833,80,0,0.0004988252192243131,12649.718806656205,0.28380087067810295,1078.3866724024938,480,0.0010194210154383316,5.133573886407055,0.0005912518139127145,2.2466389008385286,0.0
CRH-N,independent,Traffic,20260834,80,0,0.0005407772657312188,8449.338257577816,0.29258644483219265,992.1254618112251,480,0.001061423244331264,4.195567665599072,0.0006095550934004014,2.0669280454400525,0.0
CRH-N,independent,Traffic,20260835,80,0,0.0005660266682982919,10177.825910463074,0.29167027207912566,1006.8626715060211,480,0.0010859199904327398,4.604758840605163,0.0006076464001648452,2.097630565637544,0.0
CRH-N,independent,Traffic,20260836,80,0,0.0005227815708325284,11078.853606839017,0.28009859023532463,1010.0564234004063,480,0.0010436130856633448,4.804263212423727,0.0005835387296569263,2.104284215417513,0.0
CRH-N,independent,Traffic,20260837,80,0,0.0005111308409770353,13560.099123684922,0.29051547875366995,1082.455641151878,480,0.001031918562049427,5.315092332939939,0.0006052405807368124,2.2551159190664123,0.0
CRH-N,independent,Water,20260808,80,0,65.28467465092575,7758339095.915072,132.2212013089487,485651.7167373306,720,0.3011198419855405,3282.6012500071815,0.18364055737353988,674.5162732462925,0.0
CRH-N,independent,Water,20260809,80,0,59.12679283846264,7223576322.9046545,120.97121110448084,452114.73871485423,720,0.2865668257300134,3167.4508509088396,0.1680155709784456,627.9371371039642,0.0
CRH-N,independent,Water,20260810,80,0,62.97961269725351,7495943510.425044,127.7450826006553,469485.8464444211,720,0.2957561230164829,3226.6131862013017,0.17742372583424346,652.0636756172515,0.0
CRH-N,independent,Water,20260811,80,0,64.68324369855705,8028696808.686303,132.4362768692373,502599.0697829207,720,0.2997296089314803,3339.306483364785,0.18393927342949626,698.0542635873899,0.0
CRH-N,independent,Water,20260812,80,0,62.958133234261936,7484567588.375229,127.77660059111838,469448.63285449595,720,0.2957056842778858,3224.163885665904,0.17746750082099774,652.0119900756888,0.0
CRH-N,independent,Water,20260813,80,0,65.15942550913805,8029923603.852348,133.1619527004158,502411.9979349637,720,0.3008308529656243,3339.561598775676,0.1849471565283553,697.7944415763385,0.0
CRH-N,independent,Water,20260814,80,0,65.31973941273203,7761786714.850586,132.34319184191173,486481.09791403776,720,0.30120069770082064,3283.330523444353,0.18380998866932186,675.6681915472747,0.0
CRH-N,independent,Water,20260815,80,0,55.01840835813474,6687096464.02745,112.35945580389959,419003.3259107488,720,0.27643164806686826,3047.5619727605053,0.15605479972763833,581.9490637649288,0.0
CRH-N,independent,Water,20260816,80,0,58.53342828760299,6955026418.040552,118.76107782958778,435577.1493868059,720,0.2851252850541782,3108.015269258697,0.16494594142998303,604.9682630372304,0.0
CRH-N,independent,Water,20260817,80,0,56.83856162933378,6964198306.891805,116.19381569762973,436080.4907743643,720,0.2809669850843832,3110.063929963633,0.1613802995800413,605.6673482977283,0.0
CRH-N,independent,Water,20260818,80,0,62.95749826368613,7495299909.171559,127.72627854447502,469482.7222674633,720,0.29570419308943724,3226.474664822006,0.17739760908954863,652.0593364825879,0.0
CRH-N,independent,Water,20260819,80,0,54.09583221201081,6685584073.099965,111.42267680704961,419892.1438376332,720,0.2741041778128518,3047.2173264900325,0.1547537177875689,583.1835331078239,0.0
CRH-N,independent,Water,20260820,80,0,63.72258687993225,7763476845.989145,129.70170018371854,486000.6590842446,720,0.2974955342333642,3283.687977037477,0.18014125025516464,675.0009153947841,0.0
CRH-N,independent,Water,20260821,80,0,63.09607045741673,7499424100.754274,127.79478931613012,469459.4141691807,720,0.29602944311479656,3227.362205672484,0.17749276293906963,652.0269641238621,0.0
CRH-N,independent,Water,20260822,80,0,52.342587669424,6688419574.504659,108.59032933898423,418921.9638960349,720,0.26962573769904746,3047.8634535123897,0.15081990185970032,581.8360609667152,0.0
CRH-N,independent,Water,20260823,80,0,69.28559373613217,8288301706.237689,140.6853442613579,518912.10648347624,720,0.31020959253411806,3392.8645931649476,0.1953963114741082,720.7112590048281,0.0
CRH-N,independent,Water,20260824,80,0,65.04125108898747,7753072319.951046,131.92156252130874,485639.0442787411,720,0.3005579327799003,3281.4868581074657,0.1832243923907066,674.4986726093626,0.0
CRH-N,independent,Water,20260825,80,0,58.47764201933226,6963374600.401622,118.7773165067668,435972.39529130067,720,0.28498938094089155,3109.8799995609024,0.1649684951482872,605.517215682362,0.0
CRH-N,independent,Water,20260826,80,0,67.49414563293152,8032762104.415616,136.7659472669231,502960.8272047513,720,0.3061729395858281,3340.151798034122,0.18995270453739319,698.5567044510435,0.0
CRH-N,independent,Water,20260827,80,0,62.9617830358452,7502772342.513733,127.68401477564542,469929.5560357065,720,0.2957142554614477,3228.0825798576134,0.17733890941061864,652.6799389384812,0.0
CRH-N,independent,Water,20260828,80,0,61.56426346076551,7487842134.873519,125.82632166943361,469501.94335364865,720,0.29241395567463163,3224.869104766872,0.17475878009643558,652.0860324356231,0.0
CRH-N,independent,Water,20260829,80,0,63.09298791827183,7490111402.392963,127.79643765993656,469097.9169698962,720,0.2960222118127095,3225.3577326125487,0.17749505230546744,651.5248846804113,0.0
CRH-N,independent,Water,20260830,80,0,56.996411381538735,6956085154.887081,116.89941864281958,435487.51151375,720,0.2813568596539977,3108.251820845218,0.16236030367058277,604.8437659913195,0.0
CRH-N,independent,Water,20260831,80,0,57.27693203327233,6957345453.207976,117.07602554397579,435899.6764011246,720,0.2820483903351622,3108.5333834659377,0.16260559103329972,605.4162172237842,0.0
CRH-N,independent,Water,20260832,80,0,63.86224533877945,7754330158.502219,130.3677433734292,485344.6826412346,720,0.2978213608365374,3281.753037314013,0.18106631024087388,674.0898370017147,0.0
CRH-N,independent,Water,20260833,80,0,59.39696241250805,7230685056.2448015,121.2105371837882,452585.9265416566,720,0.28722078812036467,3169.0090144512583,0.16834796831081694,628.5915646411897,0.0
CRH-N,independent,Water,20260834,80,0,54.481431013257286,6687930876.566646,111.58604399049493,419188.9572004672,720,0.2750793597947319,3047.7521034559786,0.1549806166534652,582.2068850006489,0.0
CRH-N,independent,Water,20260835,80,0,56.17505378172126,6680631579.185426,114.2941965048315,418789.3275410428,720,0.2793222297458053,3046.0884706605075,0.15874193959004376,581.651843807004,0.0
CRH-N,independent,Water,20260836,80,0,63.133290881880164,7499212900.4868145,127.85953856333384,469090.96311918605,720,0.29611674424934764,3227.31676054557,0.1775826924490748,651.5152265544251,0.0
CRH-N,independent,Water,20260837,80,0,65.27607134349313,7759344190.475383,132.3749168206121,486011.90940431325,720,0.3011000003309466,3282.813873983082,0.18385405113973902,675.016540839324,0.0
CRH-N,mature_anchor,Climate,20260808,60,0,0.008154336850000317,314.3934147920802,1.124629597251832,198.7879465880814,300,0.005213551844312512,1.0237079902525592,0.0037487653241727735,0.6626264886269381,0.0
CRH-N,mature_anchor,Climate,20260809,60,0,1.2453244869604199,48787.56934887141,3.2406062954910673,580.7322108985983,300,0.06442888811085754,12.75245980832344,0.010802020984970224,1.9357740363286609,0.0
CRH-N,mature_anchor,Climate,20260810,60,0,0.008027400373236508,286.0335649627543,1.1571140155674065,205.58371423210525,300,0.005172813668026493,0.9764451938242691,0.0038570467185580215,0.6852790474403508,0.0
CRH-N,mature_anchor,Climate,20260811,60,0,1.2618949214648072,48445.45633583636,3.2773417951202624,572.7239118346658,300,0.06485612079736723,12.70766911958239,0.010924472650400875,1.9090797061155529,0.0
CRH-N,mature_anchor,Climate,20260812,60,0,0.007815713762210148,312.15442903030475,1.119932792364704,204.3944570498908,300,0.005104153133220746,1.0200562550341767,0.003733109307882347,0.6813148568329693,0.0
CRH-N,mature_anchor,Climate,20260813,60,0,0.00753976546747447,273.2318685332348,1.066349289018819,192.35428951644298,300,0.005013237632333843,0.9543442225480189,0.0035544976300627305,0.6411809650548099,0.0
CRH-N,mature_anchor,Climate,20260814,60,0,0.007188836835386962,279.4719424854212,1.0600236326598553,192.15705090919852,300,0.004895180226640269,0.965180367401902,0.0035334121088661844,0.6405235030306617,0.0
CRH-N,mature_anchor,Climate,20260815,60,0,0.006211920131298078,229.81215579912555,1.0100032652900486,179.50929951510275,300,0.004550428599336579,0.8752374074103657,0.003366677550966829,0.5983643317170092,0.0
CRH-N,mature_anchor,Climate,20260816,60,0,0.008416370184951998,265.38148921146285,1.1411992244787676,196.5848703011794,300,0.005296656236076996,0.9405344034314798,0.0038039974149292255,0.6552829010039313,0.0
CRH-N,mature_anchor,Climate,20260817,60,0,0.008269860254956695,282.99213028493233,1.1203431388462832,198.5749779502707,300,0.005250352450060438,0.9712399811322505,0.0037344771294876107,0.661916593167569,0.0
CRH-N,mature_anchor,Climate,20260818,60,0,1.2363808558098313,47640.925031201696,3.1488571963707916,548.1811103750969,300,0.06419711457196581,12.601709544237995,0.010496190654569306,1.8272703679169895,0.0
CRH-N,mature_anchor,Climate,20260819,60,0,0.006714540230367916,249.6372552856262,1.0161923808998319,183.31201264838185,300,0.0047309407909942236,0.9122084105539812,0.003387307936332773,0.6110400421612728,0.0
CRH-N,mature_anchor,Climate,20260820,60,0,0.008427444939748391,332.187490989152,1.1861995226701054,210.6104585093527,300,0.005300139916313024,1.0522792579113716,0.003953998408900351,0.7020348616978423,0.0
CRH-N,mature_anchor,Climate,20260821,60,0,1.2510603809654137,47403.272857519354,3.165399450517212,547.131917241802,300,0.0645770955516328,12.570239040092456,0.01055133150172404,1.8237730574726732,0.0
CRH-N,mature_anchor,Climate,20260822,60,0,0.007640886906447037,262.48256222783954,1.0647188345211438,187.62376607278154,300,0.005046743803829368,0.9353832765731909,0.003549062781737146,0.6254125535759385,0.0
CRH-N,mature_anchor,Climate,20260823,60,0,0.0065734439659906095,236.69778523427573,1.0284791377176876,181.01553689636614,300,0.004680969972840604,0.8882525639971921,0.003428263792392292,0.6033851229878872,0.0
CRH-N,mature_anchor,Climate,20260824,60,0,0.007982047769566673,306.7621985088382,1.1427737499951771,205.0881749387771,300,0.005158180483325063,1.0112075265226852,0.003809245833317257,0.6836272497959236,0.0
CRH-N,mature_anchor,Climate,20260825,60,0,0.00809431292923094,265.55989326599513,1.130727974226869,192.2928079629301,300,0.005194327973610875,0.9408504898335249,0.0037690932474228967,0.6409760265431004,0.0
CRH-N,mature_anchor,Climate,20260826,60,0,0.00728345587015054,285.66112165447777,1.0668124418572744,190.5826113617599,300,0.0049272899482205364,0.9758092738072637,0.0035560414728575815,0.6352753712058663,0.0
CRH-N,mature_anchor,Climate,20260827,60,0,0.008987232475785312,315.25395405035647,1.1622334100355598,208.06692893108303,300,0.005473339162335095,1.0251080496714422,0.0038741113667851994,0.6935564297702768,0.0
CRH-N,mature_anchor,Climate,20260828,60,0,0.008688717957218674,370.0089394358281,1.200857685647841,221.96194734361774,300,0.005381671969818387,1.1105688323794973,0.00400285895215947,0.7398731578120591,0.0
CRH-N,mature_anchor,Climate,20260829,60,0,2.500567373418731,96988.4327742156,5.301721197665005,919.8897796522574,300,0.09129745110386399,17.980399770696202,0.017672403992216684,3.0662992655075247,0.0
CRH-N,mature_anchor,Climate,20260830,60,0,1.2786635960579826,48134.78522938685,3.242229898837951,554.6730597578403,300,0.06528561853011688,12.666857704180472,0.010807432996126505,1.848910199192801,0.0
CRH-N,mature_anchor,Climate,20260831,60,0,0.0077099672631194185,266.7249271506338,1.155296449977078,200.4562655588045,300,0.005069505979586643,0.9429120269156146,0.00385098816659026,0.6681875518626816,0.0
CRH-N,mature_anchor,Climate,20260832,60,0,0.007878284864500389,250.90099824617315,1.1224789499882981,192.60490721904864,300,0.0051245438380732615,0.9145144399191175,0.003741596499960994,0.6420163573968288,0.0
CRH-N,mature_anchor,Climate,20260833,60,0,1.2547397033418932,48087.81164936654,3.23279590229157,561.2245437413065,300,0.06467198526260277,12.660675554562184,0.010775986340971901,1.8707484791376885,0.0
CRH-N,mature_anchor,Climate,20260834,60,0,0.0073588589483366915,311.84030139259795,1.1236202577043755,210.74752830395016,300,0.004952729533074562,1.0195428736981393,0.003745400859014585,0.7024917610131672,0.0
CRH-N,mature_anchor,Climate,20260835,60,0,0.007551186251876604,250.07663378544945,1.0690239200082488,184.74634590503703,300,0.005017033071406714,0.9130108319646769,0.0035634130666941624,0.6158211530167901,0.0
CRH-N,mature_anchor,Climate,20260836,60,0,0.007289570680363785,244.5123988998659,1.0519376695689833,186.24232112416217,300,0.004929357862292608,0.9027963943582294,0.0035064588985632777,0.6208077370805406,0.0
CRH-N,mature_anchor,Climate,20260837,60,0,0.008655276497177428,344.3752443704716,1.1882045758472073,220.2127344695526,300,0.005371305396014835,1.0714091101138283,0.003960681919490691,0.734042448231842,0.0
CRH-N,mature_anchor,Traffic,20260808,60,0,0.00044908299449274126,7155.739215348257,0.2309482865953484,798.6337269408484,360,0.0011168942485660122,4.458368914296727,0.0006415230183204122,2.2184270192801345,0.0
CRH-N,mature_anchor,Traffic,20260809,60,0,0.0003784109890002485,7877.432212205152,0.2115721102618629,737.2302203666121,360,0.0010252519866412362,4.677793939990764,0.0005877003062829525,2.0478617232405893,0.0
CRH-N,mature_anchor,Traffic,20260810,60,0,0.0004685203833627158,26030.062030028028,0.2358882433951153,1008.2224641534004,360,0.0011408091467642067,8.503277477607618,0.0006552451205419869,2.800617955981668,0.0
CRH-N,mature_anchor,Traffic,20260811,60,0,0.0004611415426800053,8477.059495523083,0.2357665306788472,834.113580807976,360,0.0011317900554726045,4.8525650420745645,0.0006549070296634644,2.316982168911044,0.0
CRH-N,mature_anchor,Traffic,20260812,60,0,0.00046510969568725624,9603.767981119696,0.2341473352723354,866.645083138319,360,0.0011366491881442775,5.164991121085112,0.000650409264645376,2.4073474531619974,0.0
CRH-N,mature_anchor,Traffic,20260813,60,0,0.0005786759276579254,14009.482603359236,0.2444149014046569,898.9090375833372,360,0.0012678458630224442,6.238207230749525,0.0006789302816796025,2.4969695488426034,0.0
CRH-N,mature_anchor,Traffic,20260814,60,0,0.0003297507488507976,8906.742611232765,0.2017189159761345,780.9719462536244,360,0.0009570654639904872,4.974027713821948,0.0005603303221559292,2.169366517371179,0.0
CRH-N,mature_anchor,Traffic,20260815,60,0,0.00044900737181263734,7810.871309411923,0.2258098007347179,801.5979891855999,360,0.0011168002057125295,4.657989346098427,0.0006272494464853275,2.2266610810711107,0.0
CRH-N,mature_anchor,Traffic,20260816,60,0,0.0004466420073447537,7429.503075672949,0.2359468424754842,804.0518404293654,360,0.0011138546775160195,4.542852467727294,0.0006554078957652339,2.233477334526015,0.0
CRH-N,mature_anchor,Traffic,20260817,60,0,0.0003884314271292861,12083.20927795811,0.2211329094742177,817.1068856646879,360,0.0010387377852327502,5.793485152872173,0.000614258081872827,2.2697413490685774,0.0
CRH-N,mature_anchor,Traffic,20260818,60,0,0.00042829786261279457,11209.860687944107,0.2253876423959184,853.595241216324,360,0.0010907411631709608,5.58018834009712,0.0006260767844331067,2.3710978922675667,0.0
CRH-N,mature_anchor,Traffic,20260819,60,0,0.00041329646291600946,10913.248790405953,0.2235991364070303,855.513374686087,360,0.0010714689591034584,5.505867776595245,0.0006211087122417508,2.3764260407946862,0.0
CRH-N,mature_anchor,Traffic,20260820,60,0,0.0005253252191704017,15036.029206216206,0.2367782664850911,895.9908598654371,360,0.001207988708522469,6.4627198450068235,0.0006577174069030308,2.488863499626214,0.0
CRH-N,mature_anchor,Traffic,20260821,60,0,0.00037984521274442567,10155.93202278856,0.2219707241264064,842.7934880128267,360,0.00102719306411051,5.31139551205931,0.0006165853447955733,2.341093022257852,0.0
CRH-N,mature_anchor,Traffic,20260822,60,0,0.00042848402736449183,8969.969118691406,0.2235304602842748,830.1325123124561,360,0.0010909781892163612,4.991651118142563,0.0006209179452340967,2.305923645312378,0.0
CRH-N,mature_anchor,Traffic,20260823,60,0,0.0004284485648660152,9042.971944409886,0.2268266136324241,864.9851289343854,360,0.0010909330421275164,5.0119224367751025,0.0006300739267567336,2.402736469262182,0.0
CRH-N,mature_anchor,Traffic,20260824,60,0,0.0004983803939899745,8680.948867079327,0.2496900596937877,882.6489680363134,360,0.0011766010297911034,4.910575002278056,0.0006935834991494103,2.4518026889897593,0.0
CRH-N,mature_anchor,Traffic,20260825,60,0,0.0003394176286941997,7425.113176836292,0.2155831352191962,777.0252685916146,360,0.0009709926603083965,4.54151014312429,0.000598842042275545,2.158403523865596,0.0
CRH-N,mature_anchor,Traffic,20260826,60,0,0.0003662989149297145,6753.632368710456,0.2171380429333552,790.5251889851311,360,0.0010087105560644607,4.331291945030328,0.0006031612303704311,2.1959033027364754,0.0
CRH-N,mature_anchor,Traffic,20260827,60,0,0.00044167935624889063,14618.715637798852,0.2269462447130066,931.0494992330736,360,0.0011076493581866794,6.372404839488005,0.0006304062353139072,2.58624860898076,0.0
CRH-N,mature_anchor,Traffic,20260828,60,0,0.0005514549803807624,12552.357218913567,0.23824717881856772,893.8489354010675,360,0.0012376669139742575,5.9048843292164985,0.0006617977189404659,2.4829137094474096,0.0
CRH-N,mature_anchor,Traffic,20260829,60,0,0.00041387860647325677,15347.929584114141,0.2309968195330843,884.0772939738133,360,0.0010722232956614246,6.529405618710665,0.0006416578320363452,2.4557702610383703,0.0
CRH-N,mature_anchor,Traffic,20260830,60,0,0.0005309578276360014,12372.671586416502,0.24546493987954102,936.952175396009,360,0.0012144475511706746,5.862468096671425,0.0006818470552209472,2.6026449316555804,0.0
CRH-N,mature_anchor,Traffic,20260831,60,0,0.0004908278204164531,13494.507113671358,0.243796360802225,918.8475648451735,360,0.0011676517512802886,6.122478418289479,0.0006772121133395138,2.5523543467921486,0.0
CRH-N,mature_anchor,Traffic,20260832,60,0,0.0004845931887178991,8080.614891044739,0.2299294436074448,803.3425757337644,360,0.001160212131846178,4.737737062683436,0.0006386928989095689,2.231507154816012,0.0
CRH-N,mature_anchor,Traffic,20260833,60,0,0.0004428346763626964,12132.509043568336,0.2252155170899456,899.051200053092,360,0.0011090970756564603,5.805291897046353,0.0006255986585831822,2.497364444591922,0.0
CRH-N,mature_anchor,Traffic,20260834,60,0,0.0004164169698228463,8212.995784862862,0.2158307712078723,794.3653873924467,360,0.0010755063017311717,4.776387461269722,0.0005995299200218675,2.2065705205345743,0.0
CRH-N,mature_anchor,Traffic,20260835,60,0,0.000448654304190188,7597.3813146151,0.2235166117704461,783.4434200111041,360,0.001116361033037187,4.593891268308594,0.000620879477140128,2.1762317222530667,0.0
CRH-N,mature_anchor,Traffic,20260836,60,0,0.00034523797425943135,8963.0675114986,0.2132174692815849,810.0204006211163,360,0.000979282580741057,4.989730429007441,0.0005922707480044024,2.2500566683919896,0.0
CRH-N,mature_anchor,Traffic,20260837,60,0,0.0004304599842762908,11626.242604532672,0.2255649947240033,831.330363609055,360,0.0010934908223415743,5.68287940624505,0.000626569429788898,2.309251010025153,0.0
CRH-N,mature_anchor,Water,20260808,60,0,6.797551943880724,15896650.634628478,13.900181047084843,11200.099636885594,540,0.11219652024610512,171.57576144659438,0.02574107601312008,20.74092525349184,0.0
CRH-N,mature_anchor,Water,20260809,60,0,11.28138836668269,27663468.868421722,21.933434331697793,16386.62682201282,540,0.14453878350913735,226.3374605597421,0.040617470984625544,30.345605225949665,0.0
CRH-N,mature_anchor,Water,20260810,60,0,11.3221358942108,29784838.866632566,21.976525431024474,17187.79407418514,540,0.14479957984266595,234.855506667999,0.04069726931671199,31.829248285528042,0.0
CRH-N,mature_anchor,Water,20260811,60,0,6.742092022845483,18331201.620470256,13.995416909993914,11567.138962513614,540,0.11173788792465163,184.2462202259181,0.025917438722210952,21.420627708358545,0.0
CRH-N,mature_anchor,Water,20260812,60,0,9.01541774906378,23236648.725938063,17.95497861970964,13873.546275943194,540,0.12920997660328637,207.4387402920664,0.0332499604068697,25.691752362857766,0.0
CRH-N,mature_anchor,Water,20260813,60,0,6.7586152303911735,14414973.65804667,13.870475744413381,11341.039681094606,540,0.11187472516325582,163.38419649112146,0.025686066193358115,21.00192533536038,0.0
CRH-N,mature_anchor,Water,20260814,60,0,6.7747153591589555,16780751.78122318,14.009349829101316,11767.328073160279,540,0.11200789786272973,176.28234812800858,0.025943240424261695,21.791348283630146,0.0
CRH-N,mature_anchor,Water,20260815,60,0,11.238272270272688,24920675.198372796,21.91558347369594,15439.093112875134,540,0.14426231425885208,214.8241106475369,0.04058441384017766,28.59091317199099,0.0
CRH-N,mature_anchor,Water,20260816,60,0,6.782261030835864,15991135.08585625,13.917920139363225,11289.075777345395,540,0.11207025764981557,172.0849009121835,0.025773926184005973,20.905695883972953,0.0
CRH-N,mature_anchor,Water,20260817,60,0,8.967321589676548,19413600.585998602,17.815347432694118,12935.097696195115,540,0.12886485592275967,189.60778516794534,0.03299138413461874,23.953884622583544,0.0
CRH-N,mature_anchor,Water,20260818,60,0,11.137552356196649,21551994.50285886,21.88184872165659,14874.8840112913,540,0.14361440372023873,199.7776287055688,0.04052194207714183,27.546081502391296,0.0
CRH-N,mature_anchor,Water,20260819,60,0,0.014610400867222028,415135.9139980266,2.1343481410423,4128.51786018894,540,0.005201566869921314,27.726705738465515,0.003952496557485741,7.645403444794334,0.0
CRH-N,mature_anchor,Water,20260820,60,0,2.230894380067637,5372282.6555510685,5.958012695311258,6539.064462572319,540,0.06427507984447894,99.74302774807786,0.011033356843168998,12.109378634393183,0.0
CRH-N,mature_anchor,Water,20260821,60,0,4.50921812990504,9879438.345216399,9.930358787470936,8751.749502807985,540,0.09138054467045266,135.25995783987656,0.018389553310131364,16.20694352371849,0.0
CRH-N,mature_anchor,Water,20260822,60,0,6.7656687217525855,17855533.388523057,13.810409025244047,11363.317059106856,540,0.11193308783105055,181.84004666557638,0.025574831528229716,21.04317973908677,0.0
CRH-N,mature_anchor,Water,20260823,60,0,4.458801023466109,10886316.440198964,9.929725319214782,8592.067934869898,540,0.09086825040873543,141.9853698788284,0.018388380220768115,15.911236916425736,0.0
CRH-N,mature_anchor,Water,20260824,60,0,8.934582660573154,20064102.216434564,17.89760633680075,13497.207290444778,540,0.12862940350287658,192.75825493412518,0.033143715438519905,24.99482831563848,0.0
CRH-N,mature_anchor,Water,20260825,60,0,4.521885112570347,10781764.11551374,10.005996599970546,8819.222430616977,540,0.0915088046013864,141.3019102614822,0.01852962333327879,16.33189339003144,0.0
CRH-N,mature_anchor,Water,20260826,60,0,2.251097400436128,5403455.127827363,6.1677932813125445,6795.200715798279,540,0.06456546204974091,100.03198680854783,0.011421839409838045,12.583705029256071,0.0
CRH-N,mature_anchor,Water,20260827,60,0,6.737789237277756,15613697.828423923,14.041208878709341,11133.181280579543,540,0.11170222681952356,170.04192200108207,0.026002238664276558,20.6170023714436,0.0
CRH-N,mature_anchor,Water,20260828,60,0,6.7688537831139035,12550044.826251887,13.752488818917072,10320.306084554584,540,0.1119594319973708,152.44941374868685,0.025467571886883467,19.11167793436034,0.0
CRH-N,mature_anchor,Water,20260829,60,0,6.837587014738944,17358655.210912887,14.004241244267174,11306.218289839955,540,0.1125264332298971,179.2921018840117,0.02593378008197625,20.937441277481398,0.0
CRH-N,mature_anchor,Water,20260830,60,0,0.015057139742360896,346335.1291860617,2.1316973255406593,3720.7623950659213,540,0.005280491654712006,25.32511303715264,0.0039475876398901094,6.890300731603558,0.0
CRH-N,mature_anchor,Water,20260831,60,0,4.524874266108829,9654722.884530278,10.095520940847122,8692.943887707905,540,0.09153904516156165,133.71281334574428,0.01869540914971689,16.09804423649612,0.0
CRH-N,mature_anchor,Water,20260832,60,0,6.7294350384880035,14011368.451895835,13.968523557396617,10228.132940247448,540,0.11163295542957172,161.08065872295754,0.02586763621740114,18.940986926384163,0.0
CRH-N,mature_anchor,Water,20260833,60,0,0.012626360121537592,311853.8802793808,1.9535620890027565,3691.6963057481294,540,0.004835509112101616,24.0313791885226,0.0036177075722273267,6.8364746402743135,0.0
CRH-N,mature_anchor,Water,20260834,60,0,8.996765797813584,20347027.061210994,17.94137125880644,13329.00981091759,540,0.12907624647222465,194.1125440124448,0.0332247615903823,24.683351501699242,0.0
CRH-N,mature_anchor,Water,20260835,60,0,9.028390522718174,19617447.285191998,17.934943586057802,13112.070552531128,540,0.12930290680699086,190.60064554898256,0.033212858492699636,24.2816121343169,0.0
CRH-N,mature_anchor,Water,20260836,60,0,4.497454936720686,11471257.365808314,10.022489306772593,9522.573712665342,540,0.09126127466338861,145.7500229706374,0.01856016538291221,17.634395764195077,0.0
CRH-N,mature_anchor,Water,20260837,60,0,6.826484346973382,15882251.002136676,14.028841425740527,11312.640680606502,540,0.1124350375976294,171.49803476973938,0.02597933597359357,20.949334593715744,0.0
CRH-N,onoff,Climate,20260808,40,0,0.004729367019987384,197.00915961853758,0.7189513479768967,132.23811706348056,200,0.0048628011577625625,0.992494734541543,0.0035947567398844837,0.6611905853174028,0.0
CRH-N,onoff,Climate,20260809,40,0,0.007071764624990555,295.6904332188875,0.8506706307925251,162.2390549949852,200,0.005946328541625729,1.2159161838278318,0.004253353153962625,0.8111952749749259,0.0
CRH-N,onoff,Climate,20260810,40,0,0.004852186531201944,165.5628869402124,0.7236235856171568,126.29961570917729,200,0.004925538818851164,0.9098430824604109,0.003618117928085784,0.6314980785458865,0.0
CRH-N,onoff,Climate,20260811,40,0,1.2507408662118629,48457.97215936698,2.7889403484037696,487.11063418005097,200,0.07908036628050805,15.565662876884971,0.013944701742018848,2.435553170900255,0.0
CRH-N,onoff,Climate,20260812,40,0,0.00476551740261957,213.33492466104107,0.7006341324918827,132.48949859532794,200,0.004881350941399097,1.0327994109725303,0.003503170662459413,0.6624474929766397,0.0
CRH-N,onoff,Climate,20260813,40,0,0.004628059037251515,156.59667920632404,0.6858316178949398,121.02879998531643,200,0.004810436070280695,0.8848634900546073,0.003429158089474699,0.6051439999265821,0.0
CRH-N,onoff,Climate,20260814,40,0,0.004347274268955219,163.44889573261807,0.6760388673153612,122.61324429237081,200,0.00466222815237265,0.9040157513357222,0.003380194336576806,0.6130662214618541,0.0
CRH-N,onoff,Climate,20260815,40,0,0.003776389368145953,176.24201922074047,0.6401025521779968,120.54661391867137,200,0.004345336217225287,0.9387279137767782,0.0032005127608899842,0.6027330695933568,0.0
CRH-N,onoff,Climate,20260816,40,0,0.004884319911783002,161.15094479511623,0.7121623940833925,124.83020711859197,200,0.004941821481894607,0.8976384149397691,0.0035608119704169626,0.6241510355929598,0.0
CRH-N,onoff,Climate,20260817,40,0,0.005468401570782484,218.755614194708,0.7338985947565856,134.81545460313046,200,0.005228958582156912,1.0458384535737533,0.003669492973782928,0.6740772730156523,0.0
CRH-N,onoff,Climate,20260818,40,0,1.2436731393968885,48407.594090195635,2.844993042680486,494.4621222474048,200,0.07885661479536414,15.557569554753023,0.01422496521340243,2.472310611237024,0.0
CRH-N,onoff,Climate,20260819,40,0,0.00476266881952988,181.02723076601168,0.6863317180792607,127.60628323560772,200,0.0048798918120845055,0.95138643769504,0.0034316585903963037,0.6380314161780386,0.0
CRH-N,onoff,Climate,20260820,40,0,0.005606285435299729,218.6288563836929,0.771072086166133,138.19656955126058,200,0.005294471378381287,1.0455354044308898,0.003855360430830665,0.6909828477563029,0.0
CRH-N,onoff,Climate,20260821,40,0,1.2422008495002808,47344.28649897283,2.8306326193202356,481.4616540783152,200,0.07880992480329749,15.38575420624105,0.014153163096601178,2.407308270391576,0.0
CRH-N,onoff,Climate,20260822,40,0,0.005365616301552146,213.46142236367243,0.7398868828193557,137.0957981603527,200,0.005179583140346405,1.0331055666379705,0.0036994344140967783,0.6854789908017636,0.0
CRH-N,onoff,Climate,20260823,40,0,0.004155096538450357,150.47882326545147,0.6710614162403786,119.51788091973056,200,0.0045580130201933146,0.86740654616348,0.003355307081201893,0.5975894045986528,0.0
CRH-N,onoff,Climate,20260824,40,0,0.005346855909960229,193.9947104792401,0.7560035005423043,135.3409243831363,200,0.005170520239763224,0.9848723533515399,0.0037800175027115214,0.6767046219156815,0.0
CRH-N,onoff,Climate,20260825,40,0,0.005307890730444783,208.3722431193875,0.7541394147662478,136.54055458767857,200,0.0051516457227010395,1.0207160308317575,0.003770697073831239,0.6827027729383929,0.0
CRH-N,onoff,Climate,20260826,40,0,0.005406210474080543,235.52650114883795,0.75763284426769,140.99488243183566,200,0.005199139579815368,1.0851877744170313,0.00378816422133845,0.7049744121591783,0.0
CRH-N,onoff,Climate,20260827,40,0,0.005819976148804976,190.14456561524116,0.7883164800955961,138.341258854102,200,0.005394430530095358,0.9750501669535808,0.0039415824004779805,0.69170629427051,0.0
CRH-N,onoff,Climate,20260828,40,0,0.005034806363232202,221.7236932848725,0.7772377611411141,144.4751998485969,200,0.0050173729995049215,1.0529095243297795,0.0038861888057055705,0.7223759992429845,0.0
CRH-N,onoff,Climate,20260829,40,0,1.2429776667126708,47498.915658702776,2.7997657182130213,489.2974559031003,200,0.07883456306445387,15.410859103032312,0.013998828591065106,2.4464872795155013,0.0
CRH-N,onoff,Climate,20260830,40,0,0.005857589864706542,187.20370099740833,0.7851159724339271,135.15609519191415,200,0.005411834192169298,0.9674804933367089,0.003925579862169635,0.6757804759595707,0.0
CRH-N,onoff,Climate,20260831,40,0,0.004933906915484152,148.17637748876538,0.7331492594555721,122.35974621041886,200,0.004966843522542336,0.8607449607426272,0.0036657462972778604,0.6117987310520943,0.0
CRH-N,onoff,Climate,20260832,40,0,0.00513381096593733,177.7640293709737,0.7456385504063405,129.0428909189954,200,0.005066463740093938,0.9427725849084012,0.0037281927520317025,0.645214454594977,0.0
CRH-N,onoff,Climate,20260833,40,0,1.2393412120167857,48214.41751528766,2.8727120497342544,499.24675606993463,200,0.07871915942185821,15.526496307165964,0.014363560248671272,2.496233780349673,0.0
CRH-N,onoff,Climate,20260834,40,0,0.0035828677548304646,150.74722069115535,0.656884791583119,124.02485701061788,200,0.004232533375432771,0.8681797644818594,0.003284423957915595,0.6201242850530894,0.0
CRH-N,onoff,Climate,20260835,40,0,0.004645448366594119,162.5168925924414,0.6881348055259283,122.18023354868922,200,0.0048194648907291145,0.9014346692701624,0.0034406740276296415,0.610901167743446,0.0
CRH-N,onoff,Climate,20260836,40,0,0.005078620323175454,160.15734267798948,0.7389644882658883,126.78195236150637,200,0.005039156835808673,0.8948668690872108,0.0036948224413294417,0.6339097618075319,0.0
CRH-N,onoff,Climate,20260837,40,0,0.006138608163759339,234.0981288268899,0.8174810095240168,150.82096988762288,200,0.005540130036271414,1.0818921591981567,0.004087405047620084,0.7541048494381144,0.0
CRH-N,onoff,Traffic,20260808,40,0,0.00028044618710000894,5252.268713103971,0.1460719798469989,525.18885690773,240,0.001080983709212757,4.6780821894518425,0.0006086332493624954,2.1882869037822084,0.0
CRH-N,onoff,Traffic,20260809,40,0,0.00024194688322240796,6446.61035286345,0.140882543892653,548.2917859516748,240,0.0010040478143129937,5.182747965149798,0.0005870105995527208,2.284549108131978,0.0
CRH-N,onoff,Traffic,20260810,40,0,0.00027870800601753826,20934.251001702974,0.148433284996324,671.4225730441385,240,0.0010776285809157111,9.339488521350034,0.0006184720208180166,2.797594054350577,0.0
CRH-N,onoff,Traffic,20260811,40,0,0.00034160375274486167,6618.136045236617,0.1584114309770922,578.3347472298084,240,0.001193041897743016,5.251244314936468,0.0006600476290712175,2.409728113457535,0.0
CRH-N,onoff,Traffic,20260812,40,0,0.0003045397686354153,6377.222915111507,0.1544195419127697,570.7533472552966,240,0.00112646158507406,5.154780513882036,0.0006434147579698737,2.378138946897069,0.0
CRH-N,onoff,Traffic,20260813,40,0,0.0003828539674203354,9504.511857432368,0.1591566640180293,603.5657353985684,240,0.0012630221155036825,6.293022544000739,0.0006631527667417887,2.5148572308273685,0.0
CRH-N,onoff,Traffic,20260814,40,0,0.00018443095990734057,6622.50791393587,0.12506074931755,483.98089279860307,240,0.0008766198337633323,5.252978486033689,0.0005210864554897917,2.016587053327513,0.0
CRH-N,onoff,Traffic,20260815,40,0,0.0003017556606879876,3818.2202659597597,0.1457554271028439,481.00613067887105,240,0.0011213006968991926,3.988640258053572,0.0006073142795951829,2.0041922111619628,0.0
CRH-N,onoff,Traffic,20260816,40,0,0.0002658399358062939,6200.094411913802,0.14871514441291,536.541474012717,240,0.0010524573146654887,5.082688925785987,0.0006196464350537917,2.2355894750529877,0.0
CRH-N,onoff,Traffic,20260817,40,0,0.0002690298926853717,10967.257211525815,0.1501886189812007,610.8122399306219,240,0.0010587529863896718,6.759948598031218,0.0006257859124216696,2.5450509997109245,0.0
CRH-N,onoff,Traffic,20260818,40,0,0.0002777315824124416,5609.615155244241,0.1491458717249987,554.1300590837398,240,0.0010757392466199727,4.834604066537852,0.0006214411321874946,2.308875246182249,0.0
CRH-N,onoff,Traffic,20260819,40,0,0.0002711363889493305,7281.571919176884,0.1467188918077844,525.1803251304334,240,0.0010628899067897594,5.508165120670435,0.0006113287158657684,2.188251354710139,0.0
CRH-N,onoff,Traffic,20260820,40,0,0.0003839639752859705,13367.021712254096,0.1593801565017098,643.9776204113404,240,0.0012648517292650854,7.462970172864067,0.0006640839854237908,2.6832400850472515,0.0
CRH-N,onoff,Traffic,20260821,40,0,0.00028519983545183226,8413.32510128747,0.1578056833871123,603.0580380536962,240,0.0010901067139119766,5.920770326179226,0.0006575236807796345,2.5127418252237343,0.0
CRH-N,onoff,Traffic,20260822,40,0,0.0003028414877473605,7156.35194306101,0.151516397485367,566.1728497089686,240,0.0011233163099860469,5.460598236099003,0.0006313183228556958,2.3590535404540356,0.0
CRH-N,onoff,Traffic,20260823,40,0,0.00033079987123212394,6770.706958279124,0.1580530711384158,598.77444755266,240,0.0011740241891888413,5.31142909138677,0.0006585544630767324,2.4948935314694167,0.0
CRH-N,onoff,Traffic,20260824,40,0,0.00030809651422452635,5996.829958435856,0.1581554891051001,587.4899463092709,240,0.0011330205099359528,4.998678974837525,0.0006589812046045838,2.4478747762886286,0.0
CRH-N,onoff,Traffic,20260825,40,0,0.0002508433070313327,5233.75451997372,0.1499111070797457,531.0993288533007,240,0.001022340670209244,4.669829814874467,0.0006246296128322738,2.2129138702220863,0.0
CRH-N,onoff,Traffic,20260826,40,0,0.0002586413334491288,8229.353004420145,0.1496436139154187,587.2526510387004,240,0.0010381099280445706,5.855678513353564,0.0006235150579809112,2.4468860459945847,0.0
CRH-N,onoff,Traffic,20260827,40,0,0.0003109065187216375,12641.417429456185,0.1636028427530724,687.137061349602,240,0.0011381756577992796,7.257587245271951,0.000681678511471135,2.863071088956675,0.0
CRH-N,onoff,Traffic,20260828,40,0,0.0004753563022135248,10018.174073379689,0.17633039676492468,656.1956816906886,240,0.001407356123809116,6.460835237987064,0.0007347099865205195,2.7341486737112026,0.0
CRH-N,onoff,Traffic,20260829,40,0,0.00024973493969227754,14261.093857916036,0.1532207876258449,660.6403364759339,240,0.0010200795305846614,7.708516355822532,0.0006384199484410204,2.7526680686497245,0.0
CRH-N,onoff,Traffic,20260830,40,0,0.00024837145270277755,7169.70221772356,0.1405033563606144,566.1241863397258,240,0.0010172910364926254,5.465689274054539,0.00058543065150256,2.358850776415524,0.0
CRH-N,onoff,Traffic,20260831,40,0,0.00026923947383580696,7377.646407196156,0.15805045710983,614.9065095861014,240,0.0010591653038985601,5.5443839480430395,0.0006585435712909584,2.562110456608756,0.0
CRH-N,onoff,Traffic,20260832,40,0,0.00034890562548442575,5157.483211361527,0.1581931612554991,552.1310178998287,240,0.001205725275308783,4.635678308583656,0.0006591381718979129,2.300545907915953,0.0
CRH-N,onoff,Traffic,20260833,40,0,0.00037040548633139397,9943.104510302343,0.1641946913249596,626.7794052553002,240,0.0012423188773609917,6.436583109558965,0.0006841445471873316,2.611580855230417,0.0
CRH-N,onoff,Traffic,20260834,40,0,0.00029449767177631064,5863.73795394601,0.1462983516946024,525.4539882891495,240,0.0011077335565926015,4.942898084603307,0.0006095764653941767,2.1893916178714563,0.0
CRH-N,onoff,Traffic,20260835,40,0,0.00023516716493877314,6011.260050604958,0.1410889239870521,543.793142222918,240,0.0009898803903729421,5.004689488621713,0.0005878705166127171,2.2658047592621586,0.0
CRH-N,onoff,Traffic,20260836,40,0,0.00024487929982732907,5975.143897664184,0.14437395183355609,557.5069939961819,240,0.0010101140608600617,4.989632542275443,0.0006015581326398171,2.322945808317425,0.0
CRH-N,onoff,Traffic,20260837,40,0,0.00028886771729081523,10174.09486611916,0.1500768904438091,603.8208484795241,240,0.001097094111146227,6.510918671137213,0.0006253203768492046,2.515920201998017,0.0
CRH-N,onoff,Water,20260808,40,0,2.2279497575666225,5961194.910017884,5.381952621086014,5381.705006765655,360,0.07866860445294521,128.6812913754353,0.014949868391905595,14.949180574349041,0.0
CRH-N,onoff,Water,20260809,40,0,11.220946341645924,22838513.888809524,21.177723468925908,13657.008462099417,360,0.17654828063014633,251.87361187270935,0.0588270096359053,37.93613461694282,0.0
CRH-N,onoff,Water,20260810,40,0,4.421550965213787,11118827.181726286,9.319682449158748,7677.031874739061,360,0.1108245731527207,175.74308253911673,0.025888006803218743,21.325088540941838,0.0
CRH-N,onoff,Water,20260811,40,0,4.493730815058301,11717205.342059974,9.26538429589187,7693.233781642865,360,0.11172549215547976,180.4100679475324,0.02573717859969964,21.37009383789685,0.0
CRH-N,onoff,Water,20260812,40,0,2.291689022097867,5004714.395803443,5.367557587588947,4837.311849818926,360,0.07978598147018523,117.90667679477419,0.014909882187747074,13.436977360608127,0.0
CRH-N,onoff,Water,20260813,40,0,2.2844217317964466,3794956.3158233035,5.326569274718295,4794.602756092526,360,0.07965937434889127,102.67202794204174,0.014796025763106376,13.318340989145906,0.0
CRH-N,onoff,Water,20260814,40,0,4.503179493255932,12061815.562622242,9.24341835163913,8163.510083510286,360,0.11184288947318431,183.0438287118859,0.025676162087886475,22.676416898639683,0.0
CRH-N,onoff,Water,20260815,40,0,6.672311355219248,17345291.594590336,13.24081112473673,9991.309374691724,360,0.13614036215958278,219.50254107988982,0.03678003090204647,27.753637151921456,0.0
CRH-N,onoff,Water,20260816,40,0,4.587731370887415,10184286.110545075,9.286750945150107,7684.176740185636,360,0.11288798985040455,168.19537342151534,0.025796530403194743,21.344935389404544,0.0
CRH-N,onoff,Water,20260817,40,0,2.2573661380099166,7076322.186880147,5.338946634835341,5286.969728056536,360,0.07918624561419736,140.20146404054245,0.014830407318987058,14.686027022379267,0.0
CRH-N,onoff,Water,20260818,40,0,2.272088048375777,5155415.22634306,5.487282240527326,4918.171274933249,360,0.07944404124874763,119.66870038131502,0.01524245066813146,13.661586874814581,0.0
CRH-N,onoff,Water,20260819,40,0,2.253046774334278,5714251.122148859,5.391115295301102,5101.726599659898,360,0.07911044976512054,125.98777632670097,0.014975320264725284,14.17146277683305,0.0
CRH-N,onoff,Water,20260820,40,0,0.010316469299772814,229234.06631194148,1.4551694035190712,2706.90705883752,360,0.005353210173908325,25.234129573079166,0.00404213723199742,7.519186274548666,0.0
CRH-N,onoff,Water,20260821,40,0,2.241727793056906,3748301.995595672,5.2903791334985995,4659.526571336373,360,0.0789114798199875,102.03896308648847,0.014695497593051665,12.943129364823259,0.0
CRH-N,onoff,Water,20260822,40,0,9.000810754915241,18479425.57001254,17.137258069395205,11288.599504050277,360,0.15812100460402717,226.56508489720846,0.04760349463720891,31.357220844584102,0.0
CRH-N,onoff,Water,20260823,40,0,2.223591304712127,4853551.714209313,5.298661719063787,4646.098074668425,360,0.07859161859313779,116.11239423518003,0.014718504775177187,12.90582798519007,0.0
CRH-N,onoff,Water,20260824,40,0,8.953227527197475,22171118.880590606,17.249494818726426,12656.466317856852,360,0.15770249352637844,248.16615670750494,0.04791526338535118,35.1568508829357,0.0
CRH-N,onoff,Water,20260825,40,0,4.435341521005957,11666934.694784386,9.289863497918894,7522.743689447777,360,0.11099726624518928,180.02264282571963,0.025805176383108037,20.896510248466047,0.0
CRH-N,onoff,Water,20260826,40,0,0.008810103793485926,271274.5714149253,1.3984049268217944,2812.7548643042996,360,0.004946969833894372,27.450691724482468,0.00388445813006054,7.8132079564008325,0.0
CRH-N,onoff,Water,20260827,40,0,2.262489526081695,5180927.240813153,5.365078335739891,5155.688255863544,360,0.07927605646098139,119.96443038590361,0.014902995377055252,14.321356266287623,0.0
CRH-N,onoff,Water,20260828,40,0,0.00774049716376401,241314.8453020495,1.2755660820731065,2666.3068960769333,360,0.00463695816354381,25.890519784815353,0.00354323911686974,7.406408044658148,0.0
CRH-N,onoff,Water,20260829,40,0,2.20391980798177,5643457.783251952,5.2875304929299975,5140.519293083932,360,0.0782432071595741,125.20491851418743,0.014687584702583327,14.279220258566479,0.0
CRH-N,onoff,Water,20260830,40,0,0.010186206596220129,251649.18428959473,1.442760616037038,2639.5235163221964,360,0.005319306188107025,26.439090603035893,0.0040076683778806615,7.332009767561657,0.0
CRH-N,onoff,Water,20260831,40,0,0.010175530118675474,286819.1724187827,1.5202655961409253,2811.5777736455725,360,0.005316517792762967,28.226227579779547,0.004222959989280348,7.80993826012659,0.0
CRH-N,onoff,Water,20260832,40,0,2.2284019782598525,4814086.9595030965,5.386735654837675,4551.07700632595,360,0.07867658797359134,115.6393694915252,0.014963154596771317,12.641880573127638,0.0
CRH-N,onoff,Water,20260833,40,0,2.2703216957808943,3888957.642671386,5.346556779776079,4646.032163935209,360,0.07941315479784775,103.93584616739129,0.014851546610489107,12.905644899820023,0.0
CRH-N,onoff,Water,20260834,40,0,6.801253045145398,13662758.012082342,13.355597516117976,9408.667653483133,360,0.13744951644094033,194.81300159157144,0.0370988819892166,26.135187926342038,0.0
CRH-N,onoff,Water,20260835,40,0,4.605573400423274,12938350.508623818,9.532046389090404,8059.55009111873,360,0.11310729174381379,189.5781172075381,0.026477906636362233,22.387639141996473,0.0
CRH-N,onoff,Water,20260836,40,0,4.534429117513581,11913321.725384867,9.380113677154274,7969.366055545249,360,0.11223028306806379,181.91360682557888,0.02605587132542854,22.137127932070136,0.0
CRH-N,onoff,Water,20260837,40,0,4.541777908649026,9891230.568299092,9.335699235431342,7335.630273625215,360,0.11232119010341413,165.75777649177573,0.025932497876198172,20.376750760070042,0.0
IRPP-TD,clean,Climate,20260808,80,0,0.0015181197188029163,92.54152039034815,0.5704148971700498,120.13158612028596,400,0.0019481527909810594,0.48099251654871966,0.0014260372429251245,0.3003289653007149,0.0
IRPP-TD,clean,Climate,20260809,80,0,0.001594929925407445,96.0217827505553,0.557648043756151,117.10190219357119,400,0.0019968286890764096,0.4899535252209012,0.0013941201093903774,0.292754755483928,0.0
IRPP-TD,clean,Climate,20260810,80,0,0.0016948054524622473,110.02218591805682,0.5856755475574764,128.4937380796658,400,0.0020584007460054073,0.5244573050260068,0.001464188868893691,0.3212343451991645,0.0
IRPP-TD,clean,Climate,20260811,80,0,0.0015809097737460249,111.48840367222994,0.5637754448110631,126.10186153727163,400,0.0019880328051531397,0.5279403462329573,0.0014094386120276578,0.3152546538431791,0.0
IRPP-TD,clean,Climate,20260812,80,0,0.00157458915103834,104.74675684689146,0.5687665385276349,123.86748366169229,400,0.0019840546558993403,0.5117293152802843,0.0014219163463190874,0.3096687091542307,0.0
IRPP-TD,clean,Climate,20260813,80,0,0.0016995220573970597,114.3307161412574,0.5707831655106526,125.93025802045452,400,0.002061262997167671,0.5346277119203077,0.0014269579137766314,0.3148256450511363,0.0
IRPP-TD,clean,Climate,20260814,80,0,0.0015683347728477836,102.66589826874487,0.5729328045479959,123.76952160621484,400,0.0019801103333197015,0.5066209092327932,0.0014323320113699897,0.3094238040155371,0.0
IRPP-TD,clean,Climate,20260815,80,0,0.0012212231649810555,81.23047649469281,0.4813374509973519,104.06435025410275,400,0.0017473001781184133,0.4506397577186594,0.00120334362749338,0.26016087563525686,0.0
IRPP-TD,clean,Climate,20260816,80,0,0.0014108359380055767,94.52296249294274,0.5296371744640308,115.96786008537562,400,0.001878054803517177,0.4861146019534456,0.001324092936160077,0.2899196502134391,0.0
IRPP-TD,clean,Climate,20260817,80,0,0.0013836669082603174,89.25918794068822,0.5212592494922323,114.15476898849258,400,0.0018598836712683923,0.4723854039359393,0.001303148123730581,0.28538692247123143,0.0
IRPP-TD,clean,Climate,20260818,80,0,0.0015257223541439871,102.86503233174041,0.5625674602778797,122.192754179661,400,0.001953024804082111,0.5071120002813491,0.0014064186506946993,0.3054818854491525,0.0
IRPP-TD,clean,Climate,20260819,80,0,0.0014535621595743787,94.11449484744938,0.5290475392722505,116.38730511314634,400,0.0019062805142307747,0.4850631269418687,0.0013226188481806262,0.29096826278286586,0.0
IRPP-TD,clean,Climate,20260820,80,0,0.0015166488485433254,98.41012979641037,0.545152905168715,119.29138582665469,400,0.0019472088027117978,0.4960093995994692,0.0013628822629217874,0.2982284645666367,0.0
IRPP-TD,clean,Climate,20260821,80,0,0.0016942554814960754,114.51845240246669,0.5743914868635186,125.13940220662593,400,0.0020580667393795054,0.5350664734462128,0.0014359787171587964,0.31284850551656485,0.0
IRPP-TD,clean,Climate,20260822,80,0,0.0015979132044993277,99.60769762163928,0.566800802901295,120.88794683257134,400,0.001998695327269346,0.4990182802804905,0.0014170020072532374,0.30221986708142834,0.0
IRPP-TD,clean,Climate,20260823,80,0,0.0013895599226141115,97.11584995463558,0.532118074992331,117.68235272786326,400,0.001863840069999376,0.49273687185615506,0.0013302951874808275,0.2942058818196582,0.0
IRPP-TD,clean,Climate,20260824,80,0,0.0014660510887544575,97.13521566722052,0.5522567262105968,117.54271943899843,400,0.0019144523294890746,0.4927859973335802,0.0013806418155264922,0.2938567985974961,0.0
IRPP-TD,clean,Climate,20260825,80,0,0.0015175417259068616,90.45487737281381,0.5535333236123797,116.0307711366537,400,0.0019477818960980087,0.4755388453449776,0.0013838333090309494,0.29007692784163425,0.0
IRPP-TD,clean,Climate,20260826,80,0,0.001601460987101741,96.76327135645118,0.5568226335335303,116.58674077978438,400,0.0020009129085880656,0.4918416192140799,0.001392056583833826,0.2914668519494609,0.0
IRPP-TD,clean,Climate,20260827,80,0,0.001703708230766549,96.06823267700246,0.5905726879797913,122.97873464414816,400,0.00206380003317094,0.4900720168429393,0.0014764317199494783,0.3074468366103704,0.0
IRPP-TD,clean,Climate,20260828,80,0,0.0016509859218677215,101.16267002624112,0.587816287966357,125.60816029964107,400,0.002031616303505488,0.5028982750672374,0.0014695407199158924,0.3140204007491027,0.0
IRPP-TD,clean,Climate,20260829,80,0,0.001571795417751311,98.91739606398245,0.5531256373929537,119.14268320121656,400,0.0019822937583461936,0.4972861250426721,0.0013828140934823844,0.29785670800304137,0.0
IRPP-TD,clean,Climate,20260830,80,0,0.0016154174395172245,97.30002697016094,0.5684410586376716,119.84574142895303,400,0.0020096127982258327,0.4932038801808055,0.0014211026465941788,0.2996143535723826,0.0
IRPP-TD,clean,Climate,20260831,80,0,0.001495504094640378,98.84389574454418,0.553237049675156,119.36728222032487,400,0.001933587400817699,0.49710133711483867,0.00138309262418789,0.29841820555081217,0.0
IRPP-TD,clean,Climate,20260832,80,0,0.0015952999870605727,97.05810309287699,0.5631736521401854,117.61961542049677,400,0.0019970603315001357,0.49259035489155945,0.0014079341303504635,0.2940490385512419,0.0
IRPP-TD,clean,Climate,20260833,80,0,0.0015075835665097673,92.01910873101087,0.5600880627696371,117.6992413286749,400,0.0019413806726848854,0.47963295531846767,0.0014002201569240926,0.29424810332168727,0.0
IRPP-TD,clean,Climate,20260834,80,0,0.0013646640953204623,81.46717680878635,0.5482052756654633,115.35506089226116,400,0.0018470680112819765,0.45129584755675056,0.0013705131891636581,0.28838765223065294,0.0
IRPP-TD,clean,Climate,20260835,80,0,0.001487602321727551,94.68152906114125,0.5474155944948467,117.75012816320064,400,0.0019284724017519352,0.48652217077215826,0.0013685389862371166,0.29437532040800163,0.0
IRPP-TD,clean,Climate,20260836,80,0,0.0013827075294245803,83.43370054767217,0.532610585745947,111.24612879010381,400,0.0018592387752952688,0.4567102488111915,0.0013315264643648675,0.2781153219752595,0.0
IRPP-TD,clean,Climate,20260837,80,0,0.0012935523610477226,91.5141066253026,0.5112457046026198,113.41650196858508,400,0.0017982994474278488,0.4783150285776692,0.0012781142615065494,0.2835412549214627,0.0
IRPP-TD,clean,Traffic,20260808,80,0,5.06264850883695e-05,2484.6723255334578,0.09366130018507565,463.24486593870506,480,0.0003247642898073973,2.275170472337118,0.0001951277087189076,0.9650934707056356,0.0
IRPP-TD,clean,Traffic,20260809,80,0,6.231243946294442e-05,3702.4878917973183,0.09709865107422044,483.7578076561876,480,0.000360302070788481,2.7773218108898385,0.0002022888564046259,1.0078287659503908,0.0
IRPP-TD,clean,Traffic,20260810,80,0,5.351717243906074e-05,2442.894843674324,0.09861376995424376,464.6295951322073,480,0.00033390733631958914,2.2559619362158663,0.00020544535407134116,0.9679783231920986,0.0
IRPP-TD,clean,Traffic,20260811,80,0,6.755952365945846e-05,4232.513695391328,0.10124954438572441,501.31187674839214,480,0.00037516530706326214,2.9694674380094823,0.00021093655080359252,1.044399743225817,0.0
IRPP-TD,clean,Traffic,20260812,80,0,4.969616608050384e-05,2255.1100054311305,0.0953532648773126,437.7010050718907,480,0.0003217664981541475,2.1675206676403778,0.00019865263516106793,0.9118770938997722,0.0
IRPP-TD,clean,Traffic,20260813,80,0,6.684373742710072e-05,2504.956132140891,0.10227093019003977,484.5727916241687,480,0.0003731725958674616,2.2844383573707687,0.0002130644378959162,1.009526649217018,0.0
IRPP-TD,clean,Traffic,20260814,80,0,5.6109964483263194e-05,3500.109003642228,0.0947524157986045,454.80658785322544,480,0.00034190021839731495,2.700350673077105,0.0001974008662470927,0.9475137246942197,0.0
IRPP-TD,clean,Traffic,20260815,80,0,5.243319034643071e-05,3051.823028245687,0.0923445391615153,461.7944740356207,480,0.00033050841626459476,2.521500474356195,0.00019238445658649022,0.9620718209075431,0.0
IRPP-TD,clean,Traffic,20260816,80,0,4.607288886611445e-05,2436.5861974886675,0.08902998647389561,437.67905065586433,480,0.0003098147593929935,2.2530471022080425,0.00018547913848728252,0.9118313555330507,0.0
IRPP-TD,clean,Traffic,20260817,80,0,4.6567746235476945e-05,3187.1910609220777,0.08886320935869829,485.04321794289854,480,0.000311474136952937,2.5768161317643514,0.00018513168616395478,1.0105067040477054,0.0
IRPP-TD,clean,Traffic,20260818,80,0,5.226955902893382e-05,3311.1513162236256,0.09131471508252723,478.4153470190968,480,0.0003299922948246097,2.6264485353418254,0.00019023898975526504,0.9966986396231184,0.0
IRPP-TD,clean,Traffic,20260819,80,0,6.377307013017478e-05,3034.236880556758,0.09948117671661287,490.2025472280343,480,0.0003645004290411706,2.514224897357682,0.00020725245149294348,1.0212553067250714,0.0
IRPP-TD,clean,Traffic,20260820,80,0,5.876462120135172e-05,3481.4534295834314,0.09320172704210188,495.40867119478474,480,0.0003498946901133007,2.6931446263241816,0.00019417026467104557,1.0321013983224683,0.0
IRPP-TD,clean,Traffic,20260821,80,0,5.677255257783078e-05,3088.582595790502,0.09607859999965336,472.1472084206913,480,0.0003439129994690723,2.5366409037472266,0.00020016374999927783,0.9836400175431069,0.0
IRPP-TD,clean,Traffic,20260822,80,0,6.191491280472065e-05,3974.060593696359,0.0988638650070451,514.6803468286664,480,0.00035915094553196065,2.877376044859983,0.00020596638543134396,1.0722507225597218,0.0
IRPP-TD,clean,Traffic,20260823,80,0,7.09681511419662e-05,2906.441169375422,0.10390252151490606,485.845586910972,480,0.0003845130880465531,2.4607083877477494,0.00021646358648938762,1.0121783060645249,0.0
IRPP-TD,clean,Traffic,20260824,80,0,4.931047177467319e-05,1410.4981913762313,0.09509908133027188,399.60667127521805,480,0.00032051544351336514,1.714216409529579,0.0001981230861047331,0.8325138984900377,0.0
IRPP-TD,clean,Traffic,20260825,80,0,5.0853875763784695e-05,2731.4332109155926,0.09317748828005676,460.22460997196356,480,0.0003254928179052263,2.385473926932372,0.00019411976725011826,0.958801270774924,0.0
IRPP-TD,clean,Traffic,20260826,80,0,4.6840793886062844e-05,2612.0430307607267,0.08912320161496043,448.4675762171191,480,0.0003123859588115812,2.3327572342798226,0.00018567333669783421,0.9343074504523314,0.0
IRPP-TD,clean,Traffic,20260827,80,0,5.0807248725008224e-05,2660.7161805749647,0.09014050112922138,429.88265415375844,480,0.0003253435643189629,2.3543913671119285,0.00018779271068587787,0.8955888628203301,0.0
IRPP-TD,clean,Traffic,20260828,80,0,5.6189701416037984e-05,3254.448218006094,0.09383261575819281,488.06449929745014,480,0.0003421430664942359,2.603862602784441,0.00019548461616290168,1.0168010402030212,0.0
IRPP-TD,clean,Traffic,20260829,80,0,4.9418209527624424e-05,2087.202541194987,0.0907207717039335,412.1595396550615,480,0.0003208653972969832,2.085267039851145,0.00018900160771652812,0.8586657076147115,0.0
IRPP-TD,clean,Traffic,20260830,80,0,4.940095381543279e-05,1887.0107134071145,0.08989875681296829,425.75648054043774,480,0.0003208093729649301,1.98274363436077,0.00018728907669368392,0.8869926677925786,0.0
IRPP-TD,clean,Traffic,20260831,80,0,4.760973979035549e-05,3181.904382770097,0.09064045205424681,452.3660980149272,480,0.0003149396099200193,2.5746781282529994,0.00018883427511301419,0.9424293708644317,0.0
IRPP-TD,clean,Traffic,20260832,80,0,5.993060792650724e-05,2228.940911362039,0.09788378212649296,455.9749440426071,480,0.00035334888308897116,2.154907631122716,0.00020392454609686033,0.9499478000887648,0.0
IRPP-TD,clean,Traffic,20260833,80,0,5.966498161273896e-05,4562.459189935453,0.09849340605767283,518.3793200303392,480,0.0003525649515004852,3.0830380004738065,0.00020519459595348506,1.0799569167298733,0.0
IRPP-TD,clean,Traffic,20260834,80,0,5.106290713159628e-05,3103.6067234779875,0.09451365119642,497.13003565086683,480,0.0003261610898377655,2.542803047933351,0.00019690343999254165,1.0356875742726392,0.0
IRPP-TD,clean,Traffic,20260835,80,0,6.959286768500122e-05,2126.382683350318,0.10114213242004264,451.09323138091025,480,0.0003807691439841459,2.1047479477710618,0.0002107127758750888,0.9397775653768964,0.0
IRPP-TD,clean,Traffic,20260836,80,0,6.143826901528526e-05,2194.678714459043,0.09703763258703026,449.80663514358827,480,0.00035776583652138207,2.1382813944356514,0.00020216173455631304,0.9370971565491423,0.0
IRPP-TD,clean,Traffic,20260837,80,0,5.7067209259258367e-05,2555.2799100511497,0.09894628070447338,473.430187692811,480,0.00034480432028923533,2.307271074799526,0.00020613808480098622,0.9863128910266895,0.0
IRPP-TD,clean,Water,20260808,80,0,0.0009894902008953886,22228.889945103063,0.6219244138381858,1069.5483796154122,720,0.0011723019857050657,5.556388958405233,0.0008637839081085913,1.4854838605769614,0.0
IRPP-TD,clean,Water,20260809,80,0,0.0008057353536298174,26278.008236789112,0.5677869035292682,1049.4630861395776,720,0.0010578643013361463,6.041294038714479,0.0007885929215684281,1.4575876196383022,0.0
IRPP-TD,clean,Water,20260810,80,0,0.0009663289470666505,16907.588995763705,0.6242779301177968,991.5637837739824,720,0.0011585005557152616,4.845901618286968,0.0008670526807191621,1.377171921908309,0.0
IRPP-TD,clean,Water,20260811,80,0,0.0009921609135782666,34221.2700574665,0.6309360481933971,1173.2410496152665,720,0.0011738829877201151,6.8941672264662435,0.0008763000669352737,1.6295014577989813,0.0
IRPP-TD,clean,Water,20260812,80,0,0.0009745488101809796,20368.239773439775,0.6254052364824167,947.2585656257913,720,0.0011634173860400443,5.318761313271657,0.0008686183840033566,1.315636896702488,0.0
IRPP-TD,clean,Water,20260813,80,0,0.0007830515001392052,21290.55038118345,0.5657334912533337,1044.2560968641021,720,0.0010428669752039895,5.437849654298543,0.0007857409600740747,1.4503556900890306,0.0
IRPP-TD,clean,Water,20260814,80,0,0.0008193360923136866,19439.189912018886,0.5840458809450779,1008.6610264774666,720,0.0010667552647538798,5.1960441566449385,0.0008111748346459416,1.4009180923298148,0.0
IRPP-TD,clean,Water,20260815,80,0,0.0008418354134654189,16467.88377315228,0.5799741832453341,889.7480329059598,720,0.0010813028493605777,4.78247433825262,0.000805519698951853,1.2357611568138331,0.0
IRPP-TD,clean,Water,20260816,80,0,0.0009523703929810318,26839.541657316215,0.6192972362708606,1098.418232729704,720,0.0011501028897094815,6.1055008959721695,0.0008601350503761953,1.5255808787912555,0.0
IRPP-TD,clean,Water,20260817,80,0,0.0008545626142102483,19283.60983150043,0.5728779480989679,965.9868510889844,720,0.0010894459691680243,5.1752093129302015,0.000795663816804122,1.3416484042902561,0.0
IRPP-TD,clean,Water,20260818,80,0,0.0008515904180747042,19037.360093564035,0.5858642575255114,955.6428810356256,720,0.0010875497549759276,5.1420596950762665,0.0008137003576743214,1.3272817792161467,0.0
IRPP-TD,clean,Water,20260819,80,0,0.000964137693427705,24405.544997031244,0.6041640881457319,1080.7645019308131,720,0.0011571862986402412,5.822077831294812,0.0008391167890912943,1.5010618082372404,0.0
IRPP-TD,clean,Water,20260820,80,0,0.0008558207004200121,26047.045425758377,0.579486037078559,1097.0895243073924,720,0.0010902476148538281,6.0146863575933835,0.0008048417181646653,1.5237354504269338,0.0
IRPP-TD,clean,Water,20260821,80,0,0.0010218254480029918,22421.32317265225,0.6327575776837558,1035.1610341290734,720,0.0011913026530295592,5.58038767727509,0.0008788299690052165,1.4377236585126019,0.0
IRPP-TD,clean,Water,20260822,80,0,0.0008841287743842725,25944.51330263409,0.6043645884615192,1113.2388721005502,720,0.0011081320458723623,6.002836517318997,0.0008393952617521099,1.546165100139653,0.0
IRPP-TD,clean,Water,20260823,80,0,0.0008457085496687057,31341.741353703943,0.5798624771914067,1179.5750229097657,720,0.0010837874366651434,6.597741759465038,0.0008053645516547316,1.6382986429302302,0.0
IRPP-TD,clean,Water,20260824,80,0,0.0009351159546687742,20989.26477801126,0.6073986558661889,962.6471112705178,720,0.0011396368541172167,5.399236671616346,0.0008436092442585957,1.3370098767646081,0.0
IRPP-TD,clean,Water,20260825,80,0,0.0008518876458541477,23683.66593787558,0.5859192451717562,1070.0545473752181,720,0.0010877395303603426,5.735327407330085,0.000813776729405217,1.4861868713544697,0.0
IRPP-TD,clean,Water,20260826,80,0,0.0009989422590204803,24356.03024667841,0.6347726461316753,1102.8145505031916,720,0.0011778878572237304,5.8161688238094795,0.0008816286751828823,1.5316868756988773,0.0
IRPP-TD,clean,Water,20260827,80,0,0.0008418708133456042,35832.87402325451,0.5859234724019206,1115.2160173459376,720,0.00108132558396422,7.0546353972302125,0.000813782600558223,1.5489111352026912,0.0
IRPP-TD,clean,Water,20260828,80,0,0.0008992077278625033,14439.059084932582,0.5886124750775933,886.969322478222,720,0.0011175417764143114,4.478197040000923,0.0008175173264966573,1.2319018367753083,0.0
IRPP-TD,clean,Water,20260829,80,0,0.0009177697562171361,26497.199380693135,0.6060662829056431,1020.2731078950276,720,0.0011290173678771486,6.066437653723827,0.0008417587262578377,1.4170459831875384,0.0
IRPP-TD,clean,Water,20260830,80,0,0.0009221705483905308,29618.38411233797,0.6021605934862984,1194.4522597848961,720,0.0011317210028625349,6.413785512508928,0.0008363341576198588,1.6589614719234669,0.0
IRPP-TD,clean,Water,20260831,80,0,0.0008487966551968224,15231.670080401678,0.5865386241542236,893.3727925156862,720,0.0010857643590249774,4.599467070638861,0.0008146369779919773,1.2407955451606754,0.0
IRPP-TD,clean,Water,20260832,80,0,0.0009605525063407946,27735.439824294368,0.608371573613883,1044.8249745167948,720,0.0011550327715052521,6.20656460535205,0.000844960518908171,1.4511457979399927,0.0
IRPP-TD,clean,Water,20260833,80,0,0.0008880178861429432,15614.46358122607,0.6002894765891595,881.5093858066598,720,0.0011105666009738147,4.656904011671821,0.0008337353841516104,1.2243185913981387,0.0
IRPP-TD,clean,Water,20260834,80,0,0.0007558111956284014,18674.445523870167,0.5505493324446529,925.7344528941796,720,0.001024567114300529,5.092811590297065,0.0007646518506175734,1.2857422956863607,0.0
IRPP-TD,clean,Water,20260835,80,0,0.0008273206490543332,33211.36556667087,0.5843736673332434,1135.8363168310448,720,0.001071940510019053,6.791678483289401,0.0008116300935183936,1.5775504400431177,0.0
IRPP-TD,clean,Water,20260836,80,0,0.000858832293618777,17708.295306570035,0.5902637140536167,1021.9719080296253,720,0.0010921641955429957,4.959319972784412,0.0008198107139633565,1.419405427818924,0.0
IRPP-TD,clean,Water,20260837,80,0,0.0009668016538536756,22160.896386233006,0.6156679910253299,1010.6524295548847,720,0.0011587838775184835,5.547884530039982,0.0008550944319796249,1.40368392993734,0.0
IRPP-TD,compact,Climate,20260808,80,0,0.0022934744715558952,136.22065050472764,0.6913716841874937,143.95261411533878,400,0.002394511678587043,0.5835680133984548,0.0017284292104687343,0.35988153528834693,0.0
IRPP-TD,compact,Climate,20260809,80,0,0.002445967311925046,150.2570758341717,0.6976295108775012,147.25863488250138,400,0.002472836080255344,0.6128969649014663,0.0017440737771937532,0.3681465872062535,0.0
IRPP-TD,compact,Climate,20260810,80,0,0.0022736087277720456,138.20282131027324,0.6809366647483364,144.6941141228369,400,0.0023841186672290695,0.5877984801576839,0.001702341661870841,0.36173528530709226,0.0
IRPP-TD,compact,Climate,20260811,80,0,0.0021966430837053533,145.12326371017753,0.6726194991049071,145.21446317470065,400,0.002343417954455283,0.6023355869243023,0.0016815487477622678,0.36303615793675165,0.0
IRPP-TD,compact,Climate,20260812,80,0,0.002399842449286826,155.79533405747108,0.676813606259242,146.7081802013516,400,0.0024494093417020083,0.6240900056431585,0.001692034015648105,0.36677045050337903,0.0
IRPP-TD,compact,Climate,20260813,80,0,0.002534592919419585,174.23414926781018,0.6977657066124066,153.50687726868452,400,0.0025172370366234806,0.6599889189748003,0.0017444142665310163,0.3837671931717113,0.0
IRPP-TD,compact,Climate,20260814,80,0,0.0022449196439657104,139.10574276796524,0.6765408117905718,144.39908323513777,400,0.002369029149232714,0.5897154881126263,0.0016913520294764295,0.3609977080878444,0.0
IRPP-TD,compact,Climate,20260815,80,0,0.001891950161936175,117.53229781482791,0.6122090238748926,131.27768946857404,400,0.0021748276724468164,0.5420615689541823,0.0015305225596872315,0.3281942236714351,0.0
IRPP-TD,compact,Climate,20260816,80,0,0.0022265861377372066,142.69273415147782,0.6624511255179251,143.03274736754793,400,0.0023593357845679824,0.59727032018902,0.0016561278137948126,0.3575818684188698,0.0
IRPP-TD,compact,Climate,20260817,80,0,0.0016918180046388168,108.24562814420104,0.5826878944309855,127.52308972483978,400,0.0020565857656798664,0.5202057961619638,0.0014567197360774637,0.31880772431209947,0.0
IRPP-TD,compact,Climate,20260818,80,0,0.002451874649721669,167.09829694200826,0.7345669984148937,161.82461091854486,400,0.0024758203941934423,0.6463325323353457,0.0018364174960372342,0.40456152729636213,0.0
IRPP-TD,compact,Climate,20260819,80,0,0.0019929650017151174,128.2071639305981,0.6276509058223761,138.40193046835313,400,0.002232131829504654,0.5661430118145903,0.0015691272645559403,0.3460048261708828,0.0
IRPP-TD,compact,Climate,20260820,80,0,0.0022255749691018796,139.62558669140174,0.6456915063945518,141.00674011612006,400,0.002358799996344476,0.5908163561788928,0.0016142287659863795,0.35251685029030017,0.0
IRPP-TD,compact,Climate,20260821,80,0,0.0025489732985060787,169.86693972740238,0.7069214967737351,154.22991389536654,400,0.0025243678904361775,0.6516650591511762,0.0017673037419343376,0.38557478473841633,0.0
IRPP-TD,compact,Climate,20260822,80,0,0.002188819410625324,139.6852427991099,0.6706843764093234,144.94407709377546,400,0.002339241015065209,0.5909425581203089,0.0016767109410233086,0.36236019273443865,0.0
IRPP-TD,compact,Climate,20260823,80,0,0.002078427959642222,138.2491122392394,0.637743822012892,136.45320089973734,400,0.0022794889556884356,0.5878969132408322,0.00159435955503223,0.34113300224934334,0.0
IRPP-TD,compact,Climate,20260824,80,0,0.0022259278818627356,144.85385055613133,0.6606373092728194,142.13190254179617,400,0.002358987008157705,0.6017762261757508,0.0016515932731820484,0.35532975635449043,0.0
IRPP-TD,compact,Climate,20260825,80,0,0.0022627977570774042,138.3984734639154,0.6888006585601597,144.95605287767037,400,0.0023784436913018374,0.5882144027986635,0.0017220016464003993,0.36239013219417593,0.0
IRPP-TD,compact,Climate,20260826,80,0,0.002345553112618398,136.23263865559434,0.6634856625021595,138.10173640789628,400,0.0024215455357159805,0.5835936913975217,0.0016587141562553987,0.34525434101974073,0.0
IRPP-TD,compact,Climate,20260827,80,0,0.002480574582946271,147.20664968686756,0.7104698784451917,148.54141690883554,400,0.002490268350472631,0.6066437374746144,0.0017761746961129793,0.37135354227208883,0.0
IRPP-TD,compact,Climate,20260828,80,0,0.002467072721415049,157.37069382802886,0.7133091854745917,155.3876022833435,400,0.0024834817904582315,0.6272373829500855,0.0017832729636864792,0.3884690057083588,0.0
IRPP-TD,compact,Climate,20260829,80,0,0.0020641097406746164,131.58714566834323,0.6572316241875479,142.0608102469491,400,0.002271623725815202,0.5735572021785256,0.0016430790604688697,0.35515202561737275,0.0
IRPP-TD,compact,Climate,20260830,80,0,0.0020814905867631668,129.5573384998441,0.6381145198751392,135.01560746900617,400,0.002281167785786025,0.5691162853491457,0.0015952862996878481,0.3375390186725154,0.0
IRPP-TD,compact,Climate,20260831,80,0,0.002125459117092279,137.28179214486892,0.6535860535174545,141.1006541994783,400,0.0023051350920782706,0.5858365645486566,0.0016339651337936361,0.35275163549869576,0.0
IRPP-TD,compact,Climate,20260832,80,0,0.0023515475639657455,139.70566908936866,0.6741686964585561,141.44444933121792,400,0.0024246378925345457,0.59098576355393,0.0016854217411463905,0.3536111233280448,0.0
IRPP-TD,compact,Climate,20260833,80,0,0.0022914490871298095,137.41943798453562,0.6664195297968697,140.7698445975835,400,0.0023934541394863874,0.5861301860178667,0.0016660488244921742,0.35192461149395876,0.0
IRPP-TD,compact,Climate,20260834,80,0,0.0020278429947922665,125.36486331226611,0.6591882521464032,140.64268707820372,400,0.002251578887576597,0.5598322590568225,0.001647970630366008,0.35160671769550933,0.0
IRPP-TD,compact,Climate,20260835,80,0,0.0024208677230760436,161.1693754589077,0.6867037228472831,149.28822173432437,400,0.002460115710223832,0.6347625057037233,0.0017167593071182078,0.3732205543358109,0.0
IRPP-TD,compact,Climate,20260836,80,0,0.002040945701740964,120.11032923499302,0.6416784178618649,136.88775882254873,400,0.002258841352187535,0.5479742905351331,0.0016041960446546621,0.34221939705637183,0.0
IRPP-TD,compact,Climate,20260837,80,0,0.0022090004232335645,145.76601078557778,0.692055938654703,149.1897871879895,400,0.0023500002251242258,0.6036679774213176,0.0017301398466367576,0.3729744679699738,0.0
IRPP-TD,compact,Traffic,20260808,80,0,7.596023928547007e-05,2993.3370472410475,0.11119567944849361,523.0767630878972,480,0.0003978071121930778,2.497222226478623,0.000231657665517695,1.0897432564331193,0.0
IRPP-TD,compact,Traffic,20260809,80,0,8.50039959396855e-05,5723.93395525203,0.11067393309713419,554.4729109800533,480,0.00042082259707349146,3.4532394076830326,0.0002305706939523629,1.155151897875111,0.0
IRPP-TD,compact,Traffic,20260810,80,0,0.00010080329524369867,4105.640328247273,0.12358462053398564,590.5807736944897,480,0.00045826505986278174,2.9246225996725035,0.0002574679594458034,1.2303766118635202,0.0
IRPP-TD,compact,Traffic,20260811,80,0,9.337431072692591e-05,4269.386365436848,0.12189160234513588,591.1159264221409,480,0.0004410553412151688,2.9823740422679097,0.0002539408382190331,1.2314915133794602,0.0
IRPP-TD,compact,Traffic,20260812,80,0,6.302419266006891e-05,3374.7586124608,0.10762223988270209,512.9871040899402,480,0.0003623539724842872,2.6515556017729165,0.00022421299975562936,1.0687231335207088,0.0
IRPP-TD,compact,Traffic,20260813,80,0,8.388346452799708e-05,2960.2345078408753,0.11202814457936101,528.618481552832,480,0.0004180397322823042,2.483375771941993,0.00023339196787366877,1.1012885032350668,0.0
IRPP-TD,compact,Traffic,20260814,80,0,8.08922479291499e-05,4228.632063283025,0.11376233693492122,541.8494383305389,480,0.00041051859460816426,2.9681054785569256,0.0002370048686144192,1.128852996521956,0.0
IRPP-TD,compact,Traffic,20260815,80,0,7.88910847479135e-05,4210.236786247104,0.11369882755989581,566.723177053583,480,0.000405408962108823,2.961642557435789,0.00023687255741644962,1.1806732855282978,0.0
IRPP-TD,compact,Traffic,20260816,80,0,5.822136828569944e-05,3732.975624792733,0.10145921766671011,516.2016251044149,480,0.00034827362412602226,2.7887331445750645,0.0002113733701389794,1.0754200523008643,0.0
IRPP-TD,compact,Traffic,20260817,80,0,6.75768167534411e-05,5078.744306330586,0.10538684280275915,572.3196956979731,480,0.00037521331919722985,3.2528014548778392,0.00021955592250574822,1.1923326993707772,0.0
IRPP-TD,compact,Traffic,20260818,80,0,7.868896666519006e-05,4719.288385846537,0.1099732861094279,552.8412598257669,480,0.0004048893024261643,3.1355782248011215,0.00022911101272797478,1.1517526246370144,0.0
IRPP-TD,compact,Traffic,20260819,80,0,9.585722278336354e-05,5385.219927860143,0.12207911002155784,610.3762711247052,480,0.00044688090971235355,3.3495086480022653,0.00025433147921157884,1.2716172315098027,0.0
IRPP-TD,compact,Traffic,20260820,80,0,9.931445240413097e-05,6278.261507288245,0.12001024325547859,607.2834164571746,480,0.0004548682327611732,3.6165883749076526,0.0002500213401155804,1.2651737842857804,0.0
IRPP-TD,compact,Traffic,20260821,80,0,6.728617983191193e-05,3684.1751417712176,0.11056247375068301,549.6256085349762,480,0.00037440558398144005,2.7704448882246395,0.0002303384869805896,1.1450533511145338,0.0
IRPP-TD,compact,Traffic,20260822,80,0,6.732685617049344e-05,3941.5644340880817,0.11401958495493648,582.1835457835841,480,0.00037451873609811297,2.8655876484618013,0.000237540801989451,1.2128823870491336,0.0
IRPP-TD,compact,Traffic,20260823,80,0,0.00011026015016048084,6066.694726559612,0.1296719692397493,653.2101311097141,480,0.00047927929870553393,3.5551297229495287,0.00027014993591614435,1.3608544398119045,0.0
IRPP-TD,compact,Traffic,20260824,80,0,8.468318242515448e-05,3280.7611047852583,0.11728119174081615,538.7485513730327,480,0.000420027733273735,2.61436779514716,0.00024433581612670033,1.1223928153604847,0.0
IRPP-TD,compact,Traffic,20260825,80,0,6.854247523906884e-05,3877.1467674917767,0.10912198924985811,543.6591036247762,480,0.0003778846694624257,2.842074787710767,0.00022733747760387107,1.1326231325516172,0.0
IRPP-TD,compact,Traffic,20260826,80,0,7.566278800167549e-05,3076.4963745325213,0.11242895463524,522.5411251321638,480,0.00039702746546910824,2.5316728554342784,0.00023422698882341665,1.0886273440253411,0.0
IRPP-TD,compact,Traffic,20260827,80,0,8.802114357882212e-05,4945.870214071212,0.114527174303498,549.8280826702215,480,0.0004282258544925556,3.209968267649234,0.00023859827979895416,1.1454751722296281,0.0
IRPP-TD,compact,Traffic,20260828,80,0,7.86272191333129e-05,6056.753812065715,0.10949900197538903,601.6513442154276,480,0.0004047304121606569,3.552215802632244,0.00022812292078206047,1.2534403004488075,0.0
IRPP-TD,compact,Traffic,20260829,80,0,6.270562922506226e-05,3669.2842255567257,0.10606993591843498,511.91894828251424,480,0.0003614370312408692,2.7648403455853487,0.0002209790331634062,1.0664978089219046,0.0
IRPP-TD,compact,Traffic,20260830,80,0,7.386417277277048e-05,3514.152083735079,0.11154531807281923,561.5752117770231,480,0.00039228012092968104,2.705762401699026,0.00023238607931837338,1.1699483578687981,0.0
IRPP-TD,compact,Traffic,20260831,80,0,9.368763840984975e-05,6021.9569416383065,0.12056774150311896,627.535867353245,480,0.0004417947261121621,3.541997124280755,0.0002511827947981645,1.3073663903192603,0.0
IRPP-TD,compact,Traffic,20260832,80,0,8.16457787092823e-05,3868.1134282055377,0.11422427109526591,551.0523383788435,480,0.00041242620226048296,2.838761991096624,0.00023796723144847064,1.148025704955924,0.0
IRPP-TD,compact,Traffic,20260833,80,0,7.845020006613863e-05,6034.229658758527,0.11452505582117067,595.755428455034,480,0.0004042745562170039,3.545604573141267,0.00023859386629410557,1.2411571426146542,0.0
IRPP-TD,compact,Traffic,20260834,80,0,6.989992111170293e-05,3905.2362621201355,0.11207576500657979,562.3232527673684,480,0.0003816082227224423,2.8523514649174895,0.00023349117709704122,1.1715067765986842,0.0
IRPP-TD,compact,Traffic,20260835,80,0,9.823603943790227e-05,3636.2284362571604,0.11980936761965605,568.7163691285878,480,0.0004523918826588622,2.7523582450090114,0.00024960284920761674,1.1848257690178912,0.0
IRPP-TD,compact,Traffic,20260836,80,0,8.206336705796115e-05,3031.727687361094,0.1086092460007489,502.55875164047575,480,0.00041347956181342154,2.513185100359491,0.0002262692625015602,1.0469973992509911,0.0
IRPP-TD,compact,Traffic,20260837,80,0,8.927044830015952e-05,4880.106153751765,0.11603452803707905,575.9730956381022,480,0.000431254102154788,3.188555757755567,0.000241738600077248,1.1999439492460462,0.0
IRPP-TD,compact,Water,20260808,80,0,0.001458749741612373,35550.75762097806,0.7524530296694535,1307.5270357871132,720,0.0014233907783159768,7.026809535725187,0.0010450736523186855,1.816009771926546,0.0
IRPP-TD,compact,Water,20260809,80,0,0.001208319798250165,24873.23645890064,0.7040051586774619,1109.941688000478,720,0.0012954620573425214,5.8775982976444645,0.000977784942607586,1.5415856777784418,0.0
IRPP-TD,compact,Water,20260810,80,0,0.0013840455246145352,27049.428365925854,0.7385257260338625,1158.5944475864633,720,0.00138646509182652,6.129327084454733,0.0010257301750470312,1.609158954981199,0.0
IRPP-TD,compact,Water,20260811,80,0,0.0014170773500328869,52170.80742688804,0.7476702853039532,1514.292570223174,720,0.0014029123230468777,8.512311951495123,0.0010384309518110461,2.103184125309964,0.0
IRPP-TD,compact,Water,20260812,80,0,0.0012937906831721273,27716.66338192276,0.7294403169337362,1100.0986085170905,720,0.0013404967379317758,6.20446337794221,0.001013111551296856,1.5279147340515147,0.0
IRPP-TD,compact,Water,20260813,80,0,0.0012346223779330355,37436.951402345614,0.711361735687868,1393.3380976706142,720,0.0013094858925107866,7.210808958542109,0.0009880024106775943,1.9351918023202974,0.0
IRPP-TD,compact,Water,20260814,80,0,0.0012130577716705933,30529.48009581387,0.697780602360659,1271.5796773908667,720,0.0012979994070312982,6.511686086462582,0.0009691397255009152,1.7660828852650925,0.0
IRPP-TD,compact,Water,20260815,80,0,0.0011956662710754687,28595.119245554666,0.6987625758191592,1209.7064197178872,720,0.0012886611652082672,6.302018993672084,0.00097050357752661,1.6801478051637322,0.0
IRPP-TD,compact,Water,20260816,80,0,0.0013196486623764613,32258.21808308248,0.7286740185891017,1217.5463658828044,720,0.001353826194314378,6.693510339944796,0.001012047248040419,1.6910366192816728,0.0
IRPP-TD,compact,Water,20260817,80,0,0.0011802432842587896,35202.11118804997,0.6909301655424768,1253.297412690177,720,0.0012803229216462398,6.99226866578465,0.0009596252299201066,1.7406908509585792,0.0
IRPP-TD,compact,Water,20260818,80,0,0.0011918133206619138,26394.567205863033,0.6946803588917944,1094.3215842683292,720,0.0012865831798593913,6.054677623065841,0.0009648338317941588,1.5198910892615682,0.0
IRPP-TD,compact,Water,20260819,80,0,0.0014342308955378213,31953.449060286264,0.743464792027197,1273.0070161152241,720,0.0014113778214615818,6.661815845661654,0.0010325899889266623,1.7680653001600335,0.0
IRPP-TD,compact,Water,20260820,80,0,0.0012720549378170889,32372.258950525833,0.7079124817697902,1182.8592816836074,720,0.0013291888387999657,6.705331517875847,0.0009832117802358196,1.6428601134494547,0.0
IRPP-TD,compact,Water,20260821,80,0,0.001531983166281468,25954.84139097694,0.7904543282617472,1157.6268227763492,720,0.0014586824183533405,6.004031214176131,0.001097853233696871,1.6078150316338182,0.0
IRPP-TD,compact,Water,20260822,80,0,0.0013003316102470244,43995.18671700228,0.7173033878294982,1338.4833486828745,720,0.001343880993742783,7.816932006601855,0.0009962547053187474,1.8590046509484368,0.0
IRPP-TD,compact,Water,20260823,80,0,0.001159100574914828,45719.777545393365,0.7032152118533521,1501.372219746614,720,0.0012688033376390241,7.9686693390596,0.0009766877942407669,2.0852391940925195,0.0
IRPP-TD,compact,Water,20260824,80,0,0.0014910310254483592,19836.012961448127,0.7498352281658083,1006.0553153574508,720,0.0014390540032374853,5.248811103670172,0.001041437816896956,1.3972990491075705,0.0
IRPP-TD,compact,Water,20260825,80,0,0.0012587532791524592,33380.34821717429,0.6980151120182608,1235.1026389827573,720,0.0013222210266318202,6.808934920093994,0.0009694654333586956,1.7154203319204961,0.0
IRPP-TD,compact,Water,20260826,80,0,0.0014492769353863857,32867.021941174375,0.7528431543445325,1218.3788443698777,720,0.0014187616545710176,6.756377845041262,0.0010456154921451842,1.692192839402608,0.0
IRPP-TD,compact,Water,20260827,80,0,0.0011772093757820002,41299.35590195097,0.6926500155145635,1348.6047993314496,720,0.0012786762772177501,7.573652786501865,0.0009620139104368938,1.87306222129368,0.0
IRPP-TD,compact,Water,20260828,80,0,0.0013879485903448216,27370.36969506374,0.7335339590272978,1147.2962966911232,720,0.0013884186600153856,6.165582077489131,0.0010187971653156914,1.593467078737671,0.0
IRPP-TD,compact,Water,20260829,80,0,0.0013063351397613564,35476.7526221905,0.7227463263031053,1316.2517506084153,720,0.0013469797180283233,7.019491970991927,0.0010038143420876462,1.8281274314005767,0.0
IRPP-TD,compact,Water,20260830,80,0,0.0013025479720093019,37951.17262604842,0.7225876965355985,1338.6762246053925,720,0.0013450258010791,7.260162669019394,0.001003594022966109,1.8592725341741563,0.0
IRPP-TD,compact,Water,20260831,80,0,0.0013208756970541854,21661.934709852583,0.7112490290011224,1109.119679461435,720,0.0013544554548754729,5.48507250912427,0.00098784587361267,1.5404439992519932,0.0
IRPP-TD,compact,Water,20260832,80,0,0.001322941653642031,37380.4208515606,0.7125789923209802,1246.6809203179973,720,0.0013555142800397602,7.205362668368821,0.0009896930448902502,1.7315012782194408,0.0
IRPP-TD,compact,Water,20260833,80,0,0.0012244706984735271,29751.766331588882,0.7082258739873553,1114.0154477294318,720,0.0013040911578106411,6.428211079512117,0.0009836470472046601,1.5472436774019886,0.0
IRPP-TD,compact,Water,20260834,80,0,0.001293916147919152,27254.098862024475,0.6992610388351101,1167.2494465071195,720,0.00134056173337852,6.1524722743093365,0.0009711958872709863,1.6211797868154438,0.0
IRPP-TD,compact,Water,20260835,80,0,0.0013224555439895968,40465.20830594094,0.7293975253857129,1335.96575482186,720,0.0013552652179911733,7.496777854698361,0.0010130521185912678,1.8555079928081388,0.0
IRPP-TD,compact,Water,20260836,80,0,0.0013310828249206035,35771.33942826111,0.7228590913621126,1427.7109147486435,720,0.0013596786920898115,7.048575449875306,0.0010039709602251564,1.9829318260397826,0.0
IRPP-TD,compact,Water,20260837,80,0,0.0012652281734555164,22577.39828510771,0.7052914481181716,1067.0981099881126,720,0.001325617347510793,5.599776568596746,0.0009795714557196827,1.482080708316823,0.0
IRPP-TD,independent,Climate,20260808,80,0,0.0022934744715558952,136.22065050472764,0.6913716841874937,143.95261411533878,400,0.002394511678587043,0.5835680133984548,0.0017284292104687343,0.35988153528834693,0.0
IRPP-TD,independent,Climate,20260809,80,0,0.002445967311925046,150.2570758341717,0.6976295108775012,147.25863488250138,400,0.002472836080255344,0.6128969649014663,0.0017440737771937532,0.3681465872062535,0.0
IRPP-TD,independent,Climate,20260810,80,0,0.0022736087277720456,138.20282131027324,0.6809366647483364,144.6941141228369,400,0.0023841186672290695,0.5877984801576839,0.001702341661870841,0.36173528530709226,0.0
IRPP-TD,independent,Climate,20260811,80,0,0.0021966430837053533,145.12326371017753,0.6726194991049071,145.21446317470065,400,0.002343417954455283,0.6023355869243023,0.0016815487477622678,0.36303615793675165,0.0
IRPP-TD,independent,Climate,20260812,80,0,0.002399842449286826,155.79533405747108,0.676813606259242,146.7081802013516,400,0.0024494093417020083,0.6240900056431585,0.001692034015648105,0.36677045050337903,0.0
IRPP-TD,independent,Climate,20260813,80,0,0.002534592919419585,174.23414926781018,0.6977657066124066,153.50687726868452,400,0.0025172370366234806,0.6599889189748003,0.0017444142665310163,0.3837671931717113,0.0
IRPP-TD,independent,Climate,20260814,80,0,0.0022449196439657104,139.10574276796524,0.6765408117905718,144.39908323513777,400,0.002369029149232714,0.5897154881126263,0.0016913520294764295,0.3609977080878444,0.0
IRPP-TD,independent,Climate,20260815,80,0,0.001891950161936175,117.53229781482791,0.6122090238748926,131.27768946857404,400,0.0021748276724468164,0.5420615689541823,0.0015305225596872315,0.3281942236714351,0.0
IRPP-TD,independent,Climate,20260816,80,0,0.0022265861377372066,142.69273415147782,0.6624511255179251,143.03274736754793,400,0.0023593357845679824,0.59727032018902,0.0016561278137948126,0.3575818684188698,0.0
IRPP-TD,independent,Climate,20260817,80,0,0.0016918180046388168,108.24562814420104,0.5826878944309855,127.52308972483978,400,0.0020565857656798664,0.5202057961619638,0.0014567197360774637,0.31880772431209947,0.0
IRPP-TD,independent,Climate,20260818,80,0,0.002451874649721669,167.09829694200826,0.7345669984148937,161.82461091854486,400,0.0024758203941934423,0.6463325323353457,0.0018364174960372342,0.40456152729636213,0.0
IRPP-TD,independent,Climate,20260819,80,0,0.0019929650017151174,128.2071639305981,0.6276509058223761,138.40193046835313,400,0.002232131829504654,0.5661430118145903,0.0015691272645559403,0.3460048261708828,0.0
IRPP-TD,independent,Climate,20260820,80,0,0.0022255749691018796,139.62558669140174,0.6456915063945518,141.00674011612006,400,0.002358799996344476,0.5908163561788928,0.0016142287659863795,0.35251685029030017,0.0
IRPP-TD,independent,Climate,20260821,80,0,0.0025489732985060787,169.86693972740238,0.7069214967737351,154.22991389536654,400,0.0025243678904361775,0.6516650591511762,0.0017673037419343376,0.38557478473841633,0.0
IRPP-TD,independent,Climate,20260822,80,0,0.002188819410625324,139.6852427991099,0.6706843764093234,144.94407709377546,400,0.002339241015065209,0.5909425581203089,0.0016767109410233086,0.36236019273443865,0.0
IRPP-TD,independent,Climate,20260823,80,0,0.002078427959642222,138.2491122392394,0.637743822012892,136.45320089973734,400,0.0022794889556884356,0.5878969132408322,0.00159435955503223,0.34113300224934334,0.0
IRPP-TD,independent,Climate,20260824,80,0,0.0022259278818627356,144.85385055613133,0.6606373092728194,142.13190254179617,400,0.002358987008157705,0.6017762261757508,0.0016515932731820484,0.35532975635449043,0.0
IRPP-TD,independent,Climate,20260825,80,0,0.0022627977570774042,138.3984734639154,0.6888006585601597,144.95605287767037,400,0.0023784436913018374,0.5882144027986635,0.0017220016464003993,0.36239013219417593,0.0
IRPP-TD,independent,Climate,20260826,80,0,0.002345553112618398,136.23263865559434,0.6634856625021595,138.10173640789628,400,0.0024215455357159805,0.5835936913975217,0.0016587141562553987,0.34525434101974073,0.0
IRPP-TD,independent,Climate,20260827,80,0,0.002480574582946271,147.20664968686756,0.7104698784451917,148.54141690883554,400,0.002490268350472631,0.6066437374746144,0.0017761746961129793,0.37135354227208883,0.0
IRPP-TD,independent,Climate,20260828,80,0,0.002467072721415049,157.37069382802886,0.7133091854745917,155.3876022833435,400,0.0024834817904582315,0.6272373829500855,0.0017832729636864792,0.3884690057083588,0.0
IRPP-TD,independent,Climate,20260829,80,0,0.0020641097406746164,131.58714566834323,0.6572316241875479,142.0608102469491,400,0.002271623725815202,0.5735572021785256,0.0016430790604688697,0.35515202561737275,0.0
IRPP-TD,independent,Climate,20260830,80,0,0.0020814905867631668,129.5573384998441,0.6381145198751392,135.01560746900617,400,0.002281167785786025,0.5691162853491457,0.0015952862996878481,0.3375390186725154,0.0
IRPP-TD,independent,Climate,20260831,80,0,0.002125459117092279,137.28179214486892,0.6535860535174545,141.1006541994783,400,0.0023051350920782706,0.5858365645486566,0.0016339651337936361,0.35275163549869576,0.0
IRPP-TD,independent,Climate,20260832,80,0,0.0023515475639657455,139.70566908936866,0.6741686964585561,141.44444933121792,400,0.0024246378925345457,0.59098576355393,0.0016854217411463905,0.3536111233280448,0.0
IRPP-TD,independent,Climate,20260833,80,0,0.0022914490871298095,137.41943798453562,0.6664195297968697,140.7698445975835,400,0.0023934541394863874,0.5861301860178667,0.0016660488244921742,0.35192461149395876,0.0
IRPP-TD,independent,Climate,20260834,80,0,0.0020278429947922665,125.36486331226611,0.6591882521464032,140.64268707820372,400,0.002251578887576597,0.5598322590568225,0.001647970630366008,0.35160671769550933,0.0
IRPP-TD,independent,Climate,20260835,80,0,0.0024208677230760436,161.1693754589077,0.6867037228472831,149.28822173432437,400,0.002460115710223832,0.6347625057037233,0.0017167593071182078,0.3732205543358109,0.0
IRPP-TD,independent,Climate,20260836,80,0,0.002040945701740964,120.11032923499302,0.6416784178618649,136.88775882254873,400,0.002258841352187535,0.5479742905351331,0.0016041960446546621,0.34221939705637183,0.0
IRPP-TD,independent,Climate,20260837,80,0,0.0022090004232335645,145.76601078557778,0.692055938654703,149.1897871879895,400,0.0023500002251242258,0.6036679774213176,0.0017301398466367576,0.3729744679699738,0.0
IRPP-TD,independent,Traffic,20260808,80,0,7.596023928547007e-05,2993.3370472410475,0.11119567944849361,523.0767630878972,480,0.0003978071121930778,2.497222226478623,0.000231657665517695,1.0897432564331193,0.0
IRPP-TD,independent,Traffic,20260809,80,0,8.50039959396855e-05,5723.93395525203,0.11067393309713419,554.4729109800533,480,0.00042082259707349146,3.4532394076830326,0.0002305706939523629,1.155151897875111,0.0
IRPP-TD,independent,Traffic,20260810,80,0,0.00010080329524369867,4105.640328247273,0.12358462053398564,590.5807736944897,480,0.00045826505986278174,2.9246225996725035,0.0002574679594458034,1.2303766118635202,0.0
IRPP-TD,independent,Traffic,20260811,80,0,9.337431072692591e-05,4269.386365436848,0.12189160234513588,591.1159264221409,480,0.0004410553412151688,2.9823740422679097,0.0002539408382190331,1.2314915133794602,0.0
IRPP-TD,independent,Traffic,20260812,80,0,6.302419266006891e-05,3374.7586124608,0.10762223988270209,512.9871040899402,480,0.0003623539724842872,2.6515556017729165,0.00022421299975562936,1.0687231335207088,0.0
IRPP-TD,independent,Traffic,20260813,80,0,8.388346452799708e-05,2960.2345078408753,0.11202814457936101,528.618481552832,480,0.0004180397322823042,2.483375771941993,0.00023339196787366877,1.1012885032350668,0.0
IRPP-TD,independent,Traffic,20260814,80,0,8.08922479291499e-05,4228.632063283025,0.11376233693492122,541.8494383305389,480,0.00041051859460816426,2.9681054785569256,0.0002370048686144192,1.128852996521956,0.0
IRPP-TD,independent,Traffic,20260815,80,0,7.88910847479135e-05,4210.236786247104,0.11369882755989581,566.723177053583,480,0.000405408962108823,2.961642557435789,0.00023687255741644962,1.1806732855282978,0.0
IRPP-TD,independent,Traffic,20260816,80,0,5.822136828569944e-05,3732.975624792733,0.10145921766671011,516.2016251044149,480,0.00034827362412602226,2.7887331445750645,0.0002113733701389794,1.0754200523008643,0.0
IRPP-TD,independent,Traffic,20260817,80,0,6.75768167534411e-05,5078.744306330586,0.10538684280275915,572.3196956979731,480,0.00037521331919722985,3.2528014548778392,0.00021955592250574822,1.1923326993707772,0.0
IRPP-TD,independent,Traffic,20260818,80,0,7.868896666519006e-05,4719.288385846537,0.1099732861094279,552.8412598257669,480,0.0004048893024261643,3.1355782248011215,0.00022911101272797478,1.1517526246370144,0.0
IRPP-TD,independent,Traffic,20260819,80,0,9.585722278336354e-05,5385.219927860143,0.12207911002155784,610.3762711247052,480,0.00044688090971235355,3.3495086480022653,0.00025433147921157884,1.2716172315098027,0.0
IRPP-TD,independent,Traffic,20260820,80,0,9.931445240413097e-05,6278.261507288245,0.12001024325547859,607.2834164571746,480,0.0004548682327611732,3.6165883749076526,0.0002500213401155804,1.2651737842857804,0.0
IRPP-TD,independent,Traffic,20260821,80,0,6.728617983191193e-05,3684.1751417712176,0.11056247375068301,549.6256085349762,480,0.00037440558398144005,2.7704448882246395,0.0002303384869805896,1.1450533511145338,0.0
IRPP-TD,independent,Traffic,20260822,80,0,6.732685617049344e-05,3941.5644340880817,0.11401958495493648,582.1835457835841,480,0.00037451873609811297,2.8655876484618013,0.000237540801989451,1.2128823870491336,0.0
IRPP-TD,independent,Traffic,20260823,80,0,0.00011026015016048084,6066.694726559612,0.1296719692397493,653.2101311097141,480,0.00047927929870553393,3.5551297229495287,0.00027014993591614435,1.3608544398119045,0.0
IRPP-TD,independent,Traffic,20260824,80,0,8.468318242515448e-05,3280.7611047852583,0.11728119174081615,538.7485513730327,480,0.000420027733273735,2.61436779514716,0.00024433581612670033,1.1223928153604847,0.0
IRPP-TD,independent,Traffic,20260825,80,0,6.854247523906884e-05,3877.1467674917767,0.10912198924985811,543.6591036247762,480,0.0003778846694624257,2.842074787710767,0.00022733747760387107,1.1326231325516172,0.0
IRPP-TD,independent,Traffic,20260826,80,0,7.566278800167549e-05,3076.4963745325213,0.11242895463524,522.5411251321638,480,0.00039702746546910824,2.5316728554342784,0.00023422698882341665,1.0886273440253411,0.0
IRPP-TD,independent,Traffic,20260827,80,0,8.802114357882212e-05,4945.870214071212,0.114527174303498,549.8280826702215,480,0.0004282258544925556,3.209968267649234,0.00023859827979895416,1.1454751722296281,0.0
IRPP-TD,independent,Traffic,20260828,80,0,7.86272191333129e-05,6056.753812065715,0.10949900197538903,601.6513442154276,480,0.0004047304121606569,3.552215802632244,0.00022812292078206047,1.2534403004488075,0.0
IRPP-TD,independent,Traffic,20260829,80,0,6.270562922506226e-05,3669.2842255567257,0.10606993591843498,511.91894828251424,480,0.0003614370312408692,2.7648403455853487,0.0002209790331634062,1.0664978089219046,0.0
IRPP-TD,independent,Traffic,20260830,80,0,7.386417277277048e-05,3514.152083735079,0.11154531807281923,561.5752117770231,480,0.00039228012092968104,2.705762401699026,0.00023238607931837338,1.1699483578687981,0.0
IRPP-TD,independent,Traffic,20260831,80,0,9.368763840984975e-05,6021.9569416383065,0.12056774150311896,627.535867353245,480,0.0004417947261121621,3.541997124280755,0.0002511827947981645,1.3073663903192603,0.0
IRPP-TD,independent,Traffic,20260832,80,0,8.16457787092823e-05,3868.1134282055377,0.11422427109526591,551.0523383788435,480,0.00041242620226048296,2.838761991096624,0.00023796723144847064,1.148025704955924,0.0
IRPP-TD,independent,Traffic,20260833,80,0,7.845020006613863e-05,6034.229658758527,0.11452505582117067,595.755428455034,480,0.0004042745562170039,3.545604573141267,0.00023859386629410557,1.2411571426146542,0.0
IRPP-TD,independent,Traffic,20260834,80,0,6.989992111170293e-05,3905.2362621201355,0.11207576500657979,562.3232527673684,480,0.0003816082227224423,2.8523514649174895,0.00023349117709704122,1.1715067765986842,0.0
IRPP-TD,independent,Traffic,20260835,80,0,9.823603943790227e-05,3636.2284362571604,0.11980936761965605,568.7163691285878,480,0.0004523918826588622,2.7523582450090114,0.00024960284920761674,1.1848257690178912,0.0
IRPP-TD,independent,Traffic,20260836,80,0,8.206336705796115e-05,3031.727687361094,0.1086092460007489,502.55875164047575,480,0.00041347956181342154,2.513185100359491,0.0002262692625015602,1.0469973992509911,0.0
IRPP-TD,independent,Traffic,20260837,80,0,8.927044830015952e-05,4880.106153751765,0.11603452803707905,575.9730956381022,480,0.000431254102154788,3.188555757755567,0.000241738600077248,1.1999439492460462,0.0
IRPP-TD,independent,Water,20260808,80,0,0.001458749741612373,35550.75762097806,0.7524530296694535,1307.5270357871132,720,0.0014233907783159768,7.026809535725187,0.0010450736523186855,1.816009771926546,0.0
IRPP-TD,independent,Water,20260809,80,0,0.001208319798250165,24873.23645890064,0.7040051586774619,1109.941688000478,720,0.0012954620573425214,5.8775982976444645,0.000977784942607586,1.5415856777784418,0.0
IRPP-TD,independent,Water,20260810,80,0,0.0013840455246145352,27049.428365925854,0.7385257260338625,1158.5944475864633,720,0.00138646509182652,6.129327084454733,0.0010257301750470312,1.609158954981199,0.0
IRPP-TD,independent,Water,20260811,80,0,0.0014170773500328869,52170.80742688804,0.7476702853039532,1514.292570223174,720,0.0014029123230468777,8.512311951495123,0.0010384309518110461,2.103184125309964,0.0
IRPP-TD,independent,Water,20260812,80,0,0.0012937906831721273,27716.66338192276,0.7294403169337362,1100.0986085170905,720,0.0013404967379317758,6.20446337794221,0.001013111551296856,1.5279147340515147,0.0
IRPP-TD,independent,Water,20260813,80,0,0.0012346223779330355,37436.951402345614,0.711361735687868,1393.3380976706142,720,0.0013094858925107866,7.210808958542109,0.0009880024106775943,1.9351918023202974,0.0
IRPP-TD,independent,Water,20260814,80,0,0.0012130577716705933,30529.48009581387,0.697780602360659,1271.5796773908667,720,0.0012979994070312982,6.511686086462582,0.0009691397255009152,1.7660828852650925,0.0
IRPP-TD,independent,Water,20260815,80,0,0.0011956662710754687,28595.119245554666,0.6987625758191592,1209.7064197178872,720,0.0012886611652082672,6.302018993672084,0.00097050357752661,1.6801478051637322,0.0
IRPP-TD,independent,Water,20260816,80,0,0.0013196486623764613,32258.21808308248,0.7286740185891017,1217.5463658828044,720,0.001353826194314378,6.693510339944796,0.001012047248040419,1.6910366192816728,0.0
IRPP-TD,independent,Water,20260817,80,0,0.0011802432842587896,35202.11118804997,0.6909301655424768,1253.297412690177,720,0.0012803229216462398,6.99226866578465,0.0009596252299201066,1.7406908509585792,0.0
IRPP-TD,independent,Water,20260818,80,0,0.0011918133206619138,26394.567205863033,0.6946803588917944,1094.3215842683292,720,0.0012865831798593913,6.054677623065841,0.0009648338317941588,1.5198910892615682,0.0
IRPP-TD,independent,Water,20260819,80,0,0.0014342308955378213,31953.449060286264,0.743464792027197,1273.0070161152241,720,0.0014113778214615818,6.661815845661654,0.0010325899889266623,1.7680653001600335,0.0
IRPP-TD,independent,Water,20260820,80,0,0.0012720549378170889,32372.258950525833,0.7079124817697902,1182.8592816836074,720,0.0013291888387999657,6.705331517875847,0.0009832117802358196,1.6428601134494547,0.0
IRPP-TD,independent,Water,20260821,80,0,0.001531983166281468,25954.84139097694,0.7904543282617472,1157.6268227763492,720,0.0014586824183533405,6.004031214176131,0.001097853233696871,1.6078150316338182,0.0
IRPP-TD,independent,Water,20260822,80,0,0.0013003316102470244,43995.18671700228,0.7173033878294982,1338.4833486828745,720,0.001343880993742783,7.816932006601855,0.0009962547053187474,1.8590046509484368,0.0
IRPP-TD,independent,Water,20260823,80,0,0.001159100574914828,45719.777545393365,0.7032152118533521,1501.372219746614,720,0.0012688033376390241,7.9686693390596,0.0009766877942407669,2.0852391940925195,0.0
IRPP-TD,independent,Water,20260824,80,0,0.0014910310254483592,19836.012961448127,0.7498352281658083,1006.0553153574508,720,0.0014390540032374853,5.248811103670172,0.001041437816896956,1.3972990491075705,0.0
IRPP-TD,independent,Water,20260825,80,0,0.0012587532791524592,33380.34821717429,0.6980151120182608,1235.1026389827573,720,0.0013222210266318202,6.808934920093994,0.0009694654333586956,1.7154203319204961,0.0
IRPP-TD,independent,Water,20260826,80,0,0.0014492769353863857,32867.021941174375,0.7528431543445325,1218.3788443698777,720,0.0014187616545710176,6.756377845041262,0.0010456154921451842,1.692192839402608,0.0
IRPP-TD,independent,Water,20260827,80,0,0.0011772093757820002,41299.35590195097,0.6926500155145635,1348.6047993314496,720,0.0012786762772177501,7.573652786501865,0.0009620139104368938,1.87306222129368,0.0
IRPP-TD,independent,Water,20260828,80,0,0.0013879485903448216,27370.36969506374,0.7335339590272978,1147.2962966911232,720,0.0013884186600153856,6.165582077489131,0.0010187971653156914,1.593467078737671,0.0
IRPP-TD,independent,Water,20260829,80,0,0.0013063351397613564,35476.7526221905,0.7227463263031053,1316.2517506084153,720,0.0013469797180283233,7.019491970991927,0.0010038143420876462,1.8281274314005767,0.0
IRPP-TD,independent,Water,20260830,80,0,0.0013025479720093019,37951.17262604842,0.7225876965355985,1338.6762246053925,720,0.0013450258010791,7.260162669019394,0.001003594022966109,1.8592725341741563,0.0
IRPP-TD,independent,Water,20260831,80,0,0.0013208756970541854,21661.934709852583,0.7112490290011224,1109.119679461435,720,0.0013544554548754729,5.48507250912427,0.00098784587361267,1.5404439992519932,0.0
IRPP-TD,independent,Water,20260832,80,0,0.001322941653642031,37380.4208515606,0.7125789923209802,1246.6809203179973,720,0.0013555142800397602,7.205362668368821,0.0009896930448902502,1.7315012782194408,0.0
IRPP-TD,independent,Water,20260833,80,0,0.0012244706984735271,29751.766331588882,0.7082258739873553,1114.0154477294318,720,0.0013040911578106411,6.428211079512117,0.0009836470472046601,1.5472436774019886,0.0
IRPP-TD,independent,Water,20260834,80,0,0.001293916147919152,27254.098862024475,0.6992610388351101,1167.2494465071195,720,0.00134056173337852,6.1524722743093365,0.0009711958872709863,1.6211797868154438,0.0
IRPP-TD,independent,Water,20260835,80,0,0.0013224555439895968,40465.20830594094,0.7293975253857129,1335.96575482186,720,0.0013552652179911733,7.496777854698361,0.0010130521185912678,1.8555079928081388,0.0
IRPP-TD,independent,Water,20260836,80,0,0.0013310828249206035,35771.33942826111,0.7228590913621126,1427.7109147486435,720,0.0013596786920898115,7.048575449875306,0.0010039709602251564,1.9829318260397826,0.0
IRPP-TD,independent,Water,20260837,80,0,0.0012652281734555164,22577.39828510771,0.7052914481181716,1067.0981099881126,720,0.001325617347510793,5.599776568596746,0.0009795714557196827,1.482080708316823,0.0
IRPP-TD,mature_anchor,Climate,20260808,60,0,0.3476838426914941,13521.408575006659,4.718812570405213,825.7429040503276,300,0.03404329805270019,6.7135208286478765,0.015729375234684043,2.7524763468344253,0.0
IRPP-TD,mature_anchor,Climate,20260809,60,0,0.16095078144391925,6288.858226850356,3.7173775914160583,657.2390938706227,300,0.023162525872906525,4.578521678027511,0.012391258638053527,2.1907969795687423,0.0
IRPP-TD,mature_anchor,Climate,20260810,60,0,0.2881926508204364,11326.969276409902,4.645494718504506,817.6022356458332,300,0.030994228001378816,6.144637031973465,0.01548498239501502,2.7253407854861105,0.0
IRPP-TD,mature_anchor,Climate,20260811,60,0,0.7984192613649527,30890.96633825092,5.877485948415705,1023.9194656758941,300,0.05158873460246118,10.147407934747166,0.01959161982805235,3.413064885586314,0.0
IRPP-TD,mature_anchor,Climate,20260812,60,0,0.20080224072604963,7971.805571979044,3.713936915912553,662.781365708724,300,0.025871621565339994,5.154870050731652,0.01237978971970851,2.20927121902908,0.0
IRPP-TD,mature_anchor,Climate,20260813,60,0,0.23687646537626383,9330.347086704867,4.097171686963849,722.443791602984,300,0.028099612415848005,5.576841126989623,0.013657238956546162,2.4081459720099465,0.0
IRPP-TD,mature_anchor,Climate,20260814,60,0,0.9533623537622666,36854.81620335824,5.252908851833955,916.4065091864903,300,0.05637263975139792,11.083744283613163,0.01750969617277985,3.0546883639549676,0.0
IRPP-TD,mature_anchor,Climate,20260815,60,0,0.19932147920499568,7722.654245586465,3.651877159271375,636.8504676845711,300,0.02577605343498727,5.073675277214885,0.012172923864237916,2.1228348922819036,0.0
IRPP-TD,mature_anchor,Climate,20260816,60,0,0.7463369014299208,28805.74163019294,6.406488496966062,1107.6017467662728,300,0.049877747256998985,9.798935593589224,0.02135496165655354,3.6920058225542425,0.0
IRPP-TD,mature_anchor,Climate,20260817,60,0,0.22573369570509447,8850.004674316167,4.499210757515022,785.9301704647373,300,0.027430742832637887,5.431391679952192,0.01499736919171674,2.619767234882458,0.0
IRPP-TD,mature_anchor,Climate,20260818,60,0,0.6128963411088616,23646.23565589538,5.940492257926181,1036.7015196354844,300,0.04519942260357101,8.878107091021784,0.019801640859753937,3.4556717321182813,0.0
IRPP-TD,mature_anchor,Climate,20260819,60,0,0.9014170429179105,35034.190747504574,5.375827639663226,937.4645865090607,300,0.054815358033976525,10.806508956412115,0.017919425465544085,3.1248819550302023,0.0
IRPP-TD,mature_anchor,Climate,20260820,60,0,0.3411553153889075,13187.273192702994,4.782721896481131,836.7372318572492,300,0.033722164589920556,6.630051078914097,0.015942406321603767,2.7891241061908305,0.0
IRPP-TD,mature_anchor,Climate,20260821,60,0,1.0653919445976021,41296.57568066981,7.505794735073944,1307.771000793681,300,0.05959283918384831,11.732657510934995,0.025019315783579812,4.35923666931227,0.0
IRPP-TD,mature_anchor,Climate,20260822,60,0,0.10798506304125445,4237.190493426594,2.8374409040731594,505.1297365598128,300,0.018972353837558346,3.7581868382801273,0.009458136346910532,1.6837657885327093,0.0
IRPP-TD,mature_anchor,Climate,20260823,60,0,0.09621120808455547,3639.849545935708,2.400348072288736,422.8379968377669,300,0.017908211159926562,3.4832214715383367,0.008001160240962453,1.409459989459223,0.0
IRPP-TD,mature_anchor,Climate,20260824,60,0,0.5896802666899694,22942.23052534527,4.836442787295735,846.1463798727139,300,0.04433509771012764,8.74494721259945,0.01612147595765245,2.820487932909046,0.0
IRPP-TD,mature_anchor,Climate,20260825,60,0,0.676602229727869,26512.019928453927,5.395360181653154,944.6148822459793,300,0.04749042814883398,9.400712726251829,0.017984533938843847,3.1487162741532644,0.0
IRPP-TD,mature_anchor,Climate,20260826,60,0,0.7644078287914365,29660.564745154,5.306286043765133,924.6270142185011,300,0.0504779763458427,9.943266523155925,0.017687620145883775,3.082090047395004,0.0
IRPP-TD,mature_anchor,Climate,20260827,60,0,0.21621219648156434,8352.227941591116,4.191889390794818,729.9589647613051,300,0.02684599265449528,5.276434383682196,0.013972964635982726,2.43319654920435,0.0
IRPP-TD,mature_anchor,Climate,20260828,60,0,0.281142457378357,11067.45837352736,4.10864122626214,730.0029154210287,300,0.03061276734623192,6.073839635005016,0.013695470754207134,2.433343051403429,0.0
IRPP-TD,mature_anchor,Climate,20260829,60,0,0.6959963724535096,27069.04934946711,5.958196015603499,1040.0720593720082,300,0.04816625279361438,9.498955968853824,0.019860653385344998,3.4669068645733607,0.0
IRPP-TD,mature_anchor,Climate,20260830,60,0,0.6953362013821421,26860.702520540864,4.892800804075788,855.4429349153255,300,0.0481434038881805,9.46232926231536,0.016309336013585963,2.851476449717752,0.0
IRPP-TD,mature_anchor,Climate,20260831,60,0,0.183775923916825,7262.601742881578,3.5429562332741846,630.49764750285,300,0.024750483087327475,4.92023093729064,0.011809854110913948,2.1016588250095,0.0
IRPP-TD,mature_anchor,Climate,20260832,60,0,0.28384651939272626,11170.361922945795,4.232587961774799,744.9370027008616,300,0.030759633688365356,6.102011122830951,0.01410862653924933,2.4831233423362056,0.0
IRPP-TD,mature_anchor,Climate,20260833,60,0,0.8013046089958737,30989.0130644999,5.4406984849972195,945.5634630615523,300,0.051681866871462555,10.163498915973754,0.0181356616166574,3.151878210205174,0.0
IRPP-TD,mature_anchor,Climate,20260834,60,0,0.09130392288353634,3562.2818939461094,2.656512731671492,476.76106134949777,300,0.017445526922732595,3.445906699233217,0.008855042438904974,1.5892035378316591,0.0
IRPP-TD,mature_anchor,Climate,20260835,60,0,0.10412710983176951,4100.376416090669,2.8561873182110395,512.4350401626905,300,0.01863036140567054,3.697015199721107,0.009520624394036798,1.7081168005423015,0.0
IRPP-TD,mature_anchor,Climate,20260836,60,0,0.3470821662007832,13574.425058602552,4.649005457370251,812.9531401467314,300,0.034013828864193026,6.7266695718368075,0.015496684857900836,2.7098438004891046,0.0
IRPP-TD,mature_anchor,Climate,20260837,60,0,0.07115398335059415,2829.1573108116177,2.4909581007739465,448.0186675758776,300,0.015400647535151907,3.0709158844507707,0.008303193669246488,1.4933955585862586,0.0
IRPP-TD,mature_anchor,Traffic,20260808,60,0,1.217325851728711,62584838.09860883,7.1813588118788605,35847.25923645558,360,0.058150328453469805,416.9493644270676,0.019948218921885724,99.5757201012655,0.0
IRPP-TD,mature_anchor,Traffic,20260809,60,0,0.12049090270098807,6297051.108743028,3.0258719091330413,15093.05419609097,360,0.018294724702689273,132.25660148135253,0.00840519974759178,41.92515054469714,0.0
IRPP-TD,mature_anchor,Traffic,20260810,60,0,1.8664935022591032,98153855.02518739,9.540759585991589,47830.65662503284,360,0.0720048899238236,522.158594003955,0.026502109961087747,132.86293506953567,0.0
IRPP-TD,mature_anchor,Traffic,20260811,60,0,1.3893268428432164,73532712.58810385,6.306970791048587,31607.45036282057,360,0.0621227915512499,451.9485977043796,0.0175193633084683,87.79847323005714,0.0
IRPP-TD,mature_anchor,Traffic,20260812,60,0,0.4228807446925437,22705988.426975675,3.554929446263849,17890.318405947408,360,0.0342734406684982,251.1417728593402,0.009874804017399581,49.69532890540947,0.0
IRPP-TD,mature_anchor,Traffic,20260813,60,0,0.15290545516070211,8180453.748114841,3.6172716757180807,18100.86258784169,360,0.020609157562753378,150.74310144630942,0.010047976876994668,50.280173855115805,0.0
IRPP-TD,mature_anchor,Traffic,20260814,60,0,0.5163215229922634,27005456.744309295,4.904881079207189,24516.71554487254,360,0.03787118235223568,273.8889512614216,0.013624669664464413,68.10198762464594,0.0
IRPP-TD,mature_anchor,Traffic,20260815,60,0,0.23260646840156207,12228073.047342237,4.630510942690261,23210.761169868012,360,0.025419069198010142,184.30102977452583,0.012862530396361836,64.4743365829667,0.0
IRPP-TD,mature_anchor,Traffic,20260816,60,0,0.17592896094482668,9221680.962209972,3.562932688613173,17814.436327669508,360,0.022106369176779665,160.04930631084676,0.009897035246147703,49.48454535463752,0.0
IRPP-TD,mature_anchor,Traffic,20260817,60,0,0.30678285879134504,16114642.598724948,4.92655830804272,24690.308204539346,360,0.02919202986696431,211.57243702233356,0.013684884189007556,68.58418945705374,0.0
IRPP-TD,mature_anchor,Traffic,20260818,60,0,1.2719331144083583,66942829.44580648,5.872639247841842,29411.37443547242,360,0.05944028549749082,431.22187330436884,0.01631288679956067,81.69826232075671,0.0
IRPP-TD,mature_anchor,Traffic,20260819,60,0,1.6123413630363772,81100671.33738062,6.746702967746661,33472.89397887278,360,0.06692328450124352,474.63632667952743,0.018740841577074056,92.9802610524244,0.0
IRPP-TD,mature_anchor,Traffic,20260820,60,0,1.1634839439610807,60381971.89930527,5.383819433970166,26880.002383842166,360,0.05684980074139517,409.54572360151974,0.014955053983250461,74.66667328845045,0.0
IRPP-TD,mature_anchor,Traffic,20260821,60,0,0.10859929122993502,5682847.988446544,3.0355572041678833,15194.825522655776,360,0.01736849728275105,125.64111133222261,0.008432103344910787,42.207848674043824,0.0
IRPP-TD,mature_anchor,Traffic,20260822,60,0,0.11952438553002126,6279190.141907999,2.632224075096108,13201.053433167444,360,0.01822120144303983,132.06890186048088,0.007311733541933633,36.669592869909565,0.0
IRPP-TD,mature_anchor,Traffic,20260823,60,0,0.07499293517598747,3850530.221917247,2.5325815524163837,12584.232603285329,360,0.014433076900723124,103.42106788804428,0.007034948756712177,34.95620167579258,0.0
IRPP-TD,mature_anchor,Traffic,20260824,60,0,0.19226640128236458,10036760.199895417,3.6164834685022402,18055.463987968924,360,0.023110026761028583,166.9727206586571,0.010045787412506222,50.15406663324701,0.0
IRPP-TD,mature_anchor,Traffic,20260825,60,0,0.12612773482467346,6648211.383053893,3.5428233145394628,17723.84709049157,360,0.01871776746723354,135.8942744997609,0.00984117587372073,49.232908584698805,0.0
IRPP-TD,mature_anchor,Traffic,20260826,60,0,0.20433976714911659,10695190.67078944,4.476385146362597,22402.435024496743,360,0.02382457689662298,172.36259157489803,0.012434403184340548,62.228986179157616,0.0
IRPP-TD,mature_anchor,Traffic,20260827,60,0,1.3864202823122018,72243270.88891745,7.762745771579732,38815.1683258238,360,0.06205777510406917,447.96847262861604,0.02156318269883259,107.81991201617721,0.0
IRPP-TD,mature_anchor,Traffic,20260828,60,0,1.5627394150942069,80929630.90587595,5.582452293701623,27896.57797074262,360,0.06588583170687103,474.1355610941873,0.015506811926948952,77.49049436317394,0.0
IRPP-TD,mature_anchor,Traffic,20260829,60,0,0.13941033157867444,7316733.76367666,3.1790112920408786,15929.363748209242,360,0.019678692056431836,142.56318057148343,0.008830586922335773,44.24823263391456,0.0
IRPP-TD,mature_anchor,Traffic,20260830,60,0,0.5899441540484631,30444769.48532603,5.748669057545209,28711.93928943836,360,0.04048127667509673,290.8071596881783,0.015968525159847802,79.75538691510656,0.0
IRPP-TD,mature_anchor,Traffic,20260831,60,0,0.5671216472572927,30204910.020477965,5.79295959115949,29058.277234179644,360,0.03969052669149196,289.6593306535473,0.016091554419887473,80.71743676161012,0.0
IRPP-TD,mature_anchor,Traffic,20260832,60,0,2.007008381784908,103951007.04753917,8.071736855063007,40283.701584317,360,0.07466607852790888,537.3572343927971,0.022421491264063908,111.89917106754723,0.0
IRPP-TD,mature_anchor,Traffic,20260833,60,0,0.520374950172407,27532488.069298096,6.748405712716603,33898.86177913441,360,0.0380195472448204,276.5486096978758,0.018745571424212785,94.16350494204002,0.0
IRPP-TD,mature_anchor,Traffic,20260834,60,0,1.5321483920173673,79681830.49566494,6.11121365049381,30481.841096439774,360,0.06523777859188491,470.46617098736624,0.016975593473593918,84.67178082344381,0.0
IRPP-TD,mature_anchor,Traffic,20260835,60,0,1.2466045313894734,66140901.75532141,5.655655092176432,28347.141006644906,360,0.05884547871307327,428.63122506195816,0.015710153033823424,78.7420583517914,0.0
IRPP-TD,mature_anchor,Traffic,20260836,60,0,0.19800651275431916,10360314.093361566,3.653032131732975,18273.157511806265,360,0.02345246449702504,169.6427135462578,0.010147311477036042,50.758770866128515,0.0
IRPP-TD,mature_anchor,Traffic,20260837,60,0,0.0893448466926563,4704262.982137887,2.8651677778574363,14371.722145757518,360,0.01575373383366061,114.3127165830873,0.007958799382937323,39.921450404881995,0.0
IRPP-TD,mature_anchor,Water,20260808,60,0,1.0431059070822706,3352553.652695957,4.829604789489885,3883.5059267766387,540,0.04395085443660804,78.79360818097936,0.008943712573129417,7.191677642178961,0.0
IRPP-TD,mature_anchor,Water,20260809,60,0,1.7534178365128628,6052282.35814076,5.896941389107208,4726.197060607919,540,0.05698306825379283,105.86751292466099,0.010920261831680014,8.752216778903554,0.0
IRPP-TD,mature_anchor,Water,20260810,60,0,0.4739171384295893,1500599.3036383358,5.371159195770217,4150.9501519017,540,0.02962472498480223,52.71515530974229,0.00994659110327818,7.686944725743889,0.0
IRPP-TD,mature_anchor,Water,20260811,60,0,0.2787719428976111,740300.2189450737,4.3100996431089795,3526.352229144137,540,0.02272101095240438,37.02602235428167,0.007981666005757369,6.530281905822475,0.0
IRPP-TD,mature_anchor,Water,20260812,60,0,0.8317709781727362,2818280.7885278338,5.56664748424681,4346.252098191866,540,0.03924686772528233,72.24291312837381,0.010308606452308909,8.048614996651605,0.0
IRPP-TD,mature_anchor,Water,20260813,60,0,0.061311202407574684,269763.018886177,2.5273224740691536,2508.0568045184973,540,0.010655480454570357,22.350864548950067,0.004680226803831766,4.644549637997217,0.0
IRPP-TD,mature_anchor,Water,20260814,60,0,0.2665043585995502,729618.5805495312,3.202115311295149,2596.6859525004556,540,0.022215458356720147,36.75793138271207,0.005929843169065091,4.808677689815658,0.0
IRPP-TD,mature_anchor,Water,20260815,60,0,0.42810335199388244,1301529.949559966,5.069980544790381,3968.9831875638856,540,0.028156419963728634,49.09420176897951,0.009388852860722928,7.349968865859047,0.0
IRPP-TD,mature_anchor,Water,20260816,60,0,1.274164627180454,4152701.795444379,5.3344057575599715,4249.169225237947,540,0.048575344820271205,87.69371990104071,0.009878529180666614,7.868831898588791,0.0
IRPP-TD,mature_anchor,Water,20260817,60,0,0.05680603098710794,236764.89286401225,2.3902995940887033,2252.6970365907455,540,0.010256527369428187,20.93928139415788,0.004426480729793895,4.171661178871751,0.0
IRPP-TD,mature_anchor,Water,20260818,60,0,0.4169001901697709,1368361.6216932,5.220005200479027,4031.485931929482,540,0.027785560804188918,50.33888162380602,0.009666676297183383,7.4657146887582995,0.0
IRPP-TD,mature_anchor,Water,20260819,60,0,0.1615112373984751,481833.3009557765,3.2259145839677372,2466.5767692189906,540,0.01729435989191997,29.87112134920357,0.00597391589623655,4.5677347578129455,0.0
IRPP-TD,mature_anchor,Water,20260820,60,0,0.09419706522356382,327022.16149431013,3.158901188545367,2583.549582850062,540,0.013207536093960385,24.608872289477908,0.005849817015824754,4.784351079351967,0.0
IRPP-TD,mature_anchor,Water,20260821,60,0,0.1175624231124998,382041.81339146127,2.2617307836620637,2064.796054580286,540,0.014754937849719114,26.59858717326575,0.004188390340114933,3.8236963973709,0.0
IRPP-TD,mature_anchor,Water,20260822,60,0,0.2818234337075939,938201.9124375265,3.4469514854740977,3084.805903733892,540,0.022845026758720494,41.68226180233484,0.006383243491618699,5.712603525433134,0.0
IRPP-TD,mature_anchor,Water,20260823,60,0,0.07124506775025088,234595.72742843887,2.3593898144673906,2097.965395770243,540,0.011486309705410732,20.8431411326337,0.004369240397161835,3.885121103278228,0.0
IRPP-TD,mature_anchor,Water,20260824,60,0,0.23881881243718098,867493.0224378435,4.164528794296218,3356.0057503945177,540,0.021029908703293358,40.08077544247467,0.007712090359807811,6.214825463693551,0.0
IRPP-TD,mature_anchor,Water,20260825,60,1,0.13684751642780132,522851.5174069751,3.7202503026955163,3263.205838494673,531,0.016053554230829603,31.379204234549192,0.007006121097355021,6.145397059312002,0.016666666666666666
IRPP-TD,mature_anchor,Water,20260826,60,0,0.7469507343766381,2902413.095313941,6.0533016676655915,4815.478051498048,540,0.03719196285082945,73.31329391997188,0.011209817903084429,8.917551947218609,0.0
IRPP-TD,mature_anchor,Water,20260827,60,0,0.3492101301380799,1088011.0347830849,4.466353711283815,3699.275858660267,540,0.02543001034568467,44.88691624068539,0.008271025391266324,6.850510849370865,0.0
IRPP-TD,mature_anchor,Water,20260828,60,0,0.3500468850556003,1197376.6606673293,5.304166879498846,4095.122412629991,540,0.025460458996749955,47.08889663626639,0.009822531258331196,7.583560023388872,0.0
IRPP-TD,mature_anchor,Water,20260829,60,0,0.01847931652422968,70479.98600612803,1.4887607375477547,1440.9282576664239,540,0.0058498680776878425,11.424469029409673,0.0027569643287921382,2.6683856623452296,0.0
IRPP-TD,mature_anchor,Water,20260830,60,0,0.2743298995373028,972674.6719194062,3.8710847673979867,3324.779550686533,540,0.022539262021558884,42.44112854818242,0.007168675495181457,6.156999167938024,0.0
IRPP-TD,mature_anchor,Water,20260831,60,0,0.06834521055083834,223966.52173049483,2.3827585318295044,2078.986773744146,540,0.011250120209303308,20.365481040707948,0.004412515799684267,3.8499755069336037,0.0
IRPP-TD,mature_anchor,Water,20260832,60,0,0.6072553448818627,1696323.755212408,5.520860422327667,4095.681501730292,540,0.03353426508761467,56.04766085601062,0.010223815596903087,7.584595373574615,0.0
IRPP-TD,mature_anchor,Water,20260833,60,0,0.7019631553434316,2237441.037650033,5.677174510611871,4302.961536778706,540,0.03605456655063964,64.36931978032348,0.010513286130762724,7.968447290330938,0.0
IRPP-TD,mature_anchor,Water,20260834,60,0,0.13999986175897638,459722.60566690256,3.571285002892039,2972.77147163955,540,0.016101521768372196,29.177699680447947,0.006613490746096368,5.5051323548880555,0.0
IRPP-TD,mature_anchor,Water,20260835,60,0,0.3053527858755131,894951.8500715534,4.268396447610436,3342.3179167771245,540,0.023779573629308222,40.71017367775833,0.007904437865945252,6.189477623661341,0.0
IRPP-TD,mature_anchor,Water,20260836,60,0,0.09927779347753482,352518.9273306094,2.725368751625262,2625.8952962066764,540,0.013559047374323115,25.550202120335907,0.005046979169676411,4.862769067049401,0.0
IRPP-TD,mature_anchor,Water,20260837,60,0,0.2377708315163791,854007.0134948004,3.675804111602118,3013.4552989929384,540,0.02098371641678283,39.76800811500138,0.006807044651115033,5.580472775912849,0.0
IRPP-TD,onoff,Climate,20260808,40,0,0.22564600728073006,8825.395267478803,3.1583041421420797,550.696672710866,200,0.033589135690036,6.642813887005568,0.015791520710710397,2.75348336355433,0.0
IRPP-TD,onoff,Climate,20260809,40,0,0.46518917938210597,18267.729640090336,4.19190812307207,730.8327091394926,200,0.04822806130159629,9.5571255197602,0.020959540615360348,3.6541635456974633,0.0
IRPP-TD,onoff,Climate,20260810,40,0,0.1360762269918634,5337.966604269054,3.0671056673771786,535.9412006004173,200,0.026084116526332975,5.1662203806405,0.015335528336885893,2.679706003002087,0.0
IRPP-TD,onoff,Climate,20260811,40,0,0.4296676184365366,16737.523516950394,4.459252930597681,773.3108800627979,200,0.04635016820015525,9.148093658503502,0.022296264652988406,3.8665544003139893,0.0
IRPP-TD,onoff,Climate,20260812,40,0,0.02736786320878,1088.5126908812547,1.1496084322933255,212.6199705958636,200,0.011697833818442626,2.3329302292195266,0.0057480421614666275,1.063099852979318,0.0
IRPP-TD,onoff,Climate,20260813,40,0,0.1435263588784548,5668.940778628341,3.3807340184238384,592.2679603099759,200,0.026788650477250136,5.323974445199911,0.016903670092119193,2.9613398015498795,0.0
IRPP-TD,onoff,Climate,20260814,40,0,1.3074755866744738,50394.9810852466,6.230854637368513,1077.147238751984,200,0.0808540532896921,15.87371744193001,0.031154273186842565,5.385736193759921,0.0
IRPP-TD,onoff,Climate,20260815,40,0,0.12892307951413098,5105.213144285728,2.6417280308986024,464.13420250299987,200,0.025389277216389106,5.05233270098364,0.013208640154493013,2.320671012514999,0.0
IRPP-TD,onoff,Climate,20260816,40,0,0.14898274062704306,5750.694080353132,3.023751170878042,527.9817271603358,200,0.027293107245881975,5.362226254249784,0.015118755854390209,2.639908635801679,0.0
IRPP-TD,onoff,Climate,20260817,40,0,0.42151982233491664,16318.445013027896,3.7033532272686434,641.642126950812,200,0.04590859518297835,9.032841472379523,0.01851676613634322,3.2082106347540598,0.0
IRPP-TD,onoff,Climate,20260818,40,0,0.46445914958934,17887.028469346587,5.443348785350786,940.1506564307597,200,0.04819020385873772,9.457015509489922,0.02721674392675393,4.700753282153799,0.0
IRPP-TD,onoff,Climate,20260819,40,0,0.23840243112841358,9240.23511336166,2.822010126863999,492.15930871502513,200,0.03452552904217498,6.797144662783652,0.014110050634319995,2.4607965435751256,0.0
IRPP-TD,onoff,Climate,20260820,40,0,0.236786601824315,9215.424604415824,3.5469481877073896,620.2886922894787,200,0.03440832761297147,6.788013186645936,0.01773474093853695,3.101443461447394,0.0
IRPP-TD,onoff,Climate,20260821,40,0,1.10108130427575,42470.263710614854,5.732758765757995,994.7960452837872,200,0.07419842667724666,14.572279113202377,0.028663793828789978,4.973980226418936,0.0
IRPP-TD,onoff,Climate,20260822,40,0,0.4348477115959972,16962.608338946076,4.308277267510952,750.1694204869817,200,0.04662873103548912,9.209399638126818,0.02154138633755476,3.750847102434909,0.0
IRPP-TD,onoff,Climate,20260823,40,0,0.1309344383730039,5087.686588849167,2.6979643904993003,470.72923926283033,200,0.025586562720791933,5.043652738268747,0.013489821952496501,2.3536461963141515,0.0
IRPP-TD,onoff,Climate,20260824,40,0,0.2804281188171857,10869.502156749799,3.4054509197379583,591.9816132148354,200,0.037445167833592745,7.372076422809858,0.01702725459868979,2.9599080660741772,0.0
IRPP-TD,onoff,Climate,20260825,40,0,0.19352381880758052,7553.11074165953,2.9725945922233934,523.9645408880119,200,0.0311065763792466,6.145368476202028,0.014862972961116968,2.6198227044400597,0.0
IRPP-TD,onoff,Climate,20260826,40,0,0.2564815937882565,10017.66074472493,3.995810797897681,695.5917349490244,200,0.03581072421693371,7.077309073625699,0.019979053989488404,3.477958674745122,0.0
IRPP-TD,onoff,Climate,20260827,40,0,0.07186731031336556,2809.6918155877192,2.0051622903871276,350.6787281538893,200,0.01895617449716128,3.7481274095124615,0.010025811451935637,1.7533936407694466,0.0
IRPP-TD,onoff,Climate,20260828,40,0,0.17889705134040096,6937.303169054618,3.5963535324918965,627.0367267428779,200,0.029907946380552525,5.889525944019017,0.017981767662459482,3.1351836337143895,0.0
IRPP-TD,onoff,Climate,20260829,40,0,0.06663529431541351,2602.321395149342,2.1245895593825948,376.6417880100734,200,0.018253122241881456,3.607160514275281,0.010622947796912974,1.883208940050367,0.0
IRPP-TD,onoff,Climate,20260830,40,0,0.28930501004390397,11239.646783413695,4.602328371795713,798.4170200303831,200,0.03803320983324337,7.496548133445717,0.023011641858978568,3.9920851001519155,0.0
IRPP-TD,onoff,Climate,20260831,40,0,0.18091315410940298,7017.1826440015975,3.0129921232995875,528.0900651519589,200,0.03007599990934657,5.923336325079641,0.015064960616497938,2.6404503257597947,0.0
IRPP-TD,onoff,Climate,20260832,40,0,0.10056411072287094,4003.606160351939,2.785964007432897,491.9891843603239,200,0.022423660575703396,4.474151405770673,0.013929820037164484,2.4599459218016198,0.0
IRPP-TD,onoff,Climate,20260833,40,0,0.39161769374607835,15263.209495781113,3.1771726552526705,554.214380093808,200,0.044250293431008926,8.735905647321609,0.015885863276263353,2.7710719004690403,0.0
IRPP-TD,onoff,Climate,20260834,40,0,0.0599600934790725,2285.059873377781,2.0706592924295593,363.7657695975752,200,0.017314747107461965,3.380133039820904,0.010353296462147797,1.8188288479878758,0.0
IRPP-TD,onoff,Climate,20260835,40,0,0.671192788255169,25874.87446586535,5.2950487201105805,909.567437181442,200,0.057930682209653334,11.374285574458149,0.0264752436005529,4.54783718590721,0.0
IRPP-TD,onoff,Climate,20260836,40,0,0.2997778801017039,11613.166255114462,4.065639172675558,701.5537978369747,200,0.03871549302938708,7.620093915141224,0.020328195863377793,3.5077689891848736,0.0
IRPP-TD,onoff,Climate,20260837,40,0,0.10840330176109642,4241.094486328957,2.735756335773593,478.6792730582275,200,0.023281248007902888,4.604940003045076,0.013678781678867965,2.3933963652911374,0.0
IRPP-TD,onoff,Traffic,20260808,40,0,0.07673645991031913,4071260.8183446643,2.5013887788106737,12504.831184254317,240,0.017881142290869723,130.24433478314046,0.010422453245044474,52.10346326772632,0.0
IRPP-TD,onoff,Traffic,20260809,40,0,1.5472184725594114,83654298.32334763,4.520670693956387,22751.83858222,240,0.0802916162227677,590.3893430163538,0.018836127891484946,94.79932742591667,0.0
IRPP-TD,onoff,Traffic,20260810,40,0,3.4601945886979943,177602906.43504095,10.591878495203131,52811.91214946673,240,0.12007280063739793,860.239565554854,0.04413282706334638,220.04963395611136,0.0
IRPP-TD,onoff,Traffic,20260811,40,0,0.46432936132982006,24302876.812964898,4.3903216178509945,21987.08775141767,240,0.043985289270477505,318.21688629091807,0.018293006741045812,91.61286563090695,0.0
IRPP-TD,onoff,Traffic,20260812,40,0,1.6994711492188337,87571836.9315546,6.553873092924614,32699.30317825067,240,0.08414944912720349,604.0551745341459,0.02730780455385256,136.24709657604447,0.0
IRPP-TD,onoff,Traffic,20260813,40,0,2.088649819524358,109097144.87283626,8.786760555685293,43929.63204802247,240,0.09328830356133341,674.2191312697609,0.036611502315355385,183.04013353342694,0.0
IRPP-TD,onoff,Traffic,20260814,40,0,0.23797715078708365,12413167.901083037,3.6989988813707795,18538.456337966745,240,0.03148922770746924,227.42368592822368,0.015412495339044914,77.24356807486144,0.0
IRPP-TD,onoff,Traffic,20260815,40,0,0.573492500343724,30370865.410191085,5.722487241699867,28737.096646979244,240,0.048883044962088,355.7320234986764,0.023843696840416113,119.73790269574685,0.0
IRPP-TD,onoff,Traffic,20260816,40,0,0.11143884557232454,5965154.67523331,2.4023867618522683,12043.735818882555,240,0.021548283532987468,157.6540869968345,0.010009944841051117,50.18223257867731,0.0
IRPP-TD,onoff,Traffic,20260817,40,0,1.801850014641571,92175959.6884063,7.1476086662278195,35612.59097622432,240,0.08664703338453013,619.7309889796483,0.02978170277594925,148.385795734268,0.0
IRPP-TD,onoff,Traffic,20260818,40,0,1.4308759792246324,75407544.92052162,7.801455532827908,39140.25326664847,240,0.0772138798841847,560.5337669003596,0.03250606472011628,163.08438861103528,0.0
IRPP-TD,onoff,Traffic,20260819,40,0,1.480732238810358,77003429.83278964,7.275595253082192,36343.24777493079,240,0.07854755032278107,566.4341305953325,0.030314980221175798,151.4301990622116,0.0
IRPP-TD,onoff,Traffic,20260820,40,0,0.15014431193758812,7870698.766809704,4.244486203811125,21207.20101375348,240,0.025012023103698558,181.09273368923567,0.017685359182546354,88.36333755730617,0.0
IRPP-TD,onoff,Traffic,20260821,40,0,0.26271050117706546,13743148.563611548,4.398555158878322,22045.333146673882,240,0.03308514905872078,239.29713540919815,0.018327313161993007,91.85555477780784,0.0
IRPP-TD,onoff,Traffic,20260822,40,0,1.0524024021019585,54947844.85077964,6.2983710282842225,31576.799472834457,240,0.06621940809731057,478.48652389060567,0.02624321261785093,131.5699978034769,0.0
IRPP-TD,onoff,Traffic,20260823,40,0,1.1383142728880682,59185459.050255194,4.7660094384763445,23872.55249346397,240,0.06886926845141901,496.59448182200265,0.0198583726603181,99.46896872276653,0.0
IRPP-TD,onoff,Traffic,20260824,40,0,0.1095382612275403,5747234.707820583,2.9956993137587973,14976.025316312769,240,0.02136374081900026,154.74757278414987,0.012482080473994989,62.40010548463654,0.0
IRPP-TD,onoff,Traffic,20260825,40,0,1.4698320848581097,75841376.60083914,6.599127464079543,32954.31167861892,240,0.07825790920779482,562.1438746769636,0.027496364433664763,137.3096319942455,0.0
IRPP-TD,onoff,Traffic,20260826,40,0,1.6929361166741201,85852321.87063864,6.4054080632720085,31841.80944871319,240,0.08398750196393609,598.0953166463751,0.02668920026363337,132.67420603630495,0.0
IRPP-TD,onoff,Traffic,20260827,40,0,0.6528540893312406,33963608.76209077,5.807706206697311,29034.84409428157,240,0.052155779854331605,376.1848435393318,0.024198775861238798,120.97851705950653,0.0
IRPP-TD,onoff,Traffic,20260828,40,0,0.14896906814718108,7810199.931637748,2.7306549288805906,13668.991573026047,240,0.024913940888852862,180.39539826491495,0.011377728870335795,56.9541315542752,0.0
IRPP-TD,onoff,Traffic,20260829,40,0,0.05958263049358665,3116247.678689809,2.064873726966905,10345.453210577347,240,0.01575629907021139,113.94895931018503,0.00860364052902877,43.10605504407228,0.0
IRPP-TD,onoff,Traffic,20260830,40,0,3.2399846741230904,170680490.21755838,10.8050758628221,54170.14180937115,240,0.11618922558559182,843.3081935092453,0.04502114942842542,225.70892420571312,0.0
IRPP-TD,onoff,Traffic,20260831,40,0,0.44507592423354975,23205234.262046702,5.246430317366908,26217.695267875926,240,0.0430637088235534,310.9477063621169,0.021860126322362117,109.24039694948303,0.0
IRPP-TD,onoff,Traffic,20260832,40,0,3.883111130968574,203278256.08388883,12.239424100134915,61216.28085826707,240,0.1271991733949913,920.3220814925991,0.05099760041722881,255.06783690944613,0.0
IRPP-TD,onoff,Traffic,20260833,40,0,0.5140274903849538,26922765.647057224,4.902167086122702,24588.69614870895,240,0.04627938212570807,334.93012733415276,0.020425696192177926,102.45290061962062,0.0
IRPP-TD,onoff,Traffic,20260834,40,0,0.21854246552540735,11582772.066402772,4.599302831536351,23106.6706128378,240,0.030176043583542624,219.68511619287779,0.019163761798068127,96.2777942201575,0.0
IRPP-TD,onoff,Traffic,20260835,40,0,1.320466052806801,69388854.33533947,5.7312182973154275,28636.4476488015,240,0.07417507591297096,537.6990109691925,0.02388007623881428,119.31853187000624,0.0
IRPP-TD,onoff,Traffic,20260836,40,0,0.14921153683815963,7813684.517113949,3.918500363539047,19632.641112085796,240,0.024934208165202785,180.4356362288451,0.016327084848079362,81.80267130035749,0.0
IRPP-TD,onoff,Traffic,20260837,40,0,1.3850708918149892,72532964.69125949,7.089384040118035,35479.14039261994,240,0.07596794531837614,549.746019734187,0.02953910016715848,147.82975163591644,0.0
IRPP-TD,onoff,Water,20260808,40,0,0.016578928874380193,82571.4038959281,1.0389390353540937,1150.023131380576,360,0.0067862051403278145,15.144801445447296,0.0028859417648724826,3.194508698279378,0.0
IRPP-TD,onoff,Water,20260809,40,0,0.01842843800739784,77743.28928664477,1.0220822799687572,1016.3679563954298,360,0.0071547261007047025,14.69535917736586,0.002839117444357659,2.8232443233206386,0.0
IRPP-TD,onoff,Water,20260810,40,0,0.08295133556200657,258009.12354948441,2.707872257714932,2088.6792758138176,360,0.015179603965885583,26.771104008981006,0.007521867382541478,5.801886877260604,0.0
IRPP-TD,onoff,Water,20260811,40,0,0.02805792445004999,86249.26825234763,1.5997046561346306,1385.940171523734,360,0.00882828856732247,15.478414024084174,0.004443624044818418,3.84983380978815,0.0
IRPP-TD,onoff,Water,20260812,40,0,0.015393796355709574,56316.128852303846,1.1054025500494793,1015.3839749997077,360,0.006539154794965982,12.507345492005872,0.003070562639026331,2.8205110416658545,0.0
IRPP-TD,onoff,Water,20260813,40,0,0.01586924722632276,69868.08086199901,1.0793058040536518,1115.307465834457,360,0.00663937062494187,13.931188118550468,0.0029980716779268108,3.0980762939846027,0.0
IRPP-TD,onoff,Water,20260814,40,0,0.028296503995283093,121437.75965441726,1.178504368196379,1177.639418321452,360,0.008865743058926165,18.366467002424802,0.0032736232449899413,3.2712206064484777,0.0
IRPP-TD,onoff,Water,20260815,40,0,0.06189995553792896,180834.1662437468,1.8311514607172015,1469.2054827869702,360,0.013112754132473146,22.41243245287874,0.00508653183532556,4.081126341074917,0.0
IRPP-TD,onoff,Water,20260816,40,0,0.01239831477119707,53273.460890133974,0.9073851380108577,911.2381751111418,360,0.005868540129651087,12.164778493911335,0.0025205142722523827,2.531217153086505,0.0
IRPP-TD,onoff,Water,20260817,40,0,0.04506151716558326,179888.83474014714,1.4958925344275675,1468.2986136300228,360,0.011187979308861321,22.353773900876778,0.0041552570400765765,4.0786072600833965,0.0
IRPP-TD,onoff,Water,20260818,40,0,0.011259445371049438,50582.445364688014,0.9576616635288429,948.1335064948028,360,0.005592516172690428,11.853556119565509,0.0026601712875801192,2.6337041847077853,0.0
IRPP-TD,onoff,Water,20260819,40,0,1.7530404904765915,5524686.825149303,7.537496448649016,5403.690318144176,360,0.06978221061266641,123.88039510786764,0.020937490135136155,15.010250883733821,0.0
IRPP-TD,onoff,Water,20260820,40,0,0.021902147930624755,90781.77388669053,1.2306782825924893,1270.011831580338,360,0.007799955115722845,15.879911653711929,0.003418550784979137,3.5278106432787166,0.0
IRPP-TD,onoff,Water,20260821,40,0,0.018477483717740682,65183.17265288702,1.014831596911253,951.7316632255605,360,0.007164240619939477,13.456016070153963,0.0028189766580868137,2.6436990645154457,0.0
IRPP-TD,onoff,Water,20260822,40,0,0.010181048148236858,55256.6918579673,0.7360545031876524,897.0751431255176,360,0.005317959129276751,12.389140838515631,0.0020445958421879233,2.4918753975708823,0.0
IRPP-TD,onoff,Water,20260823,40,0,0.0072848140271996285,47490.532678520176,0.7500903687160422,1030.7187497920129,360,0.004498399106348721,11.48556251688278,0.0020835843575445615,2.863107638311147,0.0
IRPP-TD,onoff,Water,20260824,40,0,0.0642372900068935,186147.54008704782,1.9666314104923066,1526.2958714420517,360,0.013358028173567208,22.739316177972448,0.005462865029145296,4.239710754005699,0.0
IRPP-TD,onoff,Water,20260825,40,0,0.2005168935848928,638027.6726190896,2.5627470711172715,2086.610338267928,360,0.023600664631936677,42.098682765718245,0.007118741864214643,5.796139828522022,0.0
IRPP-TD,onoff,Water,20260826,40,0,0.022034533692503452,63767.39300630775,1.2103160831679842,1002.0645166871817,360,0.007823492700497127,13.309081382264658,0.0033619891199110673,2.7835125463532826,0.0
IRPP-TD,onoff,Water,20260827,40,0,0.04031204486951001,144314.87271763876,1.244032813634167,1194.7179696369635,360,0.010581961180013163,20.021854220772997,0.003455646704539353,3.3186610267693433,0.0
IRPP-TD,onoff,Water,20260828,40,0,0.003705019682589881,21091.68309536276,0.7055326945291202,727.4065650512708,360,0.0032080712804623663,7.65428041021688,0.0019598130403586673,2.0205737918090856,0.0
IRPP-TD,onoff,Water,20260829,40,0,2.026290292438828,5827032.526838399,6.938868245255124,5042.915825020379,360,0.075023890499383,127.22500329510704,0.019274634014597565,14.008099513945497,0.0
IRPP-TD,onoff,Water,20260830,40,0,0.005814787625685606,32772.15066925982,0.7329488156112421,837.6628469904293,360,0.004018978458405404,9.541160928265231,0.00203596893225345,2.3268412416400817,0.0
IRPP-TD,onoff,Water,20260831,40,0,0.03591692638472178,141539.05900326063,1.1439786442989743,1115.8647292446149,360,0.009988455333912271,19.828364854088072,0.00317771845638604,3.099624247901708,0.0
IRPP-TD,onoff,Water,20260832,40,0,0.005780892498583276,35165.53626492511,0.7132124699055665,813.9778716904514,360,0.004007247773508256,9.883422746212343,0.001981145749737685,2.2610496435845873,0.0
IRPP-TD,onoff,Water,20260833,40,0,0.006258773057825352,28992.573279016695,0.6743402460620945,712.5477245699966,360,0.004169589993774152,8.974125348748277,0.0018731673501724848,1.9792992349166572,0.0
IRPP-TD,onoff,Water,20260834,40,0,0.033472192163205176,104133.23280345868,1.5505411157736648,1282.8639198752974,360,0.009642526202425318,17.00761535341176,0.004307058654926847,3.563510888542493,0.0
IRPP-TD,onoff,Water,20260835,40,0,0.009634742316891824,44635.53953129904,0.893235875603917,948.0764769545044,360,0.0051733135515332224,11.134972375770134,0.0024812107655664364,2.6335457693180677,0.0
IRPP-TD,onoff,Water,20260836,40,0,0.13562978616342783,470428.69223984046,2.179688374776792,2006.295958420684,360,0.019410033642668467,36.148946974052926,0.006054689929935533,5.573044328946344,0.0
IRPP-TD,onoff,Water,20260837,40,0,0.09658232880508572,339598.446624508,2.1306733459529723,1687.8701721582174,360,0.0163793848077635,30.713661755014027,0.005918537072091589,4.688528255995048,0.0
PRTD,clean,Climate,20260808,80,0,0.0018260958328547127,114.77241830165575,0.6162187796002088,130.7811880577651,400,0.0021366421277642126,0.5356594494211218,0.0015405469490005219,0.3269529701444127,0.0
PRTD,clean,Climate,20260809,80,0,0.0020274285619545644,128.9819374386737,0.6291823835945686,133.85368105436413,400,0.0022513487968074627,0.567851075191977,0.0015729559589864215,0.3346342026359103,0.0
PRTD,clean,Climate,20260810,80,0,0.0020337199041340266,132.4869537993881,0.6506044439672486,142.4975891909802,400,0.0022548391872448613,0.5755148864264679,0.0016265111099181215,0.3562439729774505,0.0
PRTD,clean,Climate,20260811,80,0,0.0020350049034792757,145.9202361118494,0.6202111168000711,139.58644408651008,400,0.0022555514311800094,0.6039872434742505,0.0015505277920001778,0.3489661102162752,0.0
PRTD,clean,Climate,20260812,80,0,0.002047897608644961,138.00211303784667,0.6405075798334184,141.3500009954862,400,0.0022626851353231637,0.5873715030494897,0.001601268949583546,0.3533750024887155,0.0
PRTD,clean,Climate,20260813,80,0,0.0018955948424195072,123.50143198838263,0.6097766607719818,132.8579540481306,400,0.002176921474479217,0.5556559906731472,0.0015244416519299545,0.3321448851203265,0.0
PRTD,clean,Climate,20260814,80,0,0.0020314356388144343,135.93331368779974,0.6538429409514476,143.4376440484005,400,0.0022535725186991623,0.5829522143533716,0.0016346073523786188,0.35859411012100123,0.0
PRTD,clean,Climate,20260815,80,0,0.00159844462489912,104.98051459458637,0.5446207558259331,118.53655236101268,400,0.00199902765419786,0.5122999965708237,0.0013615518895648327,0.2963413809025317,0.0
PRTD,clean,Climate,20260816,80,0,0.0018368920973680552,123.80230553690598,0.608775321044564,134.02548750049317,400,0.002142948959592864,0.5563324220663981,0.00152193830261141,0.3350637187512329,0.0
PRTD,clean,Climate,20260817,80,0,0.001766575447919937,118.5708834452189,0.5909247318000563,130.30782876217992,400,0.002101532445573906,0.5444512913136006,0.001477311829500141,0.3257695719054498,0.0
PRTD,clean,Climate,20260818,80,0,0.001911326075431033,138.8536820916701,0.634977490878393,143.0836036167706,400,0.0021859357695452955,0.5891809613600691,0.0015874437271959823,0.3577090090419265,0.0
PRTD,clean,Climate,20260819,80,0,0.001775228457277757,116.544135865583,0.5923733356321617,129.93545884306408,400,0.0021066730033857633,0.5397780466672922,0.0014809333390804042,0.3248386471076602,0.0
PRTD,clean,Climate,20260820,80,0,0.0017987696828116431,118.71329949376405,0.6017669711769179,131.47912991613026,400,0.0021205952482803284,0.5447781647004679,0.0015044174279422947,0.32869782479032567,0.0
PRTD,clean,Climate,20260821,80,0,0.001927991182017565,131.9514972377313,0.6194169594789427,135.58739910562377,400,0.0021954448194031004,0.5743507143673874,0.0015485423986973568,0.33896849776405946,0.0
PRTD,clean,Climate,20260822,80,0,0.0019426433873348066,127.72399320406004,0.6173035708849584,133.25890993597935,400,0.0022037714192576817,0.5650752011990529,0.0015432589272123959,0.3331472748399484,0.0
PRTD,clean,Climate,20260823,80,0,0.0017064795194159169,121.90466259260066,0.6030494082352548,135.19190570420784,400,0.0020654778620309133,0.5520522226035338,0.0015076235205881369,0.3379797642605196,0.0
PRTD,clean,Climate,20260824,80,0,0.001761276864805836,122.58254769004805,0.5989074691488716,131.412039396873,400,0.002098378460148357,0.5535850153545705,0.001497268672872179,0.3285300984921825,0.0
PRTD,clean,Climate,20260825,80,0,0.0018045695535757128,107.20932125640321,0.6045923708198809,128.05762985077376,400,0.0021240112720838566,0.5177096707045447,0.0015114809270497024,0.3201440746269344,0.0
PRTD,clean,Climate,20260826,80,0,0.001957641024870249,121.27645091922109,0.6192301152979163,131.44308143179285,400,0.002212261865642407,0.5506279390823288,0.0015480752882447908,0.3286077035794821,0.0
PRTD,clean,Climate,20260827,80,0,0.002139188795935265,125.98342428508498,0.6645894650245623,140.6571943917329,400,0.0023125682670654636,0.56121168975059,0.0016614736625614058,0.35164298597933225,0.0
PRTD,clean,Climate,20260828,80,0,0.0019657645100964955,122.68027519992238,0.6277985059425572,133.99037614848487,400,0.0022168471474689542,0.5538056409967362,0.001569496264856393,0.3349759403712122,0.0
PRTD,clean,Climate,20260829,80,0,0.0018733535739413072,115.04918784780935,0.6033871913713682,129.0171624597132,400,0.002164112736170015,0.5363049222406255,0.0015084679784284204,0.322542906149283,0.0
PRTD,clean,Climate,20260830,80,0,0.002121751079823259,125.94921886647448,0.6536598672362008,138.2176358740812,400,0.002303123465982262,0.5611354980449786,0.001634149668090502,0.345544089685203,0.0
PRTD,clean,Climate,20260831,80,0,0.0019713400124488226,136.72341790760328,0.637727237436935,139.7719457552662,400,0.0022199887457196843,0.5846439470045065,0.0015943180935923376,0.3494298643881655,0.0
PRTD,clean,Climate,20260832,80,0,0.0021117111402703635,128.5899609447752,0.6409709789130742,136.4603346046851,400,0.0022976679156649048,0.5669875680841142,0.0016024274472826855,0.34115083651171274,0.0
PRTD,clean,Climate,20260833,80,0,0.0018700824694253837,115.26787914213304,0.6212188223823042,131.10779872339612,400,0.00216222250787551,0.5368143979583004,0.0015530470559557605,0.32776949680849027,0.0
PRTD,clean,Climate,20260834,80,0,0.001747847991412662,110.51754897378602,0.6075379146373902,130.87284236623856,400,0.0020903635995997575,0.5256366353617916,0.0015188447865934753,0.3271821059155964,0.0
PRTD,clean,Climate,20260835,80,0,0.001842659699893963,124.25530121290292,0.6221280156024761,138.0530309822636,400,0.0021463106135261286,0.557349309708245,0.0015553200390061902,0.345132577455659,0.0
PRTD,clean,Climate,20260836,80,0,0.0018154708736854213,109.93427177854122,0.6064264694132305,126.7019709385932,400,0.0021304171385467105,0.524247727173283,0.0015160661735330763,0.31675492734648303,0.0
PRTD,clean,Climate,20260837,80,0,0.001554306579023446,110.99619745087112,0.561696738827191,124.75042256639993,400,0.0019712347520167697,0.5267736645155847,0.0014042418470679775,0.31187605641599986,0.0
PRTD,clean,Traffic,20260808,80,0,5.58399839913786e-05,2364.6707781718524,0.09836653004941946,469.5300862058773,480,0.00034107667756977866,2.219548930419127,0.00020493027093629055,0.9781876795955777,0.0
PRTD,clean,Traffic,20260809,80,0,7.617594824893061e-05,5560.578454145532,0.10467246784580608,547.8504616823737,480,0.00039837155042155324,3.40360668205604,0.00021806764134542933,1.1413551285049452,0.0
PRTD,clean,Traffic,20260810,80,0,7.477503826497431e-05,3912.7613598862104,0.11022280283732964,528.8534178838202,480,0.00039469143608481867,2.8550982761421024,0.00022963083924443676,1.1017779539246253,0.0
PRTD,clean,Traffic,20260811,80,0,7.937695104032286e-05,4731.451765072725,0.11007333650409391,555.1265173712719,480,0.0004066554413759548,3.139616406065372,0.00022931945105019567,1.1565135778568165,0.0
PRTD,clean,Traffic,20260812,80,0,5.990382143448766e-05,2898.553584401114,0.10599610321023548,489.4000180122806,480,0.0003532699081276467,2.457367148155858,0.00022082521502132392,1.019583370858918,0.0
PRTD,clean,Traffic,20260813,80,0,8.701665284542694e-05,4914.591866577706,0.11552768309292724,585.5405941301593,480,0.0004257754025633383,3.199802033778062,0.00024068267311026507,1.2198762377711652,0.0
PRTD,clean,Traffic,20260814,80,0,7.513630358924529e-05,5047.439090798643,0.11013801713032433,552.2564430705442,480,0.0003956437359682669,3.2427608770661007,0.00022945420235484236,1.150534256396967,0.0
PRTD,clean,Traffic,20260815,80,0,6.079255139034554e-05,3297.5061016387554,0.10015123435497074,500.2758708151059,480,0.00035588080691417815,2.6210311670054733,0.00020864840490618903,1.0422413975314706,0.0
PRTD,clean,Traffic,20260816,80,0,6.120605473404694e-05,3513.8217725819827,0.09635540309486776,491.4734054600862,480,0.0003570890841642523,2.705635235247439,0.00020074042311430784,1.0239029280418463,0.0
PRTD,clean,Traffic,20260817,80,0,7.504610013524787e-05,5861.060957805459,0.10430869006403388,579.6479536870455,480,0.0003954061733817937,3.4943588341918614,0.00021730977096673726,1.207599903514678,0.0
PRTD,clean,Traffic,20260818,80,0,6.463584135518641e-05,4929.131509377599,0.09879758507824073,530.8424024353242,480,0.00036695776708404066,3.204531787620463,0.00020582830224633483,1.1059216717402587,0.0
PRTD,clean,Traffic,20260819,80,0,7.567120746003796e-05,4163.650463687406,0.11163801944540955,570.20418558441,480,0.0003970495546843984,2.945211673097328,0.00023257920717793655,1.1879253866341875,0.0
PRTD,clean,Traffic,20260820,80,0,7.332256932306324e-05,4631.258865461336,0.10286489707170689,559.2118458324776,480,0.0003908392927487994,3.106196382991764,0.00021430186889938934,1.1650246788176617,0.0
PRTD,clean,Traffic,20260821,80,0,6.906368537315942e-05,3492.5611758059013,0.10484836871560572,503.72411562767115,480,0.00037931870222907384,2.6974375092413716,0.00021843410149084526,1.0494252408909817,0.0
PRTD,clean,Traffic,20260822,80,0,7.416216961736686e-05,5414.232260856349,0.10634667006624773,566.5654032101503,480,0.00039307062983156215,3.358519099759703,0.0002215555626380161,1.1803445900211464,0.0
PRTD,clean,Traffic,20260823,80,0,8.996814044287253e-05,4140.371676710295,0.11552795399264144,565.7550558290826,480,0.00043293605292543045,2.9369668582535593,0.00024068323748466968,1.1786563663105887,0.0
PRTD,clean,Traffic,20260824,80,0,6.094181517491062e-05,2371.919263178831,0.10629593900140255,474.0815106980798,480,0.0003563174356493525,2.2229481471586103,0.00022144987291958864,0.987669813954333,0.0
PRTD,clean,Traffic,20260825,80,0,7.174390195647225e-05,3458.1042881130547,0.1046807649025383,501.1905564843553,480,0.0003866089269653731,2.684098346478546,0.00021808492688028813,1.04414699267574,0.0
PRTD,clean,Traffic,20260826,80,0,6.488520157132945e-05,3343.2826990976005,0.10118817725514102,511.4490190305936,480,0.00036766493342934274,2.639161285292482,0.00021080870261487713,1.06551878964707,0.0
PRTD,clean,Traffic,20260827,80,0,5.9586415129143356e-05,2511.5406746618974,0.10041871372863265,459.70060107728034,480,0.0003523327473460024,2.287438830995404,0.00020920565360131802,0.9577095855776674,0.0
PRTD,clean,Traffic,20260828,80,0,6.670282397304801e-05,3781.3115471343926,0.10425732017747992,555.6309191984864,480,0.00037277904529428243,2.8067298391301074,0.00021720275036974984,1.1575644149968467,0.0
PRTD,clean,Traffic,20260829,80,0,6.279512992244097e-05,3096.622515966685,0.0979896816544912,459.56914667967135,480,0.0003616948815485487,2.53994033557167,0.00020414517011352334,0.9574357222493153,0.0
PRTD,clean,Traffic,20260830,80,0,5.776494335414061e-05,2275.1318362902216,0.09737389874132955,470.03633113578445,480,0.0003469057969936405,2.1771214923084323,0.00020286228904443658,0.9792423565328843,0.0
PRTD,clean,Traffic,20260831,80,0,5.559371935891385e-05,2959.2145936031243,0.0991443130153662,485.8715705465012,480,0.0003403237409649874,2.482947926022582,0.00020655065211534627,1.0122324386385442,0.0
PRTD,clean,Traffic,20260832,80,0,8.392974203223202e-05,3087.379953716804,0.11090614762419508,516.6986593588038,480,0.0004181550301429085,2.5361469930276797,0.0002310544742170731,1.0764555403308411,0.0
PRTD,clean,Traffic,20260833,80,0,8.100953495575258e-05,6303.723209608464,0.11223442647522175,600.5401596643477,480,0.00041081609570603635,3.6239145528950183,0.00023382172182337865,1.2511253326340577,0.0
PRTD,clean,Traffic,20260834,80,0,5.6742636305187726e-05,3095.8925334582705,0.10189826158382621,527.60134306036,480,0.0003438223751238534,2.539640941426838,0.00021228804496630462,1.0991694647090833,0.0
PRTD,clean,Traffic,20260835,80,0,8.132605355078268e-05,2362.655381691352,0.10982134934879802,490.3403133814475,480,0.0004116178789008044,2.218602873850339,0.00022879447780999588,1.0215423195446822,0.0
PRTD,clean,Traffic,20260836,80,0,7.130407998826422e-05,2433.1010084864165,0.10232174203059431,465.6963430582712,480,0.00038542206299356697,2.2514351943475304,0.0002131702958970715,0.9702007147047317,0.0
PRTD,clean,Traffic,20260837,80,0,6.806784552375389e-05,3173.3595972244852,0.10752152577458406,516.6512791498961,480,0.00037657404518609696,2.5712187436215945,0.00022400317869705012,1.0763568315622836,0.0
PRTD,clean,Water,20260808,80,0,0.0011702990926258977,32059.05077547872,0.674015060547347,1186.942193464985,720,0.001274917803791624,6.672814954004577,0.0009361320285379819,1.6485308242569234,0.0
PRTD,clean,Water,20260809,80,0,0.00110253006511647,35974.54334728826,0.6568430857719981,1249.4104318007248,720,0.001237453739380268,7.068567290328384,0.0009122820635722196,1.7352922663898955,0.0
PRTD,clean,Water,20260810,80,0,0.0012133513045799271,25549.67016910111,0.700506270905974,1199.384135419425,720,0.0012981564409769335,5.956983549804417,0.0009729253762582971,1.665811299193646,0.0
PRTD,clean,Water,20260811,80,0,0.0012510486524770375,51531.86141570516,0.7217216343746156,1400.1450664255622,720,0.0013181682642533822,8.4600253985455,0.0010023911588536328,1.9446459255910586,0.0
PRTD,clean,Water,20260812,80,0,0.001158079806043104,24985.27596574586,0.6817232922649381,1048.2231325372054,720,0.0012682445249477196,5.890821010236776,0.0009468379059235252,1.4558654618572298,0.0
PRTD,clean,Water,20260813,80,0,0.0011170601523714482,30672.92757708794,0.664143536700348,1225.213708682541,720,0.001245581163091845,6.526966240261323,0.0009224215787504833,1.7016857065035291,0.0
PRTD,clean,Water,20260814,80,0,0.0010764013952864217,23935.59209152091,0.6695679247031969,1139.3063503735411,720,0.001222702718528837,5.765750419927154,0.0009299554509766624,1.5823699310743626,0.0
PRTD,clean,Water,20260815,80,0,0.0011060466640415718,21189.46589805852,0.6654413990675218,1022.9436092697854,720,0.0012394256420939342,5.424925229650958,0.000924224165371558,1.420755012874702,0.0
PRTD,clean,Water,20260816,80,0,0.0012258293749270223,29862.649801818337,0.693274060234454,1172.8707384351537,720,0.001304814468999234,6.440178763242948,0.0009628806392145195,1.6289871367154913,0.0
PRTD,clean,Water,20260817,80,0,0.0010189333608092589,19794.951406902488,0.6332811556891128,1044.2125958653933,720,0.0011896155779688633,5.2433756364714466,0.0008795571606793234,1.4502952720352684,0.0
PRTD,clean,Water,20260818,80,0,0.001082127004118648,29369.635422882482,0.6733958318314623,1128.6292785261567,720,0.001225950313996049,6.386795777974978,0.0009352719886548088,1.5675406646196621,0.0
PRTD,clean,Water,20260819,80,0,0.0012441437470208311,37172.58235935098,0.6779454650695728,1321.5954830662179,720,0.0013145255518314664,7.185303515524566,0.0009415909237077399,1.8355492820364137,0.0
PRTD,clean,Water,20260820,80,0,0.0012029619142751701,27697.680484724195,0.6888501322173478,1170.9703110739956,720,0.0012925867230067357,6.2023383230220555,0.0009567362947463164,1.6263476542694384,0.0
PRTD,clean,Water,20260821,80,0,0.0012987562387961,36281.818196420325,0.7134475764508402,1250.7502051933545,720,0.0013430666809354731,7.098691017483075,0.0009908994117372781,1.7371530627685479,0.0
PRTD,clean,Water,20260822,80,0,0.0011390515021990656,39405.34476413782,0.6779092860891325,1297.5972666223208,720,0.0012577821652720634,7.397948736355705,0.0009415406751237951,1.8022184258643346,0.0
PRTD,clean,Water,20260823,80,0,0.0011211488287590971,40269.39295062837,0.670382957478496,1377.716978808509,720,0.0012478586262290698,7.4786170132871685,0.0009310874409423555,1.913495803900707,0.0
PRTD,clean,Water,20260824,80,0,0.0011518335892757151,25284.520969852623,0.66574177137972,1091.4256236895226,720,0.001264819700192106,5.9259927637406395,0.0009246413491385,1.5158689217910035,0.0
PRTD,clean,Water,20260825,80,0,0.0011125817164664837,28857.91152336722,0.6563952643044354,1209.8417391664987,720,0.0012430818090460609,6.330910887964176,0.0009116600893117158,1.6803357488423591,0.0
PRTD,clean,Water,20260826,80,0,0.0012603108534385802,33515.22624492851,0.7211033340146467,1280.9742904661878,720,0.0013230388281856723,6.82267728536082,0.0010015324083536758,1.7791309589808164,0.0
PRTD,clean,Water,20260827,80,0,0.0011206663962434762,40686.750176732865,0.6687182188852969,1296.8576493886303,720,0.0012475901193475833,7.517271795369801,0.0009287753040073568,1.801191179706431,0.0
PRTD,clean,Water,20260828,80,0,0.0011035465116701955,14836.895139702434,0.6568722909976944,888.8742494048944,720,0.00123802402578901,4.53947120325069,0.0009123226263856866,1.2345475686179088,0.0
PRTD,clean,Water,20260829,80,0,0.0011992671501437156,43039.328021032554,0.6929489614920179,1157.3128050377081,720,0.001290600178073771,7.73154864652977,0.0009624291131833582,1.6073788958857058,0.0
PRTD,clean,Water,20260830,80,0,0.0012298942137234975,42078.242721261726,0.6801685233367598,1405.600145910696,720,0.0013069760548492472,7.644736998715533,0.0009446785046343886,1.9522224248759668,0.0
PRTD,clean,Water,20260831,80,0,0.0012016028780836897,23560.108337275193,0.6758121558393171,1066.3338477569432,720,0.0012918563721355974,5.720347252628986,0.0009386279942212737,1.4810192329957546,0.0
PRTD,clean,Water,20260832,80,0,0.001211145366755416,29884.39840135357,0.679804944555647,1159.8623991023464,720,0.0012969758450780244,6.442523487793339,0.0009441735341050653,1.610919998753259,0.0
PRTD,clean,Water,20260833,80,0,0.001083567304827655,21646.185650267278,0.6610110539437314,1052.4100324817232,720,0.0012267659067802666,5.483078217250082,0.0009180709082551824,1.46168060066906,0.0
PRTD,clean,Water,20260834,80,0,0.0010785160652145966,26123.159967229283,0.659137658987761,1078.864479391369,720,0.0012239031740561496,6.0234679895515155,0.0009154689708163347,1.4984228880435682,0.0
PRTD,clean,Water,20260835,80,0,0.0011542322844297302,45991.67888056228,0.6905685205923148,1368.139347395304,720,0.0012661360096929918,7.992329558930782,0.0009591229452671038,1.9001935380490333,0.0
PRTD,clean,Water,20260836,80,0,0.0012273373950912037,25806.515352441107,0.6887668708137848,1160.0331071932796,720,0.0013056168162826356,5.9868507943614215,0.0009566206539080345,1.6111570933239996,0.0
PRTD,clean,Water,20260837,80,0,0.0012282903926402933,26157.402593196497,0.6935708478380134,1179.929580869488,720,0.0013061236077290211,6.027414522320829,0.000963292844219463,1.6387910845409557,0.0
PRTD,compact,Climate,20260808,80,0,0.33105898415319157,12996.79557946716,8.639754766964693,1503.1032056043427,400,0.028768862688382017,5.700174466511346,0.02159938691741173,3.757758014010857,0.0
PRTD,compact,Climate,20260809,80,0,1.213176269520327,46638.328319657376,10.509662920925393,1825.6954694763767,400,0.05507214063209108,10.797954472914926,0.026274157302313483,4.564238673690942,0.0
PRTD,compact,Climate,20260810,80,0,0.3425948477157101,13516.18895605704,8.675451603219962,1516.8849377009783,400,0.029265801189943104,5.812957284389985,0.021688629008049905,3.792212344252446,0.0
PRTD,compact,Climate,20260811,80,0,1.4748607040155859,56688.21015273041,10.786294944855943,1873.6905035286145,400,0.06072192157729336,11.904643017824014,0.026965737362139856,4.684226258821536,0.0
PRTD,compact,Climate,20260812,80,0,1.1692344202160694,46124.75687266771,9.792786901180678,1706.2197179265427,400,0.0540655717674397,10.738337496170871,0.024481967252951695,4.265549294816356,0.0
PRTD,compact,Climate,20260813,80,0,0.31894166455719636,12627.786131159015,8.509605195804749,1488.440696007103,400,0.028237460250401254,5.6186711354107155,0.021274012989511874,3.7211017400177577,0.0
PRTD,compact,Climate,20260814,80,0,0.3063533243819567,11969.908738232536,8.141170537830366,1413.526985031849,400,0.027674596852617236,5.4703539049664185,0.020352926344575913,3.5338174625796226,0.0
PRTD,compact,Climate,20260815,80,0,1.1656731292633091,45433.98604076726,9.835339922376871,1708.0802636947562,400,0.05398317166634684,10.657624740152853,0.024588349805942177,4.270200659236891,0.0
PRTD,compact,Climate,20260816,80,0,1.1712244073120792,45553.90866668316,9.472992454649862,1643.6775553878228,400,0.05411156085607029,10.671680826688357,0.023682481136624654,4.109193888469557,0.0
PRTD,compact,Climate,20260817,80,0,0.35011860132338557,13742.802757592215,8.826146514124508,1533.796520459076,400,0.029585410311646243,5.861485041692125,0.02206536628531127,3.8344913011476898,0.0
PRTD,compact,Climate,20260818,80,0,1.3114404168754825,51104.78862632521,10.825012915488305,1876.101286832165,400,0.0572590695190614,11.303184133942658,0.027062532288720763,4.6902532170804125,0.0
PRTD,compact,Climate,20260819,80,0,0.2977938453109387,11677.869603442892,7.9742497511468695,1386.8572399250327,400,0.02728524534024473,5.403209602505462,0.019935624377867174,3.467143099812582,0.0
PRTD,compact,Climate,20260820,80,0,0.3425490955615174,13385.458549862155,8.846817207197864,1538.3163055642815,400,0.02926384696009384,5.784777124026075,0.02211704301799466,3.8457907639107036,0.0
PRTD,compact,Climate,20260821,80,0,2.338251087245717,91280.5983200995,11.522078396688945,2000.496936195111,400,0.07645670486042602,15.106339589730158,0.028805195991722363,5.001242340487777,0.0
PRTD,compact,Climate,20260822,80,0,0.2688375102045426,10586.031661132436,8.022475634240411,1399.5220760530815,400,0.025924771464978368,5.144422139835639,0.02005618908560103,3.4988051901327037,0.0
PRTD,compact,Climate,20260823,80,0,0.2318152673210338,9021.703498100873,7.408599721812418,1286.6176201246346,400,0.024073598989402988,4.74913242026922,0.018521499304531047,3.2165440503115867,0.0
PRTD,compact,Climate,20260824,80,0,0.2664086333695173,10470.819999218049,7.698492882598359,1341.2618456347732,400,0.025807393968081963,5.1163512387291314,0.019246232206495895,3.353154614086933,0.0
PRTD,compact,Climate,20260825,80,0,0.3410951648632485,13403.646444552565,8.519492363556825,1487.7066961180828,400,0.029201676529920697,5.788705909906066,0.021298730908892064,3.719266740295207,0.0
PRTD,compact,Climate,20260826,80,0,0.34018578979464886,13324.904133459482,8.614527573007754,1498.8325418000077,400,0.029162724058061213,5.771677428066186,0.021536318932519383,3.7470813545000192,0.0
PRTD,compact,Climate,20260827,80,0,0.3026082852050358,11829.128876715919,8.425280578896725,1465.6764888900775,400,0.02750492161436912,5.438089939656184,0.021063201447241813,3.6641912222251936,0.0
PRTD,compact,Climate,20260828,80,0,1.2317194527346735,47860.63246352626,10.731279262218791,1864.6500840694364,400,0.05549142845374125,10.938536518146092,0.02682819815554698,4.661625210173591,0.0
PRTD,compact,Climate,20260829,80,0,2.3360569110590217,90443.53715362451,12.141172964156773,2097.3410060106903,400,0.07642082358655626,15.036916003092564,0.03035293241039193,5.243352515026726,0.0
PRTD,compact,Climate,20260830,80,0,1.3135705079479119,51099.158435230485,10.382810880189645,1804.362483508003,400,0.057305551824145096,11.302561483490202,0.025957027200474114,4.510906208770007,0.0
PRTD,compact,Climate,20260831,80,0,2.0854493424881966,80746.29415909426,11.464430322282269,1986.4125133240902,400,0.07220542470078332,14.207946206181091,0.02866107580570567,4.966031283310226,0.0
PRTD,compact,Climate,20260832,80,0,0.29798980950779597,11860.52666369146,8.339829344227976,1458.8502345939112,400,0.027294221435488684,5.445302256002751,0.020849573360569938,3.647125586484778,0.0
PRTD,compact,Climate,20260833,80,0,1.384110258466604,53359.045761994064,10.564906041258766,1828.703961151311,400,0.05882410769545519,11.549788500443857,0.026412265103146915,4.571759902878277,0.0
PRTD,compact,Climate,20260834,80,0,0.2772172274620028,10864.969545766166,8.05055026915996,1403.069352278107,400,0.026325711170925793,5.21175823157746,0.020126375672899897,3.507673380695268,0.0
PRTD,compact,Climate,20260835,80,0,0.2873550998886876,11204.112699398042,7.957716468164951,1373.7239444727943,400,0.026802756382911797,5.2924740668703425,0.019894291170412377,3.4343098611819856,0.0
PRTD,compact,Climate,20260836,80,0,0.3273951771414049,12670.302931715876,8.485604507351244,1463.2471050865274,400,0.028609228281334543,5.628122007320887,0.02121401126837811,3.6581177627163184,0.0
PRTD,compact,Climate,20260837,80,0,0.2283931074837148,8989.79266751462,7.302124505688783,1273.9776368471062,400,0.023895245734440292,4.740725858851843,0.01825531126422196,3.1849440921177656,0.0
PRTD,compact,Traffic,20260808,80,0,0.31279944607841353,16406378.196812578,10.521270899935308,52645.85720976117,480,0.02552774006181044,184.87821552766263,0.021919314374865224,109.67886918700243,0.0
PRTD,compact,Traffic,20260809,80,0,1.6629696819884847,87140844.63216859,14.37458576415821,71886.72560308091,480,0.05886017474327904,426.0791315202118,0.029947053675329606,149.76401167308524,0.0
PRTD,compact,Traffic,20260810,80,0,4.165185808698966,217224695.23782653,18.003396550373886,89992.42474647188,480,0.09315294109575667,672.7194425703323,0.037507076146612264,187.4842182218164,0.0
PRTD,compact,Traffic,20260811,80,0,1.3943391624996258,73200027.01892859,13.232066401532318,66240.68187404698,480,0.05389687611733683,390.5125558665618,0.027566805003192328,138.0014205709312,0.0
PRTD,compact,Traffic,20260812,80,0,0.32792899120765223,17231193.323115163,10.887438074753494,54518.07882014581,480,0.026137815485408788,189.46851829039196,0.022682162655736447,113.57933087530378,0.0
PRTD,compact,Traffic,20260813,80,0,2.6603365344141245,139358859.63261014,15.137892612086516,75767.1307645084,480,0.07444708039963303,538.8236794796029,0.03153727627518024,157.84818909272585,0.0
PRTD,compact,Traffic,20260814,80,0,0.27675526300063047,14578497.215885155,9.90292908310221,49649.91000197197,480,0.02401194420667862,174.27526846847988,0.020631102256462936,103.43731250410828,0.0
PRTD,compact,Traffic,20260815,80,0,1.4584503243986722,77131708.83993992,13.311205219625647,66715.75269104255,480,0.055122029859490544,400.8628943706416,0.027731677540886766,138.991151439672,0.0
PRTD,compact,Traffic,20260816,80,0,1.5494594846400271,81066261.920101,12.592232867144071,63063.01227616278,480,0.05681584807956365,410.9599076149364,0.026233818473216815,131.38127557533912,0.0
PRTD,compact,Traffic,20260817,80,0,1.7030905839649741,89324040.79803038,13.353154354856395,66823.94300640495,480,0.05956597504666874,431.3835319788683,0.02781907157261749,139.2165479300103,0.0
PRTD,compact,Traffic,20260818,80,0,3.509214934910718,184995218.7285249,16.86865973997077,84512.2774206168,480,0.08550359318607997,620.8113285728821,0.03514304112493911,176.067244626285,0.0
PRTD,compact,Traffic,20260819,80,0,1.7914580568772616,94135208.03068724,14.060057777969975,70334.4266347016,480,0.061091769373303975,442.84875152877925,0.02929178703743745,146.53005548896166,0.0
PRTD,compact,Traffic,20260820,80,0,1.421659214180498,73918781.62291706,13.019438848599066,65092.41929323185,480,0.05442233024726803,392.4251033183409,0.027123830934581386,135.6092068608997,0.0
PRTD,compact,Traffic,20260821,80,0,2.3139071730089955,120072572.97071025,12.97844320869137,64909.86378919523,480,0.06943082848251735,500.15117083635795,0.027038423351440355,135.22888289415673,0.0
PRTD,compact,Traffic,20260822,80,0,1.5224970312496777,80653120.24963081,14.474808487675974,72547.33524028065,480,0.05631934672120669,409.91137316912483,0.03015585101599161,151.14028175058468,0.0
PRTD,compact,Traffic,20260823,80,0,1.3484240876489704,71414750.99796526,12.271054168225547,61480.85091274165,480,0.053002045708337414,385.7210536719002,0.025564696183803224,128.08510606821176,0.0
PRTD,compact,Traffic,20260824,80,0,0.3498052799732485,18355529.087032985,10.677814714477385,53460.00444331695,480,0.026995573710226418,195.55225797209653,0.022245447321827885,111.37500925691032,0.0
PRTD,compact,Traffic,20260825,80,0,0.2532099102989301,13219312.377388844,9.741931512118985,48755.48695774813,480,0.022967817625018365,165.95250561398612,0.020295690650247885,101.57393116197527,0.0
PRTD,compact,Traffic,20260826,80,0,1.5364413654357911,80585195.5871774,13.63812783239417,68208.11888772705,480,0.05657666931982268,409.7387266782979,0.028412766317487854,142.1002476827647,0.0
PRTD,compact,Traffic,20260827,80,0,0.31508941235655563,16520428.943870107,10.654828255974234,53384.80077083135,480,0.02562101238715645,185.51970326552754,0.02219755886661299,111.21833493923198,0.0
PRTD,compact,Traffic,20260828,80,0,3.1180779002507366,162266219.21689022,17.26312843179012,86318.09908446221,480,0.08059773958072503,581.4246497771842,0.03596485089956274,179.82937309262962,0.0
PRTD,compact,Traffic,20260829,80,0,0.31158950426786713,16299697.827827584,10.252397642491907,51341.85932057471,480,0.025478320206757284,184.27616180063586,0.021359161755191473,106.96220691786398,0.0
PRTD,compact,Traffic,20260830,80,0,0.3700034612691738,19368489.525989298,11.06858461710979,55389.42596658079,480,0.027764015277167292,200.87563278260268,0.023059551285645397,115.39463743037665,0.0
PRTD,compact,Traffic,20260831,80,0,1.5814205778908477,83067315.59647475,14.34266091419656,71898.57870078101,480,0.057398834517255366,416.00109073493513,0.029880543571242833,149.78870562662712,0.0
PRTD,compact,Traffic,20260832,80,0,1.7946888100943978,94402454.70377357,13.930354279613278,69722.53169163821,480,0.061146831651607225,443.4769223227536,0.029021571415860994,145.25527435757962,0.0
PRTD,compact,Traffic,20260833,80,0,0.450417629428922,23609023.88208112,12.351743243098625,61845.6066075078,480,0.030632826531520954,221.77796649126876,0.025732798423122136,128.84501376564126,0.0
PRTD,compact,Traffic,20260834,80,0,1.5005614964343992,77638499.75101684,12.825405348737863,64150.28493198967,480,0.05591216132683775,402.17766531880545,0.026719594476537215,133.64642694164516,0.0
PRTD,compact,Traffic,20260835,80,0,2.345697433634269,124119554.47339508,14.109203652088379,70676.16287379587,480,0.06990614889553512,508.5099853030483,0.029394174275184124,147.24200598707472,0.0
PRTD,compact,Traffic,20260836,80,0,0.3634645274365877,19134848.638865277,11.19070071374233,56117.10451454758,480,0.027517590110561842,199.66038164251813,0.023313959820296524,116.91063440530746,0.0
PRTD,compact,Traffic,20260837,80,0,0.32708329258948343,17174307.021040026,10.627848491089962,53202.52523569209,480,0.026104090220271815,189.1555082302215,0.022141351023104088,110.83859424102519,0.0
PRTD,compact,Water,20260808,80,0,4.371875211394939,13628829.366606528,24.178136298526166,18011.755620863714,720,0.07792335275586641,137.58244683040928,0.03358074485906412,25.016327251199602,0.0
PRTD,compact,Water,20260809,80,0,2.6183304548694704,9514046.84315072,21.143064409732407,15792.40523990704,720,0.060303980600020075,114.95196365795778,0.029365367235739456,21.933896166537558,0.0
PRTD,compact,Water,20260810,80,0,0.8555416193801783,2922375.9494838733,18.458785434752325,13908.025456857418,720,0.03447103492991089,63.70914758018874,0.025637201992711564,19.316702023413082,0.0
PRTD,compact,Water,20260811,80,0,0.8900312713827243,3163588.691334414,18.371915690744814,13966.228738226606,720,0.03515898951316885,66.28629709381049,0.025516549570478907,19.39753991420362,0.0
PRTD,compact,Water,20260812,80,0,2.5649497017113827,8183661.613369311,20.569875564725574,15543.824205040712,720,0.05968609671662078,106.61236647422828,0.02856927161767441,21.588644729223212,0.0
PRTD,compact,Water,20260813,80,0,2.631208331322809,8308946.558001784,21.78615147907881,16295.032899407825,720,0.06045209686790132,107.42533943525733,0.030258543720942794,22.631990138066424,0.0
PRTD,compact,Water,20260814,80,0,2.421622137915021,7833518.013407128,20.247331045642564,15122.91086404677,720,0.05799451767570388,104.30669264113459,0.028121293118948006,21.004042866731623,0.0
PRTD,compact,Water,20260815,80,0,0.8476086233390637,2841845.3634168007,17.791219460677514,13372.457139998374,720,0.03431084666810239,62.82521348304358,0.02471002702871877,18.57285713888663,0.0
PRTD,compact,Water,20260816,80,0,0.6851888122330037,2354368.5171169667,16.796006120608165,12757.9945601073,720,0.030848843221446633,57.183531490924594,0.02332778627862245,17.719436889037915,0.0
PRTD,compact,Water,20260817,80,0,2.337807702446098,7851389.482231055,20.526018440809985,15289.863088118569,720,0.05698205982839026,104.42560803849695,0.028508358945569422,21.235920955720236,0.0
PRTD,compact,Water,20260818,80,0,0.8864199867727931,2981065.3552222135,17.87336793919291,13335.33783464861,720,0.03508758855375741,64.34569565184404,0.02482412213776793,18.521302548123067,0.0
PRTD,compact,Water,20260819,80,0,0.7412628583117785,2546244.661027874,17.661200726559482,13077.15434263323,720,0.03208631714072602,59.468066372585795,0.024529445453554836,18.162714364768377,0.0
PRTD,compact,Water,20260820,80,0,2.3989892879113586,7924901.911429954,20.521855538857707,15214.084042990997,720,0.05772286866176657,104.91333666564695,0.028502577137302372,21.13067228193194,0.0
PRTD,compact,Water,20260821,80,0,0.7232469515819542,2438314.9367795177,17.565783898736743,13039.926505431582,720,0.031694000299345874,58.19405917535643,0.02439692208157881,18.11100903532164,0.0
PRTD,compact,Water,20260822,80,0,4.69187569995935,14699815.984856056,25.46152712509106,18832.13780958241,720,0.08072480429038721,142.8860073277921,0.03536323211818203,26.155746957753347,0.0
PRTD,compact,Water,20260823,80,0,2.431494116946004,6355773.692206269,19.81202693509473,14187.808407421242,720,0.058112607603040885,93.95458190741735,0.027516704076520456,19.705289454751725,0.0
PRTD,compact,Water,20260824,80,0,0.9248598727710132,3169563.733200452,18.663252027175467,14153.257871410184,720,0.03584030693326791,66.34886473533133,0.025921183371077038,19.65730259918081,0.0
PRTD,compact,Water,20260825,80,0,0.9315074255450673,3265763.7897456842,18.470717666024058,14127.567997302582,720,0.03596887978874291,67.34822225800359,0.025653774536144525,19.621622218475807,0.0
PRTD,compact,Water,20260826,80,0,0.7107065010490502,2484097.2907484896,16.703061476396098,12758.510099472642,720,0.03141802607688977,58.737850880327315,0.02319869649499458,17.720152915934225,0.0
PRTD,compact,Water,20260827,80,0,0.7124701759942418,2490444.3236607253,16.878674242471547,12940.098987568801,720,0.031456985092394245,58.812842556101515,0.023442603114543815,17.972359704956666,0.0
PRTD,compact,Water,20260828,80,0,0.7380136783764101,2515061.886364048,16.672919567892073,12549.915601445133,720,0.03201591788072011,59.1028045767623,0.023156832733183436,17.43043833534046,0.0
PRTD,compact,Water,20260829,80,0,2.6346203009105733,8487061.303862104,21.413927466024425,15905.121633108736,720,0.060491279225817304,108.57064586826829,0.029741565925033926,22.090446712651023,0.0
PRTD,compact,Water,20260830,80,0,0.485915745275138,1668249.5623938164,14.51871496236671,10901.120697055123,720,0.025978509956285076,48.13536414220342,0.020164881892175985,15.14044541257656,0.0
PRTD,compact,Water,20260831,80,0,4.20676973305506,13921022.731671069,21.309648661104397,16008.525200456868,720,0.07643779000176712,139.04946527760399,0.029596734251533884,22.234062778412316,0.0
PRTD,compact,Water,20260832,80,0,0.7773912444898846,2570445.3656534324,17.178185672807537,12574.404938156265,720,0.03285894188484326,59.75000424980729,0.02385859121223269,17.464451302994814,0.0
PRTD,compact,Water,20260833,80,0,0.5883626265877342,2161108.0241107345,15.545842157575565,12024.08178315772,720,0.02858619097930304,54.7863023243586,0.021591447441077175,16.700113587719056,0.0
PRTD,compact,Water,20260834,80,0,4.539186318613472,15321296.49640785,22.237039764170582,16759.531669049255,720,0.07940041210547154,145.8752153973838,0.03088477745023692,23.277127318123966,0.0
PRTD,compact,Water,20260835,80,0,2.5740073060660196,8421773.516858397,20.43665090512072,15128.313776500372,720,0.05979138857154863,108.15224298322865,0.028384237368223226,21.01154691180607,0.0
PRTD,compact,Water,20260836,80,0,4.2450245561879765,13792646.210913397,21.91205685971315,16535.098833409676,720,0.07678455208666628,138.4068389593269,0.030433412305157153,22.965415046402327,0.0
PRTD,compact,Water,20260837,80,0,0.7062527916073374,2340178.5392620685,16.07422462195712,11965.750208217836,720,0.03131942935320168,57.010946064745475,0.022325311974940445,16.61909751141366,0.0
PRTD,independent,Climate,20260808,80,0,0.028267236102573718,1728.4266570347052,2.512521630101696,531.7495494621171,400,0.008406431481695089,2.0787175475727246,0.00628130407525424,1.3293738736552927,0.0
PRTD,independent,Climate,20260809,80,0,0.028646355807308583,1671.9278667124288,2.4873426366230555,516.7467780579673,400,0.008462617178997964,2.04446072762014,0.006218356591557639,1.2918669451449183,0.0
PRTD,independent,Climate,20260810,80,0,0.02747131475030696,1732.2047563953151,2.510519657400886,536.2064489956515,400,0.008287236383485594,2.080988200588434,0.006276299143502215,1.3405161224891287,0.0
PRTD,independent,Climate,20260811,80,0,0.03157041052283082,1710.2905507355167,2.7276398679893337,562.537284748746,400,0.008884032097368686,2.0677829617343284,0.006819099669973334,1.4063432118718648,0.0
PRTD,independent,Climate,20260812,80,0,0.024832155124537895,1435.509461879944,2.4048863389185287,499.0940545773915,400,0.007879110851571053,1.8944058843605454,0.006012215847296321,1.2477351364434788,0.0
PRTD,independent,Climate,20260813,80,0,0.02903886322013389,1668.891284450955,2.602921481109365,537.4693515471081,400,0.00852039658996779,2.042603292645781,0.006507303702773412,1.3436733788677702,0.0
PRTD,independent,Climate,20260814,80,0,0.027089504755143424,1587.6948577567916,2.466258091012787,509.9106028513454,400,0.008229444810426676,1.9922944421927145,0.006165645227531967,1.2747765071283634,0.0
PRTD,independent,Climate,20260815,80,0,0.030525591024366822,1850.439732080139,2.5535268427307245,532.0298054123006,400,0.008735787174657877,2.150836890654507,0.006383817106826811,1.3300745135307515,0.0
PRTD,independent,Climate,20260816,80,0,0.026424313116424993,1588.6317852692043,2.3976445537013014,506.4519864699911,400,0.00812777846591936,1.9928822000241286,0.005994111384253253,1.2661299661749776,0.0
PRTD,independent,Climate,20260817,80,0,0.029925366101157723,1815.859264185885,2.561435020386979,542.583896366335,400,0.008649474854168565,2.130645010428699,0.0064035875509674475,1.3564597409158374,0.0
PRTD,independent,Climate,20260818,80,0,0.02910895591376565,1634.3255438736408,2.6362762775856368,537.2832313828746,400,0.008530673466052614,2.0213396200747913,0.006590690693964092,1.3432080784571867,0.0
PRTD,independent,Climate,20260819,80,0,0.025838160890435197,1516.7053218184733,2.4544953706383095,513.0644293026219,400,0.00803712649061143,1.9472450550832536,0.006136238426595774,1.2826610732565547,0.0
PRTD,independent,Climate,20260820,80,0,0.03328191238512823,1938.9278561464132,2.6622563442631044,550.770026417522,400,0.009121665470889655,2.2016629261460605,0.006655640860657761,1.376925066043805,0.0
PRTD,independent,Climate,20260821,80,0,0.025180886593312937,1504.3840392550912,2.3676883133834337,497.3435213548777,400,0.007934243283595628,1.9393194935692593,0.005919220783458584,1.2433588033871943,0.0
PRTD,independent,Climate,20260822,80,0,0.02753438981568299,1592.2782063894622,2.525123841925215,527.9208574942215,400,0.008296744815842383,1.9951680420389797,0.006312809604813038,1.3198021437355538,0.0
PRTD,independent,Climate,20260823,80,0,0.025810301493066123,1436.2383067043097,2.4852679006601903,503.2401273250819,400,0.008032792399450225,1.894886742462666,0.0062131697516504755,1.2581003183127049,0.0
PRTD,independent,Climate,20260824,80,0,0.026738275828845345,1534.6869418411384,2.5625789622410067,531.5857454508088,400,0.008175921328640177,1.958754031164415,0.006406447405602517,1.3289643636270219,0.0
PRTD,independent,Climate,20260825,80,0,0.024507065114632902,1426.8820009040119,2.462581224645602,517.100791968919,400,0.00782736627395079,1.8887045831098177,0.006156453061614005,1.2927519799222975,0.0
PRTD,independent,Climate,20260826,80,0,0.026553554675676244,1623.7165249170075,2.4441561782975696,515.3131024036724,400,0.008147630740846729,2.0147683023843013,0.006110390445743924,1.288282756009181,0.0
PRTD,independent,Climate,20260827,80,0,0.0260627468193912,1531.9549117776044,2.5265619243543513,529.181003191897,400,0.008071980367200976,1.957009780109443,0.006316404810885879,1.3229525079797426,0.0
PRTD,independent,Climate,20260828,80,0,0.02500520364898268,1445.2414973536959,2.3877590485239395,492.83226373620244,400,0.00790651687675785,1.900816599092148,0.005969397621309849,1.232080659340506,0.0
PRTD,independent,Climate,20260829,80,0,0.03468775715686243,1989.3419040888461,2.7782117148772714,579.8052961402506,400,0.009312324784507685,2.2301019618443716,0.006945529287193179,1.4495132403506263,0.0
PRTD,independent,Climate,20260830,80,0,0.033968726891437435,2189.322982837428,2.7395079989092905,591.8579773473803,400,0.009215303425747499,2.3395100891198504,0.006848769997273226,1.4796449433684506,0.0
PRTD,independent,Climate,20260831,80,0,0.024365661502894865,1312.4470006438387,2.4500526215779814,491.11533834876565,400,0.007804751998445381,1.8113855198741091,0.006125131553944954,1.227788345871914,0.0
PRTD,independent,Climate,20260832,80,0,0.024001449005053434,1326.5574108135897,2.3707428706257594,488.82984066703045,400,0.007746200521070545,1.821096792329824,0.005926857176564398,1.222074601667576,0.0
PRTD,independent,Climate,20260833,80,0,0.025743450697890555,1432.2604041990814,2.4854973052446483,515.1943744169008,400,0.00802238285952038,1.8922608198918307,0.006213743263111621,1.287985936042252,0.0
PRTD,independent,Climate,20260834,80,0,0.024041883579158697,1389.5711280381124,2.4081555650700435,502.07640361028933,400,0.007752722679671751,1.8638475849959624,0.006020388912675109,1.2551910090257232,0.0
PRTD,independent,Climate,20260835,80,0,0.026584933438686082,1539.9986374391237,2.5364191993389404,536.2116934199898,400,0.00815244341266563,1.9621408190030116,0.006341047998347351,1.3405292335499746,0.0
PRTD,independent,Climate,20260836,80,0,0.02877800857916337,1743.554449229914,2.6483444119665585,550.7352068743423,400,0.008482041113311608,2.087794559595073,0.006620861029916396,1.3768380171858559,0.0
PRTD,independent,Climate,20260837,80,0,0.024389946157206674,1434.9865555334598,2.3346391181111867,487.46998453285516,400,0.007808640431791996,1.8940608197293056,0.0058365977952779665,1.218674961332138,0.0
PRTD,independent,Traffic,20260808,80,0,0.027510962475673507,1360227.2885622727,2.6009266873154067,13274.138147045483,480,0.00757063439598381,53.23351248200142,0.00541859726524043,27.654454473011423,0.0
PRTD,independent,Traffic,20260809,80,0,0.042539543596235324,2842267.0585503695,3.0385127231248825,15860.187193233445,480,0.009414034690759514,76.95056663412733,0.006330234839843505,33.04205665256968,0.0
PRTD,independent,Traffic,20260810,80,0,0.03153390334610596,1668086.6705164092,2.5184979072054485,12214.47234459086,480,0.008105284200511051,58.950662113125176,0.005246870640011351,25.44681738456429,0.0
PRTD,independent,Traffic,20260811,80,0,0.02653158710215324,1614737.1067246874,2.617739355119585,12903.653896639915,480,0.0074346580147409995,58.00030723202909,0.005453623656499136,26.88261228466649,0.0
PRTD,independent,Traffic,20260812,80,0,0.03443771691704878,2024124.8101200336,2.9716867077272786,14968.909039879009,480,0.008470256405634067,64.93786790271197,0.006191013974431831,31.185227166414602,0.0
PRTD,independent,Traffic,20260813,80,0,0.035993968588015235,3049531.845445283,2.7002826040145074,13784.350080120423,480,0.008659528541344793,79.70690901470006,0.005625588758363557,28.71739600025088,0.0
PRTD,independent,Traffic,20260814,80,0,0.024338634574232316,1466405.8611135415,2.432210836781582,12798.605017961028,480,0.007120778658006252,55.27216488118781,0.005067105909961628,26.663760454085477,0.0
PRTD,independent,Traffic,20260815,80,0,0.025977157677841686,1375649.6513432288,2.3843555143116553,12632.172993884831,480,0.007356567031945234,53.53444474010846,0.004967407321482615,26.317027070593397,0.0
PRTD,independent,Traffic,20260816,80,0,0.027938827033654707,1611292.1394457447,2.659714061419979,13422.725213599555,480,0.007629278449070221,57.93840370466985,0.005541070961291623,27.964010861665738,0.0
PRTD,independent,Traffic,20260817,80,0,0.03614918555054189,2098376.4580778065,2.8216975834036786,14832.69726012607,480,0.008678179718713805,66.11820945091776,0.005878536632090997,30.901452625262646,0.0
PRTD,independent,Traffic,20260818,80,0,0.03070214350429118,1688774.6336714774,2.557838856977748,12998.421118805672,480,0.007997674597486027,59.315094932197304,0.005328830952036975,27.08004399751182,0.0
PRTD,independent,Traffic,20260819,80,0,0.027990840777032087,1620229.1462867882,2.694445941268335,13675.82336558319,480,0.007636376864640511,58.09885875038748,0.005613429044309031,28.491298678298314,0.0
PRTD,independent,Traffic,20260820,80,0,0.02216643308024812,1156867.6689813824,2.5118831268854698,12751.76819690172,480,0.006795591873941782,49.093186666222294,0.005233089847678062,26.56618374354525,0.0
PRTD,independent,Traffic,20260821,80,0,0.02075924078012403,1610662.1066828524,2.10373947419051,11426.321691244204,480,0.006576352962845369,57.9270753239733,0.004382790571230229,23.804836856758758,0.0
PRTD,independent,Traffic,20260822,80,0,0.03455120125997469,2422915.8599923835,2.876097241259901,15017.391786963952,480,0.008484201158129971,71.04745861031296,0.005991869252624794,31.286232889508234,0.0
PRTD,independent,Traffic,20260823,80,0,0.024536523549406785,1088811.6340755057,2.3885315975648647,11513.581977771983,480,0.007149668341580431,47.62727759373442,0.004976107494926801,23.986629120358298,0.0
PRTD,independent,Traffic,20260824,80,0,0.02653981045001434,1336762.447514599,2.605823717701919,13121.998078328597,480,0.007435810095131747,52.7723579694466,0.005428799411878998,27.337495996517912,0.0
PRTD,independent,Traffic,20260825,80,0,0.021729561549936677,1154631.306707036,2.37819073550898,11837.412297516785,480,0.006728292494808873,49.04571223841073,0.004954564032310375,24.661275619826636,0.0
PRTD,independent,Traffic,20260826,80,0,0.03218001569292265,1618506.6663173055,2.4810683797140367,11948.477930689298,480,0.008187899569502274,58.06796783219689,0.005168892457737577,24.892662355602702,0.0
PRTD,independent,Traffic,20260827,80,0,0.033515078419969015,2080260.8690207484,2.697138226473551,13664.010975213328,480,0.008356020586475485,65.83218673612393,0.0056190379718198975,28.466689531694435,0.0
PRTD,independent,Traffic,20260828,80,0,0.0390040178166372,2119600.537530553,3.0336569292057067,15376.545310366295,480,0.009014342485801585,66.45174529828884,0.006320118602511889,32.03446939659645,0.0
PRTD,independent,Traffic,20260829,80,0,0.02717052046005208,1494439.2751823526,2.5379683927836583,12937.545789726984,480,0.007523646121292643,55.79798523808814,0.005287434151632621,26.95322039526455,0.0
PRTD,independent,Traffic,20260830,80,0,0.030298261185152036,1980459.583944729,2.6666465090442055,13878.162902300333,480,0.007944896315816005,64.23361632783507,0.005555513560508762,28.912839379792363,0.0
PRTD,independent,Traffic,20260831,80,0,0.0358459014592715,1728244.83828215,2.9016520466913667,14183.45124736017,480,0.008641698986511986,60.004250514063415,0.006045108430607014,29.54885676533369,0.0
PRTD,independent,Traffic,20260832,80,0,0.03792895563429076,1605231.742007384,2.7226567231030523,13107.108153913054,480,0.008889243925747515,57.82934199736944,0.005672201506464692,27.306475320652194,0.0
PRTD,independent,Traffic,20260833,80,0,0.04170796920550823,2859418.653486622,2.912304575323277,15313.869138687247,480,0.009321566526688285,77.1823956272659,0.00606730119859016,31.903894038931764,0.0
PRTD,independent,Traffic,20260834,80,0,0.03218216906588074,1641634.5054383741,2.6728522352718977,13152.48828454953,480,0.0081881735175751,58.48138068077691,0.005568442156816454,27.401017259478188,0.0
PRTD,independent,Traffic,20260835,80,0,0.01967806620678266,1170578.7135953328,2.239641813246202,11368.114507916976,480,0.006402809638286191,49.3832527616763,0.004665920444262921,23.683571891493703,0.0
PRTD,independent,Traffic,20260836,80,0,0.03169118185801827,2350730.91454502,2.786724762540162,14981.890380363551,480,0.008125472019368356,69.98111225158394,0.005805676588625338,31.2122716257574,0.0
PRTD,independent,Traffic,20260837,80,0,0.027553112904003297,1694036.8721239474,2.453126901491459,11821.211796926005,480,0.007576431782178658,59.407436265096955,0.005110681044773873,24.62752457692918,0.0
PRTD,independent,Water,20260808,80,0,0.16343249249226893,45755708.28598696,4.870037149745858,23592.862024183934,720,0.015066173134075192,252.0904497232066,0.006763940485758136,32.76786392247769,0.0
PRTD,independent,Water,20260809,80,0,0.0409051249856682,7567188.145170433,3.8257156560452046,17987.60722316473,720,0.007537418231145585,102.51821074793949,0.005313493966729451,24.982787809951013,0.0
PRTD,independent,Water,20260810,80,0,0.05309499324225812,11586600.399685262,4.3634003725645085,20838.18299143472,720,0.008587377141467758,126.85622000957784,0.006060278295228484,28.941920821437115,0.0
PRTD,independent,Water,20260811,80,0,0.03950346445785891,7011907.855323769,3.833190522114242,17716.114821465195,720,0.007407153492276056,98.68516053678943,0.00532387572515867,24.60571502981277,0.0
PRTD,independent,Water,20260812,80,0,0.04339288823024052,8230854.772895474,3.8510006155048364,16178.446801222963,720,0.007763240323458916,106.91932818780991,0.00534861196597894,22.470065001698558,0.0
PRTD,independent,Water,20260813,80,0,0.10147797366836574,30719544.97918356,4.537843980486064,23746.297626725536,720,0.011871884016235687,206.5575820281369,0.0063025610840084225,32.98096892600769,0.0
PRTD,independent,Water,20260814,80,0,0.09405807102424302,31114322.40537395,4.6110957461164706,22531.74938627528,720,0.011429619843017224,207.88058272510804,0.006404299647383987,31.29409636982678,0.0
PRTD,independent,Water,20260815,80,0,0.07053258425216588,17184472.423547503,4.362129468752622,18137.605481814764,720,0.009897571549246443,154.4905266043282,0.006058513151045308,25.19111872474273,0.0
PRTD,independent,Water,20260816,80,0,0.02882549055419715,5532674.380531577,3.3686549454556265,14185.996068550072,720,0.006327353597476281,87.65996790417233,0.0046786874242439255,19.702772317430654,0.0
PRTD,independent,Water,20260817,80,0,0.05392664078617208,14553094.645273797,3.9984029147835036,19798.260562313626,720,0.008654369543936564,142.17113438307075,0.005553337381643755,27.497584114324482,0.0
PRTD,independent,Water,20260818,80,0,0.7279118038400382,210379289.75112054,6.067553915169225,32410.89327675297,720,0.0317960471827002,540.5492188391983,0.008427158215512813,45.01512955104579,0.0
PRTD,independent,Water,20260819,80,0,0.04066215565390808,5886339.092673938,4.056580305010592,16692.049877576486,720,0.00751499941357173,90.41831098868822,0.005634139312514711,23.18340260774512,0.0
PRTD,independent,Water,20260820,80,0,0.03788446621876899,7787631.479914061,3.9565929083423015,18350.9238833881,720,0.00725377930411001,104.00074438778779,0.005495267928253196,25.48739428248347,0.0
PRTD,independent,Water,20260821,80,0,0.037140599455221225,6432036.021095499,3.8317129667077126,15226.350423580989,720,0.00718221177006286,94.51657718428359,0.005321823564871823,21.147708921640263,0.0
PRTD,independent,Water,20260822,80,0,0.08339730530308129,22219201.331327625,4.400893182464862,21896.845530998853,720,0.01076241565350103,175.67015070599257,0.006112351642312308,30.41228545972063,0.0
PRTD,independent,Water,20260823,80,0,0.03925249403064479,5552126.6608437635,3.8948093702153574,14854.708605991182,720,0.007383586717872283,87.81393413889205,0.0054094574586324405,20.63153973054331,0.0
PRTD,independent,Water,20260824,80,0,0.062359896049987776,9492259.982339162,4.450642872117243,19680.88011342828,720,0.009306501315537119,114.82027007421426,0.00618144843349617,27.334555713094833,0.0
PRTD,independent,Water,20260825,80,0,0.042071284152854174,8084163.094018611,3.901172149930321,17319.38893773043,720,0.007644104859379308,105.96227770885294,0.005418294652681001,24.05470685795893,0.0
PRTD,independent,Water,20260826,80,0,0.03522522629912421,5317103.483564123,3.5986884694255217,14628.105107013484,720,0.006994563990374974,85.93524276683353,0.004998178429757669,20.31681264862984,0.0
PRTD,independent,Water,20260827,80,0,0.05759455771726071,11048728.410183156,4.421438317261557,20169.033379795248,720,0.008943849354387249,123.87677799028509,0.006140886551752162,28.012546360826732,0.0
PRTD,independent,Water,20260828,80,0,0.04558453673049375,10400970.768438967,4.041504853241299,19138.624040354796,720,0.007956874799199131,120.19065160794749,0.005613201185057359,26.58142227827055,0.0
PRTD,independent,Water,20260829,80,0,0.04310366631105245,8525908.00326495,3.942582177153125,17944.37493833618,720,0.007737325326609646,108.81883519604288,0.00547580857937934,24.92274296991136,0.0
PRTD,independent,Water,20260830,80,0,0.03718689453401653,7750089.684234594,3.75005075138249,18955.58871322303,720,0.007186686623930288,103.74976361575878,0.00520840382136457,26.3272065461431,0.0
PRTD,independent,Water,20260831,80,0,0.5998328585835018,200415282.12169066,5.759142192578945,31340.861015360933,720,0.02886349238184953,527.5931751855288,0.00799880860080409,43.52897363244574,0.0
PRTD,independent,Water,20260832,80,0,0.0485533502556845,6581992.529451709,4.268614858762548,17502.54714855365,720,0.008211894342260542,95.61200913538609,0.005928631748281316,24.309093261880072,0.0
PRTD,independent,Water,20260833,80,0,0.028672884617987875,4503802.293543747,3.343463516630399,14207.283872645174,720,0.0063105824500054265,79.09033419612793,0.004643699328653332,19.732338712007184,0.0
PRTD,independent,Water,20260834,80,0,0.2718418078546079,114219537.10640582,4.973807523532273,28203.485827187764,720,0.019430853467224056,398.29417015708276,0.006908066004905935,39.17150809331634,0.0
PRTD,independent,Water,20260835,80,0,0.04110815717244029,8363290.43718586,3.6976579069982716,17750.430240206886,720,0.007556101027613408,107.77606952732197,0.005135635981942044,24.653375333620676,0.0
PRTD,independent,Water,20260836,80,0,0.043586088288518204,7094230.442934744,3.8758063401855374,17243.743890328406,720,0.007780503437056824,99.26277165891231,0.005383064361368802,23.949644292122784,0.0
PRTD,independent,Water,20260837,80,0,0.08765105905973058,29285547.60555881,3.988257829466108,19825.772188024323,720,0.0110334755189561,201.67888256926463,0.005539246985369594,27.535794705589336,0.0
PRTD,mature_anchor,Climate,20260808,60,0,0.2671288196298434,10479.653713439518,6.668616457728027,1158.651899751976,300,0.029840063652179845,5.9103450867777925,0.02222872152576009,3.8621729991732536,0.0
PRTD,mature_anchor,Climate,20260809,60,0,1.1059889974123986,42869.151235317324,8.211930019281489,1426.5909762726767,300,0.060717625047218886,11.953960464398026,0.02737310006427163,4.755303254242255,0.0
PRTD,mature_anchor,Climate,20260810,60,0,0.2578225561578433,10218.994485082034,6.423179929813301,1126.102354863901,300,0.029315670221336305,5.836378581815392,0.021410599766044338,3.753674516213003,0.0
PRTD,mature_anchor,Climate,20260811,60,0,1.4124516705219745,54100.31574821586,9.01965529566039,1563.0136272201528,300,0.06861612226782601,13.428863906801134,0.030065517652201303,5.210045424067176,0.0
PRTD,mature_anchor,Climate,20260812,60,0,1.0932537951288468,43352.476960477994,7.7087451690843825,1348.1812689242843,300,0.06036703833298563,12.02115870184429,0.025695817230281276,4.493937563080948,0.0
PRTD,mature_anchor,Climate,20260813,60,0,0.2544164833750481,9989.977880111379,6.533794263429483,1136.732620885961,300,0.029121382944212893,5.770608829840914,0.02177931421143161,3.7891087362865368,0.0
PRTD,mature_anchor,Climate,20260814,60,0,1.1214738964539985,43275.06877350625,7.5359381172861655,1305.332097727331,300,0.061141199869755,12.010421693055612,0.02511979372428722,4.3511069924244365,0.0
PRTD,mature_anchor,Climate,20260815,60,0,1.103151735220463,43159.99322166025,7.924624659782151,1373.1884601403585,300,0.06063969368932264,11.994442215968228,0.02641541553260717,4.577294867134529,0.0
PRTD,mature_anchor,Climate,20260816,60,0,1.1297954206186915,44248.435226680805,7.918646324881841,1368.5038934222403,300,0.06136761960020642,12.144743063932477,0.026395487749606136,4.561679644740801,0.0
PRTD,mature_anchor,Climate,20260817,60,0,0.23238046443456237,9128.618966493708,6.255734275941604,1087.8883639108697,300,0.027831664486968936,5.516224242025732,0.020852447586472013,3.6262945463695657,0.0
PRTD,mature_anchor,Climate,20260818,60,0,1.2590191329423752,48809.483047477275,8.810974348840233,1526.61077694233,300,0.06478217689412151,12.755323470023184,0.02936991449613411,5.088702589807767,0.0
PRTD,mature_anchor,Climate,20260819,60,0,0.213604107323826,8406.815092026005,5.753050101769552,1001.8809353957498,300,0.026683584674466434,5.293648739142031,0.019176833672565174,3.3396031179858325,0.0
PRTD,mature_anchor,Climate,20260820,60,0,0.3062814805603142,11923.157549053796,7.380473512534002,1281.260945025869,300,0.031952124632555826,6.304273034763484,0.024601578375113342,4.270869816752897,0.0
PRTD,mature_anchor,Climate,20260821,60,0,1.1988247969374648,46359.74534923744,7.909209185350012,1375.6981715879901,300,0.06321457629738743,12.431109544101771,0.026364030617833375,4.585660571959967,0.0
PRTD,mature_anchor,Climate,20260822,60,0,0.1883592226429672,7449.720925928259,5.86957113276545,1029.137837052431,300,0.025057216036035553,4.983212125369291,0.019565237109218165,3.4304594568414366,0.0
PRTD,mature_anchor,Climate,20260823,60,0,0.1536956914550683,5958.180597882466,5.315575446365859,922.317509156651,300,0.022634464241878895,4.456523532187568,0.01771858482121953,3.0743916971888368,0.0
PRTD,mature_anchor,Climate,20260824,60,0,0.189035251227492,7403.224361916237,5.594901851057623,973.5999381205082,300,0.025102141424421145,4.967636715755369,0.01864967283685874,3.2453331270683607,0.0
PRTD,mature_anchor,Climate,20260825,60,0,0.2531747392661157,9940.907122175098,6.335876249551239,1104.3954525138552,300,0.029050228872656392,5.756418771590284,0.02111958749850413,3.681318175046184,0.0
PRTD,mature_anchor,Climate,20260826,60,0,0.2790466805881104,10887.319997728202,6.700718596103076,1163.4802358265204,300,0.030498452451892834,6.0242067244653885,0.02233572865367692,3.878267452755068,0.0
PRTD,mature_anchor,Climate,20260827,60,0,0.2326355579267126,9018.818295291556,6.457852283227451,1118.5137374250967,300,0.027846936272338984,5.482948809807716,0.02152617427742484,3.7283791247503224,0.0
PRTD,mature_anchor,Climate,20260828,60,0,0.2916369841407932,11485.886650940338,6.962304479129112,1215.0279529985537,300,0.031178891585002033,6.187591521461949,0.02320768159709704,4.0500931766618455,0.0
PRTD,mature_anchor,Climate,20260829,60,0,2.2660456024546174,87566.61932930781,10.034955093130687,1730.643088546032,300,0.08691078955754222,17.084751420424375,0.033449850310435625,5.76881029515344,0.0
PRTD,mature_anchor,Climate,20260830,60,0,1.2077741041948247,46678.94795123806,7.686250224573212,1333.5531276329814,300,0.06345008810592319,12.473832336968199,0.025620834081910706,4.445177092109938,0.0
PRTD,mature_anchor,Climate,20260831,60,0,1.1781913914605195,45910.10352372787,7.6471968256361915,1329.7979161119717,300,0.06266821074677122,12.370678171079637,0.02549065608545397,4.432659720373239,0.0
PRTD,mature_anchor,Climate,20260832,60,0,0.2474816288478036,9837.40622867823,6.502155015440633,1135.0323243257576,300,0.028721747210537385,5.726373555365917,0.021673850051468775,3.7834410810858587,0.0
PRTD,mature_anchor,Climate,20260833,60,0,1.3369163636513117,51677.80716269859,8.91033637696931,1535.9797729186548,300,0.06675618232671567,13.1247612248374,0.029701121256564367,5.119932576395516,0.0
PRTD,mature_anchor,Climate,20260834,60,0,0.2067121972008833,8080.639694651165,6.039703044566016,1052.4342524825233,300,0.02624958394596527,5.189938886811406,0.02013234348188672,3.5081141749417446,0.0
PRTD,mature_anchor,Climate,20260835,60,0,0.20824891875183163,8154.210910306152,5.935873202153461,1027.6129371269974,300,0.026346974446909564,5.213511583793963,0.019786244007178204,3.425376457089991,0.0
PRTD,mature_anchor,Climate,20260836,60,0,0.2421477817320753,9418.614094956834,6.293772516921016,1088.0510100239126,300,0.028410548612095667,5.603158066351759,0.020979241723070054,3.6268367000797084,0.0
PRTD,mature_anchor,Climate,20260837,60,0,0.1476903557203872,5862.104957656321,5.200921025634214,912.0751853438597,300,0.02218786122488204,4.420446794030486,0.01733640341878071,3.0402506178128657,0.0
PRTD,mature_anchor,Traffic,20260808,60,0,0.22408273505050047,11761797.3678176,7.782751590417219,38943.92646586172,360,0.024948988793274684,180.75303415170902,0.021618754417825608,108.17757351628255,0.0
PRTD,mature_anchor,Traffic,20260809,60,0,1.586634089598557,82996290.85332161,11.725360486771052,58603.446042103176,360,0.06638762622320177,480.1512807130038,0.03257044579658626,162.78735011695326,0.0
PRTD,mature_anchor,Traffic,20260810,60,0,2.7903634772328627,145807666.5237108,13.55901604436502,67846.78456641096,360,0.08803981859920075,636.4128344865435,0.0376639334565695,188.46329046225267,0.0
PRTD,mature_anchor,Traffic,20260811,60,0,1.3518569777133964,71865254.58304514,11.324330934488168,56767.66707872997,360,0.06127934620592897,446.7949274277019,0.03145647481802269,157.68796410758327,0.0
PRTD,mature_anchor,Traffic,20260812,60,0,0.2521626651823749,13243704.782690626,8.39870792154864,42071.370103039095,360,0.026466050852532178,191.80216067815113,0.023329744226524,116.86491695288638,0.0
PRTD,mature_anchor,Traffic,20260813,60,0,0.23842891271255182,12525348.031315451,8.030729104858553,40209.30522282344,360,0.025735239173410532,186.5278355107374,0.022307580846829315,111.69251450784289,0.0
PRTD,mature_anchor,Traffic,20260814,60,0,0.21721644854598054,11406794.051068246,7.588898518258965,38038.14997849569,360,0.024563774623189222,178.00432306757364,0.02108027366183046,105.66152771804359,0.0
PRTD,mature_anchor,Traffic,20260815,60,0,0.3024684417401368,15907323.049466997,8.607327920613555,43129.593263777715,360,0.028986033118466287,210.20706094406452,0.02390924422392654,119.80442573271587,0.0
PRTD,mature_anchor,Traffic,20260816,60,0,0.1985778240900241,10396294.242997205,7.572997136844627,37895.85416096865,360,0.023486274010935275,169.93703280755693,0.02103610315790174,105.26626155824626,0.0
PRTD,mature_anchor,Traffic,20260817,60,0,0.26123275262437157,13732701.467849214,8.290485786264805,41531.30191540331,360,0.02693782721504648,195.31101598795655,0.023029127184068902,115.36472754278697,0.0
PRTD,mature_anchor,Traffic,20260818,60,0,1.2582743495779989,66368957.55309705,9.707358492695803,48594.87079864092,360,0.05912027170612084,429.36955577365933,0.026964884701932788,134.985752218447,0.0
PRTD,mature_anchor,Traffic,20260819,60,0,1.698950235233743,87889604.5139334,11.39379398553178,56895.184477495524,360,0.06869720670436767,494.1030158949464,0.031649427737588276,158.04217910415423,0.0
PRTD,mature_anchor,Traffic,20260820,60,0,1.3665322566952798,72182973.11392814,11.007672563224483,55095.69224904104,360,0.06161106179303085,447.78148538076067,0.03057686823117912,153.04358958066956,0.0
PRTD,mature_anchor,Traffic,20260821,60,0,2.2628742816155567,118981607.42447793,11.040838463411843,55325.55614007833,360,0.07928279695732578,574.8951774610692,0.030668995731699563,153.6821003891065,0.0
PRTD,mature_anchor,Traffic,20260822,60,0,1.440942660684209,76100446.43395539,12.056077653788641,60385.88769733008,360,0.06326625089177151,459.77182273733285,0.03348910459385734,167.738576937028,0.0
PRTD,mature_anchor,Traffic,20260823,60,0,0.24067513148535624,12662283.855528004,7.813543997171045,39115.88620120444,360,0.025856179762365657,187.54468990030088,0.02170428888103068,108.65523944779011,0.0
PRTD,mature_anchor,Traffic,20260824,60,0,0.2841925073439839,14885319.351823505,8.401463246525875,42064.257075571324,360,0.028096683639018082,203.3423450996394,0.02333739790701632,116.84515854325367,0.0
PRTD,mature_anchor,Traffic,20260825,60,0,0.20089598745586834,10504628.25856779,7.6198725957339875,38150.626851417124,360,0.02362296360746539,170.82014793479743,0.021166312765927744,105.97396347615867,0.0
PRTD,mature_anchor,Traffic,20260826,60,0,1.409035352156679,73239209.63827468,10.650745603453114,53224.42392813724,360,0.0625618660952829,451.0457282750913,0.029585404454036426,147.84562202260346,0.0
PRTD,mature_anchor,Traffic,20260827,60,0,0.23796534043601697,12542222.385637064,8.128633033226846,40805.77717656901,360,0.025710208761200122,186.65343990071446,0.022579536203407906,113.34938104602503,0.0
PRTD,mature_anchor,Traffic,20260828,60,0,1.6634239088673002,86006848.728769,11.622002316137932,58087.52085758049,360,0.06797515699927315,488.782071209112,0.032283339767049814,161.35422460439025,0.0
PRTD,mature_anchor,Traffic,20260829,60,0,0.21575290726780266,11302099.927211646,7.517835830442579,37651.63855947155,360,0.0244808829763032,177.1855581587629,0.020882877306784942,104.58788488742097,0.0
PRTD,mature_anchor,Traffic,20260830,60,0,0.2696081587839118,14141151.377980271,8.311726829766442,41590.70308468444,360,0.02736624841255251,198.1942886410837,0.023088130082684562,115.52973079079013,0.0
PRTD,mature_anchor,Traffic,20260831,60,0,1.4676613271774848,77445014.71912466,11.275821930403781,56554.1267469378,360,0.06385011370340274,463.8157402314602,0.03132172758445495,157.09479651927165,0.0
PRTD,mature_anchor,Traffic,20260832,60,0,0.3311173637235587,17302227.842093136,9.074378888017868,45365.78081285106,360,0.030327717599378676,219.2298884865252,0.025206608022271856,126.01605781347516,0.0
PRTD,mature_anchor,Traffic,20260833,60,0,0.3314727095355031,17446171.57510107,9.219879537454158,46228.17617826666,360,0.030343986661075184,220.13992756566012,0.025610776492928217,128.41160049518516,0.0
PRTD,mature_anchor,Traffic,20260834,60,0,1.409422470855495,73364725.09036066,10.079432445353225,50376.35701842987,360,0.06257045963586205,451.432058042824,0.027998423459314515,139.9343250511941,0.0
PRTD,mature_anchor,Traffic,20260835,60,0,1.3122222624952011,69906195.26184684,9.961394989960624,49950.80751333031,360,0.06037434753489637,440.6629956410594,0.027670541638779512,138.7522430925842,0.0
PRTD,mature_anchor,Traffic,20260836,60,0,0.2283499482481929,12016982.946773874,8.038497084762263,40324.021653890515,360,0.025185420619885147,182.70333381053283,0.022329158568784063,112.01117126080699,0.0
PRTD,mature_anchor,Traffic,20260837,60,0,0.2232932234511795,11750908.5720554,7.821702492267974,39192.36217069517,360,0.024904998575206828,180.66934632126691,0.02172695136741104,108.86767269637546,0.0
PRTD,mature_anchor,Water,20260808,60,0,4.156459128136247,14017541.578155875,20.160496387571047,14919.644470795361,540,0.08773338323343996,161.11613925959836,0.03733425256957602,27.628971242213634,0.0
PRTD,mature_anchor,Water,20260809,60,0,2.3131793836039916,7810754.23163358,16.026723591620502,11958.030688058236,540,0.06544971753332918,120.2678663991772,0.02967911776226019,22.144501274181916,0.0
PRTD,mature_anchor,Water,20260810,60,0,0.7030145111285835,2364138.2731012865,14.255639466826528,10655.241269026243,540,0.03608155656720192,66.16671246991538,0.026399332345975052,19.731928275974525,0.0
PRTD,mature_anchor,Water,20260811,60,0,0.6502019100228043,2309038.264025895,13.01064035612542,9859.346434904597,540,0.0346998214859002,65.39110631602082,0.024093778437269293,18.25804895352703,0.0
PRTD,mature_anchor,Water,20260812,60,0,0.5222047313994121,1861690.3065861037,11.995171859675075,9333.993313882716,540,0.03109735999868478,58.71605097267797,0.022213281221620508,17.28517280348651,0.0
PRTD,mature_anchor,Water,20260813,60,0,2.389127508199913,6917163.810412804,16.901598277226505,12460.909253245867,540,0.06651548842465346,113.17933827282947,0.03129925606893797,23.075757876381235,0.0
PRTD,mature_anchor,Water,20260814,60,0,0.5235887907258525,1761082.923779489,12.50541634282556,9437.57686647726,540,0.03113854318548865,57.10748351718643,0.023158178412639927,17.47699419718011,0.0
PRTD,mature_anchor,Water,20260815,60,0,0.5610109462860572,1900577.7150443494,13.056716225589838,9692.56938112189,540,0.03223211379647625,59.326118710001914,0.024179104121462663,17.94920255763313,0.0
PRTD,mature_anchor,Water,20260816,60,0,2.1791767793985417,8510437.07173473,14.124246230622402,10957.505563419092,540,0.06352568421073278,125.53911203828315,0.026156011538189635,20.291676969294617,0.0
PRTD,mature_anchor,Water,20260817,60,0,2.2100671348562075,6746864.102801766,16.132870465259234,11818.764785391684,540,0.06397434576766209,111.77742519384778,0.02987568604677636,21.886601454429044,0.0
PRTD,mature_anchor,Water,20260818,60,0,1.0129820304556838,3190436.6299083787,15.528242887014866,11271.939283887259,540,0.04331157638544234,76.86492035585422,0.028756005346323825,20.87396163682826,0.0
PRTD,mature_anchor,Water,20260819,60,0,0.49081957319954067,1666148.560864995,12.504547803387046,9261.12682488887,540,0.03014838528934352,55.54691978767264,0.023156570006272307,17.150234860905314,0.0
PRTD,mature_anchor,Water,20260820,60,0,0.3694397960835991,1341614.7167886964,10.87829837967332,8294.131027163376,540,0.02615621858230244,49.844475097615835,0.020144996999395037,15.359501902154399,0.0
PRTD,mature_anchor,Water,20260821,60,0,0.5724988712961149,1924022.4848424806,13.116168318291725,9793.618154494236,540,0.03256045292978593,59.690908868605355,0.02428920058942912,18.136329915730066,0.0
PRTD,mature_anchor,Water,20260822,60,0,4.341473070979767,15536571.020083759,19.917610303318185,15042.51125308628,540,0.08966473635860883,169.6214249880301,0.036884463524663305,27.85650232053015,0.0
PRTD,mature_anchor,Water,20260823,60,0,0.5943147502261399,1916194.808429348,13.336845021490214,9728.668908466272,540,0.03317503384759612,59.56936212935969,0.024697861150907805,18.0160535341968,0.0
PRTD,mature_anchor,Water,20260824,60,0,0.6176993529818584,2141889.2441298193,13.771617330838888,10460.363316144629,540,0.03382140876289965,62.97985045396162,0.02550299505710905,19.371043178045607,0.0
PRTD,mature_anchor,Water,20260825,60,0,0.5995294411734994,2131289.1527086087,13.048302369467217,10063.62567742801,540,0.033320259691017574,62.82381526360208,0.02416352290642077,18.636343847088906,0.0
PRTD,mature_anchor,Water,20260826,60,0,0.5539555378524474,2018592.1330100803,13.312575841953251,10297.551132533083,540,0.03202879311831221,61.14027788330944,0.024652918225839354,19.069539134320525,0.0
PRTD,mature_anchor,Water,20260827,60,0,0.5928191317735529,2042558.1866099935,13.281296137113072,10116.314983423235,540,0.03313326435756159,61.50215573773717,0.024594992846505688,18.733916635968953,0.0
PRTD,mature_anchor,Water,20260828,60,0,0.6036946718383022,2081087.602505601,12.560869429660437,9568.372358556611,540,0.03343580559814367,62.079512969786805,0.023260869314185997,17.71920807140113,0.0
PRTD,mature_anchor,Water,20260829,60,0,0.6361230307807538,2138994.542639679,13.478354980719487,10117.068506110169,540,0.034322086366608766,62.93727834033097,0.024959916630962014,18.735312048352164,0.0
PRTD,mature_anchor,Water,20260830,60,0,0.4282513698169901,1436561.069893351,11.512122105123147,8599.510567217052,540,0.028161287119975273,51.57807942896168,0.02131874463911694,15.925019568920467,0.0
PRTD,mature_anchor,Water,20260831,60,0,4.050048372547688,12221032.771461818,18.086979072979357,13134.788657372614,540,0.08660305756029642,150.43783489991384,0.033494405690702514,24.323682698838173,0.0
PRTD,mature_anchor,Water,20260832,60,0,0.6060571993386423,1886074.3700834936,13.088377899075393,9289.238610130036,540,0.033501166351687095,59.09932584192,0.024237736850139618,17.20229372246303,0.0
PRTD,mature_anchor,Water,20260833,60,0,0.557729864596162,1871468.8160217807,12.965963400174237,9671.588767831647,540,0.03213772055677697,58.87005174647741,0.024011043333655994,17.910349570058607,0.0
PRTD,mature_anchor,Water,20260834,60,0,4.512767221135474,12863538.212322097,19.0674489043577,13728.020740011138,540,0.09141649925169998,154.34172170821387,0.03531009056362537,25.422260629650253,0.0
PRTD,mature_anchor,Water,20260835,60,0,0.6215544187343002,1988325.3962635049,12.938251267719016,9624.810211346368,540,0.03392678442410679,60.68017853594894,0.02395972456985003,17.823722613604385,0.0
PRTD,mature_anchor,Water,20260836,60,0,2.183055286789987,6812085.781152398,14.582947747247424,11032.108531531265,540,0.06358219071042624,112.31639982122263,0.027005458791198932,20.429830613946788,0.0
PRTD,mature_anchor,Water,20260837,60,0,1.913236282918773,6295650.827907089,14.08248582611899,10529.005021767794,540,0.05952335805004018,107.97505565764894,0.026078677455775908,19.49815744771814,0.0
PRTD,onoff,Climate,20260808,40,0,0.1718600604840612,6708.219973991203,4.391630370212105,763.0161811131545,200,0.029313824425009884,5.791467851068157,0.021958151851060523,3.8150809055657726,0.0
PRTD,onoff,Climate,20260809,40,0,0.17194154552268656,6770.195754766865,4.500473620335332,783.554284825671,200,0.029320772970940462,5.818159397424097,0.02250236810167666,3.9177714241283548,0.0
PRTD,onoff,Climate,20260810,40,0,0.1748294381500505,6896.9467579996,4.381323717043122,766.3135057331231,200,0.029565980294085508,5.872370372345225,0.021906618585215608,3.8315675286656155,0.0
PRTD,onoff,Climate,20260811,40,0,1.3101190378846812,50604.6497184751,6.537561507285257,1128.3787970887277,200,0.08093574729020178,15.906704517038579,0.032687807536426285,5.641893985443638,0.0
PRTD,onoff,Climate,20260812,40,0,1.0271672750807255,40232.97009379391,5.763449297708876,1003.2703041483161,200,0.07166474988028373,14.183259514969384,0.02881724648854438,5.016351520741581,0.0
PRTD,onoff,Climate,20260813,40,0,0.142254437405362,5576.743639379847,4.105331919282571,716.646066040361,200,0.02666968666907825,5.280503593114887,0.020526659596412852,3.583230330201805,0.0
PRTD,onoff,Climate,20260814,40,0,0.14273720364069953,5569.377368845586,3.984028482779213,691.0330413471762,200,0.026714902549017424,5.277014955846528,0.019920142413896065,3.455165206735881,0.0
PRTD,onoff,Climate,20260815,40,0,0.12462867293176136,4903.4972377656,3.806503997947812,664.9511341913203,200,0.02496283967538162,4.951513525057566,0.01903251998973906,3.3247556709566015,0.0
PRTD,onoff,Climate,20260816,40,0,0.21783836047665925,8507.631855613396,4.524090588450752,784.3235739579499,200,0.0330029059687673,6.52212843158328,0.02262045294225376,3.9216178697897495,0.0
PRTD,onoff,Climate,20260817,40,0,0.1602282728626727,6185.788410805465,4.1780495515125535,722.3843783300616,200,0.028304440717197777,5.561379509980174,0.020890247757562767,3.611921891650308,0.0
PRTD,onoff,Climate,20260818,40,0,1.1407144529908,44461.4373157865,6.526118925572754,1126.273220973915,200,0.0755219985497868,14.909969368812684,0.03263059462786377,5.631366104869574,0.0
PRTD,onoff,Climate,20260819,40,0,0.1547858745553082,6128.556014540931,4.067980815751542,709.6167138336546,200,0.027819586135967966,5.535592115817842,0.02033990407875771,3.5480835691682726,0.0
PRTD,onoff,Climate,20260820,40,0,0.183511426468209,7193.249499847694,4.562487450598273,793.50485008169,200,0.03029120552802488,5.9971866320165885,0.022812437252991365,3.9675242504084505,0.0
PRTD,onoff,Climate,20260821,40,0,1.0949448333291487,42340.03848192836,5.670897757626065,988.1388278973362,200,0.07399137900219013,14.549920701146167,0.028354488788130325,4.9406941394866815,0.0
PRTD,onoff,Climate,20260822,40,0,0.13741353795250424,5439.673619601208,4.031614018942354,702.6128614622804,200,0.026211976075117292,5.215205470353593,0.02015807009471177,3.513064307311402,0.0
PRTD,onoff,Climate,20260823,40,0,0.0954248464682388,3757.3586032743224,3.3491573861554023,586.591621755829,200,0.021843173586756894,4.334373428348279,0.01674578693077701,2.932958108779145,0.0
PRTD,onoff,Climate,20260824,40,0,0.1435462038787652,5636.354600115348,4.121824538202829,714.3941087912262,200,0.026790502410254012,5.308650770259496,0.020609122691014146,3.571970543956131,0.0
PRTD,onoff,Climate,20260825,40,0,0.1744896591874375,6848.046876650046,4.218287315025091,739.0154688762761,200,0.02953723575315042,5.851515562933267,0.021091436575125452,3.6950773443813807,0.0
PRTD,onoff,Climate,20260826,40,0,0.18368446421885037,7202.7073051577045,4.328721156784809,752.5268094911502,200,0.030305483350282533,6.001127937795404,0.021643605783924044,3.7626340474557507,0.0
PRTD,onoff,Climate,20260827,40,0,0.1316871991744349,5114.892586989174,3.974847198353483,689.2351444598065,200,0.02566000771379803,5.057120023782891,0.019874235991767415,3.446175722299033,0.0
PRTD,onoff,Climate,20260828,40,0,0.2068618923628437,8100.315592744241,4.7772413426236,830.5969926854967,200,0.03216068192396142,6.364085006009993,0.023886206713118,4.152984963427484,0.0
PRTD,onoff,Climate,20260829,40,0,1.1758530067963946,45382.31904292654,5.800816719424413,1004.2913434724474,200,0.07667636555016137,15.063585071775998,0.029004083597122064,5.021456717362237,0.0
PRTD,onoff,Climate,20260830,40,0,0.17997273939425482,7053.625598058488,4.613839859661144,802.1773468015454,200,0.02999772819683641,5.938697499476837,0.02306919929830572,4.010886734007727,0.0
PRTD,onoff,Climate,20260831,40,0,0.9900465036654292,38307.17273146109,5.550708445135587,963.5764995725164,200,0.07035788881374389,13.839648249045402,0.027753542225677937,4.817882497862581,0.0
PRTD,onoff,Climate,20260832,40,0,0.1485871222457233,5934.278761887777,4.162714835535738,731.0879282644667,200,0.027256845217827695,5.447145473497002,0.02081357417767869,3.6554396413223333,0.0
PRTD,onoff,Climate,20260833,40,0,1.267637142915,49282.55530016555,6.661770662720304,1148.8709686746624,200,0.0796127233209303,15.697540460238596,0.03330885331360152,5.744354843373312,0.0
PRTD,onoff,Climate,20260834,40,0,0.15035114456875945,5872.82881040989,4.302098732998531,747.1498785639668,200,0.027418164104180957,5.418869259545708,0.021510493664992657,3.735749392819834,0.0
PRTD,onoff,Climate,20260835,40,0,0.15040578680636524,5842.434874511127,3.9207781177132244,675.6766668019189,200,0.027423145954317975,5.4048288014104235,0.019603890588566122,3.3783833340095946,0.0
PRTD,onoff,Climate,20260836,40,0,0.1716345397481349,6679.3891911120845,4.506103605185111,776.6399330605699,200,0.029294584802326086,5.779009080764662,0.022530518025925556,3.8831996653028495,0.0
PRTD,onoff,Climate,20260837,40,0,0.1171464568350926,4575.194391906473,3.846945619695983,667.9233372963851,200,0.024201906622732496,4.782883226625167,0.019234728098479915,3.3396166864819254,0.0
PRTD,onoff,Traffic,20260808,40,0,0.1376675872545427,7190014.585629131,5.133259233325134,25672.0913678895,240,0.023950259850238118,173.084933217158,0.021388580138854727,106.96704736620626,0.0
PRTD,onoff,Traffic,20260809,40,0,0.21039034779180343,11018217.252639813,6.067713087821984,30327.50648513841,240,0.02960787815991741,214.26441270697728,0.025282137865924932,126.36461035474336,0.0
PRTD,onoff,Traffic,20260810,40,0,2.7905147424475447,145043412.83687016,10.153553959832141,50721.773178724034,240,0.10782923889278874,777.3979376657485,0.042306474832633924,211.3407215780168,0.0
PRTD,onoff,Traffic,20260811,40,0,0.13369593439024835,7035539.163538018,5.022239813828915,25169.409816136187,240,0.023602253987547492,171.2154972972416,0.02092599922428715,104.87254090056744,0.0
PRTD,onoff,Traffic,20260812,40,0,0.16579341791204966,8671732.253132042,5.440392865321331,27200.261062699727,240,0.026283186792451053,190.0847645693455,0.022668303605505546,113.3344210945822,0.0
PRTD,onoff,Traffic,20260813,40,0,1.3535826624132774,70549422.5596888,7.041632633337828,35184.57237741084,240,0.07509945246175449,542.1770258246256,0.02934013597224095,146.6023849058785,0.0
PRTD,onoff,Traffic,20260814,40,0,0.1658911849470056,8732372.200271644,5.256182286746731,26359.70677913411,240,0.026290935141461275,190.74822192565392,0.02190075952811138,109.83211157972546,0.0
PRTD,onoff,Traffic,20260815,40,0,0.13549673570483303,7098164.820007811,4.412110631078879,22113.071824628678,240,0.023760676171007234,171.9758318777163,0.018383794296161996,92.13779926928616,0.0
PRTD,onoff,Traffic,20260816,40,0,0.10929782371473169,5721539.023758398,4.543701724417216,22765.38717836856,240,0.02134028113243549,154.40124977579248,0.018932090518405068,94.855779909869,0.0
PRTD,onoff,Traffic,20260817,40,0,1.513654672146625,80107258.2094271,7.835261209259086,39231.16638424626,240,0.07941595851765314,577.7371742750155,0.03264692170524619,163.46319326769273,0.0
PRTD,onoff,Traffic,20260818,40,0,0.1405465981060634,7372897.195445563,4.765921950248299,23866.98802304844,240,0.024199397212367312,175.27237369597975,0.01985800812603458,99.4457834293685,0.0
PRTD,onoff,Traffic,20260819,40,0,1.6131872832996028,84215596.42898169,8.767501892805859,43805.29745288389,240,0.08198544797959582,592.3667094411117,0.03653125788669108,182.52207272034954,0.0
PRTD,onoff,Traffic,20260820,40,0,0.16482492413453073,8620444.56689988,5.545922154123656,27722.811560471877,240,0.026206306821588032,189.5218167619483,0.023108008975515234,115.51171483529949,0.0
PRTD,onoff,Traffic,20260821,40,0,1.1733543572245748,60613033.35062869,6.619545918975886,33096.086386275245,240,0.06992121629688465,502.5478142700648,0.027581441329066193,137.9003599428135,0.0
PRTD,onoff,Traffic,20260822,40,0,0.24563770966665394,12904200.726757994,6.411401317872959,32131.697435770555,240,0.03199203739908403,231.8782073161648,0.026714172157803993,133.88207264904398,0.0
PRTD,onoff,Traffic,20260823,40,0,0.1841488388445438,9663234.565560972,5.144264816751029,25765.2890251388,240,0.02769994275299017,200.65761225656018,0.02143443673646262,107.35537093807834,0.0
PRTD,onoff,Traffic,20260824,40,0,0.21425672771888285,11257970.034769243,5.659235378331857,28378.262731682516,240,0.029878694173195476,216.58302906323289,0.023580147409716073,118.24276138201049,0.0
PRTD,onoff,Traffic,20260825,40,0,0.14493954018716979,7621783.134474112,5.166883504305577,25931.248911323255,240,0.024574677022900508,178.20614390916904,0.021528681267939904,108.0468704638469,0.0
PRTD,onoff,Traffic,20260826,40,0,0.19453575218450805,10158070.502025932,5.923782255439775,29583.57260641792,240,0.02847043438555367,205.7311200534362,0.024682426064332397,123.26488586007467,0.0
PRTD,onoff,Traffic,20260827,40,0,0.16179372992442517,8480431.246992413,5.165541217614368,25875.275316823765,240,0.025964216555709352,187.97640861502202,0.02152308840672653,107.81364715343236,0.0
PRTD,onoff,Traffic,20260828,40,0,1.5916754291404231,83025223.14074527,8.866823124480842,44369.30275430382,240,0.0814369753536547,588.165308185637,0.036945096352003506,184.87209480959925,0.0
PRTD,onoff,Traffic,20260829,40,0,0.1316081355920118,6942764.330545053,4.571874891181205,22964.917273144423,240,0.023417242186760216,170.0828760063881,0.01904947871325502,95.68715530476842,0.0
PRTD,onoff,Traffic,20260830,40,0,0.2313631112000053,12129815.718306888,6.0313558901625255,30169.16422691189,240,0.03104855815224526,224.81303081956506,0.025130649542343855,125.7048509454662,0.0
PRTD,onoff,Traffic,20260831,40,0,1.4067164189337844,73489604.62208846,8.751224254632913,43820.3636286752,240,0.07655924772504039,553.3594545368937,0.0364634343943038,182.58484845281333,0.0
PRTD,onoff,Traffic,20260832,40,0,1.5998506895687727,84630609.02257407,8.382223223117867,42011.15040512713,240,0.08164584827086975,593.8245006683866,0.03492593009632445,175.04646002136306,0.0
PRTD,onoff,Traffic,20260833,40,0,0.28013948589821674,14715590.406509044,6.644297396168294,33304.83038798415,240,0.03416500926253696,247.61857770999538,0.027684572484034557,138.7701266166006,0.0
PRTD,onoff,Traffic,20260834,40,0,0.16146616035562608,8476665.088268977,5.163813152582056,25876.422679937838,240,0.02593791950308355,187.93466382705296,0.021515888135758564,107.81842783307432,0.0
PRTD,onoff,Traffic,20260835,40,0,1.085590255942964,57020986.91504314,6.4959700478817295,32492.06921417133,240,0.06725542902320736,487.42942615249075,0.02706654186617387,135.38362172571388,0.0
PRTD,onoff,Traffic,20260836,40,0,0.20429548737315076,10705935.072115447,5.800026964793251,29051.318122913686,240,0.029175866694720966,211.20620919016804,0.02416677901997188,121.04715884547369,0.0
PRTD,onoff,Traffic,20260837,40,0,0.1893379500633294,9921383.998972323,5.69663280583741,28523.483900264495,240,0.02808750834915537,203.320190821566,0.023735970024322543,118.8478495844354,0.0
PRTD,onoff,Water,20260808,40,0,0.5577743083064697,1881342.2193546952,10.054728288788743,7502.901283868152,360,0.03936207665544442,72.29073667710544,0.027929800802190954,20.84139245518931,0.0
PRTD,onoff,Water,20260809,40,0,2.228365143567079,7645283.080505527,12.35743632488103,9067.726704785178,360,0.07867593772288461,145.72884905141015,0.03432621201355842,25.188129735514384,0.0
PRTD,onoff,Water,20260810,40,0,0.43283147192354665,1370036.6321198165,9.003918590916577,6639.894119795062,360,0.03467433696888917,61.69000981880239,0.02501088497476827,18.44415033276406,0.0
PRTD,onoff,Water,20260811,40,0,0.4537737530025444,1501546.3709748122,9.208460108534556,6832.041833698348,360,0.03550327657032925,64.58298647164514,0.025579055857040435,18.97789398249541,0.0
PRTD,onoff,Water,20260812,40,0,0.3403663075578381,1180128.9406123732,8.269584877174985,6320.061848899155,360,0.030748365248228063,57.25500804423558,0.02297106910326385,17.555727358053208,0.0
PRTD,onoff,Water,20260813,40,0,2.118332972012013,6150338.498600375,12.45732293291038,9125.293099085084,360,0.0767089190093885,130.7068231089076,0.03460367481363994,25.348036386347456,0.0
PRTD,onoff,Water,20260814,40,0,0.3756143511149266,1358082.96736712,8.653774482057987,6657.682794643738,360,0.032301287861964,61.42029540087616,0.024038262450161073,18.49356331845483,0.0
PRTD,onoff,Water,20260815,40,0,0.4403647039060139,1483814.448856956,9.290660588731336,6969.6328449352095,360,0.03497478075167615,64.20052026565232,0.025807390524253713,19.360091235931137,0.0
PRTD,onoff,Water,20260816,40,0,0.3410853249190858,1179350.159101458,8.489430080033975,6471.074986187875,360,0.03078082578304795,57.23611328672411,0.023581750222316598,17.97520829496632,0.0
PRTD,onoff,Water,20260817,40,0,0.3324452169693151,1224322.537611658,7.8710294355849255,6001.0147948535005,360,0.03038846715492368,58.31720104574774,0.02186397065440257,16.669485541259725,0.0
PRTD,onoff,Water,20260818,40,0,0.5446332230156621,1735566.6071491088,10.21017669575329,7418.915887981399,360,0.038895630396387645,69.43355351119493,0.02836160193264803,20.608099688837218,0.0
PRTD,onoff,Water,20260819,40,0,0.4188163725922664,1336482.7440220588,8.975633444976031,6477.609386319173,360,0.034108339343279316,60.929894688305026,0.02493231512493342,17.993359406442146,0.0
PRTD,onoff,Water,20260820,40,0,0.34171192121123584,1154214.9353355046,8.120883999567742,6074.062594648349,360,0.0308090860160168,56.62289817868898,0.022558011109910393,16.872396096245414,0.0
PRTD,onoff,Water,20260821,40,0,0.3281449470359996,1110093.0328072896,8.28259072248098,6219.2354409883765,360,0.030191285858119154,55.53009776506815,0.023007196451336056,17.27565400274549,0.0
PRTD,onoff,Water,20260822,40,0,4.102105278123435,12541566.665651457,15.208920046811095,10954.878229265143,360,0.106746132874574,186.64856062226988,0.04224700013003082,30.430217303514286,0.0
PRTD,onoff,Water,20260823,40,0,0.36259193427865044,1161753.9229594993,8.589842032293477,6309.994198407684,360,0.03173641154007012,56.80751913649331,0.023860672311926324,17.527761662243567,0.0
PRTD,onoff,Water,20260824,40,0,0.6694378766695636,2162704.415373938,10.695605494062505,8005.164692140739,360,0.04312249595530684,77.508143216875,0.029710015261284736,22.23656858927983,0.0
PRTD,onoff,Water,20260825,40,0,0.4718004274095172,1711975.857654741,9.485064418851463,7358.787724247184,360,0.03620161243376066,68.96004998174952,0.026347401163476288,20.441077011797734,0.0
PRTD,onoff,Water,20260826,40,0,0.39058832698586843,1394878.0171890582,8.712417604921793,6631.676477550145,360,0.03293884598708257,62.24677629290127,0.024201160013671646,18.421323548750404,0.0
PRTD,onoff,Water,20260827,40,0,0.3359712001576939,1215104.8383403865,7.806687638651972,6193.798829064647,360,0.030549195304809124,58.09725654118433,0.021685243440699924,17.204996747401797,0.0
PRTD,onoff,Water,20260828,40,0,0.4673305494669762,1581077.3475093606,9.252776449656201,6894.730360236529,360,0.03602971572446895,66.27127221397923,0.02570215680460056,19.152028778434804,0.0
PRTD,onoff,Water,20260829,40,0,2.1262430472058558,6860161.926942638,11.288891548516036,8504.41367453122,360,0.07685200509214403,138.04349080133565,0.03135803207921121,23.62337131814228,0.0
PRTD,onoff,Water,20260830,40,0,0.32651295097048116,1071961.1328186875,8.465169761638197,6180.534369408795,360,0.030116115608797355,54.568029223944336,0.023514360448994992,17.168151026135543,0.0
PRTD,onoff,Water,20260831,40,0,0.28342313807757014,997237.5399384219,7.529049596923439,5658.08944297622,360,0.028058626029439093,52.63178011056369,0.020914026658120664,15.71691511937839,0.0
PRTD,onoff,Water,20260832,40,0,0.3242915495814879,1019161.7970718652,8.347574349351445,6022.863212538682,360,0.030013494630725317,53.20718928741014,0.023187706525976237,16.73017559038523,0.0
PRTD,onoff,Water,20260833,40,0,0.28231378909111665,978350.1536660697,7.878790608838207,5917.314345945826,360,0.028003659933971956,52.13098230168968,0.02188552946899502,16.43698429429396,0.0
PRTD,onoff,Water,20260834,40,0,2.252059101240539,6554819.14930152,12.044304757128184,8757.702062950479,360,0.07909310795302056,134.93639601783502,0.033456402103133845,24.32695017486244,0.0
PRTD,onoff,Water,20260835,40,0,1.9949992903977403,7029391.004851957,10.339327246732603,7854.183622797803,360,0.07444235820787301,139.7357725301176,0.02872035346314612,21.817176729993896,0.0
PRTD,onoff,Water,20260836,40,0,2.195146859623273,7013529.8579894705,11.303930534565582,8605.201135504956,360,0.07808732397527912,139.57803331220885,0.03139980704045995,23.903336487513766,0.0
PRTD,onoff,Water,20260837,40,0,0.3667349923899198,1192778.3958011754,7.998579912873201,5967.325802837595,360,0.03191721028213809,57.56103996341563,0.022218277535758894,16.57590500788221,0.0
QE,clean,Climate,20260808,80,0,0.0012996734639822748,76.19329849160559,0.5221453884928597,109.52841083244982,400,0.0018025492115211965,0.43644386377747824,0.0013053634712321494,0.27382102708112455,0.0
QE,clean,Climate,20260809,80,0,0.0014415485538231323,83.01730269995913,0.5319722914178154,110.9542417418606,400,0.001898386521380151,0.45556915693437566,0.0013299307285445385,0.2773856043546515,0.0
QE,clean,Climate,20260810,80,0,0.0016064532947017373,99.19370160073257,0.5744311219593753,124.29409381661799,400,0.0020040292504737408,0.4979801743059973,0.0014360778048984383,0.31073523454154495,0.0
QE,clean,Climate,20260811,80,0,0.0014395317382003075,105.06179951465396,0.5288633102343712,119.48379702677383,400,0.0018970580764701877,0.5124982914963082,0.001322158275585928,0.2987094925669346,0.0
QE,clean,Climate,20260812,80,0,0.0013739648162165523,86.64096377665574,0.5364794344634191,115.0780214861432,400,0.0018533515696007006,0.4654056396753689,0.0013411985861585477,0.287695053715358,0.0
QE,clean,Climate,20260813,80,0,0.0015170505852117914,102.4476316282557,0.5467096034731834,121.1014515591184,400,0.0019474666782847603,0.5060820872848981,0.0013667740086829585,0.302753628897796,0.0
QE,clean,Climate,20260814,80,0,0.0014521277564659002,94.69303533760271,0.5429320815349882,117.87490993033559,400,0.0019053397049252792,0.48655173244374206,0.0013573302038374705,0.29468727482583895,0.0
QE,clean,Climate,20260815,80,0,0.0010764525238113095,70.99327637267537,0.4636956252691823,100.03544363150596,400,0.0016404667962285227,0.4212875394925518,0.0011592390631729556,0.2500886090787649,0.0
QE,clean,Climate,20260816,80,0,0.0012203972964700098,77.62305526301087,0.4942581357250267,105.96082149510804,400,0.0017467092606312663,0.4405197363995479,0.0012356453393125668,0.2649020537377701,0.0
QE,clean,Climate,20260817,80,0,0.0012029620295681263,77.40989496048736,0.4836306260933269,106.89591035071909,400,0.0017341871507770767,0.4399144660058571,0.0012090765652333173,0.2672397758767977,0.0
QE,clean,Climate,20260818,80,0,0.0013229485148552934,82.78708016607101,0.5279506484302549,111.71584842667397,400,0.0018186179607433315,0.45493702906575706,0.001319876621075637,0.2792896210666849,0.0
QE,clean,Climate,20260819,80,0,0.0012897226316486343,83.76228826461092,0.5072236138534019,112.41992057077589,400,0.0017956354248904718,0.45760869819260136,0.0012680590346335046,0.2810498014269397,0.0
QE,clean,Climate,20260820,80,0,0.001368570893550387,84.03800428566144,0.5138538845761051,109.43096039628526,400,0.0018497100404863372,0.4583612229608364,0.0012846347114402628,0.27357740099071315,0.0
QE,clean,Climate,20260821,80,0,0.0015420889104535282,101.65555370999425,0.5498635142487366,118.50264759495782,400,0.001963471995250714,0.504121894262673,0.0013746587856218414,0.2962566189873945,0.0
QE,clean,Climate,20260822,80,0,0.0014869355240858708,87.5429409769336,0.551006385223592,115.958292697496,400,0.0019280401474592475,0.4678219238581428,0.00137751596305898,0.28989573174374,0.0
QE,clean,Climate,20260823,80,0,0.0012711269204618515,81.40785679542849,0.5058335265979333,109.26880138591125,400,0.0017826433465936557,0.45113151296331677,0.0012645838164948334,0.2731720034647781,0.0
QE,clean,Climate,20260824,80,0,0.0013242082735920328,83.10829632289632,0.5308854850020827,111.84142441885967,400,0.0018194836311382638,0.4558187587268001,0.0013272137125052066,0.2796035610471492,0.0
QE,clean,Climate,20260825,80,0,0.0012759419346412898,77.27539087029837,0.5144617103361798,108.78729510059472,400,0.0017860164715374897,0.43953211165482087,0.0012861542758404495,0.2719682377514868,0.0
QE,clean,Climate,20260826,80,0,0.0013906430374176952,82.11855495514851,0.509965150914364,105.432527283549,400,0.0018645663285451225,0.45309644380404407,0.00127491287728591,0.26358131820887254,0.0
QE,clean,Climate,20260827,80,0,0.0015615622925925865,90.72702474584501,0.5696125950651072,118.09928815756939,400,0.0019758303903628636,0.4762536738594386,0.0014240314876627679,0.29524822039392346,0.0
QE,clean,Climate,20260828,80,0,0.0015143474978939343,94.13737884777876,0.558977839545697,119.40552159084406,400,0.001945730902446388,0.48512209506416726,0.0013974445988642426,0.29851380397711014,0.0
QE,clean,Climate,20260829,80,0,0.001402728447840458,87.06134928331447,0.5300963460965772,113.19984701484934,400,0.0018726508269298753,0.4665333570156438,0.001325240865241443,0.2829996175371233,0.0
QE,clean,Climate,20260830,80,0,0.0013666138937250486,83.1934121141257,0.5266222329874775,112.01176784276184,400,0.0018483870629044722,0.45605211356303815,0.0013165555824686936,0.2800294196069046,0.0
QE,clean,Climate,20260831,80,0,0.001368478911556371,90.01449538231111,0.53077806239038,114.03293181399039,400,0.0018496478797033037,0.4743798461736942,0.0013269451559759498,0.285082329534976,0.0
QE,clean,Climate,20260832,80,0,0.0014619630624973946,85.21044629406835,0.5499913221803465,114.28090892018459,400,0.0019117812783484116,0.4615475227267186,0.0013749783054508662,0.28570227230046147,0.0
QE,clean,Climate,20260833,80,0,0.001336661061159317,80.52792570647024,0.5302702090294414,111.17891337222821,400,0.001828018778048599,0.4486867663149601,0.0013256755225736036,0.2779472834305705,0.0
QE,clean,Climate,20260834,80,0,0.0012385354194730056,74.997084005821,0.5103883291195911,107.59064023035181,400,0.0017596415966561242,0.43300428406027636,0.0012759708227989778,0.2689766005758795,0.0
QE,clean,Climate,20260835,80,0,0.0012723736294516525,76.5360779313902,0.5028338138244541,106.32806632556256,400,0.0017835173320237545,0.43742450186115034,0.0012570845345611353,0.2658201658139064,0.0
QE,clean,Climate,20260836,80,0,0.001264371482787849,79.31963645706814,0.5089486711534106,107.15383585006535,400,0.0017779000835169627,0.4453078610833974,0.0012723716778835264,0.26788458962516337,0.0
QE,clean,Climate,20260837,80,0,0.0012310635570076094,84.33592239260629,0.4997116797949319,109.7383969954219,400,0.0017543257657912407,0.45917295867844365,0.0012492791994873297,0.27434599248855474,0.0
QE,clean,Traffic,20260808,80,0,4.0547077221372075e-05,2332.32333000738,0.08629545148273911,437.69211047070394,480,0.00029064252535464447,2.2043155258527247,0.0001797821905890398,0.9118585634806332,0.0
QE,clean,Traffic,20260809,80,0,5.232519740353933e-05,2624.555555492069,0.09258213766066975,453.57404494371633,480,0.00033016787839527977,2.3383378870346796,0.00019287945345972864,0.9449459269660757,0.0
QE,clean,Traffic,20260810,80,0,5.259164447283882e-05,2329.947704462112,0.0958283943646345,454.0580573286334,480,0.0003310074409814391,2.203192619275355,0.0001996424882596552,0.9459542861013196,0.0
QE,clean,Traffic,20260811,80,0,5.6161566034095544e-05,3171.653560686831,0.09405844220549016,452.43043545397416,480,0.0003420573966033075,2.570527491540254,0.00019595508792810448,0.9425634071957795,0.0
QE,clean,Traffic,20260812,80,0,4.423627098678807e-05,1733.3288999375604,0.08994893799172962,415.32109047823315,480,0.0003035768401725366,1.9002899449478539,0.00018739362081610339,0.8652522718296524,0.0
QE,clean,Traffic,20260813,80,0,5.740596274709729e-05,2302.058387028765,0.09603593965029275,456.23532030169065,480,0.0003458261929396317,2.1899668885571293,0.00020007487427144323,0.9504902506285222,0.0
QE,clean,Traffic,20260814,80,0,4.717067872078747e-05,2725.067415814471,0.08688565592190753,401.19921269044414,480,0.00031348404638031246,2.3826925489762236,0.0001810117831706407,0.835831693105092,0.0
QE,clean,Traffic,20260815,80,0,4.4621961487530806e-05,2539.6022841830936,0.08617531204475477,438.29254157567715,480,0.0003048973921923393,2.300182186707851,0.00017953190009323912,0.913109461615994,0.0
QE,clean,Traffic,20260816,80,0,4.324538019606491e-05,2243.0837830176333,0.08749510401854248,431.1369339286759,480,0.0003001575287663717,2.1617333819460876,0.00018228146670529682,0.8982019456847414,0.0
QE,clean,Traffic,20260817,80,0,3.9079883961637696e-05,2521.7343666592305,0.08139345268156935,428.559216007211,480,0.0002853356355593856,2.2920761906780927,0.00016956969308660281,0.8928317000150229,0.0
QE,clean,Traffic,20260818,80,0,5.2204468999925664e-05,3045.262016076945,0.09105505886308757,467.66430301240246,480,0.00032978676507178364,2.518788571283221,0.0001896980392980991,0.9743006312758384,0.0
QE,clean,Traffic,20260819,80,0,5.5190766094573885e-05,2437.4163394600496,0.0926578994143848,434.759404041857,480,0.0003390881341141694,2.2534308747348866,0.00019303729044663502,0.9057487584205355,0.0
QE,clean,Traffic,20260820,80,0,5.846647424381429e-05,3427.4468571427146,0.09155695979955142,467.26313234110046,480,0.00034900595220513516,2.6721740747402647,0.00019074366624906547,0.9734648590439593,0.0
QE,clean,Traffic,20260821,80,0,5.17261669517233e-05,2893.4240995386813,0.08959499856156036,444.9957384427988,480,0.00032827252065332883,2.455191820212612,0.00018665624700325075,0.9270744550891642,0.0
QE,clean,Traffic,20260822,80,0,5.4772932068169245e-05,3415.07556582755,0.09465416080032145,490.2826112166709,480,0.0003378021242414252,2.6673471394141273,0.00019719616833400303,1.0214221067013978,0.0
QE,clean,Traffic,20260823,80,0,6.422581524516261e-05,2694.2880181884575,0.0982381171623213,460.9195751591323,480,0.00036579199247763124,2.3691981845959234,0.00020466274408816938,0.960249114914859,0.0
QE,clean,Traffic,20260824,80,0,4.4208308014852536e-05,1290.2697777651397,0.08919499110931473,384.66487509023995,480,0.0003034808753407856,1.6395310417953994,0.00018582289814440567,0.8013851564379999,0.0
QE,clean,Traffic,20260825,80,0,4.599909000990755e-05,2162.269354112121,0.09002863749367251,437.4689583555951,480,0.00030956653165457133,2.1224344091318628,0.00018755966144515108,0.911393663240823,0.0
QE,clean,Traffic,20260826,80,0,4.560903132530345e-05,2500.301024075515,0.086826036624056,433.77803169967564,480,0.0003082512210211808,2.2823147168661886,0.00018088757630011667,0.9037042327076575,0.0
QE,clean,Traffic,20260827,80,0,4.558943614179049e-05,2581.446620430252,0.08774330939609847,429.1290780409779,480,0.000308184996328607,2.3190545040086974,0.0001827985612418718,0.8940189125853706,0.0
QE,clean,Traffic,20260828,80,0,5.057543034904456e-05,3034.1168832316853,0.0892092276345766,461.2346689543239,480,0.00032460049275046215,2.514175180862704,0.0001858525575720346,0.9609055603215082,0.0
QE,clean,Traffic,20260829,80,0,4.993679847489328e-05,2046.270692965169,0.08807317911840065,400.9749256402467,480,0.0003225445656381368,2.064718853422285,0.00018348578983000137,0.8353644284171806,0.0
QE,clean,Traffic,20260830,80,0,4.636733849403085e-05,1613.7470134238636,0.08645263695181894,395.77444367972925,480,0.0003108031883082351,1.8335683637740507,0.00018010966031628946,0.824530090999436,0.0
QE,clean,Traffic,20260831,80,0,4.422382130800034e-05,3052.5733929166163,0.08651430431287886,436.0253125859398,480,0.00030353411844195383,2.52181044131188,0.0001802381339851643,0.9083860678873745,0.0
QE,clean,Traffic,20260832,80,0,5.696804491971302e-05,2036.0444842093168,0.09469087932211456,434.099218847927,480,0.0003445046108778064,2.059553189918324,0.00019727266525440535,0.9043733725998478,0.0
QE,clean,Traffic,20260833,80,0,4.986016508902601e-05,3481.6544021423924,0.091641989638859,454.1583978343189,480,0.00032229698095928675,2.6932223582782733,0.00019092081174762292,0.9461633288214978,0.0
QE,clean,Traffic,20260834,80,0,4.846186300143528e-05,2766.865967985852,0.08992428950394438,466.69959724416856,480,0.0003177455185936121,2.4008965200463193,0.00018734226979988413,0.9722908275920178,0.0
QE,clean,Traffic,20260835,80,0,6.74934388632119e-05,2059.3292303157955,0.09796067854806119,431.37606991900236,480,0.00037498177417712554,2.0712965093932287,0.00020408474697512747,0.8987001456645882,0.0
QE,clean,Traffic,20260836,80,0,5.0310922348528965e-05,1952.1404209421116,0.09031615144524517,429.84132368944626,480,0.00032375055453147156,2.016670327618291,0.00018815864884426077,0.8955027576863464,0.0
QE,clean,Traffic,20260837,80,0,5.3349541622290075e-05,2108.5434503810884,0.094387244570244,438.0999242452521,480,0.00033338398038863684,2.095900487847789,0.000196640092854675,0.9127081755109419,0.0
QE,clean,Water,20260808,80,0,0.0008370211245124313,18448.822643769403,0.5634795803213904,994.8781005312348,720,0.0010782065384705283,5.061952665030863,0.0007826105282241534,1.381775139626715,0.0
QE,clean,Water,20260809,80,0,0.0007130325430576191,19029.539766925278,0.5374916713176038,872.0851494220883,720,0.0009951497256538413,5.141003437360432,0.0007465162101633386,1.2112293741973448,0.0
QE,clean,Water,20260810,80,0,0.0008625883029130379,15653.654656798539,0.5896280572813026,940.3144920667814,720,0.0010945498205204923,4.662744580537444,0.0008189278573351426,1.305992350092752,0.0
QE,clean,Water,20260811,80,0,0.0008620556807584566,19977.837608409453,0.5827639429650442,919.8915584779153,720,0.00109421184265615,5.267541806036898,0.000809394365229228,1.27762716455266,0.0
QE,clean,Water,20260812,80,0,0.0008740240300243462,18445.880797461457,0.5994992978101267,958.224109039839,720,0.001101781404781685,5.061549059859357,0.000832637913625176,1.3308668181108876,0.0
QE,clean,Water,20260813,80,0,0.000664892073755553,18951.85042419665,0.5245576682308524,966.0479838122884,720,0.0009609688931226543,5.130498462922575,0.000728552316987295,1.3417333108504006,0.0
QE,clean,Water,20260814,80,0,0.0007304162720862562,19355.95489663438,0.5381863180243515,966.4375720419733,720,0.0010072075479086943,5.1849079731244965,0.0007474809972560437,1.3422744056138518,0.0
QE,clean,Water,20260815,80,0,0.0007563711001478811,13301.328226047535,0.5465872813378989,799.7720132036102,720,0.0010249465434216836,4.298146924038495,0.0007591490018581929,1.110794462782792,0.0
QE,clean,Water,20260816,80,0,0.0008217183458409665,22903.214459783918,0.5678744266567226,1075.5012499058712,720,0.0010683049566180415,5.640037241280701,0.0007887144814676702,1.4937517359803767,0.0
QE,clean,Water,20260817,80,0,0.0007448112604959192,23207.593145820705,0.543650382289867,994.7300873383317,720,0.001017084108627261,5.677390972804702,0.000755069975402593,1.381569565747683,0.0
QE,clean,Water,20260818,80,0,0.0007588694121857999,11773.76826771078,0.5490494114891363,777.8107127710971,720,0.001026637859570014,4.043816999738747,0.0007625686270682449,1.0802926566265236,0.0
QE,clean,Water,20260819,80,0,0.0008460118813643953,16960.90222735691,0.5719915601725172,933.0905827748736,720,0.0010839817811637766,4.853535685364518,0.0007944327224618294,1.29595914274288,0.0
QE,clean,Water,20260820,80,0,0.0007204627949729676,25151.39064973393,0.5353791804221713,1040.4119413544777,720,0.0010003213337701983,5.910371140082436,0.0007435821950307934,1.4450165852145522,0.0
QE,clean,Water,20260821,80,0,0.0008693241607882214,13702.916423361243,0.5836225872327362,806.7380441811448,720,0.0010988151199184594,4.362548379763771,0.0008105869267121336,1.1204695058071457,0.0
QE,clean,Water,20260822,80,0,0.0008009173432661301,18858.17556268599,0.5726051426614116,980.6679797839305,720,0.0010546967331800817,5.117803288885822,0.0007952849203630717,1.3620388608110146,0.0
QE,clean,Water,20260823,80,0,0.0007679645617743096,22544.015515645166,0.5546502931784957,1042.7078192228034,720,0.0010327717303009235,5.5956351436292096,0.0007703476294145773,1.4482053044761158,0.0
QE,clean,Water,20260824,80,0,0.0007928257723845018,15877.979897364361,0.5652786226876015,841.1514526332818,720,0.0010493554717490093,4.696035546868283,0.0007851091981772244,1.1682659064351135,0.0
QE,clean,Water,20260825,80,0,0.0007112980603094191,21050.848077867227,0.5426933274712344,984.4783323492011,720,0.0009939386161388292,5.407151652861034,0.0007537407325989367,1.3673310171516682,0.0
QE,clean,Water,20260826,80,0,0.0008602377140180302,18455.770385154596,0.5932490014097145,999.0404083856297,720,0.0010930574563136285,5.0629057293046476,0.0008239569464023812,1.387556122757819,0.0
QE,clean,Water,20260827,80,0,0.0007356224867614582,26665.852990621264,0.5446291915560023,938.2881049068778,720,0.0010107907292213373,6.085713346142621,0.0007564294327166699,1.3031779234817749,0.0
QE,clean,Water,20260828,80,0,0.0008391891310395865,13641.513003155402,0.5674428808009108,835.206499480254,720,0.0010796019913733039,4.35276301189438,0.0007881151122234872,1.1600090270559085,0.0
QE,clean,Water,20260829,80,0,0.000761760502122544,23469.270125476814,0.5566547950429525,962.9015184824755,720,0.0010285916086535131,5.709308934328803,0.0007731316597818784,1.3373632201145493,0.0
QE,clean,Water,20260830,80,0,0.0007907513843758898,22201.841259171364,0.5593258041878788,1010.4630272568863,720,0.0010479817802009634,5.553007350772913,0.0007768413947053872,1.40342087119012,0.0
QE,clean,Water,20260831,80,0,0.0007479533601864896,13363.453565960403,0.5469581979810167,815.8881501155942,720,0.0010192272128284863,4.308172718792156,0.0007596641638625232,1.1331779862716584,0.0
QE,clean,Water,20260832,80,0,0.0008501697966804823,25576.29990908962,0.5625561873629918,950.1396358551052,720,0.0010866422522055948,5.960087143878391,0.0007813280380041553,1.3196383831320906,0.0
QE,clean,Water,20260833,80,0,0.0007957796370480204,12761.0442384169,0.5611612163497459,776.4464536851815,720,0.0010513084684810772,4.209949234059338,0.000779390578263536,1.0783978523405298,0.0
QE,clean,Water,20260834,80,0,0.0006798766478340402,15726.506357156435,0.5162330272343281,868.3972679120233,720,0.0009717371671350861,4.67358213156622,0.0007169903156032335,1.2061073165444767,0.0
QE,clean,Water,20260835,80,0,0.0007262626867872571,29620.25648679081,0.5495048559737765,1084.036361167924,720,0.0010043396716715976,6.413988238260403,0.0007632011888524674,1.5056060571776724,0.0
QE,clean,Water,20260836,80,0,0.0007490704578268534,14610.676845618198,0.5490658959154374,901.1369710418935,720,0.0010199880567294058,4.50473159356085,0.0007625915221047742,1.2515791264470744,0.0
QE,clean,Water,20260837,80,0,0.0008173580850297474,19000.189091777524,0.5653011609505089,929.0399710015354,720,0.0010654668284565765,5.137037231357942,0.0007851405013201512,1.290333293057688,0.0
QE,compact,Climate,20260808,80,0,8.99207269349047,348765.016155992,49.71517615900362,8525.076530323813,400,0.14993392455920768,29.528165205274437,0.12428794039750905,21.31269132580953,0.0
QE,compact,Climate,20260809,80,0,8.411522222059965,326563.6523482576,47.404543269347485,8133.62007888495,400,0.1450131220102164,28.57287403938645,0.11851135817336872,20.334050197212374,0.0
QE,compact,Climate,20260810,80,0,8.811486159537587,342577.40441576025,48.700216976317044,8364.534997051847,400,0.14842073776546177,29.265056142768643,0.12175054244079261,20.911337492629617,0.0
QE,compact,Climate,20260811,80,0,8.782436138397273,340598.4724678958,48.785147644289964,8371.718151512214,400,0.14817587639691282,29.180407488068763,0.1219628691107249,20.929295378780534,0.0
QE,compact,Climate,20260812,80,0,8.997516423320445,349149.4840667509,49.16536655849515,8435.418592162598,400,0.14997930209966012,29.54443619646307,0.12291341639623787,21.088546480406492,0.0
QE,compact,Climate,20260813,80,0,8.488729856394794,329802.1409550602,48.13900012407513,8260.953155393461,400,0.1456771246317931,28.714201231927913,0.12034750031018783,20.652382888483654,0.0
QE,compact,Climate,20260814,80,0,8.344145996121556,323667.3909152264,47.47875150393549,8145.583051990687,400,0.14443117734860397,28.44588682548087,0.11869687875983873,20.363957629976717,0.0
QE,compact,Climate,20260815,80,0,8.762857467838867,340290.01271526405,48.530666897527226,8328.216939935674,400,0.14801062012435853,29.16719101641706,0.12132666724381806,20.820542349839183,0.0
QE,compact,Climate,20260816,80,0,8.277392185244631,320415.6320052102,47.499509397721816,8142.9358443432375,400,0.14385228695822525,28.30263379993151,0.11874877349430454,20.357339610858094,0.0
QE,compact,Climate,20260817,80,0,8.713153996933826,337795.89109502576,48.60967553007178,8335.774226388156,400,0.1475902604928068,29.060105432320174,0.12152418882517946,20.83943556597039,0.0
QE,compact,Climate,20260818,80,0,9.307777495518833,360324.57676365867,49.862495251684386,8548.066404553789,400,0.1525432520264239,30.01352098486858,0.12465623812921096,21.370166011384473,0.0
QE,compact,Climate,20260819,80,0,8.743682999873782,338668.79515931616,48.50153542171668,8316.81846766646,400,0.14784859654282978,29.09762856141872,0.1212538385542917,20.792046169166152,0.0
QE,compact,Climate,20260820,80,0,8.743261194049413,338490.78947318817,49.04039802457311,8402.993859333608,400,0.14784503030242016,29.089980640814638,0.12260099506143277,21.00748464833402,0.0
QE,compact,Climate,20260821,80,0,9.203717754550636,356939.81094338093,49.27215829342297,8453.85606496903,400,0.15168814847039497,29.872219993807832,0.12318039573355742,21.134640162422574,0.0
QE,compact,Climate,20260822,80,0,8.542989441173408,331273.83691069344,48.336014321622535,8290.974234176221,400,0.1461419638671026,28.778196473662724,0.12084003580405633,20.727435585440553,0.0
QE,compact,Climate,20260823,80,0,8.134212779913602,314689.66251665173,47.1890762119915,8087.371170601552,400,0.1426027066706099,28.0486034641946,0.11797269052997875,20.218427926503878,0.0
QE,compact,Climate,20260824,80,0,8.652488264457784,335563.4255459124,48.34136800508817,8291.758138846539,400,0.14707556106010428,28.963918309938332,0.12085342001272043,20.72939534711635,0.0
QE,compact,Climate,20260825,80,0,8.776226838512773,340707.8619781948,48.75106928911826,8370.596554471875,400,0.1481234859712731,29.18509302615784,0.12187767322279566,20.926491386179688,0.0
QE,compact,Climate,20260826,80,0,8.886374120168208,344835.44599999813,49.06203145478136,8417.288459762123,400,0.14905011003156127,29.36134559246213,0.12265507863695341,21.04322114940531,0.0
QE,compact,Climate,20260827,80,0,8.474181426922266,328536.9099219842,48.53598310699414,8325.419469862636,400,0.14555223655892638,28.659069677938962,0.12133995776748535,20.81354867465659,0.0
QE,compact,Climate,20260828,80,0,8.997024915358393,348828.27838677535,49.395524999689144,8470.879486323163,400,0.14997520557877553,29.530843129970712,0.12348881249922286,21.177198715807908,0.0
QE,compact,Climate,20260829,80,0,9.340682207266179,361769.80487757205,50.33001084629429,8628.732546619989,400,0.15281264842337314,30.0736514609372,0.12582502711573573,21.571831366549972,0.0
QE,compact,Climate,20260830,80,0,8.876617450443852,343861.36092907534,49.182219631175236,8432.75368815543,400,0.14896826382189474,29.31984656035376,0.1229555490779381,21.081884220388574,0.0
QE,compact,Climate,20260831,80,0,8.739905856944679,338886.6993832843,48.852683838523035,8376.362779394169,400,0.1478166588797139,29.106987966091765,0.12213170959630759,20.94090694848542,0.0
QE,compact,Climate,20260832,80,0,8.458626097442302,328706.3092492029,48.444654432767756,8317.738286043183,400,0.14541858630727283,28.666457282388546,0.12111163608191938,20.794345715107955,0.0
QE,compact,Climate,20260833,80,0,9.031744436725488,350422.26317506447,49.19967460449719,8438.70781442131,400,0.1502643041171579,29.598237412684917,0.12299918651124297,21.096769536053277,0.0
QE,compact,Climate,20260834,80,0,8.129059230711126,314912.444529712,47.34610749595576,8113.086754532314,400,0.14255752550033202,28.05853009913884,0.11836526873988941,20.282716886330785,0.0
QE,compact,Climate,20260835,80,0,8.66546660509841,335256.7340771563,48.378740481865,8284.590219994967,400,0.14718582306983927,28.95067935632756,0.1209468512046625,20.711475549987416,0.0
QE,compact,Climate,20260836,80,0,8.902716548789737,344514.30349731003,49.33759689030447,8452.248607125257,400,0.14918710189548673,29.34767041424711,0.12334399222576117,21.130621517813143,0.0
QE,compact,Climate,20260837,80,0,8.240185068876379,319292.60839084187,47.783616383959604,8192.402721213224,400,0.1435286127299743,28.252991363342478,0.11945904095989901,20.48100680303306,0.0
QE,compact,Traffic,20260808,80,0,10.087514572786334,529008603.54118407,67.47541767152653,337701.70722758106,480,0.14496777352215742,1049.8101053892874,0.14057378681568028,703.5452233907939,0.0
QE,compact,Traffic,20260809,80,0,10.82166993257771,567527803.5981505,69.763210029134,349209.1053856784,480,0.15015041023210768,1087.3589981369907,0.14534002089402917,727.5189695534967,0.0
QE,compact,Traffic,20260810,80,0,11.093837784014768,580895543.5387782,69.75940879211137,349081.14095697826,480,0.15202684647795192,1100.0904731153348,0.14533210165023203,727.2523769937047,0.0
QE,compact,Traffic,20260811,80,0,10.847626728546373,567981781.3287224,69.61429826316343,348322.1023292337,480,0.15033037733983867,1087.7938121575116,0.14502978804825714,725.6710465192369,0.0
QE,compact,Traffic,20260812,80,0,10.394414319777216,545898880.6419512,67.93897003780837,340205.5086472521,480,0.147156480770876,1066.4376843823231,0.14153952091210079,708.7614763484419,0.0
QE,compact,Traffic,20260813,80,0,10.461905572180797,548780631.8716145,67.71124328529983,339018.1846633722,480,0.14763345355545265,1069.2487938108059,0.141065090177708,706.2878847153587,0.0
QE,compact,Traffic,20260814,80,0,10.326897162245059,541336840.9688175,67.5894609018913,338252.69640253665,480,0.14667777298558407,1061.9722620444015,0.14081137687894021,704.6931175052847,0.0
QE,compact,Traffic,20260815,80,0,10.632886014878567,558561826.0004741,69.22467253790795,346742.6476522706,480,0.14883496183467898,1078.7355889347125,0.14421806778730822,722.3805159422304,0.0
QE,compact,Traffic,20260816,80,0,10.708646873011434,562622188.719992,69.35207851661862,347343.0213390009,480,0.1493642560502361,1082.6493244967721,0.14448349690962212,723.6312944562519,0.0
QE,compact,Traffic,20260817,80,0,10.844922637901494,568440509.7731088,68.77856861302482,344301.00803563936,480,0.15031163903358066,1088.2329998797638,0.14328868461046837,717.2937667409153,0.0
QE,compact,Traffic,20260818,80,0,10.807202252919256,567373799.5458027,68.54738955886206,343228.8601541398,480,0.1500500073095026,1087.2114555383214,0.14280706158096262,715.0601253211246,0.0
QE,compact,Traffic,20260819,80,0,10.339750255327457,542114882.6232004,68.21588485547147,341430.0484250844,480,0.14676902386152718,1062.7351530202625,0.14211642678223224,711.3126008855925,0.0
QE,compact,Traffic,20260820,80,0,10.182385700971539,534260125.7458304,67.42628271651694,337634.7335730154,480,0.1456478751773973,1055.0080230202739,0.14047142232607696,703.405694943782,0.0
QE,compact,Traffic,20260821,80,0,10.078164248525288,528505024.186698,66.58913804325645,333432.0157566688,480,0.1449005711436674,1049.3103133593454,0.13872737092345094,694.6500328263934,0.0
QE,compact,Traffic,20260822,80,0,10.557174698520237,554808579.7830287,68.40767354486547,342636.7345311963,480,0.14830412656177336,1075.1052078198254,0.14251598655180306,713.8265302733256,0.0
QE,compact,Traffic,20260823,80,0,10.457477686913037,549029122.648593,68.20061949906227,341530.3420407237,480,0.14760220813976835,1069.4908471719468,0.14208462395637972,711.5215459181744,0.0
QE,compact,Traffic,20260824,80,0,9.990116389104106,523726788.9800902,66.75315227854536,334109.26174787997,480,0.14426622084639293,1044.5561148362756,0.1390690672469695,696.06096197475,0.0
QE,compact,Traffic,20260825,80,0,10.202073585660779,535041781.1687588,68.25238270042678,341687.7608950964,480,0.14578861399343443,1055.7795117518212,0.14219246395922244,711.8495018647842,0.0
QE,compact,Traffic,20260826,80,0,10.771862046982248,565278531.2630408,69.39303990753102,347395.21239713463,480,0.1498044701086932,1085.2021041253106,0.14456883314068963,723.7400258273639,0.0
QE,compact,Traffic,20260827,80,0,10.272582253364112,539343489.4361955,67.57099331289113,338424.0593369037,480,0.14629153436833556,1060.0152214278532,0.14077290273518986,705.0501236185494,0.0
QE,compact,Traffic,20260828,80,0,11.21089771828571,588337286.44627,69.98622194556701,350542.7957442332,480,0.15282682000583284,1107.1145740601537,0.1458046290532646,730.2974911338191,0.0
QE,compact,Traffic,20260829,80,0,9.623264385225598,504379155.3756698,65.21215846131524,326473.06166410673,480,0.14159261092733616,1025.0804392986167,0.13585866346107342,680.1522118002224,0.0
QE,compact,Traffic,20260830,80,0,10.168447473370277,533305650.17768407,67.47420642673941,337777.0821335224,480,0.14554815550023784,1054.0651962142451,0.14057126338904044,703.7022544448383,0.0
QE,compact,Traffic,20260831,80,0,10.711172720020143,562065352.950512,69.01755753194473,345587.9465918134,480,0.14938187027450361,1082.1134345869507,0.14378657819155152,719.9748887329446,0.0
QE,compact,Traffic,20260832,80,0,11.007264915112126,577900771.979805,68.71944545092391,344194.00377040415,480,0.1514324995055011,1097.2510841300607,0.14316551135609148,717.070841188342,0.0
QE,compact,Traffic,20260833,80,0,10.231948589489427,536886686.5267864,67.58363597563971,338367.8973950062,480,0.14600191629371276,1057.598189419847,0.14079924161591606,704.9331195729296,0.0
QE,compact,Traffic,20260834,80,0,10.19917883078331,535448094.8088222,67.33042338652685,337232.46469257143,480,0.14576792936307548,1056.180318025784,0.1402717153885976,702.5676347761905,0.0
QE,compact,Traffic,20260835,80,0,10.08539010452315,529662210.7204248,66.42094947367714,332592.3718317713,480,0.14495250734093298,1050.4584423007343,0.13837697807016072,692.9007746495234,0.0
QE,compact,Traffic,20260836,80,0,10.012475863655633,526592830.46965986,67.10714586723809,336214.85836869635,480,0.1444275760232416,1047.4103287689077,0.13980655389007934,700.4476216014507,0.0
QE,compact,Traffic,20260837,80,0,10.07422684017052,528755987.2813154,67.48544945629249,337831.58925496903,480,0.14487226298946454,1049.559418757576,0.140594686367276,703.8158109478521,0.0
QE,compact,Water,20260808,80,0,16.671142110803657,55637372.98268666,94.0046341002914,68783.83252723374,720,0.1521655810056363,277.98224609248047,0.1305619918059603,95.53310073226908,0.0
QE,compact,Water,20260809,80,0,16.058464795957576,54032430.36562723,91.49223343236733,67081.5300637425,720,0.14934330693981185,273.9435017927643,0.12707254643384353,93.16879175519792,0.0
QE,compact,Water,20260810,80,0,15.703148381095,52002517.46961271,91.80873089989707,66947.3758987338,720,0.1476818482653721,268.74843014945304,0.12751212624985706,92.98246652601915,0.0
QE,compact,Water,20260811,80,0,15.873844524237152,54562810.516544156,91.80676573168584,67950.47779939389,720,0.14848234333974766,275.284727642087,0.12750939684956367,94.3756636102693,0.0
QE,compact,Water,20260812,80,0,15.50702354614707,52031280.948686995,90.9037061848176,66676.14264022457,720,0.1467567126334671,268.822744544221,0.12625514747891334,92.60575366697857,0.0
QE,compact,Water,20260813,80,0,15.983473252041087,53460205.928615436,91.9865664066601,67395.06283284164,720,0.14899418916727128,272.48905668295356,0.12775912000925013,93.60425393450227,0.0
QE,compact,Water,20260814,80,0,15.114909547989438,50597736.46562442,89.72404084703008,65692.55331889517,720,0.1448893713415967,265.09363247734547,0.12461672339865289,91.2396573873544,0.0
QE,compact,Water,20260815,80,0,15.104053267890249,50545230.99399658,89.74602840882929,65822.68798525403,720,0.14483732861717202,264.95605241980064,0.12464726167892957,91.42039997951949,0.0
QE,compact,Water,20260816,80,0,15.952637951196312,52470045.57234704,92.51448113466006,67343.24230801963,720,0.14885040006289457,269.95381696676645,0.12849233490925008,93.5322809833606,0.0
QE,compact,Water,20260817,80,0,15.922174764376773,53133131.28853178,90.14667943660551,65984.55392688738,720,0.14870820964960194,271.6542208001126,0.12520372143972988,91.6452137873436,0.0
QE,compact,Water,20260818,80,0,15.651015768632606,52534202.71413829,90.45362105689395,66269.92551086185,720,0.14743650125012672,270.1188080017813,0.12563002924568603,92.04156320953035,0.0
QE,compact,Water,20260819,80,0,15.389430251508076,50921564.46065205,90.7695686460339,66085.77280361598,720,0.1461992088988518,265.94058562814166,0.12606884534171375,91.78579556057775,0.0
QE,compact,Water,20260820,80,0,15.613201475252422,51738772.24051619,90.41866073298837,65931.83942578326,720,0.147258283464672,268.0660476255914,0.12558147324026162,91.57199920247675,0.0
QE,compact,Water,20260821,80,0,15.68127937616572,52019827.23432923,92.22614038254689,67239.84122474151,720,0.14757897780212145,268.7931547634342,0.12809186164242622,93.38866836769654,0.0
QE,compact,Water,20260822,80,0,16.472226241758797,55641051.067329794,92.63068041041103,68028.11363150085,720,0.1512550561219121,277.991434388748,0.12865372279223755,94.48349115486229,0.0
QE,compact,Water,20260823,80,0,15.85499670249061,52718870.99596374,91.65334995134636,66936.20483895991,720,0.14839416684445242,270.59315246521066,0.12729631937686994,92.9669511652221,0.0
QE,compact,Water,20260824,80,0,16.083618834098225,54119747.79966908,92.64589635524682,68107.15755344614,720,0.1494602271234829,274.1647613907179,0.12867485604895393,94.59327437978631,0.0
QE,compact,Water,20260825,80,0,15.37419047437047,50990851.07445587,90.7784415194312,66255.97790676718,720,0.14612680221477012,266.1214506429345,0.12608116877698777,92.02219153717664,0.0
QE,compact,Water,20260826,80,0,15.748553530438382,52151616.60494006,92.12088399892254,67221.58662164469,720,0.14789520281096932,269.133425720765,0.12794567222072575,93.3633147522843,0.0
QE,compact,Water,20260827,80,0,15.034849930179393,50367963.033470325,89.49672166621949,65626.34191751521,720,0.14450514182595042,264.4910286061764,0.12430100231419373,91.14769710766001,0.0
QE,compact,Water,20260828,80,0,15.778899206203697,53165471.07817862,91.50463444615127,67302.40545610727,720,0.14803762287470718,271.73688018564184,0.127089770064099,93.47556313348232,0.0
QE,compact,Water,20260829,80,0,16.127505077241494,54579975.280682035,92.70017317858758,68340.94011835591,720,0.1496639990354389,275.32802476894625,0.12875024052581607,94.91797238660543,0.0
QE,compact,Water,20260830,80,0,14.685710973469654,48773301.95562264,88.96916693448613,64928.37607662201,720,0.14281743869880048,260.27043082260997,0.1235682874090085,90.17830010641946,0.0
QE,compact,Water,20260831,80,0,16.737040884629213,55826172.6328083,93.36459925129937,68159.40352121384,720,0.15246602938864964,278.45349859339245,0.12967305451569355,94.66583822390811,0.0
QE,compact,Water,20260832,80,0,15.700296419761797,52100811.421918035,91.49362826065641,66821.7726519621,720,0.1476684368769073,269.00230126524434,0.12707448369535612,92.80801757216959,0.0
QE,compact,Water,20260833,80,0,15.915083808404422,54053438.066101596,91.88608459558156,67648.17266946535,720,0.1486750922892882,273.99675095929916,0.12761956193830773,93.95579537425743,0.0
QE,compact,Water,20260834,80,0,16.22633892185484,54525076.48704441,92.18137557289975,67639.69504850666,720,0.1501218899291822,275.18952178212163,0.1280296882956941,93.94402090070369,0.0
QE,compact,Water,20260835,80,0,15.978928811669865,52599546.03382027,92.2267929195215,66978.71811035492,720,0.14897300655781506,270.2867459698544,0.12809276794377986,93.02599737549295,0.0
QE,compact,Water,20260836,80,0,16.31247991382806,54610823.20822577,93.1339434760333,68153.19108009017,720,0.15051983956455367,275.40581977688896,0.12935269927226847,94.65720983345857,0.0
QE,compact,Water,20260837,80,0,15.236728221489846,50749606.81959353,89.46888036139745,65482.9407138295,720,0.1454720678681891,265.4911769291274,0.12426233383527424,90.94852876920764,0.0
QE,independent,Climate,20260808,80,0,1.02441990802583,57435.029478088414,15.846982261365193,3223.1323741419537,400,0.05060681545073326,11.982803248623464,0.039617455653412986,8.057830935354884,0.0
QE,independent,Climate,20260809,80,0,0.9370825966778766,50884.012570359235,15.13865603238558,3098.0659594167414,400,0.04840151332029497,11.278742457645626,0.03784664008096395,7.745164898541853,0.0
QE,independent,Climate,20260810,80,0,0.9752659591797568,55507.8313564712,15.209454930671882,3149.4395538757058,400,0.04937777736947454,11.780050016497299,0.0380236373266797,7.873598884689264,0.0
QE,independent,Climate,20260811,80,0,1.1015545187328708,55332.93674430962,16.58975485690729,3275.4558997070408,400,0.05247748371284752,11.761477027175372,0.041474387142268226,8.188639749267601,0.0
QE,independent,Climate,20260812,80,0,1.042225921609545,51200.11618156817,16.273562608712652,3207.9322287553,400,0.051044733362256504,11.313721335348525,0.04068390652178163,8.01983057188825,0.0
QE,independent,Climate,20260813,80,0,1.0659669249272676,60085.40942012672,16.46368093529805,3390.210196082004,400,0.05162283712000115,12.256162676397405,0.041159202338245125,8.47552549020501,0.0
QE,independent,Climate,20260814,80,0,1.0120530310335507,53997.71590258855,15.972161162312663,3190.08411857272,400,0.05030042323463965,11.618704306267174,0.039930402905781655,7.9752102964318,0.0
QE,independent,Climate,20260815,80,0,1.0842457637719345,60759.473429989324,16.730618668784533,3435.71636603924,400,0.052063561244212214,12.324718397390397,0.04182654667196133,8.589290915098099,0.0
QE,independent,Climate,20260816,80,0,1.0555340304101053,62901.38544586438,16.231369630779376,3429.2516292773594,400,0.051369592912785124,12.540074306584508,0.04057842407694844,8.573129073193398,0.0
QE,independent,Climate,20260817,80,0,0.9985797115087242,56062.23696147218,15.862077682972064,3275.510463570204,400,0.04996448017113568,11.838732719496646,0.03965519420743016,8.18877615892551,0.0
QE,independent,Climate,20260818,80,0,1.0020471089573717,55607.94450235339,15.484055499304857,3138.923962436954,400,0.0500511515591143,11.790668397333693,0.038710138748262145,7.847309906092384,0.0
QE,independent,Climate,20260819,80,0,1.141138634979042,64606.91274881029,16.88705175991474,3459.8462636521053,400,0.053412045340424895,12.708944955110386,0.04221762939978685,8.649615659130264,0.0
QE,independent,Climate,20260820,80,0,1.0762702086268898,57123.2340077259,16.47049814581577,3270.7611243480637,400,0.051871721791041644,11.950233680531722,0.04117624536453943,8.176902810870159,0.0
QE,independent,Climate,20260821,80,0,1.0351513880042436,55454.52187672027,16.257104814982167,3319.492134834126,400,0.05087119489466125,11.774391903270446,0.04064276203745542,8.298730337085315,0.0
QE,independent,Climate,20260822,80,0,1.0413838912815363,57528.601545162215,16.29536055558202,3315.70421022967,400,0.05102410928378702,11.992560354774351,0.04073840138895504,8.289260525574175,0.0
QE,independent,Climate,20260823,80,0,1.0459037542686667,53261.43530276617,16.23967709667969,3206.695207532626,400,0.051134718007158964,11.53921956879734,0.04059919274169922,8.016738018831564,0.0
QE,independent,Climate,20260824,80,0,1.0203046105484201,52809.87874532131,16.144867480773687,3233.6407528005193,400,0.05050506436359675,11.490200035826325,0.040362168701934216,8.084101882001299,0.0
QE,independent,Climate,20260825,80,0,0.982770696559893,57389.205191275425,15.700660526154373,3308.2520639822937,400,0.0495673959513684,11.978022081219777,0.03925165131538593,8.270630159955735,0.0
QE,independent,Climate,20260826,80,0,0.9690873821980263,53021.08696839771,15.317637116409212,3108.988703477434,400,0.04922111798298638,11.51315410393669,0.038294092791023034,7.772471758693585,0.0
QE,independent,Climate,20260827,80,0,1.0572466801511993,55831.576735318115,16.311148475289542,3281.592923864259,400,0.05141125071789246,11.81435321286338,0.04077787118822385,8.203982309660647,0.0
QE,independent,Climate,20260828,80,0,1.002701252716925,54535.68867971045,16.244840809026385,3308.423544577798,400,0.05006748577462536,11.676438742154053,0.04061210202256596,8.271058861444494,0.0
QE,independent,Climate,20260829,80,0,1.2383436143525404,66239.65595576355,17.968526202287098,3599.6600658750467,400,0.0556404442459022,12.868532934620358,0.04492131550571774,8.999150164687617,0.0
QE,independent,Climate,20260830,80,0,1.1391657077604418,66818.44617432989,16.902288682429315,3568.0306443157983,400,0.05336585302795322,12.924632119941547,0.042255721706073286,8.920076610789495,0.0
QE,independent,Climate,20260831,80,0,1.071109935784484,53116.83221337864,16.935009970325346,3309.1872751886362,400,0.05174722059648431,11.5235446167161,0.042337524925813365,8.27296818797159,0.0
QE,independent,Climate,20260832,80,0,0.962636700258283,49890.27041671052,15.797994001751388,3149.9776361066283,400,0.04905702549733022,11.168065008844472,0.039494985004378466,7.87494409026657,0.0
QE,independent,Climate,20260833,80,0,1.0164192068344002,48914.510591896375,15.931494457591052,3154.0972548067894,400,0.05040880892350067,11.058312551187045,0.03982873614397763,7.885243137016974,0.0
QE,independent,Climate,20260834,80,0,1.035322509881086,57983.2468713526,16.24935856256018,3341.362017025192,400,0.05087539950410921,12.039855363681971,0.04062339640640045,8.35340504256298,0.0
QE,independent,Climate,20260835,80,0,1.0221963737274224,52757.162447755916,16.141218430334852,3237.135653233694,400,0.05055186380657548,11.48446368444734,0.04035304607583713,8.092839133084235,0.0
QE,independent,Climate,20260836,80,0,1.088726969696401,58191.298907527314,16.24012425364586,3222.924139907157,400,0.05217104009161599,12.061436368394034,0.04060031063411465,8.057310349767892,0.0
QE,independent,Climate,20260837,80,0,1.0826773930561902,55806.96252010551,16.347475495232814,3303.2429687907584,400,0.05202589242521915,11.811748655481278,0.04086868873808203,8.258107421976895,0.0
QE,independent,Traffic,20260808,80,0,1.182502147984782,65680494.61493881,18.70129457282159,97242.21535252448,480,0.04963412275476381,369.91129177293647,0.038961030360044974,202.58794865109266,0.0
QE,independent,Traffic,20260809,80,0,1.5102969260329264,77792738.87140027,20.75394600299633,102914.74556606225,480,0.056093243169166675,402.5769565959829,0.043237387506242356,214.40571992929637,0.0
QE,independent,Traffic,20260810,80,0,1.3328632523029464,57645362.5287415,20.10454314335315,93722.98790097078,480,0.05269533605830601,346.5465412729024,0.04188446488198573,195.2562247936891,0.0
QE,independent,Traffic,20260811,80,0,1.3246434448043716,55012358.719260804,19.289841144093018,88627.05529454062,480,0.052532597911605715,338.53962938646737,0.04018716905019379,184.63969853029297,0.0
QE,independent,Traffic,20260812,80,0,1.3970059010543758,70791229.66333176,20.593536003291465,101099.779905947,480,0.053948391639880695,384.03349914463774,0.04290320000685722,210.6245414707229,0.0
QE,independent,Traffic,20260813,80,0,1.247799290826538,67102365.05091481,18.917535326563144,91946.29240369602,480,0.05098609473070693,373.8938269831056,0.03941153193033988,191.55477584103338,0.0
QE,independent,Traffic,20260814,80,0,1.3200632127820666,80802668.75980102,19.509314768859348,107208.40036643222,480,0.05244169803978483,410.2912297985243,0.04064440576845697,223.3508340967338,0.0
QE,independent,Traffic,20260815,80,0,1.3697763222730162,67112178.72909267,19.202246319809824,95687.73234268907,480,0.05342003997941332,373.92116685063854,0.04000467983293713,199.34944238060223,0.0
QE,independent,Traffic,20260816,80,0,1.5157556685151774,76676392.16299704,20.723918673247557,101762.00964729331,480,0.056194522058708,399.67797496598496,0.04317483056926574,212.0041867651944,0.0
QE,independent,Traffic,20260817,80,0,1.3727883797587879,66443587.965353936,19.750882527564528,97148.91303844062,480,0.053478741488222604,372.0539498439539,0.0411476719324261,202.3935688300846,0.0
QE,independent,Traffic,20260818,80,0,1.3987953819785794,56215031.064779975,19.427126991272782,90020.77056375785,480,0.05398293291206682,342.2201748167763,0.0404731812318183,187.54327200782885,0.0
QE,independent,Traffic,20260819,80,0,1.3214791190625659,77508554.75041252,19.232961079414515,98881.2480723673,480,0.052469815113520384,401.8409582534191,0.04006866891544691,206.00260015076523,0.0
QE,independent,Traffic,20260820,80,0,1.3001605595097148,55667763.935962446,19.70872642303363,92827.21065891416,480,0.05204486364966197,340.55030201120326,0.041059846714653396,193.39002220607117,0.0
QE,independent,Traffic,20260821,80,0,1.1082312378978059,53373839.44186026,17.572265839282544,84309.01839201755,480,0.04805013089424171,333.45989089725447,0.036608887165171966,175.64378831670322,0.0
QE,independent,Traffic,20260822,80,0,1.416880227728894,77422205.65999787,20.875117137536435,105537.86608128765,480,0.05433078140215295,401.61705864126617,0.043489827369867576,219.87055433601594,0.0
QE,independent,Traffic,20260823,80,0,1.309517801198744,63337075.385205306,19.497424298646834,96068.06295682493,480,0.05223181105256371,363.25230953958766,0.04061963395551424,200.1417978267186,0.0
QE,independent,Traffic,20260824,80,0,1.2975534524351258,70701343.34553921,19.574157216600955,99783.11877051088,480,0.051992656781894166,383.7896107285953,0.040779494201251994,207.8814974385643,0.0
QE,independent,Traffic,20260825,80,0,1.368900086132634,61704433.71247961,20.33335477974323,96831.34688581446,480,0.05340295103683866,358.5399609076593,0.042361155791131734,201.73197267878012,0.0
QE,independent,Traffic,20260826,80,0,1.4313239583873971,58447098.18026123,19.826036362026095,90128.19868141237,480,0.0546070042513511,348.948116308921,0.0413042424208877,187.76708058627577,0.0
QE,independent,Traffic,20260827,80,0,1.2328099516762605,62177398.74619503,18.92182110321065,91561.415216232,480,0.05067893118439071,359.9114438134835,0.03942046063168885,190.75294836715,0.0
QE,independent,Traffic,20260828,80,0,1.579522588158073,80724558.43307248,21.019001335239274,105189.71095563243,480,0.05736437970258767,410.09287167937254,0.04378958611508182,219.14523115756757,0.0
QE,independent,Traffic,20260829,80,0,1.346698196003262,67056362.17643793,20.482184575171484,99724.03637929888,480,0.05296811533057848,373.7656411900988,0.04267121786494059,207.75840912353934,0.0
QE,independent,Traffic,20260830,80,0,1.3420375369335094,71847665.52672175,19.50276480830002,97837.4385245956,480,0.05287637974822165,386.88840317849235,0.04063076001729171,203.82799692624081,0.0
QE,independent,Traffic,20260831,80,0,1.3889465982268718,60105691.16780958,19.70305437793414,92568.47216691948,480,0.05379255288890818,353.8646491710307,0.04104802995402946,192.85098368108225,0.0
QE,independent,Traffic,20260832,80,0,1.3888188724483936,60277879.799363986,20.02604046644673,93805.09706288076,480,0.053790079484363595,354.3711560619388,0.041720917638430687,195.42728554766825,0.0
QE,independent,Traffic,20260833,80,0,1.291868875689593,73913104.95220724,19.507594597031165,99941.40108371894,480,0.05187864195427619,392.4100346794134,0.04064082207714826,208.2112522577478,0.0
QE,independent,Traffic,20260834,80,0,1.3728095719188136,68867559.76029536,20.009924003556677,99152.38775728553,480,0.05347915427058966,378.7797286470709,0.04168734167407641,206.56747449434485,0.0
QE,independent,Traffic,20260835,80,0,1.2339514920641843,62813893.01759586,19.334025993916708,95559.11365389879,480,0.050702389244824723,361.74891446967933,0.04027922082065981,199.08148677895582,0.0
QE,independent,Traffic,20260836,80,0,1.3953683206326866,78917835.46635573,20.0018630458597,100638.10219783589,480,0.05391676302089574,405.4776901650378,0.04167054801220771,209.6627129121581,0.0
QE,independent,Traffic,20260837,80,0,1.3660403647397132,69559731.81599207,19.531836417733953,94509.79770916028,480,0.053347140753193786,380.6784836971791,0.040691325870279065,196.8954118940839,0.0
QE,independent,Water,20260808,80,0,2.155260153685968,285329844.50006485,30.995501911758055,126798.55343391161,720,0.054712127358743784,629.5168390873548,0.04304930821077508,176.1091019915439,0.0
QE,independent,Water,20260809,80,0,1.966033854943429,284266369.81314534,29.160709398484727,112775.64102236993,720,0.05225516793878207,628.3425837218558,0.04050098527567323,156.63283475329158,0.0
QE,independent,Water,20260810,80,0,2.080158158048059,234062350.24652436,30.403196873456803,111798.2515086764,720,0.05375042839684653,570.1636585793742,0.04222666232424556,155.27534931760613,0.0
QE,independent,Water,20260811,80,0,1.7771148282063634,281163190.2007839,28.518843634582762,124379.59543742643,720,0.04968113363416242,624.9035372234839,0.03960950504803162,172.7494381075367,0.0
QE,independent,Water,20260812,80,0,1.937267593735896,205896132.50195277,28.85627151960175,101506.93324868726,720,0.05187147034492371,534.758684545802,0.040078154888335764,140.98185173428786,0.0
QE,independent,Water,20260813,80,0,1.8890839311749323,212127283.20894405,28.851807174959465,105329.79114226844,720,0.0512223357744198,542.7902234557002,0.040071954409665926,146.29137658648395,0.0
QE,independent,Water,20260814,80,0,2.0009979079918874,269743207.702869,29.609726982599923,116060.19197807823,720,0.05271777462203658,612.0811580434105,0.04112462080916656,161.1947110806642,0.0
QE,independent,Water,20260815,80,0,2.0699776517133373,233722895.92878574,30.15184735197979,104457.13853644171,720,0.0536187370301928,569.7500620749634,0.0418775657666386,145.07935907839126,0.0
QE,independent,Water,20260816,80,0,1.9328280584910917,249001754.10870838,28.946009431036416,115512.39141154954,720,0.051812000681029105,588.0780301927869,0.040202790876439465,160.43387696048546,0.0
QE,independent,Water,20260817,80,0,1.8084256809681891,305388682.18609107,27.37540010430281,129695.04998727102,720,0.05011688672172325,651.2687214051371,0.0380213890337539,180.13201387120975,0.0
QE,independent,Water,20260818,80,0,2.139041480416744,330945909.64755046,30.428640139868893,125368.41893808261,720,0.05450587991238427,677.9727846548923,0.04226200019426235,174.1228040806703,0.0
QE,independent,Water,20260819,80,0,2.0989354058205425,228110787.04302812,29.913276464989842,106391.91533470649,720,0.05399248154733807,562.8681351433578,0.041546217312485895,147.76654907598123,0.0
QE,independent,Water,20260820,80,0,1.879899495822225,250471572.57247466,28.639855387053746,110150.38285329955,720,0.051097666502251476,589.8111427638826,0.03977757692646354,152.98664285180493,0.0
QE,independent,Water,20260821,80,0,1.83141220618235,208458292.16212514,28.562051278684695,97764.8591963126,720,0.05043439366287804,538.0756506112588,0.03966951566483985,135.78452666154527,0.0
QE,independent,Water,20260822,80,0,1.9442967299737002,269434917.1138147,28.812359754750645,113731.27058703126,720,0.05196548975005886,611.7312830467934,0.04001716632604256,157.96009803754342,0.0
QE,independent,Water,20260823,80,0,2.179325916995435,199338215.116414,30.872106846718964,104641.48875707547,720,0.05501673882903774,526.1735760242342,0.04287792617599856,145.3354010514937,0.0
QE,independent,Water,20260824,80,0,2.076079871796106,224820162.64087167,29.838904222099295,105317.82338315186,720,0.05369771192875429,558.7935449610164,0.04144292253069347,146.27475469882202,0.0
QE,independent,Water,20260825,80,0,1.8975063019132292,193296940.89843407,29.06667691386969,99146.34837135776,720,0.05133639468568015,518.1389518942262,0.04037038460259679,137.70326162688576,0.0
QE,independent,Water,20260826,80,0,1.891282560932136,195457117.941227,28.390343584881045,99809.00758634841,720,0.051252134927512696,521.0261215743557,0.03943103275677923,138.62362164770613,0.0
QE,independent,Water,20260827,80,0,2.032685889008174,240958702.2988498,29.332446561550015,108071.64406567256,720,0.05313355668355626,578.50225954957,0.04073950911326391,150.09950564676745,0.0
QE,independent,Water,20260828,80,0,2.005644733675696,271595986.56144375,29.959342659317976,121299.7448431848,720,0.05277895116105178,614.1796545002164,0.04161019813794163,168.47186783775666,0.0
QE,independent,Water,20260829,80,0,1.9930031662078957,269394749.413967,29.726441170253658,120788.91395300873,720,0.05261235551718362,611.6856825086437,0.04128672384757452,167.7623804902899,0.0
QE,independent,Water,20260830,80,0,1.9220202759848097,216317052.84765846,28.936628327304753,103643.26249637602,720,0.05166693919262547,548.1243938900215,0.040189761565701046,143.94897568941113,0.0
QE,independent,Water,20260831,80,0,2.3518561078041698,206675706.97622305,31.068077292329086,100382.04217079772,720,0.057153012312516654,535.7700934379708,0.043150107350457066,139.41950301499685,0.0
QE,independent,Water,20260832,80,0,2.08381330690763,213845365.78767374,30.554038869826588,103264.53651049061,720,0.05379763143933773,544.9839011226663,0.04243616509698137,143.4229673756814,0.0
QE,independent,Water,20260833,80,0,1.9016046668244442,203951024.9444852,28.73869703087028,107137.84948782828,720,0.05139180472421384,532.2267490674403,0.039914856987319836,148.80256873309483,0.0
QE,independent,Water,20260834,80,0,1.909196900987674,248414484.6513598,28.63587330977558,110753.50352540554,720,0.051494294465337424,587.3841311878735,0.03977204626357719,153.82431045195213,0.0
QE,independent,Water,20260835,80,0,1.904013449761484,250282589.66955757,28.56153775098195,110059.28967052895,720,0.05142434369701501,589.5885920490538,0.03966880243191938,152.8601245424013,0.0
QE,independent,Water,20260836,80,0,2.003308636268102,188138078.41052702,29.215953451089902,95610.70402990183,720,0.05274820476497678,511.1779403312388,0.04057771312651375,132.79264448597476,0.0
QE,independent,Water,20260837,80,0,1.7956612176238724,205869004.58365828,28.04428718392622,96791.5895430714,720,0.04993970277611281,534.7234547248313,0.03895039886656419,134.43276325426584,0.0
QE,mature_anchor,Climate,20260808,60,0,6.881561834219322,266620.30881603324,37.56972307354498,6439.348254269484,300,0.1514547438920212,29.811648104727634,0.12523241024514992,21.464494180898278,0.0
QE,mature_anchor,Climate,20260809,60,0,6.333213529181155,245313.77255779714,35.685122138167365,6118.940348087354,300,0.1452952571969821,28.59567406431709,0.11895040712722454,20.39646782695785,0.0
QE,mature_anchor,Climate,20260810,60,0,6.568347133689749,255438.92797055078,36.464255507067946,6263.033947353865,300,0.14796786963943387,29.1798405279256,0.12154751835689316,20.876779824512884,0.0
QE,mature_anchor,Climate,20260811,60,0,6.980363440630443,270557.2348050195,37.72920497743858,6474.213744634016,300,0.15253812026976996,30.030941532860155,0.1257640165914619,21.580712482113384,0.0
QE,mature_anchor,Climate,20260812,60,0,6.776326346675466,263383.217894922,36.68788694180415,6296.399792859543,300,0.15029223030123087,29.630120817332823,0.1222929564726805,20.98799930953181,0.0
QE,mature_anchor,Climate,20260813,60,0,6.544522844237015,254024.51658323867,36.68895656893213,6292.806084744695,300,0.1476992760559669,29.098941365809093,0.12229652189644043,20.976020282482317,0.0
QE,mature_anchor,Climate,20260814,60,0,6.181129438362309,239886.1319029461,35.28364666929507,6054.460252877639,300,0.14354011562814428,28.277560709447464,0.1176121555643169,20.181534176258797,0.0
QE,mature_anchor,Climate,20260815,60,0,6.771777076212877,263043.03550258116,36.99418996957643,6346.5278128553355,300,0.15024177266673513,29.610979692369806,0.12331396656525477,21.155092709517785,0.0
QE,mature_anchor,Climate,20260816,60,0,6.5410021954341335,252996.25077455773,36.525305639575116,6258.083831033163,300,0.14765954304225348,29.039986844266863,0.12175101879858372,20.86027943677721,0.0
QE,mature_anchor,Climate,20260817,60,0,6.248266454646421,242709.8138531567,35.65243272114146,6116.79128810967,300,0.14431754865165014,28.443500362013385,0.11884144240380486,20.3893042936989,0.0
QE,mature_anchor,Climate,20260818,60,0,7.164833994389161,276992.3005917126,37.78099836383053,6472.414095804401,300,0.15454054478128776,30.385978158338787,0.12593666121276842,21.574713652681336,0.0
QE,mature_anchor,Climate,20260819,60,0,6.2680857853883465,242756.57632488423,35.490784028659526,6085.330812406595,300,0.14454625309785038,28.44624030956664,0.11830261342886508,20.284436041355317,0.0
QE,mature_anchor,Climate,20260820,60,0,7.147106266967678,276711.00943905197,38.619294138495675,6619.568958352551,300,0.1543492389244564,30.3705454587748,0.12873098046165224,22.06522986117517,0.0
QE,mature_anchor,Climate,20260821,60,0,7.0990525328981215,275599.3924607046,37.6394034395648,6461.218426188326,300,0.15382947845908385,30.3094810502536,0.12546467813188267,21.537394753961085,0.0
QE,mature_anchor,Climate,20260822,60,0,6.237084018469334,242361.82223099016,35.928066101349124,6169.62100036281,300,0.144188349257367,28.423102236912268,0.11976022033783042,20.5654033345427,0.0
QE,mature_anchor,Climate,20260823,60,0,5.82078447158348,224968.78818313577,34.750913531251044,5952.916630086782,300,0.13929326941844056,27.384228318695644,0.11583637843750348,19.843055433622606,0.0
QE,mature_anchor,Climate,20260824,60,0,6.192025394721251,239976.99100131565,35.44629570678354,6077.028734217556,300,0.1436665745713694,28.282915396714653,0.1181543190226118,20.256762447391853,0.0
QE,mature_anchor,Climate,20260825,60,0,6.59002576196537,255934.77336915387,36.650908367208885,6290.4500928138505,300,0.1482118502005982,29.208148028084782,0.12216969455736294,20.968166976046167,0.0
QE,mature_anchor,Climate,20260826,60,0,6.865622143703747,266176.66797075915,37.21096726417175,6384.298021571542,300,0.1512792356725772,29.786835345543683,0.12403655754723916,21.280993405238476,0.0
QE,mature_anchor,Climate,20260827,60,0,6.5356943578130755,253033.3748094034,37.09453850230029,6358.284912482812,300,0.14759962011935165,29.04211739350303,0.1236484616743343,21.19428304160937,0.0
QE,mature_anchor,Climate,20260828,60,0,6.7156524857318525,260859.77970559278,37.154822204914595,6377.573489188549,300,0.14961787421886746,29.487838154375485,0.12384940734971532,21.258578297295163,0.0
QE,mature_anchor,Climate,20260829,60,0,7.178093480360609,278172.846775817,38.039421183861876,6524.135899839286,300,0.15468347768222918,30.45066210423111,0.12679807061287293,21.747119666130953,0.0
QE,mature_anchor,Climate,20260830,60,0,6.15721135298141,238338.97024628986,35.324005234905,6056.309941843389,300,0.1432621298294541,28.1862241911594,0.11774668411635,20.187699806144632,0.0
QE,mature_anchor,Climate,20260831,60,0,6.326596435889787,245481.82073233553,35.998548485146806,6173.021972064432,300,0.14521933337644574,28.60546688614699,0.11999516161715602,20.57673990688144,0.0
QE,mature_anchor,Climate,20260832,60,0,6.5144973637477275,253215.89026096987,36.75458114732235,6311.650312592633,300,0.14736007333227147,29.05258968726482,0.1225152704910745,21.038834375308777,0.0
QE,mature_anchor,Climate,20260833,60,0,7.3619826759840725,285096.9320725591,38.535591250184815,6604.7828667579215,300,0.15665229731248834,30.827311055434762,0.12845197083394938,22.01594288919307,0.0
QE,mature_anchor,Climate,20260834,60,0,6.0566446678653545,234766.10418204177,35.42398008123607,6073.9466249894285,300,0.14208735186339136,27.97416094553697,0.11807993360412022,20.24648874996476,0.0
QE,mature_anchor,Climate,20260835,60,0,6.397913024560351,247942.92452216687,35.963397482382604,6163.9390989996045,300,0.14603553248622234,28.74850283186743,0.119877991607942,20.546463663332016,0.0
QE,mature_anchor,Climate,20260836,60,0,6.616577162130578,256097.95842062004,36.85104402441086,6313.034128930918,300,0.1485101249312717,29.21745816121017,0.12283681341470287,21.043447096436395,0.0
QE,mature_anchor,Climate,20260837,60,0,6.016723154975057,233456.76832477882,35.5165027014172,6089.996410860082,300,0.14161830337183418,27.89604322747695,0.11838834233805734,20.299988036200272,0.0
QE,mature_anchor,Traffic,20260808,60,0,7.560914125038947,396533174.4994781,50.672565572635726,253634.9767111151,360,0.144922528394378,1049.514668919081,0.14075712659065479,704.5416019753197,0.0
QE,mature_anchor,Traffic,20260809,60,0,8.338451589926677,436793829.62233394,53.03503397392787,265367.9859711413,360,0.15219187076704888,1101.506329257972,0.14731953881646628,737.1332943642815,0.0
QE,mature_anchor,Traffic,20260810,60,0,8.658218100163973,454238688.9431675,54.1285115334737,271022.6540103393,360,0.15508257746693796,1123.2872010101617,0.15035697648187138,752.8407055842758,0.0
QE,mature_anchor,Traffic,20260811,60,0,8.869564996486137,465836157.50962496,54.717184164543134,274008.00805255305,360,0.15696394664315377,1137.5365165196347,0.15199217823484204,761.1333557015363,0.0
QE,mature_anchor,Traffic,20260812,60,0,8.044388049256789,422263759.365196,52.2160027681328,261480.73663861098,360,0.14948418765557325,1083.030418375008,0.14504445213370223,726.3353795516972,0.0
QE,mature_anchor,Traffic,20260813,60,0,7.800933977234077,409672909.9100615,51.447666269089254,257618.88772061342,360,0.14720482684977568,1066.7615972211065,0.14291018408080347,715.6080214461484,0.0
QE,mature_anchor,Traffic,20260814,60,0,7.80609785369201,408927131.72733295,50.91314617393508,254776.97840771225,360,0.14725354036200444,1065.7901759927192,0.14142540603870857,707.7138289103118,0.0
QE,mature_anchor,Traffic,20260815,60,0,8.021868387623101,421342910.2630584,52.066199909988214,260706.4298090691,360,0.14927480612413302,1081.8488678891058,0.1446283330833006,724.1845272474142,0.0
QE,mature_anchor,Traffic,20260816,60,0,7.859673821532663,411664631.0600885,52.048865113357834,260432.24595794937,360,0.1477580024297675,1069.3516091799747,0.14458018087043842,723.4229054387482,0.0
QE,mature_anchor,Traffic,20260817,60,0,8.13693462443144,427450629.0552551,52.242669885683284,261652.90398447108,360,0.1503415982985954,1089.6618092265232,0.14511852746023135,726.8136221790863,0.0
QE,mature_anchor,Traffic,20260818,60,0,7.886345038825099,414036477.73100615,51.11909676311961,255923.15554665908,360,0.1480084929885322,1072.4277724073415,0.14199749100866557,710.8976542962753,0.0
QE,mature_anchor,Traffic,20260819,60,0,7.860914882406096,411651097.9724076,51.44901691051525,257466.13339459075,360,0.14776966763632604,1069.3340320711657,0.14291393586254236,715.1837038738632,0.0
QE,mature_anchor,Traffic,20260820,60,0,8.383579036768383,440125312.5096685,53.36016787653503,267180.2282046071,360,0.15260314396033536,1105.6990153413617,0.14822268854593063,742.1673005683531,0.0
QE,mature_anchor,Traffic,20260821,60,0,8.083537243184209,424493510.7092204,51.989093835798016,260341.3288696483,360,0.14984748953504737,1085.8861086039115,0.14441414954388337,723.1703579712453,0.0
QE,mature_anchor,Traffic,20260822,60,0,8.386534181668203,440093652.6103607,53.073925393955406,265736.81434038834,360,0.15263003728759184,1105.6592460437857,0.147427570538765,738.1578176121899,0.0
QE,mature_anchor,Traffic,20260823,60,0,8.039895159968323,422303439.570927,52.307445878718795,261943.80642488578,360,0.14944243745008684,1083.0813034667535,0.14529846077421887,727.6216845135716,0.0
QE,mature_anchor,Traffic,20260824,60,0,7.767274677264883,406693467.6944715,51.23462181160014,256351.93787351268,360,0.14688690544906463,1062.8753816553883,0.1423183939211115,712.088716315313,0.0
QE,mature_anchor,Traffic,20260825,60,0,7.982363747567364,419397517.2348387,52.515209744762515,263044.1684779614,360,0.14890679175958216,1079.3484624671069,0.14587558262434033,730.6782457721149,0.0
QE,mature_anchor,Traffic,20260826,60,0,8.127356152354537,426424013.071803,52.576029167643284,263217.6022391598,360,0.15025308420160943,1088.3524922660283,0.14604452546567578,731.1600062198884,0.0
QE,mature_anchor,Traffic,20260827,60,0,8.105875508205838,426037274.2257808,52.448305294100344,262771.06940927985,360,0.15005439299176593,1087.858847851775,0.1456897369280565,729.9196372479996,0.0
QE,mature_anchor,Traffic,20260828,60,0,8.391499187199368,440448516.59987605,52.63289707943331,263605.665916119,360,0.1526752107070519,1106.104923443668,0.14620249188731477,732.2379608781083,0.0
QE,mature_anchor,Traffic,20260829,60,0,7.279827756996554,382603645.48050076,49.35375181283396,247246.78143421648,360,0.1422031777754452,1030.9160509529872,0.13709375503564988,686.7966150950458,0.0
QE,mature_anchor,Traffic,20260830,60,0,7.682912009790143,402637038.3893988,51.04802786075977,255479.90523398167,360,0.14608703655498342,1057.5614486867087,0.14180007739099934,709.6664034277269,0.0
QE,mature_anchor,Traffic,20260831,60,0,8.069397303161688,423871013.6587315,52.083600517057455,260845.48033220458,360,0.14971637354939663,1085.0896195178375,0.1446766681029374,724.5707787005683,0.0
QE,mature_anchor,Traffic,20260832,60,0,8.304906419449456,435769088.6453421,52.06644747975013,260680.15943140147,360,0.15188543214696631,1100.2134750499586,0.1446290207770837,724.1115539761151,0.0
QE,mature_anchor,Traffic,20260833,60,0,7.899402843941222,415472312.6353092,51.28138601412365,256916.4662677279,360,0.14813097474064804,1074.2856963211898,0.1424482944836768,713.6568507436886,0.0
QE,mature_anchor,Traffic,20260834,60,0,7.684318736204749,402305316.10793656,50.613757143119514,253243.24123768072,360,0.14610041007057772,1057.1257101057047,0.14059376984199864,703.4534478824464,0.0
QE,mature_anchor,Traffic,20260835,60,0,7.841373706990971,412084543.19268817,51.519784132831816,258045.0768648205,360,0.1475858856074336,1069.8968579476978,0.14311051148008838,716.791880180057,0.0
QE,mature_anchor,Traffic,20260836,60,0,7.291144278192123,383098721.38684493,49.71133831242145,248972.51308841238,360,0.142313662557513,1031.5828202153514,0.13808705086783735,691.5903141344788,0.0
QE,mature_anchor,Traffic,20260837,60,0,7.4614435323594535,391478512.3592507,50.425731256505735,252444.26443878395,360,0.14396607945739098,1042.8040621847567,0.14007147571251594,701.234067885511,0.0
QE,mature_anchor,Water,20260808,60,0,12.990709194573403,42841497.772514515,71.41207768264672,51940.58377466387,540,0.15510276876587226,281.66665934422906,0.13224458830119765,96.18626624937754,0.0
QE,mature_anchor,Water,20260809,60,0,12.537937250664566,42582989.86354781,69.5459253734428,51205.19643771554,540,0.15237585870486667,280.81557762381993,0.12878875069156073,94.82443784762137,0.0
QE,mature_anchor,Water,20260810,60,0,12.393874072912642,41209529.631117836,70.40573150339215,51325.76728022692,540,0.1514979163339943,276.24978508829525,0.130380984265541,95.0477171856054,0.0
QE,mature_anchor,Water,20260811,60,0,11.715101490459363,39565838.9480709,68.04319363299926,49965.65810405392,540,0.14729097864343071,270.6844512085192,0.12600591413518383,92.52899648898874,0.0
QE,mature_anchor,Water,20260812,60,0,11.456467240349037,38235493.769587755,67.71151164828338,49454.43781979928,540,0.14565603343054637,266.0948514039327,0.1253916882375618,91.58229225888755,0.0
QE,mature_anchor,Water,20260813,60,0,12.98578033263025,42972031.29656301,71.59133153534914,52234.800896554276,540,0.1550733418635282,282.09543728032173,0.13257653988027618,96.73111277139681,0.0
QE,mature_anchor,Water,20260814,60,0,11.183142579925635,37698637.85732093,66.54316175539326,48961.35531888942,540,0.14390803763570187,264.22015882285,0.12322807732480233,90.66917651646189,0.0
QE,mature_anchor,Water,20260815,60,0,11.534260624971148,37898862.64810523,67.78894903705677,49348.1557030766,540,0.1461497242491231,264.9208919243113,0.1255350908093644,91.38547352421593,0.0
QE,mature_anchor,Water,20260816,60,0,11.811273333706943,39362367.54165753,68.55132479536272,50251.24317405642,540,0.14789431495413743,269.9875427224221,0.12694689776919021,93.05785772973411,0.0
QE,mature_anchor,Water,20260817,60,0,11.478256303207074,37787778.58992925,65.80368500138587,47892.195825162155,540,0.14579447928890932,264.5323567337808,0.12185867592849235,88.68925152807806,0.0
QE,mature_anchor,Water,20260818,60,0,12.441571414276789,40896647.363286294,69.55161410458324,50688.57834933959,540,0.1517891533129938,275.19907731355835,0.12879928537885785,93.8677376839622,0.0
QE,mature_anchor,Water,20260819,60,0,11.425073916075021,37316098.40642538,67.57176116809606,49050.27414411614,540,0.14545633120984391,262.8761798600717,0.12513289105202974,90.83384100762248,0.0
QE,mature_anchor,Water,20260820,60,0,10.882208412673648,36392000.63374995,65.33996356893509,47816.41723768875,540,0.14195857776565493,259.60083544974117,0.12099993253506498,88.54892081053472,0.0
QE,mature_anchor,Water,20260821,60,0,11.729182189700822,39364266.287728585,68.98216245701995,50445.914989866884,540,0.1473794685792605,269.9940544192031,0.1277447452907777,93.41836109234607,0.0
QE,mature_anchor,Water,20260822,60,0,12.72861097174588,43275320.857185714,70.10508008424972,51578.308351199536,540,0.15353013319713302,283.0891786502311,0.12982422237824023,95.5153858355547,0.0
QE,mature_anchor,Water,20260823,60,0,12.352584413530025,40928934.8321142,69.97253244681812,50939.01924923513,540,0.15124535140410728,275.3076892554482,0.12957876379040392,94.33151712821319,0.0
QE,mature_anchor,Water,20260824,60,0,12.524716221055348,41776630.98899434,70.72679190287515,51807.78057531526,540,0.15229549871181444,278.14408399443016,0.1309755405608799,95.94033439873196,0.0
QE,mature_anchor,Water,20260825,60,0,11.505059935065884,38186326.46434132,67.97393261109173,49587.73839728034,540,0.14596460717043122,265.9237096958634,0.1258776529835032,91.82914518014879,0.0
QE,mature_anchor,Water,20260826,60,0,12.660089077813629,42203464.94431468,71.81853530952651,52487.746248845244,540,0.15311632637755704,279.56137914900523,0.13299728761023427,97.19953009045416,0.0
QE,mature_anchor,Water,20260827,60,0,11.848609544947001,39661482.25592661,68.77124016363558,50397.34033386376,540,0.1481278823438708,271.0114192480218,0.127354148451177,93.32840802567362,0.0
QE,mature_anchor,Water,20260828,60,0,12.005950810552813,41010108.904837646,69.04753333609719,51078.77124898145,540,0.14910815618793113,275.5805619416393,0.12786580247425405,94.59031712774343,0.0
QE,mature_anchor,Water,20260829,60,0,12.439412055053502,42082024.49012396,70.18250245534917,51677.696219454985,540,0.15177598047813454,279.1588705051499,0.12996759713953548,95.69943744343516,0.0
QE,mature_anchor,Water,20260830,60,0,11.132284958685574,37286550.32755422,66.98628738484585,49091.41396195857,540,0.14358043918335253,262.7720823703472,0.12404868034230714,90.91002585547884,0.0
QE,mature_anchor,Water,20260831,60,0,13.056313187713098,41859093.62159184,70.95739178021012,51086.183117800356,540,0.1554939154919711,278.4184621033327,0.13140257737075947,94.6040428107414,0.0
QE,mature_anchor,Water,20260832,60,0,11.848898006070545,38150026.536847316,68.58664769572648,49322.18132500201,540,0.14812968546157604,265.79728608557684,0.12701231054764164,91.3373728240778,0.0
QE,mature_anchor,Water,20260833,60,0,12.385578745960302,41072206.814289376,70.01997173865341,51095.96076342886,540,0.15144720841588175,275.7891264148825,0.12966661433083965,94.6221495619053,0.0
QE,mature_anchor,Water,20260834,60,0,12.804266761087385,41998533.21000166,70.60450000942085,51456.762779753866,540,0.1539857302256439,278.8818056094787,0.1307490740915201,95.29030144398864,0.0
QE,mature_anchor,Water,20260835,60,0,11.994163925813034,39461594.31773243,69.16437387892937,50353.86072851326,540,0.14903494448427707,270.32762810027265,0.1280821738498692,93.24789023798752,0.0
QE,mature_anchor,Water,20260836,60,0,11.97279712482777,40084256.45752368,69.17647988373986,50753.957643910726,540,0.14890213741736158,272.45202247546223,0.12810459237729604,93.98881045168653,0.0
QE,mature_anchor,Water,20260837,60,0,10.714876265690016,35984285.79906144,64.70995561865472,47358.87844653748,540,0.14086292434484496,258.14253096798717,0.11983325114565689,87.70162675284718,0.0
QE,onoff,Climate,20260808,40,0,4.643146597398663,180162.51165696996,25.32921518836199,4345.221655678822,200,0.15236709942436166,30.013539582742485,0.12664607594180993,21.726108278394108,0.0
QE,onoff,Climate,20260809,40,0,4.282928721500904,166095.35291024577,24.25971740051276,4160.801315616536,200,0.14633743064405813,28.817993763467104,0.1212985870025638,20.80400657808268,0.0
QE,onoff,Climate,20260810,40,0,4.497884829114747,174848.4655420604,24.735794819987547,4250.898836151567,200,0.14996474300839427,29.56758914267956,0.12367897409993774,21.254494180757835,0.0
QE,onoff,Climate,20260811,40,0,4.549728413210752,175983.0289094603,24.81251361160743,4253.224926821305,200,0.15082652971560992,29.66336367553925,0.12406256805803714,21.26612463410653,0.0
QE,onoff,Climate,20260812,40,0,4.751055465346086,184526.16014079505,25.363855862689313,4354.660517711578,200,0.15412747103203384,30.374838282762514,0.12681927931344655,21.77330258855789,0.0
QE,onoff,Climate,20260813,40,0,4.213499366518257,163294.53642427688,24.03757450227966,4121.296106865035,200,0.14514646682779186,28.5739861083711,0.1201878725113983,20.606480534325172,0.0
QE,onoff,Climate,20260814,40,0,4.009018695491884,155141.07594548565,23.290680265532686,3992.0916948400477,200,0.14158069599157724,27.851487926633798,0.11645340132766342,19.960458474200237,0.0
QE,onoff,Climate,20260815,40,0,3.9799080468275836,154709.5582098568,23.343656222849194,4009.9136652315806,200,0.1410657301903546,27.812727141531518,0.11671828111424597,20.049568326157903,0.0
QE,onoff,Climate,20260816,40,0,4.509088835367561,174700.97580442743,24.674220987331168,4231.402341156777,200,0.15015140417870826,29.55511595345444,0.12337110493665585,21.157011705783884,0.0
QE,onoff,Climate,20260817,40,0,4.149957198986302,160813.1496686491,23.60789663186597,4047.765901027661,200,0.14404786008452714,28.3560531164555,0.11803948315932984,20.238829505138305,0.0
QE,onoff,Climate,20260818,40,0,5.29666944130592,204828.97245032532,26.794590565225114,4591.041042580916,200,0.16273704927437269,32.00226339263563,0.13397295282612556,22.95520521290458,0.0
QE,onoff,Climate,20260819,40,0,4.4385703598274855,172390.2589085588,24.556719864865922,4217.290356521807,200,0.148972654534775,29.35900704286155,0.12278359932432961,21.086451782609032,0.0
QE,onoff,Climate,20260820,40,0,4.602435388065601,178706.77684857475,25.190560596300067,4321.659488396372,200,0.1516976497521567,29.892037137720703,0.12595280298150033,21.608297441981858,0.0
QE,onoff,Climate,20260821,40,0,4.926453870911424,191460.4242825287,25.691549521621717,4413.864259455608,200,0.1569467086451867,30.940299310327358,0.12845774760810857,22.069321297278037,0.0
QE,onoff,Climate,20260822,40,0,4.339992381675744,168640.92813782717,24.178596472764003,4148.693725486711,200,0.1473090693351184,29.037986167934164,0.12089298236382001,20.743468627433554,0.0
QE,onoff,Climate,20260823,40,0,3.8978815688332147,151010.62913530756,23.117270258048958,3965.651601374286,200,0.13960446928435377,27.47823039565208,0.11558635129024479,19.82825800687143,0.0
QE,onoff,Climate,20260824,40,0,4.714988402784357,182924.13066884858,25.41575684893768,4357.994338513382,200,0.1535413364990737,30.242695867667667,0.1270787842446884,21.78997169256691,0.0
QE,onoff,Climate,20260825,40,0,4.537948020420404,176615.46375798524,24.783154188028046,4262.59533424643,200,0.15063113921796523,29.716616879953314,0.12391577094014022,21.31297667123215,0.0
QE,onoff,Climate,20260826,40,0,4.5022239805547795,174178.0028346465,24.429311610216303,4186.083230422944,200,0.15003706176399847,29.51084570413448,0.12214655805108152,20.93041615211472,0.0
QE,onoff,Climate,20260827,40,0,4.080401379299047,158215.47669977005,23.791057097128846,4081.613306606865,200,0.1428355939410595,28.126097907439103,0.11895528548564423,20.408066533034326,0.0
QE,onoff,Climate,20260828,40,0,4.663279691619289,180886.2839077991,25.312117135735356,4341.1047920684905,200,0.15269708071242372,30.073766301196724,0.12656058567867678,21.705523960342454,0.0
QE,onoff,Climate,20260829,40,0,4.504432056481349,174355.62489543835,24.79507891356474,4250.817786378387,200,0.15007384942889532,29.52588905481411,0.12397539456782371,21.254088931891932,0.0
QE,onoff,Climate,20260830,40,0,4.618740763961192,178972.30571546566,25.183951479638914,4318.909648945102,200,0.1519661272119743,29.91423621918715,0.12591975739819458,21.594548244725512,0.0
QE,onoff,Climate,20260831,40,0,4.1668559913564485,161419.28265053692,23.771492453562786,4076.1660870741157,200,0.14434084645997555,28.409442325619217,0.11885746226781393,20.38083043537058,0.0
QE,onoff,Climate,20260832,40,0,4.29748383344313,167275.75222263456,24.46528437296513,4205.590920140323,200,0.1465858764247622,28.92021371140215,0.12232642186482565,21.027954600701616,0.0
QE,onoff,Climate,20260833,40,0,5.129971816646151,199298.3674614666,26.249879738532663,4502.684402693951,200,0.16015573384437648,31.56725894510534,0.1312493986926633,22.513422013469754,0.0
QE,onoff,Climate,20260834,40,0,4.37970683471722,169560.38620678603,24.70908411306621,4234.399449832292,200,0.14798153321812185,29.11703850040265,0.12354542056533106,21.17199724916146,0.0
QE,onoff,Climate,20260835,40,0,4.363947635695048,168997.6532230182,23.904730438653697,4093.263382204531,200,0.14771505738574942,29.06868187784047,0.11952365219326849,20.466316911022655,0.0
QE,onoff,Climate,20260836,40,0,4.853332479824782,188582.5000834329,25.99634967723534,4461.196645757288,200,0.15577760557642395,30.706880343290567,0.1299817483861767,22.30598322878644,0.0
QE,onoff,Climate,20260837,40,0,4.499956097524348,174571.94384459537,25.11084148572413,4308.635313935083,200,0.14999926829028778,29.54419941753333,0.12555420742862064,21.543176569675417,0.0
QE,onoff,Traffic,20260808,40,0,5.073856277140738,265757256.52262378,34.116454863463844,170699.59135176972,240,0.1453996830169163,1052.2936387613483,0.14215189526443267,711.2482972990405,0.0
QE,onoff,Traffic,20260809,40,0,5.3065990046331635,278341796.46115226,34.85491620191493,174446.28969525106,240,0.14869710550636658,1076.9203708978678,0.1452288175079789,726.8595403968794,0.0
QE,onoff,Traffic,20260810,40,0,5.772432189242516,302131023.2265415,35.31477610930696,176726.6582354159,240,0.1550864300592108,1121.9978892332745,0.14714490045544568,736.3610759808996,0.0
QE,onoff,Traffic,20260811,40,0,5.1625574049647085,270693473.03565025,33.96351030254667,169986.29055724794,240,0.14666511464564305,1062.0214079677849,0.14151462626061115,708.2762106551997,0.0
QE,onoff,Traffic,20260812,40,0,5.1454258235747075,269592987.0580349,33.777754647328344,169007.67889719392,240,0.14642156352427949,1059.8604213488736,0.1407406443638681,704.1986620716414,0.0
QE,onoff,Traffic,20260813,40,0,5.025812492860209,263387897.37995878,33.094473686875574,165602.19141122315,240,0.14470965892751436,1047.5922739389093,0.13789364036198157,690.0091308800964,0.0
QE,onoff,Traffic,20260814,40,0,5.206167393533616,272573316.84870565,33.80775694677364,169137.62749472543,240,0.14728327854757783,1065.7026571873946,0.14086565394489015,704.740114561356,0.0
QE,onoff,Traffic,20260815,40,0,4.629445138483214,242866097.65988362,32.2441879448594,161398.62179408604,240,0.13888612149412213,1005.953315806876,0.1343507831035808,672.4942574753585,0.0
QE,onoff,Traffic,20260816,40,0,4.921884506467631,258139504.21275002,33.60188475884226,168220.2337317674,240,0.14320562876605722,1037.102341889712,0.14000785316184275,700.9176405490308,0.0
QE,onoff,Traffic,20260817,40,0,5.7293587401104284,300862527.16326267,35.401362235118064,177259.9486527031,240,0.15450672504390692,1119.6400596532178,0.1475056759796586,738.583119386263,0.0
QE,onoff,Traffic,20260818,40,0,5.019136399829617,264084869.3029234,33.13263206772392,166043.19136564873,240,0.14461351365838326,1048.9774173429637,0.1380526336155163,691.846630690203,0.0
QE,onoff,Traffic,20260819,40,0,5.753686609983303,301307620.8358847,35.87134503464907,179492.97348298773,240,0.15483440899316844,1120.4679469532002,0.1494639376443711,747.8873895124489,0.0
QE,onoff,Traffic,20260820,40,0,5.169461875734046,271054765.5242667,33.801133785976525,169174.05553503786,240,0.14676315778227583,1062.729907526419,0.14083805744156885,704.8918980626578,0.0
QE,onoff,Traffic,20260821,40,0,5.36638684247458,281038858.4873644,34.60968213915298,173213.8235258489,240,0.14953242182542695,1082.1253364085658,0.14420700891313742,721.724264691037,0.0
QE,onoff,Traffic,20260822,40,0,5.3432660293429635,280632154.5899308,34.70987061109933,173851.7598608138,240,0.14920994757587605,1081.3420569480832,0.14462446087958056,724.3823327533908,0.0
QE,onoff,Traffic,20260823,40,0,5.167345421091627,271498181.9317256,33.99060959119258,170244.50925760338,240,0.1467331111958549,1063.5988081581904,0.1416275399633024,709.3521219066807,0.0
QE,onoff,Traffic,20260824,40,0,5.1411039963111484,269673064.59077466,33.680540898318945,168626.57477689505,240,0.14636005825120613,1060.0178154768098,0.14033558707632893,702.6107282370627,0.0
QE,onoff,Traffic,20260825,40,0,5.427823911557998,285619166.0189465,35.12789103875437,175994.0159130368,240,0.15038594669989944,1090.9078138927584,0.14636621266147654,733.3083996376533,0.0
QE,onoff,Traffic,20260826,40,0,5.440234676718738,285659746.069321,35.26808733313954,176593.85030935062,240,0.15055777790047273,1090.985307855016,0.14695036388808141,735.8077096222943,0.0
QE,onoff,Traffic,20260827,40,0,5.126572075736268,269022254.1324873,33.541208985201834,167926.203052001,240,0.14615306011929566,1058.7379557215108,0.13975503743834097,699.6925127166708,0.0
QE,onoff,Traffic,20260828,40,0,5.722814570308441,300452350.5414028,35.287901617228464,176729.94884006513,240,0.15441845974370585,1118.8765767154623,0.1470329234051186,736.3747868336047,0.0
QE,onoff,Traffic,20260829,40,0,4.386170563211343,230206571.80192673,30.837607585562747,154412.5339770776,240,0.13518768686551028,979.384525696978,0.12849003160651146,643.3855582378234,0.0
QE,onoff,Traffic,20260830,40,0,5.389514116856346,282942574.3488201,34.48197409122237,172660.76234829825,240,0.1498542919646774,1085.7842295410649,0.14367489204675987,719.4198431179094,0.0
QE,onoff,Traffic,20260831,40,0,5.660849730144338,297420017.6247104,35.492859942339194,177796.57973774194,240,0.15358018711930718,1113.2160946717818,0.1478869164264133,740.8190822405915,0.0
QE,onoff,Traffic,20260832,40,0,5.827655441023154,306005102.66876405,35.255636413626924,176500.99722767514,240,0.15582649861602424,1129.168393606485,0.14689848505677885,735.4208217819797,0.0
QE,onoff,Traffic,20260833,40,0,5.488913209424973,287839742.9166161,35.039101043760006,175364.25110567815,240,0.1512298638032098,1095.1402933654515,0.14599625434900002,730.6843796069923,0.0
QE,onoff,Traffic,20260834,40,0,4.924718731346279,258353421.25922564,33.25488778086642,166513.53341191137,240,0.14324685469709098,1037.5319699074853,0.13856203242027673,693.8063892162974,0.0
QE,onoff,Traffic,20260835,40,0,4.589523403488347,240645152.50857148,31.451000405956997,157427.79910083383,240,0.1382859869299903,1001.3431656791697,0.1310458350248208,655.9491629201409,0.0
QE,onoff,Traffic,20260836,40,0,5.167201750522599,270686743.75792325,34.30277637991584,171656.37949875242,240,0.14673107133066318,1062.008207277458,0.142928234916316,715.2349145781351,0.0
QE,onoff,Traffic,20260837,40,0,5.202544899134434,272920781.94374347,34.18850139169553,171174.2684148548,240,0.14723202916845282,1066.3816975012267,0.14245208913206472,713.2261183952284,0.0
QE,onoff,Water,20260808,40,0,8.554894146853622,28754511.76737831,47.96199971765408,35175.72234293199,360,0.15415445128951408,282.619255887268,0.13322777699348357,97.71033984147776,0.0
QE,onoff,Water,20260809,40,0,8.441637518813357,28057293.486656267,46.33256398521857,33705.71230542533,360,0.1531306406563196,279.1718580942982,0.12870156662560714,93.62697862618148,0.0
QE,onoff,Water,20260810,40,0,8.157188370089568,26948707.378913265,46.67877599625889,34082.875428185296,360,0.15052859058525106,273.60102429812156,0.1296632666562747,94.67465396718138,0.0
QE,onoff,Water,20260811,40,0,7.898086153416457,26329274.39894436,45.82460021559328,33566.32981528552,360,0.14811862882140991,270.4382985643879,0.12729055615442578,93.23980504245978,0.0
QE,onoff,Water,20260812,40,0,7.674140604759897,24945570.92578861,45.30056204859834,32871.132638679235,360,0.14600362062443575,263.23611562936236,0.12583489457943983,91.30870177410898,0.0
QE,onoff,Water,20260813,40,0,8.13205375696118,26652197.839861088,46.19208840526712,33690.67780364601,360,0.1502965010031207,272.0916810350934,0.12831135668129756,93.58521612123891,0.0
QE,onoff,Water,20260814,40,0,7.817123875958619,26215107.788951606,45.42265755745357,33265.98586594118,360,0.14735750061932354,269.851336587757,0.12617404877070434,92.40551629428104,0.0
QE,onoff,Water,20260815,40,0,8.134302367142917,26902882.480145533,46.43150415415214,33873.71357275214,360,0.15031727895745975,273.36830304831494,0.12897640042820038,94.09364881320039,0.0
QE,onoff,Water,20260816,40,0,8.308367433731382,27881133.67122789,47.40278602922795,34714.96362143884,360,0.15191707747001854,278.2940774274375,0.1316744056367443,96.43045450399677,0.0
QE,onoff,Water,20260817,40,0,6.999435531894285,23204383.761818383,43.02879844357455,31299.422527858485,360,0.13943771540542438,253.88308640121463,0.11952444012104042,86.94284035516246,0.0
QE,onoff,Water,20260818,40,0,8.303623013089773,27639973.911097884,46.54499943366389,34050.558340912015,360,0.15187369581598034,277.0879017723532,0.1292916650935108,94.58488428031116,0.0
QE,onoff,Water,20260819,40,0,7.52901770829796,24564314.78997457,44.59308478679447,32377.755967026806,360,0.1446165207664928,261.21678305562483,0.12386967996331798,89.9382110195189,0.0
QE,onoff,Water,20260820,40,0,7.404569862934016,24149394.052865416,44.20957785620372,32056.766731875596,360,0.14341635059943883,259.0012551067048,0.12280438293389923,89.04657425520999,0.0
QE,onoff,Water,20260821,40,0,7.840325176175774,26662796.523205087,46.11288923894985,33956.425483547224,360,0.14757601785158966,272.1457765161342,0.1280913589970829,94.32340412096451,0.0
QE,onoff,Water,20260822,40,0,8.8878091913131,30055596.967473514,47.65609049346606,34971.52723450335,360,0.15712529670539563,288.9425018132381,0.13237802914851685,97.14313120695375,0.0
QE,onoff,Water,20260823,40,0,8.370976671277399,27771004.471861623,47.293577754232054,34491.14745339711,360,0.15248840275827716,277.74390918344994,0.13137104931731125,95.8087429261031,0.0
QE,onoff,Water,20260824,40,0,8.817844094681556,29466683.946828727,48.22113748529659,35371.98259283428,360,0.15650562729216938,286.09771032341735,0.13394760412582385,98.25550720231746,0.0
QE,onoff,Water,20260825,40,0,8.210228944631082,27873527.464625765,46.95537115743255,34612.76407524233,360,0.1510171894615448,278.25611436142066,0.13043158654842377,96.14656687567314,0.0
QE,onoff,Water,20260826,40,0,8.037695780571823,26734465.76856327,46.50957683671965,34002.65238091888,360,0.14942199544849688,272.5112931837427,0.12919326899088793,94.45181216921911,0.0
QE,onoff,Water,20260827,40,0,7.319915612971325,24454096.91426846,44.1939159562913,32374.812450480375,360,0.14259417563463225,260.6300960827031,0.12276087765636472,89.93003458466771,0.0
QE,onoff,Water,20260828,40,0,8.220883117777024,26998570.90118915,46.93598984775096,34027.29465358919,360,0.15111514298133563,273.85403097468,0.130377749577086,94.52026292663663,0.0
QE,onoff,Water,20260829,40,0,7.998429213198207,27271137.27463898,45.96124954733892,33949.58892351301,360,0.14905656283958307,275.2329179008561,0.127670137631497,94.30441367642503,0.0
QE,onoff,Water,20260830,40,0,8.11642194975423,27103497.02986089,46.726137297015406,34173.06195201241,360,0.15015197809917485,274.38566243448946,0.1297948258250428,94.92517208892336,0.0
QE,onoff,Water,20260831,40,0,7.428532825749023,24455631.281622842,45.07594013065101,32717.051271306496,360,0.14364822799066612,260.6382725457238,0.12521094480736392,90.88069797585138,0.0
QE,onoff,Water,20260832,40,0,7.472869250446507,24474476.33698479,44.88240541564556,32624.22494372251,360,0.14407626501311444,260.7386747140217,0.12467334837679321,90.62284706589587,0.0
QE,onoff,Water,20260833,40,0,8.078722289871083,26777963.96073138,46.20331795055332,33675.91840754542,360,0.14980285461112514,272.7328972167711,0.12834254986264812,93.54421779873726,0.0
QE,onoff,Water,20260834,40,0,8.69555987808896,28750553.299608815,47.90076122200823,34892.42980011202,360,0.1554166432358245,282.5998019363583,0.13305767006113398,96.92341611142227,0.0
QE,onoff,Water,20260835,40,0,7.638372578601476,25540461.793435495,45.514228583602986,33336.56570206993,360,0.1456629726705669,266.35639133309246,0.12642841273223052,92.6015713946387,0.0
QE,onoff,Water,20260836,40,0,8.205386713793391,27775197.221321844,46.5337583331757,34274.27365485672,360,0.15097264941587368,277.76487469581696,0.12926043981437693,95.20631570793533,0.0
QE,onoff,Water,20260837,40,0,7.9388300684720585,26634922.48516305,45.687809431102835,33535.838297080765,360,0.14850018769602857,272.00348488966017,0.12691058175306344,93.1551063807799,0.0
