protocol,n,dimension,payload_bytes,seed,audit_mode,offchain_active_ms,declared_wait_ms,offchain_final_ms,worker_ms,tp_sp_cloudA_ms,dr_cloudB_ms,rb_rc_ta_ms,auditor_ms,analytics_ms,crypto_and_protocol_ms,traffic_task_bytes,traffic_report_bytes,iterations,retained_count,valid,run,chain_active_ms,tx_count,confirm_median_ms,confirm_p95_ms,ledger_bytes_task,gas_used,e2e_active_ms,e2e_final_ms,total_traffic_task_bytes
IRPP-TD,10,9,256,2026181000,normal,12.331781,0.0,12.331781,7.313228,0.573401,4.341845,0.0,0.0,2.30464,10.027141,86220,1568.0,6,10,True,0,7038.143564,14.0,501.684004,504.423108,4046.0,363893.0,7050.475345,7550.475345,90266.0
BSIF,10,9,256,2026181000,normal,2571.433275,0.0,2571.433275,1833.748994,536.24453,201.356275,0.0,0.0,0.082341,2571.350934,155504,7324.0,1,10,True,0,11603.656064,23.0,501.936386,533.389393,78449.0,12032928.0,14175.089339,14175.089339,233953.0
RPPS-TDC,10,9,256,2026181000,normal,2796.271973,0.0,2796.271973,1825.49821,192.216347,725.243344,52.955814,0.0,475.785399,2320.486574,158184,6912.0,8,8,True,0,12566.55984,25.0,501.043847,534.791532,74739.0,11399128.0,15362.831813,15362.831813,232923.0
PRTD,10,9,256,2026181000,normal,6188.291351,0.0,6188.291351,3556.511813,1742.414121,848.204553,40.2077,0.0,380.685834,5807.605517,206540,7808.0,8,10,True,0,,,,,,,6188.291351,6188.291351,206540.0
BSIF,10,9,256,2026181001,normal,2469.780049,0.0,2469.780049,1812.410641,515.994694,141.299933,0.0,0.0,0.081534,2469.698515,132272,7324.0,1,7,True,1,11721.46274,23.0,502.116015,536.979969,78449.0,12032928.0,14191.242789,14191.242789,210721.0
RPPS-TDC,10,9,256,2026181001,normal,2799.470418,0.0,2799.470418,1820.506878,193.661143,731.480322,53.488944,0.0,479.926538,2319.54388,158184,6912.0,8,8,True,1,12637.25948,25.0,502.057801,536.669983,74739.0,11399128.0,15436.729898000001,15436.729898000001,232923.0
PRTD,10,9,256,2026181001,normal,6163.153957,0.0,6163.153957,3543.803386,1729.853268,847.418485,41.094627,0.0,381.923162,5781.230795,206540,7808.0,8,10,True,1,,,,,,,6163.153957,6163.153957,206540.0
IRPP-TD,10,9,256,2026181001,normal,12.074782,0.0,12.074782,7.599203,0.544936,3.827266,0.0,0.0,1.944492,10.13029,86220,1568.0,6,10,True,1,7035.443143,14.0,501.473078,509.16712,4046.0,363893.0,7047.517925,7547.517925,90266.0
RPPS-TDC,10,9,256,2026181002,normal,2809.163588,0.0,2809.163588,1830.871235,193.16624,731.841415,52.992092,0.0,480.005554,2329.158034,158184,6912.0,8,8,True,2,12809.475054,25.0,501.802922,554.312196,74739.0,11399128.0,15618.638642,15618.638642,232923.0
PRTD,10,9,256,2026181002,normal,6176.724315,0.0,6176.724315,3543.900707,1742.641517,848.992723,40.225864,0.0,381.671319,5795.052996,206540,7808.0,8,10,True,2,,,,,,,6176.724315,6176.724315,206540.0
IRPP-TD,10,9,256,2026181002,normal,11.500459,0.0,11.500459,7.005513,0.552261,3.841188,0.0,0.0,1.956422,9.544037,86220,1568.0,7,10,True,2,7083.729168,14.0,501.744294,527.238517,4046.0,363893.0,7095.229627,7595.229627,90266.0
BSIF,10,9,256,2026181002,normal,2491.338408,0.0,2491.338408,1824.559336,522.845115,143.853906,0.0,0.0,0.082449,2491.255959,132272,7324.0,1,7,True,2,11732.787795,23.0,501.419296,548.524804,78449.0,12032928.0,14224.126203,14224.126203,210721.0
PRTD,10,9,256,2026181003,normal,6157.283176,0.0,6157.283176,3532.107847,1733.67462,850.524222,40.065665,0.0,382.40363,5774.879546,206540,7808.0,8,10,True,3,,,,,,,6157.283176,6157.283176,206540.0
IRPP-TD,10,9,256,2026181003,normal,12.533582,0.0,12.533582,7.951932,0.64798,3.826278,0.0,0.0,1.88732,10.646261999999998,86220,1568.0,6,10,True,3,7049.946537,14.0,501.706517,508.049532,4046.0,363893.0,7062.480119,7562.480119,90266.0
BSIF,10,9,256,2026181003,normal,2557.141496,0.0,2557.141496,1823.98241,532.539376,200.54058,0.0,0.0,0.082382,2557.059114,155504,7324.0,1,10,True,3,11691.90288,23.0,501.568265,523.294591,78449.0,12032928.0,14249.044376,14249.044376,233953.0
RPPS-TDC,10,9,256,2026181003,normal,2794.329008,0.0,2794.329008,1818.200616,192.809373,729.732856,53.264238,0.0,478.317965,2316.011043,158184,6912.0,8,8,True,3,12673.107069,25.0,501.652463,542.812247,74739.0,11399128.0,15467.436077,15467.436077,232923.0
IRPP-TD,10,9,256,2026181004,normal,12.065939,0.0,12.065939,7.594647,0.551259,3.82503,0.0,0.0,1.84334,10.222599,86220,1568.0,6,10,True,4,7152.745394,14.0,501.665713,543.519106,4046.0,363893.0,7164.811333,7664.811333,90266.0
BSIF,10,9,256,2026181004,normal,2561.637477,0.0,2561.637477,1825.335664,533.650853,202.567105,0.0,0.0,0.090464,2561.5470130000003,155504,7324.0,1,10,True,4,11801.207986,23.0,501.613812,599.145701,78449.0,12032928.0,14362.845463,14362.845463,233953.0
RPPS-TDC,10,9,256,2026181004,normal,2795.703687,0.0,2795.703687,1819.392205,193.095679,729.880452,53.006126,0.0,479.360112,2316.3435750000003,158184,6912.0,8,8,True,4,12920.165468,25.0,502.836374,627.150541,74739.0,11399128.0,15715.869155,15715.869155,232923.0
PRTD,10,9,256,2026181004,normal,6089.922249,0.0,6089.922249,3505.469299,1703.37807,839.972305,40.16978,0.0,377.891071,5712.031178,206540,7808.0,8,10,True,4,,,,,,,6089.922249,6089.922249,206540.0
BSIF,10,9,256,2026181005,normal,2453.715424,0.0,2453.715424,1795.413192,517.311349,140.917088,0.0,0.0,0.083557,2453.631867,132272,7324.0,1,7,True,5,11873.13296,23.0,502.614515,581.249452,78449.0,12032928.0,14326.848384,14326.848384,210721.0
RPPS-TDC,10,9,256,2026181005,normal,2799.760957,0.0,2799.760957,1813.117565,192.879848,740.17177,53.252358,0.0,489.223159,2310.537798,158184,6912.0,8,8,True,5,12757.941611,25.0,503.40376,597.02538,74739.0,11399128.0,15557.702568,15557.702568,232923.0
PRTD,10,9,256,2026181005,normal,6161.543835,0.0,6161.543835,3540.024823,1731.147854,848.875433,40.559787,0.0,381.965712,5779.578123,206540,7808.0,8,10,True,5,,,,,,,6161.543835,6161.543835,206540.0
IRPP-TD,10,9,256,2026181005,normal,12.477501,0.0,12.477501,7.908145,0.600051,3.859173,0.0,0.0,1.892039,10.585462,86220,1568.0,6,10,True,5,6995.425535,14.0,501.105931,518.500862,4046.0,363893.0,7007.903036000001,7507.903036000001,90266.0
RPPS-TDC,10,9,256,2026181006,normal,2793.610809,0.0,2793.610809,1822.584924,192.707646,724.982835,53.043795,0.0,475.266084,2318.344725,158184,6912.0,8,8,True,6,12565.22428,25.0,501.602103,513.023372,74739.0,11399128.0,15358.835089,15358.835089,232923.0
PRTD,10,9,256,2026181006,normal,6103.628262,0.0,6103.628262,3506.605717,1716.440765,839.527378,40.079948,0.0,377.278917,5726.3493450000005,206540,7808.0,8,10,True,6,,,,,,,6103.628262,6103.628262,206540.0
IRPP-TD,10,9,256,2026181006,normal,11.910664,0.0,11.910664,7.525893,0.555555,3.733408,0.0,0.0,1.942215,9.968449,86220,1568.0,6,10,True,6,7322.990958,14.0,503.373121,628.432424,4046.0,363893.0,7334.901622,7834.901622,90266.0
BSIF,10,9,256,2026181006,normal,2446.041329,0.0,2446.041329,1795.11822,511.039521,139.801154,0.0,0.0,0.081257,2445.9600720000003,132272,7324.0,1,7,True,6,11761.198559,23.0,502.449387,565.204804,78449.0,12032928.0,14207.239888,14207.239888,210721.0
PRTD,10,9,256,2026181007,normal,6087.024706,0.0,6087.024706,3495.989279,1713.523321,836.471088,40.109846,0.0,376.21101,5710.813696,206540,7808.0,8,10,True,7,,,,,,,6087.024706,6087.024706,206540.0
IRPP-TD,10,9,256,2026181007,normal,11.914508,0.0,11.914508,7.392851,0.548322,3.809667,0.0,0.0,1.992074,9.922434,86220,1568.0,7,10,True,7,7031.589352,14.0,501.06982,514.222061,4046.0,363893.0,7043.50386,7543.50386,90266.0
BSIF,10,9,256,2026181007,normal,2448.098254,0.0,2448.098254,1794.271505,513.853495,139.896634,0.0,0.0,0.082054,2448.0162,132272,7324.0,1,7,True,7,11751.190218,23.0,501.952057,539.160516,78449.0,12032928.0,14199.288472,14199.288472,210721.0
RPPS-TDC,10,9,256,2026181007,normal,2761.535163,0.0,2761.535163,1798.178007,191.164657,719.274568,52.601973,0.0,472.238944,2289.296219,158184,6912.0,8,8,True,7,12689.077073,25.0,502.216693,544.490398,74739.0,11399128.0,15450.612236,15450.612236,232923.0
IRPP-TD,10,9,256,2026181008,normal,12.039001,0.0,12.039001,7.615402,0.579312,3.74645,0.0,0.0,1.825387,10.213614,86220,1568.0,6,10,True,8,7045.79247,14.0,502.143401,515.130197,4046.0,363893.0,7057.831471,7557.831471,90266.0
BSIF,10,9,256,2026181008,normal,2450.951276,0.0,2450.951276,1799.41485,511.666116,139.796831,0.0,0.0,0.079297,2450.871979,132272,7324.0,1,7,True,8,11748.818849,23.0,502.663276,549.209397,78449.0,12032928.0,14199.770125,14199.770125,210721.0
RPPS-TDC,10,9,256,2026181008,normal,2761.701494,0.0,2761.701494,1798.556848,190.990593,719.426125,52.401339,0.0,472.23273,2289.468764,158184,6912.0,8,8,True,8,12611.01696,25.0,501.920434,519.810467,74739.0,11399128.0,15372.718454000002,15372.718454000002,232923.0
PRTD,10,9,256,2026181008,normal,6161.160074,0.0,6161.160074,3542.849353,1732.831152,844.311255,40.204662,0.0,379.215578,5781.944496,206540,7808.0,8,10,True,8,,,,,,,6161.160074,6161.160074,206540.0
BSIF,10,9,256,2026181009,normal,2525.131932,0.0,2525.131932,1799.003774,526.457518,199.589836,0.0,0.0,0.093282,2525.03865,155504,7324.0,1,10,True,9,11663.214012,23.0,502.515403,566.414036,78449.0,12032928.0,14188.345944,14188.345944,233953.0
RPPS-TDC,10,9,256,2026181009,normal,2775.210828,0.0,2775.210828,1804.055244,191.448166,725.900307,53.423064,0.0,477.085265,2298.125563,158184,6912.0,8,8,True,9,12639.516388,25.0,501.760272,562.465176,74739.0,11399128.0,15414.727216,15414.727216,232923.0
PRTD,10,9,256,2026181009,normal,6150.403538,0.0,6150.403538,3533.752007,1732.023798,843.107612,40.549559,0.0,379.148929,5771.254609,206540,7808.0,8,10,True,9,,,,,,,6150.403538,6150.403538,206540.0
IRPP-TD,10,9,256,2026181009,normal,11.928598,0.0,11.928598,7.54045,0.556724,3.73,0.0,0.0,1.902767,10.025830999999998,86220,1568.0,6,10,True,9,7034.117263,14.0,501.15092,514.694081,4046.0,363893.0,7046.0458610000005,7546.0458610000005,90266.0
RPPS-TDC,10,9,256,2026181010,normal,2762.42966,0.0,2762.42966,1801.465557,190.392308,717.621941,52.629461,0.0,471.222079,2291.207581,158184,6912.0,8,8,True,10,12984.126277,25.0,502.593536,602.732891,74739.0,11399128.0,15746.555937,15746.555937,232923.0
PRTD,10,9,256,2026181010,normal,6099.63145,0.0,6099.63145,3505.012322,1715.902593,837.38763,40.342586,0.0,376.586184,5723.045266,206540,7808.0,8,10,True,10,,,,,,,6099.63145,6099.63145,206540.0
IRPP-TD,10,9,256,2026181010,normal,11.482927,0.0,11.482927,7.026535,0.56797,3.78062,0.0,0.0,1.829064,9.653863,86220,1568.0,7,10,True,10,7084.339507,14.0,501.360772,539.10038,4046.0,363893.0,7095.822434,7595.822434,90266.0
BSIF,10,9,256,2026181010,normal,2535.979906,0.0,2535.979906,1805.311039,529.909689,200.674507,0.0,0.0,0.102106,2535.8778,155504,7324.0,1,10,True,10,11647.463643,23.0,501.189548,535.601886,78449.0,12032928.0,14183.443549,14183.443549,233953.0
PRTD,10,9,256,2026181011,normal,5670.347474,0.0,5670.347474,3339.162104,1538.148988,751.861048,40.256181,0.0,335.996811,5334.350663,191868,7808.0,7,10,True,11,,,,,,,5670.347474,5670.347474,191868.0
IRPP-TD,10,9,256,2026181011,normal,12.225567,0.0,12.225567,7.717702,0.599848,3.792317,0.0,0.0,1.861952,10.363615,86220,1568.0,6,10,True,11,7054.782791,14.0,501.319683,516.065899,4046.0,363893.0,7067.008358,7567.008358,90266.0
BSIF,10,9,256,2026181011,normal,2566.15398,0.0,2566.15398,1829.659479,534.160564,202.252549,0.0,0.0,0.080855,2566.073125,155504,7324.0,1,10,True,11,11567.798476,23.0,500.919828,514.576169,78449.0,12032928.0,14133.952455999999,14133.952455999999,233953.0
RPPS-TDC,10,9,256,2026181011,normal,2811.984332,0.0,2811.984332,1834.655994,195.338394,728.355723,53.279805,0.0,477.092385,2334.891947,158184,6912.0,8,8,True,11,12739.518036,25.0,501.781122,550.030421,74739.0,11399128.0,15551.502368,15551.502368,232923.0
IRPP-TD,10,9,256,2026181012,normal,12.485032,0.0,12.485032,7.906191,0.564931,3.915363,0.0,0.0,2.090936,10.394096,86220,1568.0,6,10,True,12,7199.372405,14.0,502.291451,574.9118,4046.0,363893.0,7211.857437,7711.857437,90266.0
BSIF,10,9,256,2026181012,normal,2475.864713,0.0,2475.864713,1821.147742,514.168703,140.474718,0.0,0.0,0.081438,2475.783275,132272,7324.0,1,7,True,12,11575.501893,23.0,501.227271,504.65827,78449.0,12032928.0,14051.366606,14051.366606,210721.0
RPPS-TDC,10,9,256,2026181012,normal,2778.250565,0.0,2778.250565,1808.974397,192.057516,724.101714,52.79276,0.0,475.157481,2303.093084,158184,6912.0,8,8,True,12,12563.312588,25.0,501.076942,504.289869,74739.0,11399128.0,15341.563153000001,15341.563153000001,232923.0
PRTD,10,9,256,2026181012,normal,6139.863942,0.0,6139.863942,3527.404697,1725.69528,845.396201,40.370738,0.0,380.373076,5759.490866,206540,7808.0,8,10,True,12,,,,,,,6139.863942,6139.863942,206540.0
BSIF,10,9,256,2026181013,normal,2463.201835,0.0,2463.201835,1803.874963,517.704245,141.546011,0.0,0.0,0.091068,2463.110767,132272,7324.0,1,7,True,13,11745.931653,23.0,501.671787,537.029562,78449.0,12032928.0,14209.133488,14209.133488,210721.0
RPPS-TDC,10,9,256,2026181013,normal,2770.298349,0.0,2770.298349,1805.741842,191.503777,720.003531,52.727058,0.0,472.207988,2298.090361,158184,6912.0,8,8,True,13,12553.971571,25.0,500.788097,506.353741,74739.0,11399128.0,15324.26992,15324.26992,232923.0
PRTD,10,9,256,2026181013,normal,6011.52552,0.0,6011.52552,3468.183658,1675.843317,826.862853,39.478964,0.0,373.024968,5638.500552,206540,7808.0,8,10,True,13,,,,,,,6011.52552,6011.52552,206540.0
IRPP-TD,10,9,256,2026181013,normal,11.335372,0.0,11.335372,6.949039,0.572691,3.706981,0.0,0.0,1.802039,9.533333,86220,1568.0,6,10,True,13,7040.373827,14.0,501.049478,515.533515,4046.0,363893.0,7051.709199,7551.709199,90266.0
RPPS-TDC,10,9,256,2026181014,normal,2705.560201,0.0,2705.560201,1765.932159,186.253396,701.939131,51.149428,0.0,460.879932,2244.680269,158184,6912.0,8,8,True,14,12742.241161,25.0,501.306529,516.209102,74739.0,11399128.0,15447.801362,15447.801362,232923.0
PRTD,10,9,256,2026181014,normal,6151.058655,0.0,6151.058655,3527.783635,1732.39797,849.766795,40.093827,0.0,380.08226,5770.976395,206540,7808.0,8,10,True,14,,,,,,,6151.058655,6151.058655,206540.0
IRPP-TD,10,9,256,2026181014,normal,12.428746,0.0,12.428746,7.789355,0.558262,3.970569,0.0,0.0,2.060142,10.368604,86220,1568.0,6,10,True,14,7034.560999,14.0,501.081449,508.979985,4046.0,363893.0,7046.989745,7546.989745,90266.0
BSIF,10,9,256,2026181014,normal,2472.658866,0.0,2472.658866,1815.728975,516.16948,140.681123,0.0,0.0,0.081786,2472.57708,132272,7324.0,1,7,True,14,11852.032781,23.0,502.327946,629.328161,78449.0,12032928.0,14324.691647,14324.691647,210721.0
PRTD,10,9,256,2026181015,normal,6099.036486,0.0,6099.036486,3511.61486,1709.740654,836.789208,40.015342,0.0,377.048212,5721.988274,206540,7808.0,8,10,True,15,,,,,,,6099.036486,6099.036486,206540.0
IRPP-TD,10,9,256,2026181015,normal,11.976698,0.0,11.976698,7.548489,0.563173,3.764252,0.0,0.0,1.858816,10.117882000000002,86220,1568.0,6,10,True,15,7178.453886,14.0,503.132847,558.495382,4046.0,363893.0,7190.430584000001,7690.430584000001,90266.0
BSIF,10,9,256,2026181015,normal,2443.971591,0.0,2443.971591,1794.576931,509.697897,139.612147,0.0,0.0,0.079004,2443.892587,132272,7324.0,1,7,True,15,11587.026699,23.0,501.615562,532.266437,78449.0,12032928.0,14030.99829,14030.99829,210721.0
RPPS-TDC,10,9,256,2026181015,normal,2752.559357,0.0,2752.559357,1791.260125,190.481956,718.113094,52.393586,0.0,471.346739,2281.212618,158184,6912.0,8,8,True,15,12757.370295,25.0,502.56827,589.394921,74739.0,11399128.0,15509.929652,15509.929652,232923.0
IRPP-TD,10,9,256,2026181016,normal,11.959218,0.0,11.959218,7.640204,0.552105,3.64366,0.0,0.0,1.79431,10.164908,86220,1568.0,7,10,True,16,7137.897155,14.0,503.467499,539.579291,4046.0,363893.0,7149.856373,7649.856373,90266.0
BSIF,10,9,256,2026181016,normal,2443.648168,0.0,2443.648168,1792.988596,510.907132,139.671903,0.0,0.0,0.105795,2443.542373,132272,7324.0,1,7,True,16,11596.782676,23.0,501.236394,509.529933,78449.0,12032928.0,14040.430844,14040.430844,210721.0
RPPS-TDC,10,9,256,2026181016,normal,2753.565473,0.0,2753.565473,1792.842883,190.487413,717.403595,52.494788,0.0,471.078586,2282.486887,158184,6912.0,8,8,True,16,12610.35443,25.0,501.909601,531.90536,74739.0,11399128.0,15363.919903,15363.919903,232923.0
PRTD,10,9,256,2026181016,normal,6085.269918,0.0,6085.269918,3493.706292,1714.234021,836.358041,40.015063,0.0,375.851221,5709.418697,206540,7808.0,8,10,True,16,,,,,,,6085.269918,6085.269918,206540.0
BSIF,10,9,256,2026181017,normal,2524.741813,0.0,2524.741813,1798.857661,526.199403,199.609881,0.0,0.0,0.07828,2524.663533,155504,7324.0,1,10,True,17,11654.192147,23.0,501.049132,538.627637,78449.0,12032928.0,14178.93396,14178.93396,233953.0
RPPS-TDC,10,9,256,2026181017,normal,2768.544801,0.0,2768.544801,1791.054254,191.296588,733.696331,52.196387,0.0,487.070126,2281.474675,158184,6912.0,8,8,True,17,12645.857863,25.0,501.513798,539.724713,74739.0,11399128.0,15414.402664,15414.402664,232923.0
PRTD,10,9,256,2026181017,normal,6089.440262,0.0,6089.440262,3499.223369,1713.404266,835.813818,40.059525,0.0,375.803101,5713.637161,206540,7808.0,8,10,True,17,,,,,,,6089.440262,6089.440262,206540.0
IRPP-TD,10,9,256,2026181017,normal,11.989165,0.0,11.989165,7.548263,0.56827,3.76355,0.0,0.0,1.882107,10.107058,86220,1568.0,6,10,True,17,7219.248306,14.0,500.549126,582.18523,4046.0,363893.0,7231.237471,7731.237471,90266.0
RPPS-TDC,10,9,256,2026181018,normal,2769.755488,0.0,2769.755488,1792.896614,190.822651,733.318395,52.424489,0.0,486.7395,2283.015988,158184,6912.0,8,8,True,18,12596.518444,25.0,501.17583,529.986081,74739.0,11399128.0,15366.273932,15366.273932,232923.0
PRTD,10,9,256,2026181018,normal,6127.195795,0.0,6127.195795,3517.876904,1727.608431,840.829941,39.897314,0.0,378.437492,5748.758303,206540,7808.0,8,10,True,18,,,,,,,6127.195795,6127.195795,206540.0
IRPP-TD,10,9,256,2026181018,normal,12.08167,0.0,12.08167,7.442392,0.613167,3.925224,0.0,0.0,1.988006,10.093664,86220,1568.0,6,10,True,18,7124.941664,14.0,501.908241,537.015705,4046.0,363893.0,7137.0233339999995,7637.0233339999995,90266.0
BSIF,10,9,256,2026181018,normal,2519.754019,0.0,2519.754019,1794.143217,526.300053,199.226505,0.0,0.0,0.08232,2519.671699,155504,7324.0,1,10,True,18,11649.414251,23.0,501.591385,545.989904,78449.0,12032928.0,14169.16827,14169.16827,233953.0
PRTD,10,9,256,2026181019,normal,6088.976304,0.0,6088.976304,3496.489276,1715.851066,835.517559,40.214453,0.0,375.12645,5713.849854,206540,7808.0,8,10,True,19,,,,,,,6088.976304,6088.976304,206540.0
IRPP-TD,10,9,256,2026181019,normal,11.4513,0.0,11.4513,7.002118,0.54296,3.802954,0.0,0.0,1.993141,9.458159,86220,1568.0,6,10,True,19,7068.854897,14.0,502.010853,533.007544,4046.0,363893.0,7080.306197,7580.306197,90266.0
BSIF,10,9,256,2026181019,normal,2458.295437,0.0,2458.295437,1805.582333,511.981161,140.615816,0.0,0.0,0.084575,2458.2108620000004,132272,7324.0,1,7,True,19,11909.852847,23.0,502.205951,607.24427,78449.0,12032928.0,14368.148284,14368.148284,210721.0
RPPS-TDC,10,9,256,2026181019,normal,2793.333743,0.0,2793.333743,1817.132209,193.260737,729.359659,53.219622,0.0,479.232081,2314.101662,158184,6912.0,8,8,True,19,12718.35704,25.0,501.468412,520.050013,74739.0,11399128.0,15511.690783000002,15511.690783000002,232923.0
IRPP-TD,10,9,256,2026181020,normal,12.294892,0.0,12.294892,7.738611,0.550552,3.907499,0.0,0.0,1.877523,10.417369,86220,1568.0,6,10,True,20,7219.05196,14.0,501.535987,566.15404,4046.0,363893.0,7231.346852,7731.346852,90266.0
BSIF,10,9,256,2026181020,normal,2488.466333,0.0,2488.466333,1824.260364,520.845551,143.237893,0.0,0.0,0.084095,2488.382238,132272,7324.0,1,7,True,20,11687.986642,23.0,501.526505,576.644425,78449.0,12032928.0,14176.452975,14176.452975,210721.0
RPPS-TDC,10,9,256,2026181020,normal,2803.105781,0.0,2803.105781,1817.02044,194.583332,737.100981,54.048092,0.0,484.460376,2318.645405,158184,6912.0,8,8,True,20,12563.866865,25.0,501.189962,505.425643,74739.0,11399128.0,15366.972646,15366.972646,232923.0
PRTD,10,9,256,2026181020,normal,6217.750124,0.0,6217.750124,3588.882687,1739.806514,847.523567,40.489891,0.0,380.777097,5836.973027,206540,7808.0,8,10,True,20,,,,,,,6217.750124,6217.750124,206540.0
BSIF,10,9,256,2026181021,normal,2479.829451,0.0,2479.829451,1815.350504,521.248932,143.154948,0.0,0.0,0.080786,2479.748665,132272,7324.0,1,7,True,21,12100.47422,23.0,503.186716,632.482377,78449.0,12032928.0,14580.303671,14580.303671,210721.0
RPPS-TDC,10,9,256,2026181021,normal,2776.273597,0.0,2776.273597,1814.864411,190.569737,717.983162,52.524175,0.0,471.404073,2304.869524,158184,6912.0,8,8,True,21,12571.306641,25.0,500.596144,514.520492,74739.0,11399128.0,15347.580237999999,15347.580237999999,232923.0
PRTD,10,9,256,2026181021,normal,6143.186699,0.0,6143.186699,3520.497731,1734.021845,847.208949,40.497725,0.0,381.478633,5761.708066,206540,7808.0,8,10,True,21,,,,,,,6143.186699,6143.186699,206540.0
IRPP-TD,10,9,256,2026181021,normal,11.949251,0.0,11.949251,7.174297,0.561359,4.102675,0.0,0.0,2.212167,9.737084,86220,1568.0,6,10,True,21,7034.134448,14.0,501.466859,515.031419,4046.0,363893.0,7046.083699,7546.083699,90266.0
RPPS-TDC,10,9,256,2026181022,normal,2795.052269,0.0,2795.052269,1825.570249,191.859195,724.501298,52.750219,0.0,475.659028,2319.393241,158184,6912.0,8,8,True,22,12640.363126,25.0,501.40924,539.07518,74739.0,11399128.0,15435.415395,15435.415395,232923.0
PRTD,10,9,256,2026181022,normal,6175.457422,0.0,6175.457422,3545.958491,1738.445798,849.873444,40.186373,0.0,382.393285,5793.064137,206540,7808.0,8,10,True,22,,,,,,,6175.457422,6175.457422,206540.0
IRPP-TD,10,9,256,2026181022,normal,11.826021,0.0,11.826021,7.522835,0.545064,3.66074,0.0,0.0,1.836149,9.989872,86220,1568.0,6,10,True,22,7054.699731,14.0,501.110571,556.574146,4046.0,363893.0,7066.525752,7566.525752,90266.0
BSIF,10,9,256,2026181022,normal,2453.42157,0.0,2453.42157,1796.624587,515.70295,141.006291,0.0,0.0,0.082381,2453.339189,132272,7324.0,1,7,True,22,11559.554534,23.0,501.42951,514.035824,78449.0,12032928.0,14012.976104000001,14012.976104000001,210721.0
PRTD,10,9,256,2026181023,normal,6188.686034,0.0,6188.686034,3552.261799,1740.862854,854.083864,40.338187,0.0,385.16574,5803.520294,206540,7808.0,8,10,True,23,,,,,,,6188.686034,6188.686034,206540.0
IRPP-TD,10,9,256,2026181023,normal,11.428203,0.0,11.428203,6.970428,0.552148,3.799358,0.0,0.0,1.95237,9.475833,86220,1568.0,6,10,True,23,7208.924347,14.0,501.913648,561.363012,4046.0,363893.0,7220.3525500000005,7720.3525500000005,90266.0
BSIF,10,9,256,2026181023,normal,2542.480581,0.0,2542.480581,1808.660416,530.721336,203.005179,0.0,0.0,0.088143,2542.392438,155504,7324.0,1,10,True,23,11530.077644,23.0,501.238656,533.725353,78449.0,12032928.0,14072.558225,14072.558225,233953.0
RPPS-TDC,10,9,256,2026181023,normal,2781.630196,0.0,2781.630196,1808.474949,191.798131,728.014544,53.009855,0.0,476.805147,2304.825049,158184,6912.0,8,8,True,23,12595.922539,25.0,501.137854,562.477724,74739.0,11399128.0,15377.552735,15377.552735,232923.0
IRPP-TD,10,9,256,2026181024,normal,11.930298,0.0,11.930298,7.588608,0.563669,3.672186,0.0,0.0,1.816494,10.113804,86220,1568.0,6,10,True,24,7034.611065,14.0,501.427418,514.954831,4046.0,363893.0,7046.541363,7546.541363,90266.0
BSIF,10,9,256,2026181024,normal,2496.188679,0.0,2496.188679,1844.092719,511.795098,140.207215,0.0,0.0,0.101451,2496.087228,132272,7324.0,1,7,True,24,11728.012597,23.0,502.319299,561.467101,78449.0,12032928.0,14224.201276,14224.201276,210721.0
RPPS-TDC,10,9,256,2026181024,normal,2764.385432,0.0,2764.385432,1796.050249,192.317581,723.123352,52.595483,0.0,473.529985,2290.855447,158184,6912.0,8,8,True,24,12579.555039,25.0,501.247503,515.154769,74739.0,11399128.0,15343.940471000002,15343.940471000002,232923.0
PRTD,10,9,256,2026181024,normal,6149.4654,0.0,6149.4654,3536.092936,1727.998597,843.773465,40.599406,0.0,379.542482,5769.922918,206540,7808.0,8,10,True,24,,,,,,,6149.4654,6149.4654,206540.0
BSIF,10,9,256,2026181025,normal,2526.222277,0.0,2526.222277,1791.27955,530.821795,204.042944,0.0,0.0,0.081693,2526.140584,155504,7324.0,1,10,True,25,11836.72414,23.0,502.192194,558.213655,78449.0,12032928.0,14362.946417,14362.946417,233953.0
RPPS-TDC,10,9,256,2026181025,normal,2767.591539,0.0,2767.591539,1811.081377,189.672628,714.170455,52.295911,0.0,468.838658,2298.752881,158184,6912.0,8,8,True,25,12656.130196,25.0,501.21802,547.285819,74739.0,11399128.0,15423.721735,15423.721735,232923.0
PRTD,10,9,256,2026181025,normal,6206.507056,0.0,6206.507056,3547.75084,1756.342043,860.524935,40.751329,0.0,385.419694,5821.087362,206540,7808.0,8,10,True,25,,,,,,,6206.507056,6206.507056,206540.0
IRPP-TD,10,9,256,2026181025,normal,12.062327,0.0,12.062327,7.340824,0.56785,4.029972,0.0,0.0,1.982934,10.079393,86220,1568.0,7,10,True,25,7036.239207,14.0,501.270906,504.964436,4046.0,363893.0,7048.301533999999,7548.301533999999,90266.0
RPPS-TDC,10,9,256,2026181026,normal,2806.8249,0.0,2806.8249,1833.99919,193.069425,726.05935,53.342458,0.0,476.401979,2330.4229210000003,158184,6912.0,8,8,True,26,12854.788606,25.0,501.835092,612.891229,74739.0,11399128.0,15661.613506,15661.613506,232923.0
PRTD,10,9,256,2026181026,normal,6158.246877,0.0,6158.246877,3541.403215,1730.623534,844.242602,40.947494,0.0,379.333675,5778.913202,206540,7808.0,8,10,True,26,,,,,,,6158.246877,6158.246877,206540.0
IRPP-TD,10,9,256,2026181026,normal,12.411037,0.0,12.411037,7.687665,0.56767,4.052208,0.0,0.0,2.004973,10.406064,86220,1568.0,6,10,True,26,7035.62565,14.0,500.92506,504.290985,4046.0,363893.0,7048.036687,7548.036687,90266.0
BSIF,10,9,256,2026181026,normal,2477.180924,0.0,2477.180924,1819.17318,517.032497,140.897948,0.0,0.0,0.085266,2477.095658,132272,7324.0,1,7,True,26,11560.159764,23.0,501.64606,533.115651,78449.0,12032928.0,14037.340688,14037.340688,210721.0
PRTD,10,9,256,2026181027,normal,6187.941147,0.0,6187.941147,3560.554417,1737.207939,848.227401,40.921696,0.0,381.716356,5806.224791,206540,7808.0,8,10,True,27,,,,,,,6187.941147,6187.941147,206540.0
IRPP-TD,10,9,256,2026181027,normal,11.800974,0.0,11.800974,7.187218,0.57318,3.913371,0.0,0.0,1.96299,9.837984,86220,1568.0,6,10,True,27,7116.252481,14.0,501.999609,542.423154,4046.0,363893.0,7128.053455,7628.053455,90266.0
BSIF,10,9,256,2026181027,normal,2494.328501,0.0,2494.328501,1837.35088,515.243765,141.627547,0.0,0.0,0.081517,2494.246984,132272,7324.0,1,7,True,27,11562.676921,23.0,501.678361,552.127248,78449.0,12032928.0,14057.005422,14057.005422,210721.0
RPPS-TDC,10,9,256,2026181027,normal,2788.074688,0.0,2788.074688,1810.083822,192.695979,731.637277,53.299266,0.0,480.297057,2307.777631,158184,6912.0,8,8,True,27,12695.835535,25.0,502.54622,536.764798,74739.0,11399128.0,15483.910223,15483.910223,232923.0
IRPP-TD,10,9,256,2026181028,normal,12.150188,0.0,12.150188,7.797179,0.553959,3.696562,0.0,0.0,1.844754,10.305434,86220,1568.0,6,10,True,28,7160.552363,14.0,502.474846,537.489828,4046.0,363893.0,7172.702550999999,7672.702550999999,90266.0
BSIF,10,9,256,2026181028,normal,2549.231188,0.0,2549.231188,1814.499201,531.833331,202.809969,0.0,0.0,0.080964,2549.150224,155504,7324.0,1,10,True,28,11615.499973,23.0,501.788542,593.9453,78449.0,12032928.0,14164.731161,14164.731161,233953.0
RPPS-TDC,10,9,256,2026181028,normal,2784.773266,0.0,2784.773266,1810.361946,193.821874,726.645513,53.56221,0.0,475.71935,2309.0539160000003,158184,6912.0,8,8,True,28,12732.840863,25.0,501.079477,625.309223,74739.0,11399128.0,15517.614129,15517.614129,232923.0
PRTD,10,9,256,2026181028,normal,6171.739904,0.0,6171.739904,3554.506172,1726.358595,848.895162,40.941011,0.0,379.266198,5792.473706,206540,7808.0,8,10,True,28,,,,,,,6171.739904,6171.739904,206540.0
BSIF,10,9,256,2026181029,normal,2484.207116,0.0,2484.207116,1822.952956,519.337955,141.843916,0.0,0.0,0.079788,2484.127328,132272,7324.0,1,7,True,29,11555.005874,23.0,500.923638,535.021692,78449.0,12032928.0,14039.21299,14039.21299,210721.0
RPPS-TDC,10,9,256,2026181029,normal,2776.715057,0.0,2776.715057,1813.488937,190.384153,719.975334,52.527927,0.0,472.321428,2304.393629,158184,6912.0,8,8,True,29,12577.941504,25.0,501.761505,537.479108,74739.0,11399128.0,15354.656561,15354.656561,232923.0
PRTD,10,9,256,2026181029,normal,6092.23321,0.0,6092.23321,3498.461601,1716.172291,836.619751,40.089951,0.0,376.13356,5716.09965,206540,7808.0,8,10,True,29,,,,,,,6092.23321,6092.23321,206540.0
IRPP-TD,10,9,256,2026181029,normal,12.039425,0.0,12.039425,7.530028,0.548716,3.861083,0.0,0.0,1.938525,10.1009,86220,1568.0,7,10,True,29,7072.522243,14.0,502.212208,522.485347,4046.0,363893.0,7084.561668,7584.561668,90266.0
IRPP-TD,20,9,256,2026281000,normal,31.551334,0.0,31.551334,23.844479,1.107773,6.452172,0.0,0.0,3.019731,28.531603,211480,1568.0,6,20,True,0,12120.761466,24.0,501.593506,533.326382,6936.0,647953.0,12152.3128,12652.3128,218416.0
BSIF,20,9,256,2026281000,normal,4898.354414,0.0,4898.354414,3593.722704,1025.328096,279.1834,0.0,0.0,0.097667,4898.256747,264480,7324.0,1,14,True,0,21933.697182,43.0,501.928186,552.125543,155839.0,23959788.0,26832.051596,26832.051596,420319.0
RPPS-TDC,20,9,256,2026281000,normal,5323.19812,0.0,5323.19812,3605.363277,201.355252,1409.72999,106.178333,0.0,957.004014,4366.194106,309328,6912.0,8,16,True,0,22738.255736,45.0,502.208246,539.119082,147969.0,22667108.0,28061.453856,28061.453856,457297.0
PRTD,20,9,256,2026281000,normal,10342.938523,0.0,10342.938523,6993.357026,1975.959619,1292.280741,80.031571,0.0,376.270422,9966.668101,357300,7808.0,8,20,True,0,,,,,,,10342.938523,10342.938523,357300.0
BSIF,20,9,256,2026281001,normal,5047.940828,0.0,5047.940828,3594.502277,1053.418396,399.90163,0.0,0.0,0.078176,5047.862652,310944,7324.0,1,20,True,1,21902.82476,43.0,501.594708,530.97055,155839.0,23959788.0,26950.765588,26950.765588,466783.0
RPPS-TDC,20,9,256,2026281001,normal,5285.057667,0.0,5285.057667,3591.91537,200.09511,1387.918392,104.58335,0.0,941.929421,4343.128246,309328,6912.0,8,16,True,1,22784.967234,45.0,501.884714,563.74807,147969.0,22667108.0,28070.024901,28070.024901,457297.0
PRTD,20,9,256,2026281001,normal,10356.119599,0.0,10356.119599,7003.801255,1980.557299,1290.248032,80.240058,0.0,375.099886,9981.019713,357300,7808.0,8,20,True,1,,,,,,,10356.119599,10356.119599,357300.0
IRPP-TD,20,9,256,2026281001,normal,32.615202,0.0,32.615202,24.669133,1.100428,6.668314,0.0,0.0,3.124715,29.490486999999995,211480,1568.0,6,20,True,1,12466.364132,24.0,502.630903,622.497193,6936.0,647953.0,12498.979334000001,12998.979334000001,218416.0
RPPS-TDC,20,9,256,2026281002,normal,5279.399117,0.0,5279.399117,3585.049269,200.553124,1388.749473,104.528544,0.0,942.194255,4337.204862,309328,6912.0,8,16,True,2,22750.385531,45.0,501.868601,603.771064,147969.0,22667108.0,28029.784648,28029.784648,457297.0
PRTD,20,9,256,2026281002,normal,10359.906653,0.0,10359.906653,7006.8846,1980.744877,1290.317014,80.592832,0.0,375.226657,9984.679996,357300,7808.0,8,20,True,2,,,,,,,10359.906653,10359.906653,357300.0
IRPP-TD,20,9,256,2026281002,normal,32.32366,0.0,32.32366,24.484411,1.107202,6.548845,0.0,0.0,3.014489,29.309171,211480,1568.0,6,20,True,2,12254.55067,24.0,501.936191,594.665865,6936.0,647953.0,12286.87433,12786.87433,218416.0
BSIF,20,9,256,2026281002,normal,4901.331872,0.0,4901.331872,3589.026452,1029.163797,283.006774,0.0,0.0,0.096266,4901.235606,264480,7324.0,1,14,True,2,21709.569126,43.0,501.69341,534.902527,155839.0,23959788.0,26610.900997999997,26610.900997999997,420319.0
PRTD,20,9,256,2026281003,normal,10446.188085,0.0,10446.188085,7067.09892,1998.05253,1298.753157,80.928192,0.0,377.725962,10068.462123,357300,7808.0,8,20,True,3,,,,,,,10446.188085,10446.188085,357300.0
IRPP-TD,20,9,256,2026281003,normal,32.696876,0.0,32.696876,24.529231,1.135642,6.848282,0.0,0.0,3.124806,29.572070000000004,211480,1568.0,7,20,True,3,12361.719237,24.0,503.209769,596.054898,6936.0,647953.0,12394.416113,12894.416113,218416.0
BSIF,20,9,256,2026281003,normal,5099.558821,0.0,5099.558821,3625.334341,1064.751865,409.35148,0.0,0.0,0.086368,5099.472452999999,310944,7324.0,1,20,True,3,21635.464806,43.0,501.626944,519.575799,155839.0,23959788.0,26735.023627,26735.023627,466783.0
RPPS-TDC,20,9,256,2026281003,normal,5299.485335,0.0,5299.485335,3592.915872,205.160839,1394.127554,106.713568,0.0,940.350557,4359.134778000001,309328,6912.0,9,16,True,3,22772.648741,45.0,501.704952,533.368145,147969.0,22667108.0,28072.134076000002,28072.134076000002,457297.0
IRPP-TD,20,9,256,2026281004,normal,33.488646,0.0,33.488646,25.10255,1.14571,7.050746,0.0,0.0,3.245471,30.243175,211480,1568.0,6,20,True,4,12060.760824,24.0,501.611747,515.672615,6936.0,647953.0,12094.24947,12594.24947,218416.0
BSIF,20,9,256,2026281004,normal,5130.423873,0.0,5130.423873,3658.987785,1062.774277,408.538546,0.0,0.0,0.084877,5130.338996,310944,7324.0,1,20,True,4,21721.802644,43.0,502.361793,535.962961,155839.0,23959788.0,26852.226517,26852.226517,466783.0
RPPS-TDC,20,9,256,2026281004,normal,5323.274317,0.0,5323.274317,3631.589469,200.350532,1386.35799,104.384094,0.0,939.745286,4383.529031,309328,6912.0,8,16,True,4,22690.814986,45.0,501.82684,530.22048,147969.0,22667108.0,28014.089303,28014.089303,457297.0
PRTD,20,9,256,2026281004,normal,10418.021036,0.0,10418.021036,7023.348995,2005.522853,1305.960653,81.856067,0.0,381.304317,10036.716719,357300,7808.0,8,20,True,4,,,,,,,10418.021036,10418.021036,357300.0
BSIF,20,9,256,2026281005,normal,5078.8713,0.0,5078.8713,3620.143745,1060.254273,398.351251,0.0,0.0,0.085341,5078.785959,310944,7324.0,1,20,True,5,21713.814376,43.0,502.11401,537.841274,155839.0,23959788.0,26792.685675999997,26792.685675999997,466783.0
RPPS-TDC,20,9,256,2026281005,normal,5277.177842,0.0,5277.177842,3584.878572,200.714907,1386.551111,104.451704,0.0,940.534388,4336.643454,309328,6912.0,8,16,True,5,22994.613005,45.0,502.215523,557.899318,147969.0,22667108.0,28271.790847,28271.790847,457297.0
PRTD,20,9,256,2026281005,normal,10341.7775,0.0,10341.7775,6992.199104,1977.611575,1290.166972,80.533061,0.0,375.432018,9966.345482,357300,7808.0,8,20,True,5,,,,,,,10341.7775,10341.7775,357300.0
IRPP-TD,20,9,256,2026281005,normal,32.633842,0.0,32.633842,24.6297,1.095805,6.72047,0.0,0.0,3.133997,29.499845,211480,1568.0,7,20,True,5,12063.327028,24.0,501.701097,503.797038,6936.0,647953.0,12095.960869999999,12595.960869999999,218416.0
RPPS-TDC,20,9,256,2026281006,normal,5345.209686,0.0,5345.209686,3632.579062,205.644612,1400.901948,105.487599,0.0,951.251842,4393.9578440000005,309328,6912.0,8,16,True,6,23069.744565,45.0,502.468611,579.293093,147969.0,22667108.0,28414.954251000003,28414.954251000003,457297.0
PRTD,20,9,256,2026281006,normal,10373.343958,0.0,10373.343958,7002.015565,1991.868171,1295.505327,82.527452,0.0,376.778006,9996.565952,357300,7808.0,8,20,True,6,,,,,,,10373.343958,10373.343958,357300.0
IRPP-TD,20,9,256,2026281006,normal,32.148408,0.0,32.148408,24.015383,1.126317,6.761261,0.0,0.0,3.224174,28.924234,211480,1568.0,6,20,True,6,12332.920504,24.0,502.456257,582.213345,6936.0,647953.0,12365.068911999999,12865.068911999999,218416.0
BSIF,20,9,256,2026281006,normal,4929.806213,0.0,4929.806213,3617.896818,1029.582784,282.194112,0.0,0.0,0.081722,4929.724491,264480,7324.0,1,14,True,6,21912.824868,43.0,501.879473,552.785291,155839.0,23959788.0,26842.631081,26842.631081,420319.0
PRTD,20,9,256,2026281007,normal,10403.528815,0.0,10403.528815,7038.642794,1989.088812,1294.179989,80.286884,0.0,376.86055,10026.668265,357300,7808.0,8,20,True,7,,,,,,,10403.528815,10403.528815,357300.0
IRPP-TD,20,9,256,2026281007,normal,32.637742,0.0,32.637742,24.702111,1.122164,6.638888,0.0,0.0,3.090102,29.54764,211480,1568.0,6,20,True,7,12350.339044,24.0,501.521983,611.848306,6936.0,647953.0,12382.976786000001,12882.976786000001,218416.0
BSIF,20,9,256,2026281007,normal,4951.397433,0.0,4951.397433,3629.429041,1038.347887,283.495128,0.0,0.0,0.084993,4951.31244,264480,7324.0,1,14,True,7,21970.998087,43.0,502.195816,552.788764,155839.0,23959788.0,26922.39552,26922.39552,420319.0
RPPS-TDC,20,9,256,2026281007,normal,5279.491312,0.0,5279.491312,3585.053072,200.738686,1388.588438,104.546393,0.0,942.970749,4336.520563,309328,6912.0,8,16,True,7,22702.804904,45.0,502.09565,538.647321,147969.0,22667108.0,27982.296216000002,27982.296216000002,457297.0
IRPP-TD,20,9,256,2026281008,normal,32.491114,0.0,32.491114,24.603329,1.116299,6.602583,0.0,0.0,3.00635,29.484764,211480,1568.0,7,20,True,8,12311.551334,24.0,502.622517,573.670746,6936.0,647953.0,12344.042448,12844.042448,218416.0
BSIF,20,9,256,2026281008,normal,4920.851307,0.0,4920.851307,3608.293133,1031.800801,280.628408,0.0,0.0,0.10207,4920.749237,264480,7324.0,1,14,True,8,22305.875091,43.0,502.520194,581.8503,155839.0,23959788.0,27226.726398000003,27226.726398000003,420319.0
RPPS-TDC,20,9,256,2026281008,normal,5337.263392,0.0,5337.263392,3627.053326,203.024881,1400.152324,106.412165,0.0,949.686204,4387.577188,309328,6912.0,8,16,True,8,23579.785334,45.0,503.09199,621.621289,147969.0,22667108.0,28917.048726,28917.048726,457297.0
PRTD,20,9,256,2026281008,normal,10457.608112,0.0,10457.608112,7073.134994,1998.914937,1303.719611,80.318557,0.0,379.430258,10078.177854,357300,7808.0,8,20,True,8,,,,,,,10457.608112,10457.608112,357300.0
BSIF,20,9,256,2026281009,normal,5089.322195,0.0,5089.322195,3624.176562,1062.814142,402.21165,0.0,0.0,0.084298,5089.237897,310944,7324.0,1,20,True,9,21613.929984,43.0,501.090292,537.100096,155839.0,23959788.0,26703.252179,26703.252179,466783.0
RPPS-TDC,20,9,256,2026281009,normal,5314.131969,0.0,5314.131969,3621.636845,201.186007,1385.703982,105.018318,0.0,940.196047,4373.935922,309328,6912.0,8,16,True,9,22629.382737,45.0,501.825314,537.551141,147969.0,22667108.0,27943.514706,27943.514706,457297.0
PRTD,20,9,256,2026281009,normal,10349.69556,0.0,10349.69556,6994.068926,1981.605536,1292.490769,80.196388,0.0,375.90731,9973.78825,357300,7808.0,8,20,True,9,,,,,,,10349.69556,10349.69556,357300.0
IRPP-TD,20,9,256,2026281009,normal,33.012897,0.0,33.012897,24.977992,1.126898,6.710694,0.0,0.0,3.115236,29.897661000000003,211480,1568.0,6,20,True,9,12127.277736,24.0,501.623545,571.827433,6936.0,647953.0,12160.290633,12660.290633,218416.0
RPPS-TDC,20,9,256,2026281010,normal,5283.678955,0.0,5283.678955,3591.056297,200.210946,1387.374934,104.497186,0.0,941.380887,4342.298068,309328,6912.0,8,16,True,10,23111.27593,45.0,502.253311,610.912132,147969.0,22667108.0,28394.954885,28394.954885,457297.0
PRTD,20,9,256,2026281010,normal,10371.756755,0.0,10371.756755,7021.342558,1971.201062,1296.828914,81.051814,0.0,377.007725,9994.74903,357300,7808.0,8,20,True,10,,,,,,,10371.756755,10371.756755,357300.0
IRPP-TD,20,9,256,2026281010,normal,33.554754,0.0,33.554754,24.93967,1.143142,7.265687,0.0,0.0,3.4118,30.142954000000003,211480,1568.0,6,20,True,10,12105.753198,24.0,501.653825,533.53594,6936.0,647953.0,12139.307952000001,12639.307952000001,218416.0
BSIF,20,9,256,2026281010,normal,5091.264963,0.0,5091.264963,3629.113207,1059.878613,402.124434,0.0,0.0,0.082234,5091.182728999999,310944,7324.0,1,20,True,10,21806.031032,43.0,501.992852,541.845037,155839.0,23959788.0,26897.295995,26897.295995,466783.0
PRTD,20,9,256,2026281011,normal,10482.706877,0.0,10482.706877,7084.015527,2009.913856,1307.020481,80.426718,0.0,380.671079,10102.035798,357300,7808.0,8,20,True,11,,,,,,,10482.706877,10482.706877,357300.0
IRPP-TD,20,9,256,2026281011,normal,32.036577,0.0,32.036577,24.117613,1.134086,6.611679,0.0,0.0,3.017298,29.019279,211480,1568.0,6,20,True,11,12105.901026,24.0,501.910401,563.210175,6936.0,647953.0,12137.937603,12637.937603,218416.0
BSIF,20,9,256,2026281011,normal,4945.145036,0.0,4945.145036,3627.437679,1031.896484,285.678953,0.0,0.0,0.124348,4945.020688,264480,7324.0,1,14,True,11,21929.232943,43.0,502.13814,554.69256,155839.0,23959788.0,26874.377978999997,26874.377978999997,420319.0
RPPS-TDC,20,9,256,2026281011,normal,5322.344382,0.0,5322.344382,3627.523086,200.648004,1388.926525,104.6341,0.0,942.891848,4379.452534,309328,6912.0,8,16,True,11,22806.48347,45.0,502.094383,540.841321,147969.0,22667108.0,28128.827852,28128.827852,457297.0
IRPP-TD,20,9,256,2026281012,normal,32.381,0.0,32.381,24.533405,1.103702,6.57891,0.0,0.0,2.918031,29.462969,211480,1568.0,6,20,True,12,12069.317656,24.0,501.711957,532.668502,6936.0,647953.0,12101.698655999999,12601.698655999999,218416.0
BSIF,20,9,256,2026281012,normal,4937.876728,0.0,4937.876728,3620.885744,1031.563043,285.28048,0.0,0.0,0.083237,4937.793491,264480,7324.0,1,14,True,12,21818.343858,43.0,502.177835,535.49758,155839.0,23959788.0,26756.220586,26756.220586,420319.0
RPPS-TDC,20,9,256,2026281012,normal,5342.70379,0.0,5342.70379,3630.803008,203.160206,1401.679994,106.410049,0.0,950.298613,4392.405177,309328,6912.0,8,16,True,12,22644.686341,45.0,501.805041,541.183149,147969.0,22667108.0,27987.390131,27987.390131,457297.0
PRTD,20,9,256,2026281012,normal,10455.408133,0.0,10455.408133,7060.355221,2005.922373,1306.112892,81.613297,0.0,379.687468,10075.720665,357300,7808.0,8,20,True,12,,,,,,,10455.408133,10455.408133,357300.0
BSIF,20,9,256,2026281013,normal,5099.649813,0.0,5099.649813,3628.022333,1065.823269,405.684205,0.0,0.0,0.091741,5099.558072,310944,7324.0,1,20,True,13,21924.44334,43.0,501.609791,592.024563,155839.0,23959788.0,27024.093153,27024.093153,466783.0
RPPS-TDC,20,9,256,2026281013,normal,5338.801204,0.0,5338.801204,3627.993376,200.639888,1404.261513,105.298995,0.0,955.254259,4383.546945,309328,6912.0,8,16,True,13,22860.259313,45.0,502.062563,546.392175,147969.0,22667108.0,28199.060516999998,28199.060516999998,457297.0
PRTD,20,9,256,2026281013,normal,10345.709861,0.0,10345.709861,6996.930267,1976.270095,1291.056665,80.167632,0.0,375.502052,9970.207809,357300,7808.0,8,20,True,13,,,,,,,10345.709861,10345.709861,357300.0
IRPP-TD,20,9,256,2026281013,normal,32.410355,0.0,32.410355,24.652174,1.089755,6.49564,0.0,0.0,2.912706,29.497649000000003,211480,1568.0,6,20,True,13,12166.375618,24.0,501.734225,539.931049,6936.0,647953.0,12198.785973,12698.785973,218416.0
RPPS-TDC,20,9,256,2026281014,normal,5282.121642,0.0,5282.121642,3588.654143,200.861787,1387.48542,104.589997,0.0,941.575225,4340.546417,309328,6912.0,9,16,True,14,22721.790976,45.0,501.972571,549.271001,147969.0,22667108.0,28003.912618000002,28003.912618000002,457297.0
PRTD,20,9,256,2026281014,normal,10379.67295,0.0,10379.67295,7011.824905,1990.060599,1295.879305,80.473981,0.0,375.854309,10003.818641,357300,7808.0,8,20,True,14,,,,,,,10379.67295,10379.67295,357300.0
IRPP-TD,20,9,256,2026281014,normal,32.58758,0.0,32.58758,24.602953,1.110898,6.692429,0.0,0.0,3.197861,29.389719000000003,211480,1568.0,7,20,True,14,12151.20097,24.0,502.086235,547.015072,6936.0,647953.0,12183.78855,12683.78855,218416.0
BSIF,20,9,256,2026281014,normal,4949.896948,0.0,4949.896948,3649.423827,1020.736271,279.617546,0.0,0.0,0.082812,4949.814136,264480,7324.0,1,14,True,14,21867.968037,43.0,502.898521,542.366647,155839.0,23959788.0,26817.864985,26817.864985,420319.0
PRTD,20,9,256,2026281015,normal,10435.535205,0.0,10435.535205,7039.494443,2004.35816,1309.624923,80.743875,0.0,381.341695,10054.19351,357300,7808.0,8,20,True,15,,,,,,,10435.535205,10435.535205,357300.0
IRPP-TD,20,9,256,2026281015,normal,32.528346,0.0,32.528346,24.742574,1.08808,6.518198,0.0,0.0,3.105204,29.423142,211480,1568.0,6,20,True,15,12344.509674,24.0,502.278231,600.865919,6936.0,647953.0,12377.03802,12877.03802,218416.0
BSIF,20,9,256,2026281015,normal,4947.528329,0.0,4947.528329,3619.089101,1042.97037,285.343888,0.0,0.0,0.084021,4947.444308,264480,7324.0,1,14,True,15,21681.706,43.0,501.727647,544.683268,155839.0,23959788.0,26629.234329,26629.234329,420319.0
RPPS-TDC,20,9,256,2026281015,normal,5325.533378,0.0,5325.533378,3618.036167,201.378155,1400.679943,104.846038,0.0,952.33385,4373.199528,309328,6912.0,8,16,True,15,22807.029114,45.0,502.439847,541.159034,147969.0,22667108.0,28132.562492,28132.562492,457297.0
IRPP-TD,20,9,256,2026281016,normal,34.321665,0.0,34.321665,26.229499,1.110992,6.797397,0.0,0.0,3.170648,31.151017000000003,211480,1568.0,6,20,True,16,12159.400575,24.0,501.79732,543.165795,6936.0,647953.0,12193.72224,12693.72224,218416.0
BSIF,20,9,256,2026281016,normal,5104.691508,0.0,5104.691508,3638.166948,1062.886745,403.514397,0.0,0.0,0.082881,5104.608627,310944,7324.0,1,20,True,16,21898.859205,43.0,501.813457,571.443419,155839.0,23959788.0,27003.550713,27003.550713,466783.0
RPPS-TDC,20,9,256,2026281016,normal,5332.472797,0.0,5332.472797,3621.519565,201.369794,1402.219477,106.769279,0.0,952.626032,4379.846765,309328,6912.0,8,16,True,16,22793.234098,45.0,501.598209,577.933532,147969.0,22667108.0,28125.706895000003,28125.706895000003,457297.0
PRTD,20,9,256,2026281016,normal,10363.117283,0.0,10363.117283,7001.836179,1985.040957,1293.57781,81.363203,0.0,376.326126,9986.791157,357300,7808.0,8,20,True,16,,,,,,,10363.117283,10363.117283,357300.0
BSIF,20,9,256,2026281017,normal,4961.988078,0.0,4961.988078,3646.370731,1032.427173,283.069137,0.0,0.0,0.08212,4961.905958,264480,7324.0,1,14,True,17,21701.76306,43.0,501.586053,532.444164,155839.0,23959788.0,26663.751138,26663.751138,420319.0
RPPS-TDC,20,9,256,2026281017,normal,5352.588711,0.0,5352.588711,3632.665671,202.205514,1409.691664,107.381418,0.0,956.127865,4396.460846,309328,6912.0,9,16,True,17,22838.849511,45.0,501.257184,612.224039,147969.0,22667108.0,28191.438222,28191.438222,457297.0
PRTD,20,9,256,2026281017,normal,10428.576979,0.0,10428.576979,7052.246647,1992.173423,1301.024325,81.800029,0.0,378.395329,10050.18165,357300,7808.0,8,20,True,17,,,,,,,10428.576979,10428.576979,357300.0
IRPP-TD,20,9,256,2026281017,normal,33.452969,0.0,33.452969,25.250998,1.243691,6.773503,0.0,0.0,3.03168,30.421289,211480,1568.0,7,20,True,17,12200.418031,24.0,501.976724,545.805874,6936.0,647953.0,12233.871,12733.871,218416.0
RPPS-TDC,20,9,256,2026281018,normal,5349.582496,0.0,5349.582496,3634.954001,203.04485,1404.825719,106.181461,0.0,954.54185,4395.040646,309328,6912.0,8,16,True,18,22785.345044,45.0,501.214966,545.254066,147969.0,22667108.0,28134.92754,28134.92754,457297.0
PRTD,20,9,256,2026281018,normal,10424.747649,0.0,10424.747649,7026.882041,2002.42548,1310.345374,83.763444,0.0,380.997224,10043.750425,357300,7808.0,8,20,True,18,,,,,,,10424.747649,10424.747649,357300.0
IRPP-TD,20,9,256,2026281018,normal,33.402319,0.0,33.402319,25.057702,1.104265,7.037619,0.0,0.0,3.402234,30.000085,211480,1568.0,6,20,True,18,12056.565847,24.0,501.785025,516.88083,6936.0,647953.0,12089.968166,12589.968166,218416.0
BSIF,20,9,256,2026281018,normal,4943.553556,0.0,4943.553556,3622.220155,1039.988967,281.220616,0.0,0.0,0.081332,4943.472224,264480,7324.0,1,14,True,18,21705.011753,43.0,501.410245,512.57473,155839.0,23959788.0,26648.565308999998,26648.565308999998,420319.0
PRTD,20,9,256,2026281019,normal,10341.34299,0.0,10341.34299,6985.447538,1982.437033,1291.19161,80.961341,0.0,375.924313,9965.418677,357300,7808.0,8,20,True,19,,,,,,,10341.34299,10341.34299,357300.0
IRPP-TD,20,9,256,2026281019,normal,32.746642,0.0,32.746642,24.723015,1.151006,6.666881,0.0,0.0,3.094568,29.652074,211480,1568.0,6,20,True,19,12251.433193,24.0,501.792598,539.742079,6936.0,647953.0,12284.179835,12784.179835,218416.0
BSIF,20,9,256,2026281019,normal,4900.596129,0.0,4900.596129,3589.518129,1023.28366,287.652935,0.0,0.0,0.086286,4900.509843,264480,7324.0,1,14,True,19,21791.278418,43.0,502.230508,539.113437,155839.0,23959788.0,26691.874547,26691.874547,420319.0
RPPS-TDC,20,9,256,2026281019,normal,5348.633446,0.0,5348.633446,3639.920585,203.263326,1398.944862,105.849345,0.0,949.015895,4399.617550999999,309328,6912.0,8,16,True,19,22602.910065,45.0,501.720393,623.556007,147969.0,22667108.0,27951.543511,27951.543511,457297.0
IRPP-TD,20,9,256,2026281020,normal,33.022126,0.0,33.022126,24.816641,1.104531,6.923821,0.0,0.0,3.32682,29.695306,211480,1568.0,6,20,True,20,12108.005487,24.0,502.123643,530.131175,6936.0,647953.0,12141.027613,12641.027613,218416.0
BSIF,20,9,256,2026281020,normal,4894.288976,0.0,4894.288976,3594.726948,1020.669813,278.747112,0.0,0.0,0.089557,4894.199419,264480,7324.0,1,14,True,20,21852.118657,43.0,502.043982,543.067208,155839.0,23959788.0,26746.407633,26746.407633,420319.0
RPPS-TDC,20,9,256,2026281020,normal,5314.661387,0.0,5314.661387,3603.031116,203.377741,1402.199327,105.467747,0.0,951.771833,4362.889554,309328,6912.0,8,16,True,20,23112.833968,45.0,502.24867,605.937066,147969.0,22667108.0,28427.495355,28427.495355,457297.0
PRTD,20,9,256,2026281020,normal,10384.62411,0.0,10384.62411,7014.405291,1990.6835,1296.879393,81.259609,0.0,377.540024,10007.084086,357300,7808.0,8,20,True,20,,,,,,,10384.62411,10384.62411,357300.0
BSIF,20,9,256,2026281021,normal,4962.234364,0.0,4962.234364,3641.596611,1035.226303,285.28597,0.0,0.0,0.082745,4962.151619,264480,7324.0,1,14,True,21,21710.865143,43.0,501.654683,538.708984,155839.0,23959788.0,26673.099507,26673.099507,420319.0
RPPS-TDC,20,9,256,2026281021,normal,5358.904302,0.0,5358.904302,3620.03578,201.346772,1431.074472,105.8387,0.0,980.31772,4378.586582,309328,6912.0,8,16,True,21,22807.013054,45.0,501.800282,544.163094,147969.0,22667108.0,28165.917355999998,28165.917355999998,457297.0
PRTD,20,9,256,2026281021,normal,10472.772774,0.0,10472.772774,7080.355598,2004.144954,1305.46373,81.380146,0.0,379.415452,10093.357322,357300,7808.0,8,20,True,21,,,,,,,10472.772774,10472.772774,357300.0
IRPP-TD,20,9,256,2026281021,normal,33.673233,0.0,33.673233,25.36869,1.137601,6.971942,0.0,0.0,3.260909,30.412324000000005,211480,1568.0,6,20,True,21,12140.458921,24.0,502.226168,536.211089,6936.0,647953.0,12174.132153999999,12674.132153999999,218416.0
RPPS-TDC,20,9,256,2026281022,normal,5353.139878,0.0,5353.139878,3632.729732,202.596682,1411.669522,105.589405,0.0,958.991218,4394.14866,309328,6912.0,8,16,True,22,22627.718326,45.0,501.524558,531.889704,147969.0,22667108.0,27980.858203999996,27980.858203999996,457297.0
PRTD,20,9,256,2026281022,normal,10487.095568,0.0,10487.095568,7091.371501,2005.621383,1307.266702,81.422056,0.0,381.397258,10105.69831,357300,7808.0,8,20,True,22,,,,,,,10487.095568,10487.095568,357300.0
IRPP-TD,20,9,256,2026281022,normal,33.118305,0.0,33.118305,24.879926,1.109108,6.945915,0.0,0.0,3.062625,30.05568,211480,1568.0,6,20,True,22,12224.07432,24.0,502.180327,536.895395,6936.0,647953.0,12257.192625,12757.192625,218416.0
BSIF,20,9,256,2026281022,normal,4945.431936,0.0,4945.431936,3617.227131,1042.238367,285.849638,0.0,0.0,0.082934,4945.349002,264480,7324.0,1,14,True,22,22080.662358,43.0,501.651524,597.439573,155839.0,23959788.0,27026.094294000002,27026.094294000002,420319.0
PRTD,20,9,256,2026281023,normal,10444.717317,0.0,10444.717317,7055.386465,2003.50106,1303.36863,81.133788,0.0,379.530895,10065.186422,357300,7808.0,8,20,True,23,,,,,,,10444.717317,10444.717317,357300.0
IRPP-TD,20,9,256,2026281023,normal,32.581425,0.0,32.581425,24.813551,1.116198,6.471863,0.0,0.0,2.906541,29.674884,211480,1568.0,6,20,True,23,12097.464334,24.0,502.211975,523.517952,6936.0,647953.0,12130.045759,12630.045759,218416.0
BSIF,20,9,256,2026281023,normal,5149.425413,0.0,5149.425413,3766.865409,1077.925438,304.485371,0.0,0.0,0.094089,5149.331324,264480,7324.0,1,14,True,23,21959.864426,43.0,502.347702,585.99675,155839.0,23959788.0,27109.289839,27109.289839,420319.0
RPPS-TDC,20,9,256,2026281023,normal,5348.946865,0.0,5348.946865,3634.992075,201.121686,1406.609033,105.599728,0.0,954.229771,4394.717094,309328,6912.0,8,16,True,23,22964.775102,45.0,501.87658,555.468668,147969.0,22667108.0,28313.721966999998,28313.721966999998,457297.0
IRPP-TD,20,9,256,2026281024,normal,32.200462,0.0,32.200462,24.224455,1.098685,6.716243,0.0,0.0,3.159149,29.041313,211480,1568.0,7,20,True,24,12401.258101,24.0,502.56629,587.12527,6936.0,647953.0,12433.458563,12933.458563,218416.0
BSIF,20,9,256,2026281024,normal,5082.699588,0.0,5082.699588,3615.796374,1063.841543,402.93421,0.0,0.0,0.081743,5082.617845000001,310944,7324.0,1,20,True,24,21838.888154,43.0,502.132323,550.672126,155839.0,23959788.0,26921.587742,26921.587742,466783.0
RPPS-TDC,20,9,256,2026281024,normal,5319.746722,0.0,5319.746722,3621.819638,199.702571,1392.647258,104.895616,0.0,946.476725,4373.269996999999,309328,6912.0,8,16,True,24,22673.031523,45.0,501.874549,528.908277,147969.0,22667108.0,27992.778245,27992.778245,457297.0
PRTD,20,9,256,2026281024,normal,10411.930429,0.0,10411.930429,7025.220059,1995.420104,1309.730738,80.222487,0.0,381.199813,10030.730616,357300,7808.0,8,20,True,24,,,,,,,10411.930429,10411.930429,357300.0
BSIF,20,9,256,2026281025,normal,4951.227003,0.0,4951.227003,3636.853196,1031.398437,282.843507,0.0,0.0,0.09223,4951.134773,264480,7324.0,1,14,True,25,21700.467107,43.0,501.95953,532.853369,155839.0,23959788.0,26651.69411,26651.69411,420319.0
RPPS-TDC,20,9,256,2026281025,normal,5326.394658,0.0,5326.394658,3618.833633,201.49103,1400.269509,105.186951,0.0,950.753747,4375.640911,309328,6912.0,8,16,True,25,22818.731458,45.0,501.789354,572.548268,147969.0,22667108.0,28145.126116,28145.126116,457297.0
PRTD,20,9,256,2026281025,normal,10430.606308,0.0,10430.606308,7051.866077,1995.998602,1301.127592,80.25116,0.0,378.818814,10051.787494,357300,7808.0,8,20,True,25,,,,,,,10430.606308,10430.606308,357300.0
IRPP-TD,20,9,256,2026281025,normal,32.385852,0.0,32.385852,24.543992,1.096142,6.57451,0.0,0.0,3.011662,29.37419,211480,1568.0,6,20,True,25,12138.766805,24.0,501.946751,545.711879,6936.0,647953.0,12171.152656999999,12671.152656999999,218416.0
RPPS-TDC,20,9,256,2026281026,normal,5343.415523,0.0,5343.415523,3621.172219,204.068776,1411.408996,106.18119,0.0,956.817027,4386.598496,309328,6912.0,8,16,True,26,22745.769664,45.0,501.77534,531.955,147969.0,22667108.0,28089.185187,28089.185187,457297.0
PRTD,20,9,256,2026281026,normal,10445.074275,0.0,10445.074275,7070.552305,1993.676314,1299.173689,80.236255,0.0,378.955792,10066.118483,357300,7808.0,8,20,True,26,,,,,,,10445.074275,10445.074275,357300.0
IRPP-TD,20,9,256,2026281026,normal,32.025116,0.0,32.025116,23.951799,1.138314,6.748996,0.0,0.0,3.124065,28.901050999999995,211480,1568.0,6,20,True,26,12116.058142,24.0,501.63105,536.252819,6936.0,647953.0,12148.083258,12648.083258,218416.0
BSIF,20,9,256,2026281026,normal,5046.88568,0.0,5046.88568,3593.822744,1054.05114,398.879879,0.0,0.0,0.124264,5046.761416,310944,7324.0,1,20,True,26,21713.029187,43.0,501.766224,539.274047,155839.0,23959788.0,26759.914867,26759.914867,466783.0
PRTD,20,9,256,2026281027,normal,10440.633006,0.0,10440.633006,7045.653279,2006.185451,1306.071701,81.298961,0.0,380.432155,10060.200851,357300,7808.0,8,20,True,27,,,,,,,10440.633006,10440.633006,357300.0
IRPP-TD,20,9,256,2026281027,normal,33.343965,0.0,33.343965,25.128896,1.14788,6.880395,0.0,0.0,3.151008,30.192957,211480,1568.0,6,20,True,27,12066.064748,24.0,502.288528,512.090225,6936.0,647953.0,12099.408713,12599.408713,218416.0
BSIF,20,9,256,2026281027,normal,5095.855267,0.0,5095.855267,3624.102382,1062.814164,408.78042,0.0,0.0,0.104233,5095.751034,310944,7324.0,1,20,True,27,21688.086672,43.0,501.715489,533.777369,155839.0,23959788.0,26783.941939,26783.941939,466783.0
RPPS-TDC,20,9,256,2026281027,normal,5338.518343,0.0,5338.518343,3628.321551,201.901961,1402.303051,105.359087,0.0,952.439472,4386.078871,309328,6912.0,9,16,True,27,22874.865886,45.0,501.523483,513.137824,147969.0,22667108.0,28213.384229,28213.384229,457297.0
IRPP-TD,20,9,256,2026281028,normal,33.563418,0.0,33.563418,25.291085,1.121095,6.971244,0.0,0.0,3.114399,30.449019,211480,1568.0,6,20,True,28,12228.645826,24.0,502.002215,541.249881,6936.0,647953.0,12262.209244,12762.209244,218416.0
BSIF,20,9,256,2026281028,normal,4934.550874,0.0,4934.550874,3622.746432,1028.083954,283.587482,0.0,0.0,0.098348,4934.452525999999,264480,7324.0,1,14,True,28,21619.477835,43.0,501.512718,533.427698,155839.0,23959788.0,26554.028709000002,26554.028709000002,420319.0
RPPS-TDC,20,9,256,2026281028,normal,5373.872614,0.0,5373.872614,3659.322836,202.615337,1405.419434,105.87744,0.0,951.99813,4421.874484,309328,6912.0,8,16,True,28,22706.059656,45.0,501.551002,533.73842,147969.0,22667108.0,28079.93227,28079.93227,457297.0
PRTD,20,9,256,2026281028,normal,10430.76624,0.0,10430.76624,7072.34979,1983.829118,1293.036099,80.151464,0.0,376.105146,10054.661094,357300,7808.0,8,20,True,28,,,,,,,10430.76624,10430.76624,357300.0
BSIF,20,9,256,2026281029,normal,4918.751581,0.0,4918.751581,3592.420355,1046.748494,279.470793,0.0,0.0,0.082099,4918.669482,264480,7324.0,1,14,True,29,21752.863354,43.0,501.261384,542.583369,155839.0,23959788.0,26671.614935,26671.614935,420319.0
RPPS-TDC,20,9,256,2026281029,normal,5308.572979,0.0,5308.572979,3599.610781,201.414876,1401.747954,105.225718,0.0,951.417428,4357.155551,309328,6912.0,9,16,True,29,22727.217664,45.0,502.152747,517.14585,147969.0,22667108.0,28035.790643,28035.790643,457297.0
PRTD,20,9,256,2026281029,normal,10362.795788,0.0,10362.795788,7005.258454,1981.562071,1293.54423,80.997145,0.0,376.522727,9986.273061,357300,7808.0,8,20,True,29,,,,,,,10362.795788,10362.795788,357300.0
IRPP-TD,20,9,256,2026281029,normal,32.551913,0.0,32.551913,24.597362,1.0991,6.632128,0.0,0.0,3.006817,29.545096,211480,1568.0,6,20,True,29,12057.195842,24.0,501.235149,503.348118,6936.0,647953.0,12089.747754999999,12589.747754999999,218416.0
IRPP-TD,27,9,256,2026351000,normal,52.529638,0.0,52.529638,42.338596,1.513281,8.457513,0.0,0.0,3.798394,48.731244,321786,1568.0,6,27,True,0,15578.732386,31.0,501.707193,536.035466,8959.0,846795.0,15631.262024,16131.262024,330745.0
BSIF,27,9,256,2026351000,normal,6863.611322,0.0,6863.611322,4875.695695,1441.774195,545.989011,0.0,0.0,0.08689,6863.524432,419752,7324.0,1,27,True,0,28679.796929,57.0,501.997379,519.262694,210012.0,32308590.0,35543.408251,35543.408251,629764.0
RPPS-TDC,27,9,256,2026351000,normal,7116.994362,0.0,7116.994362,4895.637238,210.004181,1868.028224,142.459109,0.0,1274.912879,5842.081483,415148,6912.0,8,22,True,0,30326.27641,59.0,502.008241,606.815261,199230.0,30554694.0,37443.270771999996,37443.270771999996,614378.0
PRTD,27,9,256,2026351000,normal,13401.077906,0.0,13401.077906,9505.082352,2171.689929,1614.846513,107.981716,0.0,377.576227,13023.501679,462832,7808.0,8,27,True,0,,,,,,,13401.077906,13401.077906,462832.0
BSIF,27,9,256,2026351001,normal,6624.999454,0.0,6624.999454,4856.897766,1386.564712,381.392267,0.0,0.0,0.088383,6624.911071,357800,7324.0,1,19,True,1,28894.028754,57.0,501.604879,548.838995,210012.0,32308590.0,35519.028207999996,35519.028207999996,567812.0
RPPS-TDC,27,9,256,2026351001,normal,7084.361749,0.0,7084.361749,4870.384221,207.984281,1863.960074,141.246714,0.0,1275.247457,5809.114292,415148,6912.0,8,22,True,1,29794.823806,59.0,501.525552,545.785533,199230.0,30554694.0,36879.185555000004,36879.185555000004,614378.0
PRTD,27,9,256,2026351001,normal,13343.72935,0.0,13343.72935,9456.262458,2165.901315,1611.617095,108.374428,0.0,375.296078,12968.433272,462832,7808.0,8,27,True,1,,,,,,,13343.72935,13343.72935,462832.0
IRPP-TD,27,9,256,2026351001,normal,52.518052,0.0,52.518052,42.199705,1.568937,8.50989,0.0,0.0,3.78813,48.729922,321786,1568.0,6,27,True,1,15704.387119,31.0,502.112938,543.467625,8959.0,846795.0,15756.905171,16256.905171,330745.0
RPPS-TDC,27,9,256,2026351002,normal,7074.373481,0.0,7074.373481,4867.473787,207.136736,1857.812632,141.225223,0.0,1272.449177,5801.924304,415148,6912.0,8,22,True,2,30214.454489,59.0,502.388204,558.643782,199230.0,30554694.0,37288.82797,37288.82797,614378.0
PRTD,27,9,256,2026351002,normal,13393.019565,0.0,13393.019565,9475.313413,2184.971612,1621.495233,109.66298,0.0,378.082696,13014.936869,462832,7808.0,8,27,True,2,,,,,,,13393.019565,13393.019565,462832.0
IRPP-TD,27,9,256,2026351002,normal,54.525131,0.0,54.525131,43.719893,1.517176,9.046196,0.0,0.0,4.161072,50.364059000000005,321786,1568.0,6,27,True,2,15734.964032,31.0,502.46022,539.475332,8959.0,846795.0,15789.489163,16289.489163,330745.0
BSIF,27,9,256,2026351002,normal,6880.881688,0.0,6880.881688,4897.339397,1443.12453,540.269413,0.0,0.0,0.086291,6880.795397000001,419752,7324.0,1,27,True,2,28912.983813,57.0,502.022648,540.598641,210012.0,32308590.0,35793.865501,35793.865501,629764.0
PRTD,27,9,256,2026351003,normal,13293.685524,0.0,13293.685524,9429.227686,2149.024576,1605.81,108.303015,0.0,374.15219,12919.533334,462832,7808.0,8,27,True,3,,,,,,,13293.685524,13293.685524,462832.0
IRPP-TD,27,9,256,2026351003,normal,57.751692,0.0,57.751692,47.124511,1.670153,8.724309,0.0,0.0,3.781235,53.970457,321786,1568.0,6,27,True,3,15692.374555,31.0,502.685496,536.236467,8959.0,846795.0,15750.126247,16250.126247,330745.0
BSIF,27,9,256,2026351003,normal,6545.084894,0.0,6545.084894,4812.648572,1358.383894,373.95811,0.0,0.0,0.080462,6545.004432,357800,7324.0,1,19,True,3,28938.281777,57.0,501.677582,584.150691,210012.0,32308590.0,35483.366670999996,35483.366670999996,567812.0
RPPS-TDC,27,9,256,2026351003,normal,6984.120223,0.0,6984.120223,4775.045249,208.444221,1858.727677,141.489618,0.0,1271.274529,5712.845694,415148,6912.0,8,22,True,3,30101.638575,59.0,501.485257,596.952036,199230.0,30554694.0,37085.758798,37085.758798,614378.0
IRPP-TD,27,9,256,2026351004,normal,54.953951,0.0,54.953951,44.05261,1.627399,9.035281,0.0,0.0,3.864154,51.089797,321786,1568.0,6,27,True,4,15661.974362,31.0,502.12123,540.353165,8959.0,846795.0,15716.928313,16216.928313,330745.0
BSIF,27,9,256,2026351004,normal,6665.432717,0.0,6665.432717,4879.830052,1403.07668,382.435143,0.0,0.0,0.097272,6665.335445,357800,7324.0,1,19,True,4,28661.371207,57.0,502.032847,532.545509,210012.0,32308590.0,35326.803924,35326.803924,567812.0
RPPS-TDC,27,9,256,2026351004,normal,7062.245231,0.0,7062.245231,4858.582601,206.982732,1855.131198,141.123528,0.0,1271.314768,5790.930463,415148,6912.0,8,22,True,4,29812.995024,59.0,501.482339,550.412657,199230.0,30554694.0,36875.240255,36875.240255,614378.0
PRTD,27,9,256,2026351004,normal,13246.966492,0.0,13246.966492,9383.349693,2146.320173,1608.315541,107.96543,0.0,374.593393,12872.373099,462832,7808.0,8,27,True,4,,,,,,,13246.966492,13246.966492,462832.0
BSIF,27,9,256,2026351005,normal,6553.685467,0.0,6553.685467,4804.71304,1371.823036,377.069652,0.0,0.0,0.079607,6553.605860000001,357800,7324.0,1,19,True,5,29305.414212,57.0,502.497575,615.699306,210012.0,32308590.0,35859.099679,35859.099679,567812.0
RPPS-TDC,27,9,256,2026351005,normal,7017.549009,0.0,7017.549009,4820.631011,206.200305,1849.884442,140.399453,0.0,1267.161963,5750.387046,415148,6912.0,8,22,True,5,29931.909325,59.0,501.87737,540.009808,199230.0,30554694.0,36949.458334,36949.458334,614378.0
PRTD,27,9,256,2026351005,normal,13225.362526,0.0,13225.362526,9368.913828,2149.738486,1598.130388,107.587744,0.0,372.796531,12852.565995,462832,7808.0,8,27,True,5,,,,,,,13225.362526,13225.362526,462832.0
IRPP-TD,27,9,256,2026351005,normal,51.504528,0.0,51.504528,41.534285,1.469548,8.305975,0.0,0.0,3.650752,47.853776,321786,1568.0,6,27,True,5,15786.27792,31.0,501.058214,593.579657,8959.0,846795.0,15837.782448,16337.782448,330745.0
RPPS-TDC,27,9,256,2026351006,normal,6977.560915,0.0,6977.560915,4792.518743,204.737587,1840.060444,139.849047,0.0,1259.902073,5717.658842,415148,6912.0,8,22,True,6,29721.610947,59.0,501.397337,552.97556,199230.0,30554694.0,36699.171862,36699.171862,614378.0
PRTD,27,9,256,2026351006,normal,13123.068942,0.0,13123.068942,9299.167331,2128.804869,1586.573893,107.59721,0.0,370.074832,12752.99411,462832,7808.0,8,27,True,6,,,,,,,13123.068942,13123.068942,462832.0
IRPP-TD,27,9,256,2026351006,normal,52.123094,0.0,52.123094,41.906643,1.453508,8.552212,0.0,0.0,3.760807,48.362287,321786,1568.0,6,27,True,6,16065.226567,31.0,502.433969,624.635628,8959.0,846795.0,16117.349661,16617.349661,330745.0
BSIF,27,9,256,2026351006,normal,6725.378819,0.0,6725.378819,4784.706801,1409.119002,531.461072,0.0,0.0,0.080462,6725.298357,419752,7324.0,1,27,True,6,28916.407679,57.0,502.076338,537.344835,210012.0,32308590.0,35641.786498,35641.786498,629764.0
PRTD,27,9,256,2026351007,normal,13180.434887,0.0,13180.434887,9331.326933,2141.692034,1598.99577,107.462322,0.0,373.184507,12807.25038,462832,7808.0,8,27,True,7,,,,,,,13180.434887,13180.434887,462832.0
IRPP-TD,27,9,256,2026351007,normal,52.113254,0.0,52.113254,42.009019,1.470116,8.4356,0.0,0.0,3.697356,48.415898,321786,1568.0,6,27,True,7,15661.999325,31.0,501.459351,550.92605,8959.0,846795.0,15714.112579,16214.112579,330745.0
BSIF,27,9,256,2026351007,normal,6527.162104,0.0,6527.162104,4789.089296,1363.803535,374.185589,0.0,0.0,0.079668,6527.082436,357800,7324.0,1,19,True,7,28739.470072,57.0,501.611379,533.237,210012.0,32308590.0,35266.632176,35266.632176,567812.0
RPPS-TDC,27,9,256,2026351007,normal,6985.985003,0.0,6985.985003,4796.312786,205.792847,1843.170056,140.296212,0.0,1261.538213,5724.44679,415148,6912.0,8,22,True,7,30120.599246,59.0,502.104277,560.740368,199230.0,30554694.0,37106.584249,37106.584249,614378.0
IRPP-TD,27,9,256,2026351008,normal,52.987401,0.0,52.987401,43.007401,1.52827,8.238014,0.0,0.0,3.495975,49.491426,321786,1568.0,6,27,True,8,15802.628648,31.0,501.435354,561.485198,8959.0,846795.0,15855.616049,16355.616049,330745.0
BSIF,27,9,256,2026351008,normal,6553.811832,0.0,6553.811832,4803.479805,1372.589973,377.657696,0.0,0.0,0.078937,6553.732895,357800,7324.0,1,19,True,8,28881.733055,57.0,501.968194,530.217697,210012.0,32308590.0,35435.544887000004,35435.544887000004,567812.0
RPPS-TDC,27,9,256,2026351008,normal,7035.947877,0.0,7035.947877,4843.952524,205.030811,1846.786881,139.769632,0.0,1265.595358,5770.352519,415148,6912.0,8,22,True,8,29751.107659,59.0,501.647794,539.997178,199230.0,30554694.0,36787.055536,36787.055536,614378.0
PRTD,27,9,256,2026351008,normal,13279.381773,0.0,13279.381773,9409.197391,2156.86177,1604.663446,107.707447,0.0,374.406266,12904.975507,462832,7808.0,8,27,True,8,,,,,,,13279.381773,13279.381773,462832.0
BSIF,27,9,256,2026351009,normal,6543.382675,0.0,6543.382675,4795.298455,1372.69206,375.308824,0.0,0.0,0.082742,6543.299933,357800,7324.0,1,19,True,9,29021.321319,57.0,501.962224,556.648541,210012.0,32308590.0,35564.703993999996,35564.703993999996,567812.0
RPPS-TDC,27,9,256,2026351009,normal,7001.789776,0.0,7001.789776,4806.802867,207.022308,1846.299702,141.224668,0.0,1262.889713,5738.900062999999,415148,6912.0,8,22,True,9,29739.495587,59.0,501.524312,532.359133,199230.0,30554694.0,36741.285363,36741.285363,614378.0
PRTD,27,9,256,2026351009,normal,13240.122573,0.0,13240.122573,9377.178546,2149.26164,1604.93457,107.822186,0.0,374.386213,12865.73636,462832,7808.0,8,27,True,9,,,,,,,13240.122573,13240.122573,462832.0
IRPP-TD,27,9,256,2026351009,normal,52.227173,0.0,52.227173,42.215037,1.4873,8.328635,0.0,0.0,3.691961,48.535212,321786,1568.0,6,27,True,9,15657.938269,31.0,501.977181,537.120929,8959.0,846795.0,15710.165442,16210.165442,330745.0
RPPS-TDC,27,9,256,2026351010,normal,6977.587675,0.0,6977.587675,4795.260998,204.496981,1837.362766,140.098257,0.0,1257.935137,5719.652538,415148,6912.0,8,22,True,10,29984.15934,59.0,501.520231,580.657949,199230.0,30554694.0,36961.747015,36961.747015,614378.0
PRTD,27,9,256,2026351010,normal,13190.260683,0.0,13190.260683,9341.212359,2140.033984,1600.414423,107.649472,0.0,373.601508,12816.659175,462832,7808.0,8,27,True,10,,,,,,,13190.260683,13190.260683,462832.0
IRPP-TD,27,9,256,2026351010,normal,52.030004,0.0,52.030004,42.124802,1.502815,8.204205,0.0,0.0,3.661034,48.36897,321786,1568.0,6,27,True,10,15608.414797,31.0,501.864995,534.450497,8959.0,846795.0,15660.444801,16160.444801,330745.0
BSIF,27,9,256,2026351010,normal,6592.598823,0.0,6592.598823,4818.126525,1381.434947,392.923373,0.0,0.0,0.081881,6592.516942,357800,7324.0,1,19,True,10,28828.074779,57.0,502.034495,536.441582,210012.0,32308590.0,35420.673601999995,35420.673601999995,567812.0
PRTD,27,9,256,2026351011,normal,13326.025125,0.0,13326.025125,9449.017495,2164.204359,1603.106721,108.674509,0.0,372.70888,12953.316245,462832,7808.0,8,27,True,11,,,,,,,13326.025125,13326.025125,462832.0
IRPP-TD,27,9,256,2026351011,normal,52.617877,0.0,52.617877,41.981344,1.474079,8.956884,0.0,0.0,3.681873,48.936004,321786,1568.0,6,27,True,11,15764.62756,31.0,502.048626,562.162646,8959.0,846795.0,15817.245437000001,16317.245437000001,330745.0
BSIF,27,9,256,2026351011,normal,6630.904201,0.0,6630.904201,4841.686143,1391.364383,397.740565,0.0,0.0,0.093241,6630.810960000001,357800,7324.0,1,19,True,11,28742.61425,57.0,501.585296,521.040175,210012.0,32308590.0,35373.518450999996,35373.518450999996,567812.0
RPPS-TDC,27,9,256,2026351011,normal,7065.865767,0.0,7065.865767,4874.211409,207.448173,1842.511699,141.151374,0.0,1258.043417,5807.82235,415148,6912.0,8,22,True,11,29730.105933,59.0,501.918416,535.674877,199230.0,30554694.0,36795.9717,36795.9717,614378.0
IRPP-TD,27,9,256,2026351012,normal,53.669058,0.0,53.669058,43.235935,1.519055,8.702543,0.0,0.0,3.733904,49.935154,321786,1568.0,6,27,True,12,15871.463464,31.0,501.762724,564.086517,8959.0,846795.0,15925.132522,16425.132522,330745.0
BSIF,27,9,256,2026351012,normal,6592.755354,0.0,6592.755354,4836.777746,1378.801572,377.087202,0.0,0.0,0.085692,6592.669662,357800,7324.0,1,19,True,12,28822.141615,57.0,501.964467,533.812908,210012.0,32308590.0,35414.896969,35414.896969,567812.0
RPPS-TDC,27,9,256,2026351012,normal,6999.710238,0.0,6999.710238,4814.773296,205.123388,1838.987968,140.41331,0.0,1258.962948,5740.747289999999,415148,6912.0,8,22,True,12,29731.92118,59.0,501.427245,517.263212,199230.0,30554694.0,36731.631418000004,36731.631418000004,614378.0
PRTD,27,9,256,2026351012,normal,13160.122455,0.0,13160.122455,9327.110979,2132.623527,1592.587626,106.905592,0.0,371.748117,12788.374338,462832,7808.0,8,27,True,12,,,,,,,13160.122455,13160.122455,462832.0
BSIF,27,9,256,2026351013,normal,6470.138013,0.0,6470.138013,4749.161756,1349.530837,371.373001,0.0,0.0,0.07736,6470.060653,357800,7324.0,1,19,True,13,28741.858248,57.0,501.26208,535.255838,210012.0,32308590.0,35211.996261,35211.996261,567812.0
RPPS-TDC,27,9,256,2026351013,normal,6856.20207,0.0,6856.20207,4712.594508,201.350861,1804.351187,137.503857,0.0,1235.400397,5620.801673,415148,6912.0,8,22,True,13,29689.604688,59.0,501.093609,535.233615,199230.0,30554694.0,36545.806758,36545.806758,614378.0
PRTD,27,9,256,2026351013,normal,13286.367302,0.0,13286.367302,9397.994677,2165.175627,1613.603952,108.651201,0.0,376.41207,12909.955232,462832,7808.0,8,27,True,13,,,,,,,13286.367302,13286.367302,462832.0
IRPP-TD,27,9,256,2026351013,normal,52.627666,0.0,52.627666,42.286673,1.51263,8.589315,0.0,0.0,3.655755,48.971911,321786,1568.0,6,27,True,13,15709.984422,31.0,501.718738,580.479976,8959.0,846795.0,15762.612088,16262.612088,330745.0
RPPS-TDC,27,9,256,2026351014,normal,7030.250894,0.0,7030.250894,4843.296417,205.785976,1839.838217,140.81777,0.0,1259.019466,5771.231428,415148,6912.0,8,22,True,14,29771.376638,59.0,501.92143,540.120503,199230.0,30554694.0,36801.627532,36801.627532,614378.0
PRTD,27,9,256,2026351014,normal,13230.179379,0.0,13230.179379,9369.303371,2151.589838,1600.611758,107.62357,0.0,373.476425,12856.702953999998,462832,7808.0,8,27,True,14,,,,,,,13230.179379,13230.179379,462832.0
IRPP-TD,27,9,256,2026351014,normal,51.382228,0.0,51.382228,41.46813,1.460956,8.25851,0.0,0.0,3.696028,47.6862,321786,1568.0,6,27,True,14,15849.303807,31.0,501.695099,582.362274,8959.0,846795.0,15900.686035,16400.686035,330745.0
BSIF,27,9,256,2026351014,normal,6557.742965,0.0,6557.742965,4808.259021,1372.250382,377.131677,0.0,0.0,0.085702,6557.657263,357800,7324.0,1,19,True,14,29025.624904,57.0,501.788784,562.977924,210012.0,32308590.0,35583.367869,35583.367869,567812.0
PRTD,27,9,256,2026351015,normal,13200.906317,0.0,13200.906317,9350.061418,2140.389563,1601.677027,107.831642,0.0,373.880785,12827.025532,462832,7808.0,8,27,True,15,,,,,,,13200.906317,13200.906317,462832.0
IRPP-TD,27,9,256,2026351015,normal,52.07208,0.0,52.07208,42.022629,1.515796,8.33784,0.0,0.0,3.652256,48.419824,321786,1568.0,6,27,True,15,15665.829311,31.0,501.157704,540.436634,8959.0,846795.0,15717.901391,16217.901391,330745.0
BSIF,27,9,256,2026351015,normal,6529.436649,0.0,6529.436649,4792.001456,1362.98652,374.355517,0.0,0.0,0.080473,6529.356176,357800,7324.0,1,19,True,15,28833.1254,57.0,501.828821,538.493557,210012.0,32308590.0,35362.562049,35362.562049,567812.0
RPPS-TDC,27,9,256,2026351015,normal,6972.545469,0.0,6972.545469,4789.654507,204.857407,1837.677607,139.968668,0.0,1257.411774,5715.133695,415148,6912.0,8,22,True,15,29914.873154,59.0,501.454791,549.106828,199230.0,30554694.0,36887.418623,36887.418623,614378.0
IRPP-TD,27,9,256,2026351016,normal,51.858533,0.0,51.858533,41.635204,1.468158,8.561832,0.0,0.0,3.905933,47.9526,321786,1568.0,6,27,True,16,16174.492612,31.0,503.098142,615.919498,8959.0,846795.0,16226.351145,16726.351145,330745.0
BSIF,27,9,256,2026351016,normal,6530.924761,0.0,6530.924761,4792.108025,1364.224397,374.500595,0.0,0.0,0.07887,6530.845891,357800,7324.0,1,19,True,16,28724.847998,57.0,501.357727,538.077862,210012.0,32308590.0,35255.772759,35255.772759,567812.0
RPPS-TDC,27,9,256,2026351016,normal,6977.081571,0.0,6977.081571,4793.008241,205.412691,1838.477991,139.758655,0.0,1259.049275,5718.032295999999,415148,6912.0,8,22,True,16,30053.380498,59.0,501.802312,538.115577,199230.0,30554694.0,37030.462069,37030.462069,614378.0
PRTD,27,9,256,2026351016,normal,13179.921414,0.0,13179.921414,9336.640145,2141.442559,1593.154936,107.65431,0.0,371.68288,12808.238534,462832,7808.0,8,27,True,16,,,,,,,13179.921414,13179.921414,462832.0
BSIF,27,9,256,2026351017,normal,6567.872017,0.0,6567.872017,4819.704902,1370.996145,377.089197,0.0,0.0,0.08055,6567.791467,357800,7324.0,1,19,True,17,29015.016609,57.0,501.628178,541.775407,210012.0,32308590.0,35582.888626,35582.888626,567812.0
RPPS-TDC,27,9,256,2026351017,normal,6972.482763,0.0,6972.482763,4783.810895,204.8562,1843.811336,139.632212,0.0,1264.403892,5708.078871,415148,6912.0,8,22,True,17,29743.063472,59.0,501.597234,526.134695,199230.0,30554694.0,36715.546235,36715.546235,614378.0
PRTD,27,9,256,2026351017,normal,13174.498795,0.0,13174.498795,9332.112271,2137.427018,1595.866977,108.132663,0.0,372.228354,12802.270441,462832,7808.0,8,27,True,17,,,,,,,13174.498795,13174.498795,462832.0
IRPP-TD,27,9,256,2026351017,normal,51.693377,0.0,51.693377,41.784234,1.528977,8.169992,0.0,0.0,3.58896,48.104417,321786,1568.0,6,27,True,17,15661.60251,31.0,501.830962,520.686188,8959.0,846795.0,15713.295887,16213.295887,330745.0
RPPS-TDC,27,9,256,2026351018,normal,7029.105513,0.0,7029.105513,4819.695896,206.654052,1861.467403,140.877381,0.0,1274.084871,5755.020642,415148,6912.0,8,22,True,18,30063.375537,59.0,502.079194,560.927246,199230.0,30554694.0,37092.48105,37092.48105,614378.0
PRTD,27,9,256,2026351018,normal,13227.381595,0.0,13227.381595,9368.53526,2149.626487,1600.490732,107.785279,0.0,372.657364,12854.724231,462832,7808.0,8,27,True,18,,,,,,,13227.381595,13227.381595,462832.0
IRPP-TD,27,9,256,2026351018,normal,52.033335,0.0,52.033335,41.773784,1.49228,8.56344,0.0,0.0,3.736691,48.296644,321786,1568.0,6,27,True,18,15788.646703,31.0,501.458048,543.085438,8959.0,846795.0,15840.680038,16340.680038,330745.0
BSIF,27,9,256,2026351018,normal,6566.274017,0.0,6566.274017,4814.134179,1375.184456,376.873978,0.0,0.0,0.07964,6566.194377,357800,7324.0,1,19,True,18,28680.035281,57.0,501.119539,535.190189,210012.0,32308590.0,35246.309298,35246.309298,567812.0
PRTD,27,9,256,2026351019,normal,13286.793947,0.0,13286.793947,9403.344872,2163.487348,1609.833687,109.22769,0.0,378.857159,12907.936788,462832,7808.0,8,27,True,19,,,,,,,13286.793947,13286.793947,462832.0
IRPP-TD,27,9,256,2026351019,normal,53.661685,0.0,53.661685,42.874575,1.558958,9.016628,0.0,0.0,4.119274,49.542411,321786,1568.0,6,27,True,19,15682.824876,31.0,501.729882,525.062323,8959.0,846795.0,15736.486561,16236.486561,330745.0
BSIF,27,9,256,2026351019,normal,6544.134348,0.0,6544.134348,4800.675322,1366.447192,376.92059,0.0,0.0,0.081861,6544.052487,357800,7324.0,1,19,True,19,28755.279965,57.0,501.778692,536.273453,210012.0,32308590.0,35299.414313,35299.414313,567812.0
RPPS-TDC,27,9,256,2026351019,normal,6992.872975,0.0,6992.872975,4803.152489,205.009753,1845.092401,139.210206,0.0,1262.707473,5730.165502,415148,6912.0,8,22,True,19,29742.664639,59.0,501.693132,534.803587,199230.0,30554694.0,36735.537614,36735.537614,614378.0
IRPP-TD,27,9,256,2026351020,normal,52.031899,0.0,52.031899,42.123909,1.477961,8.231353,0.0,0.0,3.527295,48.504604,321786,1568.0,6,27,True,20,15657.444708,31.0,502.233654,536.00452,8959.0,846795.0,15709.476607,16209.476607,330745.0
BSIF,27,9,256,2026351020,normal,6537.537264,0.0,6537.537264,4798.185601,1364.104717,375.161898,0.0,0.0,0.08053,6537.456733999999,357800,7324.0,1,19,True,20,28877.610245,57.0,501.806987,536.519849,210012.0,32308590.0,35415.147509,35415.147509,567812.0
RPPS-TDC,27,9,256,2026351020,normal,6985.740111,0.0,6985.740111,4802.693595,204.365401,1839.328246,138.961408,0.0,1258.062016,5727.678095,415148,6912.0,8,22,True,20,29943.819825,59.0,501.612274,537.874468,199230.0,30554694.0,36929.559936,36929.559936,614378.0
PRTD,27,9,256,2026351020,normal,13215.458992,0.0,13215.458992,9357.742341,2152.540332,1596.168116,107.993021,0.0,372.135012,12843.32398,462832,7808.0,8,27,True,20,,,,,,,13215.458992,13215.458992,462832.0
BSIF,27,9,256,2026351021,normal,6561.522685,0.0,6561.522685,4815.974035,1370.717344,374.73925,0.0,0.0,0.080909,6561.441776,357800,7324.0,1,19,True,21,28833.43531,57.0,501.841378,550.497585,210012.0,32308590.0,35394.957995000004,35394.957995000004,567812.0
RPPS-TDC,27,9,256,2026351021,normal,6986.228734,0.0,6986.228734,4800.451272,205.436737,1840.387993,139.566577,0.0,1259.119697,5727.109037,415148,6912.0,8,22,True,21,29717.231973,59.0,501.528901,517.533036,199230.0,30554694.0,36703.460707000006,36703.460707000006,614378.0
PRTD,27,9,256,2026351021,normal,13254.754661,0.0,13254.754661,9406.883537,2142.965149,1594.768796,109.083144,0.0,372.000815,12882.753846,462832,7808.0,8,27,True,21,,,,,,,13254.754661,13254.754661,462832.0
IRPP-TD,27,9,256,2026351021,normal,52.483168,0.0,52.483168,42.307557,1.522088,8.434141,0.0,0.0,3.772662,48.710506,321786,1568.0,6,27,True,21,15758.767808,31.0,501.573353,553.424988,8959.0,846795.0,15811.250976000001,16311.250976000001,330745.0
RPPS-TDC,27,9,256,2026351022,normal,7034.961552,0.0,7034.961552,4833.796002,206.481088,1854.343525,139.962975,0.0,1266.425316,5768.536236,415148,6912.0,8,22,True,22,29857.232838,59.0,502.300362,517.882894,199230.0,30554694.0,36892.19439,36892.19439,614378.0
PRTD,27,9,256,2026351022,normal,13431.034877,0.0,13431.034877,9557.335375,2158.798538,1605.027227,108.951149,0.0,373.150349,13057.884528,462832,7808.0,8,27,True,22,,,,,,,13431.034877,13431.034877,462832.0
IRPP-TD,27,9,256,2026351022,normal,52.231362,0.0,52.231362,42.099835,1.495442,8.440113,0.0,0.0,3.910104,48.321258,321786,1568.0,6,27,True,22,15567.982368,31.0,500.915846,511.635568,8959.0,846795.0,15620.213730000001,16120.213730000001,330745.0
BSIF,27,9,256,2026351022,normal,6506.342689,0.0,6506.342689,4783.026029,1351.449305,371.762212,0.0,0.0,0.082022,6506.2606670000005,357800,7324.0,1,19,True,22,28834.482316,57.0,501.447976,536.175282,210012.0,32308590.0,35340.825005,35340.825005,567812.0
PRTD,27,9,256,2026351023,normal,13278.531785,0.0,13278.531785,9364.206804,2175.681077,1627.600517,110.058925,0.0,379.383367,12899.148418,462832,7808.0,8,27,True,23,,,,,,,13278.531785,13278.531785,462832.0
IRPP-TD,27,9,256,2026351023,normal,52.596125,0.0,52.596125,42.257605,1.512575,8.623261,0.0,0.0,3.822642,48.773483,321786,1568.0,6,27,True,23,15664.486746,31.0,501.393738,530.44998,8959.0,846795.0,15717.082871,16217.082871,330745.0
BSIF,27,9,256,2026351023,normal,6560.752074,0.0,6560.752074,4818.237801,1366.783838,375.621182,0.0,0.0,0.081696,6560.670378,357800,7324.0,1,19,True,23,28696.45735,57.0,501.897317,534.459253,210012.0,32308590.0,35257.209424,35257.209424,567812.0
RPPS-TDC,27,9,256,2026351023,normal,6998.430972,0.0,6998.430972,4800.1367,206.783694,1850.457553,140.672926,0.0,1267.376684,5731.054288,415148,6912.0,8,22,True,23,29905.207753,59.0,502.151628,541.246751,199230.0,30554694.0,36903.638725,36903.638725,614378.0
IRPP-TD,27,9,256,2026351024,normal,53.640278,0.0,53.640278,43.179848,1.524309,8.725399,0.0,0.0,3.838421,49.801857000000005,321786,1568.0,6,27,True,24,15684.092142,31.0,502.111301,537.178217,8959.0,846795.0,15737.73242,16237.73242,330745.0
BSIF,27,9,256,2026351024,normal,6559.140871,0.0,6559.140871,4828.043531,1357.440604,373.557526,0.0,0.0,0.087693,6559.053177999999,357800,7324.0,1,19,True,24,28836.743984,57.0,502.007178,535.384006,210012.0,32308590.0,35395.884855,35395.884855,567812.0
RPPS-TDC,27,9,256,2026351024,normal,6993.574581,0.0,6993.574581,4780.162414,211.395863,1858.126649,143.490951,0.0,1262.870659,5730.703922,415148,6912.0,8,22,True,24,29789.92517,59.0,501.58612,537.03716,199230.0,30554694.0,36783.499750999996,36783.499750999996,614378.0
PRTD,27,9,256,2026351024,normal,13334.751367,0.0,13334.751367,9480.307415,2151.699862,1593.978207,107.805716,0.0,372.634002,12962.117365,462832,7808.0,8,27,True,24,,,,,,,13334.751367,13334.751367,462832.0
BSIF,27,9,256,2026351025,normal,6529.238372,0.0,6529.238372,4791.85861,1363.381192,373.921853,0.0,0.0,0.079323,6529.159049,357800,7324.0,1,19,True,25,28875.070373,57.0,501.329771,543.988044,210012.0,32308590.0,35404.308745,35404.308745,567812.0
RPPS-TDC,27,9,256,2026351025,normal,6968.534586,0.0,6968.534586,4786.31726,204.988051,1837.374437,139.470318,0.0,1258.473798,5710.060788,415148,6912.0,8,22,True,25,29752.617178,59.0,501.453789,540.642644,199230.0,30554694.0,36721.151764,36721.151764,614378.0
PRTD,27,9,256,2026351025,normal,13220.019831,0.0,13220.019831,9368.485649,2143.745463,1596.764187,109.947412,0.0,371.485765,12848.534066,462832,7808.0,8,27,True,25,,,,,,,13220.019831,13220.019831,462832.0
IRPP-TD,27,9,256,2026351025,normal,65.35418,0.0,65.35418,50.357848,1.781207,12.901081,0.0,0.0,6.295182,59.058998,321786,1568.0,6,27,True,25,15578.514327,31.0,501.475367,519.982089,8959.0,846795.0,15643.868507000001,16143.868507000001,330745.0
RPPS-TDC,27,9,256,2026351026,normal,7007.851066,0.0,7007.851066,4823.756092,204.725094,1839.342365,139.572578,0.0,1259.808043,5748.043023,415148,6912.0,8,22,True,26,29851.308755,59.0,501.848934,539.178838,199230.0,30554694.0,36859.159821,36859.159821,614378.0
PRTD,27,9,256,2026351026,normal,13297.372809,0.0,13297.372809,9406.077457,2171.106929,1611.40649,107.732622,0.0,371.855499,12925.51731,462832,7808.0,8,27,True,26,,,,,,,13297.372809,13297.372809,462832.0
IRPP-TD,27,9,256,2026351026,normal,52.525138,0.0,52.525138,42.315492,1.456631,8.549399,0.0,0.0,3.782989,48.742149,321786,1568.0,6,27,True,26,15623.920407,31.0,501.187373,521.882793,8959.0,846795.0,15676.445545,16176.445545,330745.0
BSIF,27,9,256,2026351026,normal,6801.493487,0.0,6801.493487,4847.432409,1417.901429,536.057588,0.0,0.0,0.080088,6801.413399,419752,7324.0,1,27,True,26,28795.536155,57.0,502.110683,537.678207,210012.0,32308590.0,35597.029642,35597.029642,629764.0
PRTD,27,9,256,2026351027,normal,13312.739807,0.0,13312.739807,9433.741012,2153.10019,1616.637425,108.290886,0.0,374.17611,12938.563697,462832,7808.0,8,27,True,27,,,,,,,13312.739807,13312.739807,462832.0
IRPP-TD,27,9,256,2026351027,normal,51.57244,0.0,51.57244,41.574612,1.496367,8.307351,0.0,0.0,3.765736,47.806704,321786,1568.0,6,27,True,27,15764.451876,31.0,501.962041,585.192763,8959.0,846795.0,15816.024315999999,16316.024315999999,330745.0
BSIF,27,9,256,2026351027,normal,6620.915031,0.0,6620.915031,4830.057964,1414.769394,375.994065,0.0,0.0,0.080938,6620.834093,357800,7324.0,1,19,True,27,28826.547877,57.0,502.036471,542.904019,210012.0,32308590.0,35447.462908,35447.462908,567812.0
RPPS-TDC,27,9,256,2026351027,normal,7054.228945,0.0,7054.228945,4825.469916,205.10692,1878.631734,144.611923,0.0,1292.97848,5761.250465,415148,6912.0,8,22,True,27,29865.09502,59.0,501.47662,546.697111,199230.0,30554694.0,36919.323965,36919.323965,614378.0
IRPP-TD,27,9,256,2026351028,normal,53.083868,0.0,53.083868,43.161993,1.47949,8.245983,0.0,0.0,3.537654,49.546214000000006,321786,1568.0,6,27,True,28,15764.523257,31.0,501.500962,528.744264,8959.0,846795.0,15817.607125,16317.607125,330745.0
BSIF,27,9,256,2026351028,normal,6543.773704,0.0,6543.773704,4800.175864,1367.781475,375.721101,0.0,0.0,0.080685,6543.693019,357800,7324.0,1,19,True,28,28965.278899,57.0,501.666142,560.752489,210012.0,32308590.0,35509.052603000004,35509.052603000004,567812.0
RPPS-TDC,27,9,256,2026351028,normal,7029.687837,0.0,7029.687837,4840.684939,205.67133,1842.694642,140.141841,0.0,1261.081699,5768.606138,415148,6912.0,8,22,True,28,29868.198245,59.0,501.781299,539.904726,199230.0,30554694.0,36897.886082,36897.886082,614378.0
PRTD,27,9,256,2026351028,normal,13198.865121,0.0,13198.865121,9350.779477,2141.891053,1596.298563,108.965127,0.0,371.825891,12827.03923,462832,7808.0,8,27,True,28,,,,,,,13198.865121,13198.865121,462832.0
BSIF,27,9,256,2026351029,normal,6828.706656,0.0,6828.706656,4943.643098,1498.683746,386.268455,0.0,0.0,0.079473,6828.6271830000005,357800,7324.0,1,19,True,29,28948.649828,57.0,502.288363,544.757636,210012.0,32308590.0,35777.356484,35777.356484,567812.0
RPPS-TDC,27,9,256,2026351029,normal,7346.778681,0.0,7346.778681,4992.682413,214.732586,1986.640452,151.991743,0.0,1377.869661,5968.90902,415148,6912.0,8,22,True,29,30181.942493,59.0,501.935385,598.121884,199230.0,30554694.0,37528.721174,37528.721174,614378.0
PRTD,27,9,256,2026351029,normal,13427.645588,0.0,13427.645588,9489.682036,2168.908957,1659.448163,107.981788,0.0,387.999085,13039.646503,462832,7808.0,8,27,True,29,,,,,,,13427.645588,13427.645588,462832.0
IRPP-TD,27,9,256,2026351029,normal,53.079402,0.0,53.079402,42.716816,1.526975,8.589815,0.0,0.0,3.847414,49.231988,321786,1568.0,6,27,True,29,15578.055366,31.0,500.813062,527.758907,8959.0,846795.0,15631.134768,16131.134768,330745.0
IRPP-TD,39,9,256,2026471000,normal,98.729731,0.0,98.729731,84.242823,2.128858,12.061753,0.0,0.0,5.162128,93.567603,555906,1568.0,7,39,True,0,21687.68204,43.0,501.721654,536.741959,12427.0,1187667.0,21786.411771,22286.411771,568333.0
BSIF,39,9,256,2026471000,normal,9894.307951,0.0,9894.307951,7037.042683,2080.257329,776.772454,0.0,0.0,0.08637,9894.221581,606280,7324.0,1,39,True,0,41104.470293,81.0,501.876808,549.51818,302880.0,46620822.0,50998.778244,50998.778244,909160.0
RPPS-TDC,39,9,256,2026471000,normal,10254.83288,0.0,10254.83288,6996.413753,225.315429,2823.873202,208.063907,0.0,1903.253228,8351.579652,596540,6912.0,9,32,True,0,42072.645839,83.0,501.976392,548.923052,287106.0,44076270.0,52327.478719,52327.478719,883646.0
PRTD,39,9,256,2026471000,normal,18516.434312,0.0,18516.434312,13716.745872,2478.249757,2162.216192,156.934235,0.0,375.805841,18140.628471,643744,7808.0,8,39,True,0,,,,,,,18516.434312,18516.434312,643744.0
BSIF,39,9,256,2026471001,normal,9855.731517,0.0,9855.731517,7011.683775,2065.301289,778.543426,0.0,0.0,0.08386,9855.647657,606280,7324.0,1,39,True,1,41305.325762,81.0,501.865769,557.346807,302880.0,46620822.0,51161.057279,51161.057279,909160.0
RPPS-TDC,39,9,256,2026471001,normal,10110.24913,0.0,10110.24913,7016.502775,218.976303,2669.491012,204.227957,0.0,1841.996189,8268.252941,596540,6912.0,9,32,True,1,42138.189964,83.0,502.097644,541.607636,287106.0,44076270.0,52248.439094,52248.439094,883646.0
PRTD,39,9,256,2026471001,normal,18478.709378,0.0,18478.709378,13654.79643,2495.705894,2167.651411,158.475092,0.0,379.21013,18099.499248,643744,7808.0,8,39,True,1,,,,,,,18478.709378,18478.709378,643744.0
IRPP-TD,39,9,256,2026471001,normal,101.324834,0.0,101.324834,86.638402,2.203623,12.167557,0.0,0.0,5.302167,96.022667,555906,1568.0,7,39,True,1,21634.795873,43.0,501.096816,511.635232,12427.0,1187667.0,21736.120707,22236.120707,568333.0
RPPS-TDC,39,9,256,2026471002,normal,10233.738576,0.0,10233.738576,7114.13943,220.626095,2692.608967,205.154328,0.0,1861.637232,8372.101343999999,596540,6912.0,8,32,True,2,42076.945048,83.0,501.471637,544.791972,287106.0,44076270.0,52310.683624,52310.683624,883646.0
PRTD,39,9,256,2026471002,normal,18615.529971,0.0,18615.529971,13785.854385,2488.985124,2181.99956,156.430105,0.0,378.451464,18237.078507,643744,7808.0,8,39,True,2,,,,,,,18615.529971,18615.529971,643744.0
IRPP-TD,39,9,256,2026471002,normal,98.63887,0.0,98.63887,84.317727,2.150007,11.860811,0.0,0.0,5.158003,93.480867,555906,1568.0,7,39,True,2,21752.126986,43.0,501.853504,522.305647,12427.0,1187667.0,21850.765855999998,22350.765855999998,568333.0
BSIF,39,9,256,2026471002,normal,9698.455403,0.0,9698.455403,7110.924798,2040.141061,547.193994,0.0,0.0,0.089669,9698.365734,513352,7324.0,1,27,True,2,40891.257429,81.0,501.80363,543.515559,302880.0,46620822.0,50589.712832,50589.712832,816232.0
PRTD,39,9,256,2026471003,normal,18545.645332,0.0,18545.645332,13738.197427,2479.146128,2169.529024,156.693713,0.0,376.041373,18169.603959,643744,7808.0,8,39,True,3,,,,,,,18545.645332,18545.645332,643744.0
IRPP-TD,39,9,256,2026471003,normal,99.061273,0.0,99.061273,84.798681,2.172487,11.777536,0.0,0.0,5.074675,93.986598,555906,1568.0,7,39,True,3,21743.391303,43.0,502.046577,539.838876,12427.0,1187667.0,21842.452576,22342.452576,568333.0
BSIF,39,9,256,2026471003,normal,9563.700629,0.0,9563.700629,7015.75418,2003.340489,544.405511,0.0,0.0,0.085506,9563.615123,513352,7324.0,1,27,True,3,41092.59283,81.0,502.228447,541.671592,302880.0,46620822.0,50656.293459,50656.293459,816232.0
RPPS-TDC,39,9,256,2026471003,normal,10139.129593,0.0,10139.129593,7046.845614,220.184529,2666.479042,204.489457,0.0,1839.51558,8299.614013,596540,6912.0,8,32,True,3,42017.924798,83.0,501.457501,543.441826,287106.0,44076270.0,52157.054391,52157.054391,883646.0
IRPP-TD,39,9,256,2026471004,normal,99.716443,0.0,99.716443,85.543119,2.139802,11.746971,0.0,0.0,5.047593,94.66885,555906,1568.0,7,39,True,4,21911.844735,43.0,501.919653,556.542202,12427.0,1187667.0,22011.561178,22511.561178,568333.0
BSIF,39,9,256,2026471004,normal,9564.699396,0.0,9564.699396,7028.132953,1996.959918,539.391267,0.0,0.0,0.087159,9564.612237,513352,7324.0,1,27,True,4,40993.067821,81.0,501.752963,536.489232,302880.0,46620822.0,50557.767217,50557.767217,816232.0
RPPS-TDC,39,9,256,2026471004,normal,10168.012901,0.0,10168.012901,7030.017606,221.388424,2708.084316,207.371453,0.0,1866.438565,8301.574336,596540,6912.0,9,32,True,4,42376.445558,83.0,502.359475,553.505731,287106.0,44076270.0,52544.458459,52544.458459,883646.0
PRTD,39,9,256,2026471004,normal,18822.627699,0.0,18822.627699,13944.374244,2519.008441,2198.358629,158.611972,0.0,383.114468,18439.513231,643744,7808.0,8,39,True,4,,,,,,,18822.627699,18822.627699,643744.0
BSIF,39,9,256,2026471005,normal,9664.502733,0.0,9664.502733,7129.969112,1994.359592,539.96725,0.0,0.0,0.087909,9664.414824,513352,7324.0,1,27,True,5,40930.073797,81.0,501.373726,540.697918,302880.0,46620822.0,50594.57653,50594.57653,816232.0
RPPS-TDC,39,9,256,2026471005,normal,10129.213225,0.0,10129.213225,7013.509539,233.490807,2676.360381,204.737686,0.0,1840.155186,8289.058039,596540,6912.0,8,32,True,5,42498.667049,83.0,502.060143,579.441726,287106.0,44076270.0,52627.880274,52627.880274,883646.0
PRTD,39,9,256,2026471005,normal,18496.408965,0.0,18496.408965,13693.210939,2481.202515,2162.937289,157.080677,0.0,377.190842,18119.218123,643744,7808.0,8,39,True,5,,,,,,,18496.408965,18496.408965,643744.0
IRPP-TD,39,9,256,2026471005,normal,99.27863,0.0,99.27863,84.721546,2.140088,12.09593,0.0,0.0,5.337747,93.940883,555906,1568.0,7,39,True,5,21749.877062,43.0,501.957022,538.31296,12427.0,1187667.0,21849.155692,22349.155692,568333.0
RPPS-TDC,39,9,256,2026471006,normal,10100.631473,0.0,10100.631473,7011.163098,218.451138,2665.926827,204.061991,0.0,1839.400157,8261.231316,596540,6912.0,8,32,True,6,42390.071732,83.0,502.265315,560.347586,287106.0,44076270.0,52490.703205,52490.703205,883646.0
PRTD,39,9,256,2026471006,normal,18496.879421,0.0,18496.879421,13689.525733,2485.080385,2163.159478,157.109433,0.0,376.685239,18120.194182000003,643744,7808.0,8,39,True,6,,,,,,,18496.879421,18496.879421,643744.0
IRPP-TD,39,9,256,2026471006,normal,99.118287,0.0,99.118287,84.857458,2.149143,11.792889,0.0,0.0,5.128518,93.989769,555906,1568.0,7,39,True,6,21790.814955,43.0,501.780153,541.957922,12427.0,1187667.0,21889.933242000003,22389.933242000003,568333.0
BSIF,39,9,256,2026471006,normal,9617.730138,0.0,9617.730138,7039.543514,2030.588122,547.396041,0.0,0.0,0.087924,9617.642214,513352,7324.0,1,27,True,6,41297.99793,81.0,501.761562,568.471628,302880.0,46620822.0,50915.728068,50915.728068,816232.0
PRTD,39,9,256,2026471007,normal,18794.797932,0.0,18794.797932,13914.97563,2518.302235,2200.662908,158.691002,0.0,385.41681,18409.381122000003,643744,7808.0,8,39,True,7,,,,,,,18794.797932,18794.797932,643744.0
IRPP-TD,39,9,256,2026471007,normal,100.716791,0.0,100.716791,86.393453,2.161038,11.842526,0.0,0.0,5.18589,95.530901,555906,1568.0,7,39,True,7,21799.752763,43.0,501.700232,588.372447,12427.0,1187667.0,21900.469554,22400.469554,568333.0
BSIF,39,9,256,2026471007,normal,9693.423852,0.0,9693.423852,7129.61015,2022.804654,540.801416,0.0,0.0,0.085121,9693.338731,513352,7324.0,1,27,True,7,41163.192531,81.0,501.90584,559.330009,302880.0,46620822.0,50856.616383,50856.616383,816232.0
RPPS-TDC,39,9,256,2026471007,normal,10151.472615,0.0,10151.472615,7016.103787,223.065344,2701.022313,210.206173,0.0,1846.436002,8305.036613,596540,6912.0,9,32,True,7,42317.452602,83.0,501.927023,543.347319,287106.0,44076270.0,52468.925216999996,52468.925216999996,883646.0
IRPP-TD,39,9,256,2026471008,normal,101.846446,0.0,101.846446,87.172348,2.217851,12.116689,0.0,0.0,5.216672,96.629774,555906,1568.0,7,39,True,8,22070.16082,43.0,502.659037,572.427193,12427.0,1187667.0,22172.007266,22672.007266,568333.0
BSIF,39,9,256,2026471008,normal,9779.765036,0.0,9779.765036,7192.921536,2035.568622,551.054525,0.0,0.0,0.085301,9779.679735000002,513352,7324.0,1,27,True,8,41163.206138,81.0,501.663098,557.984283,302880.0,46620822.0,50942.971174000006,50942.971174000006,816232.0
RPPS-TDC,39,9,256,2026471008,normal,10279.748228,0.0,10279.748228,7172.987148,219.806287,2681.597751,204.156248,0.0,1852.926306,8426.821922000001,596540,6912.0,9,32,True,8,42589.76478,83.0,502.373372,610.735874,287106.0,44076270.0,52869.513007999994,52869.513007999994,883646.0
PRTD,39,9,256,2026471008,normal,18795.2848,0.0,18795.2848,13905.991499,2522.830724,2205.590056,158.664085,0.0,384.475812,18410.808988,643744,7808.0,8,39,True,8,,,,,,,18795.2848,18795.2848,643744.0
BSIF,39,9,256,2026471009,normal,10012.236068,0.0,10012.236068,7135.380433,2087.480492,789.164679,0.0,0.0,0.085444,10012.150624,606280,7324.0,1,39,True,9,41034.380154,81.0,501.980413,546.264648,302880.0,46620822.0,51046.616222,51046.616222,909160.0
RPPS-TDC,39,9,256,2026471009,normal,10256.226764,0.0,10256.226764,7127.195119,228.412368,2695.455145,203.969183,0.0,1866.634784,8389.59198,596540,6912.0,8,32,True,9,42413.745688,83.0,502.202201,547.177075,287106.0,44076270.0,52669.972452,52669.972452,883646.0
PRTD,39,9,256,2026471009,normal,18521.887317,0.0,18521.887317,13687.036409,2488.584791,2180.070521,164.074963,0.0,380.076623,18141.810694,643744,7808.0,8,39,True,9,,,,,,,18521.887317,18521.887317,643744.0
IRPP-TD,39,9,256,2026471009,normal,103.179497,0.0,103.179497,87.843066,2.442483,12.563759,0.0,0.0,5.435199,97.744298,555906,1568.0,7,39,True,9,21713.76054,43.0,501.557078,576.051265,12427.0,1187667.0,21816.940037,22316.940037,568333.0
RPPS-TDC,39,9,256,2026471010,normal,10284.675451,0.0,10284.675451,7190.229175,219.063756,2669.829695,204.441994,0.0,1841.124501,8443.550949999999,596540,6912.0,9,32,True,10,42034.438176,83.0,502.204896,542.752424,287106.0,44076270.0,52319.113627,52319.113627,883646.0
PRTD,39,9,256,2026471010,normal,18595.156827,0.0,18595.156827,13740.626591,2501.082242,2193.726655,157.444417,0.0,380.220556,18214.936271,643744,7808.0,8,39,True,10,,,,,,,18595.156827,18595.156827,643744.0
IRPP-TD,39,9,256,2026471010,normal,100.981677,0.0,100.981677,86.016092,2.14979,12.432067,0.0,0.0,5.322456,95.659221,555906,1568.0,7,39,True,10,21944.586626,43.0,502.72493,554.137122,12427.0,1187667.0,22045.568303,22545.568303,568333.0
BSIF,39,9,256,2026471010,normal,9672.457947,0.0,9672.457947,7136.640861,1995.438832,540.164619,0.0,0.0,0.087614,9672.370333,513352,7324.0,1,27,True,10,40967.753841,81.0,501.837553,538.626784,302880.0,46620822.0,50640.211788,50640.211788,816232.0
PRTD,39,9,256,2026471011,normal,18717.960389,0.0,18717.960389,13843.281227,2515.591125,2197.283951,159.701344,0.0,384.724911,18333.235478,643744,7808.0,8,39,True,11,,,,,,,18717.960389,18717.960389,643744.0
IRPP-TD,39,9,256,2026471011,normal,101.554155,0.0,101.554155,86.941218,2.187697,12.104963,0.0,0.0,5.094918,96.459237,555906,1568.0,6,39,True,11,21793.410559,43.0,502.08845,543.690005,12427.0,1187667.0,21894.964714,22394.964714,568333.0
BSIF,39,9,256,2026471011,normal,9646.222799,0.0,9646.222799,7084.837661,2009.148644,552.022526,0.0,0.0,0.085572,9646.137227,513352,7324.0,1,27,True,11,40886.031297,81.0,502.183204,538.610486,302880.0,46620822.0,50532.254096000004,50532.254096000004,816232.0
RPPS-TDC,39,9,256,2026471011,normal,10280.555291,0.0,10280.555291,7128.024115,222.206083,2720.704298,208.360129,0.0,1878.530733,8402.024558000001,596540,6912.0,8,32,True,11,42021.381935,83.0,502.494629,541.248303,287106.0,44076270.0,52301.937225999995,52301.937225999995,883646.0
IRPP-TD,39,9,256,2026471012,normal,100.862879,0.0,100.862879,86.16046,2.168204,12.200944,0.0,0.0,5.382435,95.480444,555906,1568.0,7,39,True,12,21783.339151,43.0,501.369558,539.411608,12427.0,1187667.0,21884.20203,22384.20203,568333.0
BSIF,39,9,256,2026471012,normal,9742.361346,0.0,9742.361346,7153.612044,2043.856882,544.650232,0.0,0.0,0.085353,9742.275993,513352,7324.0,1,27,True,12,40979.843603,81.0,501.777242,535.399546,302880.0,46620822.0,50722.204949,50722.204949,816232.0
RPPS-TDC,39,9,256,2026471012,normal,10284.78522,0.0,10284.78522,7143.716641,221.238948,2709.626922,208.99623,0.0,1870.051652,8414.733568,596540,6912.0,8,32,True,12,42010.191211,83.0,501.80549,535.180513,287106.0,44076270.0,52294.976430999996,52294.976430999996,883646.0
PRTD,39,9,256,2026471012,normal,18655.869052,0.0,18655.869052,13786.40436,2515.712683,2193.775026,157.771452,0.0,383.644617,18272.224435,643744,7808.0,8,39,True,12,,,,,,,18655.869052,18655.869052,643744.0
BSIF,39,9,256,2026471013,normal,9668.90141,0.0,9668.90141,7123.032617,2005.650879,540.003647,0.0,0.0,0.088621,9668.812789,513352,7324.0,1,27,True,13,41002.258277,81.0,501.847903,542.407828,302880.0,46620822.0,50671.159687,50671.159687,816232.0
RPPS-TDC,39,9,256,2026471013,normal,10209.687417,0.0,10209.687417,7064.53065,223.781846,2713.096013,207.069491,0.0,1869.58594,8340.101477,596540,6912.0,8,32,True,13,42161.058989,83.0,501.775331,557.161496,287106.0,44076270.0,52370.746406,52370.746406,883646.0
PRTD,39,9,256,2026471013,normal,18489.835918,0.0,18489.835918,13686.561146,2482.439575,2162.297813,156.483722,0.0,376.79522,18113.040698,643744,7808.0,8,39,True,13,,,,,,,18489.835918,18489.835918,643744.0
IRPP-TD,39,9,256,2026471013,normal,100.395183,0.0,100.395183,85.42907,2.305001,12.312898,0.0,0.0,5.268955,95.126228,555906,1568.0,7,39,True,13,22246.300963,43.0,502.014077,598.649202,12427.0,1187667.0,22346.696146000002,22846.696146000002,568333.0
RPPS-TDC,39,9,256,2026471014,normal,10107.920272,0.0,10107.920272,7016.941526,218.40245,2667.389795,204.131982,0.0,1840.242223,8267.678049,596540,6912.0,9,32,True,14,42093.441532,83.0,501.346929,542.580909,287106.0,44076270.0,52201.361804,52201.361804,883646.0
PRTD,39,9,256,2026471014,normal,18484.707367,0.0,18484.707367,13682.403298,2480.205375,2162.863057,157.20431,0.0,376.704989,18108.002378,643744,7808.0,8,39,True,14,,,,,,,18484.707367,18484.707367,643744.0
IRPP-TD,39,9,256,2026471014,normal,101.814581,0.0,101.814581,86.220062,2.31825,12.922904,0.0,0.0,5.6341,96.180481,555906,1568.0,7,39,True,14,21718.734019,43.0,502.119354,534.693931,12427.0,1187667.0,21820.5486,22320.5486,568333.0
BSIF,39,9,256,2026471014,normal,9946.913813,0.0,9946.913813,7106.721741,2059.467645,780.511887,0.0,0.0,0.087099,9946.826714,606280,7324.0,1,39,True,14,40995.66561,81.0,502.055636,533.395116,302880.0,46620822.0,50942.579422999996,50942.579422999996,909160.0
PRTD,39,9,256,2026471015,normal,18711.460221,0.0,18711.460221,13829.706865,2519.729854,2202.317411,157.563543,0.0,385.897752,18325.562469,643744,7808.0,8,39,True,15,,,,,,,18711.460221,18711.460221,643744.0
IRPP-TD,39,9,256,2026471015,normal,100.023842,0.0,100.023842,85.59011,2.170518,11.952469,0.0,0.0,5.214103,94.809739,555906,1568.0,7,39,True,15,21682.388922,43.0,501.664221,536.468483,12427.0,1187667.0,21782.412763999997,22282.412763999997,568333.0
BSIF,39,9,256,2026471015,normal,10039.083864,0.0,10039.083864,7144.816703,2099.791728,794.233585,0.0,0.0,0.085325,10038.998539,606280,7324.0,1,39,True,15,41028.369849,81.0,501.982168,546.200384,302880.0,46620822.0,51067.453713,51067.453713,909160.0
RPPS-TDC,39,9,256,2026471015,normal,10308.338205,0.0,10308.338205,7145.633754,223.498419,2730.669771,207.299948,0.0,1883.838205,8424.5,596540,6912.0,8,32,True,15,42167.171922,83.0,501.94178,540.246462,287106.0,44076270.0,52475.510127,52475.510127,883646.0
IRPP-TD,39,9,256,2026471016,normal,103.076271,0.0,103.076271,88.541518,2.185469,12.038039,0.0,0.0,5.137992,97.938279,555906,1568.0,7,39,True,16,21655.903241,43.0,501.631006,538.476863,12427.0,1187667.0,21758.979512,22258.979512,568333.0
BSIF,39,9,256,2026471016,normal,10028.44957,0.0,10028.44957,7135.068734,2096.742145,796.419764,0.0,0.0,0.087829,10028.361741,606280,7324.0,1,39,True,16,40974.717013,81.0,501.811806,534.607052,302880.0,46620822.0,51003.166583,51003.166583,909160.0
RPPS-TDC,39,9,256,2026471016,normal,10239.802419,0.0,10239.802419,7114.582919,219.374791,2700.685086,203.962101,0.0,1873.115317,8366.687102,596540,6912.0,8,32,True,16,42119.045284,83.0,501.553447,532.604714,287106.0,44076270.0,52358.847703,52358.847703,883646.0
PRTD,39,9,256,2026471016,normal,18743.320191,0.0,18743.320191,13879.326633,2514.597922,2189.892448,157.272531,0.0,382.577311,18360.74288,643744,7808.0,8,39,True,16,,,,,,,18743.320191,18743.320191,643744.0
BSIF,39,9,256,2026471017,normal,9891.308119,0.0,9891.308119,7043.432523,2058.431057,789.256278,0.0,0.0,0.129813,9891.178306,606280,7324.0,1,39,True,17,40901.780761,81.0,501.697032,544.376846,302880.0,46620822.0,50793.08888,50793.08888,909160.0
RPPS-TDC,39,9,256,2026471017,normal,10124.344354,0.0,10124.344354,7028.550275,219.32887,2670.801917,204.585073,0.0,1840.095549,8284.248805000001,596540,6912.0,8,32,True,17,42102.308171,83.0,502.206204,542.790145,287106.0,44076270.0,52226.652525,52226.652525,883646.0
PRTD,39,9,256,2026471017,normal,18774.981097,0.0,18774.981097,13915.24241,2508.864415,2191.180219,157.375771,0.0,383.088745,18391.892352,643744,7808.0,8,39,True,17,,,,,,,18774.981097,18774.981097,643744.0
IRPP-TD,39,9,256,2026471017,normal,100.518506,0.0,100.518506,85.798329,2.183658,12.204958,0.0,0.0,5.312007,95.206499,555906,1568.0,7,39,True,17,21784.84223,43.0,501.950661,541.452724,12427.0,1187667.0,21885.360736,22385.360736,568333.0
RPPS-TDC,39,9,256,2026471018,normal,10173.227672,0.0,10173.227672,7076.736165,219.863372,2670.979604,204.53234,0.0,1842.814604,8330.413068000002,596540,6912.0,8,32,True,18,42361.138875,83.0,502.335317,557.443218,287106.0,44076270.0,52534.366547,52534.366547,883646.0
PRTD,39,9,256,2026471018,normal,18755.076455,0.0,18755.076455,13866.658401,2518.462045,2207.625521,160.0981,0.0,384.352905,18370.72355,643744,7808.0,8,39,True,18,,,,,,,18755.076455,18755.076455,643744.0
IRPP-TD,39,9,256,2026471018,normal,102.160363,0.0,102.160363,87.388411,2.233344,12.210975,0.0,0.0,5.273806,96.886557,555906,1568.0,7,39,True,18,21785.054241,43.0,501.536221,537.420105,12427.0,1187667.0,21887.214604,22387.214604,568333.0
BSIF,39,9,256,2026471018,normal,9756.566209,0.0,9756.566209,7162.196059,2040.042941,554.110029,0.0,0.0,0.408655,9756.157554,513352,7324.0,1,27,True,18,40995.876875,81.0,501.762558,540.687944,302880.0,46620822.0,50752.443084,50752.443084,816232.0
PRTD,39,9,256,2026471019,normal,18526.624838,0.0,18526.624838,13704.067459,2494.977869,2166.676893,158.953629,0.0,377.17996,18149.444878,643744,7808.0,8,39,True,19,,,,,,,18526.624838,18526.624838,643744.0
IRPP-TD,39,9,256,2026471019,normal,104.740271,0.0,104.740271,89.300767,2.212141,12.891769,0.0,0.0,5.535797,99.204474,555906,1568.0,7,39,True,19,22068.123799,43.0,502.094494,579.984644,12427.0,1187667.0,22172.86407,22672.86407,568333.0
BSIF,39,9,256,2026471019,normal,9721.500419,0.0,9721.500419,7150.112743,2030.961816,540.190543,0.0,0.0,0.08411,9721.416309,513352,7324.0,1,27,True,19,40874.764118,81.0,501.473677,533.804532,302880.0,46620822.0,50596.264536999995,50596.264536999995,816232.0
RPPS-TDC,39,9,256,2026471019,normal,10196.609998,0.0,10196.609998,7080.658224,219.618654,2690.763669,204.471904,0.0,1861.295053,8335.314945,596540,6912.0,8,32,True,19,42086.935084,83.0,502.102325,544.42262,287106.0,44076270.0,52283.545082,52283.545082,883646.0
IRPP-TD,39,9,256,2026471020,normal,99.22084,0.0,99.22084,84.91379,2.22421,11.764272,0.0,0.0,5.037492,94.183348,555906,1568.0,7,39,True,20,21854.689139,43.0,501.56263,594.961803,12427.0,1187667.0,21953.909979,22453.909979,568333.0
BSIF,39,9,256,2026471020,normal,9619.34354,0.0,9619.34354,7074.456669,2004.23573,540.441761,0.0,0.0,0.082627,9619.260913,513352,7324.0,1,27,True,20,41155.030785,81.0,501.669601,551.910257,302880.0,46620822.0,50774.374325000004,50774.374325000004,816232.0
RPPS-TDC,39,9,256,2026471020,normal,10124.647048,0.0,10124.647048,7023.161394,220.049859,2675.437179,205.033244,0.0,1846.193522,8278.453526000001,596540,6912.0,8,32,True,20,41923.87409,83.0,501.69827,534.758727,287106.0,44076270.0,52048.521138,52048.521138,883646.0
PRTD,39,9,256,2026471020,normal,18677.268446,0.0,18677.268446,13797.799066,2515.857715,2203.936797,157.572076,0.0,384.840493,18292.427953,643744,7808.0,8,39,True,20,,,,,,,18677.268446,18677.268446,643744.0
BSIF,39,9,256,2026471021,normal,9892.23075,0.0,9892.23075,7046.370513,2061.570672,784.062969,0.0,0.0,0.112926,9892.117824,606280,7324.0,1,39,True,21,40970.024885,81.0,501.488433,541.316078,302880.0,46620822.0,50862.255635,50862.255635,909160.0
RPPS-TDC,39,9,256,2026471021,normal,10219.135973,0.0,10219.135973,7067.262402,223.778622,2718.136525,208.850101,0.0,1874.020263,8345.11571,596540,6912.0,8,32,True,21,42071.697898,83.0,501.59831,538.113879,287106.0,44076270.0,52290.833870999995,52290.833870999995,883646.0
PRTD,39,9,256,2026471021,normal,18757.611287,0.0,18757.611287,13860.001746,2520.369413,2215.599337,159.547471,0.0,383.22816,18374.383127,643744,7808.0,8,39,True,21,,,,,,,18757.611287,18757.611287,643744.0
IRPP-TD,39,9,256,2026471021,normal,101.374043,0.0,101.374043,86.738722,2.16214,12.150179,0.0,0.0,5.353514,96.020529,555906,1568.0,7,39,True,21,21854.485798,43.0,501.384269,574.762261,12427.0,1187667.0,21955.859841,22455.859841,568333.0
RPPS-TDC,39,9,256,2026471022,normal,10340.232027,0.0,10340.232027,7172.427578,226.432414,2731.635969,208.587482,0.0,1886.221851,8454.010176,596540,6912.0,9,32,True,22,41981.024044,83.0,502.04723,534.639627,287106.0,44076270.0,52321.256070999996,52321.256070999996,883646.0
PRTD,39,9,256,2026471022,normal,18834.717863,0.0,18834.717863,13944.135101,2525.969905,2203.9673,158.304931,0.0,396.459408,18438.258455000003,643744,7808.0,8,39,True,22,,,,,,,18834.717863,18834.717863,643744.0
IRPP-TD,39,9,256,2026471022,normal,99.6621,0.0,99.6621,85.366459,2.162992,11.801216,0.0,0.0,5.072096,94.590004,555906,1568.0,7,39,True,22,21609.889284,43.0,501.732822,539.035247,12427.0,1187667.0,21709.551384000002,22209.551384000002,568333.0
BSIF,39,9,256,2026471022,normal,9836.274265,0.0,9836.274265,7089.134803,2195.723719,551.189795,0.0,0.0,0.096342,9836.177923,513352,7324.0,1,27,True,22,40800.427516,81.0,501.379196,536.429448,302880.0,46620822.0,50636.701781,50636.701781,816232.0
PRTD,39,9,256,2026471023,normal,19158.624641,0.0,19158.624641,14211.947282,2558.866303,2221.189562,163.932962,0.0,384.586246,18774.038395,643744,7808.0,8,39,True,23,,,,,,,19158.624641,19158.624641,643744.0
IRPP-TD,39,9,256,2026471023,normal,103.662072,0.0,103.662072,88.163579,2.220586,12.936006,0.0,0.0,5.870078,97.791994,555906,1568.0,7,39,True,23,21770.582729,43.0,501.784161,539.289804,12427.0,1187667.0,21874.244801,22374.244801,568333.0
BSIF,39,9,256,2026471023,normal,10273.078491,0.0,10273.078491,7315.25383,2130.285234,827.258564,0.0,0.0,0.087235,10272.991256,606280,7324.0,1,39,True,23,40919.571084,81.0,501.804576,536.923197,302880.0,46620822.0,51192.649575,51192.649575,909160.0
RPPS-TDC,39,9,256,2026471023,normal,10437.447221,0.0,10437.447221,7284.689747,222.921943,2722.907228,205.690853,0.0,1888.428894,8549.018327,596540,6912.0,8,32,True,23,42119.203089,83.0,501.78927,542.273211,287106.0,44076270.0,52556.650310000005,52556.650310000005,883646.0
IRPP-TD,39,9,256,2026471024,normal,101.528723,0.0,101.528723,86.689009,2.272727,12.244971,0.0,0.0,5.273559,96.255164,555906,1568.0,7,39,True,24,21788.17701,43.0,501.2565,540.414374,12427.0,1187667.0,21889.705733,22389.705733,568333.0
BSIF,39,9,256,2026471024,normal,10023.803145,0.0,10023.803145,7150.91746,2087.678741,784.982162,0.0,0.0,0.085974,10023.717171,606280,7324.0,1,39,True,24,41128.102065,81.0,501.949372,545.716455,302880.0,46620822.0,51151.90521,51151.90521,909160.0
RPPS-TDC,39,9,256,2026471024,normal,10289.989142,0.0,10289.989142,7162.471386,220.521137,2699.203728,206.513787,0.0,1865.909696,8424.079446,596540,6912.0,9,32,True,24,42085.234335,83.0,501.540084,538.205888,287106.0,44076270.0,52375.223477,52375.223477,883646.0
PRTD,39,9,256,2026471024,normal,18933.25519,0.0,18933.25519,14004.936374,2547.202852,2220.514781,158.146835,0.0,385.87781,18547.37738,643744,7808.0,8,39,True,24,,,,,,,18933.25519,18933.25519,643744.0
BSIF,39,9,256,2026471025,normal,10019.194111,0.0,10019.194111,7084.470783,2134.082592,800.400745,0.0,0.0,0.100209,10019.093902,606280,7324.0,1,39,True,25,41104.883675,81.0,501.679774,540.289818,302880.0,46620822.0,51124.077785999994,51124.077785999994,909160.0
RPPS-TDC,39,9,256,2026471025,normal,10207.659731,0.0,10207.659731,7059.132097,226.352559,2708.949751,212.052921,0.0,1847.790708,8359.869023,596540,6912.0,8,32,True,25,41713.52639,83.0,501.401565,536.277786,287106.0,44076270.0,51921.186121,51921.186121,883646.0
PRTD,39,9,256,2026471025,normal,19041.480592,0.0,19041.480592,14072.393232,2564.492019,2241.242862,160.749058,0.0,390.491607,18650.988985,643744,7808.0,8,39,True,25,,,,,,,19041.480592,19041.480592,643744.0
IRPP-TD,39,9,256,2026471025,normal,103.15012,0.0,103.15012,87.78059,2.222169,12.805262,0.0,0.0,5.630757,97.519363,555906,1568.0,7,39,True,25,21734.117509,43.0,501.330583,517.126323,12427.0,1187667.0,21837.267628999998,22337.267628999998,568333.0
RPPS-TDC,39,9,256,2026471026,normal,10415.279561,0.0,10415.279561,7199.826221,228.179673,2776.644224,209.269836,0.0,1913.682431,8501.59713,596540,6912.0,9,32,True,26,41987.798094,83.0,501.890851,522.107023,287106.0,44076270.0,52403.077655,52403.077655,883646.0
PRTD,39,9,256,2026471026,normal,18791.220305,0.0,18791.220305,13908.294416,2522.64898,2197.853367,160.053035,0.0,384.349455,18406.87085,643744,7808.0,8,39,True,26,,,,,,,18791.220305,18791.220305,643744.0
IRPP-TD,39,9,256,2026471026,normal,101.88635,0.0,101.88635,86.870815,2.227822,12.389926,0.0,0.0,5.414374,96.471976,555906,1568.0,7,39,True,26,21989.231906,43.0,502.206651,578.763073,12427.0,1187667.0,22091.118256,22591.118256,568333.0
BSIF,39,9,256,2026471026,normal,10158.217056,0.0,10158.217056,7223.99971,2124.317004,809.62977,0.0,0.0,0.093608,10158.123448,606280,7324.0,1,39,True,26,41070.350466,81.0,501.537731,536.195953,302880.0,46620822.0,51228.567522000005,51228.567522000005,909160.0
PRTD,39,9,256,2026471027,normal,17783.791558,0.0,17783.791558,13298.936568,2342.916293,1978.917397,160.658823,0.0,339.116439,17444.675119,606568,7808.0,7,39,True,27,,,,,,,17783.791558,17783.791558,606568.0
IRPP-TD,39,9,256,2026471027,normal,103.320703,0.0,103.320703,87.88849,2.328219,12.76342,0.0,0.0,5.356592,97.964111,555906,1568.0,7,39,True,27,21640.281047,43.0,501.526673,537.981853,12427.0,1187667.0,21743.60175,22243.60175,568333.0
BSIF,39,9,256,2026471027,normal,9690.414211,0.0,9690.414211,7132.978227,2013.671795,543.548265,0.0,0.0,0.086163,9690.328048,513352,7324.0,1,27,True,27,41431.406607,81.0,501.973225,603.665554,302880.0,46620822.0,51121.82081799999,51121.82081799999,816232.0
RPPS-TDC,39,9,256,2026471027,normal,10440.030577,0.0,10440.030577,7250.372934,221.731915,2759.706132,206.888977,0.0,1909.820658,8530.209918999999,596540,6912.0,8,32,True,27,42201.870426,83.0,501.987446,532.189897,287106.0,44076270.0,52641.901003,52641.901003,883646.0
IRPP-TD,39,9,256,2026471028,normal,101.197905,0.0,101.197905,86.471003,2.233179,12.192208,0.0,0.0,5.392239,95.805666,555906,1568.0,7,39,True,28,21996.44513,43.0,501.62126,557.227902,12427.0,1187667.0,22097.643035,22597.643035,568333.0
BSIF,39,9,256,2026471028,normal,10198.617497,0.0,10198.617497,7251.086936,2136.201025,811.075534,0.0,0.0,0.087102,10198.530395,606280,7324.0,1,39,True,28,41180.701671,81.0,501.943894,548.835157,302880.0,46620822.0,51379.319168,51379.319168,909160.0
RPPS-TDC,39,9,256,2026471028,normal,10410.193217,0.0,10410.193217,7227.593733,226.249725,2744.768037,210.206176,0.0,1895.587782,8514.605435,596540,6912.0,8,32,True,28,42279.139911,83.0,501.32128,576.609627,287106.0,44076270.0,52689.333128,52689.333128,883646.0
PRTD,39,9,256,2026471028,normal,18800.493692,0.0,18800.493692,13910.678062,2520.735364,2206.144772,160.159681,0.0,385.13684,18415.356852,643744,7808.0,8,39,True,28,,,,,,,18800.493692,18800.493692,643744.0
BSIF,39,9,256,2026471029,normal,8985.153646,0.0,8985.153646,6447.172537,1845.516615,692.249879,0.0,0.0,0.088122,8985.065524000001,606280,7324.0,1,39,True,29,40896.0295,81.0,501.481636,536.540667,302880.0,46620822.0,49881.183145999996,49881.183145999996,909160.0
RPPS-TDC,39,9,256,2026471029,normal,9136.388622,0.0,9136.388622,6246.71303,210.520572,2479.012411,198.960927,0.0,1679.000631,7457.387991,596540,6912.0,8,32,True,29,42367.248273,83.0,501.957831,549.750331,287106.0,44076270.0,51503.636894999996,51503.636894999996,883646.0
PRTD,39,9,256,2026471029,normal,18037.977525,0.0,18037.977525,13292.763316,2451.769288,2126.808593,164.35569,0.0,369.202151,17668.775373999997,643744,7808.0,8,39,True,29,,,,,,,18037.977525,18037.977525,643744.0
IRPP-TD,39,9,256,2026471029,normal,105.154691,0.0,105.154691,89.856302,2.258503,12.681999,0.0,0.0,5.293571,99.86112,555906,1568.0,7,39,True,29,21819.280266,43.0,501.684378,536.986716,12427.0,1187667.0,21924.434957,22424.434957,568333.0
IRPP-TD,50,9,256,2026581000,normal,162.870848,0.0,162.870848,144.01418,2.948651,15.487393,0.0,0.0,6.558827,156.312021,818300,1568.0,6,50,True,0,27460.887716,54.0,501.700762,543.747873,15606.0,1500133.0,27623.758564,28123.758564,833906.0
BSIF,50,9,256,2026581000,normal,13065.654115,0.0,13065.654115,9367.816929,2688.812328,1008.699899,0.0,0.0,0.099042,13065.555073,777264,7324.0,1,50,True,0,52293.404599,103.0,502.287164,550.159626,388009.0,59740368.0,65359.058714,65359.058714,1165273.0
RPPS-TDC,50,9,256,2026581000,normal,13422.857467,0.0,13422.857467,9360.794805,239.906356,3541.264909,279.003335,0.0,2440.922084,10981.935383,762760,6912.0,8,40,True,0,53275.655551,105.0,501.823961,539.608013,367659.0,56471048.0,66698.513018,66698.513018,1130419.0
PRTD,50,9,256,2026581000,normal,23635.518508,0.0,23635.518508,17938.641899,2800.173835,2692.114729,201.633187,0.0,379.484172,23256.034336,809580,7808.0,8,50,True,0,,,,,,,23635.518508,23635.518508,809580.0
BSIF,50,9,256,2026581001,normal,12841.570222,0.0,12841.570222,9041.910249,2728.2742,1071.097711,0.0,0.0,0.192847,12841.377375,777264,7324.0,1,50,True,1,52234.828085,103.0,501.531391,553.707877,388009.0,59740368.0,65076.398307,65076.398307,1165273.0
RPPS-TDC,50,9,256,2026581001,normal,13201.120406,0.0,13201.120406,9243.797494,226.850537,3463.694388,264.98896,0.0,2400.123866,10800.99654,762760,6912.0,8,40,True,1,53365.526562,105.0,501.602229,546.554447,367659.0,56471048.0,66566.646968,66566.646968,1130419.0
PRTD,50,9,256,2026581001,normal,23224.920936,0.0,23224.920936,17526.451603,2775.668874,2705.445505,214.785865,0.0,381.502019,22843.418917,809580,7808.0,8,50,True,1,,,,,,,23224.920936,23224.920936,809580.0
IRPP-TD,50,9,256,2026581001,normal,154.221703,0.0,154.221703,136.259687,2.720625,14.838935,0.0,0.0,6.579597,147.64210599999998,818300,1568.0,6,50,True,1,27363.497658,54.0,501.840498,547.022912,15606.0,1500133.0,27517.719361,28017.719361,833906.0
RPPS-TDC,50,9,256,2026581002,normal,13147.661285,0.0,13147.661285,9168.408008,231.746181,3478.448701,267.399305,0.0,2412.241669,10735.419616,762760,6912.0,8,40,True,2,53255.755882,105.0,501.934823,544.11217,367659.0,56471048.0,66403.41716699999,66403.41716699999,1130419.0
PRTD,50,9,256,2026581002,normal,23704.526564,0.0,23704.526564,17942.792169,2827.197526,2737.965223,193.868589,0.0,388.033557,23316.493007,809580,7808.0,8,50,True,2,,,,,,,23704.526564,23704.526564,809580.0
IRPP-TD,50,9,256,2026581002,normal,150.813035,0.0,150.813035,133.290572,2.66747,14.472208,0.0,0.0,6.207012,144.60602300000002,818300,1568.0,6,50,True,2,27346.355638,54.0,501.745279,540.286515,15606.0,1500133.0,27497.168673,27997.168673,833906.0
BSIF,50,9,256,2026581002,normal,11980.330778,0.0,11980.330778,8810.188323,2495.978985,673.930626,0.0,0.0,0.085741,11980.245037,661104,7324.0,1,35,True,2,52287.95899,103.0,501.837568,561.777749,388009.0,59740368.0,64268.289768,64268.289768,1049113.0
PRTD,50,9,256,2026581003,normal,23386.903701,0.0,23386.903701,17608.809763,2839.557598,2742.104609,193.964351,0.0,386.038601,23000.8651,809580,7808.0,8,50,True,3,,,,,,,23386.903701,23386.903701,809580.0
IRPP-TD,50,9,256,2026581003,normal,156.272965,0.0,156.272965,138.230831,2.794203,14.784849,0.0,0.0,6.264566,150.008399,818300,1568.0,6,50,True,3,27310.707651,54.0,501.161715,542.467263,15606.0,1500133.0,27466.980616,27966.980616,833906.0
BSIF,50,9,256,2026581003,normal,12552.140223,0.0,12552.140223,8915.695705,2635.542256,1000.637651,0.0,0.0,0.087711,12552.052512,777264,7324.0,1,50,True,3,52350.131444,103.0,501.579498,546.197673,388009.0,59740368.0,64902.271667,64902.271667,1165273.0
RPPS-TDC,50,9,256,2026581003,normal,12990.679549,0.0,12990.679549,9059.368593,229.420414,3435.862808,264.579494,0.0,2375.652925,10615.026624,762760,6912.0,8,40,True,3,53418.562913,105.0,501.723377,582.131502,367659.0,56471048.0,66409.242462,66409.242462,1130419.0
IRPP-TD,50,9,256,2026581004,normal,168.183028,0.0,168.183028,146.961226,3.217453,17.473968,0.0,0.0,7.088841,161.094187,818300,1568.0,6,50,True,4,27307.01348,54.0,501.580744,542.836303,15606.0,1500133.0,27475.196508,27975.196508,833906.0
BSIF,50,9,256,2026581004,normal,12317.997033,0.0,12317.997033,9048.821446,2568.956204,699.9552,0.0,0.0,0.110568,12317.886465,661104,7324.0,1,35,True,4,51935.783108,103.0,501.190213,531.848121,388009.0,59740368.0,64253.780141,64253.780141,1049113.0
RPPS-TDC,50,9,256,2026581004,normal,12764.77461,0.0,12764.77461,8907.920267,236.980777,3346.901331,271.589802,0.0,2315.595207,10449.179403,762760,6912.0,8,40,True,4,53345.381399,105.0,501.721159,541.592856,367659.0,56471048.0,66110.156009,66110.156009,1130419.0
PRTD,50,9,256,2026581004,normal,23823.093433,0.0,23823.093433,18075.459481,2822.525112,2717.846134,204.425241,0.0,386.890002,23436.203431,809580,7808.0,8,50,True,4,,,,,,,23823.093433,23823.093433,809580.0
BSIF,50,9,256,2026581005,normal,12756.356569,0.0,12756.356569,9045.765019,2693.322689,1017.013829,0.0,0.0,0.090357,12756.266212,777264,7324.0,1,50,True,5,52509.043393,103.0,502.080342,545.086363,388009.0,59740368.0,65265.399961999996,65265.399961999996,1165273.0
RPPS-TDC,50,9,256,2026581005,normal,12873.533222,0.0,12873.533222,8979.093171,229.015261,3401.471458,262.548267,0.0,2367.421818,10506.111404,762760,6912.0,8,40,True,5,53233.711254,105.0,501.753851,544.77139,367659.0,56471048.0,66107.244476,66107.244476,1130419.0
PRTD,50,9,256,2026581005,normal,23414.70112,0.0,23414.70112,17686.721228,2795.607192,2725.618843,204.176678,0.0,390.959844,23023.741276,809580,7808.0,8,50,True,5,,,,,,,23414.70112,23414.70112,809580.0
IRPP-TD,50,9,256,2026581005,normal,163.306885,0.0,163.306885,145.138855,2.757294,14.990426,0.0,0.0,6.687144,156.619741,818300,1568.0,6,50,True,5,27748.808599,54.0,502.197524,609.063825,15606.0,1500133.0,27912.115484,28412.115484,833906.0
RPPS-TDC,50,9,256,2026581006,normal,12951.323728,0.0,12951.323728,9055.731778,228.241577,3403.640876,262.258203,0.0,2354.177063,10597.146665,762760,6912.0,8,40,True,6,53472.653032,105.0,502.043948,574.21861,367659.0,56471048.0,66423.97676,66423.97676,1130419.0
PRTD,50,9,256,2026581006,normal,23592.607479,0.0,23592.607479,17789.197904,2825.629441,2768.257042,207.05512,0.0,392.543896,23200.063583,809580,7808.0,8,50,True,6,,,,,,,23592.607479,23592.607479,809580.0
IRPP-TD,50,9,256,2026581006,normal,163.040169,0.0,163.040169,143.757396,2.792579,16.06791,0.0,0.0,6.859695,156.180474,818300,1568.0,6,50,True,6,27498.722179,54.0,501.621693,543.758834,15606.0,1500133.0,27661.762348,28161.762348,833906.0
BSIF,50,9,256,2026581006,normal,12404.636024,0.0,12404.636024,9074.109252,2619.792868,710.474159,0.0,0.0,0.110605,12404.525419,661104,7324.0,1,35,True,6,52432.307393,103.0,502.079309,553.721057,388009.0,59740368.0,64836.943417,64836.943417,1049113.0
PRTD,50,9,256,2026581007,normal,23308.064448,0.0,23308.064448,17633.132112,2784.939878,2684.38058,203.1314,0.0,379.676795,22928.387653,809580,7808.0,8,50,True,7,,,,,,,23308.064448,23308.064448,809580.0
IRPP-TD,50,9,256,2026581007,normal,157.576549,0.0,157.576549,138.960545,2.872656,15.308974,0.0,0.0,6.618687,150.957862,818300,1568.0,6,50,True,7,27219.042217,54.0,501.40298,539.037859,15606.0,1500133.0,27376.618766,27876.618766,833906.0
BSIF,50,9,256,2026581007,normal,12639.93025,0.0,12639.93025,9036.918755,2630.50924,972.23202,0.0,0.0,0.081805,12639.848445,777264,7324.0,1,50,True,7,52677.879123,103.0,501.955008,579.856688,388009.0,59740368.0,65317.809373,65317.809373,1165273.0
RPPS-TDC,50,9,256,2026581007,normal,13097.264651,0.0,13097.264651,9090.798183,221.487864,3531.698837,251.818639,0.0,2464.709057,10632.555594,762760,6912.0,8,40,True,7,53627.337939,105.0,501.639591,562.754779,367659.0,56471048.0,66724.60259,66724.60259,1130419.0
IRPP-TD,50,9,256,2026581008,normal,150.235718,0.0,150.235718,132.734842,2.640104,14.501249,0.0,0.0,6.268749,143.966969,818300,1568.0,6,50,True,8,27650.938182,54.0,501.87148,592.895785,15606.0,1500133.0,27801.1739,28301.1739,833906.0
BSIF,50,9,256,2026581008,normal,12707.054706,0.0,12707.054706,9036.325201,2639.673046,1030.783703,0.0,0.0,0.103428,12706.951278,777264,7324.0,1,50,True,8,52147.313209,103.0,501.732608,544.493307,388009.0,59740368.0,64854.367915,64854.367915,1165273.0
RPPS-TDC,50,9,256,2026581008,normal,13060.214769,0.0,13060.214769,9123.864468,230.927177,3440.141222,263.621893,0.0,2381.606004,10678.608765,762760,6912.0,8,40,True,8,53874.0892,105.0,502.073936,553.192475,367659.0,56471048.0,66934.303969,66934.303969,1130419.0
PRTD,50,9,256,2026581008,normal,23136.396168,0.0,23136.396168,17517.981663,2760.696277,2653.841329,201.498335,0.0,375.229559,22761.166609,809580,7808.0,8,50,True,8,,,,,,,23136.396168,23136.396168,809580.0
BSIF,50,9,256,2026581009,normal,12715.805874,0.0,12715.805874,9082.813552,2620.399788,1012.329468,0.0,0.0,0.084811,12715.721063,777264,7324.0,1,50,True,9,52324.858185,103.0,501.616332,554.043104,388009.0,59740368.0,65040.664058999995,65040.664058999995,1165273.0
RPPS-TDC,50,9,256,2026581009,normal,12951.262796,0.0,12951.262796,9016.073401,221.267121,3452.645227,259.875395,0.0,2399.478375,10551.784421,762760,6912.0,8,40,True,9,52974.003962,105.0,501.455442,538.482383,367659.0,56471048.0,65925.266758,65925.266758,1130419.0
PRTD,50,9,256,2026581009,normal,23739.645677,0.0,23739.645677,17944.75135,2850.651609,2744.292216,197.230656,0.0,395.296813,23344.348864,809580,7808.0,8,50,True,9,,,,,,,23739.645677,23739.645677,809580.0
IRPP-TD,50,9,256,2026581009,normal,155.081022,0.0,155.081022,136.418766,2.705332,15.545373,0.0,0.0,6.954783,148.126239,818300,1568.0,6,50,True,9,27501.024789,54.0,502.150189,561.259317,15606.0,1500133.0,27656.105810999998,28156.105810999998,833906.0
RPPS-TDC,50,9,256,2026581010,normal,12821.431722,0.0,12821.431722,8979.806624,233.972667,3340.310826,265.89249,0.0,2288.475607,10532.956115,762760,6912.0,8,40,True,10,53506.033267,105.0,502.195461,554.710164,367659.0,56471048.0,66327.464989,66327.464989,1130419.0
PRTD,50,9,256,2026581010,normal,23122.194398,0.0,23122.194398,17512.925271,2759.720403,2649.703506,197.346897,0.0,380.4691,22741.725298,809580,7808.0,8,50,True,10,,,,,,,23122.194398,23122.194398,809580.0
IRPP-TD,50,9,256,2026581010,normal,154.355424,0.0,154.355424,136.512205,2.669789,14.770646,0.0,0.0,6.443862,147.911562,818300,1568.0,6,50,True,10,27411.655377,54.0,501.592063,546.190675,15606.0,1500133.0,27566.010801,28066.010801,833906.0
BSIF,50,9,256,2026581010,normal,12665.349,0.0,12665.349,9158.453493,2755.031147,751.551097,0.0,0.0,0.100246,12665.248754,661104,7324.0,1,35,True,10,52066.710079,103.0,501.839963,544.827537,388009.0,59740368.0,64732.059079,64732.059079,1049113.0
PRTD,50,9,256,2026581011,normal,23364.493279,0.0,23364.493279,17632.650264,2800.174176,2714.67276,214.326365,0.0,381.588839,22982.90444,809580,7808.0,8,50,True,11,,,,,,,23364.493279,23364.493279,809580.0
IRPP-TD,50,9,256,2026581011,normal,169.360035,0.0,169.360035,149.531157,2.959384,16.414084,0.0,0.0,7.182278,162.177757,818300,1568.0,6,50,True,11,27430.957053,54.0,501.995799,563.206125,15606.0,1500133.0,27600.317088,28100.317088,833906.0
BSIF,50,9,256,2026581011,normal,12597.411358,0.0,12597.411358,9315.210006,2586.075793,695.823289,0.0,0.0,0.087607,12597.323751,661104,7324.0,1,35,True,11,51832.73935,103.0,501.516092,574.777756,388009.0,59740368.0,64430.150708,64430.150708,1049113.0
RPPS-TDC,50,9,256,2026581011,normal,13207.662541,0.0,13207.662541,9175.472597,244.879435,3503.080768,282.545073,0.0,2381.774943,10825.887598,762760,6912.0,8,40,True,11,53412.827915,105.0,502.061917,555.354202,367659.0,56471048.0,66620.490456,66620.490456,1130419.0
IRPP-TD,50,9,256,2026581012,normal,169.917148,0.0,169.917148,150.426949,2.988817,16.075659,0.0,0.0,6.868966,163.048182,818300,1568.0,6,50,True,12,27504.599235,54.0,501.394324,586.114244,15606.0,1500133.0,27674.516383000002,28174.516383000002,833906.0
BSIF,50,9,256,2026581012,normal,12520.235195,0.0,12520.235195,9198.071832,2605.765801,716.131074,0.0,0.0,0.08878,12520.146415,661104,7324.0,1,35,True,12,52157.451103,103.0,501.738197,539.108313,388009.0,59740368.0,64677.686298,64677.686298,1049113.0
RPPS-TDC,50,9,256,2026581012,normal,12958.086189,0.0,12958.086189,9070.261899,227.380365,3397.896746,261.019346,0.0,2353.384671,10604.701518,762760,6912.0,8,40,True,12,53117.944099,105.0,501.678175,537.310586,367659.0,56471048.0,66076.030288,66076.030288,1130419.0
PRTD,50,9,256,2026581012,normal,23108.71964,0.0,23108.71964,17491.41726,2755.099305,2658.046835,201.835228,0.0,375.847539,22732.872101,809580,7808.0,8,50,True,12,,,,,,,23108.71964,23108.71964,809580.0
BSIF,50,9,256,2026581013,normal,12223.182981,0.0,12223.182981,8977.669143,2548.281909,696.995457,0.0,0.0,0.084675,12223.098306,661104,7324.0,1,35,True,13,52344.239216,103.0,501.953029,545.886096,388009.0,59740368.0,64567.422197,64567.422197,1049113.0
RPPS-TDC,50,9,256,2026581013,normal,12930.511694,0.0,12930.511694,8990.652439,229.474071,3446.73398,262.302843,0.0,2397.199145,10533.312549,762760,6912.0,8,40,True,13,53268.430353,105.0,501.379466,568.400811,367659.0,56471048.0,66198.942047,66198.942047,1130419.0
PRTD,50,9,256,2026581013,normal,23442.860385,0.0,23442.860385,17725.361071,2806.382572,2705.322127,203.352864,0.0,383.506952,23059.353433,809580,7808.0,8,50,True,13,,,,,,,23442.860385,23442.860385,809580.0
IRPP-TD,50,9,256,2026581013,normal,157.141935,0.0,157.141935,138.788024,2.788998,15.173646,0.0,0.0,6.589453,150.552482,818300,1568.0,6,50,True,13,27444.385452,54.0,501.807623,548.974797,15606.0,1500133.0,27601.527387,28101.527387,833906.0
RPPS-TDC,50,9,256,2026581014,normal,13108.603508,0.0,13108.603508,9119.275931,234.028184,3484.537143,269.291545,0.0,2410.425027,10698.178481,762760,6912.0,8,40,True,14,52961.446377,105.0,501.409838,539.69516,367659.0,56471048.0,66070.049885,66070.049885,1130419.0
PRTD,50,9,256,2026581014,normal,23430.999629,0.0,23430.999629,17770.181145,2774.128861,2683.398871,200.510359,0.0,379.158204,23051.841425,809580,7808.0,8,50,True,14,,,,,,,23430.999629,23430.999629,809580.0
IRPP-TD,50,9,256,2026581014,normal,154.761109,0.0,154.761109,136.583112,2.735578,15.06039,0.0,0.0,6.479427,148.28168200000002,818300,1568.0,6,50,True,14,27611.652761,54.0,501.774291,558.403286,15606.0,1500133.0,27766.41387,28266.41387,833906.0
BSIF,50,9,256,2026581014,normal,12205.272469,0.0,12205.272469,8958.429316,2549.94198,696.660934,0.0,0.0,0.088041,12205.184428,661104,7324.0,1,35,True,14,52562.824686,103.0,501.936524,548.540359,388009.0,59740368.0,64768.097154999996,64768.097154999996,1049113.0
PRTD,50,9,256,2026581015,normal,23165.718831,0.0,23165.718831,17518.556691,2770.155644,2672.247842,202.424414,0.0,378.215894,22787.502937,809580,7808.0,8,50,True,15,,,,,,,23165.718831,23165.718831,809580.0
IRPP-TD,50,9,256,2026581015,normal,156.947057,0.0,156.947057,138.501694,2.787822,15.244395,0.0,0.0,6.568506,150.378551,818300,1568.0,6,50,True,15,27425.681678,54.0,501.726687,582.418789,15606.0,1500133.0,27582.628735000002,28082.628735000002,833906.0
BSIF,50,9,256,2026581015,normal,12544.691705,0.0,12544.691705,9304.988743,2542.918027,696.536567,0.0,0.0,0.100409,12544.591296,661104,7324.0,1,35,True,15,51935.665347,103.0,501.541078,534.183047,388009.0,59740368.0,64480.357052,64480.357052,1049113.0
RPPS-TDC,50,9,256,2026581015,normal,12811.57527,0.0,12811.57527,8909.929547,224.548534,3418.576372,257.176038,0.0,2338.94944,10472.62583,762760,6912.0,8,40,True,15,53668.665896,105.0,502.244281,561.256104,367659.0,56471048.0,66480.24116599999,66480.24116599999,1130419.0
IRPP-TD,50,9,256,2026581016,normal,153.107804,0.0,153.107804,135.459746,2.705171,14.562883,0.0,0.0,6.140015,146.96778899999998,818300,1568.0,6,50,True,16,27120.446919,54.0,501.652705,536.076086,15606.0,1500133.0,27273.554723,27773.554723,833906.0
BSIF,50,9,256,2026581016,normal,12127.708497,0.0,12127.708497,8846.400434,2584.7373,696.287373,0.0,0.0,0.084609,12127.623888,661104,7324.0,1,35,True,16,52179.758146,103.0,501.464086,534.625404,388009.0,59740368.0,64307.466643,64307.466643,1049113.0
RPPS-TDC,50,9,256,2026581016,normal,12892.879174,0.0,12892.879174,8951.27851,231.154909,3444.345953,264.758074,0.0,2384.479151,10508.400023,762760,6912.0,8,40,True,16,53113.244735,105.0,501.826459,535.30363,367659.0,56471048.0,66006.123909,66006.123909,1130419.0
PRTD,50,9,256,2026581016,normal,23153.284883,0.0,23153.284883,17549.85398,2740.52021,2661.811625,198.695561,0.0,373.06938,22780.215503,809580,7808.0,8,50,True,16,,,,,,,23153.284883,23153.284883,809580.0
BSIF,50,9,256,2026581017,normal,12744.496474,0.0,12744.496474,9087.390502,2663.409295,993.448198,0.0,0.0,0.088133,12744.408341,777264,7324.0,1,50,True,17,52035.642689,103.0,501.549875,538.492365,388009.0,59740368.0,64780.139163,64780.139163,1165273.0
RPPS-TDC,50,9,256,2026581017,normal,12843.023296,0.0,12843.023296,8966.215962,227.684239,3387.129914,260.598085,0.0,2345.574645,10497.448651,762760,6912.0,8,40,True,17,53098.145409,105.0,501.985045,538.079128,367659.0,56471048.0,65941.16870499999,65941.16870499999,1130419.0
PRTD,50,9,256,2026581017,normal,23438.642844,0.0,23438.642844,17748.944942,2788.043066,2698.974208,200.049132,0.0,380.759758,23057.883086,809580,7808.0,8,50,True,17,,,,,,,23438.642844,23438.642844,809580.0
IRPP-TD,50,9,256,2026581017,normal,155.635673,0.0,155.635673,137.467831,2.74021,15.011628,0.0,0.0,6.407003,149.22867,818300,1568.0,6,50,True,17,27361.177883,54.0,501.526346,584.874951,15606.0,1500133.0,27516.813556,28016.813556,833906.0
RPPS-TDC,50,9,256,2026581018,normal,12850.945825,0.0,12850.945825,8966.184428,227.205608,3395.214867,261.055671,0.0,2351.383774,10499.562051,762760,6912.0,8,40,True,18,53823.627611,105.0,501.923966,592.718319,367659.0,56471048.0,66674.573436,66674.573436,1130419.0
PRTD,50,9,256,2026581018,normal,23126.804172,0.0,23126.804172,17486.791616,2772.09747,2664.722509,200.766676,0.0,378.88426,22747.919912,809580,7808.0,8,50,True,18,,,,,,,23126.804172,23126.804172,809580.0
IRPP-TD,50,9,256,2026581018,normal,154.919493,0.0,154.919493,136.989588,2.803143,14.729934,0.0,0.0,6.248419,148.67107399999998,818300,1568.0,6,50,True,18,27192.388585,54.0,501.387314,539.195239,15606.0,1500133.0,27347.308078000002,27847.308078000002,833906.0
BSIF,50,9,256,2026581018,normal,12227.873009,0.0,12227.873009,8968.629911,2562.086696,696.915226,0.0,0.0,0.086508,12227.786501,661104,7324.0,1,35,True,18,51938.649085,103.0,501.871408,535.445014,388009.0,59740368.0,64166.522094,64166.522094,1049113.0
PRTD,50,9,256,2026581019,normal,23123.393278,0.0,23123.393278,17490.200558,2759.047708,2670.346657,201.416945,0.0,378.08894,22745.304338,809580,7808.0,8,50,True,19,,,,,,,23123.393278,23123.393278,809580.0
IRPP-TD,50,9,256,2026581019,normal,165.464421,0.0,165.464421,147.089477,2.775806,15.134378,0.0,0.0,6.582953,158.88146799999998,818300,1568.0,6,50,True,19,27476.782653,54.0,501.555295,571.778569,15606.0,1500133.0,27642.247074,28142.247074,833906.0
BSIF,50,9,256,2026581019,normal,12246.376475,0.0,12246.376475,8990.316569,2557.885436,697.928839,0.0,0.0,0.084305,12246.29217,661104,7324.0,1,35,True,19,52704.348182,103.0,501.908524,625.332177,388009.0,59740368.0,64950.724657,64950.724657,1049113.0
RPPS-TDC,50,9,256,2026581019,normal,13064.928063,0.0,13064.928063,9109.289661,231.153524,3459.166519,263.742072,0.0,2395.573346,10669.354716999998,762760,6912.0,8,40,True,19,53497.116578,105.0,501.855499,541.804509,367659.0,56471048.0,66562.044641,66562.044641,1130419.0
IRPP-TD,50,9,256,2026581020,normal,157.732105,0.0,157.732105,139.154706,2.856054,15.338391,0.0,0.0,6.302197,151.42990799999998,818300,1568.0,6,50,True,20,27299.506409,54.0,501.343001,573.951541,15606.0,1500133.0,27457.238514,27957.238514,833906.0
BSIF,50,9,256,2026581020,normal,12424.852214,0.0,12424.852214,9120.201207,2591.462084,712.916683,0.0,0.0,0.085182,12424.767032,661104,7324.0,1,35,True,20,52296.130024,103.0,501.830914,553.863727,388009.0,59740368.0,64720.982238,64720.982238,1049113.0
RPPS-TDC,50,9,256,2026581020,normal,13012.774501,0.0,13012.774501,9093.911628,232.471252,3419.063643,265.783735,0.0,2363.149037,10649.625464,762760,6912.0,8,40,True,20,53538.810263,105.0,502.121425,575.329675,367659.0,56471048.0,66551.584764,66551.584764,1130419.0
PRTD,50,9,256,2026581020,normal,23193.485086,0.0,23193.485086,17590.851622,2748.879878,2651.482972,199.918954,0.0,374.847818,22818.637268,809580,7808.0,8,50,True,20,,,,,,,23193.485086,23193.485086,809580.0
BSIF,50,9,256,2026581021,normal,12320.946764,0.0,12320.946764,9049.58497,2569.246973,701.882881,0.0,0.0,0.115739,12320.831025,661104,7324.0,1,35,True,21,52337.808628,103.0,501.38313,597.853376,388009.0,59740368.0,64658.755392,64658.755392,1049113.0
RPPS-TDC,50,9,256,2026581021,normal,13013.779313,0.0,13013.779313,9089.083782,233.447713,3422.613256,267.225638,0.0,2361.439995,10652.339317999998,762760,6912.0,8,40,True,21,53568.985196,105.0,501.637039,583.2628,367659.0,56471048.0,66582.764509,66582.764509,1130419.0
PRTD,50,9,256,2026581021,normal,23598.083661,0.0,23598.083661,17834.073442,2822.009167,2736.428307,202.741928,0.0,385.289944,23212.793717,809580,7808.0,8,50,True,21,,,,,,,23598.083661,23598.083661,809580.0
IRPP-TD,50,9,256,2026581021,normal,157.402272,0.0,157.402272,138.969091,2.773307,15.247118,0.0,0.0,6.615611,150.786661,818300,1568.0,6,50,True,21,27239.751225,54.0,501.064579,537.891014,15606.0,1500133.0,27397.153497,27897.153497,833906.0
RPPS-TDC,50,9,256,2026581022,normal,12919.646015,0.0,12919.646015,8994.010396,229.019967,3432.398675,262.908307,0.0,2374.08382,10545.562195,762760,6912.0,8,40,True,22,53191.499178,105.0,501.156562,544.84482,367659.0,56471048.0,66111.145193,66111.145193,1130419.0
PRTD,50,9,256,2026581022,normal,23012.601763,0.0,23012.601763,17396.049217,2740.51769,2664.777594,208.834423,0.0,375.715551,22636.886212,809580,7808.0,8,50,True,22,,,,,,,23012.601763,23012.601763,809580.0
IRPP-TD,50,9,256,2026581022,normal,161.645858,0.0,161.645858,142.861484,2.884527,15.510208,0.0,0.0,6.789671,154.856187,818300,1568.0,6,50,True,22,27384.738316,54.0,501.424157,573.940776,15606.0,1500133.0,27546.384174,28046.384174,833906.0
BSIF,50,9,256,2026581022,normal,12390.400603,0.0,12390.400603,9147.5171,2547.039505,695.600472,0.0,0.0,0.08267,12390.317933,661104,7324.0,1,35,True,22,52360.748104,103.0,502.029358,566.631761,388009.0,59740368.0,64751.148707,64751.148707,1049113.0
PRTD,50,9,256,2026581023,normal,23190.356069,0.0,23190.356069,17546.668125,2772.28714,2668.471417,200.556957,0.0,377.296522,22813.059547,809580,7808.0,8,50,True,23,,,,,,,23190.356069,23190.356069,809580.0
IRPP-TD,50,9,256,2026581023,normal,154.996423,0.0,154.996423,137.057736,2.764195,14.754704,0.0,0.0,6.268925,148.727498,818300,1568.0,6,50,True,23,27598.077545,54.0,501.611371,558.700419,15606.0,1500133.0,27753.073968,28253.073968,833906.0
BSIF,50,9,256,2026581023,normal,12225.684052,0.0,12225.684052,8971.853287,2556.064385,697.530987,0.0,0.0,0.084405,12225.599647,661104,7324.0,1,35,True,23,52349.558368,103.0,501.491191,542.710959,388009.0,59740368.0,64575.242419999995,64575.242419999995,1049113.0
RPPS-TDC,50,9,256,2026581023,normal,13017.438345,0.0,13017.438345,9100.302259,228.94582,3425.394347,261.263289,0.0,2381.471154,10635.967191,762760,6912.0,8,40,True,23,53328.35396,105.0,501.539689,582.890898,367659.0,56471048.0,66345.792305,66345.792305,1130419.0
IRPP-TD,50,9,256,2026581024,normal,155.614455,0.0,155.614455,137.614763,2.756084,14.854078,0.0,0.0,6.252315,149.36213999999998,818300,1568.0,6,50,True,24,27383.018536,54.0,502.054838,549.790769,15606.0,1500133.0,27538.632991,28038.632991,833906.0
BSIF,50,9,256,2026581024,normal,12255.351712,0.0,12255.351712,8982.127452,2573.978,699.002719,0.0,0.0,0.088381,12255.263331,661104,7324.0,1,35,True,24,52053.191144,103.0,501.724431,537.777651,388009.0,59740368.0,64308.542856,64308.542856,1049113.0
RPPS-TDC,50,9,256,2026581024,normal,12872.06827,0.0,12872.06827,8978.882257,228.528609,3402.529313,260.822324,0.0,2357.940409,10514.127861,762760,6912.0,8,40,True,24,53813.225213,105.0,502.299215,591.069968,367659.0,56471048.0,66685.293483,66685.293483,1130419.0
PRTD,50,9,256,2026581024,normal,23129.956214,0.0,23129.956214,17497.530104,2764.204503,2663.23225,202.670072,0.0,376.091114,22753.865100000003,809580,7808.0,8,50,True,24,,,,,,,23129.956214,23129.956214,809580.0
BSIF,50,9,256,2026581025,normal,12435.634255,0.0,12435.634255,9128.913764,2599.901184,706.570919,0.0,0.0,0.085407,12435.548848,661104,7324.0,1,35,True,25,52184.020679,103.0,501.631065,545.151521,388009.0,59740368.0,64619.654934000006,64619.654934000006,1049113.0
RPPS-TDC,50,9,256,2026581025,normal,13078.279155,0.0,13078.279155,9120.384369,233.038837,3458.678646,264.636304,0.0,2395.339703,10682.939452,762760,6912.0,8,40,True,25,53699.838605,105.0,502.127081,546.53641,367659.0,56471048.0,66778.11776,66778.11776,1130419.0
PRTD,50,9,256,2026581025,normal,23537.245694,0.0,23537.245694,17839.645067,2793.700635,2695.656727,205.418225,0.0,381.407916,23155.837778,809580,7808.0,8,50,True,25,,,,,,,23537.245694,23537.245694,809580.0
IRPP-TD,50,9,256,2026581025,normal,156.494364,0.0,156.494364,138.264393,2.779719,15.05677,0.0,0.0,6.458173,150.036191,818300,1568.0,6,50,True,25,27264.613364,54.0,501.311029,541.238942,15606.0,1500133.0,27421.107728,27921.107728,833906.0
RPPS-TDC,50,9,256,2026581026,normal,13045.108736,0.0,13045.108736,9119.196096,230.551705,3429.854844,263.972261,0.0,2366.403265,10678.705471,762760,6912.0,8,40,True,26,53072.829569,105.0,501.327584,538.686623,367659.0,56471048.0,66117.938305,66117.938305,1130419.0
PRTD,50,9,256,2026581026,normal,23753.251747,0.0,23753.251747,17970.733784,2831.844225,2740.626901,207.394313,0.0,380.447246,23372.804501,809580,7808.0,8,50,True,26,,,,,,,23753.251747,23753.251747,809580.0
IRPP-TD,50,9,256,2026581026,normal,165.434753,0.0,165.434753,145.490387,2.949419,16.561387,0.0,0.0,7.12235,158.312403,818300,1568.0,6,50,True,26,27393.448983,54.0,501.874188,539.485773,15606.0,1500133.0,27558.883736,28058.883736,833906.0
BSIF,50,9,256,2026581026,normal,12352.647806,0.0,12352.647806,9075.019649,2574.766144,702.626974,0.0,0.0,0.09119,12352.556616000002,661104,7324.0,1,35,True,26,52020.019284,103.0,501.980178,538.341226,388009.0,59740368.0,64372.66709,64372.66709,1049113.0
PRTD,50,9,256,2026581027,normal,23275.660305,0.0,23275.660305,17594.816987,2784.637651,2688.261884,205.606551,0.0,379.492577,22896.167728,809580,7808.0,8,50,True,27,,,,,,,23275.660305,23275.660305,809580.0
IRPP-TD,50,9,256,2026581027,normal,158.090471,0.0,158.090471,139.563801,2.815699,15.314759,0.0,0.0,6.454008,151.63646300000002,818300,1568.0,7,50,True,27,27209.060304,54.0,501.583721,536.712951,15606.0,1500133.0,27367.150775,27867.150775,833906.0
BSIF,50,9,256,2026581027,normal,12754.82707,0.0,12754.82707,9060.833939,2680.113373,1013.616146,0.0,0.0,0.089828,12754.737242,777264,7324.0,1,50,True,27,52362.183969,103.0,502.110105,589.702276,388009.0,59740368.0,65117.011039,65117.011039,1165273.0
RPPS-TDC,50,9,256,2026581027,normal,13093.945179,0.0,13093.945179,9108.348433,229.11082,3492.259571,262.681366,0.0,2429.650823,10664.294356,762760,6912.0,8,40,True,27,53673.68716,105.0,502.351318,583.509377,367659.0,56471048.0,66767.632339,66767.632339,1130419.0
IRPP-TD,50,9,256,2026581028,normal,157.156476,0.0,157.156476,138.421787,2.847358,15.497912,0.0,0.0,6.670315,150.486161,818300,1568.0,6,50,True,28,27492.577454,54.0,501.734067,551.994092,15606.0,1500133.0,27649.73393,28149.73393,833906.0
BSIF,50,9,256,2026581028,normal,12840.852688,0.0,12840.852688,9160.30689,2675.217837,1005.092608,0.0,0.0,0.084592,12840.768096000002,777264,7324.0,1,50,True,28,52184.982352,103.0,501.86177,570.607866,388009.0,59740368.0,65025.83504,65025.83504,1165273.0
RPPS-TDC,50,9,256,2026581028,normal,12854.640777,0.0,12854.640777,8957.188263,227.999128,3406.645305,261.996993,0.0,2357.819543,10496.821234,762760,6912.0,8,40,True,28,53193.074094,105.0,501.73981,532.261089,367659.0,56471048.0,66047.714871,66047.714871,1130419.0
PRTD,50,9,256,2026581028,normal,23184.848447,0.0,23184.848447,17532.339876,2771.076561,2675.747454,204.233204,0.0,377.797783,22807.050664,809580,7808.0,8,50,True,28,,,,,,,23184.848447,23184.848447,809580.0
BSIF,50,9,256,2026581029,normal,12264.107187,0.0,12264.107187,9000.128733,2564.631149,699.198591,0.0,0.0,0.083379,12264.023808,661104,7324.0,1,35,True,29,52391.47272,103.0,501.923864,565.136923,388009.0,59740368.0,64655.579907,64655.579907,1049113.0
RPPS-TDC,50,9,256,2026581029,normal,13020.663336,0.0,13020.663336,9067.016303,230.983878,3455.349007,266.181214,0.0,2396.542966,10624.12037,762760,6912.0,8,40,True,29,53528.208752,105.0,502.361493,577.06873,367659.0,56471048.0,66548.872088,66548.872088,1130419.0
PRTD,50,9,256,2026581029,normal,23596.509319,0.0,23596.509319,17849.461396,2837.293662,2703.321021,203.539156,0.0,382.16294,23214.346379,809580,7808.0,8,50,True,29,,,,,,,23596.509319,23596.509319,809580.0
IRPP-TD,50,9,256,2026581029,normal,159.699792,0.0,159.699792,141.209278,2.816745,15.21419,0.0,0.0,6.526883,153.172909,818300,1568.0,6,50,True,29,27444.655048,54.0,501.533201,571.987639,15606.0,1500133.0,27604.35484,28104.35484,833906.0
