scenario,trial,nrmse,angular_available,retained_rate
single-regime,0,0.006857855294332273,1.0,1.0
unpartitioned-two-regime,0,0.16654555055503015,1.0,1.0
context-partitioned,0,0.008916778267314268,1.0,1.0
single-regime,1,0.009972073169870324,1.0,1.0
unpartitioned-two-regime,1,0.16315129199186337,1.0,1.0
context-partitioned,1,0.011056777796937143,1.0,1.0
single-regime,2,0.005346002290413839,1.0,1.0
unpartitioned-two-regime,2,0.1625032414113107,1.0,1.0
context-partitioned,2,0.010405087063877265,1.0,1.0
single-regime,3,0.0035813038611600067,1.0,1.0
unpartitioned-two-regime,3,0.16177938981202106,1.0,1.0
context-partitioned,3,0.009554516378602449,1.0,1.0
single-regime,4,0.00857149075011544,1.0,1.0
unpartitioned-two-regime,4,0.16280957388688275,1.0,1.0
context-partitioned,4,0.008020899511482788,1.0,1.0
single-regime,5,0.008295851482067596,1.0,1.0
unpartitioned-two-regime,5,0.14663490825184536,1.0,0.975
context-partitioned,5,0.008051913235779595,1.0,1.0
single-regime,6,0.006765998252723431,1.0,1.0
unpartitioned-two-regime,6,0.16568998195252094,1.0,1.0
context-partitioned,6,0.005709710761963438,1.0,1.0
single-regime,7,0.0062649729919606705,1.0,1.0
unpartitioned-two-regime,7,0.151622759703713,1.0,0.975
context-partitioned,7,0.008297791546187856,1.0,1.0
single-regime,8,0.007171841493707337,1.0,1.0
unpartitioned-two-regime,8,0.1661657682603332,1.0,1.0
context-partitioned,8,0.009445197532445895,1.0,1.0
single-regime,9,0.0033905964285467515,1.0,1.0
unpartitioned-two-regime,9,0.1659702137394283,1.0,1.0
context-partitioned,9,0.008373193057560608,1.0,1.0
single-regime,10,0.0066891842362796945,1.0,1.0
unpartitioned-two-regime,10,0.14520784252105118,1.0,0.975
context-partitioned,10,0.0072102233722647745,1.0,1.0
single-regime,11,0.0073527651421637676,1.0,1.0
unpartitioned-two-regime,11,0.166253444475054,1.0,1.0
context-partitioned,11,0.009030746337294086,1.0,1.0
single-regime,12,0.006155816767503608,1.0,1.0
unpartitioned-two-regime,12,0.1664892246726172,1.0,1.0
context-partitioned,12,0.00491729871887291,1.0,1.0
single-regime,13,0.00573665915247483,1.0,1.0
unpartitioned-two-regime,13,0.14947161482704308,1.0,0.975
context-partitioned,13,0.008333592395436955,1.0,1.0
single-regime,14,0.008515581860314854,1.0,1.0
unpartitioned-two-regime,14,0.16579821868598843,1.0,1.0
context-partitioned,14,0.009626127851130034,1.0,1.0
single-regime,15,0.0045100002940392835,1.0,1.0
unpartitioned-two-regime,15,0.16665166516668514,1.0,0.95
context-partitioned,15,0.008526820761680255,1.0,1.0
single-regime,16,0.007169690492217103,1.0,1.0
unpartitioned-two-regime,16,0.15435404817563966,1.0,0.975
context-partitioned,16,0.008900656490132343,1.0,1.0
single-regime,17,0.006585335034975309,1.0,1.0
unpartitioned-two-regime,17,0.14509539754148768,1.0,0.975
context-partitioned,17,0.008264686757776576,1.0,0.975
single-regime,18,0.005644093281571789,1.0,1.0
unpartitioned-two-regime,18,0.16296849420648515,1.0,1.0
context-partitioned,18,0.007951696672804699,1.0,1.0
single-regime,19,0.00638211905101697,1.0,1.0
unpartitioned-two-regime,19,0.15047090282631564,1.0,0.975
context-partitioned,19,0.0077077830435948805,1.0,1.0
single-regime,20,0.007527955766656872,1.0,1.0
unpartitioned-two-regime,20,0.16477102721067186,1.0,1.0
context-partitioned,20,0.009582981331123711,1.0,1.0
single-regime,21,0.0038230077273132142,1.0,1.0
unpartitioned-two-regime,21,0.16449650584889422,1.0,1.0
context-partitioned,21,0.009346395310048852,1.0,1.0
single-regime,22,0.005543308001494342,1.0,1.0
unpartitioned-two-regime,22,0.16597249484059517,1.0,1.0
context-partitioned,22,0.008705581526833048,1.0,1.0
single-regime,23,0.006192574461027144,1.0,1.0
unpartitioned-two-regime,23,0.16614180638118348,1.0,1.0
context-partitioned,23,0.009981554668522994,1.0,1.0
single-regime,24,0.008185063634555503,1.0,1.0
unpartitioned-two-regime,24,0.16643947092280145,1.0,1.0
context-partitioned,24,0.011021559840778305,1.0,1.0
single-regime,25,0.006771389988384686,1.0,1.0
unpartitioned-two-regime,25,0.16376525775875114,1.0,1.0
context-partitioned,25,0.011482781894261829,1.0,1.0
single-regime,26,0.006839001771142259,1.0,1.0
unpartitioned-two-regime,26,0.162830356376679,1.0,1.0
context-partitioned,26,0.011743660631719567,1.0,1.0
single-regime,27,0.008370299307145482,1.0,1.0
unpartitioned-two-regime,27,0.16622282266913366,1.0,1.0
context-partitioned,27,0.008798936211773318,1.0,1.0
single-regime,28,0.006031269566580093,1.0,1.0
unpartitioned-two-regime,28,0.16187105571109836,1.0,1.0
context-partitioned,28,0.009377630825025136,1.0,1.0
single-regime,29,0.004959633696294661,1.0,1.0
unpartitioned-two-regime,29,0.16471632644961767,1.0,1.0
context-partitioned,29,0.008770653640125244,1.0,1.0
single-regime,30,0.004527534443393527,1.0,1.0
unpartitioned-two-regime,30,0.1646104211706452,1.0,1.0
context-partitioned,30,0.008778528252214073,1.0,1.0
single-regime,31,0.005473852617946573,1.0,1.0
unpartitioned-two-regime,31,0.1653570159678604,1.0,1.0
context-partitioned,31,0.009859965926092683,1.0,0.975
single-regime,32,0.005364026420714019,1.0,1.0
unpartitioned-two-regime,32,0.16650702435497425,1.0,1.0
context-partitioned,32,0.008970486339934466,1.0,1.0
single-regime,33,0.004184650337799636,1.0,1.0
unpartitioned-two-regime,33,0.16297658259145542,1.0,1.0
context-partitioned,33,0.008610030043843185,1.0,1.0
single-regime,34,0.005822027105201637,1.0,1.0
unpartitioned-two-regime,34,0.1653504834272973,1.0,1.0
context-partitioned,34,0.011935577472993033,1.0,1.0
single-regime,35,0.006559123924344476,1.0,1.0
unpartitioned-two-regime,35,0.1623705944538074,1.0,1.0
context-partitioned,35,0.009494364139623457,1.0,1.0
single-regime,36,0.007185760189512217,1.0,1.0
unpartitioned-two-regime,36,0.16350164757461097,1.0,1.0
context-partitioned,36,0.010112258706346534,1.0,1.0
single-regime,37,0.006685460296831273,1.0,1.0
unpartitioned-two-regime,37,0.1663011818475665,1.0,1.0
context-partitioned,37,0.00784993247571487,1.0,1.0
single-regime,38,0.005305527566624699,1.0,1.0
unpartitioned-two-regime,38,0.16390503535513376,1.0,1.0
context-partitioned,38,0.005610110511030449,1.0,1.0
single-regime,39,0.008288515093905694,1.0,1.0
unpartitioned-two-regime,39,0.14336705928655383,1.0,0.975
context-partitioned,39,0.009722738397942902,1.0,1.0
single-regime,40,0.005350955801177858,1.0,1.0
unpartitioned-two-regime,40,0.16636097934094485,1.0,1.0
context-partitioned,40,0.008417199303956456,1.0,1.0
single-regime,41,0.006794915103472324,1.0,1.0
unpartitioned-two-regime,41,0.16621708325867252,1.0,1.0
context-partitioned,41,0.009277845614470034,1.0,1.0
single-regime,42,0.00732182536075108,1.0,0.975
unpartitioned-two-regime,42,0.16649805001261794,1.0,1.0
context-partitioned,42,0.00985815850273905,1.0,1.0
single-regime,43,0.00837052332857446,1.0,1.0
unpartitioned-two-regime,43,0.16327983216687242,1.0,1.0
context-partitioned,43,0.008036717762353908,1.0,1.0
single-regime,44,0.005825570016323292,1.0,1.0
unpartitioned-two-regime,44,0.16568007603109672,1.0,1.0
context-partitioned,44,0.011353485750633777,1.0,1.0
single-regime,45,0.004640044683040828,1.0,1.0
unpartitioned-two-regime,45,0.16615758675705564,1.0,1.0
context-partitioned,45,0.011334855271599994,1.0,1.0
single-regime,46,0.009637480535148577,1.0,1.0
unpartitioned-two-regime,46,0.1664386111844818,1.0,1.0
context-partitioned,46,0.00862303754835942,1.0,1.0
single-regime,47,0.009033243181733094,1.0,1.0
unpartitioned-two-regime,47,0.1666023117270411,1.0,1.0
context-partitioned,47,0.005124760479996451,1.0,1.0
single-regime,48,0.006475377877089542,1.0,1.0
unpartitioned-two-regime,48,0.1631844775688713,1.0,1.0
context-partitioned,48,0.006915394137175367,1.0,0.975
single-regime,49,0.0076019594884139076,1.0,1.0
unpartitioned-two-regime,49,0.15091500396597596,1.0,0.975
context-partitioned,49,0.00960088857661106,1.0,1.0
single-regime,50,0.008716652895851206,1.0,1.0
unpartitioned-two-regime,50,0.14761337681940803,1.0,0.975
context-partitioned,50,0.007515767745005382,1.0,1.0
single-regime,51,0.007461940437483585,1.0,1.0
unpartitioned-two-regime,51,0.16567096130595213,1.0,1.0
context-partitioned,51,0.007145197270092669,1.0,1.0
single-regime,52,0.0037554285266441557,1.0,1.0
unpartitioned-two-regime,52,0.1651440548514505,1.0,1.0
context-partitioned,52,0.00742530521813233,1.0,1.0
single-regime,53,0.006466364095980018,1.0,1.0
unpartitioned-two-regime,53,0.16583006166331865,1.0,1.0
context-partitioned,53,0.006305009275577776,1.0,1.0
single-regime,54,0.008028166085672302,1.0,1.0
unpartitioned-two-regime,54,0.16604775952044787,1.0,1.0
context-partitioned,54,0.007598578570720006,1.0,1.0
single-regime,55,0.0032857075491811304,1.0,1.0
unpartitioned-two-regime,55,0.1647037776410153,1.0,1.0
context-partitioned,55,0.00874725538771454,1.0,1.0
single-regime,56,0.005274325965366956,1.0,1.0
unpartitioned-two-regime,56,0.16385746282180566,1.0,1.0
context-partitioned,56,0.010429401534630088,1.0,1.0
single-regime,57,0.006975208050552132,1.0,1.0
unpartitioned-two-regime,57,0.16492804439704548,1.0,1.0
context-partitioned,57,0.007589733771976891,1.0,1.0
single-regime,58,0.0058012030072336915,1.0,1.0
unpartitioned-two-regime,58,0.1658931426671104,1.0,1.0
context-partitioned,58,0.00867198857941898,1.0,1.0
single-regime,59,0.006438247310911113,1.0,1.0
unpartitioned-two-regime,59,0.16415967872478723,1.0,1.0
context-partitioned,59,0.006828731583581504,1.0,1.0
single-regime,60,0.00680953808771215,1.0,1.0
unpartitioned-two-regime,60,0.1654601893238178,1.0,1.0
context-partitioned,60,0.008067866177780166,1.0,1.0
single-regime,61,0.005070488141845954,1.0,1.0
unpartitioned-two-regime,61,0.16368853247878254,1.0,1.0
context-partitioned,61,0.008626272708267197,1.0,1.0
single-regime,62,0.007214386792128179,1.0,1.0
unpartitioned-two-regime,62,0.16430437736208978,1.0,1.0
context-partitioned,62,0.010120516599621762,1.0,1.0
single-regime,63,0.005125360444384867,1.0,1.0
unpartitioned-two-regime,63,0.14874618530814848,1.0,0.975
context-partitioned,63,0.0077203755029796725,1.0,1.0
single-regime,64,0.005409329079518819,1.0,1.0
unpartitioned-two-regime,64,0.16490296260213413,1.0,1.0
context-partitioned,64,0.008466626767642265,1.0,1.0
single-regime,65,0.008417297073331987,1.0,1.0
unpartitioned-two-regime,65,0.14411831386401583,1.0,0.975
context-partitioned,65,0.008437596551390448,1.0,1.0
single-regime,66,0.004412875008265332,1.0,1.0
unpartitioned-two-regime,66,0.1504155111594108,1.0,0.975
context-partitioned,66,0.01074507713925196,1.0,1.0
single-regime,67,0.007131101970255031,1.0,1.0
unpartitioned-two-regime,67,0.163732646329058,1.0,1.0
context-partitioned,67,0.007866204957899322,1.0,1.0
single-regime,68,0.008799651259814757,1.0,1.0
unpartitioned-two-regime,68,0.1650959928684351,1.0,1.0
context-partitioned,68,0.009201907742029948,1.0,1.0
single-regime,69,0.0075221915858916105,1.0,1.0
unpartitioned-two-regime,69,0.16442392956528798,1.0,1.0
context-partitioned,69,0.00883757075280064,1.0,1.0
single-regime,70,0.008464185948373218,1.0,1.0
unpartitioned-two-regime,70,0.16450415364416,1.0,1.0
context-partitioned,70,0.007052338172388825,1.0,1.0
single-regime,71,0.005277453229330188,1.0,1.0
unpartitioned-two-regime,71,0.15108006619967776,1.0,0.975
context-partitioned,71,0.0065646534284835596,1.0,1.0
single-regime,72,0.006722474974235789,1.0,1.0
unpartitioned-two-regime,72,0.16449016325679974,1.0,1.0
context-partitioned,72,0.007694625046367481,1.0,1.0
single-regime,73,0.008326758901241847,1.0,1.0
unpartitioned-two-regime,73,0.147424772685472,1.0,0.975
context-partitioned,73,0.008132298541499949,1.0,1.0
single-regime,74,0.005956315450522817,1.0,1.0
unpartitioned-two-regime,74,0.16625269669938905,1.0,1.0
context-partitioned,74,0.007417625207895423,1.0,1.0
single-regime,75,0.005603361368770471,1.0,1.0
unpartitioned-two-regime,75,0.16624674627568406,1.0,1.0
context-partitioned,75,0.006785940806680629,1.0,1.0
single-regime,76,0.0044901791548292375,1.0,1.0
unpartitioned-two-regime,76,0.16464507793904495,1.0,1.0
context-partitioned,76,0.0075903479822913705,1.0,1.0
single-regime,77,0.0070187240455122125,1.0,1.0
unpartitioned-two-regime,77,0.15347114376121904,1.0,0.975
context-partitioned,77,0.011128896405754533,1.0,1.0
single-regime,78,0.005899994145991211,1.0,1.0
unpartitioned-two-regime,78,0.1658385258589273,1.0,1.0
context-partitioned,78,0.006704227238191597,1.0,1.0
single-regime,79,0.009170642136369181,1.0,1.0
unpartitioned-two-regime,79,0.1633724829961107,1.0,1.0
context-partitioned,79,0.007860430996391748,1.0,1.0
single-regime,80,0.005035670143317923,1.0,1.0
unpartitioned-two-regime,80,0.1657525586372469,1.0,1.0
context-partitioned,80,0.008462248541450154,1.0,1.0
single-regime,81,0.0034399951267733192,1.0,1.0
unpartitioned-two-regime,81,0.1660596041367875,1.0,1.0
context-partitioned,81,0.009325963807176887,1.0,1.0
single-regime,82,0.00529342837942719,1.0,1.0
unpartitioned-two-regime,82,0.12968033929304681,1.0,0.95
context-partitioned,82,0.008448203689899713,1.0,1.0
single-regime,83,0.006807849190402147,1.0,1.0
unpartitioned-two-regime,83,0.1645923367928975,1.0,1.0
context-partitioned,83,0.00908593549502391,1.0,1.0
single-regime,84,0.007915953841827467,1.0,1.0
unpartitioned-two-regime,84,0.16672258194253867,1.0,1.0
context-partitioned,84,0.010189404274066734,1.0,1.0
single-regime,85,0.007612646036260168,1.0,1.0
unpartitioned-two-regime,85,0.14844508337146803,1.0,0.975
context-partitioned,85,0.005675338273498903,1.0,1.0
single-regime,86,0.0057137296739838035,1.0,1.0
unpartitioned-two-regime,86,0.16345810434968752,1.0,1.0
context-partitioned,86,0.007722458940095313,1.0,1.0
single-regime,87,0.00669395153294661,1.0,1.0
unpartitioned-two-regime,87,0.16622902813139706,1.0,1.0
context-partitioned,87,0.008679656421127181,1.0,1.0
single-regime,88,0.007465718522711982,1.0,1.0
unpartitioned-two-regime,88,0.1649423500100508,1.0,1.0
context-partitioned,88,0.006679041932194086,1.0,1.0
single-regime,89,0.005497876295586942,1.0,1.0
unpartitioned-two-regime,89,0.16660147239328513,1.0,1.0
context-partitioned,89,0.008660897703740237,1.0,1.0
single-regime,90,0.007124998704609378,1.0,1.0
unpartitioned-two-regime,90,0.16469962362032017,1.0,1.0
context-partitioned,90,0.008304720896351337,1.0,1.0
single-regime,91,0.0076391986677424245,1.0,1.0
unpartitioned-two-regime,91,0.1645378835812162,1.0,1.0
context-partitioned,91,0.007509036320470633,1.0,1.0
single-regime,92,0.005988036426115867,1.0,1.0
unpartitioned-two-regime,92,0.14750731112157103,1.0,0.975
context-partitioned,92,0.009976484190171742,1.0,1.0
single-regime,93,0.008307060503576054,1.0,1.0
unpartitioned-two-regime,93,0.14935346462644947,1.0,0.975
context-partitioned,93,0.008359232463664943,1.0,1.0
single-regime,94,0.0060841184239589854,1.0,1.0
unpartitioned-two-regime,94,0.1639380086626104,1.0,1.0
context-partitioned,94,0.008629011283254334,1.0,1.0
single-regime,95,0.00868175900189653,1.0,0.975
unpartitioned-two-regime,95,0.1647969414413487,1.0,1.0
context-partitioned,95,0.009977089887473827,1.0,1.0
single-regime,96,0.005051948409837905,1.0,1.0
unpartitioned-two-regime,96,0.1663899665893214,1.0,1.0
context-partitioned,96,0.009026717509429691,1.0,1.0
single-regime,97,0.006305631751644656,1.0,1.0
unpartitioned-two-regime,97,0.16560517928811738,1.0,1.0
context-partitioned,97,0.008276095427270508,1.0,1.0
single-regime,98,0.007784300371195611,1.0,1.0
unpartitioned-two-regime,98,0.1662632327547057,1.0,1.0
context-partitioned,98,0.009431894149697879,1.0,1.0
single-regime,99,0.005937644862880751,1.0,1.0
unpartitioned-two-regime,99,0.16672068491622757,1.0,1.0
context-partitioned,99,0.00989257242031694,1.0,1.0
single-regime,100,0.005138322756343409,1.0,1.0
unpartitioned-two-regime,100,0.14869522453498432,1.0,0.975
context-partitioned,100,0.009212031386251766,1.0,1.0
single-regime,101,0.004017228601194884,1.0,1.0
unpartitioned-two-regime,101,0.1599507313463977,1.0,1.0
context-partitioned,101,0.008097016609102156,1.0,1.0
single-regime,102,0.006500208720358325,1.0,1.0
unpartitioned-two-regime,102,0.165469912016521,1.0,1.0
context-partitioned,102,0.011681378968322591,1.0,1.0
single-regime,103,0.0067681343951840915,1.0,1.0
unpartitioned-two-regime,103,0.16603537201283414,1.0,1.0
context-partitioned,103,0.008892034135270675,1.0,1.0
single-regime,104,0.00514093919706786,1.0,1.0
unpartitioned-two-regime,104,0.1495102829179455,1.0,0.975
context-partitioned,104,0.007485806839368047,1.0,1.0
single-regime,105,0.007939751507834467,1.0,1.0
unpartitioned-two-regime,105,0.1516688574581729,1.0,0.975
context-partitioned,105,0.009752197592825545,1.0,1.0
single-regime,106,0.00569234208710713,1.0,1.0
unpartitioned-two-regime,106,0.1667135924970614,1.0,1.0
context-partitioned,106,0.009433479589319442,1.0,1.0
single-regime,107,0.006007316535488666,1.0,1.0
unpartitioned-two-regime,107,0.16620286468878645,1.0,1.0
context-partitioned,107,0.007567958096588941,1.0,1.0
single-regime,108,0.0072279032268070574,1.0,1.0
unpartitioned-two-regime,108,0.16642421870315977,1.0,1.0
context-partitioned,108,0.009970921925953483,1.0,0.975
single-regime,109,0.005231023308394169,1.0,1.0
unpartitioned-two-regime,109,0.15079190876000265,1.0,0.975
context-partitioned,109,0.009808751530199151,1.0,1.0
single-regime,110,0.006702629130037531,1.0,1.0
unpartitioned-two-regime,110,0.16470987594213404,1.0,1.0
context-partitioned,110,0.009255824532861133,1.0,1.0
single-regime,111,0.0076337780068518575,1.0,1.0
unpartitioned-two-regime,111,0.16641271213810746,1.0,1.0
context-partitioned,111,0.010805671193621783,1.0,1.0
single-regime,112,0.0057760626436864715,1.0,1.0
unpartitioned-two-regime,112,0.1647021771124821,1.0,1.0
context-partitioned,112,0.008766134534580026,1.0,1.0
single-regime,113,0.007269574646966617,1.0,1.0
unpartitioned-two-regime,113,0.16521740470346452,1.0,1.0
context-partitioned,113,0.008097113837037435,1.0,1.0
single-regime,114,0.004068245183749346,1.0,1.0
unpartitioned-two-regime,114,0.16157163014182366,1.0,1.0
context-partitioned,114,0.00858460706234572,1.0,1.0
single-regime,115,0.005683127101491203,1.0,1.0
unpartitioned-two-regime,115,0.1662602866189347,1.0,1.0
context-partitioned,115,0.00936149491365598,1.0,1.0
single-regime,116,0.006515705032848877,1.0,1.0
unpartitioned-two-regime,116,0.1480896493866067,1.0,0.975
context-partitioned,116,0.008932325195294855,1.0,1.0
single-regime,117,0.007818543540521071,1.0,1.0
unpartitioned-two-regime,117,0.1650485672876293,1.0,1.0
context-partitioned,117,0.012313229933030181,1.0,1.0
single-regime,118,0.0028668251318503184,1.0,1.0
unpartitioned-two-regime,118,0.14629472943302183,1.0,0.975
context-partitioned,118,0.011191117716481694,1.0,1.0
single-regime,119,0.0043654267320134025,1.0,1.0
unpartitioned-two-regime,119,0.16359242855751358,1.0,1.0
context-partitioned,119,0.009218941006865251,1.0,1.0
single-regime,120,0.005812736868974812,1.0,1.0
unpartitioned-two-regime,120,0.16437532402963814,1.0,1.0
context-partitioned,120,0.00919449930995837,1.0,1.0
single-regime,121,0.007939988461265033,1.0,1.0
unpartitioned-two-regime,121,0.16614994644889344,1.0,1.0
context-partitioned,121,0.01132753572222498,1.0,1.0
single-regime,122,0.006663941495438329,1.0,1.0
unpartitioned-two-regime,122,0.15084863341748148,1.0,0.975
context-partitioned,122,0.010716349826806915,1.0,1.0
single-regime,123,0.008327948272102816,1.0,1.0
unpartitioned-two-regime,123,0.16533458674714316,1.0,1.0
context-partitioned,123,0.010235461921847457,1.0,1.0
single-regime,124,0.006340897121606391,1.0,1.0
unpartitioned-two-regime,124,0.16660408101481874,1.0,1.0
context-partitioned,124,0.009755696101185794,1.0,1.0
single-regime,125,0.005593798306223352,1.0,1.0
unpartitioned-two-regime,125,0.14729615092669066,1.0,0.975
context-partitioned,125,0.0101641203341683,1.0,1.0
single-regime,126,0.007560680950368676,1.0,1.0
unpartitioned-two-regime,126,0.16294532537508696,1.0,1.0
context-partitioned,126,0.011145780584730477,1.0,1.0
single-regime,127,0.007910535946758597,1.0,1.0
unpartitioned-two-regime,127,0.16138955398149604,1.0,1.0
context-partitioned,127,0.008639948993504665,1.0,1.0
single-regime,128,0.007241780682416727,1.0,1.0
unpartitioned-two-regime,128,0.16309742982322573,1.0,1.0
context-partitioned,128,0.0113035934723718,1.0,1.0
single-regime,129,0.006268197085854961,1.0,1.0
unpartitioned-two-regime,129,0.1646845609957304,1.0,1.0
context-partitioned,129,0.008785874974555049,1.0,1.0
single-regime,130,0.009749192037248094,1.0,1.0
unpartitioned-two-regime,130,0.1620804314209864,1.0,1.0
context-partitioned,130,0.009395932585117846,1.0,1.0
single-regime,131,0.00434189702170913,1.0,1.0
unpartitioned-two-regime,131,0.16576533277079328,1.0,1.0
context-partitioned,131,0.007791014709370603,1.0,1.0
single-regime,132,0.004896957459123142,1.0,1.0
unpartitioned-two-regime,132,0.16491214424070033,1.0,0.95
context-partitioned,132,0.008219230372687238,1.0,1.0
single-regime,133,0.007816009874669233,1.0,1.0
unpartitioned-two-regime,133,0.14923062109696447,1.0,0.975
context-partitioned,133,0.005722102592634225,1.0,1.0
single-regime,134,0.007775166274975783,1.0,1.0
unpartitioned-two-regime,134,0.14369363865248388,1.0,0.975
context-partitioned,134,0.010414182489506364,1.0,0.975
single-regime,135,0.004273409077102753,1.0,1.0
unpartitioned-two-regime,135,0.1653446697228136,1.0,1.0
context-partitioned,135,0.009954854067842207,1.0,1.0
single-regime,136,0.007237684620021622,1.0,1.0
unpartitioned-two-regime,136,0.16553756558244406,1.0,1.0
context-partitioned,136,0.007668314097688403,1.0,1.0
single-regime,137,0.005250764520768592,1.0,1.0
unpartitioned-two-regime,137,0.16655557549398745,1.0,1.0
context-partitioned,137,0.009839106275249074,1.0,1.0
single-regime,138,0.005456654120723957,1.0,1.0
unpartitioned-two-regime,138,0.16488518226553994,1.0,1.0
context-partitioned,138,0.006555801196496042,1.0,1.0
single-regime,139,0.004041120753606463,1.0,1.0
unpartitioned-two-regime,139,0.16643851412501215,1.0,1.0
context-partitioned,139,0.006823315637397546,1.0,1.0
single-regime,140,0.007125639314864633,1.0,1.0
unpartitioned-two-regime,140,0.16462235860297744,1.0,1.0
context-partitioned,140,0.005751789186243102,1.0,1.0
single-regime,141,0.0036722059078153966,1.0,1.0
unpartitioned-two-regime,141,0.14763759827662595,1.0,0.975
context-partitioned,141,0.00960541184356168,1.0,1.0
single-regime,142,0.0026562658407494315,1.0,1.0
unpartitioned-two-regime,142,0.1664996066997906,1.0,1.0
context-partitioned,142,0.007790488654526118,1.0,1.0
single-regime,143,0.00815308065480745,1.0,1.0
unpartitioned-two-regime,143,0.16542889409545322,1.0,0.95
context-partitioned,143,0.01168198746231337,1.0,1.0
single-regime,144,0.005960610411203146,1.0,1.0
unpartitioned-two-regime,144,0.16637854274822375,1.0,1.0
context-partitioned,144,0.007659249529076307,1.0,1.0
single-regime,145,0.006082026707803164,1.0,1.0
unpartitioned-two-regime,145,0.1515626654407395,1.0,0.975
context-partitioned,145,0.007384616679414005,1.0,1.0
single-regime,146,0.008143786832961795,1.0,1.0
unpartitioned-two-regime,146,0.1493729233074192,1.0,0.975
context-partitioned,146,0.008978362491562086,1.0,1.0
single-regime,147,0.00448469397428494,1.0,1.0
unpartitioned-two-regime,147,0.16275213586680948,1.0,1.0
context-partitioned,147,0.008896765170640836,1.0,1.0
single-regime,148,0.006739089014608728,1.0,1.0
unpartitioned-two-regime,148,0.16615071052062444,1.0,1.0
context-partitioned,148,0.007799434081150544,1.0,1.0
single-regime,149,0.006211841075138957,1.0,1.0
unpartitioned-two-regime,149,0.16678516049427197,1.0,1.0
context-partitioned,149,0.008550987931152994,1.0,1.0
single-regime,150,0.010643472205253772,1.0,1.0
unpartitioned-two-regime,150,0.16079353735389093,1.0,1.0
context-partitioned,150,0.01067876591003396,1.0,1.0
single-regime,151,0.006418142332051654,1.0,1.0
unpartitioned-two-regime,151,0.16454958928403818,1.0,1.0
context-partitioned,151,0.006242300089899228,1.0,1.0
single-regime,152,0.006099735613414512,1.0,1.0
unpartitioned-two-regime,152,0.1656767415420663,1.0,1.0
context-partitioned,152,0.006935947486837204,1.0,1.0
single-regime,153,0.005828644419355363,1.0,1.0
unpartitioned-two-regime,153,0.16199279078828355,1.0,1.0
context-partitioned,153,0.00866063905149848,1.0,1.0
single-regime,154,0.006054701608091979,1.0,1.0
unpartitioned-two-regime,154,0.161847154795933,1.0,1.0
context-partitioned,154,0.007073845072076956,1.0,1.0
single-regime,155,0.005877796106394179,1.0,1.0
unpartitioned-two-regime,155,0.1625099514758742,1.0,1.0
context-partitioned,155,0.01342801800365877,1.0,1.0
single-regime,156,0.005762554762718564,1.0,1.0
unpartitioned-two-regime,156,0.16542879655950088,1.0,1.0
context-partitioned,156,0.00913808396212257,1.0,1.0
single-regime,157,0.007148114112133425,1.0,1.0
unpartitioned-two-regime,157,0.16475615548266026,1.0,1.0
context-partitioned,157,0.010608329126064311,1.0,1.0
single-regime,158,0.00645764393764232,1.0,1.0
unpartitioned-two-regime,158,0.16419217678536333,1.0,1.0
context-partitioned,158,0.0068902434817835236,1.0,1.0
single-regime,159,0.006110601844639387,1.0,1.0
unpartitioned-two-regime,159,0.15051371919789472,1.0,0.975
context-partitioned,159,0.010874099695999416,1.0,1.0
single-regime,160,0.00407276070340144,1.0,1.0
unpartitioned-two-regime,160,0.1486405072495924,1.0,0.975
context-partitioned,160,0.008453757984848582,1.0,1.0
single-regime,161,0.0049136880458810735,1.0,1.0
unpartitioned-two-regime,161,0.14995795226644135,1.0,0.975
context-partitioned,161,0.00907643795716961,1.0,1.0
single-regime,162,0.005781606345525014,1.0,1.0
unpartitioned-two-regime,162,0.15191746054751015,1.0,0.975
context-partitioned,162,0.008190073904895713,1.0,1.0
single-regime,163,0.005508053032674695,1.0,1.0
unpartitioned-two-regime,163,0.16614280729830747,1.0,1.0
context-partitioned,163,0.0074400352664656475,1.0,1.0
single-regime,164,0.005330876920471221,1.0,1.0
unpartitioned-two-regime,164,0.1654529009533843,1.0,1.0
context-partitioned,164,0.006873488058623537,1.0,1.0
single-regime,165,0.006489007211668416,1.0,1.0
unpartitioned-two-regime,165,0.16640683245944743,1.0,1.0
context-partitioned,165,0.009048592161994886,1.0,1.0
single-regime,166,0.004460054928501765,1.0,1.0
unpartitioned-two-regime,166,0.15122253143716197,1.0,0.975
context-partitioned,166,0.008755811196214935,1.0,1.0
single-regime,167,0.005808502282250713,1.0,1.0
unpartitioned-two-regime,167,0.16603752162903937,1.0,1.0
context-partitioned,167,0.007998855111677269,1.0,1.0
single-regime,168,0.004698020367785975,1.0,1.0
unpartitioned-two-regime,168,0.16527759316017432,1.0,1.0
context-partitioned,168,0.010301921940677299,1.0,1.0
single-regime,169,0.006426383696613248,1.0,1.0
unpartitioned-two-regime,169,0.16494287514883765,1.0,1.0
context-partitioned,169,0.009165003465183522,1.0,1.0
single-regime,170,0.005677001224763335,1.0,1.0
unpartitioned-two-regime,170,0.14756172139164567,1.0,0.975
context-partitioned,170,0.008090476981715085,1.0,1.0
single-regime,171,0.0068301913906677995,1.0,1.0
unpartitioned-two-regime,171,0.16431864432613516,1.0,1.0
context-partitioned,171,0.01104328500803646,1.0,1.0
single-regime,172,0.004050145932372932,1.0,1.0
unpartitioned-two-regime,172,0.16604420434250364,1.0,1.0
context-partitioned,172,0.0067647916312705905,1.0,1.0
single-regime,173,0.004875753665722441,1.0,1.0
unpartitioned-two-regime,173,0.16227626845262358,1.0,1.0
context-partitioned,173,0.009482478802264997,1.0,1.0
single-regime,174,0.0037900148736463132,1.0,1.0
unpartitioned-two-regime,174,0.15002396323330525,1.0,0.975
context-partitioned,174,0.007527363378319872,1.0,1.0
single-regime,175,0.005421229575326977,1.0,1.0
unpartitioned-two-regime,175,0.16304190322886228,1.0,1.0
context-partitioned,175,0.010006367671098877,1.0,1.0
single-regime,176,0.005497508605877823,1.0,1.0
unpartitioned-two-regime,176,0.16420810932828514,1.0,1.0
context-partitioned,176,0.012772303049382955,1.0,1.0
single-regime,177,0.00518707899820891,1.0,1.0
unpartitioned-two-regime,177,0.15258121802435284,1.0,0.975
context-partitioned,177,0.00696366479277098,1.0,1.0
single-regime,178,0.005872266344886607,1.0,1.0
unpartitioned-two-regime,178,0.1619236493453666,1.0,1.0
context-partitioned,178,0.009214496788395966,1.0,1.0
single-regime,179,0.0064817447797975445,1.0,1.0
unpartitioned-two-regime,179,0.16552234891708992,1.0,1.0
context-partitioned,179,0.008667905721385365,1.0,1.0
single-regime,180,0.008246472485122829,1.0,1.0
unpartitioned-two-regime,180,0.14687194660570124,1.0,0.975
context-partitioned,180,0.00912664323428726,1.0,1.0
single-regime,181,0.00921327374715354,1.0,1.0
unpartitioned-two-regime,181,0.1665947734873651,1.0,1.0
context-partitioned,181,0.008508217742783892,1.0,1.0
single-regime,182,0.006277530333739928,1.0,1.0
unpartitioned-two-regime,182,0.16515847603591663,1.0,1.0
context-partitioned,182,0.007661274756045132,1.0,1.0
single-regime,183,0.006595028916839783,1.0,1.0
unpartitioned-two-regime,183,0.1626768485217497,1.0,1.0
context-partitioned,183,0.00888107775982392,1.0,1.0
single-regime,184,0.0086255371209805,1.0,1.0
unpartitioned-two-regime,184,0.15012295774050582,1.0,0.975
context-partitioned,184,0.007854018524934045,1.0,1.0
single-regime,185,0.006666728846870213,1.0,1.0
unpartitioned-two-regime,185,0.16351366819904653,1.0,1.0
context-partitioned,185,0.011954128688296747,1.0,1.0
single-regime,186,0.005457812812746054,1.0,1.0
unpartitioned-two-regime,186,0.16451432752048342,1.0,1.0
context-partitioned,186,0.008566929398406203,1.0,1.0
single-regime,187,0.007574234319864311,1.0,1.0
unpartitioned-two-regime,187,0.16284537736326796,1.0,1.0
context-partitioned,187,0.009087490820082571,1.0,1.0
single-regime,188,0.0054908702921813305,1.0,1.0
unpartitioned-two-regime,188,0.16507710322841596,1.0,1.0
context-partitioned,188,0.008850210462965332,1.0,1.0
single-regime,189,0.00615896550477632,1.0,1.0
unpartitioned-two-regime,189,0.16383121158939576,1.0,1.0
context-partitioned,189,0.009280890045813525,1.0,1.0
single-regime,190,0.006042804766425211,1.0,1.0
unpartitioned-two-regime,190,0.14792307751679004,1.0,0.975
context-partitioned,190,0.010136108313439047,1.0,1.0
single-regime,191,0.005299373752630378,1.0,1.0
unpartitioned-two-regime,191,0.16450545035926126,1.0,1.0
context-partitioned,191,0.008029666037683353,1.0,1.0
single-regime,192,0.006707975842161322,1.0,1.0
unpartitioned-two-regime,192,0.1618753894211803,1.0,1.0
context-partitioned,192,0.008599689988232554,1.0,1.0
single-regime,193,0.0062522616763469275,1.0,1.0
unpartitioned-two-regime,193,0.16318183633191927,1.0,1.0
context-partitioned,193,0.008561621732596277,1.0,1.0
single-regime,194,0.004876746244563041,1.0,1.0
unpartitioned-two-regime,194,0.16244505658695244,1.0,1.0
context-partitioned,194,0.011072216057571076,1.0,1.0
single-regime,195,0.008838057247674223,1.0,1.0
unpartitioned-two-regime,195,0.13371773029542175,1.0,0.95
context-partitioned,195,0.009715799884013328,1.0,1.0
single-regime,196,0.0026301046568534842,1.0,1.0
unpartitioned-two-regime,196,0.16232595334108418,1.0,1.0
context-partitioned,196,0.011138072109693867,1.0,1.0
single-regime,197,0.0041902191044330935,1.0,1.0
unpartitioned-two-regime,197,0.1657371997389244,1.0,1.0
context-partitioned,197,0.00801987411556659,1.0,1.0
single-regime,198,0.0068733680445367505,1.0,1.0
unpartitioned-two-regime,198,0.1453788288012802,1.0,0.975
context-partitioned,198,0.007872982420576553,1.0,1.0
single-regime,199,0.006958886450009623,1.0,1.0
unpartitioned-two-regime,199,0.16465144477702684,1.0,1.0
context-partitioned,199,0.008320471217369185,1.0,1.0
single-regime,200,0.008853416090684492,1.0,1.0
unpartitioned-two-regime,200,0.16572996460563022,1.0,1.0
context-partitioned,200,0.007634159440622384,1.0,1.0
single-regime,201,0.006911869048298172,1.0,1.0
unpartitioned-two-regime,201,0.16482351470492315,1.0,1.0
context-partitioned,201,0.00458150533585423,1.0,1.0
single-regime,202,0.004894809155329757,1.0,1.0
unpartitioned-two-regime,202,0.16461711051898767,1.0,1.0
context-partitioned,202,0.006107272539595296,1.0,1.0
single-regime,203,0.006633966779730295,1.0,1.0
unpartitioned-two-regime,203,0.16179186103492008,1.0,1.0
context-partitioned,203,0.006995699815126474,1.0,1.0
single-regime,204,0.005098060649273041,1.0,1.0
unpartitioned-two-regime,204,0.16372566952146086,1.0,1.0
context-partitioned,204,0.009458653903578798,1.0,1.0
single-regime,205,0.007133069402890358,1.0,1.0
unpartitioned-two-regime,205,0.1627952294583442,1.0,1.0
context-partitioned,205,0.009288590338957261,1.0,1.0
single-regime,206,0.005307279107947871,1.0,1.0
unpartitioned-two-regime,206,0.14734234574331337,1.0,0.975
context-partitioned,206,0.009042061441284444,1.0,1.0
single-regime,207,0.004961590643302827,1.0,1.0
unpartitioned-two-regime,207,0.16369866434368693,1.0,1.0
context-partitioned,207,0.007253724364676351,1.0,1.0
single-regime,208,0.005677156317312683,1.0,1.0
unpartitioned-two-regime,208,0.14835141513063324,1.0,0.975
context-partitioned,208,0.0079498293438825,1.0,1.0
single-regime,209,0.005875436834090842,1.0,1.0
unpartitioned-two-regime,209,0.16636316746927393,1.0,1.0
context-partitioned,209,0.008650187888761356,1.0,1.0
single-regime,210,0.005582528912927068,1.0,1.0
unpartitioned-two-regime,210,0.164502466078339,1.0,1.0
context-partitioned,210,0.009387924899213747,1.0,1.0
single-regime,211,0.007006359562724009,1.0,1.0
unpartitioned-two-regime,211,0.16604229937016607,1.0,1.0
context-partitioned,211,0.008251189279608391,1.0,1.0
single-regime,212,0.009546231657803961,1.0,1.0
unpartitioned-two-regime,212,0.16485251979019128,1.0,1.0
context-partitioned,212,0.011048399506430027,1.0,1.0
single-regime,213,0.005766924170222559,1.0,1.0
unpartitioned-two-regime,213,0.16462390841329747,1.0,1.0
context-partitioned,213,0.008073979984807349,1.0,1.0
single-regime,214,0.006283523358176506,1.0,1.0
unpartitioned-two-regime,214,0.1643629812787504,1.0,1.0
context-partitioned,214,0.006812726486158164,1.0,1.0
single-regime,215,0.004793236945617846,1.0,1.0
unpartitioned-two-regime,215,0.16587973646269852,1.0,1.0
context-partitioned,215,0.006466468819386204,1.0,1.0
single-regime,216,0.005978854918292719,1.0,1.0
unpartitioned-two-regime,216,0.16471561030681472,1.0,1.0
context-partitioned,216,0.008208367876360683,1.0,1.0
single-regime,217,0.005768771435345876,1.0,1.0
unpartitioned-two-regime,217,0.16601610182036033,1.0,1.0
context-partitioned,217,0.012835671357073152,1.0,1.0
single-regime,218,0.007771534608472956,1.0,1.0
unpartitioned-two-regime,218,0.1467445501224704,1.0,0.975
context-partitioned,218,0.00858689789769104,1.0,1.0
single-regime,219,0.007078010200489684,1.0,1.0
unpartitioned-two-regime,219,0.16560321880229306,1.0,1.0
context-partitioned,219,0.011857494023947753,1.0,1.0
single-regime,220,0.006652605042406494,1.0,1.0
unpartitioned-two-regime,220,0.14767045414453728,1.0,0.975
context-partitioned,220,0.010212820411330644,1.0,1.0
single-regime,221,0.007040234540010224,1.0,1.0
unpartitioned-two-regime,221,0.16629945158934364,1.0,1.0
context-partitioned,221,0.008819264295590799,1.0,1.0
single-regime,222,0.007390817172561452,1.0,1.0
unpartitioned-two-regime,222,0.14836473448497556,1.0,0.975
context-partitioned,222,0.010060299496782863,1.0,1.0
single-regime,223,0.007675994803443841,1.0,1.0
unpartitioned-two-regime,223,0.15020999064549997,1.0,0.975
context-partitioned,223,0.010833352839721888,1.0,1.0
single-regime,224,0.005072766894885394,1.0,1.0
unpartitioned-two-regime,224,0.1643728669767337,1.0,1.0
context-partitioned,224,0.00994588930636326,1.0,1.0
single-regime,225,0.0042751766761806856,1.0,1.0
unpartitioned-two-regime,225,0.1432583362617868,1.0,0.975
context-partitioned,225,0.011896359863941488,1.0,1.0
single-regime,226,0.006430682177984206,1.0,1.0
unpartitioned-two-regime,226,0.14935680591045106,1.0,0.975
context-partitioned,226,0.01058800898758096,1.0,1.0
single-regime,227,0.006227595944092998,1.0,1.0
unpartitioned-two-regime,227,0.1658134955497063,1.0,1.0
context-partitioned,227,0.007943915588138294,1.0,1.0
single-regime,228,0.004645854375853119,1.0,1.0
unpartitioned-two-regime,228,0.1638847595067986,1.0,1.0
context-partitioned,228,0.00852821213842791,1.0,1.0
single-regime,229,0.007607141733634265,1.0,1.0
unpartitioned-two-regime,229,0.1658451553534808,1.0,1.0
context-partitioned,229,0.007097609573994721,1.0,1.0
single-regime,230,0.0058889252228090175,1.0,1.0
unpartitioned-two-regime,230,0.16538493088451484,1.0,1.0
context-partitioned,230,0.00775264550303976,1.0,1.0
single-regime,231,0.005124306131311303,1.0,1.0
unpartitioned-two-regime,231,0.14543638929243105,1.0,0.975
context-partitioned,231,0.0077193214037592425,1.0,1.0
single-regime,232,0.006073274690809461,1.0,1.0
unpartitioned-two-regime,232,0.1493485267250811,1.0,0.975
context-partitioned,232,0.008847998085799159,1.0,1.0
single-regime,233,0.0034104201269922903,1.0,1.0
unpartitioned-two-regime,233,0.1658772524619371,1.0,1.0
context-partitioned,233,0.00911730813396866,1.0,1.0
single-regime,234,0.006984869918650841,1.0,1.0
unpartitioned-two-regime,234,0.1663970665827942,1.0,1.0
context-partitioned,234,0.008123307179071372,1.0,1.0
single-regime,235,0.008448410429642615,1.0,1.0
unpartitioned-two-regime,235,0.1634049393383333,1.0,1.0
context-partitioned,235,0.008631790355346312,1.0,1.0
single-regime,236,0.004635924729235561,1.0,1.0
unpartitioned-two-regime,236,0.14397722673593447,1.0,0.975
context-partitioned,236,0.007036678666311219,1.0,1.0
single-regime,237,0.008030010237894259,1.0,1.0
unpartitioned-two-regime,237,0.1663999394039291,1.0,0.95
context-partitioned,237,0.010936262694022137,1.0,1.0
single-regime,238,0.006841310802799671,1.0,1.0
unpartitioned-two-regime,238,0.16410229537280857,1.0,1.0
context-partitioned,238,0.008223908719314731,1.0,1.0
single-regime,239,0.009528253209015096,1.0,1.0
unpartitioned-two-regime,239,0.16662076402249487,1.0,1.0
context-partitioned,239,0.008851540792088528,1.0,1.0
single-regime,240,0.003082576840979749,1.0,1.0
unpartitioned-two-regime,240,0.16498734749716307,1.0,1.0
context-partitioned,240,0.011866705795749728,1.0,1.0
single-regime,241,0.006118372864311495,1.0,1.0
unpartitioned-two-regime,241,0.16413198663546366,1.0,1.0
context-partitioned,241,0.00779140960467079,1.0,1.0
single-regime,242,0.006089834112445063,1.0,1.0
unpartitioned-two-regime,242,0.16394746835041446,1.0,1.0
context-partitioned,242,0.007465899014633343,1.0,1.0
single-regime,243,0.004989955624301891,1.0,1.0
unpartitioned-two-regime,243,0.16389990166774943,1.0,1.0
context-partitioned,243,0.010772929308045583,1.0,1.0
single-regime,244,0.006475620930508277,1.0,1.0
unpartitioned-two-regime,244,0.1649141820106544,1.0,1.0
context-partitioned,244,0.011918925153337676,1.0,1.0
single-regime,245,0.0037458489982724243,1.0,1.0
unpartitioned-two-regime,245,0.16388818511768383,1.0,0.95
context-partitioned,245,0.0064917072527605315,1.0,1.0
single-regime,246,0.0066480050431808125,1.0,1.0
unpartitioned-two-regime,246,0.16436983874946845,1.0,1.0
context-partitioned,246,0.006775822779781986,1.0,1.0
single-regime,247,0.006876123924787785,1.0,1.0
unpartitioned-two-regime,247,0.1477550971398863,1.0,0.975
context-partitioned,247,0.009842341748746455,1.0,1.0
single-regime,248,0.006157167298328711,1.0,1.0
unpartitioned-two-regime,248,0.16352164412389156,1.0,1.0
context-partitioned,248,0.010571377846768688,1.0,1.0
single-regime,249,0.006275574987390858,1.0,1.0
unpartitioned-two-regime,249,0.1656942519195284,1.0,1.0
context-partitioned,249,0.009045971490607166,1.0,1.0
single-regime,250,0.005790222666291978,1.0,1.0
unpartitioned-two-regime,250,0.16277492202437047,1.0,1.0
context-partitioned,250,0.007327763031818627,1.0,1.0
single-regime,251,0.006102815809097343,1.0,1.0
unpartitioned-two-regime,251,0.16529894363449918,1.0,1.0
context-partitioned,251,0.010737139070501061,1.0,1.0
single-regime,252,0.006462246200477604,1.0,1.0
unpartitioned-two-regime,252,0.16626182298130718,1.0,1.0
context-partitioned,252,0.009293087283069013,1.0,1.0
single-regime,253,0.006290201872788403,1.0,1.0
unpartitioned-two-regime,253,0.1660029128265393,1.0,1.0
context-partitioned,253,0.009387078617218027,1.0,1.0
single-regime,254,0.006397781998410218,1.0,1.0
unpartitioned-two-regime,254,0.14956748587048255,1.0,0.975
context-partitioned,254,0.006222416229211093,1.0,1.0
single-regime,255,0.005220464141229293,1.0,1.0
unpartitioned-two-regime,255,0.16544454140252876,1.0,1.0
context-partitioned,255,0.008357313455274252,1.0,1.0
single-regime,256,0.005885446611472178,1.0,1.0
unpartitioned-two-regime,256,0.1653725348084265,1.0,1.0
context-partitioned,256,0.005675978307647557,1.0,1.0
single-regime,257,0.00641946240998258,1.0,1.0
unpartitioned-two-regime,257,0.150518418015797,1.0,0.975
context-partitioned,257,0.0070022409000548985,1.0,0.975
single-regime,258,0.005054978174315384,1.0,1.0
unpartitioned-two-regime,258,0.1622747623845274,1.0,1.0
context-partitioned,258,0.01091626009585126,1.0,1.0
single-regime,259,0.007217526306475712,1.0,1.0
unpartitioned-two-regime,259,0.16364151789111722,1.0,1.0
context-partitioned,259,0.009402530853413946,1.0,1.0
single-regime,260,0.007047200812834244,1.0,1.0
unpartitioned-two-regime,260,0.14491243080076588,1.0,0.975
context-partitioned,260,0.009679582907917228,1.0,1.0
single-regime,261,0.00448466971193729,1.0,1.0
unpartitioned-two-regime,261,0.16416524013220235,1.0,1.0
context-partitioned,261,0.007877137437652391,1.0,1.0
single-regime,262,0.004156170957605957,1.0,1.0
unpartitioned-two-regime,262,0.15159229337518457,1.0,0.975
context-partitioned,262,0.010580466433626316,1.0,1.0
single-regime,263,0.006281491740807737,1.0,1.0
unpartitioned-two-regime,263,0.1652415506906549,1.0,1.0
context-partitioned,263,0.007145898887102256,1.0,1.0
single-regime,264,0.006675165931816779,1.0,1.0
unpartitioned-two-regime,264,0.16634667389665628,1.0,1.0
context-partitioned,264,0.00895027249531998,1.0,1.0
single-regime,265,0.006001047540455284,1.0,1.0
unpartitioned-two-regime,265,0.16552778074152616,1.0,1.0
context-partitioned,265,0.008295997993883851,1.0,1.0
single-regime,266,0.0039003455947813855,1.0,1.0
unpartitioned-two-regime,266,0.16418953919754148,1.0,1.0
context-partitioned,266,0.00790244849656405,1.0,1.0
single-regime,267,0.0074547832207078335,1.0,1.0
unpartitioned-two-regime,267,0.16066133078570474,1.0,1.0
context-partitioned,267,0.010036940957261917,1.0,1.0
single-regime,268,0.0035476857286380133,1.0,1.0
unpartitioned-two-regime,268,0.1636907724778271,1.0,1.0
context-partitioned,268,0.007942248766011763,1.0,1.0
single-regime,269,0.007602704203848045,1.0,1.0
unpartitioned-two-regime,269,0.1508279064049104,1.0,0.975
context-partitioned,269,0.010780824151066848,1.0,1.0
single-regime,270,0.006260025471724994,1.0,1.0
unpartitioned-two-regime,270,0.16565734482143907,1.0,1.0
context-partitioned,270,0.009854970843125473,1.0,1.0
single-regime,271,0.006241074334865232,1.0,1.0
unpartitioned-two-regime,271,0.16571884705250509,1.0,1.0
context-partitioned,271,0.009661531448664162,1.0,1.0
single-regime,272,0.006262189823825664,1.0,1.0
unpartitioned-two-regime,272,0.1649717723530459,1.0,1.0
context-partitioned,272,0.007314790946621614,1.0,1.0
single-regime,273,0.006100238767182072,1.0,1.0
unpartitioned-two-regime,273,0.14649393533690627,1.0,0.975
context-partitioned,273,0.009678068070316993,1.0,1.0
single-regime,274,0.0036430460130878212,1.0,1.0
unpartitioned-two-regime,274,0.16245819291189256,1.0,1.0
context-partitioned,274,0.012610897329972174,1.0,1.0
single-regime,275,0.005498130868721124,1.0,1.0
unpartitioned-two-regime,275,0.1654114418535163,1.0,1.0
context-partitioned,275,0.006463742602568382,1.0,1.0
single-regime,276,0.006195654770394841,1.0,1.0
unpartitioned-two-regime,276,0.16649553084134736,1.0,1.0
context-partitioned,276,0.009812266805026077,1.0,0.975
single-regime,277,0.008538181547590442,1.0,1.0
unpartitioned-two-regime,277,0.1663048804345559,1.0,1.0
context-partitioned,277,0.01065710438339152,1.0,1.0
single-regime,278,0.007825409223159944,1.0,1.0
unpartitioned-two-regime,278,0.15943444532689632,1.0,1.0
context-partitioned,278,0.010910994606121006,1.0,1.0
single-regime,279,0.006865097550887996,1.0,1.0
unpartitioned-two-regime,279,0.16592781418447314,1.0,1.0
context-partitioned,279,0.010377390685905966,1.0,1.0
single-regime,280,0.004457347353209297,1.0,1.0
unpartitioned-two-regime,280,0.14911345750800228,1.0,0.975
context-partitioned,280,0.007380525084551913,1.0,1.0
single-regime,281,0.006213287147798806,1.0,1.0
unpartitioned-two-regime,281,0.14400981539788021,1.0,0.975
context-partitioned,281,0.007647582374229623,1.0,1.0
single-regime,282,0.004214769897355522,1.0,1.0
unpartitioned-two-regime,282,0.16587228648049915,1.0,1.0
context-partitioned,282,0.008814348247807108,1.0,1.0
single-regime,283,0.009033721758469062,1.0,1.0
unpartitioned-two-regime,283,0.16556767585291388,1.0,1.0
context-partitioned,283,0.007047313487367502,1.0,1.0
single-regime,284,0.005669531153314156,1.0,1.0
unpartitioned-two-regime,284,0.16488547325981,1.0,1.0
context-partitioned,284,0.009129473926445527,1.0,1.0
single-regime,285,0.006719040861143622,1.0,1.0
unpartitioned-two-regime,285,0.15087450634896107,1.0,0.975
context-partitioned,285,0.008275940144463118,1.0,1.0
single-regime,286,0.006673938448571414,1.0,1.0
unpartitioned-two-regime,286,0.14856368586539045,1.0,0.975
context-partitioned,286,0.008734551304085021,1.0,1.0
single-regime,287,0.008582577571009086,1.0,1.0
unpartitioned-two-regime,287,0.16393636978657758,1.0,1.0
context-partitioned,287,0.010143550450895081,1.0,1.0
single-regime,288,0.006294315807073965,1.0,1.0
unpartitioned-two-regime,288,0.16610353083494342,1.0,1.0
context-partitioned,288,0.007157219793020011,1.0,1.0
single-regime,289,0.007256573061780427,1.0,1.0
unpartitioned-two-regime,289,0.1643779653902763,1.0,1.0
context-partitioned,289,0.009364509341413307,1.0,1.0
single-regime,290,0.005920693123130112,1.0,1.0
unpartitioned-two-regime,290,0.1659565173634788,1.0,1.0
context-partitioned,290,0.009306054682726349,1.0,1.0
single-regime,291,0.007805020864988572,1.0,1.0
unpartitioned-two-regime,291,0.1625458392156959,1.0,1.0
context-partitioned,291,0.006687777955440481,1.0,1.0
single-regime,292,0.007301609024607772,1.0,1.0
unpartitioned-two-regime,292,0.16617453632557982,1.0,1.0
context-partitioned,292,0.009473885077106824,1.0,1.0
single-regime,293,0.004978917555302866,1.0,1.0
unpartitioned-two-regime,293,0.1629482167302465,1.0,1.0
context-partitioned,293,0.009642082487524146,1.0,1.0
single-regime,294,0.009143295911845676,1.0,1.0
unpartitioned-two-regime,294,0.1667249771695126,1.0,1.0
context-partitioned,294,0.009323949167840118,1.0,1.0
single-regime,295,0.008166783031630896,1.0,1.0
unpartitioned-two-regime,295,0.16580173435478857,1.0,1.0
context-partitioned,295,0.007459805697917448,1.0,1.0
single-regime,296,0.0064927060992963385,1.0,1.0
unpartitioned-two-regime,296,0.14456648311873663,1.0,0.975
context-partitioned,296,0.011533755631773068,1.0,1.0
single-regime,297,0.004505302153771287,1.0,1.0
unpartitioned-two-regime,297,0.15293664455873454,1.0,0.975
context-partitioned,297,0.011156873952323782,1.0,1.0
single-regime,298,0.00596826266403266,1.0,1.0
unpartitioned-two-regime,298,0.1666687642861174,1.0,1.0
context-partitioned,298,0.009713434207275738,1.0,1.0
single-regime,299,0.006009852491029625,1.0,1.0
unpartitioned-two-regime,299,0.1658965772029003,1.0,1.0
context-partitioned,299,0.007416428435951864,1.0,1.0
single-regime,300,0.004428304028534259,1.0,1.0
unpartitioned-two-regime,300,0.14730318259019873,1.0,0.975
context-partitioned,300,0.010850609095396757,1.0,1.0
single-regime,301,0.0028497142067370144,1.0,1.0
unpartitioned-two-regime,301,0.16614011421688063,1.0,1.0
context-partitioned,301,0.0073638124858677635,1.0,1.0
single-regime,302,0.006454652090811842,1.0,1.0
unpartitioned-two-regime,302,0.16120256429287347,1.0,1.0
context-partitioned,302,0.009913625598448736,1.0,1.0
single-regime,303,0.004792472181094681,1.0,1.0
unpartitioned-two-regime,303,0.16656630073618314,1.0,1.0
context-partitioned,303,0.007863267871417386,1.0,1.0
single-regime,304,0.0050531646504480944,1.0,1.0
unpartitioned-two-regime,304,0.1642591498940331,1.0,1.0
context-partitioned,304,0.009869533478744004,1.0,1.0
single-regime,305,0.008779673101182533,1.0,1.0
unpartitioned-two-regime,305,0.14634432486906937,1.0,0.975
context-partitioned,305,0.008681989175421297,1.0,1.0
single-regime,306,0.007317237938517934,1.0,1.0
unpartitioned-two-regime,306,0.16252485440022832,1.0,0.95
context-partitioned,306,0.008309608222507689,1.0,1.0
single-regime,307,0.005049835400843694,1.0,1.0
unpartitioned-two-regime,307,0.16542642539014032,1.0,1.0
context-partitioned,307,0.009140742477420891,1.0,1.0
single-regime,308,0.006189011685818601,1.0,1.0
unpartitioned-two-regime,308,0.1648983393009992,1.0,1.0
context-partitioned,308,0.009940324196267142,1.0,1.0
single-regime,309,0.006571679742826869,1.0,1.0
unpartitioned-two-regime,309,0.1646204795179363,1.0,1.0
context-partitioned,309,0.007422979536390087,1.0,1.0
single-regime,310,0.00690963136067297,1.0,1.0
unpartitioned-two-regime,310,0.16515461705557546,1.0,1.0
context-partitioned,310,0.006536254182443731,1.0,1.0
single-regime,311,0.004866002566913211,1.0,1.0
unpartitioned-two-regime,311,0.16650969489008885,1.0,1.0
context-partitioned,311,0.008103578169403816,1.0,1.0
single-regime,312,0.005258753787103162,1.0,1.0
unpartitioned-two-regime,312,0.14749174187691103,1.0,0.975
context-partitioned,312,0.0072935246314889506,1.0,1.0
single-regime,313,0.0032242781205138933,1.0,1.0
unpartitioned-two-regime,313,0.14652289526243475,1.0,0.975
context-partitioned,313,0.008839987061771517,1.0,1.0
single-regime,314,0.006204779297819589,1.0,1.0
unpartitioned-two-regime,314,0.15164915549797509,1.0,0.975
context-partitioned,314,0.007879851014842091,1.0,1.0
single-regime,315,0.004643351400743938,1.0,1.0
unpartitioned-two-regime,315,0.16652939607429554,1.0,1.0
context-partitioned,315,0.010615032627312409,1.0,1.0
single-regime,316,0.009807070853165957,1.0,1.0
unpartitioned-two-regime,316,0.16582550576653682,1.0,1.0
context-partitioned,316,0.009854224281399288,1.0,1.0
single-regime,317,0.005161981671017479,1.0,1.0
unpartitioned-two-regime,317,0.16241749174624762,1.0,0.95
context-partitioned,317,0.009823708239436343,1.0,1.0
single-regime,318,0.007007038433025733,1.0,1.0
unpartitioned-two-regime,318,0.16489784871790272,1.0,1.0
context-partitioned,318,0.008296634918492989,1.0,1.0
single-regime,319,0.0065909302557697405,1.0,1.0
unpartitioned-two-regime,319,0.16580289328674372,1.0,1.0
context-partitioned,319,0.00907904072829063,1.0,1.0
single-regime,320,0.007611248888682522,1.0,1.0
unpartitioned-two-regime,320,0.16068439304014456,1.0,1.0
context-partitioned,320,0.008396085702540898,1.0,1.0
single-regime,321,0.005593951677469958,1.0,1.0
unpartitioned-two-regime,321,0.16352348016234355,1.0,1.0
context-partitioned,321,0.009533926196971791,1.0,1.0
single-regime,322,0.006740364456660863,1.0,1.0
unpartitioned-two-regime,322,0.1641834254302229,1.0,1.0
context-partitioned,322,0.007012270370192027,1.0,1.0
single-regime,323,0.006015276101308594,1.0,1.0
unpartitioned-two-regime,323,0.13144098816706884,1.0,0.95
context-partitioned,323,0.007727701560173189,1.0,1.0
single-regime,324,0.004666859930232381,1.0,1.0
unpartitioned-two-regime,324,0.14976101479890538,1.0,0.975
context-partitioned,324,0.008670839005859628,1.0,1.0
single-regime,325,0.00798334723386037,1.0,1.0
unpartitioned-two-regime,325,0.1665522425128375,1.0,1.0
context-partitioned,325,0.00871601668701885,1.0,1.0
single-regime,326,0.005814166185799128,1.0,1.0
unpartitioned-two-regime,326,0.1452476608934417,1.0,0.975
context-partitioned,326,0.00857166859759407,1.0,1.0
single-regime,327,0.005946233179146765,1.0,1.0
unpartitioned-two-regime,327,0.1451841678860942,1.0,0.975
context-partitioned,327,0.006688349472309988,1.0,1.0
single-regime,328,0.005969006885328743,1.0,1.0
unpartitioned-two-regime,328,0.1651037068290422,1.0,1.0
context-partitioned,328,0.005356515813545709,1.0,1.0
single-regime,329,0.005997783481727997,1.0,1.0
unpartitioned-two-regime,329,0.1653576295128905,1.0,1.0
context-partitioned,329,0.007847392147485355,1.0,1.0
single-regime,330,0.007505081327218988,1.0,1.0
unpartitioned-two-regime,330,0.16304268233787125,1.0,1.0
context-partitioned,330,0.009883517471240635,1.0,1.0
single-regime,331,0.006214437898615674,1.0,1.0
unpartitioned-two-regime,331,0.16336095034463197,1.0,1.0
context-partitioned,331,0.009022702261487256,1.0,1.0
single-regime,332,0.004561446616671682,1.0,1.0
unpartitioned-two-regime,332,0.16614361619628568,1.0,1.0
context-partitioned,332,0.008541884427030737,1.0,1.0
single-regime,333,0.0036302869191816704,1.0,1.0
unpartitioned-two-regime,333,0.16467940905884357,1.0,1.0
context-partitioned,333,0.009040153789013806,1.0,1.0
single-regime,334,0.007296849073388153,1.0,1.0
unpartitioned-two-regime,334,0.14891068065983204,1.0,0.975
context-partitioned,334,0.008525714894133774,1.0,1.0
single-regime,335,0.006411372726657454,1.0,1.0
unpartitioned-two-regime,335,0.15055202945202048,1.0,0.975
context-partitioned,335,0.008190071652624123,1.0,1.0
single-regime,336,0.008069699670435207,1.0,1.0
unpartitioned-two-regime,336,0.1642255259671637,1.0,1.0
context-partitioned,336,0.009959071740035349,1.0,1.0
single-regime,337,0.007260613781477302,1.0,1.0
unpartitioned-two-regime,337,0.16474739860668522,1.0,1.0
context-partitioned,337,0.00895988045600363,1.0,1.0
single-regime,338,0.006710111682065378,1.0,1.0
unpartitioned-two-regime,338,0.16581162710701564,1.0,1.0
context-partitioned,338,0.008843790133109548,1.0,1.0
single-regime,339,0.008591725964875355,1.0,1.0
unpartitioned-two-regime,339,0.1654061863369005,1.0,1.0
context-partitioned,339,0.007855615922914248,1.0,1.0
single-regime,340,0.006898761753969415,1.0,1.0
unpartitioned-two-regime,340,0.15271581891544408,1.0,0.975
context-partitioned,340,0.010512445328998579,1.0,1.0
single-regime,341,0.0064092966933463535,1.0,1.0
unpartitioned-two-regime,341,0.1660936276115493,1.0,1.0
context-partitioned,341,0.008679454027681223,1.0,1.0
single-regime,342,0.0071032534821764875,1.0,1.0
unpartitioned-two-regime,342,0.14899426821059117,1.0,0.975
context-partitioned,342,0.008041466767555551,1.0,1.0
single-regime,343,0.0046817645463827365,1.0,1.0
unpartitioned-two-regime,343,0.16461297921875187,1.0,1.0
context-partitioned,343,0.01083069460677492,1.0,1.0
single-regime,344,0.0066429917320589065,1.0,1.0
unpartitioned-two-regime,344,0.163843199538078,1.0,1.0
context-partitioned,344,0.008307903128026518,1.0,1.0
single-regime,345,0.005604756775626729,1.0,1.0
unpartitioned-two-regime,345,0.16148115706364577,1.0,1.0
context-partitioned,345,0.00870907842234545,1.0,1.0
single-regime,346,0.004123553469164194,1.0,1.0
unpartitioned-two-regime,346,0.1290921066692855,1.0,0.95
context-partitioned,346,0.00836844726142016,1.0,1.0
single-regime,347,0.008280634457027487,1.0,1.0
unpartitioned-two-regime,347,0.16557975226795443,1.0,1.0
context-partitioned,347,0.010362493623238534,1.0,1.0
single-regime,348,0.010797337082219992,1.0,1.0
unpartitioned-two-regime,348,0.1657087614151951,1.0,1.0
context-partitioned,348,0.008345707739626857,1.0,1.0
single-regime,349,0.008791735776384157,1.0,1.0
unpartitioned-two-regime,349,0.16524772751592148,1.0,1.0
context-partitioned,349,0.009553525458060444,1.0,1.0
single-regime,350,0.003567797274874378,1.0,1.0
unpartitioned-two-regime,350,0.14620872345551947,1.0,0.975
context-partitioned,350,0.010901040916335338,1.0,1.0
single-regime,351,0.006521778993220318,1.0,1.0
unpartitioned-two-regime,351,0.16405786997324223,1.0,1.0
context-partitioned,351,0.008867886977319996,1.0,1.0
single-regime,352,0.00532225211244747,1.0,1.0
unpartitioned-two-regime,352,0.1652190979883618,1.0,1.0
context-partitioned,352,0.0076555512692360024,1.0,1.0
single-regime,353,0.006921644810512671,1.0,1.0
unpartitioned-two-regime,353,0.14595230740120896,1.0,0.975
context-partitioned,353,0.010413676826298093,1.0,1.0
single-regime,354,0.004237390068405278,1.0,1.0
unpartitioned-two-regime,354,0.1666566162021665,1.0,1.0
context-partitioned,354,0.01039082066982788,1.0,1.0
single-regime,355,0.007823032276040002,1.0,1.0
unpartitioned-two-regime,355,0.14606674611835582,1.0,0.975
context-partitioned,355,0.009642344993157359,1.0,1.0
single-regime,356,0.006211747059769613,1.0,1.0
unpartitioned-two-regime,356,0.14621112233318118,1.0,0.975
context-partitioned,356,0.007411216422289563,1.0,1.0
single-regime,357,0.0058609323395203555,1.0,1.0
unpartitioned-two-regime,357,0.16345734665712505,1.0,1.0
context-partitioned,357,0.007505277492190475,1.0,1.0
single-regime,358,0.00520406953315354,1.0,1.0
unpartitioned-two-regime,358,0.1649670134033819,1.0,1.0
context-partitioned,358,0.010053967666661827,1.0,1.0
single-regime,359,0.005602312187305155,1.0,1.0
unpartitioned-two-regime,359,0.14689212691563683,1.0,0.975
context-partitioned,359,0.009747356319623389,1.0,1.0
single-regime,360,0.004706421628430828,1.0,1.0
unpartitioned-two-regime,360,0.13032676633724313,1.0,0.95
context-partitioned,360,0.009132408402620681,1.0,1.0
single-regime,361,0.005529362248596219,1.0,1.0
unpartitioned-two-regime,361,0.16505219962764014,1.0,1.0
context-partitioned,361,0.007539613508085871,1.0,1.0
single-regime,362,0.0062338802847009345,1.0,1.0
unpartitioned-two-regime,362,0.14652020385596287,1.0,0.975
context-partitioned,362,0.012188643693650513,1.0,1.0
single-regime,363,0.005754110376673546,1.0,1.0
unpartitioned-two-regime,363,0.16307131736855138,1.0,1.0
context-partitioned,363,0.007882267045865978,1.0,1.0
single-regime,364,0.004666083992377616,1.0,1.0
unpartitioned-two-regime,364,0.16487932146186488,1.0,1.0
context-partitioned,364,0.00945922553712164,1.0,1.0
single-regime,365,0.006258740810875286,1.0,1.0
unpartitioned-two-regime,365,0.16531118789364074,1.0,1.0
context-partitioned,365,0.00922709842498087,1.0,1.0
single-regime,366,0.006422481962896423,1.0,1.0
unpartitioned-two-regime,366,0.16628039459680796,1.0,1.0
context-partitioned,366,0.008387432078228669,1.0,1.0
single-regime,367,0.009216145146203848,1.0,1.0
unpartitioned-two-regime,367,0.16591343956426743,1.0,1.0
context-partitioned,367,0.005510945372685709,1.0,1.0
single-regime,368,0.008421893419519154,1.0,1.0
unpartitioned-two-regime,368,0.14541075430275535,1.0,0.975
context-partitioned,368,0.009509345534043666,1.0,1.0
single-regime,369,0.006015542473550593,1.0,1.0
unpartitioned-two-regime,369,0.16524045191168948,1.0,1.0
context-partitioned,369,0.011115428946908422,1.0,1.0
single-regime,370,0.00914536749118454,1.0,1.0
unpartitioned-two-regime,370,0.15105853913206696,1.0,0.975
context-partitioned,370,0.009215245562222751,1.0,1.0
single-regime,371,0.0037731196282975205,1.0,1.0
unpartitioned-two-regime,371,0.16658773451234044,1.0,1.0
context-partitioned,371,0.007640951359987415,1.0,1.0
single-regime,372,0.007946289034645995,1.0,1.0
unpartitioned-two-regime,372,0.16560348921634488,1.0,1.0
context-partitioned,372,0.007508024937904131,1.0,1.0
single-regime,373,0.006241036415498916,1.0,1.0
unpartitioned-two-regime,373,0.16491029531288556,1.0,1.0
context-partitioned,373,0.00657287615654923,1.0,1.0
single-regime,374,0.006422832301756681,1.0,1.0
unpartitioned-two-regime,374,0.16672571397500766,1.0,1.0
context-partitioned,374,0.009366939667324149,1.0,1.0
single-regime,375,0.009983138291694654,1.0,1.0
unpartitioned-two-regime,375,0.16443417610281966,1.0,1.0
context-partitioned,375,0.007262255299307132,1.0,1.0
single-regime,376,0.0054984191171674945,1.0,1.0
unpartitioned-two-regime,376,0.1650776163800645,1.0,1.0
context-partitioned,376,0.007661857187344478,1.0,1.0
single-regime,377,0.0073507072327434865,1.0,1.0
unpartitioned-two-regime,377,0.1645637280813239,1.0,1.0
context-partitioned,377,0.008193590518285799,1.0,1.0
single-regime,378,0.0070821545814537664,1.0,1.0
unpartitioned-two-regime,378,0.14815889979951458,1.0,0.975
context-partitioned,378,0.008014211235955715,1.0,1.0
single-regime,379,0.00928294143305382,1.0,1.0
unpartitioned-two-regime,379,0.16187325346867293,1.0,1.0
context-partitioned,379,0.009941723852228083,1.0,1.0
single-regime,380,0.002711136613970108,1.0,1.0
unpartitioned-two-regime,380,0.16624347532067038,1.0,1.0
context-partitioned,380,0.00921843143688529,1.0,1.0
single-regime,381,0.0053326964243254095,1.0,1.0
unpartitioned-two-regime,381,0.14495368485798643,1.0,0.975
context-partitioned,381,0.008036326258314557,1.0,1.0
single-regime,382,0.008850196196890711,1.0,1.0
unpartitioned-two-regime,382,0.1628318420625447,1.0,1.0
context-partitioned,382,0.009044403671736805,1.0,1.0
single-regime,383,0.005691500847201575,1.0,1.0
unpartitioned-two-regime,383,0.16494518085410076,1.0,1.0
context-partitioned,383,0.009132744143479343,1.0,1.0
single-regime,384,0.005142448199107531,1.0,1.0
unpartitioned-two-regime,384,0.16501208839841378,1.0,1.0
context-partitioned,384,0.008911747912954012,1.0,1.0
single-regime,385,0.0058010731659215616,1.0,1.0
unpartitioned-two-regime,385,0.1666230863781353,1.0,1.0
context-partitioned,385,0.00935137170769354,1.0,1.0
single-regime,386,0.004898764885401586,1.0,1.0
unpartitioned-two-regime,386,0.1638212577388887,1.0,1.0
context-partitioned,386,0.008751742619994016,1.0,1.0
single-regime,387,0.003406043094450153,1.0,1.0
unpartitioned-two-regime,387,0.16445894279908405,1.0,1.0
context-partitioned,387,0.011696317530409894,1.0,1.0
single-regime,388,0.006213178035144522,1.0,1.0
unpartitioned-two-regime,388,0.16569456671194796,1.0,1.0
context-partitioned,388,0.009676711896761758,1.0,1.0
single-regime,389,0.00538982925195039,1.0,1.0
unpartitioned-two-regime,389,0.16636982394097644,1.0,1.0
context-partitioned,389,0.011873265169029205,1.0,1.0
single-regime,390,0.005383350218902624,1.0,1.0
unpartitioned-two-regime,390,0.16649108059544937,1.0,1.0
context-partitioned,390,0.008925503959340452,1.0,1.0
single-regime,391,0.004848534295266939,1.0,1.0
unpartitioned-two-regime,391,0.14585984067496646,1.0,0.975
context-partitioned,391,0.009328821150892747,1.0,1.0
single-regime,392,0.0037600356356032403,1.0,1.0
unpartitioned-two-regime,392,0.1478442068732407,1.0,0.975
context-partitioned,392,0.010118207448808241,1.0,1.0
single-regime,393,0.00487868624012816,1.0,1.0
unpartitioned-two-regime,393,0.16545139340282627,1.0,1.0
context-partitioned,393,0.00683748238454193,1.0,1.0
single-regime,394,0.00822733455903212,1.0,1.0
unpartitioned-two-regime,394,0.16407383020518157,1.0,1.0
context-partitioned,394,0.010056789736116673,1.0,1.0
single-regime,395,0.005748099753507006,1.0,1.0
unpartitioned-two-regime,395,0.1652918981518128,1.0,1.0
context-partitioned,395,0.008840788065431773,1.0,1.0
single-regime,396,0.00680360272747833,1.0,1.0
unpartitioned-two-regime,396,0.16449080879507477,1.0,1.0
context-partitioned,396,0.007283791066499163,1.0,1.0
single-regime,397,0.007923883968464643,1.0,1.0
unpartitioned-two-regime,397,0.16300046224007844,1.0,1.0
context-partitioned,397,0.009564970315261611,1.0,1.0
single-regime,398,0.005306342764205507,1.0,1.0
unpartitioned-two-regime,398,0.16656582652489682,1.0,1.0
context-partitioned,398,0.009002301275296842,1.0,1.0
single-regime,399,0.006917164250670105,1.0,1.0
unpartitioned-two-regime,399,0.16004030163459887,1.0,1.0
context-partitioned,399,0.011961060230331621,1.0,1.0
single-regime,400,0.007765743954599425,1.0,1.0
unpartitioned-two-regime,400,0.16366170489471973,1.0,1.0
context-partitioned,400,0.00851910707025244,1.0,1.0
single-regime,401,0.006026418563931602,1.0,1.0
unpartitioned-two-regime,401,0.16454503421947086,1.0,1.0
context-partitioned,401,0.009132477441816061,1.0,1.0
single-regime,402,0.005856146321222098,1.0,1.0
unpartitioned-two-regime,402,0.1657764698695595,1.0,1.0
context-partitioned,402,0.009413582419054732,1.0,1.0
single-regime,403,0.005136581920925753,1.0,1.0
unpartitioned-two-regime,403,0.16569005396190156,1.0,1.0
context-partitioned,403,0.009031682628790083,1.0,1.0
single-regime,404,0.00737263803705381,1.0,1.0
unpartitioned-two-regime,404,0.16145916590879147,1.0,1.0
context-partitioned,404,0.012399382121414506,1.0,1.0
single-regime,405,0.008168373951780177,1.0,1.0
unpartitioned-two-regime,405,0.16462085180895217,1.0,1.0
context-partitioned,405,0.009110098123888001,1.0,1.0
single-regime,406,0.005296136220298605,1.0,1.0
unpartitioned-two-regime,406,0.16632507659191048,1.0,1.0
context-partitioned,406,0.007313159981673303,1.0,1.0
single-regime,407,0.00929999768089164,1.0,1.0
unpartitioned-two-regime,407,0.16193949527938226,1.0,1.0
context-partitioned,407,0.011127499616343748,1.0,1.0
single-regime,408,0.005386483649214701,1.0,1.0
unpartitioned-two-regime,408,0.16572216637645157,1.0,1.0
context-partitioned,408,0.010571977055643438,1.0,1.0
single-regime,409,0.005349374425213711,1.0,1.0
unpartitioned-two-regime,409,0.1650446396711204,1.0,1.0
context-partitioned,409,0.00877794557699589,1.0,1.0
single-regime,410,0.00823223528084885,1.0,1.0
unpartitioned-two-regime,410,0.14708737162546245,1.0,0.975
context-partitioned,410,0.011223970597115038,1.0,1.0
single-regime,411,0.007393679411271091,1.0,1.0
unpartitioned-two-regime,411,0.16610008342481106,1.0,1.0
context-partitioned,411,0.006216541235100809,1.0,1.0
single-regime,412,0.008321878086019387,1.0,1.0
unpartitioned-two-regime,412,0.16453917117517305,1.0,1.0
context-partitioned,412,0.009058913765882703,1.0,1.0
single-regime,413,0.00677297913613874,1.0,1.0
unpartitioned-two-regime,413,0.16668681225571458,1.0,1.0
context-partitioned,413,0.006915805710820969,1.0,1.0
single-regime,414,0.00411246960593446,1.0,1.0
unpartitioned-two-regime,414,0.1468270945429399,1.0,0.975
context-partitioned,414,0.011136072554076741,1.0,1.0
single-regime,415,0.005842028910042554,1.0,1.0
unpartitioned-two-regime,415,0.1465867128598953,1.0,0.975
context-partitioned,415,0.00836979831354624,1.0,1.0
single-regime,416,0.005575300089314088,1.0,1.0
unpartitioned-two-regime,416,0.16586825992494955,1.0,1.0
context-partitioned,416,0.006501582274301074,1.0,1.0
single-regime,417,0.006715459161267166,1.0,1.0
unpartitioned-two-regime,417,0.16589034323728122,1.0,1.0
context-partitioned,417,0.00664116052902508,1.0,1.0
single-regime,418,0.0037551231648558056,1.0,1.0
unpartitioned-two-regime,418,0.1658352690556393,1.0,1.0
context-partitioned,418,0.009062766227732878,1.0,1.0
single-regime,419,0.004521431722896394,1.0,1.0
unpartitioned-two-regime,419,0.14536985069651828,1.0,0.975
context-partitioned,419,0.0075658471715790414,1.0,1.0
single-regime,420,0.006011945068872649,1.0,1.0
unpartitioned-two-regime,420,0.163163790468425,1.0,1.0
context-partitioned,420,0.01180289481619832,1.0,1.0
single-regime,421,0.005995540462321604,1.0,1.0
unpartitioned-two-regime,421,0.16617949902352105,1.0,1.0
context-partitioned,421,0.006035361877377474,1.0,1.0
single-regime,422,0.0060802386440749,1.0,1.0
unpartitioned-two-regime,422,0.16377188139637913,1.0,1.0
context-partitioned,422,0.010063061746764973,1.0,1.0
single-regime,423,0.00988735246033299,1.0,1.0
unpartitioned-two-regime,423,0.16594531373328167,1.0,1.0
context-partitioned,423,0.006970707619641817,1.0,1.0
single-regime,424,0.006280669737030582,1.0,1.0
unpartitioned-two-regime,424,0.16656158725281642,1.0,1.0
context-partitioned,424,0.007911168232932388,1.0,1.0
single-regime,425,0.00550046067704587,1.0,1.0
unpartitioned-two-regime,425,0.16301461687877147,1.0,1.0
context-partitioned,425,0.008756524773046137,1.0,1.0
single-regime,426,0.006529946789749081,1.0,1.0
unpartitioned-two-regime,426,0.1644706157566911,1.0,1.0
context-partitioned,426,0.009174073610694725,1.0,1.0
single-regime,427,0.00517064306873834,1.0,1.0
unpartitioned-two-regime,427,0.1664485424513034,1.0,1.0
context-partitioned,427,0.011066498024265342,1.0,1.0
single-regime,428,0.010039333082624015,1.0,1.0
unpartitioned-two-regime,428,0.16395397695430627,1.0,1.0
context-partitioned,428,0.008443575083358513,1.0,1.0
single-regime,429,0.005894745655790977,1.0,1.0
unpartitioned-two-regime,429,0.16509663474998246,1.0,1.0
context-partitioned,429,0.00869452322557062,1.0,1.0
single-regime,430,0.006346455346400589,1.0,1.0
unpartitioned-two-regime,430,0.1441167317969676,1.0,0.975
context-partitioned,430,0.008571202284188421,1.0,1.0
single-regime,431,0.005541969423980991,1.0,1.0
unpartitioned-two-regime,431,0.16647312233751888,1.0,1.0
context-partitioned,431,0.010412077204227106,1.0,1.0
single-regime,432,0.007407414296125639,1.0,1.0
unpartitioned-two-regime,432,0.16498911280134487,1.0,1.0
context-partitioned,432,0.007149686805622002,1.0,1.0
single-regime,433,0.004156494708088586,1.0,1.0
unpartitioned-two-regime,433,0.16490378017845517,1.0,1.0
context-partitioned,433,0.009377754112667155,1.0,1.0
single-regime,434,0.008711840486653662,1.0,1.0
unpartitioned-two-regime,434,0.16519989053373108,1.0,1.0
context-partitioned,434,0.009317926047762071,1.0,1.0
single-regime,435,0.005631913346085599,1.0,1.0
unpartitioned-two-regime,435,0.1645598442712584,1.0,1.0
context-partitioned,435,0.01097430220673844,1.0,1.0
single-regime,436,0.006985295009430489,1.0,1.0
unpartitioned-two-regime,436,0.1480528089654587,1.0,0.975
context-partitioned,436,0.006868369289307567,1.0,1.0
single-regime,437,0.007662099742574539,1.0,1.0
unpartitioned-two-regime,437,0.15081615042248261,1.0,0.975
context-partitioned,437,0.009493652827682497,1.0,1.0
single-regime,438,0.008748298591915515,1.0,1.0
unpartitioned-two-regime,438,0.16393835221401934,1.0,0.95
context-partitioned,438,0.00856675298479148,1.0,1.0
single-regime,439,0.0038241642521055965,1.0,1.0
unpartitioned-two-regime,439,0.16650346161159627,1.0,1.0
context-partitioned,439,0.0074482852563627685,1.0,1.0
single-regime,440,0.0062834234679304745,1.0,1.0
unpartitioned-two-regime,440,0.13170130244278652,1.0,0.95
context-partitioned,440,0.00696346983813232,1.0,1.0
single-regime,441,0.006511703834311849,1.0,1.0
unpartitioned-two-regime,441,0.14505434183845303,1.0,0.975
context-partitioned,441,0.009779729128547937,1.0,1.0
single-regime,442,0.00758780986881341,1.0,1.0
unpartitioned-two-regime,442,0.1625888444373548,1.0,1.0
context-partitioned,442,0.0073623242418365265,1.0,1.0
single-regime,443,0.006287253743812538,1.0,1.0
unpartitioned-two-regime,443,0.1509028561702908,1.0,0.975
context-partitioned,443,0.00908610290746683,1.0,1.0
single-regime,444,0.00676705185658382,1.0,1.0
unpartitioned-two-regime,444,0.16361367767409682,1.0,1.0
context-partitioned,444,0.007767790840235306,1.0,1.0
single-regime,445,0.004819802556697035,1.0,1.0
unpartitioned-two-regime,445,0.16210215264249334,1.0,1.0
context-partitioned,445,0.008169132134714284,1.0,1.0
single-regime,446,0.005824253808091882,1.0,1.0
unpartitioned-two-regime,446,0.16363601094275032,1.0,1.0
context-partitioned,446,0.009649334070621499,1.0,1.0
single-regime,447,0.005850000429122521,1.0,1.0
unpartitioned-two-regime,447,0.1639781594480916,1.0,1.0
context-partitioned,447,0.008284310338725152,1.0,1.0
single-regime,448,0.0046676126615114175,1.0,1.0
unpartitioned-two-regime,448,0.1494554285434886,1.0,0.975
context-partitioned,448,0.006671247230224324,1.0,1.0
single-regime,449,0.007603418833929328,1.0,1.0
unpartitioned-two-regime,449,0.16409430994697785,1.0,1.0
context-partitioned,449,0.006803369482013866,1.0,1.0
single-regime,450,0.008159178923537612,1.0,1.0
unpartitioned-two-regime,450,0.16058361291938938,1.0,1.0
context-partitioned,450,0.009706794966000857,1.0,1.0
single-regime,451,0.005713670346218802,1.0,1.0
unpartitioned-two-regime,451,0.15188636151886215,1.0,0.975
context-partitioned,451,0.007119480714777029,1.0,1.0
single-regime,452,0.006841380200506727,1.0,1.0
unpartitioned-two-regime,452,0.1471189021922431,1.0,0.975
context-partitioned,452,0.009390799707219243,1.0,1.0
single-regime,453,0.006399017871095936,1.0,1.0
unpartitioned-two-regime,453,0.16409347716296238,1.0,1.0
context-partitioned,453,0.01053234397433724,1.0,1.0
single-regime,454,0.005765501768851906,1.0,1.0
unpartitioned-two-regime,454,0.16626540256339328,1.0,1.0
context-partitioned,454,0.01017428930403724,1.0,1.0
single-regime,455,0.00807048653939602,1.0,1.0
unpartitioned-two-regime,455,0.16621976558530624,1.0,1.0
context-partitioned,455,0.006864285851726576,1.0,1.0
single-regime,456,0.008255796446098659,1.0,1.0
unpartitioned-two-regime,456,0.16452490857088162,1.0,1.0
context-partitioned,456,0.00774243310341028,1.0,1.0
single-regime,457,0.004936363488448306,1.0,1.0
unpartitioned-two-regime,457,0.1636402512389513,1.0,1.0
context-partitioned,457,0.007657188155764962,1.0,1.0
single-regime,458,0.0077015164192385565,1.0,1.0
unpartitioned-two-regime,458,0.15169829772844254,1.0,0.975
context-partitioned,458,0.00871999826794468,1.0,1.0
single-regime,459,0.007055687745967959,1.0,1.0
unpartitioned-two-regime,459,0.1650000535056149,1.0,1.0
context-partitioned,459,0.006258517803974989,1.0,1.0
single-regime,460,0.007506853630566228,1.0,1.0
unpartitioned-two-regime,460,0.1663816748878246,1.0,1.0
context-partitioned,460,0.007029775677844426,1.0,1.0
single-regime,461,0.006937751032430009,1.0,1.0
unpartitioned-two-regime,461,0.15096227586496216,1.0,0.975
context-partitioned,461,0.007463267159999622,1.0,1.0
single-regime,462,0.00571204378549411,1.0,1.0
unpartitioned-two-regime,462,0.16564920817734022,1.0,1.0
context-partitioned,462,0.008695281152954697,1.0,1.0
single-regime,463,0.00721457150271152,1.0,1.0
unpartitioned-two-regime,463,0.1662685845830306,1.0,1.0
context-partitioned,463,0.009209184055483372,1.0,1.0
single-regime,464,0.0038445149881060777,1.0,1.0
unpartitioned-two-regime,464,0.1621270178506707,1.0,0.95
context-partitioned,464,0.00942540580194092,1.0,1.0
single-regime,465,0.006855140860619748,1.0,1.0
unpartitioned-two-regime,465,0.16645713748021426,1.0,1.0
context-partitioned,465,0.009503328515412635,1.0,1.0
single-regime,466,0.006706128272648298,1.0,1.0
unpartitioned-two-regime,466,0.16588743433268405,1.0,1.0
context-partitioned,466,0.011507152482453223,1.0,1.0
single-regime,467,0.005865668248974078,1.0,1.0
unpartitioned-two-regime,467,0.16617488201835567,1.0,1.0
context-partitioned,467,0.006702304223445137,1.0,1.0
single-regime,468,0.003247260401514182,1.0,1.0
unpartitioned-two-regime,468,0.1635369602923433,1.0,1.0
context-partitioned,468,0.009523331160610164,1.0,1.0
single-regime,469,0.008727996058911086,1.0,1.0
unpartitioned-two-regime,469,0.14884284302240616,1.0,0.975
context-partitioned,469,0.008188928509947168,1.0,1.0
single-regime,470,0.0038829211199205324,1.0,1.0
unpartitioned-two-regime,470,0.14816336555875154,1.0,0.975
context-partitioned,470,0.011198157971025146,1.0,1.0
single-regime,471,0.007370360544167,1.0,1.0
unpartitioned-two-regime,471,0.15075930421850095,1.0,0.975
context-partitioned,471,0.010532933136449022,1.0,1.0
single-regime,472,0.006420705651242409,1.0,1.0
unpartitioned-two-regime,472,0.16673269788258782,1.0,1.0
context-partitioned,472,0.00973907256523681,1.0,1.0
single-regime,473,0.008027112695955112,1.0,1.0
unpartitioned-two-regime,473,0.16627985281951219,1.0,1.0
context-partitioned,473,0.008223359484126863,1.0,1.0
single-regime,474,0.008993469807335392,1.0,1.0
unpartitioned-two-regime,474,0.16361436020197673,1.0,1.0
context-partitioned,474,0.008411006125366013,1.0,1.0
single-regime,475,0.009522328938443864,1.0,1.0
unpartitioned-two-regime,475,0.16481754607153157,1.0,1.0
context-partitioned,475,0.008009170559204028,1.0,1.0
single-regime,476,0.0061556950967093715,1.0,1.0
unpartitioned-two-regime,476,0.15012969307788077,1.0,0.975
context-partitioned,476,0.00748099091248192,1.0,1.0
single-regime,477,0.0057028413081537275,1.0,1.0
unpartitioned-two-regime,477,0.16478670262740744,1.0,1.0
context-partitioned,477,0.009157112159171938,1.0,1.0
single-regime,478,0.007093872073375247,1.0,1.0
unpartitioned-two-regime,478,0.1664145439767598,1.0,1.0
context-partitioned,478,0.007821514233126032,1.0,1.0
single-regime,479,0.005425048339291308,1.0,1.0
unpartitioned-two-regime,479,0.161965216501789,1.0,1.0
context-partitioned,479,0.009763773472234633,1.0,1.0
single-regime,480,0.004612703934200605,1.0,1.0
unpartitioned-two-regime,480,0.1642720627899603,1.0,1.0
context-partitioned,480,0.010958998648327856,1.0,1.0
single-regime,481,0.008092073873317666,1.0,1.0
unpartitioned-two-regime,481,0.1628089644390355,1.0,1.0
context-partitioned,481,0.009425932974870457,1.0,1.0
single-regime,482,0.006447971792825129,1.0,1.0
unpartitioned-two-regime,482,0.16476078505198302,1.0,1.0
context-partitioned,482,0.008033012926053852,1.0,1.0
single-regime,483,0.0036876726235291757,1.0,1.0
unpartitioned-two-regime,483,0.15089028471850963,1.0,0.975
context-partitioned,483,0.006335951641231956,1.0,1.0
single-regime,484,0.00624276898545877,1.0,1.0
unpartitioned-two-regime,484,0.14767005903162675,1.0,0.975
context-partitioned,484,0.006831698787556984,1.0,1.0
single-regime,485,0.006017039180187394,1.0,1.0
unpartitioned-two-regime,485,0.16438402522557352,1.0,1.0
context-partitioned,485,0.0076045569684496835,1.0,1.0
single-regime,486,0.0050378323392475345,1.0,1.0
unpartitioned-two-regime,486,0.1637738272434943,1.0,1.0
context-partitioned,486,0.01023002673835714,1.0,1.0
single-regime,487,0.007298237760030722,1.0,1.0
unpartitioned-two-regime,487,0.16565708311169622,1.0,1.0
context-partitioned,487,0.0086492138580733,1.0,1.0
single-regime,488,0.004631819572196853,1.0,1.0
unpartitioned-two-regime,488,0.16382169770469548,1.0,1.0
context-partitioned,488,0.009041168476641173,1.0,1.0
single-regime,489,0.005398111652260716,1.0,1.0
unpartitioned-two-regime,489,0.16598906931877455,1.0,1.0
context-partitioned,489,0.009825478128422358,1.0,1.0
single-regime,490,0.0060577118246731695,1.0,1.0
unpartitioned-two-regime,490,0.16319081852151965,1.0,1.0
context-partitioned,490,0.010179259193201083,1.0,1.0
single-regime,491,0.0053913237345240665,1.0,1.0
unpartitioned-two-regime,491,0.1645020803659745,1.0,1.0
context-partitioned,491,0.009292947541946591,1.0,1.0
single-regime,492,0.002931568195376467,1.0,1.0
unpartitioned-two-regime,492,0.16329952285580884,1.0,1.0
context-partitioned,492,0.009070129260181133,1.0,1.0
single-regime,493,0.007645777825614804,1.0,1.0
unpartitioned-two-regime,493,0.14684352611277757,1.0,0.975
context-partitioned,493,0.009582091439653391,1.0,1.0
single-regime,494,0.005724080326534026,1.0,1.0
unpartitioned-two-regime,494,0.16635487387764558,1.0,1.0
context-partitioned,494,0.008922536103282542,1.0,1.0
single-regime,495,0.008333469951800985,1.0,1.0
unpartitioned-two-regime,495,0.1648402380472467,1.0,1.0
context-partitioned,495,0.01036251347928477,1.0,1.0
single-regime,496,0.005706700009454422,1.0,1.0
unpartitioned-two-regime,496,0.1652139702460111,1.0,1.0
context-partitioned,496,0.009315258619519803,1.0,1.0
single-regime,497,0.008450471811591814,1.0,1.0
unpartitioned-two-regime,497,0.16464280306845427,1.0,1.0
context-partitioned,497,0.009338335930151044,1.0,1.0
single-regime,498,0.006928002187867509,1.0,1.0
unpartitioned-two-regime,498,0.16406302377167206,1.0,1.0
context-partitioned,498,0.010790474347023219,1.0,1.0
single-regime,499,0.005927015082907367,1.0,1.0
unpartitioned-two-regime,499,0.16583720588013226,1.0,1.0
context-partitioned,499,0.007914628350525896,1.0,1.0
single-regime,500,0.005214824955210644,1.0,1.0
unpartitioned-two-regime,500,0.1651066266003617,1.0,1.0
context-partitioned,500,0.012010870759810405,1.0,0.975
single-regime,501,0.004123855634287982,1.0,1.0
unpartitioned-two-regime,501,0.1661142314129028,1.0,1.0
context-partitioned,501,0.007009753800347137,1.0,1.0
single-regime,502,0.003669897857410398,1.0,1.0
unpartitioned-two-regime,502,0.14763350191231034,1.0,0.975
context-partitioned,502,0.007823440299063875,1.0,1.0
single-regime,503,0.004502567748758645,1.0,1.0
unpartitioned-two-regime,503,0.16477735913005265,1.0,1.0
context-partitioned,503,0.007149617786417225,1.0,1.0
single-regime,504,0.006859627136905604,1.0,1.0
unpartitioned-two-regime,504,0.15062696337198742,1.0,0.975
context-partitioned,504,0.010182808050566407,1.0,1.0
single-regime,505,0.006213630696602422,1.0,1.0
unpartitioned-two-regime,505,0.16449626107047394,1.0,1.0
context-partitioned,505,0.008725668657092386,1.0,1.0
single-regime,506,0.004784240003479313,1.0,1.0
unpartitioned-two-regime,506,0.1429770789474029,1.0,0.975
context-partitioned,506,0.009825339437001576,1.0,1.0
single-regime,507,0.005683021529804097,1.0,1.0
unpartitioned-two-regime,507,0.1641248914211614,1.0,1.0
context-partitioned,507,0.005940509165883155,1.0,1.0
single-regime,508,0.005970811284884414,1.0,1.0
unpartitioned-two-regime,508,0.16415978364670825,1.0,1.0
context-partitioned,508,0.008938385272249454,1.0,1.0
single-regime,509,0.007176022884355392,1.0,1.0
unpartitioned-two-regime,509,0.16665997931757406,1.0,1.0
context-partitioned,509,0.009126131337691093,1.0,0.975
single-regime,510,0.005561694723588292,1.0,1.0
unpartitioned-two-regime,510,0.15036445843297225,1.0,0.975
context-partitioned,510,0.008394114430712552,1.0,0.975
single-regime,511,0.006331316957699473,1.0,1.0
unpartitioned-two-regime,511,0.16408159968131988,1.0,1.0
context-partitioned,511,0.008841779977721074,1.0,1.0
single-regime,512,0.004431335340309181,1.0,1.0
unpartitioned-two-regime,512,0.1330699232515366,1.0,0.95
context-partitioned,512,0.008197126932319379,1.0,1.0
single-regime,513,0.006198506847144351,1.0,1.0
unpartitioned-two-regime,513,0.16477556153086012,1.0,1.0
context-partitioned,513,0.010359696795930056,1.0,1.0
single-regime,514,0.005000046586678876,1.0,1.0
unpartitioned-two-regime,514,0.14769661348880705,1.0,0.975
context-partitioned,514,0.007707231881984497,1.0,1.0
single-regime,515,0.00598602507453574,1.0,1.0
unpartitioned-two-regime,515,0.16585363073613227,1.0,1.0
context-partitioned,515,0.007700563538121185,1.0,1.0
single-regime,516,0.005131833943390979,1.0,1.0
unpartitioned-two-regime,516,0.16609983673040243,1.0,1.0
context-partitioned,516,0.00815166969472091,1.0,1.0
single-regime,517,0.002998609268407486,1.0,1.0
unpartitioned-two-regime,517,0.16670789253148485,1.0,1.0
context-partitioned,517,0.0068695830529830046,1.0,1.0
single-regime,518,0.005680246230394599,1.0,1.0
unpartitioned-two-regime,518,0.16336678843250527,1.0,1.0
context-partitioned,518,0.009777043839896415,1.0,1.0
single-regime,519,0.005517506145286458,1.0,1.0
unpartitioned-two-regime,519,0.16448438871313595,1.0,1.0
context-partitioned,519,0.009705502209835456,1.0,1.0
single-regime,520,0.007928405564459682,1.0,1.0
unpartitioned-two-regime,520,0.16440839895699325,1.0,1.0
context-partitioned,520,0.008598190775379442,1.0,1.0
single-regime,521,0.004984552675263049,1.0,1.0
unpartitioned-two-regime,521,0.16379389089063975,1.0,1.0
context-partitioned,521,0.010643374081231517,1.0,1.0
single-regime,522,0.003965909443107508,1.0,1.0
unpartitioned-two-regime,522,0.15081408269288718,1.0,0.975
context-partitioned,522,0.006729641981584444,1.0,1.0
single-regime,523,0.00737027489822064,1.0,1.0
unpartitioned-two-regime,523,0.16638279941275466,1.0,1.0
context-partitioned,523,0.009299947130529661,1.0,1.0
single-regime,524,0.005465927313004794,1.0,1.0
unpartitioned-two-regime,524,0.16565956656230763,1.0,1.0
context-partitioned,524,0.007113853946329563,1.0,1.0
single-regime,525,0.006418347281424546,1.0,1.0
unpartitioned-two-regime,525,0.15005618248323252,1.0,0.975
context-partitioned,525,0.007144537042367068,1.0,1.0
single-regime,526,0.0052305294682743605,1.0,1.0
unpartitioned-two-regime,526,0.16509790385062081,1.0,1.0
context-partitioned,526,0.007881230181645472,1.0,1.0
single-regime,527,0.007533278856221813,1.0,1.0
unpartitioned-two-regime,527,0.16405871236181097,1.0,1.0
context-partitioned,527,0.00953112239989698,1.0,1.0
single-regime,528,0.005643615519909519,1.0,1.0
unpartitioned-two-regime,528,0.16535994837333243,1.0,1.0
context-partitioned,528,0.010759218742284946,1.0,1.0
single-regime,529,0.006570345428184872,1.0,1.0
unpartitioned-two-regime,529,0.1486472261269052,1.0,0.975
context-partitioned,529,0.010855625460026521,1.0,1.0
single-regime,530,0.00711219143681466,1.0,1.0
unpartitioned-two-regime,530,0.1325339087438227,1.0,0.95
context-partitioned,530,0.00972990574763257,1.0,1.0
single-regime,531,0.006246702977525618,1.0,1.0
unpartitioned-two-regime,531,0.16533326923538552,1.0,1.0
context-partitioned,531,0.008746281153289272,1.0,1.0
single-regime,532,0.007727341910027055,1.0,1.0
unpartitioned-two-regime,532,0.13985021631442995,1.0,0.975
context-partitioned,532,0.009156090598258504,1.0,1.0
single-regime,533,0.00659230933948337,1.0,1.0
unpartitioned-two-regime,533,0.16398876381231978,1.0,1.0
context-partitioned,533,0.006776995017084285,1.0,1.0
single-regime,534,0.007380747664838604,1.0,1.0
unpartitioned-two-regime,534,0.16668329665142065,1.0,1.0
context-partitioned,534,0.0073290395999530645,1.0,1.0
single-regime,535,0.004787662159523794,1.0,1.0
unpartitioned-two-regime,535,0.1518326867753633,1.0,0.975
context-partitioned,535,0.012401303049611088,1.0,1.0
single-regime,536,0.00525740922672387,1.0,1.0
unpartitioned-two-regime,536,0.16664421470438182,1.0,1.0
context-partitioned,536,0.006523047692572524,1.0,1.0
single-regime,537,0.008568359904939074,1.0,1.0
unpartitioned-two-regime,537,0.1654305444294324,1.0,1.0
context-partitioned,537,0.008256974106904104,1.0,1.0
single-regime,538,0.008380279336218571,1.0,1.0
unpartitioned-two-regime,538,0.15082126090312106,1.0,0.975
context-partitioned,538,0.008281391688809557,1.0,1.0
single-regime,539,0.006675964581663041,1.0,1.0
unpartitioned-two-regime,539,0.1658196744589263,1.0,1.0
context-partitioned,539,0.009758733655685201,1.0,1.0
single-regime,540,0.00592633622459194,1.0,1.0
unpartitioned-two-regime,540,0.1645602907548916,1.0,1.0
context-partitioned,540,0.0067189344497907404,1.0,1.0
single-regime,541,0.00432814579991246,1.0,1.0
unpartitioned-two-regime,541,0.16658473299052345,1.0,1.0
context-partitioned,541,0.010325618730946645,1.0,1.0
single-regime,542,0.006693734037226971,1.0,1.0
unpartitioned-two-regime,542,0.16630294842737003,1.0,1.0
context-partitioned,542,0.005714054418814049,1.0,1.0
single-regime,543,0.004478055746578137,1.0,1.0
unpartitioned-two-regime,543,0.14679679683359892,1.0,0.925
context-partitioned,543,0.008083218423853948,1.0,1.0
single-regime,544,0.006183049815560205,1.0,1.0
unpartitioned-two-regime,544,0.14887858721612565,1.0,0.975
context-partitioned,544,0.00864127351287131,1.0,1.0
single-regime,545,0.0060489369058137725,1.0,1.0
unpartitioned-two-regime,545,0.1630277233814379,1.0,1.0
context-partitioned,545,0.010388322086311578,1.0,1.0
single-regime,546,0.005837944685204155,1.0,1.0
unpartitioned-two-regime,546,0.163943590908245,1.0,1.0
context-partitioned,546,0.011155600508728308,1.0,1.0
single-regime,547,0.005400150810780228,1.0,1.0
unpartitioned-two-regime,547,0.16565870661292234,1.0,0.95
context-partitioned,547,0.008451542924292503,1.0,1.0
single-regime,548,0.004599065508885139,1.0,1.0
unpartitioned-two-regime,548,0.16666295697209355,1.0,1.0
context-partitioned,548,0.010840906476462955,1.0,1.0
single-regime,549,0.005933882545122059,1.0,1.0
unpartitioned-two-regime,549,0.16663080796029142,1.0,1.0
context-partitioned,549,0.008276770033769492,1.0,1.0
single-regime,550,0.0044168485591643235,1.0,1.0
unpartitioned-two-regime,550,0.16409819010098328,1.0,1.0
context-partitioned,550,0.007022956448823551,1.0,1.0
single-regime,551,0.007623858525773013,1.0,1.0
unpartitioned-two-regime,551,0.16433789014445857,1.0,1.0
context-partitioned,551,0.006197302607257935,1.0,1.0
single-regime,552,0.004519725411343548,1.0,1.0
unpartitioned-two-regime,552,0.1655558066469939,1.0,1.0
context-partitioned,552,0.009264742783255696,1.0,1.0
single-regime,553,0.007841266890559655,1.0,1.0
unpartitioned-two-regime,553,0.16430882671897065,1.0,1.0
context-partitioned,553,0.00822072178244403,1.0,1.0
single-regime,554,0.0068863195977089085,1.0,1.0
unpartitioned-two-regime,554,0.1483827229960841,1.0,0.975
context-partitioned,554,0.006046815384998565,1.0,1.0
single-regime,555,0.0049660389969367145,1.0,1.0
unpartitioned-two-regime,555,0.15067983636916865,1.0,0.975
context-partitioned,555,0.007434345997654712,1.0,1.0
single-regime,556,0.006229790551286745,1.0,1.0
unpartitioned-two-regime,556,0.14627357823614753,1.0,0.975
context-partitioned,556,0.008825262781498394,1.0,1.0
single-regime,557,0.005809347035087439,1.0,1.0
unpartitioned-two-regime,557,0.1633005195322149,1.0,1.0
context-partitioned,557,0.00802729432144322,1.0,1.0
single-regime,558,0.005218635619175488,1.0,1.0
unpartitioned-two-regime,558,0.16666783839154345,1.0,1.0
context-partitioned,558,0.00966408567044821,1.0,1.0
single-regime,559,0.00396480414763897,1.0,1.0
unpartitioned-two-regime,559,0.14845253504947437,1.0,0.975
context-partitioned,559,0.008447020061076832,1.0,1.0
single-regime,560,0.005393560161840894,1.0,1.0
unpartitioned-two-regime,560,0.1648050563705207,1.0,1.0
context-partitioned,560,0.009313541791800752,1.0,1.0
single-regime,561,0.004968186727873444,1.0,1.0
unpartitioned-two-regime,561,0.16544783573548075,1.0,1.0
context-partitioned,561,0.007013584930149726,1.0,1.0
single-regime,562,0.006456407872048052,1.0,1.0
unpartitioned-two-regime,562,0.14734215041129933,1.0,0.975
context-partitioned,562,0.009309232276261096,1.0,1.0
single-regime,563,0.007003932577340905,1.0,1.0
unpartitioned-two-regime,563,0.15271375325100786,1.0,0.975
context-partitioned,563,0.008719864306289762,1.0,1.0
single-regime,564,0.005279554970632968,1.0,1.0
unpartitioned-two-regime,564,0.16427926834901851,1.0,1.0
context-partitioned,564,0.010822824778007088,1.0,1.0
single-regime,565,0.005717827108982804,1.0,1.0
unpartitioned-two-regime,565,0.16552538124069796,1.0,1.0
context-partitioned,565,0.005218479704768125,1.0,1.0
single-regime,566,0.004698082431790406,1.0,1.0
unpartitioned-two-regime,566,0.16660418622830672,1.0,1.0
context-partitioned,566,0.007275956257710894,1.0,1.0
single-regime,567,0.0054638065503281085,1.0,1.0
unpartitioned-two-regime,567,0.16377051797309838,1.0,1.0
context-partitioned,567,0.01037773733809548,1.0,1.0
single-regime,568,0.006994373750328824,1.0,1.0
unpartitioned-two-regime,568,0.14419862411231704,1.0,0.975
context-partitioned,568,0.008646225056898906,1.0,1.0
single-regime,569,0.009384196332662905,1.0,1.0
unpartitioned-two-regime,569,0.14500817342189543,1.0,0.975
context-partitioned,569,0.009647400070391261,1.0,1.0
single-regime,570,0.006977844563650062,1.0,1.0
unpartitioned-two-regime,570,0.16522912883801308,1.0,1.0
context-partitioned,570,0.009103409973674342,1.0,1.0
single-regime,571,0.00669624197843318,1.0,1.0
unpartitioned-two-regime,571,0.1656165873356097,1.0,1.0
context-partitioned,571,0.011392011550351015,1.0,1.0
single-regime,572,0.004953667170356209,1.0,1.0
unpartitioned-two-regime,572,0.16422474469043993,1.0,1.0
context-partitioned,572,0.006625679967847619,1.0,1.0
single-regime,573,0.006170560383747108,1.0,1.0
unpartitioned-two-regime,573,0.1653135072708644,1.0,1.0
context-partitioned,573,0.008700555874541112,1.0,1.0
single-regime,574,0.006938068039832188,1.0,1.0
unpartitioned-two-regime,574,0.1655959702286336,1.0,1.0
context-partitioned,574,0.009083457685553286,1.0,1.0
single-regime,575,0.005662356108974374,1.0,1.0
unpartitioned-two-regime,575,0.1619832567416062,1.0,1.0
context-partitioned,575,0.009033540989481972,1.0,1.0
single-regime,576,0.00708133027111008,1.0,1.0
unpartitioned-two-regime,576,0.16423942202556316,1.0,1.0
context-partitioned,576,0.009074277498911345,1.0,1.0
single-regime,577,0.005893058273359986,1.0,1.0
unpartitioned-two-regime,577,0.16530171778210398,1.0,1.0
context-partitioned,577,0.009022743950322949,1.0,1.0
single-regime,578,0.00579955723745484,1.0,1.0
unpartitioned-two-regime,578,0.14628558003982076,1.0,0.975
context-partitioned,578,0.008734325290822811,1.0,1.0
single-regime,579,0.0033103474740263897,1.0,1.0
unpartitioned-two-regime,579,0.16432076157935094,1.0,1.0
context-partitioned,579,0.008612503920356241,1.0,1.0
single-regime,580,0.0065683843528373765,1.0,1.0
unpartitioned-two-regime,580,0.15145319762215712,1.0,0.975
context-partitioned,580,0.008318951658347243,1.0,1.0
single-regime,581,0.0056381353662918665,1.0,1.0
unpartitioned-two-regime,581,0.147502556736861,1.0,0.975
context-partitioned,581,0.007213604484782805,1.0,1.0
single-regime,582,0.0033879529291077713,1.0,1.0
unpartitioned-two-regime,582,0.1663150184278219,1.0,0.95
context-partitioned,582,0.008175721229319718,1.0,1.0
single-regime,583,0.009096168154761485,1.0,1.0
unpartitioned-two-regime,583,0.16664985252571643,1.0,1.0
context-partitioned,583,0.009033086599703831,1.0,1.0
single-regime,584,0.006736364633965077,1.0,1.0
unpartitioned-two-regime,584,0.16523622773652422,1.0,1.0
context-partitioned,584,0.010735470818732221,1.0,1.0
single-regime,585,0.008277758745116113,1.0,1.0
unpartitioned-two-regime,585,0.1659788445322756,1.0,1.0
context-partitioned,585,0.008247635970590014,1.0,1.0
single-regime,586,0.006329195748648517,1.0,1.0
unpartitioned-two-regime,586,0.16607390540692823,1.0,1.0
context-partitioned,586,0.011365510275183642,1.0,1.0
single-regime,587,0.006401971322720607,1.0,1.0
unpartitioned-two-regime,587,0.14591608781523122,1.0,0.975
context-partitioned,587,0.007848012734679707,1.0,1.0
single-regime,588,0.007255075694959563,1.0,1.0
unpartitioned-two-regime,588,0.1632971240477564,1.0,1.0
context-partitioned,588,0.010441752385363165,1.0,1.0
single-regime,589,0.004087921574719054,1.0,1.0
unpartitioned-two-regime,589,0.14748568047224384,1.0,0.975
context-partitioned,589,0.0072441801613690095,1.0,1.0
single-regime,590,0.008428268360176697,1.0,1.0
unpartitioned-two-regime,590,0.16680894540899893,1.0,1.0
context-partitioned,590,0.01055133779588007,1.0,1.0
single-regime,591,0.008092727658782524,1.0,1.0
unpartitioned-two-regime,591,0.164340376404988,1.0,1.0
context-partitioned,591,0.010021407075795671,1.0,1.0
single-regime,592,0.00744171884697943,1.0,1.0
unpartitioned-two-regime,592,0.16603782331570252,1.0,1.0
context-partitioned,592,0.00998091627971873,1.0,1.0
single-regime,593,0.007826512065170517,1.0,1.0
unpartitioned-two-regime,593,0.16625883777556272,1.0,1.0
context-partitioned,593,0.008735136002473349,1.0,1.0
single-regime,594,0.008173293265016495,1.0,1.0
unpartitioned-two-regime,594,0.1648048221933588,1.0,1.0
context-partitioned,594,0.009081059793731952,1.0,1.0
single-regime,595,0.005519484586839252,1.0,1.0
unpartitioned-two-regime,595,0.16666692240642725,1.0,1.0
context-partitioned,595,0.008659848542624736,1.0,0.975
single-regime,596,0.003946403503474709,1.0,1.0
unpartitioned-two-regime,596,0.1666547827090771,1.0,1.0
context-partitioned,596,0.006823452465765677,1.0,1.0
single-regime,597,0.004663265430774145,1.0,1.0
unpartitioned-two-regime,597,0.165382063898841,1.0,1.0
context-partitioned,597,0.008189523766630846,1.0,1.0
single-regime,598,0.002567617059035172,1.0,1.0
unpartitioned-two-regime,598,0.16586187441623376,1.0,1.0
context-partitioned,598,0.007100561263267525,1.0,1.0
single-regime,599,0.0041508936858212575,1.0,1.0
unpartitioned-two-regime,599,0.16663504413883215,1.0,1.0
context-partitioned,599,0.00955978735076621,1.0,1.0
single-regime,600,0.004317435106178408,1.0,1.0
unpartitioned-two-regime,600,0.16624420475577933,1.0,1.0
context-partitioned,600,0.004849992038821081,1.0,1.0
single-regime,601,0.006221492589852874,1.0,1.0
unpartitioned-two-regime,601,0.16475160571673794,1.0,1.0
context-partitioned,601,0.00940257696026877,1.0,1.0
single-regime,602,0.005744523693840462,1.0,1.0
unpartitioned-two-regime,602,0.1649558443335364,1.0,1.0
context-partitioned,602,0.00878718333084592,1.0,1.0
single-regime,603,0.007270405528677443,1.0,1.0
unpartitioned-two-regime,603,0.16324945730849796,1.0,1.0
context-partitioned,603,0.007865212357493552,1.0,1.0
single-regime,604,0.005991553529978841,1.0,1.0
unpartitioned-two-regime,604,0.1656636625812311,1.0,1.0
context-partitioned,604,0.011178943443997544,1.0,1.0
single-regime,605,0.006509694750002016,1.0,1.0
unpartitioned-two-regime,605,0.16632799903948617,1.0,1.0
context-partitioned,605,0.011256183420973294,1.0,1.0
single-regime,606,0.004488504752968742,1.0,1.0
unpartitioned-two-regime,606,0.16234974786388354,1.0,1.0
context-partitioned,606,0.008861957849204884,1.0,1.0
single-regime,607,0.004992995583596508,1.0,1.0
unpartitioned-two-regime,607,0.16467591736876439,1.0,1.0
context-partitioned,607,0.006435962124535533,1.0,1.0
single-regime,608,0.00854139328043022,1.0,1.0
unpartitioned-two-regime,608,0.1653538730841953,1.0,1.0
context-partitioned,608,0.006434917877351619,1.0,1.0
single-regime,609,0.00715895337863333,1.0,1.0
unpartitioned-two-regime,609,0.16503547907103758,1.0,1.0
context-partitioned,609,0.01277217503151342,1.0,1.0
single-regime,610,0.007259581884656789,1.0,1.0
unpartitioned-two-regime,610,0.16468053542297148,1.0,1.0
context-partitioned,610,0.007715959228963325,1.0,1.0
single-regime,611,0.006332311342606335,1.0,1.0
unpartitioned-two-regime,611,0.1666453232340476,1.0,1.0
context-partitioned,611,0.007826671235488018,1.0,1.0
single-regime,612,0.005953861889405876,1.0,1.0
unpartitioned-two-regime,612,0.1633163272594451,1.0,1.0
context-partitioned,612,0.008040407056195365,1.0,1.0
single-regime,613,0.009962036937305602,1.0,1.0
unpartitioned-two-regime,613,0.16545641566326627,1.0,1.0
context-partitioned,613,0.008542308023121432,1.0,1.0
single-regime,614,0.007677871501005857,1.0,1.0
unpartitioned-two-regime,614,0.162543425349193,1.0,1.0
context-partitioned,614,0.009183119828443614,1.0,1.0
single-regime,615,0.005998189836421131,1.0,1.0
unpartitioned-two-regime,615,0.16325767472897074,1.0,1.0
context-partitioned,615,0.008768665353464593,1.0,1.0
single-regime,616,0.004694644505786764,1.0,1.0
unpartitioned-two-regime,616,0.16667652540636257,1.0,1.0
context-partitioned,616,0.008122135208057813,1.0,1.0
single-regime,617,0.0037072362368418196,1.0,1.0
unpartitioned-two-regime,617,0.14968405623458048,1.0,0.975
context-partitioned,617,0.007720331783196743,1.0,1.0
single-regime,618,0.006243030902450226,1.0,1.0
unpartitioned-two-regime,618,0.1662066072883228,1.0,1.0
context-partitioned,618,0.010376142279782029,1.0,1.0
single-regime,619,0.004327416412940676,1.0,1.0
unpartitioned-two-regime,619,0.16676442543991085,1.0,1.0
context-partitioned,619,0.009877865700580269,1.0,1.0
single-regime,620,0.007438934227380949,1.0,1.0
unpartitioned-two-regime,620,0.16413594452574679,1.0,1.0
context-partitioned,620,0.008034930290048403,1.0,1.0
single-regime,621,0.007875230380915539,1.0,1.0
unpartitioned-two-regime,621,0.16387647690076748,1.0,1.0
context-partitioned,621,0.008896949101242824,1.0,1.0
single-regime,622,0.007400901879072135,1.0,1.0
unpartitioned-two-regime,622,0.14928985006729803,1.0,0.975
context-partitioned,622,0.00950941820831097,1.0,1.0
single-regime,623,0.005411677404554913,1.0,1.0
unpartitioned-two-regime,623,0.16407237639407882,1.0,1.0
context-partitioned,623,0.009381387732624447,1.0,1.0
single-regime,624,0.004776571799272251,1.0,1.0
unpartitioned-two-regime,624,0.16341556750197037,1.0,1.0
context-partitioned,624,0.009365004368325972,1.0,1.0
single-regime,625,0.006238947854622289,1.0,1.0
unpartitioned-two-regime,625,0.14286979666299787,1.0,0.975
context-partitioned,625,0.009388456169248487,1.0,1.0
single-regime,626,0.007593049929188889,1.0,1.0
unpartitioned-two-regime,626,0.165873083833827,1.0,1.0
context-partitioned,626,0.011441038986236392,1.0,1.0
single-regime,627,0.007145457908447086,1.0,1.0
unpartitioned-two-regime,627,0.14904863837860624,1.0,0.975
context-partitioned,627,0.007739769963423421,1.0,1.0
single-regime,628,0.004506175793157311,1.0,1.0
unpartitioned-two-regime,628,0.16478989296086205,1.0,1.0
context-partitioned,628,0.010875849706468432,1.0,1.0
single-regime,629,0.007163986528591789,1.0,1.0
unpartitioned-two-regime,629,0.14490699852727426,1.0,0.975
context-partitioned,629,0.007958947536905459,1.0,1.0
single-regime,630,0.006168715114684787,1.0,1.0
unpartitioned-two-regime,630,0.1656645852232662,1.0,1.0
context-partitioned,630,0.00966649561230716,1.0,1.0
single-regime,631,0.005616104714160418,1.0,1.0
unpartitioned-two-regime,631,0.16588100801417682,1.0,1.0
context-partitioned,631,0.008151615057117985,1.0,1.0
single-regime,632,0.0034538308043724677,1.0,1.0
unpartitioned-two-regime,632,0.1464628352531682,1.0,0.975
context-partitioned,632,0.007415891951588667,1.0,1.0
single-regime,633,0.008519519523132612,1.0,1.0
unpartitioned-two-regime,633,0.1666256850248581,1.0,1.0
context-partitioned,633,0.011570146865947735,1.0,1.0
single-regime,634,0.007825028284269356,1.0,1.0
unpartitioned-two-regime,634,0.16411711399875348,1.0,1.0
context-partitioned,634,0.005928345968518368,1.0,1.0
single-regime,635,0.0069991529476987925,1.0,1.0
unpartitioned-two-regime,635,0.1657408973961805,1.0,1.0
context-partitioned,635,0.009159513134204118,1.0,1.0
single-regime,636,0.007175765712993123,1.0,1.0
unpartitioned-two-regime,636,0.1649936232703618,1.0,1.0
context-partitioned,636,0.007375984128633144,1.0,1.0
single-regime,637,0.005653496694749999,1.0,1.0
unpartitioned-two-regime,637,0.16493052971472616,1.0,1.0
context-partitioned,637,0.008180659980345234,1.0,1.0
single-regime,638,0.005286917454690372,1.0,1.0
unpartitioned-two-regime,638,0.16626790373935216,1.0,1.0
context-partitioned,638,0.008922637314924112,1.0,1.0
single-regime,639,0.0029244243874785585,1.0,1.0
unpartitioned-two-regime,639,0.12948553971055587,1.0,0.95
context-partitioned,639,0.009129230553588228,1.0,0.975
single-regime,640,0.006764997099187555,1.0,1.0
unpartitioned-two-regime,640,0.1642515431594075,1.0,1.0
context-partitioned,640,0.008842155698971016,1.0,1.0
single-regime,641,0.005726857017852825,1.0,1.0
unpartitioned-two-regime,641,0.1653834541143648,1.0,1.0
context-partitioned,641,0.007309619343382583,1.0,1.0
single-regime,642,0.007665487724780433,1.0,1.0
unpartitioned-two-regime,642,0.16626641354015995,1.0,1.0
context-partitioned,642,0.009444008062582407,1.0,1.0
single-regime,643,0.006993374735712468,1.0,1.0
unpartitioned-two-regime,643,0.16566335260761103,1.0,1.0
context-partitioned,643,0.006863143530305297,1.0,1.0
single-regime,644,0.007757535598552487,1.0,1.0
unpartitioned-two-regime,644,0.1665104819160913,1.0,1.0
context-partitioned,644,0.009266046961166586,1.0,1.0
single-regime,645,0.005910131492325496,1.0,1.0
unpartitioned-two-regime,645,0.1654042914753087,1.0,1.0
context-partitioned,645,0.011092755391421502,1.0,1.0
single-regime,646,0.006167908014607232,1.0,1.0
unpartitioned-two-regime,646,0.14537274274395628,1.0,0.975
context-partitioned,646,0.012452590842267176,1.0,1.0
single-regime,647,0.007893097142612023,1.0,1.0
unpartitioned-two-regime,647,0.16477618177399272,1.0,1.0
context-partitioned,647,0.007453581150015806,1.0,1.0
single-regime,648,0.0052765875563313995,1.0,1.0
unpartitioned-two-regime,648,0.16434603105310816,1.0,1.0
context-partitioned,648,0.009478432385693243,1.0,1.0
single-regime,649,0.006123830996124617,1.0,1.0
unpartitioned-two-regime,649,0.14978147409752648,1.0,0.975
context-partitioned,649,0.008439827974144104,1.0,1.0
single-regime,650,0.008424081802549561,1.0,1.0
unpartitioned-two-regime,650,0.16666168005252902,1.0,1.0
context-partitioned,650,0.009072364420339141,1.0,1.0
single-regime,651,0.004021269800167096,1.0,1.0
unpartitioned-two-regime,651,0.1650113042215045,1.0,1.0
context-partitioned,651,0.007899732489630119,1.0,1.0
single-regime,652,0.0067754230736410265,1.0,1.0
unpartitioned-two-regime,652,0.14840261747309133,1.0,0.975
context-partitioned,652,0.00724210790969724,1.0,1.0
single-regime,653,0.0076437403627372625,1.0,1.0
unpartitioned-two-regime,653,0.1656218170643514,1.0,1.0
context-partitioned,653,0.011643189586486923,1.0,1.0
single-regime,654,0.003303370160772683,1.0,1.0
unpartitioned-two-regime,654,0.16465207110441268,1.0,1.0
context-partitioned,654,0.009788451368597424,1.0,1.0
single-regime,655,0.00700006207091064,1.0,1.0
unpartitioned-two-regime,655,0.16645950950688898,1.0,1.0
context-partitioned,655,0.007820090219183855,1.0,1.0
single-regime,656,0.006472935617066096,1.0,1.0
unpartitioned-two-regime,656,0.14889404997727473,1.0,0.975
context-partitioned,656,0.009858876538490305,1.0,1.0
single-regime,657,0.003396026811730677,1.0,1.0
unpartitioned-two-regime,657,0.16324913159618465,1.0,1.0
context-partitioned,657,0.006091500252517994,1.0,1.0
single-regime,658,0.006220510092357741,1.0,1.0
unpartitioned-two-regime,658,0.16354534345374497,1.0,0.95
context-partitioned,658,0.008309735677565612,1.0,1.0
single-regime,659,0.005578372115209299,1.0,1.0
unpartitioned-two-regime,659,0.16602466923828568,1.0,1.0
context-partitioned,659,0.007600663129953012,1.0,1.0
single-regime,660,0.007003524451654085,1.0,1.0
unpartitioned-two-regime,660,0.14750869824505977,1.0,0.975
context-partitioned,660,0.00751506549403793,1.0,1.0
single-regime,661,0.0055971061609646775,1.0,1.0
unpartitioned-two-regime,661,0.14592098676644769,1.0,0.975
context-partitioned,661,0.00894833092012572,1.0,1.0
single-regime,662,0.006026444482707627,1.0,1.0
unpartitioned-two-regime,662,0.1510170120056447,1.0,0.975
context-partitioned,662,0.00772265259533563,1.0,1.0
single-regime,663,0.006864494807384016,1.0,1.0
unpartitioned-two-regime,663,0.16654096485835104,1.0,1.0
context-partitioned,663,0.007874755625256545,1.0,1.0
single-regime,664,0.006223237375612463,1.0,1.0
unpartitioned-two-regime,664,0.16535431841326084,1.0,1.0
context-partitioned,664,0.01077089712622157,1.0,1.0
single-regime,665,0.005821347401680819,1.0,1.0
unpartitioned-two-regime,665,0.16626674727334623,1.0,1.0
context-partitioned,665,0.009848903192211926,1.0,1.0
single-regime,666,0.00529588080153414,1.0,1.0
unpartitioned-two-regime,666,0.16517498076810389,1.0,1.0
context-partitioned,666,0.008634772756312642,1.0,1.0
single-regime,667,0.005486437569551296,1.0,1.0
unpartitioned-two-regime,667,0.16568063169011057,1.0,1.0
context-partitioned,667,0.011063652251920067,1.0,1.0
single-regime,668,0.0055435530658463905,1.0,1.0
unpartitioned-two-regime,668,0.1661525464648599,1.0,1.0
context-partitioned,668,0.009407632833652644,1.0,1.0
single-regime,669,0.005638355384102649,1.0,1.0
unpartitioned-two-regime,669,0.16651512474313557,1.0,1.0
context-partitioned,669,0.008545877457754026,1.0,1.0
single-regime,670,0.004810916826572515,1.0,1.0
unpartitioned-two-regime,670,0.16512740105879015,1.0,1.0
context-partitioned,670,0.008470244942529633,1.0,1.0
single-regime,671,0.007169703016486788,1.0,1.0
unpartitioned-two-regime,671,0.16322114437208193,1.0,1.0
context-partitioned,671,0.009302171215557107,1.0,1.0
single-regime,672,0.004270489613302599,1.0,1.0
unpartitioned-two-regime,672,0.16671233700093288,1.0,1.0
context-partitioned,672,0.007789512385599943,1.0,1.0
single-regime,673,0.007672341956199198,1.0,1.0
unpartitioned-two-regime,673,0.16517013768930186,1.0,1.0
context-partitioned,673,0.00657989658345299,1.0,1.0
single-regime,674,0.00999686596840079,1.0,1.0
unpartitioned-two-regime,674,0.15106228796964763,1.0,0.975
context-partitioned,674,0.007405001281882252,1.0,1.0
single-regime,675,0.007054044368635077,1.0,1.0
unpartitioned-two-regime,675,0.16630053798922026,1.0,1.0
context-partitioned,675,0.01083687581630095,1.0,1.0
single-regime,676,0.0058147886352620795,1.0,1.0
unpartitioned-two-regime,676,0.1646986952890945,1.0,1.0
context-partitioned,676,0.007007243546831276,1.0,1.0
single-regime,677,0.006897197839490117,1.0,1.0
unpartitioned-two-regime,677,0.16452620626046258,1.0,1.0
context-partitioned,677,0.00817764494618882,1.0,1.0
single-regime,678,0.007529617149894097,1.0,1.0
unpartitioned-two-regime,678,0.16494081305364228,1.0,1.0
context-partitioned,678,0.009716685281743707,1.0,1.0
single-regime,679,0.004757722434478286,1.0,1.0
unpartitioned-two-regime,679,0.14433144842986612,1.0,0.975
context-partitioned,679,0.011266015328054942,1.0,1.0
single-regime,680,0.006779406463597351,1.0,1.0
unpartitioned-two-regime,680,0.1653277438393632,1.0,1.0
context-partitioned,680,0.007757354448909085,1.0,1.0
single-regime,681,0.007628859022696631,1.0,1.0
unpartitioned-two-regime,681,0.16591435333428872,1.0,1.0
context-partitioned,681,0.009366480788951248,1.0,1.0
single-regime,682,0.005744530639997442,1.0,1.0
unpartitioned-two-regime,682,0.146882272231729,1.0,0.975
context-partitioned,682,0.009084761521825873,1.0,1.0
single-regime,683,0.006457558265073343,1.0,1.0
unpartitioned-two-regime,683,0.15070587039252628,1.0,0.975
context-partitioned,683,0.009257848368886174,1.0,1.0
single-regime,684,0.005470601845168754,1.0,1.0
unpartitioned-two-regime,684,0.1447767810176761,1.0,0.975
context-partitioned,684,0.010944149533227789,1.0,1.0
single-regime,685,0.006293651656343639,1.0,1.0
unpartitioned-two-regime,685,0.16455472400823862,1.0,1.0
context-partitioned,685,0.008152101936581078,1.0,1.0
single-regime,686,0.0066778487515100704,1.0,1.0
unpartitioned-two-regime,686,0.16516637908016105,1.0,1.0
context-partitioned,686,0.006613483733966241,1.0,1.0
single-regime,687,0.00476242858920474,1.0,1.0
unpartitioned-two-regime,687,0.16673000100147162,1.0,1.0
context-partitioned,687,0.009472251822332646,1.0,1.0
single-regime,688,0.004854254721698524,1.0,1.0
unpartitioned-two-regime,688,0.1627404044285197,1.0,1.0
context-partitioned,688,0.009930335576638456,1.0,1.0
single-regime,689,0.0058836998092008826,1.0,1.0
unpartitioned-two-regime,689,0.16640819667782672,1.0,1.0
context-partitioned,689,0.007854621817784898,1.0,1.0
single-regime,690,0.007537772366093799,1.0,1.0
unpartitioned-two-regime,690,0.1502225236587296,1.0,0.975
context-partitioned,690,0.007068472069090325,1.0,1.0
single-regime,691,0.007100972107851429,1.0,1.0
unpartitioned-two-regime,691,0.16204462191761346,1.0,1.0
context-partitioned,691,0.00901875836494828,1.0,1.0
single-regime,692,0.005267151407272047,1.0,1.0
unpartitioned-two-regime,692,0.1667618289824682,1.0,1.0
context-partitioned,692,0.010847007042920704,1.0,1.0
single-regime,693,0.005444458579737178,1.0,1.0
unpartitioned-two-regime,693,0.16678105499525323,1.0,1.0
context-partitioned,693,0.00918018233972475,1.0,1.0
single-regime,694,0.005009937178379995,1.0,1.0
unpartitioned-two-regime,694,0.16633512872347275,1.0,1.0
context-partitioned,694,0.0077806020205867105,1.0,1.0
single-regime,695,0.006838122473295848,1.0,1.0
unpartitioned-two-regime,695,0.16601420464873515,1.0,1.0
context-partitioned,695,0.008572579355806308,1.0,1.0
single-regime,696,0.005231671944251633,1.0,1.0
unpartitioned-two-regime,696,0.16302549655329632,1.0,1.0
context-partitioned,696,0.010344846391877039,1.0,1.0
single-regime,697,0.00643775940188377,1.0,1.0
unpartitioned-two-regime,697,0.16414458256930445,1.0,1.0
context-partitioned,697,0.009138097957501964,1.0,1.0
single-regime,698,0.007996879746409743,1.0,1.0
unpartitioned-two-regime,698,0.16480456437833113,1.0,1.0
context-partitioned,698,0.011492439810945563,1.0,1.0
single-regime,699,0.006057807770595689,1.0,1.0
unpartitioned-two-regime,699,0.16346552514850415,1.0,1.0
context-partitioned,699,0.009295831895367947,1.0,1.0
single-regime,700,0.0035060691789415947,1.0,1.0
unpartitioned-two-regime,700,0.1628244277412524,1.0,1.0
context-partitioned,700,0.0066294259301109045,1.0,1.0
single-regime,701,0.005733703950669828,1.0,1.0
unpartitioned-two-regime,701,0.14844743715937772,1.0,0.975
context-partitioned,701,0.012688484225317005,1.0,1.0
single-regime,702,0.006877761414788279,1.0,1.0
unpartitioned-two-regime,702,0.14601733506748202,1.0,0.975
context-partitioned,702,0.008179607557114608,1.0,1.0
single-regime,703,0.00791546728393415,1.0,1.0
unpartitioned-two-regime,703,0.14733707597121945,1.0,0.975
context-partitioned,703,0.011113484128699003,1.0,1.0
single-regime,704,0.0030434533441078995,1.0,1.0
unpartitioned-two-regime,704,0.16262966680923707,1.0,1.0
context-partitioned,704,0.01248196027201514,1.0,1.0
single-regime,705,0.00746227830641909,1.0,1.0
unpartitioned-two-regime,705,0.16404249878480745,1.0,1.0
context-partitioned,705,0.006513258236311461,1.0,1.0
single-regime,706,0.0043115310083537165,1.0,1.0
unpartitioned-two-regime,706,0.16175450675242073,1.0,1.0
context-partitioned,706,0.008741216349976466,1.0,1.0
single-regime,707,0.006903712099548984,1.0,1.0
unpartitioned-two-regime,707,0.16549155682164277,1.0,1.0
context-partitioned,707,0.0072935797848958425,1.0,1.0
single-regime,708,0.004989466158985783,1.0,1.0
unpartitioned-two-regime,708,0.16311267699566154,1.0,1.0
context-partitioned,708,0.0079417352271021,1.0,1.0
single-regime,709,0.0058519771628814665,1.0,1.0
unpartitioned-two-regime,709,0.15203572381074262,1.0,0.975
context-partitioned,709,0.008141433187594397,1.0,1.0
single-regime,710,0.004974815693783033,1.0,1.0
unpartitioned-two-regime,710,0.1525748113314121,1.0,0.975
context-partitioned,710,0.009249926215353137,1.0,1.0
single-regime,711,0.008029818371517417,1.0,1.0
unpartitioned-two-regime,711,0.16345909661505922,1.0,1.0
context-partitioned,711,0.008489130908749254,1.0,1.0
single-regime,712,0.004732263913283755,1.0,1.0
unpartitioned-two-regime,712,0.16423056208702466,1.0,1.0
context-partitioned,712,0.008013578318456189,1.0,1.0
single-regime,713,0.007405358480244988,1.0,1.0
unpartitioned-two-regime,713,0.16583947155797749,1.0,1.0
context-partitioned,713,0.008568766450077439,1.0,1.0
single-regime,714,0.005504339478662963,1.0,1.0
unpartitioned-two-regime,714,0.1664083780821245,1.0,1.0
context-partitioned,714,0.00915772280860511,1.0,1.0
single-regime,715,0.006430751888779774,1.0,1.0
unpartitioned-two-regime,715,0.1658220861497759,1.0,1.0
context-partitioned,715,0.008351350225646965,1.0,1.0
single-regime,716,0.005495293141244292,1.0,1.0
unpartitioned-two-regime,716,0.16495627339409688,1.0,1.0
context-partitioned,716,0.008679553807691621,1.0,1.0
single-regime,717,0.005932029375377613,1.0,1.0
unpartitioned-two-regime,717,0.14897630359169065,1.0,0.975
context-partitioned,717,0.01165830556650342,1.0,1.0
single-regime,718,0.007230598817738066,1.0,1.0
unpartitioned-two-regime,718,0.14798651835943283,1.0,0.975
context-partitioned,718,0.00720583772438789,1.0,1.0
single-regime,719,0.006775486291298282,1.0,1.0
unpartitioned-two-regime,719,0.1657211280304236,1.0,1.0
context-partitioned,719,0.00685931620622417,1.0,1.0
single-regime,720,0.006534387019014001,1.0,1.0
unpartitioned-two-regime,720,0.1655828747248544,1.0,1.0
context-partitioned,720,0.009522980572826238,1.0,0.975
single-regime,721,0.0023181669568995552,1.0,1.0
unpartitioned-two-regime,721,0.1663982252718273,1.0,1.0
context-partitioned,721,0.004952248987973181,1.0,1.0
single-regime,722,0.005261015155220373,1.0,1.0
unpartitioned-two-regime,722,0.16430389517738772,1.0,1.0
context-partitioned,722,0.006704199857337244,1.0,1.0
single-regime,723,0.005634599396331148,1.0,1.0
unpartitioned-two-regime,723,0.14929040169010951,1.0,0.975
context-partitioned,723,0.008837079755767967,1.0,1.0
single-regime,724,0.00979701249657848,1.0,1.0
unpartitioned-two-regime,724,0.16486885569981377,1.0,1.0
context-partitioned,724,0.007250280042860902,1.0,1.0
single-regime,725,0.0030716920847596897,1.0,1.0
unpartitioned-two-regime,725,0.16514183385315725,1.0,1.0
context-partitioned,725,0.009127363857233704,1.0,1.0
single-regime,726,0.009488025957102396,1.0,1.0
unpartitioned-two-regime,726,0.1470593843627184,1.0,0.975
context-partitioned,726,0.009265000383545781,1.0,1.0
single-regime,727,0.007539662007223863,1.0,1.0
unpartitioned-two-regime,727,0.16507760063774304,1.0,1.0
context-partitioned,727,0.009677256192340397,1.0,1.0
single-regime,728,0.004487530632673208,1.0,1.0
unpartitioned-two-regime,728,0.14547806185730336,1.0,0.975
context-partitioned,728,0.007854083934986522,1.0,1.0
single-regime,729,0.00475798103112107,1.0,1.0
unpartitioned-two-regime,729,0.166593836782622,1.0,1.0
context-partitioned,729,0.008088818175921081,1.0,1.0
single-regime,730,0.004972529541714753,1.0,1.0
unpartitioned-two-regime,730,0.16645474133309537,1.0,1.0
context-partitioned,730,0.00850102837668084,1.0,1.0
single-regime,731,0.0041774404458199445,1.0,1.0
unpartitioned-two-regime,731,0.1482472000283878,1.0,0.975
context-partitioned,731,0.0074485894659452375,1.0,1.0
single-regime,732,0.00548227862829126,1.0,1.0
unpartitioned-two-regime,732,0.16140992843471022,1.0,1.0
context-partitioned,732,0.008593571348995962,1.0,1.0
single-regime,733,0.005142530427470599,1.0,1.0
unpartitioned-two-regime,733,0.132983940896417,1.0,0.95
context-partitioned,733,0.008383889552840943,1.0,1.0
single-regime,734,0.0043512183105131365,1.0,1.0
unpartitioned-two-regime,734,0.16436520727570472,1.0,1.0
context-partitioned,734,0.0068380621483550095,1.0,1.0
single-regime,735,0.0058229331203426505,1.0,1.0
unpartitioned-two-regime,735,0.15317724213627132,1.0,0.975
context-partitioned,735,0.008542124646237968,1.0,1.0
single-regime,736,0.00624488996774424,1.0,1.0
unpartitioned-two-regime,736,0.16513360653152814,1.0,1.0
context-partitioned,736,0.009089198217210371,1.0,1.0
single-regime,737,0.006453166786538858,1.0,1.0
unpartitioned-two-regime,737,0.16616861741436845,1.0,1.0
context-partitioned,737,0.00762811965176365,1.0,1.0
single-regime,738,0.007172880572621853,1.0,1.0
unpartitioned-two-regime,738,0.1646668249028231,1.0,1.0
context-partitioned,738,0.010061002294963782,1.0,1.0
single-regime,739,0.007007728798936182,1.0,1.0
unpartitioned-two-regime,739,0.16351521796830726,1.0,1.0
context-partitioned,739,0.00844043093053199,1.0,1.0
single-regime,740,0.005851122265973904,1.0,1.0
unpartitioned-two-regime,740,0.15058526993802887,1.0,0.975
context-partitioned,740,0.007120140180703373,1.0,1.0
single-regime,741,0.005512321693256134,1.0,1.0
unpartitioned-two-regime,741,0.16397364166348757,1.0,1.0
context-partitioned,741,0.008331921068162721,1.0,1.0
single-regime,742,0.007484786034533796,1.0,1.0
unpartitioned-two-regime,742,0.14999360122979707,1.0,0.975
context-partitioned,742,0.007253823106820252,1.0,1.0
single-regime,743,0.006561130285854921,1.0,1.0
unpartitioned-two-regime,743,0.16426668341625447,1.0,1.0
context-partitioned,743,0.010061733256094345,1.0,1.0
single-regime,744,0.005511736133006596,1.0,1.0
unpartitioned-two-regime,744,0.1665255690934012,1.0,1.0
context-partitioned,744,0.006817268620651783,1.0,1.0
single-regime,745,0.0070790892781429325,1.0,1.0
unpartitioned-two-regime,745,0.16621874417504398,1.0,1.0
context-partitioned,745,0.009030444505342284,1.0,1.0
single-regime,746,0.007014166152310323,1.0,1.0
unpartitioned-two-regime,746,0.16267310233414914,1.0,1.0
context-partitioned,746,0.009300855923072771,1.0,1.0
single-regime,747,0.0067243513198492234,1.0,1.0
unpartitioned-two-regime,747,0.1532867260664518,1.0,0.975
context-partitioned,747,0.011229082093254199,1.0,1.0
single-regime,748,0.0065878677776648785,1.0,1.0
unpartitioned-two-regime,748,0.1656212116551418,1.0,1.0
context-partitioned,748,0.009238024884410338,1.0,1.0
single-regime,749,0.004473924795253866,1.0,1.0
unpartitioned-two-regime,749,0.14454235511068395,1.0,0.975
context-partitioned,749,0.008201328840341564,1.0,1.0
single-regime,750,0.006742762479904637,1.0,1.0
unpartitioned-two-regime,750,0.16385718613106204,1.0,1.0
context-partitioned,750,0.008669913222212451,1.0,1.0
single-regime,751,0.006503452180394671,1.0,1.0
unpartitioned-two-regime,751,0.1656557205797013,1.0,1.0
context-partitioned,751,0.008456723516610165,1.0,1.0
single-regime,752,0.006699320778175744,1.0,1.0
unpartitioned-two-regime,752,0.16544924695826344,1.0,1.0
context-partitioned,752,0.009578987890757553,1.0,1.0
single-regime,753,0.006984733758814453,1.0,1.0
unpartitioned-two-regime,753,0.1658093890015075,1.0,1.0
context-partitioned,753,0.008387865040921231,1.0,1.0
single-regime,754,0.004633714223941847,1.0,1.0
unpartitioned-two-regime,754,0.14658375234170934,1.0,0.975
context-partitioned,754,0.011594561238488264,1.0,1.0
single-regime,755,0.003071126326661658,1.0,1.0
unpartitioned-two-regime,755,0.16605907450637533,1.0,1.0
context-partitioned,755,0.009986334456669032,1.0,0.975
single-regime,756,0.007590065190700379,1.0,1.0
unpartitioned-two-regime,756,0.16578764345292982,1.0,1.0
context-partitioned,756,0.00773561814266189,1.0,1.0
single-regime,757,0.006710603026269468,1.0,1.0
unpartitioned-two-regime,757,0.13448436482076817,1.0,0.95
context-partitioned,757,0.008888375689787025,1.0,1.0
single-regime,758,0.006826485087852563,1.0,1.0
unpartitioned-two-regime,758,0.16667230961580645,1.0,1.0
context-partitioned,758,0.00748006021311629,1.0,1.0
single-regime,759,0.003760336373369413,1.0,1.0
unpartitioned-two-regime,759,0.16472004444923413,1.0,1.0
context-partitioned,759,0.007662557482796119,1.0,1.0
single-regime,760,0.006454789478972525,1.0,1.0
unpartitioned-two-regime,760,0.16514552942029148,1.0,1.0
context-partitioned,760,0.008262557492018985,1.0,1.0
single-regime,761,0.004030214992298828,1.0,1.0
unpartitioned-two-regime,761,0.1451372960176962,1.0,0.975
context-partitioned,761,0.008466473652665795,1.0,1.0
single-regime,762,0.007268540255336713,1.0,1.0
unpartitioned-two-regime,762,0.1475200427473923,1.0,0.975
context-partitioned,762,0.010693058179791036,1.0,1.0
single-regime,763,0.005288253973791321,1.0,1.0
unpartitioned-two-regime,763,0.16553285416996152,1.0,1.0
context-partitioned,763,0.008761669357651582,1.0,1.0
single-regime,764,0.0072939971683322466,1.0,1.0
unpartitioned-two-regime,764,0.1635578360348224,1.0,1.0
context-partitioned,764,0.011537024225089593,1.0,1.0
single-regime,765,0.00430779667184633,1.0,1.0
unpartitioned-two-regime,765,0.16603975828519035,1.0,1.0
context-partitioned,765,0.008330055425925022,1.0,1.0
single-regime,766,0.0073495980673490245,1.0,1.0
unpartitioned-two-regime,766,0.16648843666087254,1.0,1.0
context-partitioned,766,0.010644710335058576,1.0,1.0
single-regime,767,0.005750799158290839,1.0,1.0
unpartitioned-two-regime,767,0.16591270503535158,1.0,1.0
context-partitioned,767,0.007874491537355413,1.0,1.0
single-regime,768,0.0057803346778322615,1.0,1.0
unpartitioned-two-regime,768,0.16580568586537714,1.0,1.0
context-partitioned,768,0.007512687996371453,1.0,1.0
single-regime,769,0.006896071379535567,1.0,1.0
unpartitioned-two-regime,769,0.1660356650779806,1.0,1.0
context-partitioned,769,0.005717403404677192,1.0,1.0
single-regime,770,0.006832333668510261,1.0,1.0
unpartitioned-two-regime,770,0.1618213652572176,1.0,1.0
context-partitioned,770,0.009437435220263676,1.0,1.0
single-regime,771,0.00399493623611912,1.0,1.0
unpartitioned-two-regime,771,0.16473719525815025,1.0,1.0
context-partitioned,771,0.01007640940295268,1.0,1.0
single-regime,772,0.005304892750483914,1.0,1.0
unpartitioned-two-regime,772,0.1643993279993519,1.0,1.0
context-partitioned,772,0.010081811152689149,1.0,1.0
single-regime,773,0.0035633192531966886,1.0,1.0
unpartitioned-two-regime,773,0.16618359139081598,1.0,1.0
context-partitioned,773,0.0071837495760411,1.0,1.0
single-regime,774,0.008508055792957188,1.0,1.0
unpartitioned-two-regime,774,0.16589227502088852,1.0,1.0
context-partitioned,774,0.00805329564023092,1.0,1.0
single-regime,775,0.008220731324618069,1.0,1.0
unpartitioned-two-regime,775,0.14765698191075027,1.0,0.975
context-partitioned,775,0.0076860737078913305,1.0,1.0
single-regime,776,0.006391914320876904,1.0,1.0
unpartitioned-two-regime,776,0.15198800702846393,1.0,0.975
context-partitioned,776,0.009465759946443532,1.0,1.0
single-regime,777,0.007208872899810193,1.0,1.0
unpartitioned-two-regime,777,0.16431621649133482,1.0,1.0
context-partitioned,777,0.008537848324216009,1.0,1.0
single-regime,778,0.0035434452238043263,1.0,1.0
unpartitioned-two-regime,778,0.16490396142599792,1.0,1.0
context-partitioned,778,0.006177412661589751,1.0,1.0
single-regime,779,0.007210540452370619,1.0,1.0
unpartitioned-two-regime,779,0.16609853679303713,1.0,1.0
context-partitioned,779,0.007397999105546175,1.0,1.0
single-regime,780,0.004058834217532756,1.0,1.0
unpartitioned-two-regime,780,0.14641436108780184,1.0,0.975
context-partitioned,780,0.008001934573825207,1.0,1.0
single-regime,781,0.00710254906924419,1.0,1.0
unpartitioned-two-regime,781,0.14697625695729435,1.0,0.975
context-partitioned,781,0.008929493224119369,1.0,1.0
single-regime,782,0.00714999235520622,1.0,1.0
unpartitioned-two-regime,782,0.1484838644987983,1.0,0.975
context-partitioned,782,0.01145713273404142,1.0,1.0
single-regime,783,0.004088429378287122,1.0,1.0
unpartitioned-two-regime,783,0.16495865244188865,1.0,1.0
context-partitioned,783,0.010185309225376695,1.0,1.0
single-regime,784,0.00794054453571084,1.0,1.0
unpartitioned-two-regime,784,0.16432046049867446,1.0,1.0
context-partitioned,784,0.007006788600431105,1.0,1.0
single-regime,785,0.006821518534804508,1.0,1.0
unpartitioned-two-regime,785,0.14664468792054697,1.0,0.975
context-partitioned,785,0.011222510970705504,1.0,1.0
single-regime,786,0.006193005552181183,1.0,1.0
unpartitioned-two-regime,786,0.16645235709898062,1.0,1.0
context-partitioned,786,0.009460553247909554,1.0,1.0
single-regime,787,0.0071169599663924365,1.0,1.0
unpartitioned-two-regime,787,0.1627250593107906,1.0,1.0
context-partitioned,787,0.006628836662598457,1.0,1.0
single-regime,788,0.010979885847877667,1.0,1.0
unpartitioned-two-regime,788,0.16545034314745355,1.0,1.0
context-partitioned,788,0.008731510594785972,1.0,1.0
single-regime,789,0.00399561749309668,1.0,1.0
unpartitioned-two-regime,789,0.16380551032447124,1.0,1.0
context-partitioned,789,0.012277613646646326,1.0,0.975
single-regime,790,0.00464864473140155,1.0,1.0
unpartitioned-two-regime,790,0.16667756483276305,1.0,1.0
context-partitioned,790,0.0076020592586851935,1.0,1.0
single-regime,791,0.006071286266058687,1.0,1.0
unpartitioned-two-regime,791,0.16487331686223897,1.0,1.0
context-partitioned,791,0.007463695750354562,1.0,1.0
single-regime,792,0.007311917147382462,1.0,1.0
unpartitioned-two-regime,792,0.16486622133458734,1.0,1.0
context-partitioned,792,0.008434646608219368,1.0,1.0
single-regime,793,0.004483260998311028,1.0,1.0
unpartitioned-two-regime,793,0.16508905088851972,1.0,1.0
context-partitioned,793,0.011175893411178285,1.0,1.0
single-regime,794,0.008220072342658114,1.0,1.0
unpartitioned-two-regime,794,0.16603455746115495,1.0,1.0
context-partitioned,794,0.008264168918955803,1.0,1.0
single-regime,795,0.00708575171550331,1.0,1.0
unpartitioned-two-regime,795,0.16556457473848138,1.0,1.0
context-partitioned,795,0.008863244909729923,1.0,1.0
single-regime,796,0.0055589374505551166,1.0,1.0
unpartitioned-two-regime,796,0.16509275710384536,1.0,1.0
context-partitioned,796,0.01009021897588852,1.0,1.0
single-regime,797,0.007959466774103146,1.0,1.0
unpartitioned-two-regime,797,0.16661677558165403,1.0,1.0
context-partitioned,797,0.008899130059389334,1.0,1.0
single-regime,798,0.0050796927566957245,1.0,1.0
unpartitioned-two-regime,798,0.16371741631801998,1.0,1.0
context-partitioned,798,0.008168821204161859,1.0,1.0
single-regime,799,0.003706238453610848,1.0,1.0
unpartitioned-two-regime,799,0.16552805846259835,1.0,1.0
context-partitioned,799,0.00855845382993232,1.0,1.0
single-regime,800,0.0055688572693610265,1.0,1.0
unpartitioned-two-regime,800,0.16477298926844303,1.0,1.0
context-partitioned,800,0.007778803999320865,1.0,1.0
single-regime,801,0.006688662870804016,1.0,1.0
unpartitioned-two-regime,801,0.1493021450169495,1.0,0.975
context-partitioned,801,0.008707360601795914,1.0,1.0
single-regime,802,0.008212821407832041,1.0,1.0
unpartitioned-two-regime,802,0.1629961906538083,1.0,1.0
context-partitioned,802,0.010888715316482665,1.0,1.0
single-regime,803,0.0060521836065893135,1.0,1.0
unpartitioned-two-regime,803,0.16396740738947507,1.0,1.0
context-partitioned,803,0.00837826256927884,1.0,1.0
single-regime,804,0.004777760812026624,1.0,1.0
unpartitioned-two-regime,804,0.14844342108111616,1.0,0.975
context-partitioned,804,0.006605939604117685,1.0,1.0
single-regime,805,0.005847821695994455,1.0,1.0
unpartitioned-two-regime,805,0.16446849379763684,1.0,1.0
context-partitioned,805,0.007011646969204896,1.0,1.0
single-regime,806,0.004841770064494333,1.0,1.0
unpartitioned-two-regime,806,0.16087887801229153,1.0,1.0
context-partitioned,806,0.008987531143653252,1.0,1.0
single-regime,807,0.004683410433127841,1.0,1.0
unpartitioned-two-regime,807,0.16420887866730752,1.0,1.0
context-partitioned,807,0.011191801100086024,1.0,1.0
single-regime,808,0.00759397706189151,1.0,1.0
unpartitioned-two-regime,808,0.14925619295924802,1.0,0.975
context-partitioned,808,0.00983595026928258,1.0,1.0
single-regime,809,0.005984344802436369,1.0,1.0
unpartitioned-two-regime,809,0.16543898883779679,1.0,1.0
context-partitioned,809,0.00847924205318341,1.0,1.0
single-regime,810,0.0064473944159868,1.0,1.0
unpartitioned-two-regime,810,0.16546230500096967,1.0,1.0
context-partitioned,810,0.010215218024400022,1.0,1.0
single-regime,811,0.004558480622866842,1.0,1.0
unpartitioned-two-regime,811,0.1656729656437392,1.0,1.0
context-partitioned,811,0.010282603252145493,1.0,1.0
single-regime,812,0.004351041462792505,1.0,1.0
unpartitioned-two-regime,812,0.1663034560881579,1.0,1.0
context-partitioned,812,0.009789785573123025,1.0,1.0
single-regime,813,0.005740283720722948,1.0,1.0
unpartitioned-two-regime,813,0.16472102999163138,1.0,1.0
context-partitioned,813,0.006496477152212802,1.0,1.0
single-regime,814,0.008807871783491697,1.0,1.0
unpartitioned-two-regime,814,0.16238092059455858,1.0,1.0
context-partitioned,814,0.006565509642332885,1.0,1.0
single-regime,815,0.007492818676557904,1.0,1.0
unpartitioned-two-regime,815,0.1642709093820939,1.0,1.0
context-partitioned,815,0.009211822738177434,1.0,1.0
single-regime,816,0.007213324177491352,1.0,1.0
unpartitioned-two-regime,816,0.16494635203397065,1.0,1.0
context-partitioned,816,0.0067306596847878045,1.0,1.0
single-regime,817,0.005518382966680579,1.0,1.0
unpartitioned-two-regime,817,0.16545731873962935,1.0,1.0
context-partitioned,817,0.01097245894983251,1.0,1.0
single-regime,818,0.007654427273133489,1.0,1.0
unpartitioned-two-regime,818,0.14788129655999516,1.0,0.975
context-partitioned,818,0.00938561817301896,1.0,1.0
single-regime,819,0.006732034517184034,1.0,1.0
unpartitioned-two-regime,819,0.16667405047893205,1.0,1.0
context-partitioned,819,0.011538159132568289,1.0,1.0
single-regime,820,0.005626769965624332,1.0,1.0
unpartitioned-two-regime,820,0.16428911808053512,1.0,1.0
context-partitioned,820,0.009615575175108044,1.0,1.0
single-regime,821,0.004843781659841927,1.0,1.0
unpartitioned-two-regime,821,0.16580369583401675,1.0,1.0
context-partitioned,821,0.008216541113771089,1.0,1.0
single-regime,822,0.005776256968078139,1.0,1.0
unpartitioned-two-regime,822,0.1498025555617137,1.0,0.975
context-partitioned,822,0.008951645928802035,1.0,1.0
single-regime,823,0.0031895794908483725,1.0,1.0
unpartitioned-two-regime,823,0.16543929290796294,1.0,1.0
context-partitioned,823,0.007852181075841496,1.0,1.0
single-regime,824,0.0053336705421738245,1.0,1.0
unpartitioned-two-regime,824,0.14831598051126393,1.0,0.975
context-partitioned,824,0.00959325763816649,1.0,1.0
single-regime,825,0.005357235847634424,1.0,1.0
unpartitioned-two-regime,825,0.1660912330321379,1.0,1.0
context-partitioned,825,0.009750661445697646,1.0,1.0
single-regime,826,0.008692969136266408,1.0,1.0
unpartitioned-two-regime,826,0.16503062703148969,1.0,1.0
context-partitioned,826,0.009291576962464257,1.0,1.0
single-regime,827,0.007083855410046675,1.0,1.0
unpartitioned-two-regime,827,0.1513588683170153,1.0,0.975
context-partitioned,827,0.008543413689280311,1.0,1.0
single-regime,828,0.007153320767936327,1.0,1.0
unpartitioned-two-regime,828,0.14813609848339507,1.0,0.975
context-partitioned,828,0.01109483529180957,1.0,1.0
single-regime,829,0.00490088145677304,1.0,1.0
unpartitioned-two-regime,829,0.16579408674704638,1.0,1.0
context-partitioned,829,0.008797931625071208,1.0,1.0
single-regime,830,0.006168679020074831,1.0,1.0
unpartitioned-two-regime,830,0.16606920433016875,1.0,1.0
context-partitioned,830,0.008298110841131466,1.0,1.0
single-regime,831,0.0053625381635456345,1.0,1.0
unpartitioned-two-regime,831,0.16231424114945836,1.0,1.0
context-partitioned,831,0.010014008781904987,1.0,1.0
single-regime,832,0.0065205785977069134,1.0,1.0
unpartitioned-two-regime,832,0.16575782276814346,1.0,1.0
context-partitioned,832,0.005153529774055391,1.0,1.0
single-regime,833,0.006233257946887707,1.0,1.0
unpartitioned-two-regime,833,0.1471983956586981,1.0,0.975
context-partitioned,833,0.009454758016650442,1.0,1.0
single-regime,834,0.004563532889023354,1.0,1.0
unpartitioned-two-regime,834,0.16464645809889394,1.0,1.0
context-partitioned,834,0.007870972656650078,1.0,1.0
single-regime,835,0.005555300499603055,1.0,1.0
unpartitioned-two-regime,835,0.1489483246060669,1.0,0.975
context-partitioned,835,0.00820115107534302,1.0,1.0
single-regime,836,0.004078272739714952,1.0,1.0
unpartitioned-two-regime,836,0.16458008907401805,1.0,1.0
context-partitioned,836,0.012742411117122815,1.0,1.0
single-regime,837,0.0038974449039993002,1.0,1.0
unpartitioned-two-regime,837,0.16294157918312285,1.0,1.0
context-partitioned,837,0.009328481481705859,1.0,1.0
single-regime,838,0.004773833751402379,1.0,1.0
unpartitioned-two-regime,838,0.16437528439229387,1.0,1.0
context-partitioned,838,0.007175312555869593,1.0,1.0
single-regime,839,0.005485183769559224,1.0,1.0
unpartitioned-two-regime,839,0.14914402203844676,1.0,0.975
context-partitioned,839,0.007443238428389067,1.0,1.0
single-regime,840,0.007578271543702288,1.0,1.0
unpartitioned-two-regime,840,0.164408360148976,1.0,1.0
context-partitioned,840,0.005132652064426639,1.0,1.0
single-regime,841,0.009681519287522042,1.0,1.0
unpartitioned-two-regime,841,0.16592160127592817,1.0,1.0
context-partitioned,841,0.007402081147187886,1.0,1.0
single-regime,842,0.006554241463948291,1.0,1.0
unpartitioned-two-regime,842,0.16511084445933832,1.0,1.0
context-partitioned,842,0.006881240556869176,1.0,1.0
single-regime,843,0.007714776792151288,1.0,1.0
unpartitioned-two-regime,843,0.16287915341707726,1.0,1.0
context-partitioned,843,0.009940718256868106,1.0,1.0
single-regime,844,0.004748565638090787,1.0,1.0
unpartitioned-two-regime,844,0.16251334054045388,1.0,1.0
context-partitioned,844,0.011271881284710066,1.0,1.0
single-regime,845,0.007097078844612367,1.0,1.0
unpartitioned-two-regime,845,0.16479190634575774,1.0,1.0
context-partitioned,845,0.007610060368382265,1.0,1.0
single-regime,846,0.007900933189964982,1.0,1.0
unpartitioned-two-regime,846,0.1640736843609411,1.0,1.0
context-partitioned,846,0.007692309144973979,1.0,1.0
single-regime,847,0.007175274432750049,1.0,1.0
unpartitioned-two-regime,847,0.1455303497517236,1.0,0.975
context-partitioned,847,0.008303574242503532,1.0,1.0
single-regime,848,0.0074012315103486005,1.0,1.0
unpartitioned-two-regime,848,0.16420667686319712,1.0,1.0
context-partitioned,848,0.007072164845177472,1.0,1.0
single-regime,849,0.007307640146116865,1.0,1.0
unpartitioned-two-regime,849,0.16576929800279722,1.0,1.0
context-partitioned,849,0.00960605630041492,1.0,1.0
single-regime,850,0.006227071874070753,1.0,1.0
unpartitioned-two-regime,850,0.1660264822479064,1.0,1.0
context-partitioned,850,0.009147679315414393,1.0,1.0
single-regime,851,0.008524921311924569,1.0,1.0
unpartitioned-two-regime,851,0.1661380952324468,1.0,1.0
context-partitioned,851,0.009017212856465492,1.0,1.0
single-regime,852,0.006859332556877688,1.0,1.0
unpartitioned-two-regime,852,0.14961021896086915,1.0,0.975
context-partitioned,852,0.010702372611433019,1.0,1.0
single-regime,853,0.0050748560471934314,1.0,1.0
unpartitioned-two-regime,853,0.16625899273087688,1.0,1.0
context-partitioned,853,0.010743330537692594,1.0,1.0
single-regime,854,0.007227596622965499,1.0,1.0
unpartitioned-two-regime,854,0.16575936425105742,1.0,1.0
context-partitioned,854,0.011966439034183669,1.0,1.0
single-regime,855,0.005412294208529555,1.0,1.0
unpartitioned-two-regime,855,0.14807715391816992,1.0,0.975
context-partitioned,855,0.00869129561391009,1.0,1.0
single-regime,856,0.00727621999439345,1.0,1.0
unpartitioned-two-regime,856,0.1664400914816344,1.0,1.0
context-partitioned,856,0.006041790115198912,1.0,1.0
single-regime,857,0.0064066351842028526,1.0,1.0
unpartitioned-two-regime,857,0.1636980570546759,1.0,1.0
context-partitioned,857,0.010163815652227817,1.0,1.0
single-regime,858,0.006586378027512504,1.0,1.0
unpartitioned-two-regime,858,0.1642213289643408,1.0,1.0
context-partitioned,858,0.00994050964986189,1.0,1.0
single-regime,859,0.006919993671075898,1.0,1.0
unpartitioned-two-regime,859,0.14959515555161454,1.0,0.975
context-partitioned,859,0.00831116304412665,1.0,1.0
single-regime,860,0.0035849658150891636,1.0,1.0
unpartitioned-two-regime,860,0.14941531278710055,1.0,0.975
context-partitioned,860,0.010363284924090567,1.0,1.0
single-regime,861,0.005689110332255606,1.0,1.0
unpartitioned-two-regime,861,0.14983750113105573,1.0,0.975
context-partitioned,861,0.006279623961975476,1.0,1.0
single-regime,862,0.007104876200457021,1.0,1.0
unpartitioned-two-regime,862,0.1633677816915755,1.0,1.0
context-partitioned,862,0.011797474445270826,1.0,1.0
single-regime,863,0.0055435086047235654,1.0,1.0
unpartitioned-two-regime,863,0.16550275822983437,1.0,1.0
context-partitioned,863,0.008312486045695924,1.0,1.0
single-regime,864,0.007769025785465043,1.0,1.0
unpartitioned-two-regime,864,0.16379526710973588,1.0,1.0
context-partitioned,864,0.007232464074201075,1.0,1.0
single-regime,865,0.006016464380217741,1.0,1.0
unpartitioned-two-regime,865,0.1655217838786622,1.0,1.0
context-partitioned,865,0.0069214873574765905,1.0,1.0
single-regime,866,0.005969184530635185,1.0,1.0
unpartitioned-two-regime,866,0.1655745484565658,1.0,1.0
context-partitioned,866,0.010568387516691036,1.0,1.0
single-regime,867,0.00536571370461834,1.0,1.0
unpartitioned-two-regime,867,0.16551603048064792,1.0,1.0
context-partitioned,867,0.012291312551125566,1.0,1.0
single-regime,868,0.0062334904108636855,1.0,1.0
unpartitioned-two-regime,868,0.16377870227884236,1.0,1.0
context-partitioned,868,0.011063139682345211,1.0,1.0
single-regime,869,0.00428117813407715,1.0,1.0
unpartitioned-two-regime,869,0.16379890176177175,1.0,1.0
context-partitioned,869,0.010516004473945427,1.0,1.0
single-regime,870,0.005868630324063717,1.0,1.0
unpartitioned-two-regime,870,0.16474283784167637,1.0,1.0
context-partitioned,870,0.007248756210755301,1.0,1.0
single-regime,871,0.007827994435480082,1.0,1.0
unpartitioned-two-regime,871,0.13459166275187176,1.0,0.95
context-partitioned,871,0.008747867293873928,1.0,1.0
single-regime,872,0.00699005560611696,1.0,1.0
unpartitioned-two-regime,872,0.1667237820597045,1.0,1.0
context-partitioned,872,0.012344858894164402,1.0,1.0
single-regime,873,0.0047418707993992166,1.0,1.0
unpartitioned-two-regime,873,0.14981729514513545,1.0,0.975
context-partitioned,873,0.01079920468780347,1.0,1.0
single-regime,874,0.008834067611693445,1.0,1.0
unpartitioned-two-regime,874,0.16620876057716658,1.0,1.0
context-partitioned,874,0.0075580946231227405,1.0,1.0
single-regime,875,0.004744991973511468,1.0,1.0
unpartitioned-two-regime,875,0.16210320970058764,1.0,1.0
context-partitioned,875,0.01038396641149113,1.0,1.0
single-regime,876,0.004446966528856629,1.0,1.0
unpartitioned-two-regime,876,0.1651459248170008,1.0,1.0
context-partitioned,876,0.007608401976065516,1.0,1.0
single-regime,877,0.007483954714786905,1.0,1.0
unpartitioned-two-regime,877,0.16563011117591744,1.0,1.0
context-partitioned,877,0.009315612514684277,1.0,1.0
single-regime,878,0.007673252371237365,1.0,1.0
unpartitioned-two-regime,878,0.1667471461172154,1.0,1.0
context-partitioned,878,0.008324288963092258,1.0,1.0
single-regime,879,0.0065506969422180145,1.0,1.0
unpartitioned-two-regime,879,0.1659199491732499,1.0,1.0
context-partitioned,879,0.006920235322618559,1.0,1.0
single-regime,880,0.00522077949441295,1.0,1.0
unpartitioned-two-regime,880,0.14774082731081864,1.0,0.975
context-partitioned,880,0.007990592865718144,1.0,1.0
single-regime,881,0.0057604926221725946,1.0,1.0
unpartitioned-two-regime,881,0.16343834787676595,1.0,1.0
context-partitioned,881,0.006907597967964306,1.0,1.0
single-regime,882,0.0058260749992736114,1.0,1.0
unpartitioned-two-regime,882,0.1637800865573095,1.0,1.0
context-partitioned,882,0.009587419811460766,1.0,1.0
single-regime,883,0.00564657402228445,1.0,1.0
unpartitioned-two-regime,883,0.16476722091466844,1.0,1.0
context-partitioned,883,0.00818614426545186,1.0,1.0
single-regime,884,0.00715297744980381,1.0,1.0
unpartitioned-two-regime,884,0.16664057668946813,1.0,1.0
context-partitioned,884,0.008222587057336887,1.0,1.0
single-regime,885,0.007597476045490496,1.0,1.0
unpartitioned-two-regime,885,0.14803065304221621,1.0,0.975
context-partitioned,885,0.012432982647997148,1.0,1.0
single-regime,886,0.00421464757775735,1.0,1.0
unpartitioned-two-regime,886,0.16536247088546088,1.0,1.0
context-partitioned,886,0.00790488685808303,1.0,1.0
single-regime,887,0.005090049709981959,1.0,1.0
unpartitioned-two-regime,887,0.16529430211943877,1.0,1.0
context-partitioned,887,0.007435192442151475,1.0,1.0
single-regime,888,0.004644700822141555,1.0,1.0
unpartitioned-two-regime,888,0.14993690437469437,1.0,0.975
context-partitioned,888,0.008925277823199008,1.0,1.0
single-regime,889,0.0038675372211484783,1.0,1.0
unpartitioned-two-regime,889,0.16599974828596514,1.0,1.0
context-partitioned,889,0.0091301243844975,1.0,1.0
single-regime,890,0.005574895969800229,1.0,1.0
unpartitioned-two-regime,890,0.1531644966507264,1.0,0.975
context-partitioned,890,0.007998455838260188,1.0,1.0
single-regime,891,0.009152382591420866,1.0,1.0
unpartitioned-two-regime,891,0.14907140418296153,1.0,0.975
context-partitioned,891,0.006856852248897306,1.0,1.0
single-regime,892,0.008742603505629129,1.0,1.0
unpartitioned-two-regime,892,0.16599875246478402,1.0,1.0
context-partitioned,892,0.006763356606881161,1.0,1.0
single-regime,893,0.0073460783694407,1.0,1.0
unpartitioned-two-regime,893,0.15193001616899876,1.0,0.975
context-partitioned,893,0.011160687105820279,1.0,1.0
single-regime,894,0.006217654202005125,1.0,1.0
unpartitioned-two-regime,894,0.1644364869253194,1.0,1.0
context-partitioned,894,0.009193150812787565,1.0,1.0
single-regime,895,0.007075371934332622,1.0,1.0
unpartitioned-two-regime,895,0.16436958905362062,1.0,1.0
context-partitioned,895,0.01139044035526994,1.0,1.0
single-regime,896,0.0072230862175838234,1.0,1.0
unpartitioned-two-regime,896,0.16455125253266428,1.0,1.0
context-partitioned,896,0.0082414657513619,1.0,1.0
single-regime,897,0.0068217602715524685,1.0,1.0
unpartitioned-two-regime,897,0.1657792138332738,1.0,1.0
context-partitioned,897,0.006836297060286826,1.0,1.0
single-regime,898,0.0051632945370057364,1.0,1.0
unpartitioned-two-regime,898,0.1663285550159714,1.0,1.0
context-partitioned,898,0.008819535640968552,1.0,1.0
single-regime,899,0.0030758205838441297,1.0,1.0
unpartitioned-two-regime,899,0.16457722090611182,1.0,1.0
context-partitioned,899,0.009430602834606887,1.0,1.0
single-regime,900,0.009718896467449991,1.0,1.0
unpartitioned-two-regime,900,0.16641530969997018,1.0,1.0
context-partitioned,900,0.009435954678667677,1.0,1.0
single-regime,901,0.007263974792350777,1.0,1.0
unpartitioned-two-regime,901,0.1654838156267664,1.0,1.0
context-partitioned,901,0.008604844133730714,1.0,1.0
single-regime,902,0.006246392198656505,1.0,1.0
unpartitioned-two-regime,902,0.16545831010664322,1.0,1.0
context-partitioned,902,0.006320171556390515,1.0,1.0
single-regime,903,0.006280247883754239,1.0,1.0
unpartitioned-two-regime,903,0.16414009478770877,1.0,1.0
context-partitioned,903,0.010077561234097893,1.0,1.0
single-regime,904,0.005524128443259157,1.0,1.0
unpartitioned-two-regime,904,0.16586301548859314,1.0,1.0
context-partitioned,904,0.008037072456176176,1.0,1.0
single-regime,905,0.006150578303080873,1.0,1.0
unpartitioned-two-regime,905,0.16034765130266887,1.0,1.0
context-partitioned,905,0.010514604986354592,1.0,1.0
single-regime,906,0.007031897706364712,1.0,1.0
unpartitioned-two-regime,906,0.16422626235487764,1.0,1.0
context-partitioned,906,0.008682939667205937,1.0,1.0
single-regime,907,0.007355781045649121,1.0,1.0
unpartitioned-two-regime,907,0.16647022695875383,1.0,1.0
context-partitioned,907,0.007591415376577291,1.0,1.0
single-regime,908,0.0060970287310829355,1.0,1.0
unpartitioned-two-regime,908,0.12706679901896586,1.0,0.95
context-partitioned,908,0.007651112282473795,1.0,1.0
single-regime,909,0.006057500405126273,1.0,1.0
unpartitioned-two-regime,909,0.14629353335488224,1.0,0.975
context-partitioned,909,0.007263247136171521,1.0,1.0
single-regime,910,0.00637528340684242,1.0,1.0
unpartitioned-two-regime,910,0.16545981627932793,1.0,1.0
context-partitioned,910,0.008726610887119051,1.0,1.0
single-regime,911,0.002946030038726271,1.0,1.0
unpartitioned-two-regime,911,0.16481575495235973,1.0,1.0
context-partitioned,911,0.007381368818439599,1.0,1.0
single-regime,912,0.008833376051637674,1.0,1.0
unpartitioned-two-regime,912,0.1648564939689476,1.0,1.0
context-partitioned,912,0.008805371703286019,1.0,1.0
single-regime,913,0.00638720425563169,1.0,1.0
unpartitioned-two-regime,913,0.15037045484282385,1.0,0.975
context-partitioned,913,0.008631436137095274,1.0,1.0
single-regime,914,0.006555115417333571,1.0,1.0
unpartitioned-two-regime,914,0.14576676158606564,1.0,0.925
context-partitioned,914,0.00734982686785953,1.0,1.0
single-regime,915,0.005210357462142492,1.0,1.0
unpartitioned-two-regime,915,0.16439024891834506,1.0,1.0
context-partitioned,915,0.009353036511788964,1.0,1.0
single-regime,916,0.006830116883221584,1.0,1.0
unpartitioned-two-regime,916,0.1658479561376005,1.0,1.0
context-partitioned,916,0.011464487056437302,1.0,1.0
single-regime,917,0.005884151063128006,1.0,1.0
unpartitioned-two-regime,917,0.14994706118988735,1.0,0.975
context-partitioned,917,0.010139674480863073,1.0,1.0
single-regime,918,0.006627657890506333,1.0,1.0
unpartitioned-two-regime,918,0.16435485764936722,1.0,1.0
context-partitioned,918,0.011755576508135466,1.0,1.0
single-regime,919,0.0072710432861458054,1.0,1.0
unpartitioned-two-regime,919,0.16677144058530305,1.0,1.0
context-partitioned,919,0.009051629336441457,1.0,1.0
single-regime,920,0.005189386827091399,1.0,1.0
unpartitioned-two-regime,920,0.16638487560520995,1.0,1.0
context-partitioned,920,0.011399597691532107,1.0,1.0
single-regime,921,0.005429181813483671,1.0,1.0
unpartitioned-two-regime,921,0.16643429840701343,1.0,1.0
context-partitioned,921,0.007617018063726192,1.0,1.0
single-regime,922,0.006476267118585095,1.0,1.0
unpartitioned-two-regime,922,0.15001693808035263,1.0,0.975
context-partitioned,922,0.008997461350301765,1.0,1.0
single-regime,923,0.008069672516684952,1.0,1.0
unpartitioned-two-regime,923,0.1635148070221995,1.0,1.0
context-partitioned,923,0.00768887340320689,1.0,1.0
single-regime,924,0.007402913438052254,1.0,1.0
unpartitioned-two-regime,924,0.16417577022569627,1.0,1.0
context-partitioned,924,0.009814497658740016,1.0,1.0
single-regime,925,0.005123385181688527,1.0,1.0
unpartitioned-two-regime,925,0.16672960892784075,1.0,1.0
context-partitioned,925,0.0076730121610412766,1.0,1.0
single-regime,926,0.006460201357012397,1.0,1.0
unpartitioned-two-regime,926,0.1473480302945685,1.0,0.975
context-partitioned,926,0.010360862219477409,1.0,1.0
single-regime,927,0.005101300900643765,1.0,1.0
unpartitioned-two-regime,927,0.1664430705914294,1.0,1.0
context-partitioned,927,0.009603329943784954,1.0,1.0
single-regime,928,0.009368782129908363,1.0,1.0
unpartitioned-two-regime,928,0.16179184541448074,1.0,1.0
context-partitioned,928,0.010075906222771748,1.0,1.0
single-regime,929,0.006356745158690228,1.0,1.0
unpartitioned-two-regime,929,0.1667325540414073,1.0,1.0
context-partitioned,929,0.007431487778842373,1.0,1.0
single-regime,930,0.004665002767852381,1.0,1.0
unpartitioned-two-regime,930,0.16272711324453878,1.0,1.0
context-partitioned,930,0.009039718421614825,1.0,1.0
single-regime,931,0.008003182077665661,1.0,1.0
unpartitioned-two-regime,931,0.1657096764867632,1.0,1.0
context-partitioned,931,0.009587157088913957,1.0,1.0
single-regime,932,0.007293289376415691,1.0,1.0
unpartitioned-two-regime,932,0.16670846649990745,1.0,1.0
context-partitioned,932,0.010266716762916218,1.0,1.0
single-regime,933,0.005652275302820162,1.0,1.0
unpartitioned-two-regime,933,0.1668450088952742,1.0,1.0
context-partitioned,933,0.010466610692176827,1.0,1.0
single-regime,934,0.005162445213002651,1.0,1.0
unpartitioned-two-regime,934,0.14691992959617295,1.0,0.975
context-partitioned,934,0.0065212578410631244,1.0,1.0
single-regime,935,0.007451770439800036,1.0,1.0
unpartitioned-two-regime,935,0.16481841734059713,1.0,1.0
context-partitioned,935,0.00817552092238744,1.0,1.0
single-regime,936,0.006812497564687347,1.0,1.0
unpartitioned-two-regime,936,0.16569237160746686,1.0,1.0
context-partitioned,936,0.007802652548807276,1.0,1.0
single-regime,937,0.007940736017911393,1.0,1.0
unpartitioned-two-regime,937,0.14738451786865858,1.0,0.975
context-partitioned,937,0.008913813459911917,1.0,1.0
single-regime,938,0.007085701418343057,1.0,1.0
unpartitioned-two-regime,938,0.14532605562821224,1.0,0.975
context-partitioned,938,0.007515940021461654,1.0,1.0
single-regime,939,0.0053968754944010095,1.0,1.0
unpartitioned-two-regime,939,0.14412898900764193,1.0,0.975
context-partitioned,939,0.009156397463643991,1.0,1.0
single-regime,940,0.007230079856216911,1.0,1.0
unpartitioned-two-regime,940,0.1645344960102821,1.0,1.0
context-partitioned,940,0.008459150287629755,1.0,1.0
single-regime,941,0.006397012276574293,1.0,1.0
unpartitioned-two-regime,941,0.16295687085653565,1.0,1.0
context-partitioned,941,0.009649638547089473,1.0,1.0
single-regime,942,0.0052870781085398695,1.0,1.0
unpartitioned-two-regime,942,0.14552407344915588,1.0,0.975
context-partitioned,942,0.011982187771819183,1.0,1.0
single-regime,943,0.0039930442526410785,1.0,1.0
unpartitioned-two-regime,943,0.16668897549452463,1.0,1.0
context-partitioned,943,0.011764288977612716,1.0,1.0
single-regime,944,0.00731127044616342,1.0,1.0
unpartitioned-two-regime,944,0.16648410846913955,1.0,1.0
context-partitioned,944,0.011116544412260404,1.0,1.0
single-regime,945,0.008237587306614409,1.0,1.0
unpartitioned-two-regime,945,0.16578197472512668,1.0,1.0
context-partitioned,945,0.008898394773860249,1.0,0.975
single-regime,946,0.0046503859026620015,1.0,1.0
unpartitioned-two-regime,946,0.16557922876134573,1.0,1.0
context-partitioned,946,0.007406083210422228,1.0,1.0
single-regime,947,0.004746697690007621,1.0,1.0
unpartitioned-two-regime,947,0.16142964975662313,1.0,1.0
context-partitioned,947,0.009702134607516743,1.0,1.0
single-regime,948,0.005516070362010607,1.0,1.0
unpartitioned-two-regime,948,0.14543753497324227,1.0,0.975
context-partitioned,948,0.008173720647450686,1.0,1.0
single-regime,949,0.004930237434339511,1.0,1.0
unpartitioned-two-regime,949,0.15165852224447493,1.0,0.975
context-partitioned,949,0.009439593850974379,1.0,1.0
single-regime,950,0.005272344186817268,1.0,1.0
unpartitioned-two-regime,950,0.16546547710954154,1.0,1.0
context-partitioned,950,0.010003961591670277,1.0,1.0
single-regime,951,0.0042021701207835315,1.0,1.0
unpartitioned-two-regime,951,0.1616006089045523,1.0,1.0
context-partitioned,951,0.010125668250033294,1.0,1.0
single-regime,952,0.007232931997433735,1.0,1.0
unpartitioned-two-regime,952,0.16672785887146013,1.0,1.0
context-partitioned,952,0.007290887110818131,1.0,1.0
single-regime,953,0.006775354271048843,1.0,1.0
unpartitioned-two-regime,953,0.14837270088164514,1.0,0.975
context-partitioned,953,0.005370586168467225,1.0,1.0
single-regime,954,0.0061807569519392305,1.0,1.0
unpartitioned-two-regime,954,0.1655750045587014,1.0,1.0
context-partitioned,954,0.006287251396503234,1.0,1.0
single-regime,955,0.009606963238217773,1.0,1.0
unpartitioned-two-regime,955,0.165166131401516,1.0,1.0
context-partitioned,955,0.00835682921950641,1.0,1.0
single-regime,956,0.006833279657606761,1.0,1.0
unpartitioned-two-regime,956,0.16563291607771793,1.0,1.0
context-partitioned,956,0.009081609794569116,1.0,1.0
single-regime,957,0.0057135962309358855,1.0,1.0
unpartitioned-two-regime,957,0.16364478065385546,1.0,1.0
context-partitioned,957,0.008170700309037583,1.0,1.0
single-regime,958,0.00449860723245103,1.0,1.0
unpartitioned-two-regime,958,0.16626178781318132,1.0,1.0
context-partitioned,958,0.010747465999778206,1.0,1.0
single-regime,959,0.006118980206559012,1.0,1.0
unpartitioned-two-regime,959,0.16375379205099866,1.0,1.0
context-partitioned,959,0.008909525517828904,1.0,1.0
single-regime,960,0.007635423741948821,1.0,1.0
unpartitioned-two-regime,960,0.16507209594095273,1.0,1.0
context-partitioned,960,0.006901180839275012,1.0,1.0
single-regime,961,0.009113071435082476,1.0,1.0
unpartitioned-two-regime,961,0.1666634879961358,1.0,1.0
context-partitioned,961,0.010202177344077563,1.0,1.0
single-regime,962,0.004185643225315843,1.0,1.0
unpartitioned-two-regime,962,0.16656957215450216,1.0,1.0
context-partitioned,962,0.008776790505132751,1.0,1.0
single-regime,963,0.007123295242900444,1.0,1.0
unpartitioned-two-regime,963,0.16405818616644843,1.0,1.0
context-partitioned,963,0.009645767955722164,1.0,1.0
single-regime,964,0.006214201940879291,1.0,1.0
unpartitioned-two-regime,964,0.163722297281572,1.0,1.0
context-partitioned,964,0.009199121168741307,1.0,1.0
single-regime,965,0.00622726268551859,1.0,1.0
unpartitioned-two-regime,965,0.14499564537979517,1.0,0.975
context-partitioned,965,0.009405537244724517,1.0,1.0
single-regime,966,0.0034027635707101927,1.0,1.0
unpartitioned-two-regime,966,0.16291351325120176,1.0,1.0
context-partitioned,966,0.00826823599119609,1.0,1.0
single-regime,967,0.007572889776797134,1.0,1.0
unpartitioned-two-regime,967,0.1660084925399574,1.0,1.0
context-partitioned,967,0.011145149024479922,1.0,1.0
single-regime,968,0.003461871671270125,1.0,1.0
unpartitioned-two-regime,968,0.16635675596738259,1.0,1.0
context-partitioned,968,0.006910662562280437,1.0,1.0
single-regime,969,0.005892206516885309,1.0,1.0
unpartitioned-two-regime,969,0.16658197215783208,1.0,1.0
context-partitioned,969,0.007369350047446139,1.0,1.0
single-regime,970,0.00475119515152118,1.0,1.0
unpartitioned-two-regime,970,0.16466174651356127,1.0,1.0
context-partitioned,970,0.007794558468542978,1.0,1.0
single-regime,971,0.006832863601425256,1.0,1.0
unpartitioned-two-regime,971,0.1467287312061026,1.0,0.975
context-partitioned,971,0.007851459317651266,1.0,1.0
single-regime,972,0.0038696331802002093,1.0,1.0
unpartitioned-two-regime,972,0.16656992581889776,1.0,1.0
context-partitioned,972,0.008861634612536253,1.0,1.0
single-regime,973,0.005393313621720606,1.0,1.0
unpartitioned-two-regime,973,0.16432901096155267,1.0,1.0
context-partitioned,973,0.009246072854583308,1.0,1.0
single-regime,974,0.006162528021177082,1.0,1.0
unpartitioned-two-regime,974,0.16652407169025576,1.0,1.0
context-partitioned,974,0.009947614011259907,1.0,1.0
single-regime,975,0.006290700502721754,1.0,1.0
unpartitioned-two-regime,975,0.165137366936087,1.0,1.0
context-partitioned,975,0.008328255229781253,1.0,1.0
single-regime,976,0.003991555691873787,1.0,1.0
unpartitioned-two-regime,976,0.16459757049327323,1.0,1.0
context-partitioned,976,0.00925179281509372,1.0,1.0
single-regime,977,0.00689995559038524,1.0,1.0
unpartitioned-two-regime,977,0.15060087023878296,1.0,0.975
context-partitioned,977,0.007962632962692862,1.0,1.0
single-regime,978,0.007180713457615835,1.0,1.0
unpartitioned-two-regime,978,0.1648122139440317,1.0,1.0
context-partitioned,978,0.008480747563406305,1.0,1.0
single-regime,979,0.007660505219071818,1.0,1.0
unpartitioned-two-regime,979,0.16361276687589327,1.0,1.0
context-partitioned,979,0.008398042619709918,1.0,1.0
single-regime,980,0.0063947613672627685,1.0,1.0
unpartitioned-two-regime,980,0.16565996267566935,1.0,1.0
context-partitioned,980,0.009147217057815576,1.0,1.0
single-regime,981,0.007601879053940158,1.0,1.0
unpartitioned-two-regime,981,0.14293888592481493,1.0,0.975
context-partitioned,981,0.01128968641797537,1.0,1.0
single-regime,982,0.005273352160578725,1.0,1.0
unpartitioned-two-regime,982,0.16624996175296164,1.0,1.0
context-partitioned,982,0.00875124333969255,1.0,1.0
single-regime,983,0.007840557625065681,1.0,1.0
unpartitioned-two-regime,983,0.16548168483056927,1.0,1.0
context-partitioned,983,0.007895505211054874,1.0,1.0
single-regime,984,0.006249335821728771,1.0,1.0
unpartitioned-two-regime,984,0.16647351934468751,1.0,1.0
context-partitioned,984,0.010225550585277712,1.0,1.0
single-regime,985,0.007369055703377178,1.0,1.0
unpartitioned-two-regime,985,0.16436922313700975,1.0,1.0
context-partitioned,985,0.009560229653942466,1.0,0.975
single-regime,986,0.005570653410748979,1.0,1.0
unpartitioned-two-regime,986,0.16342859684513858,1.0,1.0
context-partitioned,986,0.006510013622000716,1.0,1.0
single-regime,987,0.00839706117358132,1.0,1.0
unpartitioned-two-regime,987,0.1660119798251411,1.0,1.0
context-partitioned,987,0.009048156490416175,1.0,1.0
single-regime,988,0.0074405557517782965,1.0,1.0
unpartitioned-two-regime,988,0.16304426415394582,1.0,1.0
context-partitioned,988,0.010432420890852584,1.0,1.0
single-regime,989,0.00418754876799779,1.0,1.0
unpartitioned-two-regime,989,0.16681094985803316,1.0,1.0
context-partitioned,989,0.011029279028485186,1.0,1.0
single-regime,990,0.005905554276834041,1.0,1.0
unpartitioned-two-regime,990,0.16519419018911977,1.0,1.0
context-partitioned,990,0.00838649387438433,1.0,1.0
single-regime,991,0.007269477716219278,1.0,1.0
unpartitioned-two-regime,991,0.1659279173884233,1.0,1.0
context-partitioned,991,0.011196382128174523,1.0,1.0
single-regime,992,0.004332156624305194,1.0,1.0
unpartitioned-two-regime,992,0.1618324203573168,1.0,1.0
context-partitioned,992,0.008658402732586402,1.0,1.0
single-regime,993,0.005417756716270081,1.0,1.0
unpartitioned-two-regime,993,0.12993983310034476,1.0,0.95
context-partitioned,993,0.006378349009456651,1.0,1.0
single-regime,994,0.006670165002470641,1.0,1.0
unpartitioned-two-regime,994,0.15070108226867612,1.0,0.975
context-partitioned,994,0.007613511165654048,1.0,1.0
single-regime,995,0.005213336287995287,1.0,1.0
unpartitioned-two-regime,995,0.16469464392849373,1.0,1.0
context-partitioned,995,0.009222492399791258,1.0,1.0
single-regime,996,0.007021568268680883,1.0,1.0
unpartitioned-two-regime,996,0.1479929379407244,1.0,0.975
context-partitioned,996,0.010594361704213726,1.0,1.0
single-regime,997,0.007288839415050076,1.0,1.0
unpartitioned-two-regime,997,0.16225236672286594,1.0,1.0
context-partitioned,997,0.011159847797826042,1.0,1.0
single-regime,998,0.00560542236007153,1.0,1.0
unpartitioned-two-regime,998,0.16196548653928156,1.0,1.0
context-partitioned,998,0.011058449431199453,1.0,1.0
single-regime,999,0.006136303571725056,1.0,1.0
unpartitioned-two-regime,999,0.13023352421856538,1.0,0.95
context-partitioned,999,0.010382137089766624,1.0,1.0
