case,trial,angular_available,declared_fallback,td_finite,common_truth_correct,iterations
single-report,0,False,True,True,True,0
single-report,1,False,True,True,True,0
single-report,2,False,True,True,True,0
single-report,3,False,True,True,True,0
single-report,4,False,True,True,True,0
single-report,5,False,True,True,True,0
single-report,6,False,True,True,True,0
single-report,7,False,True,True,True,0
single-report,8,False,True,True,True,0
single-report,9,False,True,True,True,0
single-report,10,False,True,True,True,0
single-report,11,False,True,True,True,0
single-report,12,False,True,True,True,0
single-report,13,False,True,True,True,0
single-report,14,False,True,True,True,0
single-report,15,False,True,True,True,0
single-report,16,False,True,True,True,0
single-report,17,False,True,True,True,0
single-report,18,False,True,True,True,0
single-report,19,False,True,True,True,0
single-report,20,False,True,True,True,0
single-report,21,False,True,True,True,0
single-report,22,False,True,True,True,0
single-report,23,False,True,True,True,0
single-report,24,False,True,True,True,0
single-report,25,False,True,True,True,0
single-report,26,False,True,True,True,0
single-report,27,False,True,True,True,0
single-report,28,False,True,True,True,0
single-report,29,False,True,True,True,0
single-report,30,False,True,True,True,0
single-report,31,False,True,True,True,0
single-report,32,False,True,True,True,0
single-report,33,False,True,True,True,0
single-report,34,False,True,True,True,0
single-report,35,False,True,True,True,0
single-report,36,False,True,True,True,0
single-report,37,False,True,True,True,0
single-report,38,False,True,True,True,0
single-report,39,False,True,True,True,0
single-report,40,False,True,True,True,0
single-report,41,False,True,True,True,0
single-report,42,False,True,True,True,0
single-report,43,False,True,True,True,0
single-report,44,False,True,True,True,0
single-report,45,False,True,True,True,0
single-report,46,False,True,True,True,0
single-report,47,False,True,True,True,0
single-report,48,False,True,True,True,0
single-report,49,False,True,True,True,0
single-report,50,False,True,True,True,0
single-report,51,False,True,True,True,0
single-report,52,False,True,True,True,0
single-report,53,False,True,True,True,0
single-report,54,False,True,True,True,0
single-report,55,False,True,True,True,0
single-report,56,False,True,True,True,0
single-report,57,False,True,True,True,0
single-report,58,False,True,True,True,0
single-report,59,False,True,True,True,0
single-report,60,False,True,True,True,0
single-report,61,False,True,True,True,0
single-report,62,False,True,True,True,0
single-report,63,False,True,True,True,0
single-report,64,False,True,True,True,0
single-report,65,False,True,True,True,0
single-report,66,False,True,True,True,0
single-report,67,False,True,True,True,0
single-report,68,False,True,True,True,0
single-report,69,False,True,True,True,0
single-report,70,False,True,True,True,0
single-report,71,False,True,True,True,0
single-report,72,False,True,True,True,0
single-report,73,False,True,True,True,0
single-report,74,False,True,True,True,0
single-report,75,False,True,True,True,0
single-report,76,False,True,True,True,0
single-report,77,False,True,True,True,0
single-report,78,False,True,True,True,0
single-report,79,False,True,True,True,0
single-report,80,False,True,True,True,0
single-report,81,False,True,True,True,0
single-report,82,False,True,True,True,0
single-report,83,False,True,True,True,0
single-report,84,False,True,True,True,0
single-report,85,False,True,True,True,0
single-report,86,False,True,True,True,0
single-report,87,False,True,True,True,0
single-report,88,False,True,True,True,0
single-report,89,False,True,True,True,0
single-report,90,False,True,True,True,0
single-report,91,False,True,True,True,0
single-report,92,False,True,True,True,0
single-report,93,False,True,True,True,0
single-report,94,False,True,True,True,0
single-report,95,False,True,True,True,0
single-report,96,False,True,True,True,0
single-report,97,False,True,True,True,0
single-report,98,False,True,True,True,0
single-report,99,False,True,True,True,0
single-report,100,False,True,True,True,0
single-report,101,False,True,True,True,0
single-report,102,False,True,True,True,0
single-report,103,False,True,True,True,0
single-report,104,False,True,True,True,0
single-report,105,False,True,True,True,0
single-report,106,False,True,True,True,0
single-report,107,False,True,True,True,0
single-report,108,False,True,True,True,0
single-report,109,False,True,True,True,0
single-report,110,False,True,True,True,0
single-report,111,False,True,True,True,0
single-report,112,False,True,True,True,0
single-report,113,False,True,True,True,0
single-report,114,False,True,True,True,0
single-report,115,False,True,True,True,0
single-report,116,False,True,True,True,0
single-report,117,False,True,True,True,0
single-report,118,False,True,True,True,0
single-report,119,False,True,True,True,0
single-report,120,False,True,True,True,0
single-report,121,False,True,True,True,0
single-report,122,False,True,True,True,0
single-report,123,False,True,True,True,0
single-report,124,False,True,True,True,0
single-report,125,False,True,True,True,0
single-report,126,False,True,True,True,0
single-report,127,False,True,True,True,0
single-report,128,False,True,True,True,0
single-report,129,False,True,True,True,0
single-report,130,False,True,True,True,0
single-report,131,False,True,True,True,0
single-report,132,False,True,True,True,0
single-report,133,False,True,True,True,0
single-report,134,False,True,True,True,0
single-report,135,False,True,True,True,0
single-report,136,False,True,True,True,0
single-report,137,False,True,True,True,0
single-report,138,False,True,True,True,0
single-report,139,False,True,True,True,0
single-report,140,False,True,True,True,0
single-report,141,False,True,True,True,0
single-report,142,False,True,True,True,0
single-report,143,False,True,True,True,0
single-report,144,False,True,True,True,0
single-report,145,False,True,True,True,0
single-report,146,False,True,True,True,0
single-report,147,False,True,True,True,0
single-report,148,False,True,True,True,0
single-report,149,False,True,True,True,0
single-report,150,False,True,True,True,0
single-report,151,False,True,True,True,0
single-report,152,False,True,True,True,0
single-report,153,False,True,True,True,0
single-report,154,False,True,True,True,0
single-report,155,False,True,True,True,0
single-report,156,False,True,True,True,0
single-report,157,False,True,True,True,0
single-report,158,False,True,True,True,0
single-report,159,False,True,True,True,0
single-report,160,False,True,True,True,0
single-report,161,False,True,True,True,0
single-report,162,False,True,True,True,0
single-report,163,False,True,True,True,0
single-report,164,False,True,True,True,0
single-report,165,False,True,True,True,0
single-report,166,False,True,True,True,0
single-report,167,False,True,True,True,0
single-report,168,False,True,True,True,0
single-report,169,False,True,True,True,0
single-report,170,False,True,True,True,0
single-report,171,False,True,True,True,0
single-report,172,False,True,True,True,0
single-report,173,False,True,True,True,0
single-report,174,False,True,True,True,0
single-report,175,False,True,True,True,0
single-report,176,False,True,True,True,0
single-report,177,False,True,True,True,0
single-report,178,False,True,True,True,0
single-report,179,False,True,True,True,0
single-report,180,False,True,True,True,0
single-report,181,False,True,True,True,0
single-report,182,False,True,True,True,0
single-report,183,False,True,True,True,0
single-report,184,False,True,True,True,0
single-report,185,False,True,True,True,0
single-report,186,False,True,True,True,0
single-report,187,False,True,True,True,0
single-report,188,False,True,True,True,0
single-report,189,False,True,True,True,0
single-report,190,False,True,True,True,0
single-report,191,False,True,True,True,0
single-report,192,False,True,True,True,0
single-report,193,False,True,True,True,0
single-report,194,False,True,True,True,0
single-report,195,False,True,True,True,0
single-report,196,False,True,True,True,0
single-report,197,False,True,True,True,0
single-report,198,False,True,True,True,0
single-report,199,False,True,True,True,0
single-report,200,False,True,True,True,0
single-report,201,False,True,True,True,0
single-report,202,False,True,True,True,0
single-report,203,False,True,True,True,0
single-report,204,False,True,True,True,0
single-report,205,False,True,True,True,0
single-report,206,False,True,True,True,0
single-report,207,False,True,True,True,0
single-report,208,False,True,True,True,0
single-report,209,False,True,True,True,0
single-report,210,False,True,True,True,0
single-report,211,False,True,True,True,0
single-report,212,False,True,True,True,0
single-report,213,False,True,True,True,0
single-report,214,False,True,True,True,0
single-report,215,False,True,True,True,0
single-report,216,False,True,True,True,0
single-report,217,False,True,True,True,0
single-report,218,False,True,True,True,0
single-report,219,False,True,True,True,0
single-report,220,False,True,True,True,0
single-report,221,False,True,True,True,0
single-report,222,False,True,True,True,0
single-report,223,False,True,True,True,0
single-report,224,False,True,True,True,0
single-report,225,False,True,True,True,0
single-report,226,False,True,True,True,0
single-report,227,False,True,True,True,0
single-report,228,False,True,True,True,0
single-report,229,False,True,True,True,0
single-report,230,False,True,True,True,0
single-report,231,False,True,True,True,0
single-report,232,False,True,True,True,0
single-report,233,False,True,True,True,0
single-report,234,False,True,True,True,0
single-report,235,False,True,True,True,0
single-report,236,False,True,True,True,0
single-report,237,False,True,True,True,0
single-report,238,False,True,True,True,0
single-report,239,False,True,True,True,0
single-report,240,False,True,True,True,0
single-report,241,False,True,True,True,0
single-report,242,False,True,True,True,0
single-report,243,False,True,True,True,0
single-report,244,False,True,True,True,0
single-report,245,False,True,True,True,0
single-report,246,False,True,True,True,0
single-report,247,False,True,True,True,0
single-report,248,False,True,True,True,0
single-report,249,False,True,True,True,0
single-report,250,False,True,True,True,0
single-report,251,False,True,True,True,0
single-report,252,False,True,True,True,0
single-report,253,False,True,True,True,0
single-report,254,False,True,True,True,0
single-report,255,False,True,True,True,0
single-report,256,False,True,True,True,0
single-report,257,False,True,True,True,0
single-report,258,False,True,True,True,0
single-report,259,False,True,True,True,0
single-report,260,False,True,True,True,0
single-report,261,False,True,True,True,0
single-report,262,False,True,True,True,0
single-report,263,False,True,True,True,0
single-report,264,False,True,True,True,0
single-report,265,False,True,True,True,0
single-report,266,False,True,True,True,0
single-report,267,False,True,True,True,0
single-report,268,False,True,True,True,0
single-report,269,False,True,True,True,0
single-report,270,False,True,True,True,0
single-report,271,False,True,True,True,0
single-report,272,False,True,True,True,0
single-report,273,False,True,True,True,0
single-report,274,False,True,True,True,0
single-report,275,False,True,True,True,0
single-report,276,False,True,True,True,0
single-report,277,False,True,True,True,0
single-report,278,False,True,True,True,0
single-report,279,False,True,True,True,0
single-report,280,False,True,True,True,0
single-report,281,False,True,True,True,0
single-report,282,False,True,True,True,0
single-report,283,False,True,True,True,0
single-report,284,False,True,True,True,0
single-report,285,False,True,True,True,0
single-report,286,False,True,True,True,0
single-report,287,False,True,True,True,0
single-report,288,False,True,True,True,0
single-report,289,False,True,True,True,0
single-report,290,False,True,True,True,0
single-report,291,False,True,True,True,0
single-report,292,False,True,True,True,0
single-report,293,False,True,True,True,0
single-report,294,False,True,True,True,0
single-report,295,False,True,True,True,0
single-report,296,False,True,True,True,0
single-report,297,False,True,True,True,0
single-report,298,False,True,True,True,0
single-report,299,False,True,True,True,0
single-report,300,False,True,True,True,0
single-report,301,False,True,True,True,0
single-report,302,False,True,True,True,0
single-report,303,False,True,True,True,0
single-report,304,False,True,True,True,0
single-report,305,False,True,True,True,0
single-report,306,False,True,True,True,0
single-report,307,False,True,True,True,0
single-report,308,False,True,True,True,0
single-report,309,False,True,True,True,0
single-report,310,False,True,True,True,0
single-report,311,False,True,True,True,0
single-report,312,False,True,True,True,0
single-report,313,False,True,True,True,0
single-report,314,False,True,True,True,0
single-report,315,False,True,True,True,0
single-report,316,False,True,True,True,0
single-report,317,False,True,True,True,0
single-report,318,False,True,True,True,0
single-report,319,False,True,True,True,0
single-report,320,False,True,True,True,0
single-report,321,False,True,True,True,0
single-report,322,False,True,True,True,0
single-report,323,False,True,True,True,0
single-report,324,False,True,True,True,0
single-report,325,False,True,True,True,0
single-report,326,False,True,True,True,0
single-report,327,False,True,True,True,0
single-report,328,False,True,True,True,0
single-report,329,False,True,True,True,0
single-report,330,False,True,True,True,0
single-report,331,False,True,True,True,0
single-report,332,False,True,True,True,0
single-report,333,False,True,True,True,0
single-report,334,False,True,True,True,0
single-report,335,False,True,True,True,0
single-report,336,False,True,True,True,0
single-report,337,False,True,True,True,0
single-report,338,False,True,True,True,0
single-report,339,False,True,True,True,0
single-report,340,False,True,True,True,0
single-report,341,False,True,True,True,0
single-report,342,False,True,True,True,0
single-report,343,False,True,True,True,0
single-report,344,False,True,True,True,0
single-report,345,False,True,True,True,0
single-report,346,False,True,True,True,0
single-report,347,False,True,True,True,0
single-report,348,False,True,True,True,0
single-report,349,False,True,True,True,0
single-report,350,False,True,True,True,0
single-report,351,False,True,True,True,0
single-report,352,False,True,True,True,0
single-report,353,False,True,True,True,0
single-report,354,False,True,True,True,0
single-report,355,False,True,True,True,0
single-report,356,False,True,True,True,0
single-report,357,False,True,True,True,0
single-report,358,False,True,True,True,0
single-report,359,False,True,True,True,0
single-report,360,False,True,True,True,0
single-report,361,False,True,True,True,0
single-report,362,False,True,True,True,0
single-report,363,False,True,True,True,0
single-report,364,False,True,True,True,0
single-report,365,False,True,True,True,0
single-report,366,False,True,True,True,0
single-report,367,False,True,True,True,0
single-report,368,False,True,True,True,0
single-report,369,False,True,True,True,0
single-report,370,False,True,True,True,0
single-report,371,False,True,True,True,0
single-report,372,False,True,True,True,0
single-report,373,False,True,True,True,0
single-report,374,False,True,True,True,0
single-report,375,False,True,True,True,0
single-report,376,False,True,True,True,0
single-report,377,False,True,True,True,0
single-report,378,False,True,True,True,0
single-report,379,False,True,True,True,0
single-report,380,False,True,True,True,0
single-report,381,False,True,True,True,0
single-report,382,False,True,True,True,0
single-report,383,False,True,True,True,0
single-report,384,False,True,True,True,0
single-report,385,False,True,True,True,0
single-report,386,False,True,True,True,0
single-report,387,False,True,True,True,0
single-report,388,False,True,True,True,0
single-report,389,False,True,True,True,0
single-report,390,False,True,True,True,0
single-report,391,False,True,True,True,0
single-report,392,False,True,True,True,0
single-report,393,False,True,True,True,0
single-report,394,False,True,True,True,0
single-report,395,False,True,True,True,0
single-report,396,False,True,True,True,0
single-report,397,False,True,True,True,0
single-report,398,False,True,True,True,0
single-report,399,False,True,True,True,0
single-report,400,False,True,True,True,0
single-report,401,False,True,True,True,0
single-report,402,False,True,True,True,0
single-report,403,False,True,True,True,0
single-report,404,False,True,True,True,0
single-report,405,False,True,True,True,0
single-report,406,False,True,True,True,0
single-report,407,False,True,True,True,0
single-report,408,False,True,True,True,0
single-report,409,False,True,True,True,0
single-report,410,False,True,True,True,0
single-report,411,False,True,True,True,0
single-report,412,False,True,True,True,0
single-report,413,False,True,True,True,0
single-report,414,False,True,True,True,0
single-report,415,False,True,True,True,0
single-report,416,False,True,True,True,0
single-report,417,False,True,True,True,0
single-report,418,False,True,True,True,0
single-report,419,False,True,True,True,0
single-report,420,False,True,True,True,0
single-report,421,False,True,True,True,0
single-report,422,False,True,True,True,0
single-report,423,False,True,True,True,0
single-report,424,False,True,True,True,0
single-report,425,False,True,True,True,0
single-report,426,False,True,True,True,0
single-report,427,False,True,True,True,0
single-report,428,False,True,True,True,0
single-report,429,False,True,True,True,0
single-report,430,False,True,True,True,0
single-report,431,False,True,True,True,0
single-report,432,False,True,True,True,0
single-report,433,False,True,True,True,0
single-report,434,False,True,True,True,0
single-report,435,False,True,True,True,0
single-report,436,False,True,True,True,0
single-report,437,False,True,True,True,0
single-report,438,False,True,True,True,0
single-report,439,False,True,True,True,0
single-report,440,False,True,True,True,0
single-report,441,False,True,True,True,0
single-report,442,False,True,True,True,0
single-report,443,False,True,True,True,0
single-report,444,False,True,True,True,0
single-report,445,False,True,True,True,0
single-report,446,False,True,True,True,0
single-report,447,False,True,True,True,0
single-report,448,False,True,True,True,0
single-report,449,False,True,True,True,0
single-report,450,False,True,True,True,0
single-report,451,False,True,True,True,0
single-report,452,False,True,True,True,0
single-report,453,False,True,True,True,0
single-report,454,False,True,True,True,0
single-report,455,False,True,True,True,0
single-report,456,False,True,True,True,0
single-report,457,False,True,True,True,0
single-report,458,False,True,True,True,0
single-report,459,False,True,True,True,0
single-report,460,False,True,True,True,0
single-report,461,False,True,True,True,0
single-report,462,False,True,True,True,0
single-report,463,False,True,True,True,0
single-report,464,False,True,True,True,0
single-report,465,False,True,True,True,0
single-report,466,False,True,True,True,0
single-report,467,False,True,True,True,0
single-report,468,False,True,True,True,0
single-report,469,False,True,True,True,0
single-report,470,False,True,True,True,0
single-report,471,False,True,True,True,0
single-report,472,False,True,True,True,0
single-report,473,False,True,True,True,0
single-report,474,False,True,True,True,0
single-report,475,False,True,True,True,0
single-report,476,False,True,True,True,0
single-report,477,False,True,True,True,0
single-report,478,False,True,True,True,0
single-report,479,False,True,True,True,0
single-report,480,False,True,True,True,0
single-report,481,False,True,True,True,0
single-report,482,False,True,True,True,0
single-report,483,False,True,True,True,0
single-report,484,False,True,True,True,0
single-report,485,False,True,True,True,0
single-report,486,False,True,True,True,0
single-report,487,False,True,True,True,0
single-report,488,False,True,True,True,0
single-report,489,False,True,True,True,0
single-report,490,False,True,True,True,0
single-report,491,False,True,True,True,0
single-report,492,False,True,True,True,0
single-report,493,False,True,True,True,0
single-report,494,False,True,True,True,0
single-report,495,False,True,True,True,0
single-report,496,False,True,True,True,0
single-report,497,False,True,True,True,0
single-report,498,False,True,True,True,0
single-report,499,False,True,True,True,0
single-report,500,False,True,True,True,0
single-report,501,False,True,True,True,0
single-report,502,False,True,True,True,0
single-report,503,False,True,True,True,0
single-report,504,False,True,True,True,0
single-report,505,False,True,True,True,0
single-report,506,False,True,True,True,0
single-report,507,False,True,True,True,0
single-report,508,False,True,True,True,0
single-report,509,False,True,True,True,0
single-report,510,False,True,True,True,0
single-report,511,False,True,True,True,0
single-report,512,False,True,True,True,0
single-report,513,False,True,True,True,0
single-report,514,False,True,True,True,0
single-report,515,False,True,True,True,0
single-report,516,False,True,True,True,0
single-report,517,False,True,True,True,0
single-report,518,False,True,True,True,0
single-report,519,False,True,True,True,0
single-report,520,False,True,True,True,0
single-report,521,False,True,True,True,0
single-report,522,False,True,True,True,0
single-report,523,False,True,True,True,0
single-report,524,False,True,True,True,0
single-report,525,False,True,True,True,0
single-report,526,False,True,True,True,0
single-report,527,False,True,True,True,0
single-report,528,False,True,True,True,0
single-report,529,False,True,True,True,0
single-report,530,False,True,True,True,0
single-report,531,False,True,True,True,0
single-report,532,False,True,True,True,0
single-report,533,False,True,True,True,0
single-report,534,False,True,True,True,0
single-report,535,False,True,True,True,0
single-report,536,False,True,True,True,0
single-report,537,False,True,True,True,0
single-report,538,False,True,True,True,0
single-report,539,False,True,True,True,0
single-report,540,False,True,True,True,0
single-report,541,False,True,True,True,0
single-report,542,False,True,True,True,0
single-report,543,False,True,True,True,0
single-report,544,False,True,True,True,0
single-report,545,False,True,True,True,0
single-report,546,False,True,True,True,0
single-report,547,False,True,True,True,0
single-report,548,False,True,True,True,0
single-report,549,False,True,True,True,0
single-report,550,False,True,True,True,0
single-report,551,False,True,True,True,0
single-report,552,False,True,True,True,0
single-report,553,False,True,True,True,0
single-report,554,False,True,True,True,0
single-report,555,False,True,True,True,0
single-report,556,False,True,True,True,0
single-report,557,False,True,True,True,0
single-report,558,False,True,True,True,0
single-report,559,False,True,True,True,0
single-report,560,False,True,True,True,0
single-report,561,False,True,True,True,0
single-report,562,False,True,True,True,0
single-report,563,False,True,True,True,0
single-report,564,False,True,True,True,0
single-report,565,False,True,True,True,0
single-report,566,False,True,True,True,0
single-report,567,False,True,True,True,0
single-report,568,False,True,True,True,0
single-report,569,False,True,True,True,0
single-report,570,False,True,True,True,0
single-report,571,False,True,True,True,0
single-report,572,False,True,True,True,0
single-report,573,False,True,True,True,0
single-report,574,False,True,True,True,0
single-report,575,False,True,True,True,0
single-report,576,False,True,True,True,0
single-report,577,False,True,True,True,0
single-report,578,False,True,True,True,0
single-report,579,False,True,True,True,0
single-report,580,False,True,True,True,0
single-report,581,False,True,True,True,0
single-report,582,False,True,True,True,0
single-report,583,False,True,True,True,0
single-report,584,False,True,True,True,0
single-report,585,False,True,True,True,0
single-report,586,False,True,True,True,0
single-report,587,False,True,True,True,0
single-report,588,False,True,True,True,0
single-report,589,False,True,True,True,0
single-report,590,False,True,True,True,0
single-report,591,False,True,True,True,0
single-report,592,False,True,True,True,0
single-report,593,False,True,True,True,0
single-report,594,False,True,True,True,0
single-report,595,False,True,True,True,0
single-report,596,False,True,True,True,0
single-report,597,False,True,True,True,0
single-report,598,False,True,True,True,0
single-report,599,False,True,True,True,0
single-report,600,False,True,True,True,0
single-report,601,False,True,True,True,0
single-report,602,False,True,True,True,0
single-report,603,False,True,True,True,0
single-report,604,False,True,True,True,0
single-report,605,False,True,True,True,0
single-report,606,False,True,True,True,0
single-report,607,False,True,True,True,0
single-report,608,False,True,True,True,0
single-report,609,False,True,True,True,0
single-report,610,False,True,True,True,0
single-report,611,False,True,True,True,0
single-report,612,False,True,True,True,0
single-report,613,False,True,True,True,0
single-report,614,False,True,True,True,0
single-report,615,False,True,True,True,0
single-report,616,False,True,True,True,0
single-report,617,False,True,True,True,0
single-report,618,False,True,True,True,0
single-report,619,False,True,True,True,0
single-report,620,False,True,True,True,0
single-report,621,False,True,True,True,0
single-report,622,False,True,True,True,0
single-report,623,False,True,True,True,0
single-report,624,False,True,True,True,0
single-report,625,False,True,True,True,0
single-report,626,False,True,True,True,0
single-report,627,False,True,True,True,0
single-report,628,False,True,True,True,0
single-report,629,False,True,True,True,0
single-report,630,False,True,True,True,0
single-report,631,False,True,True,True,0
single-report,632,False,True,True,True,0
single-report,633,False,True,True,True,0
single-report,634,False,True,True,True,0
single-report,635,False,True,True,True,0
single-report,636,False,True,True,True,0
single-report,637,False,True,True,True,0
single-report,638,False,True,True,True,0
single-report,639,False,True,True,True,0
single-report,640,False,True,True,True,0
single-report,641,False,True,True,True,0
single-report,642,False,True,True,True,0
single-report,643,False,True,True,True,0
single-report,644,False,True,True,True,0
single-report,645,False,True,True,True,0
single-report,646,False,True,True,True,0
single-report,647,False,True,True,True,0
single-report,648,False,True,True,True,0
single-report,649,False,True,True,True,0
single-report,650,False,True,True,True,0
single-report,651,False,True,True,True,0
single-report,652,False,True,True,True,0
single-report,653,False,True,True,True,0
single-report,654,False,True,True,True,0
single-report,655,False,True,True,True,0
single-report,656,False,True,True,True,0
single-report,657,False,True,True,True,0
single-report,658,False,True,True,True,0
single-report,659,False,True,True,True,0
single-report,660,False,True,True,True,0
single-report,661,False,True,True,True,0
single-report,662,False,True,True,True,0
single-report,663,False,True,True,True,0
single-report,664,False,True,True,True,0
single-report,665,False,True,True,True,0
single-report,666,False,True,True,True,0
single-report,667,False,True,True,True,0
single-report,668,False,True,True,True,0
single-report,669,False,True,True,True,0
single-report,670,False,True,True,True,0
single-report,671,False,True,True,True,0
single-report,672,False,True,True,True,0
single-report,673,False,True,True,True,0
single-report,674,False,True,True,True,0
single-report,675,False,True,True,True,0
single-report,676,False,True,True,True,0
single-report,677,False,True,True,True,0
single-report,678,False,True,True,True,0
single-report,679,False,True,True,True,0
single-report,680,False,True,True,True,0
single-report,681,False,True,True,True,0
single-report,682,False,True,True,True,0
single-report,683,False,True,True,True,0
single-report,684,False,True,True,True,0
single-report,685,False,True,True,True,0
single-report,686,False,True,True,True,0
single-report,687,False,True,True,True,0
single-report,688,False,True,True,True,0
single-report,689,False,True,True,True,0
single-report,690,False,True,True,True,0
single-report,691,False,True,True,True,0
single-report,692,False,True,True,True,0
single-report,693,False,True,True,True,0
single-report,694,False,True,True,True,0
single-report,695,False,True,True,True,0
single-report,696,False,True,True,True,0
single-report,697,False,True,True,True,0
single-report,698,False,True,True,True,0
single-report,699,False,True,True,True,0
single-report,700,False,True,True,True,0
single-report,701,False,True,True,True,0
single-report,702,False,True,True,True,0
single-report,703,False,True,True,True,0
single-report,704,False,True,True,True,0
single-report,705,False,True,True,True,0
single-report,706,False,True,True,True,0
single-report,707,False,True,True,True,0
single-report,708,False,True,True,True,0
single-report,709,False,True,True,True,0
single-report,710,False,True,True,True,0
single-report,711,False,True,True,True,0
single-report,712,False,True,True,True,0
single-report,713,False,True,True,True,0
single-report,714,False,True,True,True,0
single-report,715,False,True,True,True,0
single-report,716,False,True,True,True,0
single-report,717,False,True,True,True,0
single-report,718,False,True,True,True,0
single-report,719,False,True,True,True,0
single-report,720,False,True,True,True,0
single-report,721,False,True,True,True,0
single-report,722,False,True,True,True,0
single-report,723,False,True,True,True,0
single-report,724,False,True,True,True,0
single-report,725,False,True,True,True,0
single-report,726,False,True,True,True,0
single-report,727,False,True,True,True,0
single-report,728,False,True,True,True,0
single-report,729,False,True,True,True,0
single-report,730,False,True,True,True,0
single-report,731,False,True,True,True,0
single-report,732,False,True,True,True,0
single-report,733,False,True,True,True,0
single-report,734,False,True,True,True,0
single-report,735,False,True,True,True,0
single-report,736,False,True,True,True,0
single-report,737,False,True,True,True,0
single-report,738,False,True,True,True,0
single-report,739,False,True,True,True,0
single-report,740,False,True,True,True,0
single-report,741,False,True,True,True,0
single-report,742,False,True,True,True,0
single-report,743,False,True,True,True,0
single-report,744,False,True,True,True,0
single-report,745,False,True,True,True,0
single-report,746,False,True,True,True,0
single-report,747,False,True,True,True,0
single-report,748,False,True,True,True,0
single-report,749,False,True,True,True,0
single-report,750,False,True,True,True,0
single-report,751,False,True,True,True,0
single-report,752,False,True,True,True,0
single-report,753,False,True,True,True,0
single-report,754,False,True,True,True,0
single-report,755,False,True,True,True,0
single-report,756,False,True,True,True,0
single-report,757,False,True,True,True,0
single-report,758,False,True,True,True,0
single-report,759,False,True,True,True,0
single-report,760,False,True,True,True,0
single-report,761,False,True,True,True,0
single-report,762,False,True,True,True,0
single-report,763,False,True,True,True,0
single-report,764,False,True,True,True,0
single-report,765,False,True,True,True,0
single-report,766,False,True,True,True,0
single-report,767,False,True,True,True,0
single-report,768,False,True,True,True,0
single-report,769,False,True,True,True,0
single-report,770,False,True,True,True,0
single-report,771,False,True,True,True,0
single-report,772,False,True,True,True,0
single-report,773,False,True,True,True,0
single-report,774,False,True,True,True,0
single-report,775,False,True,True,True,0
single-report,776,False,True,True,True,0
single-report,777,False,True,True,True,0
single-report,778,False,True,True,True,0
single-report,779,False,True,True,True,0
single-report,780,False,True,True,True,0
single-report,781,False,True,True,True,0
single-report,782,False,True,True,True,0
single-report,783,False,True,True,True,0
single-report,784,False,True,True,True,0
single-report,785,False,True,True,True,0
single-report,786,False,True,True,True,0
single-report,787,False,True,True,True,0
single-report,788,False,True,True,True,0
single-report,789,False,True,True,True,0
single-report,790,False,True,True,True,0
single-report,791,False,True,True,True,0
single-report,792,False,True,True,True,0
single-report,793,False,True,True,True,0
single-report,794,False,True,True,True,0
single-report,795,False,True,True,True,0
single-report,796,False,True,True,True,0
single-report,797,False,True,True,True,0
single-report,798,False,True,True,True,0
single-report,799,False,True,True,True,0
single-report,800,False,True,True,True,0
single-report,801,False,True,True,True,0
single-report,802,False,True,True,True,0
single-report,803,False,True,True,True,0
single-report,804,False,True,True,True,0
single-report,805,False,True,True,True,0
single-report,806,False,True,True,True,0
single-report,807,False,True,True,True,0
single-report,808,False,True,True,True,0
single-report,809,False,True,True,True,0
single-report,810,False,True,True,True,0
single-report,811,False,True,True,True,0
single-report,812,False,True,True,True,0
single-report,813,False,True,True,True,0
single-report,814,False,True,True,True,0
single-report,815,False,True,True,True,0
single-report,816,False,True,True,True,0
single-report,817,False,True,True,True,0
single-report,818,False,True,True,True,0
single-report,819,False,True,True,True,0
single-report,820,False,True,True,True,0
single-report,821,False,True,True,True,0
single-report,822,False,True,True,True,0
single-report,823,False,True,True,True,0
single-report,824,False,True,True,True,0
single-report,825,False,True,True,True,0
single-report,826,False,True,True,True,0
single-report,827,False,True,True,True,0
single-report,828,False,True,True,True,0
single-report,829,False,True,True,True,0
single-report,830,False,True,True,True,0
single-report,831,False,True,True,True,0
single-report,832,False,True,True,True,0
single-report,833,False,True,True,True,0
single-report,834,False,True,True,True,0
single-report,835,False,True,True,True,0
single-report,836,False,True,True,True,0
single-report,837,False,True,True,True,0
single-report,838,False,True,True,True,0
single-report,839,False,True,True,True,0
single-report,840,False,True,True,True,0
single-report,841,False,True,True,True,0
single-report,842,False,True,True,True,0
single-report,843,False,True,True,True,0
single-report,844,False,True,True,True,0
single-report,845,False,True,True,True,0
single-report,846,False,True,True,True,0
single-report,847,False,True,True,True,0
single-report,848,False,True,True,True,0
single-report,849,False,True,True,True,0
single-report,850,False,True,True,True,0
single-report,851,False,True,True,True,0
single-report,852,False,True,True,True,0
single-report,853,False,True,True,True,0
single-report,854,False,True,True,True,0
single-report,855,False,True,True,True,0
single-report,856,False,True,True,True,0
single-report,857,False,True,True,True,0
single-report,858,False,True,True,True,0
single-report,859,False,True,True,True,0
single-report,860,False,True,True,True,0
single-report,861,False,True,True,True,0
single-report,862,False,True,True,True,0
single-report,863,False,True,True,True,0
single-report,864,False,True,True,True,0
single-report,865,False,True,True,True,0
single-report,866,False,True,True,True,0
single-report,867,False,True,True,True,0
single-report,868,False,True,True,True,0
single-report,869,False,True,True,True,0
single-report,870,False,True,True,True,0
single-report,871,False,True,True,True,0
single-report,872,False,True,True,True,0
single-report,873,False,True,True,True,0
single-report,874,False,True,True,True,0
single-report,875,False,True,True,True,0
single-report,876,False,True,True,True,0
single-report,877,False,True,True,True,0
single-report,878,False,True,True,True,0
single-report,879,False,True,True,True,0
single-report,880,False,True,True,True,0
single-report,881,False,True,True,True,0
single-report,882,False,True,True,True,0
single-report,883,False,True,True,True,0
single-report,884,False,True,True,True,0
single-report,885,False,True,True,True,0
single-report,886,False,True,True,True,0
single-report,887,False,True,True,True,0
single-report,888,False,True,True,True,0
single-report,889,False,True,True,True,0
single-report,890,False,True,True,True,0
single-report,891,False,True,True,True,0
single-report,892,False,True,True,True,0
single-report,893,False,True,True,True,0
single-report,894,False,True,True,True,0
single-report,895,False,True,True,True,0
single-report,896,False,True,True,True,0
single-report,897,False,True,True,True,0
single-report,898,False,True,True,True,0
single-report,899,False,True,True,True,0
single-report,900,False,True,True,True,0
single-report,901,False,True,True,True,0
single-report,902,False,True,True,True,0
single-report,903,False,True,True,True,0
single-report,904,False,True,True,True,0
single-report,905,False,True,True,True,0
single-report,906,False,True,True,True,0
single-report,907,False,True,True,True,0
single-report,908,False,True,True,True,0
single-report,909,False,True,True,True,0
single-report,910,False,True,True,True,0
single-report,911,False,True,True,True,0
single-report,912,False,True,True,True,0
single-report,913,False,True,True,True,0
single-report,914,False,True,True,True,0
single-report,915,False,True,True,True,0
single-report,916,False,True,True,True,0
single-report,917,False,True,True,True,0
single-report,918,False,True,True,True,0
single-report,919,False,True,True,True,0
single-report,920,False,True,True,True,0
single-report,921,False,True,True,True,0
single-report,922,False,True,True,True,0
single-report,923,False,True,True,True,0
single-report,924,False,True,True,True,0
single-report,925,False,True,True,True,0
single-report,926,False,True,True,True,0
single-report,927,False,True,True,True,0
single-report,928,False,True,True,True,0
single-report,929,False,True,True,True,0
single-report,930,False,True,True,True,0
single-report,931,False,True,True,True,0
single-report,932,False,True,True,True,0
single-report,933,False,True,True,True,0
single-report,934,False,True,True,True,0
single-report,935,False,True,True,True,0
single-report,936,False,True,True,True,0
single-report,937,False,True,True,True,0
single-report,938,False,True,True,True,0
single-report,939,False,True,True,True,0
single-report,940,False,True,True,True,0
single-report,941,False,True,True,True,0
single-report,942,False,True,True,True,0
single-report,943,False,True,True,True,0
single-report,944,False,True,True,True,0
single-report,945,False,True,True,True,0
single-report,946,False,True,True,True,0
single-report,947,False,True,True,True,0
single-report,948,False,True,True,True,0
single-report,949,False,True,True,True,0
single-report,950,False,True,True,True,0
single-report,951,False,True,True,True,0
single-report,952,False,True,True,True,0
single-report,953,False,True,True,True,0
single-report,954,False,True,True,True,0
single-report,955,False,True,True,True,0
single-report,956,False,True,True,True,0
single-report,957,False,True,True,True,0
single-report,958,False,True,True,True,0
single-report,959,False,True,True,True,0
single-report,960,False,True,True,True,0
single-report,961,False,True,True,True,0
single-report,962,False,True,True,True,0
single-report,963,False,True,True,True,0
single-report,964,False,True,True,True,0
single-report,965,False,True,True,True,0
single-report,966,False,True,True,True,0
single-report,967,False,True,True,True,0
single-report,968,False,True,True,True,0
single-report,969,False,True,True,True,0
single-report,970,False,True,True,True,0
single-report,971,False,True,True,True,0
single-report,972,False,True,True,True,0
single-report,973,False,True,True,True,0
single-report,974,False,True,True,True,0
single-report,975,False,True,True,True,0
single-report,976,False,True,True,True,0
single-report,977,False,True,True,True,0
single-report,978,False,True,True,True,0
single-report,979,False,True,True,True,0
single-report,980,False,True,True,True,0
single-report,981,False,True,True,True,0
single-report,982,False,True,True,True,0
single-report,983,False,True,True,True,0
single-report,984,False,True,True,True,0
single-report,985,False,True,True,True,0
single-report,986,False,True,True,True,0
single-report,987,False,True,True,True,0
single-report,988,False,True,True,True,0
single-report,989,False,True,True,True,0
single-report,990,False,True,True,True,0
single-report,991,False,True,True,True,0
single-report,992,False,True,True,True,0
single-report,993,False,True,True,True,0
single-report,994,False,True,True,True,0
single-report,995,False,True,True,True,0
single-report,996,False,True,True,True,0
single-report,997,False,True,True,True,0
single-report,998,False,True,True,True,0
single-report,999,False,True,True,True,0
identical-reports,0,False,True,True,True,0
identical-reports,1,False,True,True,True,0
identical-reports,2,False,True,True,True,0
identical-reports,3,False,True,True,True,0
identical-reports,4,False,True,True,True,0
identical-reports,5,False,True,True,True,0
identical-reports,6,False,True,True,True,0
identical-reports,7,False,True,True,True,0
identical-reports,8,False,True,True,True,0
identical-reports,9,False,True,True,True,0
identical-reports,10,False,True,True,True,0
identical-reports,11,False,True,True,True,0
identical-reports,12,False,True,True,True,0
identical-reports,13,False,True,True,True,0
identical-reports,14,False,True,True,True,0
identical-reports,15,False,True,True,True,0
identical-reports,16,False,True,True,True,0
identical-reports,17,False,True,True,True,0
identical-reports,18,False,True,True,True,0
identical-reports,19,False,True,True,True,0
identical-reports,20,False,True,True,True,0
identical-reports,21,False,True,True,True,0
identical-reports,22,False,True,True,True,0
identical-reports,23,False,True,True,True,0
identical-reports,24,False,True,True,True,0
identical-reports,25,False,True,True,True,0
identical-reports,26,False,True,True,True,0
identical-reports,27,False,True,True,True,0
identical-reports,28,False,True,True,True,0
identical-reports,29,False,True,True,True,0
identical-reports,30,False,True,True,True,0
identical-reports,31,False,True,True,True,0
identical-reports,32,False,True,True,True,0
identical-reports,33,False,True,True,True,0
identical-reports,34,False,True,True,True,0
identical-reports,35,False,True,True,True,0
identical-reports,36,False,True,True,True,0
identical-reports,37,False,True,True,True,0
identical-reports,38,False,True,True,True,0
identical-reports,39,False,True,True,True,0
identical-reports,40,False,True,True,True,0
identical-reports,41,False,True,True,True,0
identical-reports,42,False,True,True,True,0
identical-reports,43,False,True,True,True,0
identical-reports,44,False,True,True,True,0
identical-reports,45,False,True,True,True,0
identical-reports,46,False,True,True,True,0
identical-reports,47,False,True,True,True,0
identical-reports,48,False,True,True,True,0
identical-reports,49,False,True,True,True,0
identical-reports,50,False,True,True,True,0
identical-reports,51,False,True,True,True,0
identical-reports,52,False,True,True,True,0
identical-reports,53,False,True,True,True,0
identical-reports,54,False,True,True,True,0
identical-reports,55,False,True,True,True,0
identical-reports,56,False,True,True,True,0
identical-reports,57,False,True,True,True,0
identical-reports,58,False,True,True,True,0
identical-reports,59,False,True,True,True,0
identical-reports,60,False,True,True,True,0
identical-reports,61,False,True,True,True,0
identical-reports,62,False,True,True,True,0
identical-reports,63,False,True,True,True,0
identical-reports,64,False,True,True,True,0
identical-reports,65,False,True,True,True,0
identical-reports,66,False,True,True,True,0
identical-reports,67,False,True,True,True,0
identical-reports,68,False,True,True,True,0
identical-reports,69,False,True,True,True,0
identical-reports,70,False,True,True,True,0
identical-reports,71,False,True,True,True,0
identical-reports,72,False,True,True,True,0
identical-reports,73,False,True,True,True,0
identical-reports,74,False,True,True,True,0
identical-reports,75,False,True,True,True,0
identical-reports,76,False,True,True,True,0
identical-reports,77,False,True,True,True,0
identical-reports,78,False,True,True,True,0
identical-reports,79,False,True,True,True,0
identical-reports,80,False,True,True,True,0
identical-reports,81,False,True,True,True,0
identical-reports,82,False,True,True,True,0
identical-reports,83,False,True,True,True,0
identical-reports,84,False,True,True,True,0
identical-reports,85,False,True,True,True,0
identical-reports,86,False,True,True,True,0
identical-reports,87,False,True,True,True,0
identical-reports,88,False,True,True,True,0
identical-reports,89,False,True,True,True,0
identical-reports,90,False,True,True,True,0
identical-reports,91,False,True,True,True,0
identical-reports,92,False,True,True,True,0
identical-reports,93,False,True,True,True,0
identical-reports,94,False,True,True,True,0
identical-reports,95,False,True,True,True,0
identical-reports,96,False,True,True,True,0
identical-reports,97,False,True,True,True,0
identical-reports,98,False,True,True,True,0
identical-reports,99,False,True,True,True,0
identical-reports,100,False,True,True,True,0
identical-reports,101,False,True,True,True,0
identical-reports,102,False,True,True,True,0
identical-reports,103,False,True,True,True,0
identical-reports,104,False,True,True,True,0
identical-reports,105,False,True,True,True,0
identical-reports,106,False,True,True,True,0
identical-reports,107,False,True,True,True,0
identical-reports,108,False,True,True,True,0
identical-reports,109,False,True,True,True,0
identical-reports,110,False,True,True,True,0
identical-reports,111,False,True,True,True,0
identical-reports,112,False,True,True,True,0
identical-reports,113,False,True,True,True,0
identical-reports,114,False,True,True,True,0
identical-reports,115,False,True,True,True,0
identical-reports,116,False,True,True,True,0
identical-reports,117,False,True,True,True,0
identical-reports,118,False,True,True,True,0
identical-reports,119,False,True,True,True,0
identical-reports,120,False,True,True,True,0
identical-reports,121,False,True,True,True,0
identical-reports,122,False,True,True,True,0
identical-reports,123,False,True,True,True,0
identical-reports,124,False,True,True,True,0
identical-reports,125,False,True,True,True,0
identical-reports,126,False,True,True,True,0
identical-reports,127,False,True,True,True,0
identical-reports,128,False,True,True,True,0
identical-reports,129,False,True,True,True,0
identical-reports,130,False,True,True,True,0
identical-reports,131,False,True,True,True,0
identical-reports,132,False,True,True,True,0
identical-reports,133,False,True,True,True,0
identical-reports,134,False,True,True,True,0
identical-reports,135,False,True,True,True,0
identical-reports,136,False,True,True,True,0
identical-reports,137,False,True,True,True,0
identical-reports,138,False,True,True,True,0
identical-reports,139,False,True,True,True,0
identical-reports,140,False,True,True,True,0
identical-reports,141,False,True,True,True,0
identical-reports,142,False,True,True,True,0
identical-reports,143,False,True,True,True,0
identical-reports,144,False,True,True,True,0
identical-reports,145,False,True,True,True,0
identical-reports,146,False,True,True,True,0
identical-reports,147,False,True,True,True,0
identical-reports,148,False,True,True,True,0
identical-reports,149,False,True,True,True,0
identical-reports,150,False,True,True,True,0
identical-reports,151,False,True,True,True,0
identical-reports,152,False,True,True,True,0
identical-reports,153,False,True,True,True,0
identical-reports,154,False,True,True,True,0
identical-reports,155,False,True,True,True,0
identical-reports,156,False,True,True,True,0
identical-reports,157,False,True,True,True,0
identical-reports,158,False,True,True,True,0
identical-reports,159,False,True,True,True,0
identical-reports,160,False,True,True,True,0
identical-reports,161,False,True,True,True,0
identical-reports,162,False,True,True,True,0
identical-reports,163,False,True,True,True,0
identical-reports,164,False,True,True,True,0
identical-reports,165,False,True,True,True,0
identical-reports,166,False,True,True,True,0
identical-reports,167,False,True,True,True,0
identical-reports,168,False,True,True,True,0
identical-reports,169,False,True,True,True,0
identical-reports,170,False,True,True,True,0
identical-reports,171,False,True,True,True,0
identical-reports,172,False,True,True,True,0
identical-reports,173,False,True,True,True,0
identical-reports,174,False,True,True,True,0
identical-reports,175,False,True,True,True,0
identical-reports,176,False,True,True,True,0
identical-reports,177,False,True,True,True,0
identical-reports,178,False,True,True,True,0
identical-reports,179,False,True,True,True,0
identical-reports,180,False,True,True,True,0
identical-reports,181,False,True,True,True,0
identical-reports,182,False,True,True,True,0
identical-reports,183,False,True,True,True,0
identical-reports,184,False,True,True,True,0
identical-reports,185,False,True,True,True,0
identical-reports,186,False,True,True,True,0
identical-reports,187,False,True,True,True,0
identical-reports,188,False,True,True,True,0
identical-reports,189,False,True,True,True,0
identical-reports,190,False,True,True,True,0
identical-reports,191,False,True,True,True,0
identical-reports,192,False,True,True,True,0
identical-reports,193,False,True,True,True,0
identical-reports,194,False,True,True,True,0
identical-reports,195,False,True,True,True,0
identical-reports,196,False,True,True,True,0
identical-reports,197,False,True,True,True,0
identical-reports,198,False,True,True,True,0
identical-reports,199,False,True,True,True,0
identical-reports,200,False,True,True,True,0
identical-reports,201,False,True,True,True,0
identical-reports,202,False,True,True,True,0
identical-reports,203,False,True,True,True,0
identical-reports,204,False,True,True,True,0
identical-reports,205,False,True,True,True,0
identical-reports,206,False,True,True,True,0
identical-reports,207,False,True,True,True,0
identical-reports,208,False,True,True,True,0
identical-reports,209,False,True,True,True,0
identical-reports,210,False,True,True,True,0
identical-reports,211,False,True,True,True,0
identical-reports,212,False,True,True,True,0
identical-reports,213,False,True,True,True,0
identical-reports,214,False,True,True,True,0
identical-reports,215,False,True,True,True,0
identical-reports,216,False,True,True,True,0
identical-reports,217,False,True,True,True,0
identical-reports,218,False,True,True,True,0
identical-reports,219,False,True,True,True,0
identical-reports,220,False,True,True,True,0
identical-reports,221,False,True,True,True,0
identical-reports,222,False,True,True,True,0
identical-reports,223,False,True,True,True,0
identical-reports,224,False,True,True,True,0
identical-reports,225,False,True,True,True,0
identical-reports,226,False,True,True,True,0
identical-reports,227,False,True,True,True,0
identical-reports,228,False,True,True,True,0
identical-reports,229,False,True,True,True,0
identical-reports,230,False,True,True,True,0
identical-reports,231,False,True,True,True,0
identical-reports,232,False,True,True,True,0
identical-reports,233,False,True,True,True,0
identical-reports,234,False,True,True,True,0
identical-reports,235,False,True,True,True,0
identical-reports,236,False,True,True,True,0
identical-reports,237,False,True,True,True,0
identical-reports,238,False,True,True,True,0
identical-reports,239,False,True,True,True,0
identical-reports,240,False,True,True,True,0
identical-reports,241,False,True,True,True,0
identical-reports,242,False,True,True,True,0
identical-reports,243,False,True,True,True,0
identical-reports,244,False,True,True,True,0
identical-reports,245,False,True,True,True,0
identical-reports,246,False,True,True,True,0
identical-reports,247,False,True,True,True,0
identical-reports,248,False,True,True,True,0
identical-reports,249,False,True,True,True,0
identical-reports,250,False,True,True,True,0
identical-reports,251,False,True,True,True,0
identical-reports,252,False,True,True,True,0
identical-reports,253,False,True,True,True,0
identical-reports,254,False,True,True,True,0
identical-reports,255,False,True,True,True,0
identical-reports,256,False,True,True,True,0
identical-reports,257,False,True,True,True,0
identical-reports,258,False,True,True,True,0
identical-reports,259,False,True,True,True,0
identical-reports,260,False,True,True,True,0
identical-reports,261,False,True,True,True,0
identical-reports,262,False,True,True,True,0
identical-reports,263,False,True,True,True,0
identical-reports,264,False,True,True,True,0
identical-reports,265,False,True,True,True,0
identical-reports,266,False,True,True,True,0
identical-reports,267,False,True,True,True,0
identical-reports,268,False,True,True,True,0
identical-reports,269,False,True,True,True,0
identical-reports,270,False,True,True,True,0
identical-reports,271,False,True,True,True,0
identical-reports,272,False,True,True,True,0
identical-reports,273,False,True,True,True,0
identical-reports,274,False,True,True,True,0
identical-reports,275,False,True,True,True,0
identical-reports,276,False,True,True,True,0
identical-reports,277,False,True,True,True,0
identical-reports,278,False,True,True,True,0
identical-reports,279,False,True,True,True,0
identical-reports,280,False,True,True,True,0
identical-reports,281,False,True,True,True,0
identical-reports,282,False,True,True,True,0
identical-reports,283,False,True,True,True,0
identical-reports,284,False,True,True,True,0
identical-reports,285,False,True,True,True,0
identical-reports,286,False,True,True,True,0
identical-reports,287,False,True,True,True,0
identical-reports,288,False,True,True,True,0
identical-reports,289,False,True,True,True,0
identical-reports,290,False,True,True,True,0
identical-reports,291,False,True,True,True,0
identical-reports,292,False,True,True,True,0
identical-reports,293,False,True,True,True,0
identical-reports,294,False,True,True,True,0
identical-reports,295,False,True,True,True,0
identical-reports,296,False,True,True,True,0
identical-reports,297,False,True,True,True,0
identical-reports,298,False,True,True,True,0
identical-reports,299,False,True,True,True,0
identical-reports,300,False,True,True,True,0
identical-reports,301,False,True,True,True,0
identical-reports,302,False,True,True,True,0
identical-reports,303,False,True,True,True,0
identical-reports,304,False,True,True,True,0
identical-reports,305,False,True,True,True,0
identical-reports,306,False,True,True,True,0
identical-reports,307,False,True,True,True,0
identical-reports,308,False,True,True,True,0
identical-reports,309,False,True,True,True,0
identical-reports,310,False,True,True,True,0
identical-reports,311,False,True,True,True,0
identical-reports,312,False,True,True,True,0
identical-reports,313,False,True,True,True,0
identical-reports,314,False,True,True,True,0
identical-reports,315,False,True,True,True,0
identical-reports,316,False,True,True,True,0
identical-reports,317,False,True,True,True,0
identical-reports,318,False,True,True,True,0
identical-reports,319,False,True,True,True,0
identical-reports,320,False,True,True,True,0
identical-reports,321,False,True,True,True,0
identical-reports,322,False,True,True,True,0
identical-reports,323,False,True,True,True,0
identical-reports,324,False,True,True,True,0
identical-reports,325,False,True,True,True,0
identical-reports,326,False,True,True,True,0
identical-reports,327,False,True,True,True,0
identical-reports,328,False,True,True,True,0
identical-reports,329,False,True,True,True,0
identical-reports,330,False,True,True,True,0
identical-reports,331,False,True,True,True,0
identical-reports,332,False,True,True,True,0
identical-reports,333,False,True,True,True,0
identical-reports,334,False,True,True,True,0
identical-reports,335,False,True,True,True,0
identical-reports,336,False,True,True,True,0
identical-reports,337,False,True,True,True,0
identical-reports,338,False,True,True,True,0
identical-reports,339,False,True,True,True,0
identical-reports,340,False,True,True,True,0
identical-reports,341,False,True,True,True,0
identical-reports,342,False,True,True,True,0
identical-reports,343,False,True,True,True,0
identical-reports,344,False,True,True,True,0
identical-reports,345,False,True,True,True,0
identical-reports,346,False,True,True,True,0
identical-reports,347,False,True,True,True,0
identical-reports,348,False,True,True,True,0
identical-reports,349,False,True,True,True,0
identical-reports,350,False,True,True,True,0
identical-reports,351,False,True,True,True,0
identical-reports,352,False,True,True,True,0
identical-reports,353,False,True,True,True,0
identical-reports,354,False,True,True,True,0
identical-reports,355,False,True,True,True,0
identical-reports,356,False,True,True,True,0
identical-reports,357,False,True,True,True,0
identical-reports,358,False,True,True,True,0
identical-reports,359,False,True,True,True,0
identical-reports,360,False,True,True,True,0
identical-reports,361,False,True,True,True,0
identical-reports,362,False,True,True,True,0
identical-reports,363,False,True,True,True,0
identical-reports,364,False,True,True,True,0
identical-reports,365,False,True,True,True,0
identical-reports,366,False,True,True,True,0
identical-reports,367,False,True,True,True,0
identical-reports,368,False,True,True,True,0
identical-reports,369,False,True,True,True,0
identical-reports,370,False,True,True,True,0
identical-reports,371,False,True,True,True,0
identical-reports,372,False,True,True,True,0
identical-reports,373,False,True,True,True,0
identical-reports,374,False,True,True,True,0
identical-reports,375,False,True,True,True,0
identical-reports,376,False,True,True,True,0
identical-reports,377,False,True,True,True,0
identical-reports,378,False,True,True,True,0
identical-reports,379,False,True,True,True,0
identical-reports,380,False,True,True,True,0
identical-reports,381,False,True,True,True,0
identical-reports,382,False,True,True,True,0
identical-reports,383,False,True,True,True,0
identical-reports,384,False,True,True,True,0
identical-reports,385,False,True,True,True,0
identical-reports,386,False,True,True,True,0
identical-reports,387,False,True,True,True,0
identical-reports,388,False,True,True,True,0
identical-reports,389,False,True,True,True,0
identical-reports,390,False,True,True,True,0
identical-reports,391,False,True,True,True,0
identical-reports,392,False,True,True,True,0
identical-reports,393,False,True,True,True,0
identical-reports,394,False,True,True,True,0
identical-reports,395,False,True,True,True,0
identical-reports,396,False,True,True,True,0
identical-reports,397,False,True,True,True,0
identical-reports,398,False,True,True,True,0
identical-reports,399,False,True,True,True,0
identical-reports,400,False,True,True,True,0
identical-reports,401,False,True,True,True,0
identical-reports,402,False,True,True,True,0
identical-reports,403,False,True,True,True,0
identical-reports,404,False,True,True,True,0
identical-reports,405,False,True,True,True,0
identical-reports,406,False,True,True,True,0
identical-reports,407,False,True,True,True,0
identical-reports,408,False,True,True,True,0
identical-reports,409,False,True,True,True,0
identical-reports,410,False,True,True,True,0
identical-reports,411,False,True,True,True,0
identical-reports,412,False,True,True,True,0
identical-reports,413,False,True,True,True,0
identical-reports,414,False,True,True,True,0
identical-reports,415,False,True,True,True,0
identical-reports,416,False,True,True,True,0
identical-reports,417,False,True,True,True,0
identical-reports,418,False,True,True,True,0
identical-reports,419,False,True,True,True,0
identical-reports,420,False,True,True,True,0
identical-reports,421,False,True,True,True,0
identical-reports,422,False,True,True,True,0
identical-reports,423,False,True,True,True,0
identical-reports,424,False,True,True,True,0
identical-reports,425,False,True,True,True,0
identical-reports,426,False,True,True,True,0
identical-reports,427,False,True,True,True,0
identical-reports,428,False,True,True,True,0
identical-reports,429,False,True,True,True,0
identical-reports,430,False,True,True,True,0
identical-reports,431,False,True,True,True,0
identical-reports,432,False,True,True,True,0
identical-reports,433,False,True,True,True,0
identical-reports,434,False,True,True,True,0
identical-reports,435,False,True,True,True,0
identical-reports,436,False,True,True,True,0
identical-reports,437,False,True,True,True,0
identical-reports,438,False,True,True,True,0
identical-reports,439,False,True,True,True,0
identical-reports,440,False,True,True,True,0
identical-reports,441,False,True,True,True,0
identical-reports,442,False,True,True,True,0
identical-reports,443,False,True,True,True,0
identical-reports,444,False,True,True,True,0
identical-reports,445,False,True,True,True,0
identical-reports,446,False,True,True,True,0
identical-reports,447,False,True,True,True,0
identical-reports,448,False,True,True,True,0
identical-reports,449,False,True,True,True,0
identical-reports,450,False,True,True,True,0
identical-reports,451,False,True,True,True,0
identical-reports,452,False,True,True,True,0
identical-reports,453,False,True,True,True,0
identical-reports,454,False,True,True,True,0
identical-reports,455,False,True,True,True,0
identical-reports,456,False,True,True,True,0
identical-reports,457,False,True,True,True,0
identical-reports,458,False,True,True,True,0
identical-reports,459,False,True,True,True,0
identical-reports,460,False,True,True,True,0
identical-reports,461,False,True,True,True,0
identical-reports,462,False,True,True,True,0
identical-reports,463,False,True,True,True,0
identical-reports,464,False,True,True,True,0
identical-reports,465,False,True,True,True,0
identical-reports,466,False,True,True,True,0
identical-reports,467,False,True,True,True,0
identical-reports,468,False,True,True,True,0
identical-reports,469,False,True,True,True,0
identical-reports,470,False,True,True,True,0
identical-reports,471,False,True,True,True,0
identical-reports,472,False,True,True,True,0
identical-reports,473,False,True,True,True,0
identical-reports,474,False,True,True,True,0
identical-reports,475,False,True,True,True,0
identical-reports,476,False,True,True,True,0
identical-reports,477,False,True,True,True,0
identical-reports,478,False,True,True,True,0
identical-reports,479,False,True,True,True,0
identical-reports,480,False,True,True,True,0
identical-reports,481,False,True,True,True,0
identical-reports,482,False,True,True,True,0
identical-reports,483,False,True,True,True,0
identical-reports,484,False,True,True,True,0
identical-reports,485,False,True,True,True,0
identical-reports,486,False,True,True,True,0
identical-reports,487,False,True,True,True,0
identical-reports,488,False,True,True,True,0
identical-reports,489,False,True,True,True,0
identical-reports,490,False,True,True,True,0
identical-reports,491,False,True,True,True,0
identical-reports,492,False,True,True,True,0
identical-reports,493,False,True,True,True,0
identical-reports,494,False,True,True,True,0
identical-reports,495,False,True,True,True,0
identical-reports,496,False,True,True,True,0
identical-reports,497,False,True,True,True,0
identical-reports,498,False,True,True,True,0
identical-reports,499,False,True,True,True,0
identical-reports,500,False,True,True,True,0
identical-reports,501,False,True,True,True,0
identical-reports,502,False,True,True,True,0
identical-reports,503,False,True,True,True,0
identical-reports,504,False,True,True,True,0
identical-reports,505,False,True,True,True,0
identical-reports,506,False,True,True,True,0
identical-reports,507,False,True,True,True,0
identical-reports,508,False,True,True,True,0
identical-reports,509,False,True,True,True,0
identical-reports,510,False,True,True,True,0
identical-reports,511,False,True,True,True,0
identical-reports,512,False,True,True,True,0
identical-reports,513,False,True,True,True,0
identical-reports,514,False,True,True,True,0
identical-reports,515,False,True,True,True,0
identical-reports,516,False,True,True,True,0
identical-reports,517,False,True,True,True,0
identical-reports,518,False,True,True,True,0
identical-reports,519,False,True,True,True,0
identical-reports,520,False,True,True,True,0
identical-reports,521,False,True,True,True,0
identical-reports,522,False,True,True,True,0
identical-reports,523,False,True,True,True,0
identical-reports,524,False,True,True,True,0
identical-reports,525,False,True,True,True,0
identical-reports,526,False,True,True,True,0
identical-reports,527,False,True,True,True,0
identical-reports,528,False,True,True,True,0
identical-reports,529,False,True,True,True,0
identical-reports,530,False,True,True,True,0
identical-reports,531,False,True,True,True,0
identical-reports,532,False,True,True,True,0
identical-reports,533,False,True,True,True,0
identical-reports,534,False,True,True,True,0
identical-reports,535,False,True,True,True,0
identical-reports,536,False,True,True,True,0
identical-reports,537,False,True,True,True,0
identical-reports,538,False,True,True,True,0
identical-reports,539,False,True,True,True,0
identical-reports,540,False,True,True,True,0
identical-reports,541,False,True,True,True,0
identical-reports,542,False,True,True,True,0
identical-reports,543,False,True,True,True,0
identical-reports,544,False,True,True,True,0
identical-reports,545,False,True,True,True,0
identical-reports,546,False,True,True,True,0
identical-reports,547,False,True,True,True,0
identical-reports,548,False,True,True,True,0
identical-reports,549,False,True,True,True,0
identical-reports,550,False,True,True,True,0
identical-reports,551,False,True,True,True,0
identical-reports,552,False,True,True,True,0
identical-reports,553,False,True,True,True,0
identical-reports,554,False,True,True,True,0
identical-reports,555,False,True,True,True,0
identical-reports,556,False,True,True,True,0
identical-reports,557,False,True,True,True,0
identical-reports,558,False,True,True,True,0
identical-reports,559,False,True,True,True,0
identical-reports,560,False,True,True,True,0
identical-reports,561,False,True,True,True,0
identical-reports,562,False,True,True,True,0
identical-reports,563,False,True,True,True,0
identical-reports,564,False,True,True,True,0
identical-reports,565,False,True,True,True,0
identical-reports,566,False,True,True,True,0
identical-reports,567,False,True,True,True,0
identical-reports,568,False,True,True,True,0
identical-reports,569,False,True,True,True,0
identical-reports,570,False,True,True,True,0
identical-reports,571,False,True,True,True,0
identical-reports,572,False,True,True,True,0
identical-reports,573,False,True,True,True,0
identical-reports,574,False,True,True,True,0
identical-reports,575,False,True,True,True,0
identical-reports,576,False,True,True,True,0
identical-reports,577,False,True,True,True,0
identical-reports,578,False,True,True,True,0
identical-reports,579,False,True,True,True,0
identical-reports,580,False,True,True,True,0
identical-reports,581,False,True,True,True,0
identical-reports,582,False,True,True,True,0
identical-reports,583,False,True,True,True,0
identical-reports,584,False,True,True,True,0
identical-reports,585,False,True,True,True,0
identical-reports,586,False,True,True,True,0
identical-reports,587,False,True,True,True,0
identical-reports,588,False,True,True,True,0
identical-reports,589,False,True,True,True,0
identical-reports,590,False,True,True,True,0
identical-reports,591,False,True,True,True,0
identical-reports,592,False,True,True,True,0
identical-reports,593,False,True,True,True,0
identical-reports,594,False,True,True,True,0
identical-reports,595,False,True,True,True,0
identical-reports,596,False,True,True,True,0
identical-reports,597,False,True,True,True,0
identical-reports,598,False,True,True,True,0
identical-reports,599,False,True,True,True,0
identical-reports,600,False,True,True,True,0
identical-reports,601,False,True,True,True,0
identical-reports,602,False,True,True,True,0
identical-reports,603,False,True,True,True,0
identical-reports,604,False,True,True,True,0
identical-reports,605,False,True,True,True,0
identical-reports,606,False,True,True,True,0
identical-reports,607,False,True,True,True,0
identical-reports,608,False,True,True,True,0
identical-reports,609,False,True,True,True,0
identical-reports,610,False,True,True,True,0
identical-reports,611,False,True,True,True,0
identical-reports,612,False,True,True,True,0
identical-reports,613,False,True,True,True,0
identical-reports,614,False,True,True,True,0
identical-reports,615,False,True,True,True,0
identical-reports,616,False,True,True,True,0
identical-reports,617,False,True,True,True,0
identical-reports,618,False,True,True,True,0
identical-reports,619,False,True,True,True,0
identical-reports,620,False,True,True,True,0
identical-reports,621,False,True,True,True,0
identical-reports,622,False,True,True,True,0
identical-reports,623,False,True,True,True,0
identical-reports,624,False,True,True,True,0
identical-reports,625,False,True,True,True,0
identical-reports,626,False,True,True,True,0
identical-reports,627,False,True,True,True,0
identical-reports,628,False,True,True,True,0
identical-reports,629,False,True,True,True,0
identical-reports,630,False,True,True,True,0
identical-reports,631,False,True,True,True,0
identical-reports,632,False,True,True,True,0
identical-reports,633,False,True,True,True,0
identical-reports,634,False,True,True,True,0
identical-reports,635,False,True,True,True,0
identical-reports,636,False,True,True,True,0
identical-reports,637,False,True,True,True,0
identical-reports,638,False,True,True,True,0
identical-reports,639,False,True,True,True,0
identical-reports,640,False,True,True,True,0
identical-reports,641,False,True,True,True,0
identical-reports,642,False,True,True,True,0
identical-reports,643,False,True,True,True,0
identical-reports,644,False,True,True,True,0
identical-reports,645,False,True,True,True,0
identical-reports,646,False,True,True,True,0
identical-reports,647,False,True,True,True,0
identical-reports,648,False,True,True,True,0
identical-reports,649,False,True,True,True,0
identical-reports,650,False,True,True,True,0
identical-reports,651,False,True,True,True,0
identical-reports,652,False,True,True,True,0
identical-reports,653,False,True,True,True,0
identical-reports,654,False,True,True,True,0
identical-reports,655,False,True,True,True,0
identical-reports,656,False,True,True,True,0
identical-reports,657,False,True,True,True,0
identical-reports,658,False,True,True,True,0
identical-reports,659,False,True,True,True,0
identical-reports,660,False,True,True,True,0
identical-reports,661,False,True,True,True,0
identical-reports,662,False,True,True,True,0
identical-reports,663,False,True,True,True,0
identical-reports,664,False,True,True,True,0
identical-reports,665,False,True,True,True,0
identical-reports,666,False,True,True,True,0
identical-reports,667,False,True,True,True,0
identical-reports,668,False,True,True,True,0
identical-reports,669,False,True,True,True,0
identical-reports,670,False,True,True,True,0
identical-reports,671,False,True,True,True,0
identical-reports,672,False,True,True,True,0
identical-reports,673,False,True,True,True,0
identical-reports,674,False,True,True,True,0
identical-reports,675,False,True,True,True,0
identical-reports,676,False,True,True,True,0
identical-reports,677,False,True,True,True,0
identical-reports,678,False,True,True,True,0
identical-reports,679,False,True,True,True,0
identical-reports,680,False,True,True,True,0
identical-reports,681,False,True,True,True,0
identical-reports,682,False,True,True,True,0
identical-reports,683,False,True,True,True,0
identical-reports,684,False,True,True,True,0
identical-reports,685,False,True,True,True,0
identical-reports,686,False,True,True,True,0
identical-reports,687,False,True,True,True,0
identical-reports,688,False,True,True,True,0
identical-reports,689,False,True,True,True,0
identical-reports,690,False,True,True,True,0
identical-reports,691,False,True,True,True,0
identical-reports,692,False,True,True,True,0
identical-reports,693,False,True,True,True,0
identical-reports,694,False,True,True,True,0
identical-reports,695,False,True,True,True,0
identical-reports,696,False,True,True,True,0
identical-reports,697,False,True,True,True,0
identical-reports,698,False,True,True,True,0
identical-reports,699,False,True,True,True,0
identical-reports,700,False,True,True,True,0
identical-reports,701,False,True,True,True,0
identical-reports,702,False,True,True,True,0
identical-reports,703,False,True,True,True,0
identical-reports,704,False,True,True,True,0
identical-reports,705,False,True,True,True,0
identical-reports,706,False,True,True,True,0
identical-reports,707,False,True,True,True,0
identical-reports,708,False,True,True,True,0
identical-reports,709,False,True,True,True,0
identical-reports,710,False,True,True,True,0
identical-reports,711,False,True,True,True,0
identical-reports,712,False,True,True,True,0
identical-reports,713,False,True,True,True,0
identical-reports,714,False,True,True,True,0
identical-reports,715,False,True,True,True,0
identical-reports,716,False,True,True,True,0
identical-reports,717,False,True,True,True,0
identical-reports,718,False,True,True,True,0
identical-reports,719,False,True,True,True,0
identical-reports,720,False,True,True,True,0
identical-reports,721,False,True,True,True,0
identical-reports,722,False,True,True,True,0
identical-reports,723,False,True,True,True,0
identical-reports,724,False,True,True,True,0
identical-reports,725,False,True,True,True,0
identical-reports,726,False,True,True,True,0
identical-reports,727,False,True,True,True,0
identical-reports,728,False,True,True,True,0
identical-reports,729,False,True,True,True,0
identical-reports,730,False,True,True,True,0
identical-reports,731,False,True,True,True,0
identical-reports,732,False,True,True,True,0
identical-reports,733,False,True,True,True,0
identical-reports,734,False,True,True,True,0
identical-reports,735,False,True,True,True,0
identical-reports,736,False,True,True,True,0
identical-reports,737,False,True,True,True,0
identical-reports,738,False,True,True,True,0
identical-reports,739,False,True,True,True,0
identical-reports,740,False,True,True,True,0
identical-reports,741,False,True,True,True,0
identical-reports,742,False,True,True,True,0
identical-reports,743,False,True,True,True,0
identical-reports,744,False,True,True,True,0
identical-reports,745,False,True,True,True,0
identical-reports,746,False,True,True,True,0
identical-reports,747,False,True,True,True,0
identical-reports,748,False,True,True,True,0
identical-reports,749,False,True,True,True,0
identical-reports,750,False,True,True,True,0
identical-reports,751,False,True,True,True,0
identical-reports,752,False,True,True,True,0
identical-reports,753,False,True,True,True,0
identical-reports,754,False,True,True,True,0
identical-reports,755,False,True,True,True,0
identical-reports,756,False,True,True,True,0
identical-reports,757,False,True,True,True,0
identical-reports,758,False,True,True,True,0
identical-reports,759,False,True,True,True,0
identical-reports,760,False,True,True,True,0
identical-reports,761,False,True,True,True,0
identical-reports,762,False,True,True,True,0
identical-reports,763,False,True,True,True,0
identical-reports,764,False,True,True,True,0
identical-reports,765,False,True,True,True,0
identical-reports,766,False,True,True,True,0
identical-reports,767,False,True,True,True,0
identical-reports,768,False,True,True,True,0
identical-reports,769,False,True,True,True,0
identical-reports,770,False,True,True,True,0
identical-reports,771,False,True,True,True,0
identical-reports,772,False,True,True,True,0
identical-reports,773,False,True,True,True,0
identical-reports,774,False,True,True,True,0
identical-reports,775,False,True,True,True,0
identical-reports,776,False,True,True,True,0
identical-reports,777,False,True,True,True,0
identical-reports,778,False,True,True,True,0
identical-reports,779,False,True,True,True,0
identical-reports,780,False,True,True,True,0
identical-reports,781,False,True,True,True,0
identical-reports,782,False,True,True,True,0
identical-reports,783,False,True,True,True,0
identical-reports,784,False,True,True,True,0
identical-reports,785,False,True,True,True,0
identical-reports,786,False,True,True,True,0
identical-reports,787,False,True,True,True,0
identical-reports,788,False,True,True,True,0
identical-reports,789,False,True,True,True,0
identical-reports,790,False,True,True,True,0
identical-reports,791,False,True,True,True,0
identical-reports,792,False,True,True,True,0
identical-reports,793,False,True,True,True,0
identical-reports,794,False,True,True,True,0
identical-reports,795,False,True,True,True,0
identical-reports,796,False,True,True,True,0
identical-reports,797,False,True,True,True,0
identical-reports,798,False,True,True,True,0
identical-reports,799,False,True,True,True,0
identical-reports,800,False,True,True,True,0
identical-reports,801,False,True,True,True,0
identical-reports,802,False,True,True,True,0
identical-reports,803,False,True,True,True,0
identical-reports,804,False,True,True,True,0
identical-reports,805,False,True,True,True,0
identical-reports,806,False,True,True,True,0
identical-reports,807,False,True,True,True,0
identical-reports,808,False,True,True,True,0
identical-reports,809,False,True,True,True,0
identical-reports,810,False,True,True,True,0
identical-reports,811,False,True,True,True,0
identical-reports,812,False,True,True,True,0
identical-reports,813,False,True,True,True,0
identical-reports,814,False,True,True,True,0
identical-reports,815,False,True,True,True,0
identical-reports,816,False,True,True,True,0
identical-reports,817,False,True,True,True,0
identical-reports,818,False,True,True,True,0
identical-reports,819,False,True,True,True,0
identical-reports,820,False,True,True,True,0
identical-reports,821,False,True,True,True,0
identical-reports,822,False,True,True,True,0
identical-reports,823,False,True,True,True,0
identical-reports,824,False,True,True,True,0
identical-reports,825,False,True,True,True,0
identical-reports,826,False,True,True,True,0
identical-reports,827,False,True,True,True,0
identical-reports,828,False,True,True,True,0
identical-reports,829,False,True,True,True,0
identical-reports,830,False,True,True,True,0
identical-reports,831,False,True,True,True,0
identical-reports,832,False,True,True,True,0
identical-reports,833,False,True,True,True,0
identical-reports,834,False,True,True,True,0
identical-reports,835,False,True,True,True,0
identical-reports,836,False,True,True,True,0
identical-reports,837,False,True,True,True,0
identical-reports,838,False,True,True,True,0
identical-reports,839,False,True,True,True,0
identical-reports,840,False,True,True,True,0
identical-reports,841,False,True,True,True,0
identical-reports,842,False,True,True,True,0
identical-reports,843,False,True,True,True,0
identical-reports,844,False,True,True,True,0
identical-reports,845,False,True,True,True,0
identical-reports,846,False,True,True,True,0
identical-reports,847,False,True,True,True,0
identical-reports,848,False,True,True,True,0
identical-reports,849,False,True,True,True,0
identical-reports,850,False,True,True,True,0
identical-reports,851,False,True,True,True,0
identical-reports,852,False,True,True,True,0
identical-reports,853,False,True,True,True,0
identical-reports,854,False,True,True,True,0
identical-reports,855,False,True,True,True,0
identical-reports,856,False,True,True,True,0
identical-reports,857,False,True,True,True,0
identical-reports,858,False,True,True,True,0
identical-reports,859,False,True,True,True,0
identical-reports,860,False,True,True,True,0
identical-reports,861,False,True,True,True,0
identical-reports,862,False,True,True,True,0
identical-reports,863,False,True,True,True,0
identical-reports,864,False,True,True,True,0
identical-reports,865,False,True,True,True,0
identical-reports,866,False,True,True,True,0
identical-reports,867,False,True,True,True,0
identical-reports,868,False,True,True,True,0
identical-reports,869,False,True,True,True,0
identical-reports,870,False,True,True,True,0
identical-reports,871,False,True,True,True,0
identical-reports,872,False,True,True,True,0
identical-reports,873,False,True,True,True,0
identical-reports,874,False,True,True,True,0
identical-reports,875,False,True,True,True,0
identical-reports,876,False,True,True,True,0
identical-reports,877,False,True,True,True,0
identical-reports,878,False,True,True,True,0
identical-reports,879,False,True,True,True,0
identical-reports,880,False,True,True,True,0
identical-reports,881,False,True,True,True,0
identical-reports,882,False,True,True,True,0
identical-reports,883,False,True,True,True,0
identical-reports,884,False,True,True,True,0
identical-reports,885,False,True,True,True,0
identical-reports,886,False,True,True,True,0
identical-reports,887,False,True,True,True,0
identical-reports,888,False,True,True,True,0
identical-reports,889,False,True,True,True,0
identical-reports,890,False,True,True,True,0
identical-reports,891,False,True,True,True,0
identical-reports,892,False,True,True,True,0
identical-reports,893,False,True,True,True,0
identical-reports,894,False,True,True,True,0
identical-reports,895,False,True,True,True,0
identical-reports,896,False,True,True,True,0
identical-reports,897,False,True,True,True,0
identical-reports,898,False,True,True,True,0
identical-reports,899,False,True,True,True,0
identical-reports,900,False,True,True,True,0
identical-reports,901,False,True,True,True,0
identical-reports,902,False,True,True,True,0
identical-reports,903,False,True,True,True,0
identical-reports,904,False,True,True,True,0
identical-reports,905,False,True,True,True,0
identical-reports,906,False,True,True,True,0
identical-reports,907,False,True,True,True,0
identical-reports,908,False,True,True,True,0
identical-reports,909,False,True,True,True,0
identical-reports,910,False,True,True,True,0
identical-reports,911,False,True,True,True,0
identical-reports,912,False,True,True,True,0
identical-reports,913,False,True,True,True,0
identical-reports,914,False,True,True,True,0
identical-reports,915,False,True,True,True,0
identical-reports,916,False,True,True,True,0
identical-reports,917,False,True,True,True,0
identical-reports,918,False,True,True,True,0
identical-reports,919,False,True,True,True,0
identical-reports,920,False,True,True,True,0
identical-reports,921,False,True,True,True,0
identical-reports,922,False,True,True,True,0
identical-reports,923,False,True,True,True,0
identical-reports,924,False,True,True,True,0
identical-reports,925,False,True,True,True,0
identical-reports,926,False,True,True,True,0
identical-reports,927,False,True,True,True,0
identical-reports,928,False,True,True,True,0
identical-reports,929,False,True,True,True,0
identical-reports,930,False,True,True,True,0
identical-reports,931,False,True,True,True,0
identical-reports,932,False,True,True,True,0
identical-reports,933,False,True,True,True,0
identical-reports,934,False,True,True,True,0
identical-reports,935,False,True,True,True,0
identical-reports,936,False,True,True,True,0
identical-reports,937,False,True,True,True,0
identical-reports,938,False,True,True,True,0
identical-reports,939,False,True,True,True,0
identical-reports,940,False,True,True,True,0
identical-reports,941,False,True,True,True,0
identical-reports,942,False,True,True,True,0
identical-reports,943,False,True,True,True,0
identical-reports,944,False,True,True,True,0
identical-reports,945,False,True,True,True,0
identical-reports,946,False,True,True,True,0
identical-reports,947,False,True,True,True,0
identical-reports,948,False,True,True,True,0
identical-reports,949,False,True,True,True,0
identical-reports,950,False,True,True,True,0
identical-reports,951,False,True,True,True,0
identical-reports,952,False,True,True,True,0
identical-reports,953,False,True,True,True,0
identical-reports,954,False,True,True,True,0
identical-reports,955,False,True,True,True,0
identical-reports,956,False,True,True,True,0
identical-reports,957,False,True,True,True,0
identical-reports,958,False,True,True,True,0
identical-reports,959,False,True,True,True,0
identical-reports,960,False,True,True,True,0
identical-reports,961,False,True,True,True,0
identical-reports,962,False,True,True,True,0
identical-reports,963,False,True,True,True,0
identical-reports,964,False,True,True,True,0
identical-reports,965,False,True,True,True,0
identical-reports,966,False,True,True,True,0
identical-reports,967,False,True,True,True,0
identical-reports,968,False,True,True,True,0
identical-reports,969,False,True,True,True,0
identical-reports,970,False,True,True,True,0
identical-reports,971,False,True,True,True,0
identical-reports,972,False,True,True,True,0
identical-reports,973,False,True,True,True,0
identical-reports,974,False,True,True,True,0
identical-reports,975,False,True,True,True,0
identical-reports,976,False,True,True,True,0
identical-reports,977,False,True,True,True,0
identical-reports,978,False,True,True,True,0
identical-reports,979,False,True,True,True,0
identical-reports,980,False,True,True,True,0
identical-reports,981,False,True,True,True,0
identical-reports,982,False,True,True,True,0
identical-reports,983,False,True,True,True,0
identical-reports,984,False,True,True,True,0
identical-reports,985,False,True,True,True,0
identical-reports,986,False,True,True,True,0
identical-reports,987,False,True,True,True,0
identical-reports,988,False,True,True,True,0
identical-reports,989,False,True,True,True,0
identical-reports,990,False,True,True,True,0
identical-reports,991,False,True,True,True,0
identical-reports,992,False,True,True,True,0
identical-reports,993,False,True,True,True,0
identical-reports,994,False,True,True,True,0
identical-reports,995,False,True,True,True,0
identical-reports,996,False,True,True,True,0
identical-reports,997,False,True,True,True,0
identical-reports,998,False,True,True,True,0
identical-reports,999,False,True,True,True,0
duplicate-full-rank,0,True,False,True,True,7
duplicate-full-rank,1,True,False,True,True,7
duplicate-full-rank,2,True,False,True,True,6
duplicate-full-rank,3,True,False,True,True,6
duplicate-full-rank,4,True,False,True,True,7
duplicate-full-rank,5,True,False,True,True,7
duplicate-full-rank,6,True,False,True,True,7
duplicate-full-rank,7,True,False,True,True,7
duplicate-full-rank,8,True,False,True,True,7
duplicate-full-rank,9,True,False,True,True,7
duplicate-full-rank,10,True,False,True,True,7
duplicate-full-rank,11,True,False,True,True,7
duplicate-full-rank,12,True,False,True,True,8
duplicate-full-rank,13,True,False,True,True,7
duplicate-full-rank,14,True,False,True,True,7
duplicate-full-rank,15,True,False,True,True,7
duplicate-full-rank,16,True,False,True,True,8
duplicate-full-rank,17,True,False,True,True,7
duplicate-full-rank,18,True,False,True,True,6
duplicate-full-rank,19,True,False,True,True,8
duplicate-full-rank,20,True,False,True,True,8
duplicate-full-rank,21,True,False,True,True,7
duplicate-full-rank,22,True,False,True,True,7
duplicate-full-rank,23,True,False,True,True,7
duplicate-full-rank,24,True,False,True,True,7
duplicate-full-rank,25,True,False,True,True,7
duplicate-full-rank,26,True,False,True,True,6
duplicate-full-rank,27,True,False,True,True,6
duplicate-full-rank,28,True,False,True,True,7
duplicate-full-rank,29,True,False,True,True,8
duplicate-full-rank,30,True,False,True,True,7
duplicate-full-rank,31,True,False,True,True,7
duplicate-full-rank,32,True,False,True,True,7
duplicate-full-rank,33,True,False,True,True,7
duplicate-full-rank,34,True,False,True,True,7
duplicate-full-rank,35,True,False,True,True,7
duplicate-full-rank,36,True,False,True,True,7
duplicate-full-rank,37,True,False,True,True,8
duplicate-full-rank,38,True,False,True,True,7
duplicate-full-rank,39,True,False,True,True,7
duplicate-full-rank,40,True,False,True,True,8
duplicate-full-rank,41,True,False,True,True,9
duplicate-full-rank,42,True,False,True,True,7
duplicate-full-rank,43,True,False,True,True,6
duplicate-full-rank,44,True,False,True,True,9
duplicate-full-rank,45,True,False,True,True,8
duplicate-full-rank,46,True,False,True,True,7
duplicate-full-rank,47,True,False,True,True,6
duplicate-full-rank,48,True,False,True,True,6
duplicate-full-rank,49,True,False,True,True,7
duplicate-full-rank,50,True,False,True,True,8
duplicate-full-rank,51,True,False,True,True,7
duplicate-full-rank,52,True,False,True,True,8
duplicate-full-rank,53,True,False,True,True,8
duplicate-full-rank,54,True,False,True,True,7
duplicate-full-rank,55,True,False,True,True,8
duplicate-full-rank,56,True,False,True,True,8
duplicate-full-rank,57,True,False,True,True,8
duplicate-full-rank,58,True,False,True,True,8
duplicate-full-rank,59,True,False,True,True,6
duplicate-full-rank,60,True,False,True,True,7
duplicate-full-rank,61,True,False,True,True,7
duplicate-full-rank,62,True,False,True,True,6
duplicate-full-rank,63,True,False,True,True,7
duplicate-full-rank,64,True,False,True,True,7
duplicate-full-rank,65,True,False,True,True,7
duplicate-full-rank,66,True,False,True,True,8
duplicate-full-rank,67,True,False,True,True,8
duplicate-full-rank,68,True,False,True,True,8
duplicate-full-rank,69,True,False,True,True,8
duplicate-full-rank,70,True,False,True,True,8
duplicate-full-rank,71,True,False,True,True,7
duplicate-full-rank,72,True,False,True,True,8
duplicate-full-rank,73,True,False,True,True,7
duplicate-full-rank,74,True,False,True,True,7
duplicate-full-rank,75,True,False,True,True,6
duplicate-full-rank,76,True,False,True,True,8
duplicate-full-rank,77,True,False,True,True,7
duplicate-full-rank,78,True,False,True,True,8
duplicate-full-rank,79,True,False,True,True,7
duplicate-full-rank,80,True,False,True,True,7
duplicate-full-rank,81,True,False,True,True,5
duplicate-full-rank,82,True,False,True,True,7
duplicate-full-rank,83,True,False,True,True,7
duplicate-full-rank,84,True,False,True,True,7
duplicate-full-rank,85,True,False,True,True,6
duplicate-full-rank,86,True,False,True,True,8
duplicate-full-rank,87,True,False,True,True,7
duplicate-full-rank,88,True,False,True,True,7
duplicate-full-rank,89,True,False,True,True,6
duplicate-full-rank,90,True,False,True,True,7
duplicate-full-rank,91,True,False,True,True,7
duplicate-full-rank,92,True,False,True,True,8
duplicate-full-rank,93,True,False,True,True,7
duplicate-full-rank,94,True,False,True,True,6
duplicate-full-rank,95,True,False,True,True,7
duplicate-full-rank,96,True,False,True,True,7
duplicate-full-rank,97,True,False,True,True,9
duplicate-full-rank,98,True,False,True,True,8
duplicate-full-rank,99,True,False,True,True,8
duplicate-full-rank,100,True,False,True,True,7
duplicate-full-rank,101,True,False,True,True,6
duplicate-full-rank,102,True,False,True,True,8
duplicate-full-rank,103,True,False,True,True,8
duplicate-full-rank,104,True,False,True,True,7
duplicate-full-rank,105,True,False,True,True,6
duplicate-full-rank,106,True,False,True,True,8
duplicate-full-rank,107,True,False,True,True,7
duplicate-full-rank,108,True,False,True,True,7
duplicate-full-rank,109,True,False,True,True,7
duplicate-full-rank,110,True,False,True,True,6
duplicate-full-rank,111,True,False,True,True,7
duplicate-full-rank,112,True,False,True,True,6
duplicate-full-rank,113,True,False,True,True,7
duplicate-full-rank,114,True,False,True,True,7
duplicate-full-rank,115,True,False,True,True,6
duplicate-full-rank,116,True,False,True,True,7
duplicate-full-rank,117,True,False,True,True,6
duplicate-full-rank,118,True,False,True,True,7
duplicate-full-rank,119,True,False,True,True,10
duplicate-full-rank,120,True,False,True,True,8
duplicate-full-rank,121,True,False,True,True,7
duplicate-full-rank,122,True,False,True,True,8
duplicate-full-rank,123,True,False,True,True,7
duplicate-full-rank,124,True,False,True,True,6
duplicate-full-rank,125,True,False,True,True,6
duplicate-full-rank,126,True,False,True,True,7
duplicate-full-rank,127,True,False,True,True,8
duplicate-full-rank,128,True,False,True,True,7
duplicate-full-rank,129,True,False,True,True,7
duplicate-full-rank,130,True,False,True,True,7
duplicate-full-rank,131,True,False,True,True,6
duplicate-full-rank,132,True,False,True,True,8
duplicate-full-rank,133,True,False,True,True,7
duplicate-full-rank,134,True,False,True,True,7
duplicate-full-rank,135,True,False,True,True,7
duplicate-full-rank,136,True,False,True,True,7
duplicate-full-rank,137,True,False,True,True,6
duplicate-full-rank,138,True,False,True,True,7
duplicate-full-rank,139,True,False,True,True,7
duplicate-full-rank,140,True,False,True,True,7
duplicate-full-rank,141,True,False,True,True,8
duplicate-full-rank,142,True,False,True,True,7
duplicate-full-rank,143,True,False,True,True,7
duplicate-full-rank,144,True,False,True,True,7
duplicate-full-rank,145,True,False,True,True,7
duplicate-full-rank,146,True,False,True,True,7
duplicate-full-rank,147,True,False,True,True,7
duplicate-full-rank,148,True,False,True,True,7
duplicate-full-rank,149,True,False,True,True,8
duplicate-full-rank,150,True,False,True,True,8
duplicate-full-rank,151,True,False,True,True,6
duplicate-full-rank,152,True,False,True,True,8
duplicate-full-rank,153,True,False,True,True,8
duplicate-full-rank,154,True,False,True,True,7
duplicate-full-rank,155,True,False,True,True,8
duplicate-full-rank,156,True,False,True,True,7
duplicate-full-rank,157,True,False,True,True,8
duplicate-full-rank,158,True,False,True,True,7
duplicate-full-rank,159,True,False,True,True,7
duplicate-full-rank,160,True,False,True,True,6
duplicate-full-rank,161,True,False,True,True,7
duplicate-full-rank,162,True,False,True,True,9
duplicate-full-rank,163,True,False,True,True,7
duplicate-full-rank,164,True,False,True,True,7
duplicate-full-rank,165,True,False,True,True,8
duplicate-full-rank,166,True,False,True,True,6
duplicate-full-rank,167,True,False,True,True,7
duplicate-full-rank,168,True,False,True,True,7
duplicate-full-rank,169,True,False,True,True,7
duplicate-full-rank,170,True,False,True,True,8
duplicate-full-rank,171,True,False,True,True,7
duplicate-full-rank,172,True,False,True,True,7
duplicate-full-rank,173,True,False,True,True,7
duplicate-full-rank,174,True,False,True,True,7
duplicate-full-rank,175,True,False,True,True,8
duplicate-full-rank,176,True,False,True,True,7
duplicate-full-rank,177,True,False,True,True,7
duplicate-full-rank,178,True,False,True,True,8
duplicate-full-rank,179,True,False,True,True,6
duplicate-full-rank,180,True,False,True,True,6
duplicate-full-rank,181,True,False,True,True,7
duplicate-full-rank,182,True,False,True,True,6
duplicate-full-rank,183,True,False,True,True,8
duplicate-full-rank,184,True,False,True,True,9
duplicate-full-rank,185,True,False,True,True,8
duplicate-full-rank,186,True,False,True,True,7
duplicate-full-rank,187,True,False,True,True,8
duplicate-full-rank,188,True,False,True,True,6
duplicate-full-rank,189,True,False,True,True,6
duplicate-full-rank,190,True,False,True,True,8
duplicate-full-rank,191,True,False,True,True,7
duplicate-full-rank,192,True,False,True,True,6
duplicate-full-rank,193,True,False,True,True,7
duplicate-full-rank,194,True,False,True,True,7
duplicate-full-rank,195,True,False,True,True,8
duplicate-full-rank,196,True,False,True,True,7
duplicate-full-rank,197,True,False,True,True,6
duplicate-full-rank,198,True,False,True,True,7
duplicate-full-rank,199,True,False,True,True,7
duplicate-full-rank,200,True,False,True,True,7
duplicate-full-rank,201,True,False,True,True,6
duplicate-full-rank,202,True,False,True,True,7
duplicate-full-rank,203,True,False,True,True,6
duplicate-full-rank,204,True,False,True,True,7
duplicate-full-rank,205,True,False,True,True,7
duplicate-full-rank,206,True,False,True,True,8
duplicate-full-rank,207,True,False,True,True,8
duplicate-full-rank,208,True,False,True,True,7
duplicate-full-rank,209,True,False,True,True,7
duplicate-full-rank,210,True,False,True,True,7
duplicate-full-rank,211,True,False,True,True,7
duplicate-full-rank,212,True,False,True,True,7
duplicate-full-rank,213,True,False,True,True,7
duplicate-full-rank,214,True,False,True,True,8
duplicate-full-rank,215,True,False,True,True,6
duplicate-full-rank,216,True,False,True,True,6
duplicate-full-rank,217,True,False,True,True,6
duplicate-full-rank,218,True,False,True,True,7
duplicate-full-rank,219,True,False,True,True,8
duplicate-full-rank,220,True,False,True,True,6
duplicate-full-rank,221,True,False,True,True,8
duplicate-full-rank,222,True,False,True,True,7
duplicate-full-rank,223,True,False,True,True,8
duplicate-full-rank,224,True,False,True,True,6
duplicate-full-rank,225,True,False,True,True,8
duplicate-full-rank,226,True,False,True,True,8
duplicate-full-rank,227,True,False,True,True,7
duplicate-full-rank,228,True,False,True,True,6
duplicate-full-rank,229,True,False,True,True,8
duplicate-full-rank,230,True,False,True,True,8
duplicate-full-rank,231,True,False,True,True,6
duplicate-full-rank,232,True,False,True,True,7
duplicate-full-rank,233,True,False,True,True,8
duplicate-full-rank,234,True,False,True,True,7
duplicate-full-rank,235,True,False,True,True,7
duplicate-full-rank,236,True,False,True,True,7
duplicate-full-rank,237,True,False,True,True,7
duplicate-full-rank,238,True,False,True,True,8
duplicate-full-rank,239,True,False,True,True,7
duplicate-full-rank,240,True,False,True,True,7
duplicate-full-rank,241,True,False,True,True,8
duplicate-full-rank,242,True,False,True,True,6
duplicate-full-rank,243,True,False,True,True,7
duplicate-full-rank,244,True,False,True,True,7
duplicate-full-rank,245,True,False,True,True,7
duplicate-full-rank,246,True,False,True,True,7
duplicate-full-rank,247,True,False,True,True,7
duplicate-full-rank,248,True,False,True,True,7
duplicate-full-rank,249,True,False,True,True,6
duplicate-full-rank,250,True,False,True,True,8
duplicate-full-rank,251,True,False,True,True,7
duplicate-full-rank,252,True,False,True,True,7
duplicate-full-rank,253,True,False,True,True,7
duplicate-full-rank,254,True,False,True,True,7
duplicate-full-rank,255,True,False,True,True,7
duplicate-full-rank,256,True,False,True,True,7
duplicate-full-rank,257,True,False,True,True,8
duplicate-full-rank,258,True,False,True,True,7
duplicate-full-rank,259,True,False,True,True,6
duplicate-full-rank,260,True,False,True,True,7
duplicate-full-rank,261,True,False,True,True,8
duplicate-full-rank,262,True,False,True,True,7
duplicate-full-rank,263,True,False,True,True,5
duplicate-full-rank,264,True,False,True,True,7
duplicate-full-rank,265,True,False,True,True,7
duplicate-full-rank,266,True,False,True,True,6
duplicate-full-rank,267,True,False,True,True,7
duplicate-full-rank,268,True,False,True,True,7
duplicate-full-rank,269,True,False,True,True,7
duplicate-full-rank,270,True,False,True,True,7
duplicate-full-rank,271,True,False,True,True,7
duplicate-full-rank,272,True,False,True,True,6
duplicate-full-rank,273,True,False,True,True,7
duplicate-full-rank,274,True,False,True,True,7
duplicate-full-rank,275,True,False,True,True,7
duplicate-full-rank,276,True,False,True,True,7
duplicate-full-rank,277,True,False,True,True,7
duplicate-full-rank,278,True,False,True,True,6
duplicate-full-rank,279,True,False,True,True,7
duplicate-full-rank,280,True,False,True,True,6
duplicate-full-rank,281,True,False,True,True,8
duplicate-full-rank,282,True,False,True,True,8
duplicate-full-rank,283,True,False,True,True,6
duplicate-full-rank,284,True,False,True,True,9
duplicate-full-rank,285,True,False,True,True,8
duplicate-full-rank,286,True,False,True,True,6
duplicate-full-rank,287,True,False,True,True,7
duplicate-full-rank,288,True,False,True,True,6
duplicate-full-rank,289,True,False,True,True,7
duplicate-full-rank,290,True,False,True,True,7
duplicate-full-rank,291,True,False,True,True,6
duplicate-full-rank,292,True,False,True,True,7
duplicate-full-rank,293,True,False,True,True,6
duplicate-full-rank,294,True,False,True,True,6
duplicate-full-rank,295,True,False,True,True,7
duplicate-full-rank,296,True,False,True,True,7
duplicate-full-rank,297,True,False,True,True,7
duplicate-full-rank,298,True,False,True,True,7
duplicate-full-rank,299,True,False,True,True,6
duplicate-full-rank,300,True,False,True,True,7
duplicate-full-rank,301,True,False,True,True,8
duplicate-full-rank,302,True,False,True,True,8
duplicate-full-rank,303,True,False,True,True,7
duplicate-full-rank,304,True,False,True,True,9
duplicate-full-rank,305,True,False,True,True,7
duplicate-full-rank,306,True,False,True,True,7
duplicate-full-rank,307,True,False,True,True,8
duplicate-full-rank,308,True,False,True,True,7
duplicate-full-rank,309,True,False,True,True,6
duplicate-full-rank,310,True,False,True,True,7
duplicate-full-rank,311,True,False,True,True,6
duplicate-full-rank,312,True,False,True,True,8
duplicate-full-rank,313,True,False,True,True,7
duplicate-full-rank,314,True,False,True,True,7
duplicate-full-rank,315,True,False,True,True,8
duplicate-full-rank,316,True,False,True,True,8
duplicate-full-rank,317,True,False,True,True,7
duplicate-full-rank,318,True,False,True,True,7
duplicate-full-rank,319,True,False,True,True,7
duplicate-full-rank,320,True,False,True,True,8
duplicate-full-rank,321,True,False,True,True,7
duplicate-full-rank,322,True,False,True,True,7
duplicate-full-rank,323,True,False,True,True,7
duplicate-full-rank,324,True,False,True,True,7
duplicate-full-rank,325,True,False,True,True,6
duplicate-full-rank,326,True,False,True,True,8
duplicate-full-rank,327,True,False,True,True,7
duplicate-full-rank,328,True,False,True,True,6
duplicate-full-rank,329,True,False,True,True,6
duplicate-full-rank,330,True,False,True,True,6
duplicate-full-rank,331,True,False,True,True,7
duplicate-full-rank,332,True,False,True,True,6
duplicate-full-rank,333,True,False,True,True,7
duplicate-full-rank,334,True,False,True,True,7
duplicate-full-rank,335,True,False,True,True,7
duplicate-full-rank,336,True,False,True,True,8
duplicate-full-rank,337,True,False,True,True,8
duplicate-full-rank,338,True,False,True,True,6
duplicate-full-rank,339,True,False,True,True,6
duplicate-full-rank,340,True,False,True,True,8
duplicate-full-rank,341,True,False,True,True,6
duplicate-full-rank,342,True,False,True,True,7
duplicate-full-rank,343,True,False,True,True,7
duplicate-full-rank,344,True,False,True,True,8
duplicate-full-rank,345,True,False,True,True,8
duplicate-full-rank,346,True,False,True,True,7
duplicate-full-rank,347,True,False,True,True,8
duplicate-full-rank,348,True,False,True,True,6
duplicate-full-rank,349,True,False,True,True,7
duplicate-full-rank,350,True,False,True,True,7
duplicate-full-rank,351,True,False,True,True,7
duplicate-full-rank,352,True,False,True,True,7
duplicate-full-rank,353,True,False,True,True,8
duplicate-full-rank,354,True,False,True,True,7
duplicate-full-rank,355,True,False,True,True,6
duplicate-full-rank,356,True,False,True,True,8
duplicate-full-rank,357,True,False,True,True,6
duplicate-full-rank,358,True,False,True,True,6
duplicate-full-rank,359,True,False,True,True,8
duplicate-full-rank,360,True,False,True,True,8
duplicate-full-rank,361,True,False,True,True,7
duplicate-full-rank,362,True,False,True,True,6
duplicate-full-rank,363,True,False,True,True,7
duplicate-full-rank,364,True,False,True,True,7
duplicate-full-rank,365,True,False,True,True,7
duplicate-full-rank,366,True,False,True,True,7
duplicate-full-rank,367,True,False,True,True,7
duplicate-full-rank,368,True,False,True,True,7
duplicate-full-rank,369,True,False,True,True,7
duplicate-full-rank,370,True,False,True,True,8
duplicate-full-rank,371,True,False,True,True,8
duplicate-full-rank,372,True,False,True,True,7
duplicate-full-rank,373,True,False,True,True,7
duplicate-full-rank,374,True,False,True,True,6
duplicate-full-rank,375,True,False,True,True,8
duplicate-full-rank,376,True,False,True,True,7
duplicate-full-rank,377,True,False,True,True,7
duplicate-full-rank,378,True,False,True,True,7
duplicate-full-rank,379,True,False,True,True,8
duplicate-full-rank,380,True,False,True,True,8
duplicate-full-rank,381,True,False,True,True,8
duplicate-full-rank,382,True,False,True,True,8
duplicate-full-rank,383,True,False,True,True,8
duplicate-full-rank,384,True,False,True,True,7
duplicate-full-rank,385,True,False,True,True,7
duplicate-full-rank,386,True,False,True,True,7
duplicate-full-rank,387,True,False,True,True,7
duplicate-full-rank,388,True,False,True,True,7
duplicate-full-rank,389,True,False,True,True,7
duplicate-full-rank,390,True,False,True,True,8
duplicate-full-rank,391,True,False,True,True,7
duplicate-full-rank,392,True,False,True,True,7
duplicate-full-rank,393,True,False,True,True,7
duplicate-full-rank,394,True,False,True,True,6
duplicate-full-rank,395,True,False,True,True,7
duplicate-full-rank,396,True,False,True,True,7
duplicate-full-rank,397,True,False,True,True,7
duplicate-full-rank,398,True,False,True,True,8
duplicate-full-rank,399,True,False,True,True,7
duplicate-full-rank,400,True,False,True,True,8
duplicate-full-rank,401,True,False,True,True,8
duplicate-full-rank,402,True,False,True,True,7
duplicate-full-rank,403,True,False,True,True,7
duplicate-full-rank,404,True,False,True,True,8
duplicate-full-rank,405,True,False,True,True,7
duplicate-full-rank,406,True,False,True,True,8
duplicate-full-rank,407,True,False,True,True,6
duplicate-full-rank,408,True,False,True,True,6
duplicate-full-rank,409,True,False,True,True,6
duplicate-full-rank,410,True,False,True,True,7
duplicate-full-rank,411,True,False,True,True,7
duplicate-full-rank,412,True,False,True,True,6
duplicate-full-rank,413,True,False,True,True,6
duplicate-full-rank,414,True,False,True,True,6
duplicate-full-rank,415,True,False,True,True,7
duplicate-full-rank,416,True,False,True,True,8
duplicate-full-rank,417,True,False,True,True,7
duplicate-full-rank,418,True,False,True,True,7
duplicate-full-rank,419,True,False,True,True,7
duplicate-full-rank,420,True,False,True,True,7
duplicate-full-rank,421,True,False,True,True,6
duplicate-full-rank,422,True,False,True,True,8
duplicate-full-rank,423,True,False,True,True,7
duplicate-full-rank,424,True,False,True,True,8
duplicate-full-rank,425,True,False,True,True,6
duplicate-full-rank,426,True,False,True,True,7
duplicate-full-rank,427,True,False,True,True,6
duplicate-full-rank,428,True,False,True,True,8
duplicate-full-rank,429,True,False,True,True,8
duplicate-full-rank,430,True,False,True,True,7
duplicate-full-rank,431,True,False,True,True,7
duplicate-full-rank,432,True,False,True,True,9
duplicate-full-rank,433,True,False,True,True,7
duplicate-full-rank,434,True,False,True,True,6
duplicate-full-rank,435,True,False,True,True,9
duplicate-full-rank,436,True,False,True,True,6
duplicate-full-rank,437,True,False,True,True,7
duplicate-full-rank,438,True,False,True,True,8
duplicate-full-rank,439,True,False,True,True,6
duplicate-full-rank,440,True,False,True,True,7
duplicate-full-rank,441,True,False,True,True,7
duplicate-full-rank,442,True,False,True,True,6
duplicate-full-rank,443,True,False,True,True,7
duplicate-full-rank,444,True,False,True,True,7
duplicate-full-rank,445,True,False,True,True,7
duplicate-full-rank,446,True,False,True,True,8
duplicate-full-rank,447,True,False,True,True,8
duplicate-full-rank,448,True,False,True,True,8
duplicate-full-rank,449,True,False,True,True,7
duplicate-full-rank,450,True,False,True,True,7
duplicate-full-rank,451,True,False,True,True,7
duplicate-full-rank,452,True,False,True,True,6
duplicate-full-rank,453,True,False,True,True,6
duplicate-full-rank,454,True,False,True,True,6
duplicate-full-rank,455,True,False,True,True,7
duplicate-full-rank,456,True,False,True,True,7
duplicate-full-rank,457,True,False,True,True,7
duplicate-full-rank,458,True,False,True,True,6
duplicate-full-rank,459,True,False,True,True,7
duplicate-full-rank,460,True,False,True,True,6
duplicate-full-rank,461,True,False,True,True,8
duplicate-full-rank,462,True,False,True,True,8
duplicate-full-rank,463,True,False,True,True,8
duplicate-full-rank,464,True,False,True,True,7
duplicate-full-rank,465,True,False,True,True,6
duplicate-full-rank,466,True,False,True,True,6
duplicate-full-rank,467,True,False,True,True,7
duplicate-full-rank,468,True,False,True,True,8
duplicate-full-rank,469,True,False,True,True,6
duplicate-full-rank,470,True,False,True,True,7
duplicate-full-rank,471,True,False,True,True,8
duplicate-full-rank,472,True,False,True,True,7
duplicate-full-rank,473,True,False,True,True,7
duplicate-full-rank,474,True,False,True,True,8
duplicate-full-rank,475,True,False,True,True,7
duplicate-full-rank,476,True,False,True,True,7
duplicate-full-rank,477,True,False,True,True,7
duplicate-full-rank,478,True,False,True,True,7
duplicate-full-rank,479,True,False,True,True,7
duplicate-full-rank,480,True,False,True,True,6
duplicate-full-rank,481,True,False,True,True,7
duplicate-full-rank,482,True,False,True,True,8
duplicate-full-rank,483,True,False,True,True,6
duplicate-full-rank,484,True,False,True,True,7
duplicate-full-rank,485,True,False,True,True,8
duplicate-full-rank,486,True,False,True,True,6
duplicate-full-rank,487,True,False,True,True,8
duplicate-full-rank,488,True,False,True,True,7
duplicate-full-rank,489,True,False,True,True,7
duplicate-full-rank,490,True,False,True,True,7
duplicate-full-rank,491,True,False,True,True,8
duplicate-full-rank,492,True,False,True,True,7
duplicate-full-rank,493,True,False,True,True,6
duplicate-full-rank,494,True,False,True,True,8
duplicate-full-rank,495,True,False,True,True,7
duplicate-full-rank,496,True,False,True,True,8
duplicate-full-rank,497,True,False,True,True,7
duplicate-full-rank,498,True,False,True,True,7
duplicate-full-rank,499,True,False,True,True,6
duplicate-full-rank,500,True,False,True,True,8
duplicate-full-rank,501,True,False,True,True,7
duplicate-full-rank,502,True,False,True,True,7
duplicate-full-rank,503,True,False,True,True,6
duplicate-full-rank,504,True,False,True,True,8
duplicate-full-rank,505,True,False,True,True,7
duplicate-full-rank,506,True,False,True,True,7
duplicate-full-rank,507,True,False,True,True,8
duplicate-full-rank,508,True,False,True,True,7
duplicate-full-rank,509,True,False,True,True,7
duplicate-full-rank,510,True,False,True,True,7
duplicate-full-rank,511,True,False,True,True,7
duplicate-full-rank,512,True,False,True,True,5
duplicate-full-rank,513,True,False,True,True,7
duplicate-full-rank,514,True,False,True,True,8
duplicate-full-rank,515,True,False,True,True,7
duplicate-full-rank,516,True,False,True,True,6
duplicate-full-rank,517,True,False,True,True,7
duplicate-full-rank,518,True,False,True,True,6
duplicate-full-rank,519,True,False,True,True,7
duplicate-full-rank,520,True,False,True,True,6
duplicate-full-rank,521,True,False,True,True,7
duplicate-full-rank,522,True,False,True,True,6
duplicate-full-rank,523,True,False,True,True,7
duplicate-full-rank,524,True,False,True,True,8
duplicate-full-rank,525,True,False,True,True,8
duplicate-full-rank,526,True,False,True,True,8
duplicate-full-rank,527,True,False,True,True,7
duplicate-full-rank,528,True,False,True,True,8
duplicate-full-rank,529,True,False,True,True,6
duplicate-full-rank,530,True,False,True,True,8
duplicate-full-rank,531,True,False,True,True,7
duplicate-full-rank,532,True,False,True,True,7
duplicate-full-rank,533,True,False,True,True,7
duplicate-full-rank,534,True,False,True,True,8
duplicate-full-rank,535,True,False,True,True,7
duplicate-full-rank,536,True,False,True,True,7
duplicate-full-rank,537,True,False,True,True,7
duplicate-full-rank,538,True,False,True,True,7
duplicate-full-rank,539,True,False,True,True,8
duplicate-full-rank,540,True,False,True,True,6
duplicate-full-rank,541,True,False,True,True,6
duplicate-full-rank,542,True,False,True,True,7
duplicate-full-rank,543,True,False,True,True,7
duplicate-full-rank,544,True,False,True,True,8
duplicate-full-rank,545,True,False,True,True,6
duplicate-full-rank,546,True,False,True,True,6
duplicate-full-rank,547,True,False,True,True,8
duplicate-full-rank,548,True,False,True,True,8
duplicate-full-rank,549,True,False,True,True,8
duplicate-full-rank,550,True,False,True,True,7
duplicate-full-rank,551,True,False,True,True,8
duplicate-full-rank,552,True,False,True,True,8
duplicate-full-rank,553,True,False,True,True,7
duplicate-full-rank,554,True,False,True,True,7
duplicate-full-rank,555,True,False,True,True,7
duplicate-full-rank,556,True,False,True,True,7
duplicate-full-rank,557,True,False,True,True,8
duplicate-full-rank,558,True,False,True,True,7
duplicate-full-rank,559,True,False,True,True,7
duplicate-full-rank,560,True,False,True,True,7
duplicate-full-rank,561,True,False,True,True,7
duplicate-full-rank,562,True,False,True,True,8
duplicate-full-rank,563,True,False,True,True,11
duplicate-full-rank,564,True,False,True,True,7
duplicate-full-rank,565,True,False,True,True,7
duplicate-full-rank,566,True,False,True,True,9
duplicate-full-rank,567,True,False,True,True,7
duplicate-full-rank,568,True,False,True,True,7
duplicate-full-rank,569,True,False,True,True,8
duplicate-full-rank,570,True,False,True,True,9
duplicate-full-rank,571,True,False,True,True,7
duplicate-full-rank,572,True,False,True,True,7
duplicate-full-rank,573,True,False,True,True,7
duplicate-full-rank,574,True,False,True,True,7
duplicate-full-rank,575,True,False,True,True,7
duplicate-full-rank,576,True,False,True,True,7
duplicate-full-rank,577,True,False,True,True,7
duplicate-full-rank,578,True,False,True,True,6
duplicate-full-rank,579,True,False,True,True,7
duplicate-full-rank,580,True,False,True,True,6
duplicate-full-rank,581,True,False,True,True,8
duplicate-full-rank,582,True,False,True,True,6
duplicate-full-rank,583,True,False,True,True,7
duplicate-full-rank,584,True,False,True,True,8
duplicate-full-rank,585,True,False,True,True,8
duplicate-full-rank,586,True,False,True,True,7
duplicate-full-rank,587,True,False,True,True,8
duplicate-full-rank,588,True,False,True,True,6
duplicate-full-rank,589,True,False,True,True,8
duplicate-full-rank,590,True,False,True,True,7
duplicate-full-rank,591,True,False,True,True,7
duplicate-full-rank,592,True,False,True,True,7
duplicate-full-rank,593,True,False,True,True,9
duplicate-full-rank,594,True,False,True,True,6
duplicate-full-rank,595,True,False,True,True,6
duplicate-full-rank,596,True,False,True,True,7
duplicate-full-rank,597,True,False,True,True,6
duplicate-full-rank,598,True,False,True,True,7
duplicate-full-rank,599,True,False,True,True,7
duplicate-full-rank,600,True,False,True,True,6
duplicate-full-rank,601,True,False,True,True,6
duplicate-full-rank,602,True,False,True,True,7
duplicate-full-rank,603,True,False,True,True,7
duplicate-full-rank,604,True,False,True,True,7
duplicate-full-rank,605,True,False,True,True,8
duplicate-full-rank,606,True,False,True,True,7
duplicate-full-rank,607,True,False,True,True,6
duplicate-full-rank,608,True,False,True,True,7
duplicate-full-rank,609,True,False,True,True,7
duplicate-full-rank,610,True,False,True,True,8
duplicate-full-rank,611,True,False,True,True,7
duplicate-full-rank,612,True,False,True,True,6
duplicate-full-rank,613,True,False,True,True,8
duplicate-full-rank,614,True,False,True,True,7
duplicate-full-rank,615,True,False,True,True,8
duplicate-full-rank,616,True,False,True,True,7
duplicate-full-rank,617,True,False,True,True,7
duplicate-full-rank,618,True,False,True,True,7
duplicate-full-rank,619,True,False,True,True,7
duplicate-full-rank,620,True,False,True,True,8
duplicate-full-rank,621,True,False,True,True,8
duplicate-full-rank,622,True,False,True,True,7
duplicate-full-rank,623,True,False,True,True,7
duplicate-full-rank,624,True,False,True,True,6
duplicate-full-rank,625,True,False,True,True,6
duplicate-full-rank,626,True,False,True,True,7
duplicate-full-rank,627,True,False,True,True,8
duplicate-full-rank,628,True,False,True,True,7
duplicate-full-rank,629,True,False,True,True,7
duplicate-full-rank,630,True,False,True,True,7
duplicate-full-rank,631,True,False,True,True,8
duplicate-full-rank,632,True,False,True,True,6
duplicate-full-rank,633,True,False,True,True,8
duplicate-full-rank,634,True,False,True,True,7
duplicate-full-rank,635,True,False,True,True,6
duplicate-full-rank,636,True,False,True,True,7
duplicate-full-rank,637,True,False,True,True,7
duplicate-full-rank,638,True,False,True,True,6
duplicate-full-rank,639,True,False,True,True,7
duplicate-full-rank,640,True,False,True,True,7
duplicate-full-rank,641,True,False,True,True,7
duplicate-full-rank,642,True,False,True,True,6
duplicate-full-rank,643,True,False,True,True,7
duplicate-full-rank,644,True,False,True,True,7
duplicate-full-rank,645,True,False,True,True,7
duplicate-full-rank,646,True,False,True,True,6
duplicate-full-rank,647,True,False,True,True,7
duplicate-full-rank,648,True,False,True,True,7
duplicate-full-rank,649,True,False,True,True,7
duplicate-full-rank,650,True,False,True,True,6
duplicate-full-rank,651,True,False,True,True,8
duplicate-full-rank,652,True,False,True,True,7
duplicate-full-rank,653,True,False,True,True,6
duplicate-full-rank,654,True,False,True,True,7
duplicate-full-rank,655,True,False,True,True,7
duplicate-full-rank,656,True,False,True,True,7
duplicate-full-rank,657,True,False,True,True,9
duplicate-full-rank,658,True,False,True,True,8
duplicate-full-rank,659,True,False,True,True,7
duplicate-full-rank,660,True,False,True,True,8
duplicate-full-rank,661,True,False,True,True,7
duplicate-full-rank,662,True,False,True,True,6
duplicate-full-rank,663,True,False,True,True,8
duplicate-full-rank,664,True,False,True,True,7
duplicate-full-rank,665,True,False,True,True,7
duplicate-full-rank,666,True,False,True,True,7
duplicate-full-rank,667,True,False,True,True,7
duplicate-full-rank,668,True,False,True,True,7
duplicate-full-rank,669,True,False,True,True,7
duplicate-full-rank,670,True,False,True,True,7
duplicate-full-rank,671,True,False,True,True,6
duplicate-full-rank,672,True,False,True,True,7
duplicate-full-rank,673,True,False,True,True,7
duplicate-full-rank,674,True,False,True,True,8
duplicate-full-rank,675,True,False,True,True,7
duplicate-full-rank,676,True,False,True,True,7
duplicate-full-rank,677,True,False,True,True,8
duplicate-full-rank,678,True,False,True,True,7
duplicate-full-rank,679,True,False,True,True,9
duplicate-full-rank,680,True,False,True,True,7
duplicate-full-rank,681,True,False,True,True,7
duplicate-full-rank,682,True,False,True,True,7
duplicate-full-rank,683,True,False,True,True,8
duplicate-full-rank,684,True,False,True,True,7
duplicate-full-rank,685,True,False,True,True,8
duplicate-full-rank,686,True,False,True,True,6
duplicate-full-rank,687,True,False,True,True,7
duplicate-full-rank,688,True,False,True,True,7
duplicate-full-rank,689,True,False,True,True,8
duplicate-full-rank,690,True,False,True,True,7
duplicate-full-rank,691,True,False,True,True,8
duplicate-full-rank,692,True,False,True,True,7
duplicate-full-rank,693,True,False,True,True,7
duplicate-full-rank,694,True,False,True,True,8
duplicate-full-rank,695,True,False,True,True,7
duplicate-full-rank,696,True,False,True,True,8
duplicate-full-rank,697,True,False,True,True,8
duplicate-full-rank,698,True,False,True,True,7
duplicate-full-rank,699,True,False,True,True,7
duplicate-full-rank,700,True,False,True,True,6
duplicate-full-rank,701,True,False,True,True,8
duplicate-full-rank,702,True,False,True,True,7
duplicate-full-rank,703,True,False,True,True,7
duplicate-full-rank,704,True,False,True,True,7
duplicate-full-rank,705,True,False,True,True,6
duplicate-full-rank,706,True,False,True,True,7
duplicate-full-rank,707,True,False,True,True,7
duplicate-full-rank,708,True,False,True,True,7
duplicate-full-rank,709,True,False,True,True,8
duplicate-full-rank,710,True,False,True,True,7
duplicate-full-rank,711,True,False,True,True,6
duplicate-full-rank,712,True,False,True,True,7
duplicate-full-rank,713,True,False,True,True,8
duplicate-full-rank,714,True,False,True,True,7
duplicate-full-rank,715,True,False,True,True,7
duplicate-full-rank,716,True,False,True,True,6
duplicate-full-rank,717,True,False,True,True,8
duplicate-full-rank,718,True,False,True,True,7
duplicate-full-rank,719,True,False,True,True,6
duplicate-full-rank,720,True,False,True,True,8
duplicate-full-rank,721,True,False,True,True,6
duplicate-full-rank,722,True,False,True,True,7
duplicate-full-rank,723,True,False,True,True,8
duplicate-full-rank,724,True,False,True,True,7
duplicate-full-rank,725,True,False,True,True,7
duplicate-full-rank,726,True,False,True,True,7
duplicate-full-rank,727,True,False,True,True,7
duplicate-full-rank,728,True,False,True,True,6
duplicate-full-rank,729,True,False,True,True,7
duplicate-full-rank,730,True,False,True,True,7
duplicate-full-rank,731,True,False,True,True,7
duplicate-full-rank,732,True,False,True,True,6
duplicate-full-rank,733,True,False,True,True,8
duplicate-full-rank,734,True,False,True,True,7
duplicate-full-rank,735,True,False,True,True,6
duplicate-full-rank,736,True,False,True,True,7
duplicate-full-rank,737,True,False,True,True,7
duplicate-full-rank,738,True,False,True,True,7
duplicate-full-rank,739,True,False,True,True,8
duplicate-full-rank,740,True,False,True,True,7
duplicate-full-rank,741,True,False,True,True,7
duplicate-full-rank,742,True,False,True,True,7
duplicate-full-rank,743,True,False,True,True,7
duplicate-full-rank,744,True,False,True,True,8
duplicate-full-rank,745,True,False,True,True,7
duplicate-full-rank,746,True,False,True,True,8
duplicate-full-rank,747,True,False,True,True,7
duplicate-full-rank,748,True,False,True,True,7
duplicate-full-rank,749,True,False,True,True,7
duplicate-full-rank,750,True,False,True,True,6
duplicate-full-rank,751,True,False,True,True,8
duplicate-full-rank,752,True,False,True,True,8
duplicate-full-rank,753,True,False,True,True,7
duplicate-full-rank,754,True,False,True,True,7
duplicate-full-rank,755,True,False,True,True,7
duplicate-full-rank,756,True,False,True,True,6
duplicate-full-rank,757,True,False,True,True,7
duplicate-full-rank,758,True,False,True,True,8
duplicate-full-rank,759,True,False,True,True,7
duplicate-full-rank,760,True,False,True,True,7
duplicate-full-rank,761,True,False,True,True,7
duplicate-full-rank,762,True,False,True,True,6
duplicate-full-rank,763,True,False,True,True,7
duplicate-full-rank,764,True,False,True,True,7
duplicate-full-rank,765,True,False,True,True,6
duplicate-full-rank,766,True,False,True,True,7
duplicate-full-rank,767,True,False,True,True,7
duplicate-full-rank,768,True,False,True,True,7
duplicate-full-rank,769,True,False,True,True,6
duplicate-full-rank,770,True,False,True,True,6
duplicate-full-rank,771,True,False,True,True,6
duplicate-full-rank,772,True,False,True,True,8
duplicate-full-rank,773,True,False,True,True,7
duplicate-full-rank,774,True,False,True,True,7
duplicate-full-rank,775,True,False,True,True,7
duplicate-full-rank,776,True,False,True,True,8
duplicate-full-rank,777,True,False,True,True,8
duplicate-full-rank,778,True,False,True,True,7
duplicate-full-rank,779,True,False,True,True,7
duplicate-full-rank,780,True,False,True,True,7
duplicate-full-rank,781,True,False,True,True,7
duplicate-full-rank,782,True,False,True,True,7
duplicate-full-rank,783,True,False,True,True,7
duplicate-full-rank,784,True,False,True,True,7
duplicate-full-rank,785,True,False,True,True,8
duplicate-full-rank,786,True,False,True,True,7
duplicate-full-rank,787,True,False,True,True,7
duplicate-full-rank,788,True,False,True,True,7
duplicate-full-rank,789,True,False,True,True,7
duplicate-full-rank,790,True,False,True,True,7
duplicate-full-rank,791,True,False,True,True,6
duplicate-full-rank,792,True,False,True,True,6
duplicate-full-rank,793,True,False,True,True,6
duplicate-full-rank,794,True,False,True,True,8
duplicate-full-rank,795,True,False,True,True,7
duplicate-full-rank,796,True,False,True,True,6
duplicate-full-rank,797,True,False,True,True,6
duplicate-full-rank,798,True,False,True,True,8
duplicate-full-rank,799,True,False,True,True,7
duplicate-full-rank,800,True,False,True,True,8
duplicate-full-rank,801,True,False,True,True,7
duplicate-full-rank,802,True,False,True,True,8
duplicate-full-rank,803,True,False,True,True,7
duplicate-full-rank,804,True,False,True,True,7
duplicate-full-rank,805,True,False,True,True,8
duplicate-full-rank,806,True,False,True,True,8
duplicate-full-rank,807,True,False,True,True,7
duplicate-full-rank,808,True,False,True,True,8
duplicate-full-rank,809,True,False,True,True,7
duplicate-full-rank,810,True,False,True,True,7
duplicate-full-rank,811,True,False,True,True,6
duplicate-full-rank,812,True,False,True,True,7
duplicate-full-rank,813,True,False,True,True,7
duplicate-full-rank,814,True,False,True,True,8
duplicate-full-rank,815,True,False,True,True,8
duplicate-full-rank,816,True,False,True,True,7
duplicate-full-rank,817,True,False,True,True,8
duplicate-full-rank,818,True,False,True,True,8
duplicate-full-rank,819,True,False,True,True,7
duplicate-full-rank,820,True,False,True,True,7
duplicate-full-rank,821,True,False,True,True,8
duplicate-full-rank,822,True,False,True,True,7
duplicate-full-rank,823,True,False,True,True,9
duplicate-full-rank,824,True,False,True,True,7
duplicate-full-rank,825,True,False,True,True,7
duplicate-full-rank,826,True,False,True,True,9
duplicate-full-rank,827,True,False,True,True,7
duplicate-full-rank,828,True,False,True,True,7
duplicate-full-rank,829,True,False,True,True,6
duplicate-full-rank,830,True,False,True,True,7
duplicate-full-rank,831,True,False,True,True,7
duplicate-full-rank,832,True,False,True,True,6
duplicate-full-rank,833,True,False,True,True,7
duplicate-full-rank,834,True,False,True,True,8
duplicate-full-rank,835,True,False,True,True,7
duplicate-full-rank,836,True,False,True,True,7
duplicate-full-rank,837,True,False,True,True,7
duplicate-full-rank,838,True,False,True,True,7
duplicate-full-rank,839,True,False,True,True,6
duplicate-full-rank,840,True,False,True,True,6
duplicate-full-rank,841,True,False,True,True,8
duplicate-full-rank,842,True,False,True,True,7
duplicate-full-rank,843,True,False,True,True,6
duplicate-full-rank,844,True,False,True,True,8
duplicate-full-rank,845,True,False,True,True,6
duplicate-full-rank,846,True,False,True,True,7
duplicate-full-rank,847,True,False,True,True,7
duplicate-full-rank,848,True,False,True,True,6
duplicate-full-rank,849,True,False,True,True,7
duplicate-full-rank,850,True,False,True,True,8
duplicate-full-rank,851,True,False,True,True,6
duplicate-full-rank,852,True,False,True,True,8
duplicate-full-rank,853,True,False,True,True,9
duplicate-full-rank,854,True,False,True,True,6
duplicate-full-rank,855,True,False,True,True,6
duplicate-full-rank,856,True,False,True,True,8
duplicate-full-rank,857,True,False,True,True,8
duplicate-full-rank,858,True,False,True,True,7
duplicate-full-rank,859,True,False,True,True,7
duplicate-full-rank,860,True,False,True,True,7
duplicate-full-rank,861,True,False,True,True,7
duplicate-full-rank,862,True,False,True,True,8
duplicate-full-rank,863,True,False,True,True,6
duplicate-full-rank,864,True,False,True,True,7
duplicate-full-rank,865,True,False,True,True,6
duplicate-full-rank,866,True,False,True,True,7
duplicate-full-rank,867,True,False,True,True,9
duplicate-full-rank,868,True,False,True,True,6
duplicate-full-rank,869,True,False,True,True,7
duplicate-full-rank,870,True,False,True,True,7
duplicate-full-rank,871,True,False,True,True,7
duplicate-full-rank,872,True,False,True,True,8
duplicate-full-rank,873,True,False,True,True,7
duplicate-full-rank,874,True,False,True,True,7
duplicate-full-rank,875,True,False,True,True,7
duplicate-full-rank,876,True,False,True,True,7
duplicate-full-rank,877,True,False,True,True,7
duplicate-full-rank,878,True,False,True,True,6
duplicate-full-rank,879,True,False,True,True,7
duplicate-full-rank,880,True,False,True,True,9
duplicate-full-rank,881,True,False,True,True,8
duplicate-full-rank,882,True,False,True,True,7
duplicate-full-rank,883,True,False,True,True,8
duplicate-full-rank,884,True,False,True,True,6
duplicate-full-rank,885,True,False,True,True,8
duplicate-full-rank,886,True,False,True,True,7
duplicate-full-rank,887,True,False,True,True,7
duplicate-full-rank,888,True,False,True,True,7
duplicate-full-rank,889,True,False,True,True,8
duplicate-full-rank,890,True,False,True,True,9
duplicate-full-rank,891,True,False,True,True,7
duplicate-full-rank,892,True,False,True,True,6
duplicate-full-rank,893,True,False,True,True,7
duplicate-full-rank,894,True,False,True,True,7
duplicate-full-rank,895,True,False,True,True,8
duplicate-full-rank,896,True,False,True,True,7
duplicate-full-rank,897,True,False,True,True,8
duplicate-full-rank,898,True,False,True,True,8
duplicate-full-rank,899,True,False,True,True,7
duplicate-full-rank,900,True,False,True,True,8
duplicate-full-rank,901,True,False,True,True,7
duplicate-full-rank,902,True,False,True,True,6
duplicate-full-rank,903,True,False,True,True,7
duplicate-full-rank,904,True,False,True,True,7
duplicate-full-rank,905,True,False,True,True,7
duplicate-full-rank,906,True,False,True,True,7
duplicate-full-rank,907,True,False,True,True,7
duplicate-full-rank,908,True,False,True,True,6
duplicate-full-rank,909,True,False,True,True,6
duplicate-full-rank,910,True,False,True,True,8
duplicate-full-rank,911,True,False,True,True,7
duplicate-full-rank,912,True,False,True,True,7
duplicate-full-rank,913,True,False,True,True,7
duplicate-full-rank,914,True,False,True,True,7
duplicate-full-rank,915,True,False,True,True,8
duplicate-full-rank,916,True,False,True,True,8
duplicate-full-rank,917,True,False,True,True,8
duplicate-full-rank,918,True,False,True,True,6
duplicate-full-rank,919,True,False,True,True,8
duplicate-full-rank,920,True,False,True,True,6
duplicate-full-rank,921,True,False,True,True,8
duplicate-full-rank,922,True,False,True,True,6
duplicate-full-rank,923,True,False,True,True,9
duplicate-full-rank,924,True,False,True,True,7
duplicate-full-rank,925,True,False,True,True,6
duplicate-full-rank,926,True,False,True,True,7
duplicate-full-rank,927,True,False,True,True,7
duplicate-full-rank,928,True,False,True,True,8
duplicate-full-rank,929,True,False,True,True,8
duplicate-full-rank,930,True,False,True,True,6
duplicate-full-rank,931,True,False,True,True,7
duplicate-full-rank,932,True,False,True,True,7
duplicate-full-rank,933,True,False,True,True,7
duplicate-full-rank,934,True,False,True,True,8
duplicate-full-rank,935,True,False,True,True,7
duplicate-full-rank,936,True,False,True,True,7
duplicate-full-rank,937,True,False,True,True,7
duplicate-full-rank,938,True,False,True,True,7
duplicate-full-rank,939,True,False,True,True,8
duplicate-full-rank,940,True,False,True,True,7
duplicate-full-rank,941,True,False,True,True,7
duplicate-full-rank,942,True,False,True,True,7
duplicate-full-rank,943,True,False,True,True,8
duplicate-full-rank,944,True,False,True,True,8
duplicate-full-rank,945,True,False,True,True,7
duplicate-full-rank,946,True,False,True,True,7
duplicate-full-rank,947,True,False,True,True,7
duplicate-full-rank,948,True,False,True,True,7
duplicate-full-rank,949,True,False,True,True,7
duplicate-full-rank,950,True,False,True,True,7
duplicate-full-rank,951,True,False,True,True,7
duplicate-full-rank,952,True,False,True,True,6
duplicate-full-rank,953,True,False,True,True,7
duplicate-full-rank,954,True,False,True,True,9
duplicate-full-rank,955,True,False,True,True,8
duplicate-full-rank,956,True,False,True,True,7
duplicate-full-rank,957,True,False,True,True,8
duplicate-full-rank,958,True,False,True,True,7
duplicate-full-rank,959,True,False,True,True,7
duplicate-full-rank,960,True,False,True,True,8
duplicate-full-rank,961,True,False,True,True,6
duplicate-full-rank,962,True,False,True,True,7
duplicate-full-rank,963,True,False,True,True,7
duplicate-full-rank,964,True,False,True,True,7
duplicate-full-rank,965,True,False,True,True,7
duplicate-full-rank,966,True,False,True,True,7
duplicate-full-rank,967,True,False,True,True,8
duplicate-full-rank,968,True,False,True,True,7
duplicate-full-rank,969,True,False,True,True,6
duplicate-full-rank,970,True,False,True,True,8
duplicate-full-rank,971,True,False,True,True,7
duplicate-full-rank,972,True,False,True,True,7
duplicate-full-rank,973,True,False,True,True,8
duplicate-full-rank,974,True,False,True,True,7
duplicate-full-rank,975,True,False,True,True,6
duplicate-full-rank,976,True,False,True,True,7
duplicate-full-rank,977,True,False,True,True,6
duplicate-full-rank,978,True,False,True,True,6
duplicate-full-rank,979,True,False,True,True,7
duplicate-full-rank,980,True,False,True,True,6
duplicate-full-rank,981,True,False,True,True,6
duplicate-full-rank,982,True,False,True,True,8
duplicate-full-rank,983,True,False,True,True,6
duplicate-full-rank,984,True,False,True,True,8
duplicate-full-rank,985,True,False,True,True,7
duplicate-full-rank,986,True,False,True,True,7
duplicate-full-rank,987,True,False,True,True,6
duplicate-full-rank,988,True,False,True,True,7
duplicate-full-rank,989,True,False,True,True,7
duplicate-full-rank,990,True,False,True,True,8
duplicate-full-rank,991,True,False,True,True,8
duplicate-full-rank,992,True,False,True,True,7
duplicate-full-rank,993,True,False,True,True,6
duplicate-full-rank,994,True,False,True,True,7
duplicate-full-rank,995,True,False,True,True,8
duplicate-full-rank,996,True,False,True,True,8
duplicate-full-rank,997,True,False,True,True,6
duplicate-full-rank,998,True,False,True,True,8
duplicate-full-rank,999,True,False,True,True,6
rank-1,0,False,True,True,True,9
rank-1,1,False,True,True,True,11
rank-1,2,False,True,True,True,13
rank-1,3,False,True,True,True,12
rank-1,4,False,True,True,True,9
rank-1,5,False,True,True,True,13
rank-1,6,False,True,True,True,12
rank-1,7,False,True,True,True,11
rank-1,8,False,True,True,True,15
rank-1,9,False,True,True,True,12
rank-1,10,False,True,True,True,12
rank-1,11,False,True,True,True,14
rank-1,12,False,True,True,True,10
rank-1,13,False,True,True,True,13
rank-1,14,False,True,True,True,9
rank-1,15,False,True,True,True,13
rank-1,16,False,True,True,True,12
rank-1,17,False,True,True,True,12
rank-1,18,False,True,True,True,12
rank-1,19,False,True,True,True,12
rank-1,20,False,True,True,True,11
rank-1,21,False,True,True,True,9
rank-1,22,False,True,True,True,10
rank-1,23,False,True,True,True,10
rank-1,24,False,True,True,True,12
rank-1,25,False,True,True,True,10
rank-1,26,False,True,True,True,10
rank-1,27,False,True,True,True,12
rank-1,28,False,True,True,True,11
rank-1,29,False,True,True,True,8
rank-1,30,False,True,True,True,11
rank-1,31,False,True,True,True,11
rank-1,32,False,True,True,True,5
rank-1,33,False,True,True,True,10
rank-1,34,False,True,True,True,10
rank-1,35,False,True,True,True,9
rank-1,36,False,True,True,True,12
rank-1,37,False,True,True,True,11
rank-1,38,False,True,True,True,11
rank-1,39,False,True,True,True,12
rank-1,40,False,True,True,True,11
rank-1,41,False,True,True,True,10
rank-1,42,False,True,True,True,11
rank-1,43,False,True,True,True,11
rank-1,44,False,True,True,True,10
rank-1,45,False,True,True,True,10
rank-1,46,False,True,True,True,9
rank-1,47,False,True,True,True,11
rank-1,48,False,True,True,True,14
rank-1,49,False,True,True,True,9
rank-1,50,False,True,True,True,11
rank-1,51,False,True,True,True,11
rank-1,52,False,True,True,True,8
rank-1,53,False,True,True,True,12
rank-1,54,False,True,True,True,11
rank-1,55,False,True,True,True,12
rank-1,56,False,True,True,True,11
rank-1,57,False,True,True,True,13
rank-1,58,False,True,True,True,11
rank-1,59,False,True,True,True,10
rank-1,60,False,True,True,True,12
rank-1,61,False,True,True,True,7
rank-1,62,False,True,True,True,8
rank-1,63,False,True,True,True,12
rank-1,64,False,True,True,True,9
rank-1,65,False,True,True,True,11
rank-1,66,False,True,True,True,9
rank-1,67,False,True,True,True,12
rank-1,68,False,True,True,True,10
rank-1,69,False,True,True,True,13
rank-1,70,False,True,True,True,16
rank-1,71,False,True,True,True,13
rank-1,72,False,True,True,True,10
rank-1,73,False,True,True,True,10
rank-1,74,False,True,True,True,12
rank-1,75,False,True,True,True,11
rank-1,76,False,True,True,True,14
rank-1,77,False,True,True,True,11
rank-1,78,False,True,True,True,9
rank-1,79,False,True,True,True,12
rank-1,80,False,True,True,True,14
rank-1,81,False,True,True,True,12
rank-1,82,False,True,True,True,10
rank-1,83,False,True,True,True,11
rank-1,84,False,True,True,True,13
rank-1,85,False,True,True,True,14
rank-1,86,False,True,True,True,10
rank-1,87,False,True,True,True,10
rank-1,88,False,True,True,True,10
rank-1,89,False,True,True,True,9
rank-1,90,False,True,True,True,11
rank-1,91,False,True,True,True,11
rank-1,92,False,True,True,True,12
rank-1,93,False,True,True,True,13
rank-1,94,False,True,True,True,9
rank-1,95,False,True,True,True,12
rank-1,96,False,True,True,True,10
rank-1,97,False,True,True,True,12
rank-1,98,False,True,True,True,11
rank-1,99,False,True,True,True,11
rank-1,100,False,True,True,True,11
rank-1,101,False,True,True,True,11
rank-1,102,False,True,True,True,11
rank-1,103,False,True,True,True,13
rank-1,104,False,True,True,True,11
rank-1,105,False,True,True,True,11
rank-1,106,False,True,True,True,9
rank-1,107,False,True,True,True,10
rank-1,108,False,True,True,True,12
rank-1,109,False,True,True,True,10
rank-1,110,False,True,True,True,11
rank-1,111,False,True,True,True,12
rank-1,112,False,True,True,True,11
rank-1,113,False,True,True,True,12
rank-1,114,False,True,True,True,13
rank-1,115,False,True,True,True,11
rank-1,116,False,True,True,True,14
rank-1,117,False,True,True,True,11
rank-1,118,False,True,True,True,13
rank-1,119,False,True,True,True,11
rank-1,120,False,True,True,True,9
rank-1,121,False,True,True,True,14
rank-1,122,False,True,True,True,11
rank-1,123,False,True,True,True,11
rank-1,124,False,True,True,True,10
rank-1,125,False,True,True,True,9
rank-1,126,False,True,True,True,13
rank-1,127,False,True,True,True,11
rank-1,128,False,True,True,True,10
rank-1,129,False,True,True,True,9
rank-1,130,False,True,True,True,13
rank-1,131,False,True,True,True,13
rank-1,132,False,True,True,True,11
rank-1,133,False,True,True,True,9
rank-1,134,False,True,True,True,10
rank-1,135,False,True,True,True,11
rank-1,136,False,True,True,True,9
rank-1,137,False,True,True,True,12
rank-1,138,False,True,True,True,14
rank-1,139,False,True,True,True,14
rank-1,140,False,True,True,True,9
rank-1,141,False,True,True,True,12
rank-1,142,False,True,True,True,8
rank-1,143,False,True,True,True,9
rank-1,144,False,True,True,True,9
rank-1,145,False,True,True,True,10
rank-1,146,False,True,True,True,11
rank-1,147,False,True,True,True,12
rank-1,148,False,True,True,True,13
rank-1,149,False,True,True,True,14
rank-1,150,False,True,True,True,9
rank-1,151,False,True,True,True,11
rank-1,152,False,True,True,True,13
rank-1,153,False,True,True,True,11
rank-1,154,False,True,True,True,14
rank-1,155,False,True,True,True,10
rank-1,156,False,True,True,True,9
rank-1,157,False,True,True,True,11
rank-1,158,False,True,True,True,10
rank-1,159,False,True,True,True,15
rank-1,160,False,True,True,True,11
rank-1,161,False,True,True,True,13
rank-1,162,False,True,True,True,9
rank-1,163,False,True,True,True,13
rank-1,164,False,True,True,True,9
rank-1,165,False,True,True,True,8
rank-1,166,False,True,True,True,11
rank-1,167,False,True,True,True,11
rank-1,168,False,True,True,True,10
rank-1,169,False,True,True,True,6
rank-1,170,False,True,True,True,12
rank-1,171,False,True,True,True,11
rank-1,172,False,True,True,True,11
rank-1,173,False,True,True,True,7
rank-1,174,False,True,True,True,15
rank-1,175,False,True,True,True,12
rank-1,176,False,True,True,True,11
rank-1,177,False,True,True,True,12
rank-1,178,False,True,True,True,12
rank-1,179,False,True,True,True,14
rank-1,180,False,True,True,True,12
rank-1,181,False,True,True,True,14
rank-1,182,False,True,True,True,12
rank-1,183,False,True,True,True,13
rank-1,184,False,True,True,True,11
rank-1,185,False,True,True,True,14
rank-1,186,False,True,True,True,11
rank-1,187,False,True,True,True,13
rank-1,188,False,True,True,True,9
rank-1,189,False,True,True,True,11
rank-1,190,False,True,True,True,11
rank-1,191,False,True,True,True,10
rank-1,192,False,True,True,True,8
rank-1,193,False,True,True,True,10
rank-1,194,False,True,True,True,13
rank-1,195,False,True,True,True,12
rank-1,196,False,True,True,True,12
rank-1,197,False,True,True,True,13
rank-1,198,False,True,True,True,14
rank-1,199,False,True,True,True,11
rank-1,200,False,True,True,True,9
rank-1,201,False,True,True,True,13
rank-1,202,False,True,True,True,14
rank-1,203,False,True,True,True,11
rank-1,204,False,True,True,True,12
rank-1,205,False,True,True,True,12
rank-1,206,False,True,True,True,8
rank-1,207,False,True,True,True,10
rank-1,208,False,True,True,True,14
rank-1,209,False,True,True,True,12
rank-1,210,False,True,True,True,14
rank-1,211,False,True,True,True,10
rank-1,212,False,True,True,True,13
rank-1,213,False,True,True,True,11
rank-1,214,False,True,True,True,13
rank-1,215,False,True,True,True,14
rank-1,216,False,True,True,True,12
rank-1,217,False,True,True,True,12
rank-1,218,False,True,True,True,13
rank-1,219,False,True,True,True,10
rank-1,220,False,True,True,True,16
rank-1,221,False,True,True,True,11
rank-1,222,False,True,True,True,11
rank-1,223,False,True,True,True,10
rank-1,224,False,True,True,True,8
rank-1,225,False,True,True,True,3
rank-1,226,False,True,True,True,11
rank-1,227,False,True,True,True,12
rank-1,228,False,True,True,True,11
rank-1,229,False,True,True,True,10
rank-1,230,False,True,True,True,12
rank-1,231,False,True,True,True,12
rank-1,232,False,True,True,True,12
rank-1,233,False,True,True,True,11
rank-1,234,False,True,True,True,14
rank-1,235,False,True,True,True,11
rank-1,236,False,True,True,True,11
rank-1,237,False,True,True,True,11
rank-1,238,False,True,True,True,11
rank-1,239,False,True,True,True,11
rank-1,240,False,True,True,True,9
rank-1,241,False,True,True,True,13
rank-1,242,False,True,True,True,11
rank-1,243,False,True,True,True,12
rank-1,244,False,True,True,True,15
rank-1,245,False,True,True,True,11
rank-1,246,False,True,True,True,11
rank-1,247,False,True,True,True,11
rank-1,248,False,True,True,True,11
rank-1,249,False,True,True,True,10
rank-1,250,False,True,True,True,10
rank-1,251,False,True,True,True,10
rank-1,252,False,True,True,True,11
rank-1,253,False,True,True,True,12
rank-1,254,False,True,True,True,11
rank-1,255,False,True,True,True,11
rank-1,256,False,True,True,True,11
rank-1,257,False,True,True,True,9
rank-1,258,False,True,True,True,13
rank-1,259,False,True,True,True,11
rank-1,260,False,True,True,True,10
rank-1,261,False,True,True,True,11
rank-1,262,False,True,True,True,12
rank-1,263,False,True,True,True,13
rank-1,264,False,True,True,True,12
rank-1,265,False,True,True,True,12
rank-1,266,False,True,True,True,14
rank-1,267,False,True,True,True,11
rank-1,268,False,True,True,True,10
rank-1,269,False,True,True,True,12
rank-1,270,False,True,True,True,14
rank-1,271,False,True,True,True,13
rank-1,272,False,True,True,True,12
rank-1,273,False,True,True,True,13
rank-1,274,False,True,True,True,11
rank-1,275,False,True,True,True,11
rank-1,276,False,True,True,True,8
rank-1,277,False,True,True,True,13
rank-1,278,False,True,True,True,12
rank-1,279,False,True,True,True,11
rank-1,280,False,True,True,True,10
rank-1,281,False,True,True,True,12
rank-1,282,False,True,True,True,11
rank-1,283,False,True,True,True,10
rank-1,284,False,True,True,True,12
rank-1,285,False,True,True,True,13
rank-1,286,False,True,True,True,15
rank-1,287,False,True,True,True,11
rank-1,288,False,True,True,True,14
rank-1,289,False,True,True,True,12
rank-1,290,False,True,True,True,9
rank-1,291,False,True,True,True,12
rank-1,292,False,True,True,True,9
rank-1,293,False,True,True,True,10
rank-1,294,False,True,True,True,12
rank-1,295,False,True,True,True,12
rank-1,296,False,True,True,True,11
rank-1,297,False,True,True,True,14
rank-1,298,False,True,True,True,9
rank-1,299,False,True,True,True,14
rank-1,300,False,True,True,True,11
rank-1,301,False,True,True,True,11
rank-1,302,False,True,True,True,13
rank-1,303,False,True,True,True,9
rank-1,304,False,True,True,True,11
rank-1,305,False,True,True,True,10
rank-1,306,False,True,True,True,12
rank-1,307,False,True,True,True,14
rank-1,308,False,True,True,True,13
rank-1,309,False,True,True,True,12
rank-1,310,False,True,True,True,13
rank-1,311,False,True,True,True,8
rank-1,312,False,True,True,True,9
rank-1,313,False,True,True,True,12
rank-1,314,False,True,True,True,12
rank-1,315,False,True,True,True,13
rank-1,316,False,True,True,True,10
rank-1,317,False,True,True,True,13
rank-1,318,False,True,True,True,12
rank-1,319,False,True,True,True,15
rank-1,320,False,True,True,True,15
rank-1,321,False,True,True,True,10
rank-1,322,False,True,True,True,11
rank-1,323,False,True,True,True,11
rank-1,324,False,True,True,True,11
rank-1,325,False,True,True,True,14
rank-1,326,False,True,True,True,11
rank-1,327,False,True,True,True,12
rank-1,328,False,True,True,True,12
rank-1,329,False,True,True,True,11
rank-1,330,False,True,True,True,9
rank-1,331,False,True,True,True,13
rank-1,332,False,True,True,True,9
rank-1,333,False,True,True,True,7
rank-1,334,False,True,True,True,14
rank-1,335,False,True,True,True,7
rank-1,336,False,True,True,True,11
rank-1,337,False,True,True,True,11
rank-1,338,False,True,True,True,12
rank-1,339,False,True,True,True,8
rank-1,340,False,True,True,True,11
rank-1,341,False,True,True,True,10
rank-1,342,False,True,True,True,12
rank-1,343,False,True,True,True,11
rank-1,344,False,True,True,True,12
rank-1,345,False,True,True,True,15
rank-1,346,False,True,True,True,11
rank-1,347,False,True,True,True,12
rank-1,348,False,True,True,True,11
rank-1,349,False,True,True,True,10
rank-1,350,False,True,True,True,12
rank-1,351,False,True,True,True,13
rank-1,352,False,True,True,True,16
rank-1,353,False,True,True,True,12
rank-1,354,False,True,True,True,12
rank-1,355,False,True,True,True,9
rank-1,356,False,True,True,True,11
rank-1,357,False,True,True,True,9
rank-1,358,False,True,True,True,12
rank-1,359,False,True,True,True,14
rank-1,360,False,True,True,True,13
rank-1,361,False,True,True,True,5
rank-1,362,False,True,True,True,10
rank-1,363,False,True,True,True,12
rank-1,364,False,True,True,True,11
rank-1,365,False,True,True,True,13
rank-1,366,False,True,True,True,13
rank-1,367,False,True,True,True,11
rank-1,368,False,True,True,True,10
rank-1,369,False,True,True,True,13
rank-1,370,False,True,True,True,11
rank-1,371,False,True,True,True,10
rank-1,372,False,True,True,True,11
rank-1,373,False,True,True,True,13
rank-1,374,False,True,True,True,13
rank-1,375,False,True,True,True,12
rank-1,376,False,True,True,True,13
rank-1,377,False,True,True,True,13
rank-1,378,False,True,True,True,14
rank-1,379,False,True,True,True,8
rank-1,380,False,True,True,True,11
rank-1,381,False,True,True,True,9
rank-1,382,False,True,True,True,9
rank-1,383,False,True,True,True,12
rank-1,384,False,True,True,True,11
rank-1,385,False,True,True,True,11
rank-1,386,False,True,True,True,11
rank-1,387,False,True,True,True,14
rank-1,388,False,True,True,True,10
rank-1,389,False,True,True,True,11
rank-1,390,False,True,True,True,13
rank-1,391,False,True,True,True,11
rank-1,392,False,True,True,True,12
rank-1,393,False,True,True,True,12
rank-1,394,False,True,True,True,11
rank-1,395,False,True,True,True,14
rank-1,396,False,True,True,True,11
rank-1,397,False,True,True,True,13
rank-1,398,False,True,True,True,10
rank-1,399,False,True,True,True,13
rank-1,400,False,True,True,True,13
rank-1,401,False,True,True,True,9
rank-1,402,False,True,True,True,10
rank-1,403,False,True,True,True,10
rank-1,404,False,True,True,True,15
rank-1,405,False,True,True,True,12
rank-1,406,False,True,True,True,12
rank-1,407,False,True,True,True,11
rank-1,408,False,True,True,True,12
rank-1,409,False,True,True,True,12
rank-1,410,False,True,True,True,12
rank-1,411,False,True,True,True,12
rank-1,412,False,True,True,True,15
rank-1,413,False,True,True,True,11
rank-1,414,False,True,True,True,9
rank-1,415,False,True,True,True,11
rank-1,416,False,True,True,True,9
rank-1,417,False,True,True,True,9
rank-1,418,False,True,True,True,11
rank-1,419,False,True,True,True,9
rank-1,420,False,True,True,True,12
rank-1,421,False,True,True,True,11
rank-1,422,False,True,True,True,12
rank-1,423,False,True,True,True,10
rank-1,424,False,True,True,True,12
rank-1,425,False,True,True,True,14
rank-1,426,False,True,True,True,11
rank-1,427,False,True,True,True,11
rank-1,428,False,True,True,True,12
rank-1,429,False,True,True,True,8
rank-1,430,False,True,True,True,12
rank-1,431,False,True,True,True,12
rank-1,432,False,True,True,True,14
rank-1,433,False,True,True,True,11
rank-1,434,False,True,True,True,13
rank-1,435,False,True,True,True,14
rank-1,436,False,True,True,True,13
rank-1,437,False,True,True,True,10
rank-1,438,False,True,True,True,10
rank-1,439,False,True,True,True,9
rank-1,440,False,True,True,True,10
rank-1,441,False,True,True,True,10
rank-1,442,False,True,True,True,13
rank-1,443,False,True,True,True,11
rank-1,444,False,True,True,True,11
rank-1,445,False,True,True,True,11
rank-1,446,False,True,True,True,11
rank-1,447,False,True,True,True,11
rank-1,448,False,True,True,True,14
rank-1,449,False,True,True,True,12
rank-1,450,False,True,True,True,11
rank-1,451,False,True,True,True,13
rank-1,452,False,True,True,True,11
rank-1,453,False,True,True,True,13
rank-1,454,False,True,True,True,11
rank-1,455,False,True,True,True,8
rank-1,456,False,True,True,True,11
rank-1,457,False,True,True,True,12
rank-1,458,False,True,True,True,11
rank-1,459,False,True,True,True,13
rank-1,460,False,True,True,True,11
rank-1,461,False,True,True,True,13
rank-1,462,False,True,True,True,13
rank-1,463,False,True,True,True,11
rank-1,464,False,True,True,True,8
rank-1,465,False,True,True,True,11
rank-1,466,False,True,True,True,11
rank-1,467,False,True,True,True,13
rank-1,468,False,True,True,True,13
rank-1,469,False,True,True,True,10
rank-1,470,False,True,True,True,15
rank-1,471,False,True,True,True,10
rank-1,472,False,True,True,True,10
rank-1,473,False,True,True,True,9
rank-1,474,False,True,True,True,10
rank-1,475,False,True,True,True,11
rank-1,476,False,True,True,True,12
rank-1,477,False,True,True,True,11
rank-1,478,False,True,True,True,11
rank-1,479,False,True,True,True,9
rank-1,480,False,True,True,True,12
rank-1,481,False,True,True,True,11
rank-1,482,False,True,True,True,12
rank-1,483,False,True,True,True,12
rank-1,484,False,True,True,True,10
rank-1,485,False,True,True,True,10
rank-1,486,False,True,True,True,7
rank-1,487,False,True,True,True,10
rank-1,488,False,True,True,True,12
rank-1,489,False,True,True,True,15
rank-1,490,False,True,True,True,9
rank-1,491,False,True,True,True,11
rank-1,492,False,True,True,True,14
rank-1,493,False,True,True,True,9
rank-1,494,False,True,True,True,12
rank-1,495,False,True,True,True,12
rank-1,496,False,True,True,True,11
rank-1,497,False,True,True,True,15
rank-1,498,False,True,True,True,10
rank-1,499,False,True,True,True,13
rank-1,500,False,True,True,True,11
rank-1,501,False,True,True,True,12
rank-1,502,False,True,True,True,12
rank-1,503,False,True,True,True,14
rank-1,504,False,True,True,True,11
rank-1,505,False,True,True,True,12
rank-1,506,False,True,True,True,12
rank-1,507,False,True,True,True,11
rank-1,508,False,True,True,True,11
rank-1,509,False,True,True,True,10
rank-1,510,False,True,True,True,12
rank-1,511,False,True,True,True,11
rank-1,512,False,True,True,True,11
rank-1,513,False,True,True,True,9
rank-1,514,False,True,True,True,11
rank-1,515,False,True,True,True,13
rank-1,516,False,True,True,True,12
rank-1,517,False,True,True,True,10
rank-1,518,False,True,True,True,11
rank-1,519,False,True,True,True,9
rank-1,520,False,True,True,True,12
rank-1,521,False,True,True,True,10
rank-1,522,False,True,True,True,12
rank-1,523,False,True,True,True,12
rank-1,524,False,True,True,True,12
rank-1,525,False,True,True,True,12
rank-1,526,False,True,True,True,14
rank-1,527,False,True,True,True,11
rank-1,528,False,True,True,True,11
rank-1,529,False,True,True,True,9
rank-1,530,False,True,True,True,15
rank-1,531,False,True,True,True,12
rank-1,532,False,True,True,True,15
rank-1,533,False,True,True,True,11
rank-1,534,False,True,True,True,8
rank-1,535,False,True,True,True,15
rank-1,536,False,True,True,True,12
rank-1,537,False,True,True,True,8
rank-1,538,False,True,True,True,11
rank-1,539,False,True,True,True,10
rank-1,540,False,True,True,True,7
rank-1,541,False,True,True,True,13
rank-1,542,False,True,True,True,10
rank-1,543,False,True,True,True,12
rank-1,544,False,True,True,True,10
rank-1,545,False,True,True,True,11
rank-1,546,False,True,True,True,13
rank-1,547,False,True,True,True,10
rank-1,548,False,True,True,True,11
rank-1,549,False,True,True,True,11
rank-1,550,False,True,True,True,12
rank-1,551,False,True,True,True,13
rank-1,552,False,True,True,True,10
rank-1,553,False,True,True,True,11
rank-1,554,False,True,True,True,12
rank-1,555,False,True,True,True,14
rank-1,556,False,True,True,True,9
rank-1,557,False,True,True,True,10
rank-1,558,False,True,True,True,10
rank-1,559,False,True,True,True,13
rank-1,560,False,True,True,True,14
rank-1,561,False,True,True,True,11
rank-1,562,False,True,True,True,11
rank-1,563,False,True,True,True,13
rank-1,564,False,True,True,True,12
rank-1,565,False,True,True,True,11
rank-1,566,False,True,True,True,14
rank-1,567,False,True,True,True,15
rank-1,568,False,True,True,True,14
rank-1,569,False,True,True,True,10
rank-1,570,False,True,True,True,11
rank-1,571,False,True,True,True,12
rank-1,572,False,True,True,True,11
rank-1,573,False,True,True,True,13
rank-1,574,False,True,True,True,13
rank-1,575,False,True,True,True,9
rank-1,576,False,True,True,True,14
rank-1,577,False,True,True,True,11
rank-1,578,False,True,True,True,11
rank-1,579,False,True,True,True,9
rank-1,580,False,True,True,True,12
rank-1,581,False,True,True,True,12
rank-1,582,False,True,True,True,11
rank-1,583,False,True,True,True,9
rank-1,584,False,True,True,True,13
rank-1,585,False,True,True,True,11
rank-1,586,False,True,True,True,13
rank-1,587,False,True,True,True,12
rank-1,588,False,True,True,True,9
rank-1,589,False,True,True,True,10
rank-1,590,False,True,True,True,12
rank-1,591,False,True,True,True,10
rank-1,592,False,True,True,True,15
rank-1,593,False,True,True,True,12
rank-1,594,False,True,True,True,10
rank-1,595,False,True,True,True,10
rank-1,596,False,True,True,True,11
rank-1,597,False,True,True,True,9
rank-1,598,False,True,True,True,11
rank-1,599,False,True,True,True,10
rank-1,600,False,True,True,True,15
rank-1,601,False,True,True,True,13
rank-1,602,False,True,True,True,11
rank-1,603,False,True,True,True,11
rank-1,604,False,True,True,True,10
rank-1,605,False,True,True,True,13
rank-1,606,False,True,True,True,11
rank-1,607,False,True,True,True,9
rank-1,608,False,True,True,True,9
rank-1,609,False,True,True,True,11
rank-1,610,False,True,True,True,12
rank-1,611,False,True,True,True,11
rank-1,612,False,True,True,True,10
rank-1,613,False,True,True,True,14
rank-1,614,False,True,True,True,15
rank-1,615,False,True,True,True,10
rank-1,616,False,True,True,True,11
rank-1,617,False,True,True,True,11
rank-1,618,False,True,True,True,12
rank-1,619,False,True,True,True,10
rank-1,620,False,True,True,True,13
rank-1,621,False,True,True,True,11
rank-1,622,False,True,True,True,12
rank-1,623,False,True,True,True,10
rank-1,624,False,True,True,True,10
rank-1,625,False,True,True,True,12
rank-1,626,False,True,True,True,11
rank-1,627,False,True,True,True,11
rank-1,628,False,True,True,True,13
rank-1,629,False,True,True,True,10
rank-1,630,False,True,True,True,6
rank-1,631,False,True,True,True,12
rank-1,632,False,True,True,True,12
rank-1,633,False,True,True,True,12
rank-1,634,False,True,True,True,12
rank-1,635,False,True,True,True,11
rank-1,636,False,True,True,True,11
rank-1,637,False,True,True,True,11
rank-1,638,False,True,True,True,9
rank-1,639,False,True,True,True,4
rank-1,640,False,True,True,True,10
rank-1,641,False,True,True,True,12
rank-1,642,False,True,True,True,11
rank-1,643,False,True,True,True,12
rank-1,644,False,True,True,True,11
rank-1,645,False,True,True,True,10
rank-1,646,False,True,True,True,9
rank-1,647,False,True,True,True,13
rank-1,648,False,True,True,True,11
rank-1,649,False,True,True,True,11
rank-1,650,False,True,True,True,12
rank-1,651,False,True,True,True,9
rank-1,652,False,True,True,True,16
rank-1,653,False,True,True,True,12
rank-1,654,False,True,True,True,10
rank-1,655,False,True,True,True,14
rank-1,656,False,True,True,True,11
rank-1,657,False,True,True,True,11
rank-1,658,False,True,True,True,10
rank-1,659,False,True,True,True,12
rank-1,660,False,True,True,True,13
rank-1,661,False,True,True,True,11
rank-1,662,False,True,True,True,14
rank-1,663,False,True,True,True,12
rank-1,664,False,True,True,True,13
rank-1,665,False,True,True,True,11
rank-1,666,False,True,True,True,14
rank-1,667,False,True,True,True,11
rank-1,668,False,True,True,True,8
rank-1,669,False,True,True,True,13
rank-1,670,False,True,True,True,12
rank-1,671,False,True,True,True,12
rank-1,672,False,True,True,True,12
rank-1,673,False,True,True,True,11
rank-1,674,False,True,True,True,12
rank-1,675,False,True,True,True,10
rank-1,676,False,True,True,True,9
rank-1,677,False,True,True,True,11
rank-1,678,False,True,True,True,13
rank-1,679,False,True,True,True,11
rank-1,680,False,True,True,True,14
rank-1,681,False,True,True,True,10
rank-1,682,False,True,True,True,12
rank-1,683,False,True,True,True,11
rank-1,684,False,True,True,True,11
rank-1,685,False,True,True,True,14
rank-1,686,False,True,True,True,10
rank-1,687,False,True,True,True,13
rank-1,688,False,True,True,True,13
rank-1,689,False,True,True,True,11
rank-1,690,False,True,True,True,14
rank-1,691,False,True,True,True,11
rank-1,692,False,True,True,True,12
rank-1,693,False,True,True,True,12
rank-1,694,False,True,True,True,12
rank-1,695,False,True,True,True,11
rank-1,696,False,True,True,True,15
rank-1,697,False,True,True,True,12
rank-1,698,False,True,True,True,14
rank-1,699,False,True,True,True,11
rank-1,700,False,True,True,True,15
rank-1,701,False,True,True,True,12
rank-1,702,False,True,True,True,15
rank-1,703,False,True,True,True,11
rank-1,704,False,True,True,True,13
rank-1,705,False,True,True,True,12
rank-1,706,False,True,True,True,9
rank-1,707,False,True,True,True,12
rank-1,708,False,True,True,True,10
rank-1,709,False,True,True,True,11
rank-1,710,False,True,True,True,13
rank-1,711,False,True,True,True,11
rank-1,712,False,True,True,True,12
rank-1,713,False,True,True,True,12
rank-1,714,False,True,True,True,12
rank-1,715,False,True,True,True,7
rank-1,716,False,True,True,True,10
rank-1,717,False,True,True,True,12
rank-1,718,False,True,True,True,14
rank-1,719,False,True,True,True,13
rank-1,720,False,True,True,True,17
rank-1,721,False,True,True,True,12
rank-1,722,False,True,True,True,13
rank-1,723,False,True,True,True,9
rank-1,724,False,True,True,True,12
rank-1,725,False,True,True,True,11
rank-1,726,False,True,True,True,12
rank-1,727,False,True,True,True,10
rank-1,728,False,True,True,True,9
rank-1,729,False,True,True,True,11
rank-1,730,False,True,True,True,9
rank-1,731,False,True,True,True,10
rank-1,732,False,True,True,True,12
rank-1,733,False,True,True,True,11
rank-1,734,False,True,True,True,8
rank-1,735,False,True,True,True,16
rank-1,736,False,True,True,True,12
rank-1,737,False,True,True,True,10
rank-1,738,False,True,True,True,13
rank-1,739,False,True,True,True,11
rank-1,740,False,True,True,True,10
rank-1,741,False,True,True,True,14
rank-1,742,False,True,True,True,12
rank-1,743,False,True,True,True,11
rank-1,744,False,True,True,True,10
rank-1,745,False,True,True,True,12
rank-1,746,False,True,True,True,11
rank-1,747,False,True,True,True,12
rank-1,748,False,True,True,True,10
rank-1,749,False,True,True,True,14
rank-1,750,False,True,True,True,9
rank-1,751,False,True,True,True,8
rank-1,752,False,True,True,True,14
rank-1,753,False,True,True,True,12
rank-1,754,False,True,True,True,12
rank-1,755,False,True,True,True,12
rank-1,756,False,True,True,True,12
rank-1,757,False,True,True,True,9
rank-1,758,False,True,True,True,12
rank-1,759,False,True,True,True,13
rank-1,760,False,True,True,True,8
rank-1,761,False,True,True,True,12
rank-1,762,False,True,True,True,12
rank-1,763,False,True,True,True,16
rank-1,764,False,True,True,True,11
rank-1,765,False,True,True,True,11
rank-1,766,False,True,True,True,8
rank-1,767,False,True,True,True,15
rank-1,768,False,True,True,True,11
rank-1,769,False,True,True,True,10
rank-1,770,False,True,True,True,11
rank-1,771,False,True,True,True,13
rank-1,772,False,True,True,True,11
rank-1,773,False,True,True,True,11
rank-1,774,False,True,True,True,12
rank-1,775,False,True,True,True,14
rank-1,776,False,True,True,True,12
rank-1,777,False,True,True,True,13
rank-1,778,False,True,True,True,11
rank-1,779,False,True,True,True,16
rank-1,780,False,True,True,True,14
rank-1,781,False,True,True,True,11
rank-1,782,False,True,True,True,12
rank-1,783,False,True,True,True,12
rank-1,784,False,True,True,True,12
rank-1,785,False,True,True,True,11
rank-1,786,False,True,True,True,11
rank-1,787,False,True,True,True,11
rank-1,788,False,True,True,True,10
rank-1,789,False,True,True,True,14
rank-1,790,False,True,True,True,12
rank-1,791,False,True,True,True,13
rank-1,792,False,True,True,True,9
rank-1,793,False,True,True,True,11
rank-1,794,False,True,True,True,17
rank-1,795,False,True,True,True,11
rank-1,796,False,True,True,True,12
rank-1,797,False,True,True,True,8
rank-1,798,False,True,True,True,14
rank-1,799,False,True,True,True,7
rank-1,800,False,True,True,True,10
rank-1,801,False,True,True,True,10
rank-1,802,False,True,True,True,14
rank-1,803,False,True,True,True,13
rank-1,804,False,True,True,True,11
rank-1,805,False,True,True,True,8
rank-1,806,False,True,True,True,11
rank-1,807,False,True,True,True,12
rank-1,808,False,True,True,True,13
rank-1,809,False,True,True,True,9
rank-1,810,False,True,True,True,13
rank-1,811,False,True,True,True,11
rank-1,812,False,True,True,True,14
rank-1,813,False,True,True,True,13
rank-1,814,False,True,True,True,10
rank-1,815,False,True,True,True,12
rank-1,816,False,True,True,True,10
rank-1,817,False,True,True,True,11
rank-1,818,False,True,True,True,11
rank-1,819,False,True,True,True,11
rank-1,820,False,True,True,True,12
rank-1,821,False,True,True,True,10
rank-1,822,False,True,True,True,11
rank-1,823,False,True,True,True,12
rank-1,824,False,True,True,True,9
rank-1,825,False,True,True,True,14
rank-1,826,False,True,True,True,11
rank-1,827,False,True,True,True,14
rank-1,828,False,True,True,True,10
rank-1,829,False,True,True,True,11
rank-1,830,False,True,True,True,12
rank-1,831,False,True,True,True,10
rank-1,832,False,True,True,True,9
rank-1,833,False,True,True,True,12
rank-1,834,False,True,True,True,12
rank-1,835,False,True,True,True,13
rank-1,836,False,True,True,True,14
rank-1,837,False,True,True,True,11
rank-1,838,False,True,True,True,10
rank-1,839,False,True,True,True,11
rank-1,840,False,True,True,True,9
rank-1,841,False,True,True,True,15
rank-1,842,False,True,True,True,10
rank-1,843,False,True,True,True,9
rank-1,844,False,True,True,True,10
rank-1,845,False,True,True,True,13
rank-1,846,False,True,True,True,11
rank-1,847,False,True,True,True,12
rank-1,848,False,True,True,True,10
rank-1,849,False,True,True,True,11
rank-1,850,False,True,True,True,11
rank-1,851,False,True,True,True,12
rank-1,852,False,True,True,True,8
rank-1,853,False,True,True,True,10
rank-1,854,False,True,True,True,12
rank-1,855,False,True,True,True,10
rank-1,856,False,True,True,True,10
rank-1,857,False,True,True,True,11
rank-1,858,False,True,True,True,13
rank-1,859,False,True,True,True,12
rank-1,860,False,True,True,True,14
rank-1,861,False,True,True,True,10
rank-1,862,False,True,True,True,11
rank-1,863,False,True,True,True,15
rank-1,864,False,True,True,True,12
rank-1,865,False,True,True,True,13
rank-1,866,False,True,True,True,12
rank-1,867,False,True,True,True,12
rank-1,868,False,True,True,True,9
rank-1,869,False,True,True,True,11
rank-1,870,False,True,True,True,11
rank-1,871,False,True,True,True,13
rank-1,872,False,True,True,True,11
rank-1,873,False,True,True,True,13
rank-1,874,False,True,True,True,13
rank-1,875,False,True,True,True,11
rank-1,876,False,True,True,True,9
rank-1,877,False,True,True,True,9
rank-1,878,False,True,True,True,11
rank-1,879,False,True,True,True,14
rank-1,880,False,True,True,True,13
rank-1,881,False,True,True,True,11
rank-1,882,False,True,True,True,10
rank-1,883,False,True,True,True,12
rank-1,884,False,True,True,True,9
rank-1,885,False,True,True,True,11
rank-1,886,False,True,True,True,11
rank-1,887,False,True,True,True,11
rank-1,888,False,True,True,True,11
rank-1,889,False,True,True,True,16
rank-1,890,False,True,True,True,13
rank-1,891,False,True,True,True,10
rank-1,892,False,True,True,True,9
rank-1,893,False,True,True,True,11
rank-1,894,False,True,True,True,14
rank-1,895,False,True,True,True,11
rank-1,896,False,True,True,True,12
rank-1,897,False,True,True,True,11
rank-1,898,False,True,True,True,14
rank-1,899,False,True,True,True,13
rank-1,900,False,True,True,True,10
rank-1,901,False,True,True,True,12
rank-1,902,False,True,True,True,13
rank-1,903,False,True,True,True,10
rank-1,904,False,True,True,True,11
rank-1,905,False,True,True,True,10
rank-1,906,False,True,True,True,11
rank-1,907,False,True,True,True,13
rank-1,908,False,True,True,True,10
rank-1,909,False,True,True,True,11
rank-1,910,False,True,True,True,10
rank-1,911,False,True,True,True,11
rank-1,912,False,True,True,True,10
rank-1,913,False,True,True,True,13
rank-1,914,False,True,True,True,10
rank-1,915,False,True,True,True,13
rank-1,916,False,True,True,True,12
rank-1,917,False,True,True,True,12
rank-1,918,False,True,True,True,10
rank-1,919,False,True,True,True,11
rank-1,920,False,True,True,True,11
rank-1,921,False,True,True,True,10
rank-1,922,False,True,True,True,7
rank-1,923,False,True,True,True,12
rank-1,924,False,True,True,True,14
rank-1,925,False,True,True,True,15
rank-1,926,False,True,True,True,13
rank-1,927,False,True,True,True,11
rank-1,928,False,True,True,True,12
rank-1,929,False,True,True,True,8
rank-1,930,False,True,True,True,12
rank-1,931,False,True,True,True,6
rank-1,932,False,True,True,True,12
rank-1,933,False,True,True,True,13
rank-1,934,False,True,True,True,9
rank-1,935,False,True,True,True,12
rank-1,936,False,True,True,True,13
rank-1,937,False,True,True,True,14
rank-1,938,False,True,True,True,10
rank-1,939,False,True,True,True,12
rank-1,940,False,True,True,True,11
rank-1,941,False,True,True,True,11
rank-1,942,False,True,True,True,10
rank-1,943,False,True,True,True,11
rank-1,944,False,True,True,True,11
rank-1,945,False,True,True,True,10
rank-1,946,False,True,True,True,9
rank-1,947,False,True,True,True,14
rank-1,948,False,True,True,True,13
rank-1,949,False,True,True,True,12
rank-1,950,False,True,True,True,11
rank-1,951,False,True,True,True,7
rank-1,952,False,True,True,True,9
rank-1,953,False,True,True,True,11
rank-1,954,False,True,True,True,11
rank-1,955,False,True,True,True,13
rank-1,956,False,True,True,True,11
rank-1,957,False,True,True,True,10
rank-1,958,False,True,True,True,11
rank-1,959,False,True,True,True,10
rank-1,960,False,True,True,True,10
rank-1,961,False,True,True,True,14
rank-1,962,False,True,True,True,14
rank-1,963,False,True,True,True,12
rank-1,964,False,True,True,True,12
rank-1,965,False,True,True,True,14
rank-1,966,False,True,True,True,13
rank-1,967,False,True,True,True,12
rank-1,968,False,True,True,True,10
rank-1,969,False,True,True,True,8
rank-1,970,False,True,True,True,7
rank-1,971,False,True,True,True,15
rank-1,972,False,True,True,True,11
rank-1,973,False,True,True,True,13
rank-1,974,False,True,True,True,15
rank-1,975,False,True,True,True,12
rank-1,976,False,True,True,True,10
rank-1,977,False,True,True,True,9
rank-1,978,False,True,True,True,15
rank-1,979,False,True,True,True,10
rank-1,980,False,True,True,True,12
rank-1,981,False,True,True,True,11
rank-1,982,False,True,True,True,10
rank-1,983,False,True,True,True,11
rank-1,984,False,True,True,True,11
rank-1,985,False,True,True,True,15
rank-1,986,False,True,True,True,12
rank-1,987,False,True,True,True,12
rank-1,988,False,True,True,True,12
rank-1,989,False,True,True,True,7
rank-1,990,False,True,True,True,11
rank-1,991,False,True,True,True,11
rank-1,992,False,True,True,True,11
rank-1,993,False,True,True,True,11
rank-1,994,False,True,True,True,13
rank-1,995,False,True,True,True,12
rank-1,996,False,True,True,True,9
rank-1,997,False,True,True,True,16
rank-1,998,False,True,True,True,14
rank-1,999,False,True,True,True,10
scalar,0,False,True,True,True,11
scalar,1,False,True,True,True,11
scalar,2,False,True,True,True,10
scalar,3,False,True,True,True,9
scalar,4,False,True,True,True,13
scalar,5,False,True,True,True,10
scalar,6,False,True,True,True,10
scalar,7,False,True,True,True,11
scalar,8,False,True,True,True,10
scalar,9,False,True,True,True,11
scalar,10,False,True,True,True,11
scalar,11,False,True,True,True,10
scalar,12,False,True,True,True,8
scalar,13,False,True,True,True,10
scalar,14,False,True,True,True,10
scalar,15,False,True,True,True,10
scalar,16,False,True,True,True,9
scalar,17,False,True,True,True,10
scalar,18,False,True,True,True,9
scalar,19,False,True,True,True,11
scalar,20,False,True,True,True,10
scalar,21,False,True,True,True,10
scalar,22,False,True,True,True,9
scalar,23,False,True,True,True,11
scalar,24,False,True,True,True,12
scalar,25,False,True,True,True,10
scalar,26,False,True,True,True,11
scalar,27,False,True,True,True,10
scalar,28,False,True,True,True,10
scalar,29,False,True,True,True,9
scalar,30,False,True,True,True,11
scalar,31,False,True,True,True,11
scalar,32,False,True,True,True,13
scalar,33,False,True,True,True,10
scalar,34,False,True,True,True,11
scalar,35,False,True,True,True,10
scalar,36,False,True,True,True,8
scalar,37,False,True,True,True,13
scalar,38,False,True,True,True,9
scalar,39,False,True,True,True,9
scalar,40,False,True,True,True,8
scalar,41,False,True,True,True,13
scalar,42,False,True,True,True,12
scalar,43,False,True,True,True,13
scalar,44,False,True,True,True,10
scalar,45,False,True,True,True,11
scalar,46,False,True,True,True,12
scalar,47,False,True,True,True,9
scalar,48,False,True,True,True,13
scalar,49,False,True,True,True,10
scalar,50,False,True,True,True,10
scalar,51,False,True,True,True,11
scalar,52,False,True,True,True,11
scalar,53,False,True,True,True,12
scalar,54,False,True,True,True,11
scalar,55,False,True,True,True,7
scalar,56,False,True,True,True,8
scalar,57,False,True,True,True,10
scalar,58,False,True,True,True,12
scalar,59,False,True,True,True,12
scalar,60,False,True,True,True,10
scalar,61,False,True,True,True,10
scalar,62,False,True,True,True,9
scalar,63,False,True,True,True,11
scalar,64,False,True,True,True,10
scalar,65,False,True,True,True,11
scalar,66,False,True,True,True,8
scalar,67,False,True,True,True,11
scalar,68,False,True,True,True,13
scalar,69,False,True,True,True,9
scalar,70,False,True,True,True,11
scalar,71,False,True,True,True,11
scalar,72,False,True,True,True,11
scalar,73,False,True,True,True,8
scalar,74,False,True,True,True,9
scalar,75,False,True,True,True,10
scalar,76,False,True,True,True,10
scalar,77,False,True,True,True,9
scalar,78,False,True,True,True,9
scalar,79,False,True,True,True,8
scalar,80,False,True,True,True,9
scalar,81,False,True,True,True,11
scalar,82,False,True,True,True,7
scalar,83,False,True,True,True,13
scalar,84,False,True,True,True,15
scalar,85,False,True,True,True,7
scalar,86,False,True,True,True,11
scalar,87,False,True,True,True,14
scalar,88,False,True,True,True,7
scalar,89,False,True,True,True,11
scalar,90,False,True,True,True,11
scalar,91,False,True,True,True,12
scalar,92,False,True,True,True,8
scalar,93,False,True,True,True,9
scalar,94,False,True,True,True,9
scalar,95,False,True,True,True,11
scalar,96,False,True,True,True,8
scalar,97,False,True,True,True,10
scalar,98,False,True,True,True,10
scalar,99,False,True,True,True,9
scalar,100,False,True,True,True,9
scalar,101,False,True,True,True,12
scalar,102,False,True,True,True,10
scalar,103,False,True,True,True,12
scalar,104,False,True,True,True,11
scalar,105,False,True,True,True,11
scalar,106,False,True,True,True,11
scalar,107,False,True,True,True,11
scalar,108,False,True,True,True,12
scalar,109,False,True,True,True,11
scalar,110,False,True,True,True,10
scalar,111,False,True,True,True,14
scalar,112,False,True,True,True,10
scalar,113,False,True,True,True,9
scalar,114,False,True,True,True,8
scalar,115,False,True,True,True,12
scalar,116,False,True,True,True,11
scalar,117,False,True,True,True,14
scalar,118,False,True,True,True,13
scalar,119,False,True,True,True,10
scalar,120,False,True,True,True,9
scalar,121,False,True,True,True,9
scalar,122,False,True,True,True,12
scalar,123,False,True,True,True,10
scalar,124,False,True,True,True,9
scalar,125,False,True,True,True,10
scalar,126,False,True,True,True,13
scalar,127,False,True,True,True,12
scalar,128,False,True,True,True,14
scalar,129,False,True,True,True,11
scalar,130,False,True,True,True,12
scalar,131,False,True,True,True,11
scalar,132,False,True,True,True,8
scalar,133,False,True,True,True,11
scalar,134,False,True,True,True,10
scalar,135,False,True,True,True,11
scalar,136,False,True,True,True,10
scalar,137,False,True,True,True,10
scalar,138,False,True,True,True,12
scalar,139,False,True,True,True,12
scalar,140,False,True,True,True,7
scalar,141,False,True,True,True,12
scalar,142,False,True,True,True,10
scalar,143,False,True,True,True,13
scalar,144,False,True,True,True,12
scalar,145,False,True,True,True,11
scalar,146,False,True,True,True,8
scalar,147,False,True,True,True,13
scalar,148,False,True,True,True,10
scalar,149,False,True,True,True,11
scalar,150,False,True,True,True,12
scalar,151,False,True,True,True,11
scalar,152,False,True,True,True,10
scalar,153,False,True,True,True,9
scalar,154,False,True,True,True,8
scalar,155,False,True,True,True,9
scalar,156,False,True,True,True,9
scalar,157,False,True,True,True,11
scalar,158,False,True,True,True,8
scalar,159,False,True,True,True,12
scalar,160,False,True,True,True,11
scalar,161,False,True,True,True,11
scalar,162,False,True,True,True,9
scalar,163,False,True,True,True,10
scalar,164,False,True,True,True,13
scalar,165,False,True,True,True,10
scalar,166,False,True,True,True,13
scalar,167,False,True,True,True,12
scalar,168,False,True,True,True,10
scalar,169,False,True,True,True,11
scalar,170,False,True,True,True,14
scalar,171,False,True,True,True,10
scalar,172,False,True,True,True,12
scalar,173,False,True,True,True,11
scalar,174,False,True,True,True,13
scalar,175,False,True,True,True,9
scalar,176,False,True,True,True,9
scalar,177,False,True,True,True,7
scalar,178,False,True,True,True,10
scalar,179,False,True,True,True,12
scalar,180,False,True,True,True,11
scalar,181,False,True,True,True,11
scalar,182,False,True,True,True,8
scalar,183,False,True,True,True,10
scalar,184,False,True,True,True,10
scalar,185,False,True,True,True,11
scalar,186,False,True,True,True,11
scalar,187,False,True,True,True,11
scalar,188,False,True,True,True,10
scalar,189,False,True,True,True,10
scalar,190,False,True,True,True,10
scalar,191,False,True,True,True,9
scalar,192,False,True,True,True,9
scalar,193,False,True,True,True,10
scalar,194,False,True,True,True,5
scalar,195,False,True,True,True,11
scalar,196,False,True,True,True,13
scalar,197,False,True,True,True,9
scalar,198,False,True,True,True,12
scalar,199,False,True,True,True,11
scalar,200,False,True,True,True,12
scalar,201,False,True,True,True,11
scalar,202,False,True,True,True,11
scalar,203,False,True,True,True,12
scalar,204,False,True,True,True,12
scalar,205,False,True,True,True,9
scalar,206,False,True,True,True,10
scalar,207,False,True,True,True,11
scalar,208,False,True,True,True,10
scalar,209,False,True,True,True,12
scalar,210,False,True,True,True,11
scalar,211,False,True,True,True,10
scalar,212,False,True,True,True,13
scalar,213,False,True,True,True,11
scalar,214,False,True,True,True,9
scalar,215,False,True,True,True,11
scalar,216,False,True,True,True,12
scalar,217,False,True,True,True,9
scalar,218,False,True,True,True,15
scalar,219,False,True,True,True,9
scalar,220,False,True,True,True,11
scalar,221,False,True,True,True,12
scalar,222,False,True,True,True,9
scalar,223,False,True,True,True,10
scalar,224,False,True,True,True,11
scalar,225,False,True,True,True,10
scalar,226,False,True,True,True,13
scalar,227,False,True,True,True,13
scalar,228,False,True,True,True,12
scalar,229,False,True,True,True,11
scalar,230,False,True,True,True,13
scalar,231,False,True,True,True,12
scalar,232,False,True,True,True,10
scalar,233,False,True,True,True,12
scalar,234,False,True,True,True,12
scalar,235,False,True,True,True,9
scalar,236,False,True,True,True,10
scalar,237,False,True,True,True,10
scalar,238,False,True,True,True,11
scalar,239,False,True,True,True,10
scalar,240,False,True,True,True,10
scalar,241,False,True,True,True,8
scalar,242,False,True,True,True,9
scalar,243,False,True,True,True,8
scalar,244,False,True,True,True,10
scalar,245,False,True,True,True,12
scalar,246,False,True,True,True,12
scalar,247,False,True,True,True,11
scalar,248,False,True,True,True,10
scalar,249,False,True,True,True,12
scalar,250,False,True,True,True,11
scalar,251,False,True,True,True,9
scalar,252,False,True,True,True,10
scalar,253,False,True,True,True,9
scalar,254,False,True,True,True,11
scalar,255,False,True,True,True,9
scalar,256,False,True,True,True,10
scalar,257,False,True,True,True,11
scalar,258,False,True,True,True,9
scalar,259,False,True,True,True,10
scalar,260,False,True,True,True,12
scalar,261,False,True,True,True,11
scalar,262,False,True,True,True,10
scalar,263,False,True,True,True,9
scalar,264,False,True,True,True,9
scalar,265,False,True,True,True,10
scalar,266,False,True,True,True,11
scalar,267,False,True,True,True,12
scalar,268,False,True,True,True,12
scalar,269,False,True,True,True,11
scalar,270,False,True,True,True,11
scalar,271,False,True,True,True,12
scalar,272,False,True,True,True,8
scalar,273,False,True,True,True,10
scalar,274,False,True,True,True,13
scalar,275,False,True,True,True,10
scalar,276,False,True,True,True,11
scalar,277,False,True,True,True,12
scalar,278,False,True,True,True,9
scalar,279,False,True,True,True,10
scalar,280,False,True,True,True,11
scalar,281,False,True,True,True,9
scalar,282,False,True,True,True,8
scalar,283,False,True,True,True,11
scalar,284,False,True,True,True,10
scalar,285,False,True,True,True,11
scalar,286,False,True,True,True,11
scalar,287,False,True,True,True,11
scalar,288,False,True,True,True,13
scalar,289,False,True,True,True,11
scalar,290,False,True,True,True,11
scalar,291,False,True,True,True,9
scalar,292,False,True,True,True,6
scalar,293,False,True,True,True,10
scalar,294,False,True,True,True,12
scalar,295,False,True,True,True,10
scalar,296,False,True,True,True,11
scalar,297,False,True,True,True,11
scalar,298,False,True,True,True,10
scalar,299,False,True,True,True,12
scalar,300,False,True,True,True,11
scalar,301,False,True,True,True,13
scalar,302,False,True,True,True,10
scalar,303,False,True,True,True,9
scalar,304,False,True,True,True,10
scalar,305,False,True,True,True,10
scalar,306,False,True,True,True,11
scalar,307,False,True,True,True,10
scalar,308,False,True,True,True,7
scalar,309,False,True,True,True,8
scalar,310,False,True,True,True,9
scalar,311,False,True,True,True,11
scalar,312,False,True,True,True,12
scalar,313,False,True,True,True,10
scalar,314,False,True,True,True,10
scalar,315,False,True,True,True,11
scalar,316,False,True,True,True,8
scalar,317,False,True,True,True,10
scalar,318,False,True,True,True,10
scalar,319,False,True,True,True,9
scalar,320,False,True,True,True,12
scalar,321,False,True,True,True,11
scalar,322,False,True,True,True,10
scalar,323,False,True,True,True,7
scalar,324,False,True,True,True,12
scalar,325,False,True,True,True,13
scalar,326,False,True,True,True,13
scalar,327,False,True,True,True,11
scalar,328,False,True,True,True,12
scalar,329,False,True,True,True,11
scalar,330,False,True,True,True,10
scalar,331,False,True,True,True,12
scalar,332,False,True,True,True,11
scalar,333,False,True,True,True,12
scalar,334,False,True,True,True,11
scalar,335,False,True,True,True,12
scalar,336,False,True,True,True,9
scalar,337,False,True,True,True,11
scalar,338,False,True,True,True,10
scalar,339,False,True,True,True,10
scalar,340,False,True,True,True,7
scalar,341,False,True,True,True,12
scalar,342,False,True,True,True,10
scalar,343,False,True,True,True,10
scalar,344,False,True,True,True,10
scalar,345,False,True,True,True,10
scalar,346,False,True,True,True,11
scalar,347,False,True,True,True,11
scalar,348,False,True,True,True,10
scalar,349,False,True,True,True,11
scalar,350,False,True,True,True,11
scalar,351,False,True,True,True,7
scalar,352,False,True,True,True,13
scalar,353,False,True,True,True,11
scalar,354,False,True,True,True,12
scalar,355,False,True,True,True,11
scalar,356,False,True,True,True,9
scalar,357,False,True,True,True,12
scalar,358,False,True,True,True,12
scalar,359,False,True,True,True,10
scalar,360,False,True,True,True,11
scalar,361,False,True,True,True,10
scalar,362,False,True,True,True,10
scalar,363,False,True,True,True,13
scalar,364,False,True,True,True,9
scalar,365,False,True,True,True,11
scalar,366,False,True,True,True,11
scalar,367,False,True,True,True,11
scalar,368,False,True,True,True,12
scalar,369,False,True,True,True,13
scalar,370,False,True,True,True,11
scalar,371,False,True,True,True,10
scalar,372,False,True,True,True,12
scalar,373,False,True,True,True,8
scalar,374,False,True,True,True,12
scalar,375,False,True,True,True,10
scalar,376,False,True,True,True,12
scalar,377,False,True,True,True,9
scalar,378,False,True,True,True,11
scalar,379,False,True,True,True,11
scalar,380,False,True,True,True,10
scalar,381,False,True,True,True,8
scalar,382,False,True,True,True,11
scalar,383,False,True,True,True,10
scalar,384,False,True,True,True,9
scalar,385,False,True,True,True,13
scalar,386,False,True,True,True,12
scalar,387,False,True,True,True,11
scalar,388,False,True,True,True,10
scalar,389,False,True,True,True,9
scalar,390,False,True,True,True,8
scalar,391,False,True,True,True,11
scalar,392,False,True,True,True,11
scalar,393,False,True,True,True,12
scalar,394,False,True,True,True,11
scalar,395,False,True,True,True,9
scalar,396,False,True,True,True,10
scalar,397,False,True,True,True,10
scalar,398,False,True,True,True,9
scalar,399,False,True,True,True,9
scalar,400,False,True,True,True,12
scalar,401,False,True,True,True,13
scalar,402,False,True,True,True,10
scalar,403,False,True,True,True,9
scalar,404,False,True,True,True,11
scalar,405,False,True,True,True,10
scalar,406,False,True,True,True,10
scalar,407,False,True,True,True,12
scalar,408,False,True,True,True,12
scalar,409,False,True,True,True,10
scalar,410,False,True,True,True,9
scalar,411,False,True,True,True,11
scalar,412,False,True,True,True,12
scalar,413,False,True,True,True,13
scalar,414,False,True,True,True,7
scalar,415,False,True,True,True,10
scalar,416,False,True,True,True,12
scalar,417,False,True,True,True,9
scalar,418,False,True,True,True,14
scalar,419,False,True,True,True,13
scalar,420,False,True,True,True,8
scalar,421,False,True,True,True,10
scalar,422,False,True,True,True,12
scalar,423,False,True,True,True,9
scalar,424,False,True,True,True,11
scalar,425,False,True,True,True,14
scalar,426,False,True,True,True,12
scalar,427,False,True,True,True,11
scalar,428,False,True,True,True,7
scalar,429,False,True,True,True,10
scalar,430,False,True,True,True,12
scalar,431,False,True,True,True,9
scalar,432,False,True,True,True,10
scalar,433,False,True,True,True,10
scalar,434,False,True,True,True,8
scalar,435,False,True,True,True,8
scalar,436,False,True,True,True,10
scalar,437,False,True,True,True,10
scalar,438,False,True,True,True,11
scalar,439,False,True,True,True,10
scalar,440,False,True,True,True,12
scalar,441,False,True,True,True,12
scalar,442,False,True,True,True,12
scalar,443,False,True,True,True,11
scalar,444,False,True,True,True,11
scalar,445,False,True,True,True,10
scalar,446,False,True,True,True,9
scalar,447,False,True,True,True,11
scalar,448,False,True,True,True,9
scalar,449,False,True,True,True,13
scalar,450,False,True,True,True,11
scalar,451,False,True,True,True,10
scalar,452,False,True,True,True,12
scalar,453,False,True,True,True,12
scalar,454,False,True,True,True,9
scalar,455,False,True,True,True,12
scalar,456,False,True,True,True,9
scalar,457,False,True,True,True,11
scalar,458,False,True,True,True,6
scalar,459,False,True,True,True,8
scalar,460,False,True,True,True,10
scalar,461,False,True,True,True,11
scalar,462,False,True,True,True,11
scalar,463,False,True,True,True,13
scalar,464,False,True,True,True,9
scalar,465,False,True,True,True,11
scalar,466,False,True,True,True,10
scalar,467,False,True,True,True,13
scalar,468,False,True,True,True,8
scalar,469,False,True,True,True,13
scalar,470,False,True,True,True,10
scalar,471,False,True,True,True,13
scalar,472,False,True,True,True,9
scalar,473,False,True,True,True,11
scalar,474,False,True,True,True,12
scalar,475,False,True,True,True,10
scalar,476,False,True,True,True,12
scalar,477,False,True,True,True,12
scalar,478,False,True,True,True,13
scalar,479,False,True,True,True,10
scalar,480,False,True,True,True,11
scalar,481,False,True,True,True,10
scalar,482,False,True,True,True,12
scalar,483,False,True,True,True,10
scalar,484,False,True,True,True,16
scalar,485,False,True,True,True,10
scalar,486,False,True,True,True,9
scalar,487,False,True,True,True,9
scalar,488,False,True,True,True,9
scalar,489,False,True,True,True,11
scalar,490,False,True,True,True,11
scalar,491,False,True,True,True,9
scalar,492,False,True,True,True,12
scalar,493,False,True,True,True,11
scalar,494,False,True,True,True,10
scalar,495,False,True,True,True,9
scalar,496,False,True,True,True,10
scalar,497,False,True,True,True,12
scalar,498,False,True,True,True,10
scalar,499,False,True,True,True,11
scalar,500,False,True,True,True,12
scalar,501,False,True,True,True,11
scalar,502,False,True,True,True,10
scalar,503,False,True,True,True,9
scalar,504,False,True,True,True,5
scalar,505,False,True,True,True,12
scalar,506,False,True,True,True,8
scalar,507,False,True,True,True,12
scalar,508,False,True,True,True,9
scalar,509,False,True,True,True,11
scalar,510,False,True,True,True,11
scalar,511,False,True,True,True,11
scalar,512,False,True,True,True,8
scalar,513,False,True,True,True,9
scalar,514,False,True,True,True,10
scalar,515,False,True,True,True,11
scalar,516,False,True,True,True,11
scalar,517,False,True,True,True,10
scalar,518,False,True,True,True,13
scalar,519,False,True,True,True,11
scalar,520,False,True,True,True,11
scalar,521,False,True,True,True,11
scalar,522,False,True,True,True,12
scalar,523,False,True,True,True,11
scalar,524,False,True,True,True,9
scalar,525,False,True,True,True,11
scalar,526,False,True,True,True,10
scalar,527,False,True,True,True,9
scalar,528,False,True,True,True,10
scalar,529,False,True,True,True,12
scalar,530,False,True,True,True,9
scalar,531,False,True,True,True,10
scalar,532,False,True,True,True,11
scalar,533,False,True,True,True,11
scalar,534,False,True,True,True,11
scalar,535,False,True,True,True,11
scalar,536,False,True,True,True,10
scalar,537,False,True,True,True,11
scalar,538,False,True,True,True,10
scalar,539,False,True,True,True,12
scalar,540,False,True,True,True,11
scalar,541,False,True,True,True,13
scalar,542,False,True,True,True,11
scalar,543,False,True,True,True,10
scalar,544,False,True,True,True,10
scalar,545,False,True,True,True,11
scalar,546,False,True,True,True,12
scalar,547,False,True,True,True,11
scalar,548,False,True,True,True,11
scalar,549,False,True,True,True,9
scalar,550,False,True,True,True,10
scalar,551,False,True,True,True,10
scalar,552,False,True,True,True,10
scalar,553,False,True,True,True,12
scalar,554,False,True,True,True,10
scalar,555,False,True,True,True,11
scalar,556,False,True,True,True,10
scalar,557,False,True,True,True,11
scalar,558,False,True,True,True,10
scalar,559,False,True,True,True,10
scalar,560,False,True,True,True,11
scalar,561,False,True,True,True,11
scalar,562,False,True,True,True,12
scalar,563,False,True,True,True,12
scalar,564,False,True,True,True,10
scalar,565,False,True,True,True,11
scalar,566,False,True,True,True,9
scalar,567,False,True,True,True,11
scalar,568,False,True,True,True,9
scalar,569,False,True,True,True,8
scalar,570,False,True,True,True,8
scalar,571,False,True,True,True,7
scalar,572,False,True,True,True,12
scalar,573,False,True,True,True,8
scalar,574,False,True,True,True,10
scalar,575,False,True,True,True,10
scalar,576,False,True,True,True,9
scalar,577,False,True,True,True,12
scalar,578,False,True,True,True,12
scalar,579,False,True,True,True,10
scalar,580,False,True,True,True,6
scalar,581,False,True,True,True,10
scalar,582,False,True,True,True,10
scalar,583,False,True,True,True,7
scalar,584,False,True,True,True,5
scalar,585,False,True,True,True,8
scalar,586,False,True,True,True,10
scalar,587,False,True,True,True,10
scalar,588,False,True,True,True,11
scalar,589,False,True,True,True,10
scalar,590,False,True,True,True,9
scalar,591,False,True,True,True,9
scalar,592,False,True,True,True,12
scalar,593,False,True,True,True,11
scalar,594,False,True,True,True,9
scalar,595,False,True,True,True,11
scalar,596,False,True,True,True,15
scalar,597,False,True,True,True,10
scalar,598,False,True,True,True,12
scalar,599,False,True,True,True,6
scalar,600,False,True,True,True,10
scalar,601,False,True,True,True,10
scalar,602,False,True,True,True,11
scalar,603,False,True,True,True,7
scalar,604,False,True,True,True,12
scalar,605,False,True,True,True,12
scalar,606,False,True,True,True,12
scalar,607,False,True,True,True,5
scalar,608,False,True,True,True,10
scalar,609,False,True,True,True,7
scalar,610,False,True,True,True,10
scalar,611,False,True,True,True,9
scalar,612,False,True,True,True,11
scalar,613,False,True,True,True,10
scalar,614,False,True,True,True,11
scalar,615,False,True,True,True,15
scalar,616,False,True,True,True,10
scalar,617,False,True,True,True,10
scalar,618,False,True,True,True,10
scalar,619,False,True,True,True,9
scalar,620,False,True,True,True,12
scalar,621,False,True,True,True,12
scalar,622,False,True,True,True,11
scalar,623,False,True,True,True,11
scalar,624,False,True,True,True,9
scalar,625,False,True,True,True,9
scalar,626,False,True,True,True,10
scalar,627,False,True,True,True,8
scalar,628,False,True,True,True,12
scalar,629,False,True,True,True,10
scalar,630,False,True,True,True,5
scalar,631,False,True,True,True,13
scalar,632,False,True,True,True,12
scalar,633,False,True,True,True,12
scalar,634,False,True,True,True,11
scalar,635,False,True,True,True,12
scalar,636,False,True,True,True,12
scalar,637,False,True,True,True,10
scalar,638,False,True,True,True,10
scalar,639,False,True,True,True,8
scalar,640,False,True,True,True,11
scalar,641,False,True,True,True,11
scalar,642,False,True,True,True,8
scalar,643,False,True,True,True,10
scalar,644,False,True,True,True,10
scalar,645,False,True,True,True,12
scalar,646,False,True,True,True,10
scalar,647,False,True,True,True,11
scalar,648,False,True,True,True,10
scalar,649,False,True,True,True,11
scalar,650,False,True,True,True,11
scalar,651,False,True,True,True,11
scalar,652,False,True,True,True,10
scalar,653,False,True,True,True,9
scalar,654,False,True,True,True,13
scalar,655,False,True,True,True,10
scalar,656,False,True,True,True,10
scalar,657,False,True,True,True,12
scalar,658,False,True,True,True,11
scalar,659,False,True,True,True,13
scalar,660,False,True,True,True,10
scalar,661,False,True,True,True,10
scalar,662,False,True,True,True,11
scalar,663,False,True,True,True,9
scalar,664,False,True,True,True,10
scalar,665,False,True,True,True,10
scalar,666,False,True,True,True,5
scalar,667,False,True,True,True,11
scalar,668,False,True,True,True,14
scalar,669,False,True,True,True,11
scalar,670,False,True,True,True,10
scalar,671,False,True,True,True,10
scalar,672,False,True,True,True,9
scalar,673,False,True,True,True,8
scalar,674,False,True,True,True,11
scalar,675,False,True,True,True,10
scalar,676,False,True,True,True,9
scalar,677,False,True,True,True,10
scalar,678,False,True,True,True,12
scalar,679,False,True,True,True,11
scalar,680,False,True,True,True,9
scalar,681,False,True,True,True,10
scalar,682,False,True,True,True,9
scalar,683,False,True,True,True,10
scalar,684,False,True,True,True,11
scalar,685,False,True,True,True,12
scalar,686,False,True,True,True,12
scalar,687,False,True,True,True,10
scalar,688,False,True,True,True,12
scalar,689,False,True,True,True,10
scalar,690,False,True,True,True,10
scalar,691,False,True,True,True,7
scalar,692,False,True,True,True,10
scalar,693,False,True,True,True,11
scalar,694,False,True,True,True,12
scalar,695,False,True,True,True,11
scalar,696,False,True,True,True,10
scalar,697,False,True,True,True,9
scalar,698,False,True,True,True,9
scalar,699,False,True,True,True,9
scalar,700,False,True,True,True,10
scalar,701,False,True,True,True,9
scalar,702,False,True,True,True,11
scalar,703,False,True,True,True,11
scalar,704,False,True,True,True,10
scalar,705,False,True,True,True,11
scalar,706,False,True,True,True,9
scalar,707,False,True,True,True,12
scalar,708,False,True,True,True,10
scalar,709,False,True,True,True,10
scalar,710,False,True,True,True,11
scalar,711,False,True,True,True,9
scalar,712,False,True,True,True,10
scalar,713,False,True,True,True,11
scalar,714,False,True,True,True,10
scalar,715,False,True,True,True,8
scalar,716,False,True,True,True,10
scalar,717,False,True,True,True,11
scalar,718,False,True,True,True,6
scalar,719,False,True,True,True,10
scalar,720,False,True,True,True,10
scalar,721,False,True,True,True,11
scalar,722,False,True,True,True,10
scalar,723,False,True,True,True,11
scalar,724,False,True,True,True,6
scalar,725,False,True,True,True,12
scalar,726,False,True,True,True,8
scalar,727,False,True,True,True,10
scalar,728,False,True,True,True,12
scalar,729,False,True,True,True,11
scalar,730,False,True,True,True,13
scalar,731,False,True,True,True,10
scalar,732,False,True,True,True,7
scalar,733,False,True,True,True,11
scalar,734,False,True,True,True,12
scalar,735,False,True,True,True,10
scalar,736,False,True,True,True,8
scalar,737,False,True,True,True,9
scalar,738,False,True,True,True,9
scalar,739,False,True,True,True,9
scalar,740,False,True,True,True,10
scalar,741,False,True,True,True,12
scalar,742,False,True,True,True,11
scalar,743,False,True,True,True,9
scalar,744,False,True,True,True,7
scalar,745,False,True,True,True,7
scalar,746,False,True,True,True,10
scalar,747,False,True,True,True,11
scalar,748,False,True,True,True,11
scalar,749,False,True,True,True,10
scalar,750,False,True,True,True,10
scalar,751,False,True,True,True,11
scalar,752,False,True,True,True,8
scalar,753,False,True,True,True,10
scalar,754,False,True,True,True,10
scalar,755,False,True,True,True,10
scalar,756,False,True,True,True,9
scalar,757,False,True,True,True,12
scalar,758,False,True,True,True,9
scalar,759,False,True,True,True,10
scalar,760,False,True,True,True,14
scalar,761,False,True,True,True,10
scalar,762,False,True,True,True,12
scalar,763,False,True,True,True,9
scalar,764,False,True,True,True,12
scalar,765,False,True,True,True,5
scalar,766,False,True,True,True,9
scalar,767,False,True,True,True,12
scalar,768,False,True,True,True,9
scalar,769,False,True,True,True,11
scalar,770,False,True,True,True,10
scalar,771,False,True,True,True,9
scalar,772,False,True,True,True,11
scalar,773,False,True,True,True,10
scalar,774,False,True,True,True,10
scalar,775,False,True,True,True,11
scalar,776,False,True,True,True,9
scalar,777,False,True,True,True,13
scalar,778,False,True,True,True,13
scalar,779,False,True,True,True,13
scalar,780,False,True,True,True,9
scalar,781,False,True,True,True,11
scalar,782,False,True,True,True,8
scalar,783,False,True,True,True,11
scalar,784,False,True,True,True,13
scalar,785,False,True,True,True,11
scalar,786,False,True,True,True,10
scalar,787,False,True,True,True,10
scalar,788,False,True,True,True,9
scalar,789,False,True,True,True,11
scalar,790,False,True,True,True,10
scalar,791,False,True,True,True,11
scalar,792,False,True,True,True,11
scalar,793,False,True,True,True,9
scalar,794,False,True,True,True,10
scalar,795,False,True,True,True,12
scalar,796,False,True,True,True,13
scalar,797,False,True,True,True,12
scalar,798,False,True,True,True,11
scalar,799,False,True,True,True,11
scalar,800,False,True,True,True,12
scalar,801,False,True,True,True,12
scalar,802,False,True,True,True,8
scalar,803,False,True,True,True,5
scalar,804,False,True,True,True,9
scalar,805,False,True,True,True,6
scalar,806,False,True,True,True,13
scalar,807,False,True,True,True,9
scalar,808,False,True,True,True,11
scalar,809,False,True,True,True,6
scalar,810,False,True,True,True,13
scalar,811,False,True,True,True,10
scalar,812,False,True,True,True,10
scalar,813,False,True,True,True,11
scalar,814,False,True,True,True,12
scalar,815,False,True,True,True,11
scalar,816,False,True,True,True,14
scalar,817,False,True,True,True,10
scalar,818,False,True,True,True,12
scalar,819,False,True,True,True,11
scalar,820,False,True,True,True,10
scalar,821,False,True,True,True,9
scalar,822,False,True,True,True,8
scalar,823,False,True,True,True,9
scalar,824,False,True,True,True,9
scalar,825,False,True,True,True,14
scalar,826,False,True,True,True,9
scalar,827,False,True,True,True,9
scalar,828,False,True,True,True,14
scalar,829,False,True,True,True,10
scalar,830,False,True,True,True,11
scalar,831,False,True,True,True,10
scalar,832,False,True,True,True,11
scalar,833,False,True,True,True,8
scalar,834,False,True,True,True,14
scalar,835,False,True,True,True,9
scalar,836,False,True,True,True,10
scalar,837,False,True,True,True,10
scalar,838,False,True,True,True,10
scalar,839,False,True,True,True,8
scalar,840,False,True,True,True,10
scalar,841,False,True,True,True,10
scalar,842,False,True,True,True,13
scalar,843,False,True,True,True,9
scalar,844,False,True,True,True,9
scalar,845,False,True,True,True,12
scalar,846,False,True,True,True,10
scalar,847,False,True,True,True,10
scalar,848,False,True,True,True,15
scalar,849,False,True,True,True,12
scalar,850,False,True,True,True,9
scalar,851,False,True,True,True,15
scalar,852,False,True,True,True,14
scalar,853,False,True,True,True,10
scalar,854,False,True,True,True,10
scalar,855,False,True,True,True,9
scalar,856,False,True,True,True,9
scalar,857,False,True,True,True,14
scalar,858,False,True,True,True,9
scalar,859,False,True,True,True,9
scalar,860,False,True,True,True,12
scalar,861,False,True,True,True,9
scalar,862,False,True,True,True,11
scalar,863,False,True,True,True,11
scalar,864,False,True,True,True,10
scalar,865,False,True,True,True,10
scalar,866,False,True,True,True,12
scalar,867,False,True,True,True,9
scalar,868,False,True,True,True,9
scalar,869,False,True,True,True,11
scalar,870,False,True,True,True,8
scalar,871,False,True,True,True,10
scalar,872,False,True,True,True,11
scalar,873,False,True,True,True,9
scalar,874,False,True,True,True,12
scalar,875,False,True,True,True,10
scalar,876,False,True,True,True,11
scalar,877,False,True,True,True,12
scalar,878,False,True,True,True,12
scalar,879,False,True,True,True,11
scalar,880,False,True,True,True,9
scalar,881,False,True,True,True,14
scalar,882,False,True,True,True,12
scalar,883,False,True,True,True,11
scalar,884,False,True,True,True,8
scalar,885,False,True,True,True,10
scalar,886,False,True,True,True,12
scalar,887,False,True,True,True,11
scalar,888,False,True,True,True,12
scalar,889,False,True,True,True,12
scalar,890,False,True,True,True,8
scalar,891,False,True,True,True,11
scalar,892,False,True,True,True,13
scalar,893,False,True,True,True,9
scalar,894,False,True,True,True,11
scalar,895,False,True,True,True,8
scalar,896,False,True,True,True,12
scalar,897,False,True,True,True,11
scalar,898,False,True,True,True,10
scalar,899,False,True,True,True,10
scalar,900,False,True,True,True,8
scalar,901,False,True,True,True,10
scalar,902,False,True,True,True,11
scalar,903,False,True,True,True,13
scalar,904,False,True,True,True,14
scalar,905,False,True,True,True,9
scalar,906,False,True,True,True,11
scalar,907,False,True,True,True,10
scalar,908,False,True,True,True,9
scalar,909,False,True,True,True,15
scalar,910,False,True,True,True,9
scalar,911,False,True,True,True,11
scalar,912,False,True,True,True,11
scalar,913,False,True,True,True,9
scalar,914,False,True,True,True,10
scalar,915,False,True,True,True,8
scalar,916,False,True,True,True,10
scalar,917,False,True,True,True,7
scalar,918,False,True,True,True,11
scalar,919,False,True,True,True,12
scalar,920,False,True,True,True,9
scalar,921,False,True,True,True,10
scalar,922,False,True,True,True,10
scalar,923,False,True,True,True,9
scalar,924,False,True,True,True,10
scalar,925,False,True,True,True,11
scalar,926,False,True,True,True,9
scalar,927,False,True,True,True,6
scalar,928,False,True,True,True,13
scalar,929,False,True,True,True,10
scalar,930,False,True,True,True,13
scalar,931,False,True,True,True,7
scalar,932,False,True,True,True,10
scalar,933,False,True,True,True,11
scalar,934,False,True,True,True,12
scalar,935,False,True,True,True,9
scalar,936,False,True,True,True,10
scalar,937,False,True,True,True,8
scalar,938,False,True,True,True,9
scalar,939,False,True,True,True,6
scalar,940,False,True,True,True,9
scalar,941,False,True,True,True,8
scalar,942,False,True,True,True,9
scalar,943,False,True,True,True,12
scalar,944,False,True,True,True,11
scalar,945,False,True,True,True,10
scalar,946,False,True,True,True,13
scalar,947,False,True,True,True,9
scalar,948,False,True,True,True,10
scalar,949,False,True,True,True,12
scalar,950,False,True,True,True,10
scalar,951,False,True,True,True,17
scalar,952,False,True,True,True,11
scalar,953,False,True,True,True,10
scalar,954,False,True,True,True,11
scalar,955,False,True,True,True,11
scalar,956,False,True,True,True,9
scalar,957,False,True,True,True,9
scalar,958,False,True,True,True,12
scalar,959,False,True,True,True,9
scalar,960,False,True,True,True,9
scalar,961,False,True,True,True,10
scalar,962,False,True,True,True,11
scalar,963,False,True,True,True,9
scalar,964,False,True,True,True,10
scalar,965,False,True,True,True,11
scalar,966,False,True,True,True,10
scalar,967,False,True,True,True,8
scalar,968,False,True,True,True,15
scalar,969,False,True,True,True,9
scalar,970,False,True,True,True,11
scalar,971,False,True,True,True,13
scalar,972,False,True,True,True,11
scalar,973,False,True,True,True,11
scalar,974,False,True,True,True,8
scalar,975,False,True,True,True,12
scalar,976,False,True,True,True,10
scalar,977,False,True,True,True,11
scalar,978,False,True,True,True,10
scalar,979,False,True,True,True,12
scalar,980,False,True,True,True,12
scalar,981,False,True,True,True,11
scalar,982,False,True,True,True,13
scalar,983,False,True,True,True,11
scalar,984,False,True,True,True,9
scalar,985,False,True,True,True,10
scalar,986,False,True,True,True,13
scalar,987,False,True,True,True,12
scalar,988,False,True,True,True,12
scalar,989,False,True,True,True,12
scalar,990,False,True,True,True,11
scalar,991,False,True,True,True,10
scalar,992,False,True,True,True,11
scalar,993,False,True,True,True,14
scalar,994,False,True,True,True,9
scalar,995,False,True,True,True,8
scalar,996,False,True,True,True,9
scalar,997,False,True,True,True,10
scalar,998,False,True,True,True,10
scalar,999,False,True,True,True,12
two-anchors,0,False,True,True,True,6
two-anchors,1,False,True,True,True,6
two-anchors,2,False,True,True,True,6
two-anchors,3,False,True,True,True,6
two-anchors,4,False,True,True,True,6
two-anchors,5,False,True,True,True,5
two-anchors,6,False,True,True,True,6
two-anchors,7,False,True,True,True,6
two-anchors,8,False,True,True,True,6
two-anchors,9,False,True,True,True,6
two-anchors,10,False,True,True,True,6
two-anchors,11,False,True,True,True,6
two-anchors,12,False,True,True,True,6
two-anchors,13,False,True,True,True,6
two-anchors,14,False,True,True,True,5
two-anchors,15,False,True,True,True,5
two-anchors,16,False,True,True,True,6
two-anchors,17,False,True,True,True,6
two-anchors,18,False,True,True,True,5
two-anchors,19,False,True,True,True,5
two-anchors,20,False,True,True,True,5
two-anchors,21,False,True,True,True,6
two-anchors,22,False,True,True,True,5
two-anchors,23,False,True,True,True,6
two-anchors,24,False,True,True,True,6
two-anchors,25,False,True,True,True,6
two-anchors,26,False,True,True,True,6
two-anchors,27,False,True,True,True,5
two-anchors,28,False,True,True,True,6
two-anchors,29,False,True,True,True,5
two-anchors,30,False,True,True,True,6
two-anchors,31,False,True,True,True,6
two-anchors,32,False,True,True,True,6
two-anchors,33,False,True,True,True,5
two-anchors,34,False,True,True,True,6
two-anchors,35,False,True,True,True,6
two-anchors,36,False,True,True,True,6
two-anchors,37,False,True,True,True,6
two-anchors,38,False,True,True,True,6
two-anchors,39,False,True,True,True,6
two-anchors,40,False,True,True,True,6
two-anchors,41,False,True,True,True,6
two-anchors,42,False,True,True,True,5
two-anchors,43,False,True,True,True,6
two-anchors,44,False,True,True,True,5
two-anchors,45,False,True,True,True,6
two-anchors,46,False,True,True,True,5
two-anchors,47,False,True,True,True,7
two-anchors,48,False,True,True,True,6
two-anchors,49,False,True,True,True,6
two-anchors,50,False,True,True,True,5
two-anchors,51,False,True,True,True,6
two-anchors,52,False,True,True,True,5
two-anchors,53,False,True,True,True,5
two-anchors,54,False,True,True,True,6
two-anchors,55,False,True,True,True,6
two-anchors,56,False,True,True,True,6
two-anchors,57,False,True,True,True,5
two-anchors,58,False,True,True,True,6
two-anchors,59,False,True,True,True,6
two-anchors,60,False,True,True,True,5
two-anchors,61,False,True,True,True,5
two-anchors,62,False,True,True,True,5
two-anchors,63,False,True,True,True,6
two-anchors,64,False,True,True,True,6
two-anchors,65,False,True,True,True,6
two-anchors,66,False,True,True,True,6
two-anchors,67,False,True,True,True,7
two-anchors,68,False,True,True,True,6
two-anchors,69,False,True,True,True,6
two-anchors,70,False,True,True,True,6
two-anchors,71,False,True,True,True,6
two-anchors,72,False,True,True,True,6
two-anchors,73,False,True,True,True,5
two-anchors,74,False,True,True,True,6
two-anchors,75,False,True,True,True,6
two-anchors,76,False,True,True,True,5
two-anchors,77,False,True,True,True,6
two-anchors,78,False,True,True,True,6
two-anchors,79,False,True,True,True,5
two-anchors,80,False,True,True,True,5
two-anchors,81,False,True,True,True,6
two-anchors,82,False,True,True,True,6
two-anchors,83,False,True,True,True,6
two-anchors,84,False,True,True,True,5
two-anchors,85,False,True,True,True,6
two-anchors,86,False,True,True,True,5
two-anchors,87,False,True,True,True,5
two-anchors,88,False,True,True,True,5
two-anchors,89,False,True,True,True,7
two-anchors,90,False,True,True,True,6
two-anchors,91,False,True,True,True,6
two-anchors,92,False,True,True,True,6
two-anchors,93,False,True,True,True,6
two-anchors,94,False,True,True,True,6
two-anchors,95,False,True,True,True,6
two-anchors,96,False,True,True,True,6
two-anchors,97,False,True,True,True,6
two-anchors,98,False,True,True,True,5
two-anchors,99,False,True,True,True,6
two-anchors,100,False,True,True,True,6
two-anchors,101,False,True,True,True,5
two-anchors,102,False,True,True,True,6
two-anchors,103,False,True,True,True,6
two-anchors,104,False,True,True,True,6
two-anchors,105,False,True,True,True,5
two-anchors,106,False,True,True,True,6
two-anchors,107,False,True,True,True,6
two-anchors,108,False,True,True,True,6
two-anchors,109,False,True,True,True,6
two-anchors,110,False,True,True,True,6
two-anchors,111,False,True,True,True,5
two-anchors,112,False,True,True,True,6
two-anchors,113,False,True,True,True,5
two-anchors,114,False,True,True,True,5
two-anchors,115,False,True,True,True,6
two-anchors,116,False,True,True,True,6
two-anchors,117,False,True,True,True,6
two-anchors,118,False,True,True,True,6
two-anchors,119,False,True,True,True,6
two-anchors,120,False,True,True,True,7
two-anchors,121,False,True,True,True,6
two-anchors,122,False,True,True,True,6
two-anchors,123,False,True,True,True,6
two-anchors,124,False,True,True,True,5
two-anchors,125,False,True,True,True,7
two-anchors,126,False,True,True,True,5
two-anchors,127,False,True,True,True,6
two-anchors,128,False,True,True,True,6
two-anchors,129,False,True,True,True,5
two-anchors,130,False,True,True,True,6
two-anchors,131,False,True,True,True,6
two-anchors,132,False,True,True,True,6
two-anchors,133,False,True,True,True,6
two-anchors,134,False,True,True,True,6
two-anchors,135,False,True,True,True,6
two-anchors,136,False,True,True,True,6
two-anchors,137,False,True,True,True,6
two-anchors,138,False,True,True,True,6
two-anchors,139,False,True,True,True,6
two-anchors,140,False,True,True,True,5
two-anchors,141,False,True,True,True,6
two-anchors,142,False,True,True,True,6
two-anchors,143,False,True,True,True,6
two-anchors,144,False,True,True,True,6
two-anchors,145,False,True,True,True,6
two-anchors,146,False,True,True,True,5
two-anchors,147,False,True,True,True,6
two-anchors,148,False,True,True,True,5
two-anchors,149,False,True,True,True,6
two-anchors,150,False,True,True,True,5
two-anchors,151,False,True,True,True,5
two-anchors,152,False,True,True,True,7
two-anchors,153,False,True,True,True,6
two-anchors,154,False,True,True,True,6
two-anchors,155,False,True,True,True,6
two-anchors,156,False,True,True,True,6
two-anchors,157,False,True,True,True,6
two-anchors,158,False,True,True,True,6
two-anchors,159,False,True,True,True,6
two-anchors,160,False,True,True,True,6
two-anchors,161,False,True,True,True,6
two-anchors,162,False,True,True,True,5
two-anchors,163,False,True,True,True,6
two-anchors,164,False,True,True,True,5
two-anchors,165,False,True,True,True,6
two-anchors,166,False,True,True,True,6
two-anchors,167,False,True,True,True,6
two-anchors,168,False,True,True,True,6
two-anchors,169,False,True,True,True,6
two-anchors,170,False,True,True,True,6
two-anchors,171,False,True,True,True,7
two-anchors,172,False,True,True,True,5
two-anchors,173,False,True,True,True,6
two-anchors,174,False,True,True,True,6
two-anchors,175,False,True,True,True,6
two-anchors,176,False,True,True,True,5
two-anchors,177,False,True,True,True,5
two-anchors,178,False,True,True,True,6
two-anchors,179,False,True,True,True,5
two-anchors,180,False,True,True,True,6
two-anchors,181,False,True,True,True,6
two-anchors,182,False,True,True,True,6
two-anchors,183,False,True,True,True,5
two-anchors,184,False,True,True,True,5
two-anchors,185,False,True,True,True,5
two-anchors,186,False,True,True,True,6
two-anchors,187,False,True,True,True,7
two-anchors,188,False,True,True,True,5
two-anchors,189,False,True,True,True,6
two-anchors,190,False,True,True,True,6
two-anchors,191,False,True,True,True,6
two-anchors,192,False,True,True,True,6
two-anchors,193,False,True,True,True,6
two-anchors,194,False,True,True,True,5
two-anchors,195,False,True,True,True,5
two-anchors,196,False,True,True,True,6
two-anchors,197,False,True,True,True,6
two-anchors,198,False,True,True,True,6
two-anchors,199,False,True,True,True,6
two-anchors,200,False,True,True,True,5
two-anchors,201,False,True,True,True,6
two-anchors,202,False,True,True,True,5
two-anchors,203,False,True,True,True,6
two-anchors,204,False,True,True,True,6
two-anchors,205,False,True,True,True,6
two-anchors,206,False,True,True,True,6
two-anchors,207,False,True,True,True,6
two-anchors,208,False,True,True,True,6
two-anchors,209,False,True,True,True,5
two-anchors,210,False,True,True,True,6
two-anchors,211,False,True,True,True,6
two-anchors,212,False,True,True,True,6
two-anchors,213,False,True,True,True,5
two-anchors,214,False,True,True,True,6
two-anchors,215,False,True,True,True,5
two-anchors,216,False,True,True,True,5
two-anchors,217,False,True,True,True,6
two-anchors,218,False,True,True,True,6
two-anchors,219,False,True,True,True,6
two-anchors,220,False,True,True,True,6
two-anchors,221,False,True,True,True,6
two-anchors,222,False,True,True,True,6
two-anchors,223,False,True,True,True,5
two-anchors,224,False,True,True,True,6
two-anchors,225,False,True,True,True,5
two-anchors,226,False,True,True,True,6
two-anchors,227,False,True,True,True,6
two-anchors,228,False,True,True,True,6
two-anchors,229,False,True,True,True,7
two-anchors,230,False,True,True,True,6
two-anchors,231,False,True,True,True,6
two-anchors,232,False,True,True,True,6
two-anchors,233,False,True,True,True,6
two-anchors,234,False,True,True,True,6
two-anchors,235,False,True,True,True,6
two-anchors,236,False,True,True,True,5
two-anchors,237,False,True,True,True,6
two-anchors,238,False,True,True,True,6
two-anchors,239,False,True,True,True,6
two-anchors,240,False,True,True,True,6
two-anchors,241,False,True,True,True,6
two-anchors,242,False,True,True,True,5
two-anchors,243,False,True,True,True,6
two-anchors,244,False,True,True,True,6
two-anchors,245,False,True,True,True,6
two-anchors,246,False,True,True,True,5
two-anchors,247,False,True,True,True,6
two-anchors,248,False,True,True,True,6
two-anchors,249,False,True,True,True,6
two-anchors,250,False,True,True,True,5
two-anchors,251,False,True,True,True,6
two-anchors,252,False,True,True,True,6
two-anchors,253,False,True,True,True,6
two-anchors,254,False,True,True,True,6
two-anchors,255,False,True,True,True,7
two-anchors,256,False,True,True,True,6
two-anchors,257,False,True,True,True,5
two-anchors,258,False,True,True,True,6
two-anchors,259,False,True,True,True,6
two-anchors,260,False,True,True,True,6
two-anchors,261,False,True,True,True,6
two-anchors,262,False,True,True,True,5
two-anchors,263,False,True,True,True,6
two-anchors,264,False,True,True,True,5
two-anchors,265,False,True,True,True,6
two-anchors,266,False,True,True,True,6
two-anchors,267,False,True,True,True,5
two-anchors,268,False,True,True,True,6
two-anchors,269,False,True,True,True,6
two-anchors,270,False,True,True,True,6
two-anchors,271,False,True,True,True,6
two-anchors,272,False,True,True,True,6
two-anchors,273,False,True,True,True,6
two-anchors,274,False,True,True,True,6
two-anchors,275,False,True,True,True,6
two-anchors,276,False,True,True,True,6
two-anchors,277,False,True,True,True,6
two-anchors,278,False,True,True,True,6
two-anchors,279,False,True,True,True,6
two-anchors,280,False,True,True,True,5
two-anchors,281,False,True,True,True,6
two-anchors,282,False,True,True,True,6
two-anchors,283,False,True,True,True,6
two-anchors,284,False,True,True,True,6
two-anchors,285,False,True,True,True,5
two-anchors,286,False,True,True,True,6
two-anchors,287,False,True,True,True,5
two-anchors,288,False,True,True,True,6
two-anchors,289,False,True,True,True,6
two-anchors,290,False,True,True,True,5
two-anchors,291,False,True,True,True,6
two-anchors,292,False,True,True,True,6
two-anchors,293,False,True,True,True,6
two-anchors,294,False,True,True,True,6
two-anchors,295,False,True,True,True,6
two-anchors,296,False,True,True,True,6
two-anchors,297,False,True,True,True,6
two-anchors,298,False,True,True,True,6
two-anchors,299,False,True,True,True,6
two-anchors,300,False,True,True,True,6
two-anchors,301,False,True,True,True,6
two-anchors,302,False,True,True,True,6
two-anchors,303,False,True,True,True,5
two-anchors,304,False,True,True,True,6
two-anchors,305,False,True,True,True,6
two-anchors,306,False,True,True,True,6
two-anchors,307,False,True,True,True,6
two-anchors,308,False,True,True,True,6
two-anchors,309,False,True,True,True,6
two-anchors,310,False,True,True,True,6
two-anchors,311,False,True,True,True,6
two-anchors,312,False,True,True,True,6
two-anchors,313,False,True,True,True,6
two-anchors,314,False,True,True,True,6
two-anchors,315,False,True,True,True,5
two-anchors,316,False,True,True,True,7
two-anchors,317,False,True,True,True,5
two-anchors,318,False,True,True,True,5
two-anchors,319,False,True,True,True,6
two-anchors,320,False,True,True,True,5
two-anchors,321,False,True,True,True,6
two-anchors,322,False,True,True,True,7
two-anchors,323,False,True,True,True,5
two-anchors,324,False,True,True,True,6
two-anchors,325,False,True,True,True,6
two-anchors,326,False,True,True,True,6
two-anchors,327,False,True,True,True,6
two-anchors,328,False,True,True,True,5
two-anchors,329,False,True,True,True,6
two-anchors,330,False,True,True,True,6
two-anchors,331,False,True,True,True,5
two-anchors,332,False,True,True,True,6
two-anchors,333,False,True,True,True,5
two-anchors,334,False,True,True,True,6
two-anchors,335,False,True,True,True,5
two-anchors,336,False,True,True,True,6
two-anchors,337,False,True,True,True,6
two-anchors,338,False,True,True,True,6
two-anchors,339,False,True,True,True,5
two-anchors,340,False,True,True,True,6
two-anchors,341,False,True,True,True,6
two-anchors,342,False,True,True,True,6
two-anchors,343,False,True,True,True,6
two-anchors,344,False,True,True,True,6
two-anchors,345,False,True,True,True,5
two-anchors,346,False,True,True,True,6
two-anchors,347,False,True,True,True,6
two-anchors,348,False,True,True,True,5
two-anchors,349,False,True,True,True,6
two-anchors,350,False,True,True,True,5
two-anchors,351,False,True,True,True,6
two-anchors,352,False,True,True,True,6
two-anchors,353,False,True,True,True,6
two-anchors,354,False,True,True,True,6
two-anchors,355,False,True,True,True,6
two-anchors,356,False,True,True,True,6
two-anchors,357,False,True,True,True,6
two-anchors,358,False,True,True,True,6
two-anchors,359,False,True,True,True,6
two-anchors,360,False,True,True,True,5
two-anchors,361,False,True,True,True,5
two-anchors,362,False,True,True,True,7
two-anchors,363,False,True,True,True,6
two-anchors,364,False,True,True,True,6
two-anchors,365,False,True,True,True,5
two-anchors,366,False,True,True,True,5
two-anchors,367,False,True,True,True,6
two-anchors,368,False,True,True,True,5
two-anchors,369,False,True,True,True,6
two-anchors,370,False,True,True,True,6
two-anchors,371,False,True,True,True,5
two-anchors,372,False,True,True,True,6
two-anchors,373,False,True,True,True,6
two-anchors,374,False,True,True,True,6
two-anchors,375,False,True,True,True,6
two-anchors,376,False,True,True,True,6
two-anchors,377,False,True,True,True,6
two-anchors,378,False,True,True,True,6
two-anchors,379,False,True,True,True,6
two-anchors,380,False,True,True,True,6
two-anchors,381,False,True,True,True,5
two-anchors,382,False,True,True,True,6
two-anchors,383,False,True,True,True,6
two-anchors,384,False,True,True,True,5
two-anchors,385,False,True,True,True,5
two-anchors,386,False,True,True,True,6
two-anchors,387,False,True,True,True,6
two-anchors,388,False,True,True,True,6
two-anchors,389,False,True,True,True,5
two-anchors,390,False,True,True,True,6
two-anchors,391,False,True,True,True,5
two-anchors,392,False,True,True,True,6
two-anchors,393,False,True,True,True,7
two-anchors,394,False,True,True,True,6
two-anchors,395,False,True,True,True,6
two-anchors,396,False,True,True,True,6
two-anchors,397,False,True,True,True,6
two-anchors,398,False,True,True,True,5
two-anchors,399,False,True,True,True,6
two-anchors,400,False,True,True,True,6
two-anchors,401,False,True,True,True,6
two-anchors,402,False,True,True,True,6
two-anchors,403,False,True,True,True,6
two-anchors,404,False,True,True,True,5
two-anchors,405,False,True,True,True,5
two-anchors,406,False,True,True,True,6
two-anchors,407,False,True,True,True,6
two-anchors,408,False,True,True,True,6
two-anchors,409,False,True,True,True,6
two-anchors,410,False,True,True,True,7
two-anchors,411,False,True,True,True,6
two-anchors,412,False,True,True,True,6
two-anchors,413,False,True,True,True,6
two-anchors,414,False,True,True,True,6
two-anchors,415,False,True,True,True,6
two-anchors,416,False,True,True,True,6
two-anchors,417,False,True,True,True,5
two-anchors,418,False,True,True,True,6
two-anchors,419,False,True,True,True,6
two-anchors,420,False,True,True,True,7
two-anchors,421,False,True,True,True,6
two-anchors,422,False,True,True,True,6
two-anchors,423,False,True,True,True,6
two-anchors,424,False,True,True,True,6
two-anchors,425,False,True,True,True,6
two-anchors,426,False,True,True,True,6
two-anchors,427,False,True,True,True,6
two-anchors,428,False,True,True,True,6
two-anchors,429,False,True,True,True,6
two-anchors,430,False,True,True,True,5
two-anchors,431,False,True,True,True,6
two-anchors,432,False,True,True,True,6
two-anchors,433,False,True,True,True,6
two-anchors,434,False,True,True,True,6
two-anchors,435,False,True,True,True,6
two-anchors,436,False,True,True,True,6
two-anchors,437,False,True,True,True,6
two-anchors,438,False,True,True,True,6
two-anchors,439,False,True,True,True,6
two-anchors,440,False,True,True,True,6
two-anchors,441,False,True,True,True,5
two-anchors,442,False,True,True,True,5
two-anchors,443,False,True,True,True,6
two-anchors,444,False,True,True,True,6
two-anchors,445,False,True,True,True,6
two-anchors,446,False,True,True,True,5
two-anchors,447,False,True,True,True,6
two-anchors,448,False,True,True,True,6
two-anchors,449,False,True,True,True,6
two-anchors,450,False,True,True,True,6
two-anchors,451,False,True,True,True,6
two-anchors,452,False,True,True,True,6
two-anchors,453,False,True,True,True,6
two-anchors,454,False,True,True,True,6
two-anchors,455,False,True,True,True,6
two-anchors,456,False,True,True,True,6
two-anchors,457,False,True,True,True,6
two-anchors,458,False,True,True,True,6
two-anchors,459,False,True,True,True,6
two-anchors,460,False,True,True,True,6
two-anchors,461,False,True,True,True,6
two-anchors,462,False,True,True,True,6
two-anchors,463,False,True,True,True,6
two-anchors,464,False,True,True,True,5
two-anchors,465,False,True,True,True,6
two-anchors,466,False,True,True,True,6
two-anchors,467,False,True,True,True,5
two-anchors,468,False,True,True,True,6
two-anchors,469,False,True,True,True,5
two-anchors,470,False,True,True,True,6
two-anchors,471,False,True,True,True,6
two-anchors,472,False,True,True,True,6
two-anchors,473,False,True,True,True,5
two-anchors,474,False,True,True,True,6
two-anchors,475,False,True,True,True,6
two-anchors,476,False,True,True,True,6
two-anchors,477,False,True,True,True,6
two-anchors,478,False,True,True,True,6
two-anchors,479,False,True,True,True,6
two-anchors,480,False,True,True,True,6
two-anchors,481,False,True,True,True,5
two-anchors,482,False,True,True,True,5
two-anchors,483,False,True,True,True,5
two-anchors,484,False,True,True,True,6
two-anchors,485,False,True,True,True,6
two-anchors,486,False,True,True,True,6
two-anchors,487,False,True,True,True,6
two-anchors,488,False,True,True,True,6
two-anchors,489,False,True,True,True,6
two-anchors,490,False,True,True,True,6
two-anchors,491,False,True,True,True,6
two-anchors,492,False,True,True,True,6
two-anchors,493,False,True,True,True,5
two-anchors,494,False,True,True,True,6
two-anchors,495,False,True,True,True,6
two-anchors,496,False,True,True,True,5
two-anchors,497,False,True,True,True,6
two-anchors,498,False,True,True,True,6
two-anchors,499,False,True,True,True,5
two-anchors,500,False,True,True,True,6
two-anchors,501,False,True,True,True,6
two-anchors,502,False,True,True,True,6
two-anchors,503,False,True,True,True,6
two-anchors,504,False,True,True,True,6
two-anchors,505,False,True,True,True,6
two-anchors,506,False,True,True,True,6
two-anchors,507,False,True,True,True,6
two-anchors,508,False,True,True,True,6
two-anchors,509,False,True,True,True,5
two-anchors,510,False,True,True,True,6
two-anchors,511,False,True,True,True,6
two-anchors,512,False,True,True,True,6
two-anchors,513,False,True,True,True,6
two-anchors,514,False,True,True,True,6
two-anchors,515,False,True,True,True,6
two-anchors,516,False,True,True,True,6
two-anchors,517,False,True,True,True,6
two-anchors,518,False,True,True,True,5
two-anchors,519,False,True,True,True,6
two-anchors,520,False,True,True,True,6
two-anchors,521,False,True,True,True,5
two-anchors,522,False,True,True,True,6
two-anchors,523,False,True,True,True,5
two-anchors,524,False,True,True,True,6
two-anchors,525,False,True,True,True,6
two-anchors,526,False,True,True,True,6
two-anchors,527,False,True,True,True,6
two-anchors,528,False,True,True,True,6
two-anchors,529,False,True,True,True,5
two-anchors,530,False,True,True,True,6
two-anchors,531,False,True,True,True,6
two-anchors,532,False,True,True,True,5
two-anchors,533,False,True,True,True,5
two-anchors,534,False,True,True,True,5
two-anchors,535,False,True,True,True,6
two-anchors,536,False,True,True,True,6
two-anchors,537,False,True,True,True,6
two-anchors,538,False,True,True,True,6
two-anchors,539,False,True,True,True,6
two-anchors,540,False,True,True,True,6
two-anchors,541,False,True,True,True,5
two-anchors,542,False,True,True,True,6
two-anchors,543,False,True,True,True,6
two-anchors,544,False,True,True,True,6
two-anchors,545,False,True,True,True,5
two-anchors,546,False,True,True,True,6
two-anchors,547,False,True,True,True,6
two-anchors,548,False,True,True,True,6
two-anchors,549,False,True,True,True,6
two-anchors,550,False,True,True,True,5
two-anchors,551,False,True,True,True,6
two-anchors,552,False,True,True,True,6
two-anchors,553,False,True,True,True,6
two-anchors,554,False,True,True,True,6
two-anchors,555,False,True,True,True,5
two-anchors,556,False,True,True,True,6
two-anchors,557,False,True,True,True,6
two-anchors,558,False,True,True,True,5
two-anchors,559,False,True,True,True,5
two-anchors,560,False,True,True,True,6
two-anchors,561,False,True,True,True,6
two-anchors,562,False,True,True,True,6
two-anchors,563,False,True,True,True,5
two-anchors,564,False,True,True,True,6
two-anchors,565,False,True,True,True,6
two-anchors,566,False,True,True,True,6
two-anchors,567,False,True,True,True,6
two-anchors,568,False,True,True,True,6
two-anchors,569,False,True,True,True,6
two-anchors,570,False,True,True,True,6
two-anchors,571,False,True,True,True,7
two-anchors,572,False,True,True,True,6
two-anchors,573,False,True,True,True,6
two-anchors,574,False,True,True,True,6
two-anchors,575,False,True,True,True,6
two-anchors,576,False,True,True,True,6
two-anchors,577,False,True,True,True,6
two-anchors,578,False,True,True,True,6
two-anchors,579,False,True,True,True,5
two-anchors,580,False,True,True,True,6
two-anchors,581,False,True,True,True,6
two-anchors,582,False,True,True,True,6
two-anchors,583,False,True,True,True,5
two-anchors,584,False,True,True,True,6
two-anchors,585,False,True,True,True,6
two-anchors,586,False,True,True,True,6
two-anchors,587,False,True,True,True,6
two-anchors,588,False,True,True,True,6
two-anchors,589,False,True,True,True,6
two-anchors,590,False,True,True,True,6
two-anchors,591,False,True,True,True,6
two-anchors,592,False,True,True,True,6
two-anchors,593,False,True,True,True,6
two-anchors,594,False,True,True,True,6
two-anchors,595,False,True,True,True,6
two-anchors,596,False,True,True,True,5
two-anchors,597,False,True,True,True,6
two-anchors,598,False,True,True,True,6
two-anchors,599,False,True,True,True,6
two-anchors,600,False,True,True,True,5
two-anchors,601,False,True,True,True,6
two-anchors,602,False,True,True,True,6
two-anchors,603,False,True,True,True,6
two-anchors,604,False,True,True,True,6
two-anchors,605,False,True,True,True,7
two-anchors,606,False,True,True,True,6
two-anchors,607,False,True,True,True,6
two-anchors,608,False,True,True,True,6
two-anchors,609,False,True,True,True,7
two-anchors,610,False,True,True,True,5
two-anchors,611,False,True,True,True,6
two-anchors,612,False,True,True,True,6
two-anchors,613,False,True,True,True,6
two-anchors,614,False,True,True,True,5
two-anchors,615,False,True,True,True,5
two-anchors,616,False,True,True,True,6
two-anchors,617,False,True,True,True,6
two-anchors,618,False,True,True,True,6
two-anchors,619,False,True,True,True,6
two-anchors,620,False,True,True,True,6
two-anchors,621,False,True,True,True,6
two-anchors,622,False,True,True,True,6
two-anchors,623,False,True,True,True,6
two-anchors,624,False,True,True,True,6
two-anchors,625,False,True,True,True,6
two-anchors,626,False,True,True,True,6
two-anchors,627,False,True,True,True,6
two-anchors,628,False,True,True,True,6
two-anchors,629,False,True,True,True,5
two-anchors,630,False,True,True,True,6
two-anchors,631,False,True,True,True,7
two-anchors,632,False,True,True,True,5
two-anchors,633,False,True,True,True,6
two-anchors,634,False,True,True,True,6
two-anchors,635,False,True,True,True,5
two-anchors,636,False,True,True,True,6
two-anchors,637,False,True,True,True,6
two-anchors,638,False,True,True,True,6
two-anchors,639,False,True,True,True,6
two-anchors,640,False,True,True,True,7
two-anchors,641,False,True,True,True,6
two-anchors,642,False,True,True,True,6
two-anchors,643,False,True,True,True,5
two-anchors,644,False,True,True,True,7
two-anchors,645,False,True,True,True,5
two-anchors,646,False,True,True,True,6
two-anchors,647,False,True,True,True,5
two-anchors,648,False,True,True,True,6
two-anchors,649,False,True,True,True,6
two-anchors,650,False,True,True,True,6
two-anchors,651,False,True,True,True,6
two-anchors,652,False,True,True,True,6
two-anchors,653,False,True,True,True,6
two-anchors,654,False,True,True,True,6
two-anchors,655,False,True,True,True,6
two-anchors,656,False,True,True,True,6
two-anchors,657,False,True,True,True,6
two-anchors,658,False,True,True,True,6
two-anchors,659,False,True,True,True,6
two-anchors,660,False,True,True,True,6
two-anchors,661,False,True,True,True,6
two-anchors,662,False,True,True,True,6
two-anchors,663,False,True,True,True,6
two-anchors,664,False,True,True,True,6
two-anchors,665,False,True,True,True,5
two-anchors,666,False,True,True,True,6
two-anchors,667,False,True,True,True,5
two-anchors,668,False,True,True,True,6
two-anchors,669,False,True,True,True,5
two-anchors,670,False,True,True,True,6
two-anchors,671,False,True,True,True,6
two-anchors,672,False,True,True,True,6
two-anchors,673,False,True,True,True,6
two-anchors,674,False,True,True,True,6
two-anchors,675,False,True,True,True,6
two-anchors,676,False,True,True,True,6
two-anchors,677,False,True,True,True,6
two-anchors,678,False,True,True,True,6
two-anchors,679,False,True,True,True,5
two-anchors,680,False,True,True,True,6
two-anchors,681,False,True,True,True,5
two-anchors,682,False,True,True,True,5
two-anchors,683,False,True,True,True,6
two-anchors,684,False,True,True,True,5
two-anchors,685,False,True,True,True,6
two-anchors,686,False,True,True,True,6
two-anchors,687,False,True,True,True,6
two-anchors,688,False,True,True,True,6
two-anchors,689,False,True,True,True,6
two-anchors,690,False,True,True,True,5
two-anchors,691,False,True,True,True,6
two-anchors,692,False,True,True,True,6
two-anchors,693,False,True,True,True,5
two-anchors,694,False,True,True,True,6
two-anchors,695,False,True,True,True,6
two-anchors,696,False,True,True,True,6
two-anchors,697,False,True,True,True,6
two-anchors,698,False,True,True,True,6
two-anchors,699,False,True,True,True,6
two-anchors,700,False,True,True,True,6
two-anchors,701,False,True,True,True,6
two-anchors,702,False,True,True,True,6
two-anchors,703,False,True,True,True,6
two-anchors,704,False,True,True,True,6
two-anchors,705,False,True,True,True,6
two-anchors,706,False,True,True,True,5
two-anchors,707,False,True,True,True,6
two-anchors,708,False,True,True,True,5
two-anchors,709,False,True,True,True,6
two-anchors,710,False,True,True,True,5
two-anchors,711,False,True,True,True,5
two-anchors,712,False,True,True,True,6
two-anchors,713,False,True,True,True,5
two-anchors,714,False,True,True,True,6
two-anchors,715,False,True,True,True,7
two-anchors,716,False,True,True,True,5
two-anchors,717,False,True,True,True,6
two-anchors,718,False,True,True,True,6
two-anchors,719,False,True,True,True,5
two-anchors,720,False,True,True,True,6
two-anchors,721,False,True,True,True,5
two-anchors,722,False,True,True,True,6
two-anchors,723,False,True,True,True,6
two-anchors,724,False,True,True,True,6
two-anchors,725,False,True,True,True,6
two-anchors,726,False,True,True,True,5
two-anchors,727,False,True,True,True,6
two-anchors,728,False,True,True,True,6
two-anchors,729,False,True,True,True,6
two-anchors,730,False,True,True,True,5
two-anchors,731,False,True,True,True,6
two-anchors,732,False,True,True,True,6
two-anchors,733,False,True,True,True,6
two-anchors,734,False,True,True,True,6
two-anchors,735,False,True,True,True,6
two-anchors,736,False,True,True,True,5
two-anchors,737,False,True,True,True,5
two-anchors,738,False,True,True,True,5
two-anchors,739,False,True,True,True,6
two-anchors,740,False,True,True,True,6
two-anchors,741,False,True,True,True,5
two-anchors,742,False,True,True,True,6
two-anchors,743,False,True,True,True,6
two-anchors,744,False,True,True,True,6
two-anchors,745,False,True,True,True,6
two-anchors,746,False,True,True,True,6
two-anchors,747,False,True,True,True,6
two-anchors,748,False,True,True,True,5
two-anchors,749,False,True,True,True,5
two-anchors,750,False,True,True,True,6
two-anchors,751,False,True,True,True,6
two-anchors,752,False,True,True,True,5
two-anchors,753,False,True,True,True,5
two-anchors,754,False,True,True,True,6
two-anchors,755,False,True,True,True,6
two-anchors,756,False,True,True,True,6
two-anchors,757,False,True,True,True,6
two-anchors,758,False,True,True,True,6
two-anchors,759,False,True,True,True,6
two-anchors,760,False,True,True,True,6
two-anchors,761,False,True,True,True,6
two-anchors,762,False,True,True,True,5
two-anchors,763,False,True,True,True,6
two-anchors,764,False,True,True,True,5
two-anchors,765,False,True,True,True,5
two-anchors,766,False,True,True,True,5
two-anchors,767,False,True,True,True,5
two-anchors,768,False,True,True,True,6
two-anchors,769,False,True,True,True,6
two-anchors,770,False,True,True,True,6
two-anchors,771,False,True,True,True,6
two-anchors,772,False,True,True,True,7
two-anchors,773,False,True,True,True,6
two-anchors,774,False,True,True,True,5
two-anchors,775,False,True,True,True,5
two-anchors,776,False,True,True,True,5
two-anchors,777,False,True,True,True,6
two-anchors,778,False,True,True,True,5
two-anchors,779,False,True,True,True,6
two-anchors,780,False,True,True,True,6
two-anchors,781,False,True,True,True,6
two-anchors,782,False,True,True,True,6
two-anchors,783,False,True,True,True,6
two-anchors,784,False,True,True,True,6
two-anchors,785,False,True,True,True,6
two-anchors,786,False,True,True,True,5
two-anchors,787,False,True,True,True,6
two-anchors,788,False,True,True,True,6
two-anchors,789,False,True,True,True,6
two-anchors,790,False,True,True,True,6
two-anchors,791,False,True,True,True,6
two-anchors,792,False,True,True,True,6
two-anchors,793,False,True,True,True,6
two-anchors,794,False,True,True,True,6
two-anchors,795,False,True,True,True,5
two-anchors,796,False,True,True,True,6
two-anchors,797,False,True,True,True,6
two-anchors,798,False,True,True,True,6
two-anchors,799,False,True,True,True,5
two-anchors,800,False,True,True,True,6
two-anchors,801,False,True,True,True,6
two-anchors,802,False,True,True,True,6
two-anchors,803,False,True,True,True,5
two-anchors,804,False,True,True,True,6
two-anchors,805,False,True,True,True,7
two-anchors,806,False,True,True,True,6
two-anchors,807,False,True,True,True,6
two-anchors,808,False,True,True,True,6
two-anchors,809,False,True,True,True,6
two-anchors,810,False,True,True,True,6
two-anchors,811,False,True,True,True,6
two-anchors,812,False,True,True,True,6
two-anchors,813,False,True,True,True,5
two-anchors,814,False,True,True,True,6
two-anchors,815,False,True,True,True,6
two-anchors,816,False,True,True,True,6
two-anchors,817,False,True,True,True,6
two-anchors,818,False,True,True,True,6
two-anchors,819,False,True,True,True,6
two-anchors,820,False,True,True,True,6
two-anchors,821,False,True,True,True,6
two-anchors,822,False,True,True,True,6
two-anchors,823,False,True,True,True,6
two-anchors,824,False,True,True,True,6
two-anchors,825,False,True,True,True,6
two-anchors,826,False,True,True,True,6
two-anchors,827,False,True,True,True,5
two-anchors,828,False,True,True,True,5
two-anchors,829,False,True,True,True,6
two-anchors,830,False,True,True,True,6
two-anchors,831,False,True,True,True,6
two-anchors,832,False,True,True,True,5
two-anchors,833,False,True,True,True,6
two-anchors,834,False,True,True,True,5
two-anchors,835,False,True,True,True,6
two-anchors,836,False,True,True,True,6
two-anchors,837,False,True,True,True,6
two-anchors,838,False,True,True,True,6
two-anchors,839,False,True,True,True,6
two-anchors,840,False,True,True,True,6
two-anchors,841,False,True,True,True,5
two-anchors,842,False,True,True,True,6
two-anchors,843,False,True,True,True,6
two-anchors,844,False,True,True,True,6
two-anchors,845,False,True,True,True,5
two-anchors,846,False,True,True,True,5
two-anchors,847,False,True,True,True,6
two-anchors,848,False,True,True,True,6
two-anchors,849,False,True,True,True,6
two-anchors,850,False,True,True,True,5
two-anchors,851,False,True,True,True,6
two-anchors,852,False,True,True,True,5
two-anchors,853,False,True,True,True,6
two-anchors,854,False,True,True,True,5
two-anchors,855,False,True,True,True,6
two-anchors,856,False,True,True,True,6
two-anchors,857,False,True,True,True,6
two-anchors,858,False,True,True,True,6
two-anchors,859,False,True,True,True,6
two-anchors,860,False,True,True,True,6
two-anchors,861,False,True,True,True,6
two-anchors,862,False,True,True,True,6
two-anchors,863,False,True,True,True,6
two-anchors,864,False,True,True,True,6
two-anchors,865,False,True,True,True,6
two-anchors,866,False,True,True,True,6
two-anchors,867,False,True,True,True,6
two-anchors,868,False,True,True,True,6
two-anchors,869,False,True,True,True,5
two-anchors,870,False,True,True,True,6
two-anchors,871,False,True,True,True,6
two-anchors,872,False,True,True,True,6
two-anchors,873,False,True,True,True,6
two-anchors,874,False,True,True,True,6
two-anchors,875,False,True,True,True,5
two-anchors,876,False,True,True,True,6
two-anchors,877,False,True,True,True,6
two-anchors,878,False,True,True,True,6
two-anchors,879,False,True,True,True,6
two-anchors,880,False,True,True,True,5
two-anchors,881,False,True,True,True,6
two-anchors,882,False,True,True,True,6
two-anchors,883,False,True,True,True,6
two-anchors,884,False,True,True,True,6
two-anchors,885,False,True,True,True,6
two-anchors,886,False,True,True,True,6
two-anchors,887,False,True,True,True,6
two-anchors,888,False,True,True,True,5
two-anchors,889,False,True,True,True,5
two-anchors,890,False,True,True,True,6
two-anchors,891,False,True,True,True,6
two-anchors,892,False,True,True,True,6
two-anchors,893,False,True,True,True,6
two-anchors,894,False,True,True,True,5
two-anchors,895,False,True,True,True,6
two-anchors,896,False,True,True,True,6
two-anchors,897,False,True,True,True,6
two-anchors,898,False,True,True,True,5
two-anchors,899,False,True,True,True,6
two-anchors,900,False,True,True,True,5
two-anchors,901,False,True,True,True,6
two-anchors,902,False,True,True,True,5
two-anchors,903,False,True,True,True,6
two-anchors,904,False,True,True,True,6
two-anchors,905,False,True,True,True,7
two-anchors,906,False,True,True,True,6
two-anchors,907,False,True,True,True,6
two-anchors,908,False,True,True,True,6
two-anchors,909,False,True,True,True,5
two-anchors,910,False,True,True,True,6
two-anchors,911,False,True,True,True,6
two-anchors,912,False,True,True,True,6
two-anchors,913,False,True,True,True,5
two-anchors,914,False,True,True,True,5
two-anchors,915,False,True,True,True,6
two-anchors,916,False,True,True,True,6
two-anchors,917,False,True,True,True,6
two-anchors,918,False,True,True,True,7
two-anchors,919,False,True,True,True,6
two-anchors,920,False,True,True,True,6
two-anchors,921,False,True,True,True,6
two-anchors,922,False,True,True,True,6
two-anchors,923,False,True,True,True,6
two-anchors,924,False,True,True,True,6
two-anchors,925,False,True,True,True,5
two-anchors,926,False,True,True,True,6
two-anchors,927,False,True,True,True,6
two-anchors,928,False,True,True,True,5
two-anchors,929,False,True,True,True,6
two-anchors,930,False,True,True,True,6
two-anchors,931,False,True,True,True,6
two-anchors,932,False,True,True,True,5
two-anchors,933,False,True,True,True,6
two-anchors,934,False,True,True,True,6
two-anchors,935,False,True,True,True,6
two-anchors,936,False,True,True,True,6
two-anchors,937,False,True,True,True,6
two-anchors,938,False,True,True,True,6
two-anchors,939,False,True,True,True,6
two-anchors,940,False,True,True,True,6
two-anchors,941,False,True,True,True,6
two-anchors,942,False,True,True,True,6
two-anchors,943,False,True,True,True,6
two-anchors,944,False,True,True,True,6
two-anchors,945,False,True,True,True,5
two-anchors,946,False,True,True,True,6
two-anchors,947,False,True,True,True,6
two-anchors,948,False,True,True,True,6
two-anchors,949,False,True,True,True,6
two-anchors,950,False,True,True,True,6
two-anchors,951,False,True,True,True,6
two-anchors,952,False,True,True,True,6
two-anchors,953,False,True,True,True,6
two-anchors,954,False,True,True,True,7
two-anchors,955,False,True,True,True,7
two-anchors,956,False,True,True,True,6
two-anchors,957,False,True,True,True,6
two-anchors,958,False,True,True,True,6
two-anchors,959,False,True,True,True,5
two-anchors,960,False,True,True,True,6
two-anchors,961,False,True,True,True,5
two-anchors,962,False,True,True,True,6
two-anchors,963,False,True,True,True,6
two-anchors,964,False,True,True,True,5
two-anchors,965,False,True,True,True,6
two-anchors,966,False,True,True,True,6
two-anchors,967,False,True,True,True,5
two-anchors,968,False,True,True,True,5
two-anchors,969,False,True,True,True,6
two-anchors,970,False,True,True,True,6
two-anchors,971,False,True,True,True,6
two-anchors,972,False,True,True,True,5
two-anchors,973,False,True,True,True,5
two-anchors,974,False,True,True,True,5
two-anchors,975,False,True,True,True,6
two-anchors,976,False,True,True,True,6
two-anchors,977,False,True,True,True,5
two-anchors,978,False,True,True,True,5
two-anchors,979,False,True,True,True,5
two-anchors,980,False,True,True,True,5
two-anchors,981,False,True,True,True,6
two-anchors,982,False,True,True,True,6
two-anchors,983,False,True,True,True,5
two-anchors,984,False,True,True,True,7
two-anchors,985,False,True,True,True,5
two-anchors,986,False,True,True,True,6
two-anchors,987,False,True,True,True,6
two-anchors,988,False,True,True,True,5
two-anchors,989,False,True,True,True,5
two-anchors,990,False,True,True,True,6
two-anchors,991,False,True,True,True,5
two-anchors,992,False,True,True,True,6
two-anchors,993,False,True,True,True,5
two-anchors,994,False,True,True,True,5
two-anchors,995,False,True,True,True,6
two-anchors,996,False,True,True,True,5
two-anchors,997,False,True,True,True,6
two-anchors,998,False,True,True,True,6
two-anchors,999,False,True,True,True,5
empty-anchor-pool,0,False,True,True,True,6
empty-anchor-pool,1,False,True,True,True,5
empty-anchor-pool,2,False,True,True,True,6
empty-anchor-pool,3,False,True,True,True,5
empty-anchor-pool,4,False,True,True,True,5
empty-anchor-pool,5,False,True,True,True,6
empty-anchor-pool,6,False,True,True,True,6
empty-anchor-pool,7,False,True,True,True,5
empty-anchor-pool,8,False,True,True,True,6
empty-anchor-pool,9,False,True,True,True,5
empty-anchor-pool,10,False,True,True,True,5
empty-anchor-pool,11,False,True,True,True,6
empty-anchor-pool,12,False,True,True,True,5
empty-anchor-pool,13,False,True,True,True,5
empty-anchor-pool,14,False,True,True,True,6
empty-anchor-pool,15,False,True,True,True,6
empty-anchor-pool,16,False,True,True,True,6
empty-anchor-pool,17,False,True,True,True,6
empty-anchor-pool,18,False,True,True,True,6
empty-anchor-pool,19,False,True,True,True,5
empty-anchor-pool,20,False,True,True,True,6
empty-anchor-pool,21,False,True,True,True,6
empty-anchor-pool,22,False,True,True,True,6
empty-anchor-pool,23,False,True,True,True,7
empty-anchor-pool,24,False,True,True,True,6
empty-anchor-pool,25,False,True,True,True,6
empty-anchor-pool,26,False,True,True,True,6
empty-anchor-pool,27,False,True,True,True,6
empty-anchor-pool,28,False,True,True,True,6
empty-anchor-pool,29,False,True,True,True,5
empty-anchor-pool,30,False,True,True,True,5
empty-anchor-pool,31,False,True,True,True,5
empty-anchor-pool,32,False,True,True,True,6
empty-anchor-pool,33,False,True,True,True,6
empty-anchor-pool,34,False,True,True,True,5
empty-anchor-pool,35,False,True,True,True,6
empty-anchor-pool,36,False,True,True,True,6
empty-anchor-pool,37,False,True,True,True,6
empty-anchor-pool,38,False,True,True,True,5
empty-anchor-pool,39,False,True,True,True,5
empty-anchor-pool,40,False,True,True,True,6
empty-anchor-pool,41,False,True,True,True,6
empty-anchor-pool,42,False,True,True,True,6
empty-anchor-pool,43,False,True,True,True,6
empty-anchor-pool,44,False,True,True,True,5
empty-anchor-pool,45,False,True,True,True,6
empty-anchor-pool,46,False,True,True,True,6
empty-anchor-pool,47,False,True,True,True,7
empty-anchor-pool,48,False,True,True,True,6
empty-anchor-pool,49,False,True,True,True,6
empty-anchor-pool,50,False,True,True,True,5
empty-anchor-pool,51,False,True,True,True,6
empty-anchor-pool,52,False,True,True,True,6
empty-anchor-pool,53,False,True,True,True,7
empty-anchor-pool,54,False,True,True,True,6
empty-anchor-pool,55,False,True,True,True,6
empty-anchor-pool,56,False,True,True,True,6
empty-anchor-pool,57,False,True,True,True,6
empty-anchor-pool,58,False,True,True,True,6
empty-anchor-pool,59,False,True,True,True,6
empty-anchor-pool,60,False,True,True,True,5
empty-anchor-pool,61,False,True,True,True,6
empty-anchor-pool,62,False,True,True,True,6
empty-anchor-pool,63,False,True,True,True,5
empty-anchor-pool,64,False,True,True,True,6
empty-anchor-pool,65,False,True,True,True,6
empty-anchor-pool,66,False,True,True,True,6
empty-anchor-pool,67,False,True,True,True,6
empty-anchor-pool,68,False,True,True,True,6
empty-anchor-pool,69,False,True,True,True,5
empty-anchor-pool,70,False,True,True,True,5
empty-anchor-pool,71,False,True,True,True,6
empty-anchor-pool,72,False,True,True,True,6
empty-anchor-pool,73,False,True,True,True,6
empty-anchor-pool,74,False,True,True,True,5
empty-anchor-pool,75,False,True,True,True,6
empty-anchor-pool,76,False,True,True,True,5
empty-anchor-pool,77,False,True,True,True,6
empty-anchor-pool,78,False,True,True,True,5
empty-anchor-pool,79,False,True,True,True,6
empty-anchor-pool,80,False,True,True,True,6
empty-anchor-pool,81,False,True,True,True,6
empty-anchor-pool,82,False,True,True,True,6
empty-anchor-pool,83,False,True,True,True,7
empty-anchor-pool,84,False,True,True,True,5
empty-anchor-pool,85,False,True,True,True,5
empty-anchor-pool,86,False,True,True,True,6
empty-anchor-pool,87,False,True,True,True,5
empty-anchor-pool,88,False,True,True,True,5
empty-anchor-pool,89,False,True,True,True,6
empty-anchor-pool,90,False,True,True,True,6
empty-anchor-pool,91,False,True,True,True,6
empty-anchor-pool,92,False,True,True,True,6
empty-anchor-pool,93,False,True,True,True,7
empty-anchor-pool,94,False,True,True,True,6
empty-anchor-pool,95,False,True,True,True,6
empty-anchor-pool,96,False,True,True,True,6
empty-anchor-pool,97,False,True,True,True,5
empty-anchor-pool,98,False,True,True,True,5
empty-anchor-pool,99,False,True,True,True,6
empty-anchor-pool,100,False,True,True,True,6
empty-anchor-pool,101,False,True,True,True,6
empty-anchor-pool,102,False,True,True,True,6
empty-anchor-pool,103,False,True,True,True,5
empty-anchor-pool,104,False,True,True,True,6
empty-anchor-pool,105,False,True,True,True,6
empty-anchor-pool,106,False,True,True,True,6
empty-anchor-pool,107,False,True,True,True,6
empty-anchor-pool,108,False,True,True,True,6
empty-anchor-pool,109,False,True,True,True,5
empty-anchor-pool,110,False,True,True,True,6
empty-anchor-pool,111,False,True,True,True,7
empty-anchor-pool,112,False,True,True,True,6
empty-anchor-pool,113,False,True,True,True,5
empty-anchor-pool,114,False,True,True,True,6
empty-anchor-pool,115,False,True,True,True,6
empty-anchor-pool,116,False,True,True,True,6
empty-anchor-pool,117,False,True,True,True,5
empty-anchor-pool,118,False,True,True,True,6
empty-anchor-pool,119,False,True,True,True,6
empty-anchor-pool,120,False,True,True,True,6
empty-anchor-pool,121,False,True,True,True,6
empty-anchor-pool,122,False,True,True,True,6
empty-anchor-pool,123,False,True,True,True,6
empty-anchor-pool,124,False,True,True,True,6
empty-anchor-pool,125,False,True,True,True,6
empty-anchor-pool,126,False,True,True,True,6
empty-anchor-pool,127,False,True,True,True,6
empty-anchor-pool,128,False,True,True,True,6
empty-anchor-pool,129,False,True,True,True,6
empty-anchor-pool,130,False,True,True,True,6
empty-anchor-pool,131,False,True,True,True,5
empty-anchor-pool,132,False,True,True,True,6
empty-anchor-pool,133,False,True,True,True,6
empty-anchor-pool,134,False,True,True,True,6
empty-anchor-pool,135,False,True,True,True,5
empty-anchor-pool,136,False,True,True,True,5
empty-anchor-pool,137,False,True,True,True,6
empty-anchor-pool,138,False,True,True,True,5
empty-anchor-pool,139,False,True,True,True,6
empty-anchor-pool,140,False,True,True,True,5
empty-anchor-pool,141,False,True,True,True,6
empty-anchor-pool,142,False,True,True,True,6
empty-anchor-pool,143,False,True,True,True,5
empty-anchor-pool,144,False,True,True,True,6
empty-anchor-pool,145,False,True,True,True,6
empty-anchor-pool,146,False,True,True,True,6
empty-anchor-pool,147,False,True,True,True,5
empty-anchor-pool,148,False,True,True,True,5
empty-anchor-pool,149,False,True,True,True,6
empty-anchor-pool,150,False,True,True,True,6
empty-anchor-pool,151,False,True,True,True,6
empty-anchor-pool,152,False,True,True,True,6
empty-anchor-pool,153,False,True,True,True,5
empty-anchor-pool,154,False,True,True,True,5
empty-anchor-pool,155,False,True,True,True,5
empty-anchor-pool,156,False,True,True,True,6
empty-anchor-pool,157,False,True,True,True,5
empty-anchor-pool,158,False,True,True,True,6
empty-anchor-pool,159,False,True,True,True,5
empty-anchor-pool,160,False,True,True,True,6
empty-anchor-pool,161,False,True,True,True,6
empty-anchor-pool,162,False,True,True,True,6
empty-anchor-pool,163,False,True,True,True,6
empty-anchor-pool,164,False,True,True,True,6
empty-anchor-pool,165,False,True,True,True,6
empty-anchor-pool,166,False,True,True,True,6
empty-anchor-pool,167,False,True,True,True,6
empty-anchor-pool,168,False,True,True,True,7
empty-anchor-pool,169,False,True,True,True,6
empty-anchor-pool,170,False,True,True,True,6
empty-anchor-pool,171,False,True,True,True,6
empty-anchor-pool,172,False,True,True,True,6
empty-anchor-pool,173,False,True,True,True,6
empty-anchor-pool,174,False,True,True,True,6
empty-anchor-pool,175,False,True,True,True,6
empty-anchor-pool,176,False,True,True,True,5
empty-anchor-pool,177,False,True,True,True,5
empty-anchor-pool,178,False,True,True,True,5
empty-anchor-pool,179,False,True,True,True,5
empty-anchor-pool,180,False,True,True,True,6
empty-anchor-pool,181,False,True,True,True,6
empty-anchor-pool,182,False,True,True,True,6
empty-anchor-pool,183,False,True,True,True,6
empty-anchor-pool,184,False,True,True,True,6
empty-anchor-pool,185,False,True,True,True,6
empty-anchor-pool,186,False,True,True,True,6
empty-anchor-pool,187,False,True,True,True,6
empty-anchor-pool,188,False,True,True,True,5
empty-anchor-pool,189,False,True,True,True,5
empty-anchor-pool,190,False,True,True,True,5
empty-anchor-pool,191,False,True,True,True,6
empty-anchor-pool,192,False,True,True,True,6
empty-anchor-pool,193,False,True,True,True,6
empty-anchor-pool,194,False,True,True,True,6
empty-anchor-pool,195,False,True,True,True,6
empty-anchor-pool,196,False,True,True,True,5
empty-anchor-pool,197,False,True,True,True,7
empty-anchor-pool,198,False,True,True,True,5
empty-anchor-pool,199,False,True,True,True,6
empty-anchor-pool,200,False,True,True,True,6
empty-anchor-pool,201,False,True,True,True,6
empty-anchor-pool,202,False,True,True,True,6
empty-anchor-pool,203,False,True,True,True,6
empty-anchor-pool,204,False,True,True,True,6
empty-anchor-pool,205,False,True,True,True,6
empty-anchor-pool,206,False,True,True,True,6
empty-anchor-pool,207,False,True,True,True,6
empty-anchor-pool,208,False,True,True,True,6
empty-anchor-pool,209,False,True,True,True,6
empty-anchor-pool,210,False,True,True,True,6
empty-anchor-pool,211,False,True,True,True,6
empty-anchor-pool,212,False,True,True,True,6
empty-anchor-pool,213,False,True,True,True,6
empty-anchor-pool,214,False,True,True,True,6
empty-anchor-pool,215,False,True,True,True,6
empty-anchor-pool,216,False,True,True,True,6
empty-anchor-pool,217,False,True,True,True,5
empty-anchor-pool,218,False,True,True,True,6
empty-anchor-pool,219,False,True,True,True,6
empty-anchor-pool,220,False,True,True,True,5
empty-anchor-pool,221,False,True,True,True,6
empty-anchor-pool,222,False,True,True,True,6
empty-anchor-pool,223,False,True,True,True,6
empty-anchor-pool,224,False,True,True,True,6
empty-anchor-pool,225,False,True,True,True,5
empty-anchor-pool,226,False,True,True,True,5
empty-anchor-pool,227,False,True,True,True,5
empty-anchor-pool,228,False,True,True,True,6
empty-anchor-pool,229,False,True,True,True,6
empty-anchor-pool,230,False,True,True,True,6
empty-anchor-pool,231,False,True,True,True,6
empty-anchor-pool,232,False,True,True,True,5
empty-anchor-pool,233,False,True,True,True,6
empty-anchor-pool,234,False,True,True,True,6
empty-anchor-pool,235,False,True,True,True,6
empty-anchor-pool,236,False,True,True,True,6
empty-anchor-pool,237,False,True,True,True,6
empty-anchor-pool,238,False,True,True,True,6
empty-anchor-pool,239,False,True,True,True,6
empty-anchor-pool,240,False,True,True,True,6
empty-anchor-pool,241,False,True,True,True,6
empty-anchor-pool,242,False,True,True,True,5
empty-anchor-pool,243,False,True,True,True,6
empty-anchor-pool,244,False,True,True,True,6
empty-anchor-pool,245,False,True,True,True,5
empty-anchor-pool,246,False,True,True,True,6
empty-anchor-pool,247,False,True,True,True,6
empty-anchor-pool,248,False,True,True,True,6
empty-anchor-pool,249,False,True,True,True,5
empty-anchor-pool,250,False,True,True,True,7
empty-anchor-pool,251,False,True,True,True,6
empty-anchor-pool,252,False,True,True,True,6
empty-anchor-pool,253,False,True,True,True,6
empty-anchor-pool,254,False,True,True,True,7
empty-anchor-pool,255,False,True,True,True,6
empty-anchor-pool,256,False,True,True,True,6
empty-anchor-pool,257,False,True,True,True,5
empty-anchor-pool,258,False,True,True,True,6
empty-anchor-pool,259,False,True,True,True,6
empty-anchor-pool,260,False,True,True,True,6
empty-anchor-pool,261,False,True,True,True,5
empty-anchor-pool,262,False,True,True,True,5
empty-anchor-pool,263,False,True,True,True,5
empty-anchor-pool,264,False,True,True,True,6
empty-anchor-pool,265,False,True,True,True,6
empty-anchor-pool,266,False,True,True,True,6
empty-anchor-pool,267,False,True,True,True,6
empty-anchor-pool,268,False,True,True,True,6
empty-anchor-pool,269,False,True,True,True,6
empty-anchor-pool,270,False,True,True,True,7
empty-anchor-pool,271,False,True,True,True,6
empty-anchor-pool,272,False,True,True,True,6
empty-anchor-pool,273,False,True,True,True,5
empty-anchor-pool,274,False,True,True,True,5
empty-anchor-pool,275,False,True,True,True,6
empty-anchor-pool,276,False,True,True,True,6
empty-anchor-pool,277,False,True,True,True,6
empty-anchor-pool,278,False,True,True,True,6
empty-anchor-pool,279,False,True,True,True,6
empty-anchor-pool,280,False,True,True,True,5
empty-anchor-pool,281,False,True,True,True,6
empty-anchor-pool,282,False,True,True,True,5
empty-anchor-pool,283,False,True,True,True,6
empty-anchor-pool,284,False,True,True,True,6
empty-anchor-pool,285,False,True,True,True,6
empty-anchor-pool,286,False,True,True,True,6
empty-anchor-pool,287,False,True,True,True,6
empty-anchor-pool,288,False,True,True,True,5
empty-anchor-pool,289,False,True,True,True,6
empty-anchor-pool,290,False,True,True,True,6
empty-anchor-pool,291,False,True,True,True,6
empty-anchor-pool,292,False,True,True,True,5
empty-anchor-pool,293,False,True,True,True,6
empty-anchor-pool,294,False,True,True,True,6
empty-anchor-pool,295,False,True,True,True,6
empty-anchor-pool,296,False,True,True,True,5
empty-anchor-pool,297,False,True,True,True,6
empty-anchor-pool,298,False,True,True,True,5
empty-anchor-pool,299,False,True,True,True,6
empty-anchor-pool,300,False,True,True,True,6
empty-anchor-pool,301,False,True,True,True,6
empty-anchor-pool,302,False,True,True,True,6
empty-anchor-pool,303,False,True,True,True,5
empty-anchor-pool,304,False,True,True,True,6
empty-anchor-pool,305,False,True,True,True,6
empty-anchor-pool,306,False,True,True,True,6
empty-anchor-pool,307,False,True,True,True,6
empty-anchor-pool,308,False,True,True,True,6
empty-anchor-pool,309,False,True,True,True,6
empty-anchor-pool,310,False,True,True,True,6
empty-anchor-pool,311,False,True,True,True,5
empty-anchor-pool,312,False,True,True,True,6
empty-anchor-pool,313,False,True,True,True,6
empty-anchor-pool,314,False,True,True,True,5
empty-anchor-pool,315,False,True,True,True,6
empty-anchor-pool,316,False,True,True,True,6
empty-anchor-pool,317,False,True,True,True,5
empty-anchor-pool,318,False,True,True,True,6
empty-anchor-pool,319,False,True,True,True,6
empty-anchor-pool,320,False,True,True,True,6
empty-anchor-pool,321,False,True,True,True,5
empty-anchor-pool,322,False,True,True,True,6
empty-anchor-pool,323,False,True,True,True,5
empty-anchor-pool,324,False,True,True,True,6
empty-anchor-pool,325,False,True,True,True,6
empty-anchor-pool,326,False,True,True,True,5
empty-anchor-pool,327,False,True,True,True,6
empty-anchor-pool,328,False,True,True,True,6
empty-anchor-pool,329,False,True,True,True,5
empty-anchor-pool,330,False,True,True,True,6
empty-anchor-pool,331,False,True,True,True,5
empty-anchor-pool,332,False,True,True,True,6
empty-anchor-pool,333,False,True,True,True,6
empty-anchor-pool,334,False,True,True,True,6
empty-anchor-pool,335,False,True,True,True,6
empty-anchor-pool,336,False,True,True,True,6
empty-anchor-pool,337,False,True,True,True,6
empty-anchor-pool,338,False,True,True,True,6
empty-anchor-pool,339,False,True,True,True,6
empty-anchor-pool,340,False,True,True,True,6
empty-anchor-pool,341,False,True,True,True,5
empty-anchor-pool,342,False,True,True,True,6
empty-anchor-pool,343,False,True,True,True,6
empty-anchor-pool,344,False,True,True,True,5
empty-anchor-pool,345,False,True,True,True,5
empty-anchor-pool,346,False,True,True,True,6
empty-anchor-pool,347,False,True,True,True,6
empty-anchor-pool,348,False,True,True,True,6
empty-anchor-pool,349,False,True,True,True,6
empty-anchor-pool,350,False,True,True,True,6
empty-anchor-pool,351,False,True,True,True,6
empty-anchor-pool,352,False,True,True,True,6
empty-anchor-pool,353,False,True,True,True,6
empty-anchor-pool,354,False,True,True,True,6
empty-anchor-pool,355,False,True,True,True,6
empty-anchor-pool,356,False,True,True,True,6
empty-anchor-pool,357,False,True,True,True,5
empty-anchor-pool,358,False,True,True,True,5
empty-anchor-pool,359,False,True,True,True,7
empty-anchor-pool,360,False,True,True,True,6
empty-anchor-pool,361,False,True,True,True,6
empty-anchor-pool,362,False,True,True,True,5
empty-anchor-pool,363,False,True,True,True,5
empty-anchor-pool,364,False,True,True,True,6
empty-anchor-pool,365,False,True,True,True,5
empty-anchor-pool,366,False,True,True,True,5
empty-anchor-pool,367,False,True,True,True,6
empty-anchor-pool,368,False,True,True,True,6
empty-anchor-pool,369,False,True,True,True,6
empty-anchor-pool,370,False,True,True,True,6
empty-anchor-pool,371,False,True,True,True,6
empty-anchor-pool,372,False,True,True,True,5
empty-anchor-pool,373,False,True,True,True,6
empty-anchor-pool,374,False,True,True,True,6
empty-anchor-pool,375,False,True,True,True,6
empty-anchor-pool,376,False,True,True,True,6
empty-anchor-pool,377,False,True,True,True,6
empty-anchor-pool,378,False,True,True,True,6
empty-anchor-pool,379,False,True,True,True,6
empty-anchor-pool,380,False,True,True,True,6
empty-anchor-pool,381,False,True,True,True,6
empty-anchor-pool,382,False,True,True,True,7
empty-anchor-pool,383,False,True,True,True,6
empty-anchor-pool,384,False,True,True,True,5
empty-anchor-pool,385,False,True,True,True,6
empty-anchor-pool,386,False,True,True,True,5
empty-anchor-pool,387,False,True,True,True,6
empty-anchor-pool,388,False,True,True,True,6
empty-anchor-pool,389,False,True,True,True,6
empty-anchor-pool,390,False,True,True,True,6
empty-anchor-pool,391,False,True,True,True,6
empty-anchor-pool,392,False,True,True,True,6
empty-anchor-pool,393,False,True,True,True,5
empty-anchor-pool,394,False,True,True,True,6
empty-anchor-pool,395,False,True,True,True,6
empty-anchor-pool,396,False,True,True,True,6
empty-anchor-pool,397,False,True,True,True,6
empty-anchor-pool,398,False,True,True,True,6
empty-anchor-pool,399,False,True,True,True,6
empty-anchor-pool,400,False,True,True,True,6
empty-anchor-pool,401,False,True,True,True,6
empty-anchor-pool,402,False,True,True,True,6
empty-anchor-pool,403,False,True,True,True,5
empty-anchor-pool,404,False,True,True,True,5
empty-anchor-pool,405,False,True,True,True,6
empty-anchor-pool,406,False,True,True,True,6
empty-anchor-pool,407,False,True,True,True,6
empty-anchor-pool,408,False,True,True,True,5
empty-anchor-pool,409,False,True,True,True,5
empty-anchor-pool,410,False,True,True,True,5
empty-anchor-pool,411,False,True,True,True,6
empty-anchor-pool,412,False,True,True,True,6
empty-anchor-pool,413,False,True,True,True,5
empty-anchor-pool,414,False,True,True,True,6
empty-anchor-pool,415,False,True,True,True,5
empty-anchor-pool,416,False,True,True,True,5
empty-anchor-pool,417,False,True,True,True,6
empty-anchor-pool,418,False,True,True,True,6
empty-anchor-pool,419,False,True,True,True,6
empty-anchor-pool,420,False,True,True,True,6
empty-anchor-pool,421,False,True,True,True,6
empty-anchor-pool,422,False,True,True,True,6
empty-anchor-pool,423,False,True,True,True,5
empty-anchor-pool,424,False,True,True,True,6
empty-anchor-pool,425,False,True,True,True,6
empty-anchor-pool,426,False,True,True,True,6
empty-anchor-pool,427,False,True,True,True,6
empty-anchor-pool,428,False,True,True,True,6
empty-anchor-pool,429,False,True,True,True,6
empty-anchor-pool,430,False,True,True,True,6
empty-anchor-pool,431,False,True,True,True,5
empty-anchor-pool,432,False,True,True,True,6
empty-anchor-pool,433,False,True,True,True,6
empty-anchor-pool,434,False,True,True,True,6
empty-anchor-pool,435,False,True,True,True,5
empty-anchor-pool,436,False,True,True,True,6
empty-anchor-pool,437,False,True,True,True,6
empty-anchor-pool,438,False,True,True,True,6
empty-anchor-pool,439,False,True,True,True,6
empty-anchor-pool,440,False,True,True,True,5
empty-anchor-pool,441,False,True,True,True,6
empty-anchor-pool,442,False,True,True,True,6
empty-anchor-pool,443,False,True,True,True,6
empty-anchor-pool,444,False,True,True,True,6
empty-anchor-pool,445,False,True,True,True,6
empty-anchor-pool,446,False,True,True,True,6
empty-anchor-pool,447,False,True,True,True,5
empty-anchor-pool,448,False,True,True,True,5
empty-anchor-pool,449,False,True,True,True,6
empty-anchor-pool,450,False,True,True,True,6
empty-anchor-pool,451,False,True,True,True,6
empty-anchor-pool,452,False,True,True,True,6
empty-anchor-pool,453,False,True,True,True,5
empty-anchor-pool,454,False,True,True,True,6
empty-anchor-pool,455,False,True,True,True,6
empty-anchor-pool,456,False,True,True,True,6
empty-anchor-pool,457,False,True,True,True,6
empty-anchor-pool,458,False,True,True,True,5
empty-anchor-pool,459,False,True,True,True,6
empty-anchor-pool,460,False,True,True,True,7
empty-anchor-pool,461,False,True,True,True,6
empty-anchor-pool,462,False,True,True,True,5
empty-anchor-pool,463,False,True,True,True,5
empty-anchor-pool,464,False,True,True,True,6
empty-anchor-pool,465,False,True,True,True,6
empty-anchor-pool,466,False,True,True,True,6
empty-anchor-pool,467,False,True,True,True,6
empty-anchor-pool,468,False,True,True,True,6
empty-anchor-pool,469,False,True,True,True,6
empty-anchor-pool,470,False,True,True,True,5
empty-anchor-pool,471,False,True,True,True,6
empty-anchor-pool,472,False,True,True,True,6
empty-anchor-pool,473,False,True,True,True,5
empty-anchor-pool,474,False,True,True,True,6
empty-anchor-pool,475,False,True,True,True,6
empty-anchor-pool,476,False,True,True,True,6
empty-anchor-pool,477,False,True,True,True,6
empty-anchor-pool,478,False,True,True,True,6
empty-anchor-pool,479,False,True,True,True,6
empty-anchor-pool,480,False,True,True,True,6
empty-anchor-pool,481,False,True,True,True,7
empty-anchor-pool,482,False,True,True,True,6
empty-anchor-pool,483,False,True,True,True,5
empty-anchor-pool,484,False,True,True,True,5
empty-anchor-pool,485,False,True,True,True,6
empty-anchor-pool,486,False,True,True,True,7
empty-anchor-pool,487,False,True,True,True,6
empty-anchor-pool,488,False,True,True,True,6
empty-anchor-pool,489,False,True,True,True,6
empty-anchor-pool,490,False,True,True,True,6
empty-anchor-pool,491,False,True,True,True,6
empty-anchor-pool,492,False,True,True,True,6
empty-anchor-pool,493,False,True,True,True,6
empty-anchor-pool,494,False,True,True,True,6
empty-anchor-pool,495,False,True,True,True,6
empty-anchor-pool,496,False,True,True,True,6
empty-anchor-pool,497,False,True,True,True,6
empty-anchor-pool,498,False,True,True,True,5
empty-anchor-pool,499,False,True,True,True,6
empty-anchor-pool,500,False,True,True,True,6
empty-anchor-pool,501,False,True,True,True,6
empty-anchor-pool,502,False,True,True,True,6
empty-anchor-pool,503,False,True,True,True,6
empty-anchor-pool,504,False,True,True,True,5
empty-anchor-pool,505,False,True,True,True,5
empty-anchor-pool,506,False,True,True,True,6
empty-anchor-pool,507,False,True,True,True,6
empty-anchor-pool,508,False,True,True,True,6
empty-anchor-pool,509,False,True,True,True,6
empty-anchor-pool,510,False,True,True,True,6
empty-anchor-pool,511,False,True,True,True,6
empty-anchor-pool,512,False,True,True,True,6
empty-anchor-pool,513,False,True,True,True,6
empty-anchor-pool,514,False,True,True,True,6
empty-anchor-pool,515,False,True,True,True,6
empty-anchor-pool,516,False,True,True,True,6
empty-anchor-pool,517,False,True,True,True,6
empty-anchor-pool,518,False,True,True,True,6
empty-anchor-pool,519,False,True,True,True,6
empty-anchor-pool,520,False,True,True,True,6
empty-anchor-pool,521,False,True,True,True,5
empty-anchor-pool,522,False,True,True,True,6
empty-anchor-pool,523,False,True,True,True,6
empty-anchor-pool,524,False,True,True,True,5
empty-anchor-pool,525,False,True,True,True,5
empty-anchor-pool,526,False,True,True,True,6
empty-anchor-pool,527,False,True,True,True,6
empty-anchor-pool,528,False,True,True,True,6
empty-anchor-pool,529,False,True,True,True,5
empty-anchor-pool,530,False,True,True,True,6
empty-anchor-pool,531,False,True,True,True,6
empty-anchor-pool,532,False,True,True,True,6
empty-anchor-pool,533,False,True,True,True,6
empty-anchor-pool,534,False,True,True,True,6
empty-anchor-pool,535,False,True,True,True,6
empty-anchor-pool,536,False,True,True,True,6
empty-anchor-pool,537,False,True,True,True,6
empty-anchor-pool,538,False,True,True,True,5
empty-anchor-pool,539,False,True,True,True,6
empty-anchor-pool,540,False,True,True,True,6
empty-anchor-pool,541,False,True,True,True,6
empty-anchor-pool,542,False,True,True,True,6
empty-anchor-pool,543,False,True,True,True,7
empty-anchor-pool,544,False,True,True,True,5
empty-anchor-pool,545,False,True,True,True,6
empty-anchor-pool,546,False,True,True,True,6
empty-anchor-pool,547,False,True,True,True,6
empty-anchor-pool,548,False,True,True,True,5
empty-anchor-pool,549,False,True,True,True,5
empty-anchor-pool,550,False,True,True,True,6
empty-anchor-pool,551,False,True,True,True,5
empty-anchor-pool,552,False,True,True,True,5
empty-anchor-pool,553,False,True,True,True,6
empty-anchor-pool,554,False,True,True,True,6
empty-anchor-pool,555,False,True,True,True,6
empty-anchor-pool,556,False,True,True,True,5
empty-anchor-pool,557,False,True,True,True,6
empty-anchor-pool,558,False,True,True,True,6
empty-anchor-pool,559,False,True,True,True,6
empty-anchor-pool,560,False,True,True,True,5
empty-anchor-pool,561,False,True,True,True,6
empty-anchor-pool,562,False,True,True,True,6
empty-anchor-pool,563,False,True,True,True,6
empty-anchor-pool,564,False,True,True,True,5
empty-anchor-pool,565,False,True,True,True,6
empty-anchor-pool,566,False,True,True,True,6
empty-anchor-pool,567,False,True,True,True,6
empty-anchor-pool,568,False,True,True,True,6
empty-anchor-pool,569,False,True,True,True,6
empty-anchor-pool,570,False,True,True,True,6
empty-anchor-pool,571,False,True,True,True,6
empty-anchor-pool,572,False,True,True,True,5
empty-anchor-pool,573,False,True,True,True,5
empty-anchor-pool,574,False,True,True,True,5
empty-anchor-pool,575,False,True,True,True,5
empty-anchor-pool,576,False,True,True,True,5
empty-anchor-pool,577,False,True,True,True,6
empty-anchor-pool,578,False,True,True,True,6
empty-anchor-pool,579,False,True,True,True,6
empty-anchor-pool,580,False,True,True,True,5
empty-anchor-pool,581,False,True,True,True,6
empty-anchor-pool,582,False,True,True,True,5
empty-anchor-pool,583,False,True,True,True,6
empty-anchor-pool,584,False,True,True,True,6
empty-anchor-pool,585,False,True,True,True,5
empty-anchor-pool,586,False,True,True,True,5
empty-anchor-pool,587,False,True,True,True,6
empty-anchor-pool,588,False,True,True,True,6
empty-anchor-pool,589,False,True,True,True,6
empty-anchor-pool,590,False,True,True,True,6
empty-anchor-pool,591,False,True,True,True,6
empty-anchor-pool,592,False,True,True,True,7
empty-anchor-pool,593,False,True,True,True,6
empty-anchor-pool,594,False,True,True,True,5
empty-anchor-pool,595,False,True,True,True,6
empty-anchor-pool,596,False,True,True,True,6
empty-anchor-pool,597,False,True,True,True,6
empty-anchor-pool,598,False,True,True,True,5
empty-anchor-pool,599,False,True,True,True,6
empty-anchor-pool,600,False,True,True,True,7
empty-anchor-pool,601,False,True,True,True,6
empty-anchor-pool,602,False,True,True,True,6
empty-anchor-pool,603,False,True,True,True,6
empty-anchor-pool,604,False,True,True,True,6
empty-anchor-pool,605,False,True,True,True,5
empty-anchor-pool,606,False,True,True,True,6
empty-anchor-pool,607,False,True,True,True,6
empty-anchor-pool,608,False,True,True,True,6
empty-anchor-pool,609,False,True,True,True,7
empty-anchor-pool,610,False,True,True,True,6
empty-anchor-pool,611,False,True,True,True,7
empty-anchor-pool,612,False,True,True,True,6
empty-anchor-pool,613,False,True,True,True,6
empty-anchor-pool,614,False,True,True,True,6
empty-anchor-pool,615,False,True,True,True,5
empty-anchor-pool,616,False,True,True,True,6
empty-anchor-pool,617,False,True,True,True,6
empty-anchor-pool,618,False,True,True,True,6
empty-anchor-pool,619,False,True,True,True,5
empty-anchor-pool,620,False,True,True,True,6
empty-anchor-pool,621,False,True,True,True,6
empty-anchor-pool,622,False,True,True,True,6
empty-anchor-pool,623,False,True,True,True,6
empty-anchor-pool,624,False,True,True,True,6
empty-anchor-pool,625,False,True,True,True,6
empty-anchor-pool,626,False,True,True,True,6
empty-anchor-pool,627,False,True,True,True,6
empty-anchor-pool,628,False,True,True,True,6
empty-anchor-pool,629,False,True,True,True,5
empty-anchor-pool,630,False,True,True,True,6
empty-anchor-pool,631,False,True,True,True,6
empty-anchor-pool,632,False,True,True,True,6
empty-anchor-pool,633,False,True,True,True,6
empty-anchor-pool,634,False,True,True,True,6
empty-anchor-pool,635,False,True,True,True,6
empty-anchor-pool,636,False,True,True,True,6
empty-anchor-pool,637,False,True,True,True,6
empty-anchor-pool,638,False,True,True,True,6
empty-anchor-pool,639,False,True,True,True,6
empty-anchor-pool,640,False,True,True,True,6
empty-anchor-pool,641,False,True,True,True,6
empty-anchor-pool,642,False,True,True,True,5
empty-anchor-pool,643,False,True,True,True,6
empty-anchor-pool,644,False,True,True,True,6
empty-anchor-pool,645,False,True,True,True,6
empty-anchor-pool,646,False,True,True,True,6
empty-anchor-pool,647,False,True,True,True,7
empty-anchor-pool,648,False,True,True,True,6
empty-anchor-pool,649,False,True,True,True,6
empty-anchor-pool,650,False,True,True,True,5
empty-anchor-pool,651,False,True,True,True,5
empty-anchor-pool,652,False,True,True,True,6
empty-anchor-pool,653,False,True,True,True,6
empty-anchor-pool,654,False,True,True,True,5
empty-anchor-pool,655,False,True,True,True,6
empty-anchor-pool,656,False,True,True,True,5
empty-anchor-pool,657,False,True,True,True,6
empty-anchor-pool,658,False,True,True,True,6
empty-anchor-pool,659,False,True,True,True,5
empty-anchor-pool,660,False,True,True,True,6
empty-anchor-pool,661,False,True,True,True,5
empty-anchor-pool,662,False,True,True,True,6
empty-anchor-pool,663,False,True,True,True,5
empty-anchor-pool,664,False,True,True,True,6
empty-anchor-pool,665,False,True,True,True,5
empty-anchor-pool,666,False,True,True,True,6
empty-anchor-pool,667,False,True,True,True,7
empty-anchor-pool,668,False,True,True,True,6
empty-anchor-pool,669,False,True,True,True,6
empty-anchor-pool,670,False,True,True,True,6
empty-anchor-pool,671,False,True,True,True,6
empty-anchor-pool,672,False,True,True,True,5
empty-anchor-pool,673,False,True,True,True,5
empty-anchor-pool,674,False,True,True,True,6
empty-anchor-pool,675,False,True,True,True,6
empty-anchor-pool,676,False,True,True,True,6
empty-anchor-pool,677,False,True,True,True,6
empty-anchor-pool,678,False,True,True,True,6
empty-anchor-pool,679,False,True,True,True,5
empty-anchor-pool,680,False,True,True,True,6
empty-anchor-pool,681,False,True,True,True,6
empty-anchor-pool,682,False,True,True,True,6
empty-anchor-pool,683,False,True,True,True,6
empty-anchor-pool,684,False,True,True,True,6
empty-anchor-pool,685,False,True,True,True,6
empty-anchor-pool,686,False,True,True,True,6
empty-anchor-pool,687,False,True,True,True,6
empty-anchor-pool,688,False,True,True,True,6
empty-anchor-pool,689,False,True,True,True,6
empty-anchor-pool,690,False,True,True,True,6
empty-anchor-pool,691,False,True,True,True,6
empty-anchor-pool,692,False,True,True,True,5
empty-anchor-pool,693,False,True,True,True,5
empty-anchor-pool,694,False,True,True,True,6
empty-anchor-pool,695,False,True,True,True,6
empty-anchor-pool,696,False,True,True,True,6
empty-anchor-pool,697,False,True,True,True,6
empty-anchor-pool,698,False,True,True,True,5
empty-anchor-pool,699,False,True,True,True,6
empty-anchor-pool,700,False,True,True,True,6
empty-anchor-pool,701,False,True,True,True,6
empty-anchor-pool,702,False,True,True,True,6
empty-anchor-pool,703,False,True,True,True,6
empty-anchor-pool,704,False,True,True,True,5
empty-anchor-pool,705,False,True,True,True,6
empty-anchor-pool,706,False,True,True,True,6
empty-anchor-pool,707,False,True,True,True,6
empty-anchor-pool,708,False,True,True,True,6
empty-anchor-pool,709,False,True,True,True,6
empty-anchor-pool,710,False,True,True,True,6
empty-anchor-pool,711,False,True,True,True,5
empty-anchor-pool,712,False,True,True,True,6
empty-anchor-pool,713,False,True,True,True,6
empty-anchor-pool,714,False,True,True,True,6
empty-anchor-pool,715,False,True,True,True,5
empty-anchor-pool,716,False,True,True,True,5
empty-anchor-pool,717,False,True,True,True,6
empty-anchor-pool,718,False,True,True,True,7
empty-anchor-pool,719,False,True,True,True,6
empty-anchor-pool,720,False,True,True,True,6
empty-anchor-pool,721,False,True,True,True,6
empty-anchor-pool,722,False,True,True,True,6
empty-anchor-pool,723,False,True,True,True,6
empty-anchor-pool,724,False,True,True,True,5
empty-anchor-pool,725,False,True,True,True,6
empty-anchor-pool,726,False,True,True,True,6
empty-anchor-pool,727,False,True,True,True,6
empty-anchor-pool,728,False,True,True,True,6
empty-anchor-pool,729,False,True,True,True,6
empty-anchor-pool,730,False,True,True,True,6
empty-anchor-pool,731,False,True,True,True,6
empty-anchor-pool,732,False,True,True,True,6
empty-anchor-pool,733,False,True,True,True,6
empty-anchor-pool,734,False,True,True,True,6
empty-anchor-pool,735,False,True,True,True,6
empty-anchor-pool,736,False,True,True,True,6
empty-anchor-pool,737,False,True,True,True,6
empty-anchor-pool,738,False,True,True,True,6
empty-anchor-pool,739,False,True,True,True,6
empty-anchor-pool,740,False,True,True,True,6
empty-anchor-pool,741,False,True,True,True,6
empty-anchor-pool,742,False,True,True,True,6
empty-anchor-pool,743,False,True,True,True,6
empty-anchor-pool,744,False,True,True,True,5
empty-anchor-pool,745,False,True,True,True,5
empty-anchor-pool,746,False,True,True,True,6
empty-anchor-pool,747,False,True,True,True,6
empty-anchor-pool,748,False,True,True,True,6
empty-anchor-pool,749,False,True,True,True,6
empty-anchor-pool,750,False,True,True,True,6
empty-anchor-pool,751,False,True,True,True,6
empty-anchor-pool,752,False,True,True,True,5
empty-anchor-pool,753,False,True,True,True,6
empty-anchor-pool,754,False,True,True,True,5
empty-anchor-pool,755,False,True,True,True,6
empty-anchor-pool,756,False,True,True,True,6
empty-anchor-pool,757,False,True,True,True,6
empty-anchor-pool,758,False,True,True,True,6
empty-anchor-pool,759,False,True,True,True,6
empty-anchor-pool,760,False,True,True,True,6
empty-anchor-pool,761,False,True,True,True,5
empty-anchor-pool,762,False,True,True,True,6
empty-anchor-pool,763,False,True,True,True,6
empty-anchor-pool,764,False,True,True,True,5
empty-anchor-pool,765,False,True,True,True,6
empty-anchor-pool,766,False,True,True,True,6
empty-anchor-pool,767,False,True,True,True,6
empty-anchor-pool,768,False,True,True,True,6
empty-anchor-pool,769,False,True,True,True,6
empty-anchor-pool,770,False,True,True,True,6
empty-anchor-pool,771,False,True,True,True,6
empty-anchor-pool,772,False,True,True,True,6
empty-anchor-pool,773,False,True,True,True,6
empty-anchor-pool,774,False,True,True,True,6
empty-anchor-pool,775,False,True,True,True,5
empty-anchor-pool,776,False,True,True,True,6
empty-anchor-pool,777,False,True,True,True,6
empty-anchor-pool,778,False,True,True,True,6
empty-anchor-pool,779,False,True,True,True,6
empty-anchor-pool,780,False,True,True,True,6
empty-anchor-pool,781,False,True,True,True,6
empty-anchor-pool,782,False,True,True,True,6
empty-anchor-pool,783,False,True,True,True,6
empty-anchor-pool,784,False,True,True,True,6
empty-anchor-pool,785,False,True,True,True,5
empty-anchor-pool,786,False,True,True,True,6
empty-anchor-pool,787,False,True,True,True,6
empty-anchor-pool,788,False,True,True,True,6
empty-anchor-pool,789,False,True,True,True,6
empty-anchor-pool,790,False,True,True,True,6
empty-anchor-pool,791,False,True,True,True,4
empty-anchor-pool,792,False,True,True,True,5
empty-anchor-pool,793,False,True,True,True,5
empty-anchor-pool,794,False,True,True,True,6
empty-anchor-pool,795,False,True,True,True,6
empty-anchor-pool,796,False,True,True,True,5
empty-anchor-pool,797,False,True,True,True,6
empty-anchor-pool,798,False,True,True,True,6
empty-anchor-pool,799,False,True,True,True,5
empty-anchor-pool,800,False,True,True,True,5
empty-anchor-pool,801,False,True,True,True,6
empty-anchor-pool,802,False,True,True,True,5
empty-anchor-pool,803,False,True,True,True,7
empty-anchor-pool,804,False,True,True,True,6
empty-anchor-pool,805,False,True,True,True,6
empty-anchor-pool,806,False,True,True,True,6
empty-anchor-pool,807,False,True,True,True,6
empty-anchor-pool,808,False,True,True,True,6
empty-anchor-pool,809,False,True,True,True,6
empty-anchor-pool,810,False,True,True,True,6
empty-anchor-pool,811,False,True,True,True,7
empty-anchor-pool,812,False,True,True,True,6
empty-anchor-pool,813,False,True,True,True,6
empty-anchor-pool,814,False,True,True,True,5
empty-anchor-pool,815,False,True,True,True,6
empty-anchor-pool,816,False,True,True,True,6
empty-anchor-pool,817,False,True,True,True,6
empty-anchor-pool,818,False,True,True,True,5
empty-anchor-pool,819,False,True,True,True,6
empty-anchor-pool,820,False,True,True,True,5
empty-anchor-pool,821,False,True,True,True,6
empty-anchor-pool,822,False,True,True,True,5
empty-anchor-pool,823,False,True,True,True,6
empty-anchor-pool,824,False,True,True,True,6
empty-anchor-pool,825,False,True,True,True,6
empty-anchor-pool,826,False,True,True,True,6
empty-anchor-pool,827,False,True,True,True,6
empty-anchor-pool,828,False,True,True,True,6
empty-anchor-pool,829,False,True,True,True,6
empty-anchor-pool,830,False,True,True,True,6
empty-anchor-pool,831,False,True,True,True,6
empty-anchor-pool,832,False,True,True,True,5
empty-anchor-pool,833,False,True,True,True,5
empty-anchor-pool,834,False,True,True,True,5
empty-anchor-pool,835,False,True,True,True,5
empty-anchor-pool,836,False,True,True,True,6
empty-anchor-pool,837,False,True,True,True,6
empty-anchor-pool,838,False,True,True,True,5
empty-anchor-pool,839,False,True,True,True,6
empty-anchor-pool,840,False,True,True,True,5
empty-anchor-pool,841,False,True,True,True,6
empty-anchor-pool,842,False,True,True,True,6
empty-anchor-pool,843,False,True,True,True,6
empty-anchor-pool,844,False,True,True,True,5
empty-anchor-pool,845,False,True,True,True,6
empty-anchor-pool,846,False,True,True,True,6
empty-anchor-pool,847,False,True,True,True,6
empty-anchor-pool,848,False,True,True,True,6
empty-anchor-pool,849,False,True,True,True,5
empty-anchor-pool,850,False,True,True,True,5
empty-anchor-pool,851,False,True,True,True,6
empty-anchor-pool,852,False,True,True,True,6
empty-anchor-pool,853,False,True,True,True,6
empty-anchor-pool,854,False,True,True,True,6
empty-anchor-pool,855,False,True,True,True,6
empty-anchor-pool,856,False,True,True,True,6
empty-anchor-pool,857,False,True,True,True,6
empty-anchor-pool,858,False,True,True,True,6
empty-anchor-pool,859,False,True,True,True,6
empty-anchor-pool,860,False,True,True,True,6
empty-anchor-pool,861,False,True,True,True,6
empty-anchor-pool,862,False,True,True,True,5
empty-anchor-pool,863,False,True,True,True,6
empty-anchor-pool,864,False,True,True,True,6
empty-anchor-pool,865,False,True,True,True,6
empty-anchor-pool,866,False,True,True,True,6
empty-anchor-pool,867,False,True,True,True,5
empty-anchor-pool,868,False,True,True,True,5
empty-anchor-pool,869,False,True,True,True,6
empty-anchor-pool,870,False,True,True,True,6
empty-anchor-pool,871,False,True,True,True,6
empty-anchor-pool,872,False,True,True,True,6
empty-anchor-pool,873,False,True,True,True,6
empty-anchor-pool,874,False,True,True,True,5
empty-anchor-pool,875,False,True,True,True,5
empty-anchor-pool,876,False,True,True,True,6
empty-anchor-pool,877,False,True,True,True,5
empty-anchor-pool,878,False,True,True,True,5
empty-anchor-pool,879,False,True,True,True,6
empty-anchor-pool,880,False,True,True,True,6
empty-anchor-pool,881,False,True,True,True,6
empty-anchor-pool,882,False,True,True,True,6
empty-anchor-pool,883,False,True,True,True,5
empty-anchor-pool,884,False,True,True,True,6
empty-anchor-pool,885,False,True,True,True,6
empty-anchor-pool,886,False,True,True,True,6
empty-anchor-pool,887,False,True,True,True,6
empty-anchor-pool,888,False,True,True,True,6
empty-anchor-pool,889,False,True,True,True,5
empty-anchor-pool,890,False,True,True,True,6
empty-anchor-pool,891,False,True,True,True,5
empty-anchor-pool,892,False,True,True,True,6
empty-anchor-pool,893,False,True,True,True,6
empty-anchor-pool,894,False,True,True,True,6
empty-anchor-pool,895,False,True,True,True,5
empty-anchor-pool,896,False,True,True,True,6
empty-anchor-pool,897,False,True,True,True,6
empty-anchor-pool,898,False,True,True,True,5
empty-anchor-pool,899,False,True,True,True,7
empty-anchor-pool,900,False,True,True,True,6
empty-anchor-pool,901,False,True,True,True,6
empty-anchor-pool,902,False,True,True,True,5
empty-anchor-pool,903,False,True,True,True,6
empty-anchor-pool,904,False,True,True,True,5
empty-anchor-pool,905,False,True,True,True,5
empty-anchor-pool,906,False,True,True,True,6
empty-anchor-pool,907,False,True,True,True,6
empty-anchor-pool,908,False,True,True,True,7
empty-anchor-pool,909,False,True,True,True,6
empty-anchor-pool,910,False,True,True,True,6
empty-anchor-pool,911,False,True,True,True,6
empty-anchor-pool,912,False,True,True,True,6
empty-anchor-pool,913,False,True,True,True,5
empty-anchor-pool,914,False,True,True,True,6
empty-anchor-pool,915,False,True,True,True,6
empty-anchor-pool,916,False,True,True,True,6
empty-anchor-pool,917,False,True,True,True,6
empty-anchor-pool,918,False,True,True,True,5
empty-anchor-pool,919,False,True,True,True,6
empty-anchor-pool,920,False,True,True,True,6
empty-anchor-pool,921,False,True,True,True,6
empty-anchor-pool,922,False,True,True,True,6
empty-anchor-pool,923,False,True,True,True,6
empty-anchor-pool,924,False,True,True,True,6
empty-anchor-pool,925,False,True,True,True,6
empty-anchor-pool,926,False,True,True,True,6
empty-anchor-pool,927,False,True,True,True,6
empty-anchor-pool,928,False,True,True,True,5
empty-anchor-pool,929,False,True,True,True,5
empty-anchor-pool,930,False,True,True,True,6
empty-anchor-pool,931,False,True,True,True,6
empty-anchor-pool,932,False,True,True,True,6
empty-anchor-pool,933,False,True,True,True,5
empty-anchor-pool,934,False,True,True,True,5
empty-anchor-pool,935,False,True,True,True,6
empty-anchor-pool,936,False,True,True,True,6
empty-anchor-pool,937,False,True,True,True,6
empty-anchor-pool,938,False,True,True,True,6
empty-anchor-pool,939,False,True,True,True,5
empty-anchor-pool,940,False,True,True,True,6
empty-anchor-pool,941,False,True,True,True,6
empty-anchor-pool,942,False,True,True,True,6
empty-anchor-pool,943,False,True,True,True,6
empty-anchor-pool,944,False,True,True,True,5
empty-anchor-pool,945,False,True,True,True,6
empty-anchor-pool,946,False,True,True,True,5
empty-anchor-pool,947,False,True,True,True,5
empty-anchor-pool,948,False,True,True,True,6
empty-anchor-pool,949,False,True,True,True,6
empty-anchor-pool,950,False,True,True,True,5
empty-anchor-pool,951,False,True,True,True,6
empty-anchor-pool,952,False,True,True,True,6
empty-anchor-pool,953,False,True,True,True,6
empty-anchor-pool,954,False,True,True,True,6
empty-anchor-pool,955,False,True,True,True,5
empty-anchor-pool,956,False,True,True,True,6
empty-anchor-pool,957,False,True,True,True,6
empty-anchor-pool,958,False,True,True,True,6
empty-anchor-pool,959,False,True,True,True,6
empty-anchor-pool,960,False,True,True,True,5
empty-anchor-pool,961,False,True,True,True,6
empty-anchor-pool,962,False,True,True,True,5
empty-anchor-pool,963,False,True,True,True,5
empty-anchor-pool,964,False,True,True,True,6
empty-anchor-pool,965,False,True,True,True,6
empty-anchor-pool,966,False,True,True,True,6
empty-anchor-pool,967,False,True,True,True,5
empty-anchor-pool,968,False,True,True,True,6
empty-anchor-pool,969,False,True,True,True,5
empty-anchor-pool,970,False,True,True,True,6
empty-anchor-pool,971,False,True,True,True,6
empty-anchor-pool,972,False,True,True,True,6
empty-anchor-pool,973,False,True,True,True,5
empty-anchor-pool,974,False,True,True,True,6
empty-anchor-pool,975,False,True,True,True,5
empty-anchor-pool,976,False,True,True,True,6
empty-anchor-pool,977,False,True,True,True,6
empty-anchor-pool,978,False,True,True,True,6
empty-anchor-pool,979,False,True,True,True,6
empty-anchor-pool,980,False,True,True,True,6
empty-anchor-pool,981,False,True,True,True,7
empty-anchor-pool,982,False,True,True,True,6
empty-anchor-pool,983,False,True,True,True,5
empty-anchor-pool,984,False,True,True,True,6
empty-anchor-pool,985,False,True,True,True,6
empty-anchor-pool,986,False,True,True,True,6
empty-anchor-pool,987,False,True,True,True,6
empty-anchor-pool,988,False,True,True,True,6
empty-anchor-pool,989,False,True,True,True,6
empty-anchor-pool,990,False,True,True,True,6
empty-anchor-pool,991,False,True,True,True,6
empty-anchor-pool,992,False,True,True,True,6
empty-anchor-pool,993,False,True,True,True,6
empty-anchor-pool,994,False,True,True,True,6
empty-anchor-pool,995,False,True,True,True,6
empty-anchor-pool,996,False,True,True,True,5
empty-anchor-pool,997,False,True,True,True,6
empty-anchor-pool,998,False,True,True,True,5
empty-anchor-pool,999,False,True,True,True,6
