scene,target_workers,seed,task_id,epsilon,max_iterations,fixed_point_gap,iterations,converged,cap_hit,reference_iterations,reference_converged
Climate,27,20260808,21,0.001,2,2.370661956717795e-05,1,True,False,16,True
Climate,27,20260808,21,0.001,5,2.370661956717795e-05,1,True,False,16,True
Climate,27,20260808,21,0.001,50,2.370661956717795e-05,1,True,False,16,True
Climate,27,20260808,21,1e-05,2,4.103415976505913e-06,2,False,True,16,True
Climate,27,20260808,21,1e-05,5,7.284584946935688e-07,3,True,False,16,True
Climate,27,20260808,21,1e-05,50,7.284584946935688e-07,3,True,False,16,True
Climate,27,20260808,21,1e-12,2,4.103415976505913e-06,2,False,True,16,True
Climate,27,20260808,21,1e-12,5,3.447991494037999e-08,5,False,True,16,True
Climate,27,20260808,21,1e-12,50,0.0,16,True,False,16,True
Climate,27,20260808,22,0.001,2,3.2962555129581633e-06,2,True,False,8,True
Climate,27,20260808,22,0.001,5,3.2962555129581633e-06,2,True,False,8,True
Climate,27,20260808,22,0.001,50,3.2962555129581633e-06,2,True,False,8,True
Climate,27,20260808,22,1e-05,2,3.2962555129581633e-06,2,False,True,8,True
Climate,27,20260808,22,1e-05,5,8.576127581076296e-08,3,True,False,8,True
Climate,27,20260808,22,1e-05,50,8.576127581076296e-08,3,True,False,8,True
Climate,27,20260808,22,1e-12,2,3.2962555129581633e-06,2,False,True,8,True
Climate,27,20260808,22,1e-12,5,1.025853061214614e-10,5,False,True,8,True
Climate,27,20260808,22,1e-12,50,0.0,8,True,False,8,True
Climate,27,20260808,23,0.001,2,1.2555374409342992e-05,1,True,False,18,True
Climate,27,20260808,23,0.001,5,1.2555374409342992e-05,1,True,False,18,True
Climate,27,20260808,23,0.001,50,1.2555374409342992e-05,1,True,False,18,True
Climate,27,20260808,23,1e-05,2,2.7633986459096216e-06,2,False,True,18,True
Climate,27,20260808,23,1e-05,5,8.530379003431064e-07,3,True,False,18,True
Climate,27,20260808,23,1e-05,50,8.530379003431064e-07,3,True,False,18,True
Climate,27,20260808,23,1e-12,2,2.7633986459096216e-06,2,False,True,18,True
Climate,27,20260808,23,1e-12,5,1.1208183307486716e-07,5,False,True,18,True
Climate,27,20260808,23,1e-12,50,0.0,18,True,False,18,True
Climate,27,20260808,24,0.001,2,4.244295835882663e-05,1,True,False,26,True
Climate,27,20260808,24,0.001,5,4.244295835882663e-05,1,True,False,26,True
Climate,27,20260808,24,0.001,50,4.244295835882663e-05,1,True,False,26,True
Climate,27,20260808,24,1e-05,2,1.634198662616169e-05,2,False,True,26,True
Climate,27,20260808,24,1e-05,5,7.688473833908372e-06,3,True,False,26,True
Climate,27,20260808,24,1e-05,50,7.688473833908372e-06,3,True,False,26,True
Climate,27,20260808,24,1e-12,2,1.634198662616169e-05,2,False,True,26,True
Climate,27,20260808,24,1e-12,5,1.8642611533149227e-06,5,False,True,26,True
Climate,27,20260808,24,1e-12,50,0.0,26,True,False,26,True
Climate,27,20260808,25,0.001,2,2.846001539875377e-06,2,True,False,11,True
Climate,27,20260808,25,0.001,5,2.846001539875377e-06,2,True,False,11,True
Climate,27,20260808,25,0.001,50,2.846001539875377e-06,2,True,False,11,True
Climate,27,20260808,25,1e-05,2,2.846001539875377e-06,2,False,True,11,True
Climate,27,20260808,25,1e-05,5,3.844999695838775e-07,3,True,False,11,True
Climate,27,20260808,25,1e-05,50,3.844999695838775e-07,3,True,False,11,True
Climate,27,20260808,25,1e-12,2,2.846001539875377e-06,2,False,True,11,True
Climate,27,20260808,25,1e-12,5,7.230439213399217e-09,5,False,True,11,True
Climate,27,20260808,25,1e-12,50,0.0,11,True,False,11,True
Climate,27,20260808,26,0.001,2,0.00019208916890071465,1,True,False,19,True
Climate,27,20260808,26,0.001,5,0.00019208916890071465,1,True,False,19,True
Climate,27,20260808,26,0.001,50,0.00019208916890071465,1,True,False,19,True
Climate,27,20260808,26,1e-05,2,6.235125850099613e-05,2,False,True,19,True
Climate,27,20260808,26,1e-05,5,1.900294934904067e-06,5,True,False,19,True
Climate,27,20260808,26,1e-05,50,1.900294934904067e-06,5,True,False,19,True
Climate,27,20260808,26,1e-12,2,6.235125850099613e-05,2,False,True,19,True
Climate,27,20260808,26,1e-12,5,1.900294934904067e-06,5,False,True,19,True
Climate,27,20260808,26,1e-12,50,0.0,19,True,False,19,True
Climate,27,20260808,27,0.001,2,4.5000543784868056e-05,1,True,False,19,True
Climate,27,20260808,27,0.001,5,4.5000543784868056e-05,1,True,False,19,True
Climate,27,20260808,27,0.001,50,4.5000543784868056e-05,1,True,False,19,True
Climate,27,20260808,27,1e-05,2,1.575603273891025e-05,2,False,True,19,True
Climate,27,20260808,27,1e-05,5,2.003718437212295e-06,4,True,False,19,True
Climate,27,20260808,27,1e-05,50,2.003718437212295e-06,4,True,False,19,True
Climate,27,20260808,27,1e-12,2,1.575603273891025e-05,2,False,True,19,True
Climate,27,20260808,27,1e-12,5,7.181860766216817e-07,5,False,True,19,True
Climate,27,20260808,27,1e-12,50,0.0,19,True,False,19,True
Climate,27,20260808,28,0.001,2,5.520900332286513e-05,1,True,False,18,True
Climate,27,20260808,28,0.001,5,5.520900332286513e-05,1,True,False,18,True
Climate,27,20260808,28,0.001,50,5.520900332286513e-05,1,True,False,18,True
Climate,27,20260808,28,1e-05,2,1.7987940080681684e-05,2,False,True,18,True
Climate,27,20260808,28,1e-05,5,1.9240106993153966e-06,4,True,False,18,True
Climate,27,20260808,28,1e-05,50,1.9240106993153966e-06,4,True,False,18,True
Climate,27,20260808,28,1e-12,2,1.7987940080681684e-05,2,False,True,18,True
Climate,27,20260808,28,1e-12,5,6.306807293135176e-07,5,False,True,18,True
Climate,27,20260808,28,1e-12,50,0.0,18,True,False,18,True
Climate,27,20260808,29,0.001,2,2.2267780163126513e-05,1,True,False,16,True
Climate,27,20260808,29,0.001,5,2.2267780163126513e-05,1,True,False,16,True
Climate,27,20260808,29,0.001,50,2.2267780163126513e-05,1,True,False,16,True
Climate,27,20260808,29,1e-05,2,5.8155685208646606e-06,2,False,True,16,True
Climate,27,20260808,29,1e-05,5,1.5422175422064047e-06,3,True,False,16,True
Climate,27,20260808,29,1e-05,50,1.5422175422064047e-06,3,True,False,16,True
Climate,27,20260808,29,1e-12,2,5.8155685208646606e-06,2,False,True,16,True
Climate,27,20260808,29,1e-12,5,1.1580908660654515e-07,5,False,True,16,True
Climate,27,20260808,29,1e-12,50,0.0,16,True,False,16,True
Climate,27,20260808,30,0.001,2,0.0001066617919722112,1,True,False,18,True
Climate,27,20260808,30,0.001,5,0.0001066617919722112,1,True,False,18,True
Climate,27,20260808,30,0.001,50,0.0001066617919722112,1,True,False,18,True
Climate,27,20260808,30,1e-05,2,3.179534592693475e-05,2,False,True,18,True
Climate,27,20260808,30,1e-05,5,2.9973402455928624e-06,4,True,False,18,True
Climate,27,20260808,30,1e-05,50,2.9973402455928624e-06,4,True,False,18,True
Climate,27,20260808,30,1e-12,2,3.179534592693475e-05,2,False,True,18,True
Climate,27,20260808,30,1e-12,5,9.30547203380643e-07,5,False,True,18,True
Climate,27,20260808,30,1e-12,50,0.0,18,True,False,18,True
Climate,27,20260808,31,0.001,2,3.9460039591003935e-05,1,True,False,16,True
Climate,27,20260808,31,0.001,5,3.9460039591003935e-05,1,True,False,16,True
Climate,27,20260808,31,0.001,50,3.9460039591003935e-05,1,True,False,16,True
Climate,27,20260808,31,1e-05,2,1.14050179666863e-05,2,False,True,16,True
Climate,27,20260808,31,1e-05,5,3.2979306014047477e-06,3,True,False,16,True
Climate,27,20260808,31,1e-05,50,3.2979306014047477e-06,3,True,False,16,True
Climate,27,20260808,31,1e-12,2,1.14050179666863e-05,2,False,True,16,True
Climate,27,20260808,31,1e-12,5,2.7584709373147517e-07,5,False,True,16,True
Climate,27,20260808,31,1e-12,50,0.0,16,True,False,16,True
Climate,27,20260808,32,0.001,2,3.177536302871451e-05,1,True,False,18,True
Climate,27,20260808,32,0.001,5,3.177536302871451e-05,1,True,False,18,True
Climate,27,20260808,32,0.001,50,3.177536302871451e-05,1,True,False,18,True
Climate,27,20260808,32,1e-05,2,1.0664573391363673e-05,2,False,True,18,True
Climate,27,20260808,32,1e-05,5,3.643752469974879e-06,3,True,False,18,True
Climate,27,20260808,32,1e-05,50,3.643752469974879e-06,3,True,False,18,True
Climate,27,20260808,32,1e-12,2,1.0664573391363673e-05,2,False,True,18,True
Climate,27,20260808,32,1e-12,5,4.2817426413035637e-07,5,False,True,18,True
Climate,27,20260808,32,1e-12,50,0.0,18,True,False,18,True
Climate,27,20260808,33,0.001,2,9.771361140792046e-05,1,True,False,18,True
Climate,27,20260808,33,0.001,5,9.771361140792046e-05,1,True,False,18,True
Climate,27,20260808,33,0.001,50,9.771361140792046e-05,1,True,False,18,True
Climate,27,20260808,33,1e-05,2,2.9067602027018604e-05,2,False,True,18,True
Climate,27,20260808,33,1e-05,5,2.777675508635443e-06,4,True,False,18,True
Climate,27,20260808,33,1e-05,50,2.777675508635443e-06,4,True,False,18,True
Climate,27,20260808,33,1e-12,2,2.9067602027018604e-05,2,False,True,18,True
Climate,27,20260808,33,1e-12,5,8.715286754109367e-07,5,False,True,18,True
Climate,27,20260808,33,1e-12,50,0.0,18,True,False,18,True
Climate,27,20260808,34,0.001,2,3.5796174231832943e-06,2,True,False,8,True
Climate,27,20260808,34,0.001,5,3.5796174231832943e-06,2,True,False,8,True
Climate,27,20260808,34,0.001,50,3.5796174231832943e-06,2,True,False,8,True
Climate,27,20260808,34,1e-05,2,3.5796174231832943e-06,2,False,True,8,True
Climate,27,20260808,34,1e-05,5,1.1176058952697457e-07,3,True,False,8,True
Climate,27,20260808,34,1e-05,50,1.1176058952697457e-07,3,True,False,8,True
Climate,27,20260808,34,1e-12,2,3.5796174231832943e-06,2,False,True,8,True
Climate,27,20260808,34,1e-12,5,1.4050025183435e-10,5,False,True,8,True
Climate,27,20260808,34,1e-12,50,0.0,8,True,False,8,True
Climate,27,20260808,35,0.001,2,0.0001311901518769546,1,True,False,22,True
Climate,27,20260808,35,0.001,5,0.0001311901518769546,1,True,False,22,True
Climate,27,20260808,35,0.001,50,0.0001311901518769546,1,True,False,22,True
Climate,27,20260808,35,1e-05,2,4.5632304155169434e-05,2,False,True,22,True
Climate,27,20260808,35,1e-05,5,2.8440149795990044e-06,5,True,False,22,True
Climate,27,20260808,35,1e-05,50,2.8440149795990044e-06,5,True,False,22,True
Climate,27,20260808,35,1e-12,2,4.5632304155169434e-05,2,False,True,22,True
Climate,27,20260808,35,1e-12,5,2.8440149795990044e-06,5,False,True,22,True
Climate,27,20260808,35,1e-12,50,0.0,22,True,False,22,True
Climate,27,20260808,36,0.001,2,4.336968745084231e-06,2,True,False,11,True
Climate,27,20260808,36,0.001,5,4.336968745084231e-06,2,True,False,11,True
Climate,27,20260808,36,0.001,50,4.336968745084231e-06,2,True,False,11,True
Climate,27,20260808,36,1e-05,2,4.336968745084231e-06,2,False,True,11,True
Climate,27,20260808,36,1e-05,5,5.063855688247836e-07,3,True,False,11,True
Climate,27,20260808,36,1e-05,50,5.063855688247836e-07,3,True,False,11,True
Climate,27,20260808,36,1e-12,2,4.336968745084231e-06,2,False,True,11,True
Climate,27,20260808,36,1e-12,5,7.120380909824886e-09,5,False,True,11,True
Climate,27,20260808,36,1e-12,50,0.0,11,True,False,11,True
Climate,27,20260808,37,0.001,2,4.0584918900880676e-05,1,True,False,16,True
Climate,27,20260808,37,0.001,5,4.0584918900880676e-05,1,True,False,16,True
Climate,27,20260808,37,0.001,50,4.0584918900880676e-05,1,True,False,16,True
Climate,27,20260808,37,1e-05,2,1.1504423707603063e-05,2,False,True,16,True
Climate,27,20260808,37,1e-05,5,3.2794972085003383e-06,3,True,False,16,True
Climate,27,20260808,37,1e-05,50,3.2794972085003383e-06,3,True,False,16,True
Climate,27,20260808,37,1e-12,2,1.1504423707603063e-05,2,False,True,16,True
Climate,27,20260808,37,1e-12,5,2.697583284897423e-07,5,False,True,16,True
Climate,27,20260808,37,1e-12,50,0.0,16,True,False,16,True
Climate,27,20260808,38,0.001,2,0.00010963330426838346,1,True,False,25,True
Climate,27,20260808,38,0.001,5,0.00010963330426838346,1,True,False,25,True
Climate,27,20260808,38,0.001,50,0.00010963330426838346,1,True,False,25,True
Climate,27,20260808,38,1e-05,2,5.055175505685232e-05,2,False,True,25,True
Climate,27,20260808,38,1e-05,5,4.898133833640625e-06,5,True,False,25,True
Climate,27,20260808,38,1e-05,50,4.898133833640625e-06,5,True,False,25,True
Climate,27,20260808,38,1e-12,2,5.055175505685232e-05,2,False,True,25,True
Climate,27,20260808,38,1e-12,5,4.898133833640625e-06,5,False,True,25,True
Climate,27,20260808,38,1e-12,50,0.0,25,True,False,25,True
Climate,27,20260808,39,0.001,2,1.2590985321419448e-05,1,True,False,19,True
Climate,27,20260808,39,0.001,5,1.2590985321419448e-05,1,True,False,19,True
Climate,27,20260808,39,0.001,50,1.2590985321419448e-05,1,True,False,19,True
Climate,27,20260808,39,1e-05,2,4.3677060143272865e-06,2,True,False,19,True
Climate,27,20260808,39,1e-05,5,4.3677060143272865e-06,2,True,False,19,True
Climate,27,20260808,39,1e-05,50,4.3677060143272865e-06,2,True,False,19,True
Climate,27,20260808,39,1e-12,2,4.3677060143272865e-06,2,False,True,19,True
Climate,27,20260808,39,1e-12,5,2.6191174515048316e-07,5,False,True,19,True
Climate,27,20260808,39,1e-12,50,0.0,19,True,False,19,True
Climate,27,20260808,40,0.001,2,1.3793976978474995e-06,2,True,False,7,True
Climate,27,20260808,40,0.001,5,1.3793976978474995e-06,2,True,False,7,True
Climate,27,20260808,40,0.001,50,1.3793976978474995e-06,2,True,False,7,True
Climate,27,20260808,40,1e-05,2,1.3793976978474995e-06,2,False,True,7,True
Climate,27,20260808,40,1e-05,5,3.052486293640236e-08,3,True,False,7,True
Climate,27,20260808,40,1e-05,50,3.052486293640236e-08,3,True,False,7,True
Climate,27,20260808,40,1e-12,2,1.3793976978474995e-06,2,False,True,7,True
Climate,27,20260808,40,1e-12,5,1.731749811924516e-11,5,False,True,7,True
Climate,27,20260808,40,1e-12,50,0.0,7,True,False,7,True
Climate,27,20260808,41,0.001,2,0.00012061313190426932,1,True,False,18,True
Climate,27,20260808,41,0.001,5,0.00012061313190426932,1,True,False,18,True
Climate,27,20260808,41,0.001,50,0.00012061313190426932,1,True,False,18,True
Climate,27,20260808,41,1e-05,2,3.7305522300979155e-05,2,False,True,18,True
Climate,27,20260808,41,1e-05,5,3.5098150613174317e-06,4,True,False,18,True
Climate,27,20260808,41,1e-05,50,3.5098150613174317e-06,4,True,False,18,True
Climate,27,20260808,41,1e-12,2,3.7305522300979155e-05,2,False,True,18,True
Climate,27,20260808,41,1e-12,5,1.0745301348506471e-06,5,False,True,18,True
Climate,27,20260808,41,1e-12,50,0.0,18,True,False,18,True
Climate,27,20260808,42,0.001,2,3.48272888785118e-05,1,True,False,18,True
Climate,27,20260808,42,0.001,5,3.48272888785118e-05,1,True,False,18,True
Climate,27,20260808,42,0.001,50,3.48272888785118e-05,1,True,False,18,True
Climate,27,20260808,42,1e-05,2,8.986355472818627e-06,2,False,True,18,True
Climate,27,20260808,42,1e-05,5,2.8435871939918516e-06,3,True,False,18,True
Climate,27,20260808,42,1e-05,50,2.8435871939918516e-06,3,True,False,18,True
Climate,27,20260808,42,1e-12,2,8.986355472818627e-06,2,False,True,18,True
Climate,27,20260808,42,1e-12,5,3.086643901366353e-07,5,False,True,18,True
Climate,27,20260808,42,1e-12,50,0.0,18,True,False,18,True
Climate,27,20260808,43,0.001,2,5.527950760835786e-06,2,True,False,8,True
Climate,27,20260808,43,0.001,5,5.527950760835786e-06,2,True,False,8,True
Climate,27,20260808,43,0.001,50,5.527950760835786e-06,2,True,False,8,True
Climate,27,20260808,43,1e-05,2,5.527950760835786e-06,2,False,True,8,True
Climate,27,20260808,43,1e-05,5,1.9629929641738315e-07,3,True,False,8,True
Climate,27,20260808,43,1e-05,50,1.9629929641738315e-07,3,True,False,8,True
Climate,27,20260808,43,1e-12,2,5.527950760835786e-06,2,False,True,8,True
Climate,27,20260808,43,1e-12,5,2.569912480511317e-10,5,False,True,8,True
Climate,27,20260808,43,1e-12,50,0.0,8,True,False,8,True
Climate,27,20260808,44,0.001,2,6.220931863708751e-05,1,True,False,18,True
Climate,27,20260808,44,0.001,5,6.220931863708751e-05,1,True,False,18,True
Climate,27,20260808,44,0.001,50,6.220931863708751e-05,1,True,False,18,True
Climate,27,20260808,44,1e-05,2,1.988264028121674e-05,2,False,True,18,True
Climate,27,20260808,44,1e-05,5,2.09480589978062e-06,4,True,False,18,True
Climate,27,20260808,44,1e-05,50,2.09480589978062e-06,4,True,False,18,True
Climate,27,20260808,44,1e-12,2,1.988264028121674e-05,2,False,True,18,True
Climate,27,20260808,44,1e-12,5,6.860261881445308e-07,5,False,True,18,True
Climate,27,20260808,44,1e-12,50,0.0,18,True,False,18,True
Climate,27,20260808,45,0.001,2,7.04678518285983e-05,1,True,False,17,True
Climate,27,20260808,45,0.001,5,7.04678518285983e-05,1,True,False,17,True
Climate,27,20260808,45,0.001,50,7.04678518285983e-05,1,True,False,17,True
Climate,27,20260808,45,1e-05,2,2.0387360434486737e-05,2,False,True,17,True
Climate,27,20260808,45,1e-05,5,1.762789384014651e-06,4,True,False,17,True
Climate,27,20260808,45,1e-05,50,1.762789384014651e-06,4,True,False,17,True
Climate,27,20260808,45,1e-12,2,2.0387360434486737e-05,2,False,True,17,True
Climate,27,20260808,45,1e-12,5,5.217418004169748e-07,5,False,True,17,True
Climate,27,20260808,45,1e-12,50,0.0,17,True,False,17,True
Climate,27,20260808,46,0.001,2,3.8166761763340775e-05,1,True,False,15,True
Climate,27,20260808,46,0.001,5,3.8166761763340775e-05,1,True,False,15,True
Climate,27,20260808,46,0.001,50,3.8166761763340775e-05,1,True,False,15,True
Climate,27,20260808,46,1e-05,2,9.875416739479586e-06,2,False,True,15,True
Climate,27,20260808,46,1e-05,5,2.5569940867455565e-06,3,True,False,15,True
Climate,27,20260808,46,1e-05,50,2.5569940867455565e-06,3,True,False,15,True
Climate,27,20260808,46,1e-12,2,9.875416739479586e-06,2,False,True,15,True
Climate,27,20260808,46,1e-12,5,1.7137240052818402e-07,5,False,True,15,True
Climate,27,20260808,46,1e-12,50,0.0,15,True,False,15,True
Climate,27,20260808,47,0.001,2,5.750652688137289e-05,1,True,False,16,True
Climate,27,20260808,47,0.001,5,5.750652688137289e-05,1,True,False,16,True
Climate,27,20260808,47,0.001,50,5.750652688137289e-05,1,True,False,16,True
Climate,27,20260808,47,1e-05,2,1.5729905775998647e-05,2,False,True,16,True
Climate,27,20260808,47,1e-05,5,1.1920921750775629e-06,4,True,False,16,True
Climate,27,20260808,47,1e-05,50,1.1920921750775629e-06,4,True,False,16,True
Climate,27,20260808,47,1e-12,2,1.5729905775998647e-05,2,False,True,16,True
Climate,27,20260808,47,1e-12,5,3.283134581703871e-07,5,False,True,16,True
Climate,27,20260808,47,1e-12,50,0.0,16,True,False,16,True
Climate,27,20260808,48,0.001,2,7.196758324972086e-05,1,True,False,18,True
Climate,27,20260808,48,0.001,5,7.196758324972086e-05,1,True,False,18,True
Climate,27,20260808,48,0.001,50,7.196758324972086e-05,1,True,False,18,True
Climate,27,20260808,48,1e-05,2,1.89432119778082e-05,2,False,True,18,True
Climate,27,20260808,48,1e-05,5,1.7013757458519378e-06,4,True,False,18,True
Climate,27,20260808,48,1e-05,50,1.7013757458519378e-06,4,True,False,18,True
Climate,27,20260808,48,1e-12,2,1.89432119778082e-05,2,False,True,18,True
Climate,27,20260808,48,1e-12,5,5.35339395522273e-07,5,False,True,18,True
Climate,27,20260808,48,1e-12,50,0.0,18,True,False,18,True
Climate,27,20260808,49,0.001,2,0.00010414125596645309,1,True,False,20,True
Climate,27,20260808,49,0.001,5,0.00010414125596645309,1,True,False,20,True
Climate,27,20260808,49,0.001,50,0.00010414125596645309,1,True,False,20,True
Climate,27,20260808,49,1e-05,2,3.7616288206555525e-05,2,False,True,20,True
Climate,27,20260808,49,1e-05,5,4.84676692435565e-06,4,True,False,20,True
Climate,27,20260808,49,1e-05,50,4.84676692435565e-06,4,True,False,20,True
Climate,27,20260808,49,1e-12,2,3.7616288206555525e-05,2,False,True,20,True
Climate,27,20260808,49,1e-12,5,1.7407229127768563e-06,5,False,True,20,True
Climate,27,20260808,49,1e-12,50,0.0,20,True,False,20,True
Climate,27,20260808,50,0.001,2,9.36027295384159e-05,1,True,False,22,True
Climate,27,20260808,50,0.001,5,9.36027295384159e-05,1,True,False,22,True
Climate,27,20260808,50,0.001,50,9.36027295384159e-05,1,True,False,22,True
Climate,27,20260808,50,1e-05,2,3.654761179632558e-05,2,False,True,22,True
Climate,27,20260808,50,1e-05,5,5.635799244824677e-06,4,True,False,22,True
Climate,27,20260808,50,1e-05,50,5.635799244824677e-06,4,True,False,22,True
Climate,27,20260808,50,1e-12,2,3.654761179632558e-05,2,False,True,22,True
Climate,27,20260808,50,1e-12,5,2.2131181302961493e-06,5,False,True,22,True
Climate,27,20260808,50,1e-12,50,0.0,22,True,False,22,True
Climate,27,20260808,51,0.001,2,0.00024502370732968124,1,True,False,20,True
Climate,27,20260808,51,0.001,5,0.00024502370732968124,1,True,False,20,True
Climate,27,20260808,51,0.001,50,0.00024502370732968124,1,True,False,20,True
Climate,27,20260808,51,1e-05,2,8.577361388284093e-05,2,False,True,20,True
Climate,27,20260808,51,1e-05,5,3.4553504884390315e-06,5,True,False,20,True
Climate,27,20260808,51,1e-05,50,3.4553504884390315e-06,5,True,False,20,True
Climate,27,20260808,51,1e-12,2,8.577361388284093e-05,2,False,True,20,True
Climate,27,20260808,51,1e-12,5,3.4553504884390315e-06,5,False,True,20,True
Climate,27,20260808,51,1e-12,50,0.0,20,True,False,20,True
Climate,27,20260808,52,0.001,2,6.933387660455447e-05,1,True,False,19,True
Climate,27,20260808,52,0.001,5,6.933387660455447e-05,1,True,False,19,True
Climate,27,20260808,52,0.001,50,6.933387660455447e-05,1,True,False,19,True
Climate,27,20260808,52,1e-05,2,2.0999773833741975e-05,2,False,True,19,True
Climate,27,20260808,52,1e-05,5,2.370805922229048e-06,4,True,False,19,True
Climate,27,20260808,52,1e-05,50,2.370805922229048e-06,4,True,False,19,True
Climate,27,20260808,52,1e-12,2,2.0999773833741975e-05,2,False,True,19,True
Climate,27,20260808,52,1e-12,5,8.368204359584118e-07,5,False,True,19,True
Climate,27,20260808,52,1e-12,50,0.0,19,True,False,19,True
Climate,27,20260808,53,0.001,2,0.00011811064892035753,1,True,False,17,True
Climate,27,20260808,53,0.001,5,0.00011811064892035753,1,True,False,17,True
Climate,27,20260808,53,0.001,50,0.00011811064892035753,1,True,False,17,True
Climate,27,20260808,53,1e-05,2,2.45770512187087e-05,2,False,True,17,True
Climate,27,20260808,53,1e-05,5,1.6626908092845054e-06,4,True,False,17,True
Climate,27,20260808,53,1e-05,50,1.6626908092845054e-06,4,True,False,17,True
Climate,27,20260808,53,1e-12,2,2.45770512187087e-05,2,False,True,17,True
Climate,27,20260808,53,1e-12,5,4.7475310329290994e-07,5,False,True,17,True
Climate,27,20260808,53,1e-12,50,0.0,17,True,False,17,True
Climate,27,20260808,54,0.001,2,0.00011019826178438478,1,True,False,14,True
Climate,27,20260808,54,0.001,5,0.00011019826178438478,1,True,False,14,True
Climate,27,20260808,54,0.001,50,0.00011019826178438478,1,True,False,14,True
Climate,27,20260808,54,1e-05,2,1.9299679969067505e-05,2,False,True,14,True
Climate,27,20260808,54,1e-05,5,7.193714423635523e-07,4,True,False,14,True
Climate,27,20260808,54,1e-05,50,7.193714423635523e-07,4,True,False,14,True
Climate,27,20260808,54,1e-12,2,1.9299679969067505e-05,2,False,True,14,True
Climate,27,20260808,54,1e-12,5,1.48113980812816e-07,5,False,True,14,True
Climate,27,20260808,54,1e-12,50,0.0,14,True,False,14,True
Climate,27,20260808,55,0.001,2,4.758963380871167e-05,1,True,False,21,True
Climate,27,20260808,55,0.001,5,4.758963380871167e-05,1,True,False,21,True
Climate,27,20260808,55,0.001,50,4.758963380871167e-05,1,True,False,21,True
Climate,27,20260808,55,1e-05,2,1.899412126182476e-05,2,False,True,21,True
Climate,27,20260808,55,1e-05,5,3.0544115501406415e-06,4,True,False,21,True
Climate,27,20260808,55,1e-05,50,3.0544115501406415e-06,4,True,False,21,True
Climate,27,20260808,55,1e-12,2,1.899412126182476e-05,2,False,True,21,True
Climate,27,20260808,55,1e-12,5,1.2254914305726203e-06,5,False,True,21,True
Climate,27,20260808,55,1e-12,50,0.0,21,True,False,21,True
Climate,27,20260808,56,0.001,2,0.0001062332158335197,1,True,False,17,True
Climate,27,20260808,56,0.001,5,0.0001062332158335197,1,True,False,17,True
Climate,27,20260808,56,0.001,50,0.0001062332158335197,1,True,False,17,True
Climate,27,20260808,56,1e-05,2,2.676219117923872e-05,2,False,True,17,True
Climate,27,20260808,56,1e-05,5,1.9025808280250374e-06,4,True,False,17,True
Climate,27,20260808,56,1e-05,50,1.9025808280250374e-06,4,True,False,17,True
Climate,27,20260808,56,1e-12,2,2.676219117923872e-05,2,False,True,17,True
Climate,27,20260808,56,1e-12,5,5.380693371575958e-07,5,False,True,17,True
Climate,27,20260808,56,1e-12,50,0.0,17,True,False,17,True
Climate,27,20260808,57,0.001,2,4.284001552304942e-05,1,True,False,15,True
Climate,27,20260808,57,0.001,5,4.284001552304942e-05,1,True,False,15,True
Climate,27,20260808,57,0.001,50,4.284001552304942e-05,1,True,False,15,True
Climate,27,20260808,57,1e-05,2,1.0394224741819077e-05,2,False,True,15,True
Climate,27,20260808,57,1e-05,5,2.5105979222501064e-06,3,True,False,15,True
Climate,27,20260808,57,1e-05,50,2.5105979222501064e-06,3,True,False,15,True
Climate,27,20260808,57,1e-12,2,1.0394224741819077e-05,2,False,True,15,True
Climate,27,20260808,57,1e-12,5,1.4608271512093465e-07,5,False,True,15,True
Climate,27,20260808,57,1e-12,50,0.0,15,True,False,15,True
Climate,27,20260808,58,0.001,2,3.6413078714350784e-05,1,True,False,18,True
Climate,27,20260808,58,0.001,5,3.6413078714350784e-05,1,True,False,18,True
Climate,27,20260808,58,0.001,50,3.6413078714350784e-05,1,True,False,18,True
Climate,27,20260808,58,1e-05,2,1.2166232333141553e-05,2,False,True,18,True
Climate,27,20260808,58,1e-05,5,4.173516481556475e-06,3,True,False,18,True
Climate,27,20260808,58,1e-05,50,4.173516481556475e-06,3,True,False,18,True
Climate,27,20260808,58,1e-12,2,1.2166232333141553e-05,2,False,True,18,True
Climate,27,20260808,58,1e-12,5,4.950348305390687e-07,5,False,True,18,True
Climate,27,20260808,58,1e-12,50,0.0,18,True,False,18,True
Climate,27,20260808,59,0.001,2,1.969078921778476e-06,2,True,False,7,True
Climate,27,20260808,59,0.001,5,1.969078921778476e-06,2,True,False,7,True
Climate,27,20260808,59,0.001,50,1.969078921778476e-06,2,True,False,7,True
Climate,27,20260808,59,1e-05,2,1.969078921778476e-06,2,False,True,7,True
Climate,27,20260808,59,1e-05,5,4.266552749715068e-08,3,True,False,7,True
Climate,27,20260808,59,1e-05,50,4.266552749715068e-08,3,True,False,7,True
Climate,27,20260808,59,1e-12,2,1.969078921778476e-06,2,False,True,7,True
Climate,27,20260808,59,1e-12,5,2.729855751124255e-11,5,False,True,7,True
Climate,27,20260808,59,1e-12,50,0.0,7,True,False,7,True
Climate,27,20260808,60,0.001,2,0.00013503717437832202,1,True,False,21,True
Climate,27,20260808,60,0.001,5,0.00013503717437832202,1,True,False,21,True
Climate,27,20260808,60,0.001,50,0.00013503717437832202,1,True,False,21,True
Climate,27,20260808,60,1e-05,2,4.873903847702227e-05,2,False,True,21,True
Climate,27,20260808,60,1e-05,5,2.642555254878545e-06,5,True,False,21,True
Climate,27,20260808,60,1e-05,50,2.642555254878545e-06,5,True,False,21,True
Climate,27,20260808,60,1e-12,2,4.873903847702227e-05,2,False,True,21,True
Climate,27,20260808,60,1e-12,5,2.642555254878545e-06,5,False,True,21,True
Climate,27,20260808,60,1e-12,50,0.0,21,True,False,21,True
Climate,27,20260808,61,0.001,2,9.739359759710827e-05,1,True,False,17,True
Climate,27,20260808,61,0.001,5,9.739359759710827e-05,1,True,False,17,True
Climate,27,20260808,61,0.001,50,9.739359759710827e-05,1,True,False,17,True
Climate,27,20260808,61,1e-05,2,2.3578165293226677e-05,2,False,True,17,True
Climate,27,20260808,61,1e-05,5,1.561547984296154e-06,4,True,False,17,True
Climate,27,20260808,61,1e-05,50,1.561547984296154e-06,4,True,False,17,True
Climate,27,20260808,61,1e-12,2,2.3578165293226677e-05,2,False,True,17,True
Climate,27,20260808,61,1e-12,5,4.3697642011209456e-07,5,False,True,17,True
Climate,27,20260808,61,1e-12,50,0.0,17,True,False,17,True
Climate,27,20260808,62,0.001,2,4.992718344608698e-06,2,True,False,8,True
Climate,27,20260808,62,0.001,5,4.992718344608698e-06,2,True,False,8,True
Climate,27,20260808,62,0.001,50,4.992718344608698e-06,2,True,False,8,True
Climate,27,20260808,62,1e-05,2,4.992718344608698e-06,2,False,True,8,True
Climate,27,20260808,62,1e-05,5,1.9289910267208352e-07,3,True,False,8,True
Climate,27,20260808,62,1e-05,50,1.9289910267208352e-07,3,True,False,8,True
Climate,27,20260808,62,1e-12,2,4.992718344608698e-06,2,False,True,8,True
Climate,27,20260808,62,1e-12,5,2.893042238942895e-10,5,False,True,8,True
Climate,27,20260808,62,1e-12,50,0.0,8,True,False,8,True
Climate,27,20260808,63,0.001,2,0.0003100592370060823,1,True,False,24,True
Climate,27,20260808,63,0.001,5,0.0003100592370060823,1,True,False,24,True
Climate,27,20260808,63,0.001,50,0.0003100592370060823,1,True,False,24,True
Climate,27,20260808,63,1e-05,2,0.00014165029678373124,2,False,True,24,True
Climate,27,20260808,63,1e-05,5,1.0941430963753905e-05,5,False,True,24,True
Climate,27,20260808,63,1e-05,50,4.562048410934888e-06,6,True,False,24,True
Climate,27,20260808,63,1e-12,2,0.00014165029678373124,2,False,True,24,True
Climate,27,20260808,63,1e-12,5,1.0941430963753905e-05,5,False,True,24,True
Climate,27,20260808,63,1e-12,50,0.0,24,True,False,24,True
Climate,27,20260808,64,0.001,2,4.594485187570424e-05,1,True,False,12,True
Climate,27,20260808,64,0.001,5,4.594485187570424e-05,1,True,False,12,True
Climate,27,20260808,64,0.001,50,4.594485187570424e-05,1,True,False,12,True
Climate,27,20260808,64,1e-05,2,6.881898893153253e-06,2,False,True,12,True
Climate,27,20260808,64,1e-05,5,1.1366351809689839e-06,3,True,False,12,True
Climate,27,20260808,64,1e-05,50,1.1366351809689839e-06,3,True,False,12,True
Climate,27,20260808,64,1e-12,2,6.881898893153253e-06,2,False,True,12,True
Climate,27,20260808,64,1e-12,5,3.2534687686250314e-08,5,False,True,12,True
Climate,27,20260808,64,1e-12,50,0.0,12,True,False,12,True
Climate,27,20260808,65,0.001,2,7.424024396952425e-05,1,True,False,20,True
Climate,27,20260808,65,0.001,5,7.424024396952425e-05,1,True,False,20,True
Climate,27,20260808,65,0.001,50,7.424024396952425e-05,1,True,False,20,True
Climate,27,20260808,65,1e-05,2,2.374555928406425e-05,2,False,True,20,True
Climate,27,20260808,65,1e-05,5,2.8615125099587507e-06,4,True,False,20,True
Climate,27,20260808,65,1e-05,50,2.8615125099587507e-06,4,True,False,20,True
Climate,27,20260808,65,1e-12,2,2.374555928406425e-05,2,False,True,20,True
Climate,27,20260808,65,1e-12,5,1.0267178694830135e-06,5,False,True,20,True
Climate,27,20260808,65,1e-12,50,0.0,20,True,False,20,True
Climate,27,20260808,66,0.001,2,9.294281723332671e-05,1,True,False,17,True
Climate,27,20260808,66,0.001,5,9.294281723332671e-05,1,True,False,17,True
Climate,27,20260808,66,0.001,50,9.294281723332671e-05,1,True,False,17,True
Climate,27,20260808,66,1e-05,2,2.697785116638332e-05,2,False,True,17,True
Climate,27,20260808,66,1e-05,5,2.26313845292658e-06,4,True,False,17,True
Climate,27,20260808,66,1e-05,50,2.26313845292658e-06,4,True,False,17,True
Climate,27,20260808,66,1e-12,2,2.697785116638332e-05,2,False,True,17,True
Climate,27,20260808,66,1e-12,5,6.552933461654841e-07,5,False,True,17,True
Climate,27,20260808,66,1e-12,50,0.0,17,True,False,17,True
Climate,27,20260808,67,0.001,2,5.025719921894657e-06,2,True,False,9,True
Climate,27,20260808,67,0.001,5,5.025719921894657e-06,2,True,False,9,True
Climate,27,20260808,67,0.001,50,5.025719921894657e-06,2,True,False,9,True
Climate,27,20260808,67,1e-05,2,5.025719921894657e-06,2,False,True,9,True
Climate,27,20260808,67,1e-05,5,2.2700767907550152e-07,3,True,False,9,True
Climate,27,20260808,67,1e-05,50,2.2700767907550152e-07,3,True,False,9,True
Climate,27,20260808,67,1e-12,2,5.025719921894657e-06,2,False,True,9,True
Climate,27,20260808,67,1e-12,5,6.98780326725147e-10,5,False,True,9,True
Climate,27,20260808,67,1e-12,50,0.0,9,True,False,9,True
Climate,27,20260808,68,0.001,2,0.00017721765880885428,1,True,False,22,True
Climate,27,20260808,68,0.001,5,0.00017721765880885428,1,True,False,22,True
Climate,27,20260808,68,0.001,50,0.00017721765880885428,1,True,False,22,True
Climate,27,20260808,68,1e-05,2,6.94056021674855e-05,2,False,True,22,True
Climate,27,20260808,68,1e-05,5,4.083622651741185e-06,5,True,False,22,True
Climate,27,20260808,68,1e-05,50,4.083622651741185e-06,5,True,False,22,True
Climate,27,20260808,68,1e-12,2,6.94056021674855e-05,2,False,True,22,True
Climate,27,20260808,68,1e-12,5,4.083622651741185e-06,5,False,True,22,True
Climate,27,20260808,68,1e-12,50,0.0,22,True,False,22,True
Climate,27,20260808,69,0.001,2,1.447071137258138e-05,1,True,False,19,True
Climate,27,20260808,69,0.001,5,1.447071137258138e-05,1,True,False,19,True
Climate,27,20260808,69,0.001,50,1.447071137258138e-05,1,True,False,19,True
Climate,27,20260808,69,1e-05,2,2.903062429739528e-06,2,False,True,19,True
Climate,27,20260808,69,1e-05,5,8.361306510903329e-07,3,True,False,19,True
Climate,27,20260808,69,1e-05,50,8.361306510903329e-07,3,True,False,19,True
Climate,27,20260808,69,1e-12,2,2.903062429739528e-06,2,False,True,19,True
Climate,27,20260808,69,1e-12,5,1.210974999744427e-07,5,False,True,19,True
Climate,27,20260808,69,1e-12,50,0.0,19,True,False,19,True
Climate,27,20260808,70,0.001,2,1.736215896578997e-05,1,True,False,19,True
Climate,27,20260808,70,0.001,5,1.736215896578997e-05,1,True,False,19,True
Climate,27,20260808,70,0.001,50,1.736215896578997e-05,1,True,False,19,True
Climate,27,20260808,70,1e-05,2,6.543824933228314e-06,2,False,True,19,True
Climate,27,20260808,70,1e-05,5,2.4790114880201226e-06,3,True,False,19,True
Climate,27,20260808,70,1e-05,50,2.4790114880201226e-06,3,True,False,19,True
Climate,27,20260808,70,1e-12,2,6.543824933228314e-06,2,False,True,19,True
Climate,27,20260808,70,1e-12,5,3.573192294328539e-07,5,False,True,19,True
Climate,27,20260808,70,1e-12,50,0.0,19,True,False,19,True
Climate,27,20260808,71,0.001,2,8.412885868724891e-05,1,True,False,18,True
Climate,27,20260808,71,0.001,5,8.412885868724891e-05,1,True,False,18,True
Climate,27,20260808,71,0.001,50,8.412885868724891e-05,1,True,False,18,True
Climate,27,20260808,71,1e-05,2,2.3187688161425203e-05,2,False,True,18,True
Climate,27,20260808,71,1e-05,5,2.0229939925733923e-06,4,True,False,18,True
Climate,27,20260808,71,1e-05,50,2.0229939925733923e-06,4,True,False,18,True
Climate,27,20260808,71,1e-12,2,2.3187688161425203e-05,2,False,True,18,True
Climate,27,20260808,71,1e-12,5,6.199327293207235e-07,5,False,True,18,True
Climate,27,20260808,71,1e-12,50,0.0,18,True,False,18,True
Climate,27,20260808,72,0.001,2,6.520947331900312e-05,1,True,False,22,True
Climate,27,20260808,72,0.001,5,6.520947331900312e-05,1,True,False,22,True
Climate,27,20260808,72,0.001,50,6.520947331900312e-05,1,True,False,22,True
Climate,27,20260808,72,1e-05,2,1.553087268477664e-05,2,False,True,22,True
Climate,27,20260808,72,1e-05,5,2.3130677171747116e-06,4,True,False,22,True
Climate,27,20260808,72,1e-05,50,2.3130677171747116e-06,4,True,False,22,True
Climate,27,20260808,72,1e-12,2,1.553087268477664e-05,2,False,True,22,True
Climate,27,20260808,72,1e-12,5,9.809010682683462e-07,5,False,True,22,True
Climate,27,20260808,72,1e-12,50,0.0,22,True,False,22,True
Climate,27,20260808,73,0.001,2,8.939594282506348e-05,1,True,False,19,True
Climate,27,20260808,73,0.001,5,8.939594282506348e-05,1,True,False,19,True
Climate,27,20260808,73,0.001,50,8.939594282506348e-05,1,True,False,19,True
Climate,27,20260808,73,1e-05,2,2.9018698398455942e-05,2,False,True,19,True
Climate,27,20260808,73,1e-05,5,3.5058127283834056e-06,4,True,False,19,True
Climate,27,20260808,73,1e-05,50,3.5058127283834056e-06,4,True,False,19,True
Climate,27,20260808,73,1e-12,2,2.9018698398455942e-05,2,False,True,19,True
Climate,27,20260808,73,1e-12,5,1.2267724592635513e-06,5,False,True,19,True
Climate,27,20260808,73,1e-12,50,0.0,19,True,False,19,True
Climate,27,20260808,74,0.001,2,0.0001288918369330577,1,True,False,23,True
Climate,27,20260808,74,0.001,5,0.0001288918369330577,1,True,False,23,True
Climate,27,20260808,74,0.001,50,0.0001288918369330577,1,True,False,23,True
Climate,27,20260808,74,1e-05,2,5.481179134569689e-05,2,False,True,23,True
Climate,27,20260808,74,1e-05,5,4.11623268182987e-06,5,True,False,23,True
Climate,27,20260808,74,1e-05,50,4.11623268182987e-06,5,True,False,23,True
Climate,27,20260808,74,1e-12,2,5.481179134569689e-05,2,False,True,23,True
Climate,27,20260808,74,1e-12,5,4.11623268182987e-06,5,False,True,23,True
Climate,27,20260808,74,1e-12,50,0.0,23,True,False,23,True
Climate,27,20260808,75,0.001,2,7.72231692873334e-05,1,True,False,17,True
Climate,27,20260808,75,0.001,5,7.72231692873334e-05,1,True,False,17,True
Climate,27,20260808,75,0.001,50,7.72231692873334e-05,1,True,False,17,True
Climate,27,20260808,75,1e-05,2,1.946166157076002e-05,2,False,True,17,True
Climate,27,20260808,75,1e-05,5,1.296401541467905e-06,4,True,False,17,True
Climate,27,20260808,75,1e-05,50,1.296401541467905e-06,4,True,False,17,True
Climate,27,20260808,75,1e-12,2,1.946166157076002e-05,2,False,True,17,True
Climate,27,20260808,75,1e-12,5,3.4778602127312327e-07,5,False,True,17,True
Climate,27,20260808,75,1e-12,50,0.0,17,True,False,17,True
Climate,27,20260808,76,0.001,2,0.0001428779760955424,1,True,False,18,True
Climate,27,20260808,76,0.001,5,0.0001428779760955424,1,True,False,18,True
Climate,27,20260808,76,0.001,50,0.0001428779760955424,1,True,False,18,True
Climate,27,20260808,76,1e-05,2,4.319394659306856e-05,2,False,True,18,True
Climate,27,20260808,76,1e-05,5,3.8652034433722716e-06,4,True,False,18,True
Climate,27,20260808,76,1e-05,50,3.8652034433722716e-06,4,True,False,18,True
Climate,27,20260808,76,1e-12,2,4.319394659306856e-05,2,False,True,18,True
Climate,27,20260808,76,1e-12,5,1.156944619758943e-06,5,False,True,18,True
Climate,27,20260808,76,1e-12,50,0.0,18,True,False,18,True
Climate,27,20260808,77,0.001,2,2.8931099728980365e-05,1,True,False,18,True
Climate,27,20260808,77,0.001,5,2.8931099728980365e-05,1,True,False,18,True
Climate,27,20260808,77,0.001,50,2.8931099728980365e-05,1,True,False,18,True
Climate,27,20260808,77,1e-05,2,9.740561872386381e-06,2,False,True,18,True
Climate,27,20260808,77,1e-05,5,3.30537959461874e-06,3,True,False,18,True
Climate,27,20260808,77,1e-05,50,3.30537959461874e-06,3,True,False,18,True
Climate,27,20260808,77,1e-12,2,9.740561872386381e-06,2,False,True,18,True
Climate,27,20260808,77,1e-12,5,3.8079834413369705e-07,5,False,True,18,True
Climate,27,20260808,77,1e-12,50,0.0,18,True,False,18,True
Climate,27,20260808,78,0.001,2,8.547627021946054e-05,1,True,False,19,True
Climate,27,20260808,78,0.001,5,8.547627021946054e-05,1,True,False,19,True
Climate,27,20260808,78,0.001,50,8.547627021946054e-05,1,True,False,19,True
Climate,27,20260808,78,1e-05,2,2.7962543204159e-05,2,False,True,19,True
Climate,27,20260808,78,1e-05,5,3.0170848047463413e-06,4,True,False,19,True
Climate,27,20260808,78,1e-05,50,3.0170848047463413e-06,4,True,False,19,True
Climate,27,20260808,78,1e-12,2,2.7962543204159e-05,2,False,True,19,True
Climate,27,20260808,78,1e-12,5,9.96294757503799e-07,5,False,True,19,True
Climate,27,20260808,78,1e-12,50,0.0,19,True,False,19,True
Climate,27,20260808,79,0.001,2,5.777049492795099e-05,1,True,False,16,True
Climate,27,20260808,79,0.001,5,5.777049492795099e-05,1,True,False,16,True
Climate,27,20260808,79,0.001,50,5.777049492795099e-05,1,True,False,16,True
Climate,27,20260808,79,1e-05,2,1.1903270383461554e-05,2,False,True,16,True
Climate,27,20260808,79,1e-05,5,2.4381571090083182e-06,3,True,False,16,True
Climate,27,20260808,79,1e-05,50,2.4381571090083182e-06,3,True,False,16,True
Climate,27,20260808,79,1e-12,2,1.1903270383461554e-05,2,False,True,16,True
Climate,27,20260808,79,1e-12,5,1.0657861553106855e-07,5,False,True,16,True
Climate,27,20260808,79,1e-12,50,0.0,16,True,False,16,True
Climate,27,20260808,80,0.001,2,6.109971132209279e-05,1,True,False,17,True
Climate,27,20260808,80,0.001,5,6.109971132209279e-05,1,True,False,17,True
Climate,27,20260808,80,0.001,50,6.109971132209279e-05,1,True,False,17,True
Climate,27,20260808,80,1e-05,2,1.124281253863436e-05,2,False,True,17,True
Climate,27,20260808,80,1e-05,5,2.1015307963576627e-06,3,True,False,17,True
Climate,27,20260808,80,1e-05,50,2.1015307963576627e-06,3,True,False,17,True
Climate,27,20260808,80,1e-12,2,1.124281253863436e-05,2,False,True,17,True
Climate,27,20260808,80,1e-12,5,9.665315803168805e-08,5,False,True,17,True
Climate,27,20260808,80,1e-12,50,0.0,17,True,False,17,True
Climate,27,20260808,81,0.001,2,7.564593518501309e-05,1,True,False,17,True
Climate,27,20260808,81,0.001,5,7.564593518501309e-05,1,True,False,17,True
Climate,27,20260808,81,0.001,50,7.564593518501309e-05,1,True,False,17,True
Climate,27,20260808,81,1e-05,2,2.2525793799619043e-05,2,False,True,17,True
Climate,27,20260808,81,1e-05,5,1.9787782534978006e-06,4,True,False,17,True
Climate,27,20260808,81,1e-05,50,1.9787782534978006e-06,4,True,False,17,True
Climate,27,20260808,81,1e-12,2,2.2525793799619043e-05,2,False,True,17,True
Climate,27,20260808,81,1e-12,5,5.85939050635339e-07,5,False,True,17,True
Climate,27,20260808,81,1e-12,50,0.0,17,True,False,17,True
Climate,27,20260808,82,0.001,2,1.5281943690239503e-05,2,True,False,9,True
Climate,27,20260808,82,0.001,5,1.5281943690239503e-05,2,True,False,9,True
Climate,27,20260808,82,0.001,50,1.5281943690239503e-05,2,True,False,9,True
Climate,27,20260808,82,1e-05,2,1.5281943690239503e-05,2,False,True,9,True
Climate,27,20260808,82,1e-05,5,3.9393247546542646e-08,4,True,False,9,True
Climate,27,20260808,82,1e-05,50,3.9393247546542646e-08,4,True,False,9,True
Climate,27,20260808,82,1e-12,2,1.5281943690239503e-05,2,False,True,9,True
Climate,27,20260808,82,1e-12,5,2.002385350640134e-09,5,False,True,9,True
Climate,27,20260808,82,1e-12,50,0.0,9,True,False,9,True
Climate,27,20260808,83,0.001,2,5.229897008896306e-05,1,True,False,21,True
Climate,27,20260808,83,0.001,5,5.229897008896306e-05,1,True,False,21,True
Climate,27,20260808,83,0.001,50,5.229897008896306e-05,1,True,False,21,True
Climate,27,20260808,83,1e-05,2,1.3641442020467161e-05,2,False,True,21,True
Climate,27,20260808,83,1e-05,5,4.569848812265657e-06,3,True,False,21,True
Climate,27,20260808,83,1e-05,50,4.569848812265657e-06,3,True,False,21,True
Climate,27,20260808,83,1e-12,2,1.3641442020467161e-05,2,False,True,21,True
Climate,27,20260808,83,1e-12,5,7.040260801009975e-07,5,False,True,21,True
Climate,27,20260808,83,1e-12,50,0.0,21,True,False,21,True
Climate,27,20260808,84,0.001,2,3.767354354258523e-05,1,True,False,15,True
Climate,27,20260808,84,0.001,5,3.767354354258523e-05,1,True,False,15,True
Climate,27,20260808,84,0.001,50,3.767354354258523e-05,1,True,False,15,True
Climate,27,20260808,84,1e-05,2,8.45731396894817e-06,2,False,True,15,True
Climate,27,20260808,84,1e-05,5,1.897855981541856e-06,3,True,False,15,True
Climate,27,20260808,84,1e-05,50,1.897855981541856e-06,3,True,False,15,True
Climate,27,20260808,84,1e-12,2,8.45731396894817e-06,2,False,True,15,True
Climate,27,20260808,84,1e-12,5,9.732865170925207e-08,5,False,True,15,True
Climate,27,20260808,84,1e-12,50,0.0,15,True,False,15,True
Climate,27,20260808,85,0.001,2,1.4109367510623511e-05,1,True,False,17,True
Climate,27,20260808,85,0.001,5,1.4109367510623511e-05,1,True,False,17,True
Climate,27,20260808,85,0.001,50,1.4109367510623511e-05,1,True,False,17,True
Climate,27,20260808,85,1e-05,2,2.234228189324666e-06,2,False,True,17,True
Climate,27,20260808,85,1e-05,5,6.044252991237561e-07,3,True,False,17,True
Climate,27,20260808,85,1e-05,50,6.044252991237561e-07,3,True,False,17,True
Climate,27,20260808,85,1e-12,2,2.234228189324666e-06,2,False,True,17,True
Climate,27,20260808,85,1e-12,5,7.604707702376015e-08,5,False,True,17,True
Climate,27,20260808,85,1e-12,50,0.0,17,True,False,17,True
Climate,27,20260808,86,0.001,2,0.00029122251984294294,1,True,False,24,True
Climate,27,20260808,86,0.001,5,0.00029122251984294294,1,True,False,24,True
Climate,27,20260808,86,0.001,50,0.00029122251984294294,1,True,False,24,True
Climate,27,20260808,86,1e-05,2,0.00012366777745216503,2,False,True,24,True
Climate,27,20260808,86,1e-05,5,8.477662455662625e-06,5,False,True,24,True
Climate,27,20260808,86,1e-05,50,3.434092602352704e-06,6,True,False,24,True
Climate,27,20260808,86,1e-12,2,0.00012366777745216503,2,False,True,24,True
Climate,27,20260808,86,1e-12,5,8.477662455662625e-06,5,False,True,24,True
Climate,27,20260808,86,1e-12,50,0.0,24,True,False,24,True
Climate,27,20260808,87,0.001,2,8.124100411520197e-05,1,True,False,20,True
Climate,27,20260808,87,0.001,5,8.124100411520197e-05,1,True,False,20,True
Climate,27,20260808,87,0.001,50,8.124100411520197e-05,1,True,False,20,True
Climate,27,20260808,87,1e-05,2,2.7616854709060876e-05,2,False,True,20,True
Climate,27,20260808,87,1e-05,5,3.4160471232970963e-06,4,True,False,20,True
Climate,27,20260808,87,1e-05,50,3.4160471232970963e-06,4,True,False,20,True
Climate,27,20260808,87,1e-12,2,2.7616854709060876e-05,2,False,True,20,True
Climate,27,20260808,87,1e-12,5,1.2044599250606457e-06,5,False,True,20,True
Climate,27,20260808,87,1e-12,50,0.0,20,True,False,20,True
Climate,27,20260808,88,0.001,2,0.00011867484336735155,1,True,False,21,True
Climate,27,20260808,88,0.001,5,0.00011867484336735155,1,True,False,21,True
Climate,27,20260808,88,0.001,50,0.00011867484336735155,1,True,False,21,True
Climate,27,20260808,88,1e-05,2,4.493427967448316e-05,2,False,True,21,True
Climate,27,20260808,88,1e-05,5,2.4021465930449065e-06,5,True,False,21,True
Climate,27,20260808,88,1e-05,50,2.4021465930449065e-06,5,True,False,21,True
Climate,27,20260808,88,1e-12,2,4.493427967448316e-05,2,False,True,21,True
Climate,27,20260808,88,1e-12,5,2.4021465930449065e-06,5,False,True,21,True
Climate,27,20260808,88,1e-12,50,0.0,21,True,False,21,True
Climate,27,20260808,89,0.001,2,0.00013980735477471496,1,True,False,16,True
Climate,27,20260808,89,0.001,5,0.00013980735477471496,1,True,False,16,True
Climate,27,20260808,89,0.001,50,0.00013980735477471496,1,True,False,16,True
Climate,27,20260808,89,1e-05,2,3.6299820119222804e-05,2,False,True,16,True
Climate,27,20260808,89,1e-05,5,2.334129304097776e-06,4,True,False,16,True
Climate,27,20260808,89,1e-05,50,2.334129304097776e-06,4,True,False,16,True
Climate,27,20260808,89,1e-12,2,3.6299820119222804e-05,2,False,True,16,True
Climate,27,20260808,89,1e-12,5,5.915979586425602e-07,5,False,True,16,True
Climate,27,20260808,89,1e-12,50,0.0,16,True,False,16,True
Climate,27,20260808,90,0.001,2,6.803317215829988e-05,1,True,False,27,True
Climate,27,20260808,90,0.001,5,6.803317215829988e-05,1,True,False,27,True
Climate,27,20260808,90,0.001,50,6.803317215829988e-05,1,True,False,27,True
Climate,27,20260808,90,1e-05,2,3.371620655817076e-05,2,False,True,27,True
Climate,27,20260808,90,1e-05,5,8.360924748433361e-06,4,True,False,27,True
Climate,27,20260808,90,1e-05,50,8.360924748433361e-06,4,True,False,27,True
Climate,27,20260808,90,1e-12,2,3.371620655817076e-05,2,False,True,27,True
Climate,27,20260808,90,1e-12,5,4.163949034354427e-06,5,False,True,27,True
Climate,27,20260808,90,1e-12,50,0.0,27,True,False,27,True
Climate,27,20260808,91,0.001,2,0.0001290089608344303,1,True,False,29,True
Climate,27,20260808,91,0.001,5,0.0001290089608344303,1,True,False,29,True
Climate,27,20260808,91,0.001,50,0.0001290089608344303,1,True,False,29,True
Climate,27,20260808,91,1e-05,2,6.628769246223871e-05,2,False,True,29,True
Climate,27,20260808,91,1e-05,5,8.85336668718457e-06,5,True,False,29,True
Climate,27,20260808,91,1e-05,50,8.85336668718457e-06,5,True,False,29,True
Climate,27,20260808,91,1e-12,2,6.628769246223871e-05,2,False,True,29,True
Climate,27,20260808,91,1e-12,5,8.85336668718457e-06,5,False,True,29,True
Climate,27,20260808,91,1e-12,50,0.0,29,True,False,29,True
Climate,27,20260808,92,0.001,2,9.209349755294168e-05,1,True,False,18,True
Climate,27,20260808,92,0.001,5,9.209349755294168e-05,1,True,False,18,True
Climate,27,20260808,92,0.001,50,9.209349755294168e-05,1,True,False,18,True
Climate,27,20260808,92,1e-05,2,2.8275456668685143e-05,2,False,True,18,True
Climate,27,20260808,92,1e-05,5,2.7104770151498514e-06,4,True,False,18,True
Climate,27,20260808,92,1e-05,50,2.7104770151498514e-06,4,True,False,18,True
Climate,27,20260808,92,1e-12,2,2.8275456668685143e-05,2,False,True,18,True
Climate,27,20260808,92,1e-12,5,8.426853223737744e-07,5,False,True,18,True
Climate,27,20260808,92,1e-12,50,0.0,18,True,False,18,True
Climate,27,20260808,93,0.001,2,0.00010352924121124162,1,True,False,20,True
Climate,27,20260808,93,0.001,5,0.00010352924121124162,1,True,False,20,True
Climate,27,20260808,93,0.001,50,0.00010352924121124162,1,True,False,20,True
Climate,27,20260808,93,1e-05,2,3.8270425957217304e-05,2,False,True,20,True
Climate,27,20260808,93,1e-05,5,5.1420551472861696e-06,4,True,False,20,True
Climate,27,20260808,93,1e-05,50,5.1420551472861696e-06,4,True,False,20,True
Climate,27,20260808,93,1e-12,2,3.8270425957217304e-05,2,False,True,20,True
Climate,27,20260808,93,1e-12,5,1.8800537248945435e-06,5,False,True,20,True
Climate,27,20260808,93,1e-12,50,0.0,20,True,False,20,True
Climate,27,20260808,94,0.001,2,0.00010556998428471652,1,True,False,19,True
Climate,27,20260808,94,0.001,5,0.00010556998428471652,1,True,False,19,True
Climate,27,20260808,94,0.001,50,0.00010556998428471652,1,True,False,19,True
Climate,27,20260808,94,1e-05,2,3.624710173726747e-05,2,False,True,19,True
Climate,27,20260808,94,1e-05,5,4.2271624393557815e-06,4,True,False,19,True
Climate,27,20260808,94,1e-05,50,4.2271624393557815e-06,4,True,False,19,True
Climate,27,20260808,94,1e-12,2,3.624710173726747e-05,2,False,True,19,True
Climate,27,20260808,94,1e-12,5,1.4411373251275467e-06,5,False,True,19,True
Climate,27,20260808,94,1e-12,50,0.0,19,True,False,19,True
Climate,27,20260808,95,0.001,2,4.972410120221398e-05,1,True,False,13,True
Climate,27,20260808,95,0.001,5,4.972410120221398e-05,1,True,False,13,True
Climate,27,20260808,95,0.001,50,4.972410120221398e-05,1,True,False,13,True
Climate,27,20260808,95,1e-05,2,8.001342180327786e-06,2,False,True,13,True
Climate,27,20260808,95,1e-05,5,1.5444213088948647e-06,3,True,False,13,True
Climate,27,20260808,95,1e-05,50,1.5444213088948647e-06,3,True,False,13,True
Climate,27,20260808,95,1e-12,2,8.001342180327786e-06,2,False,True,13,True
Climate,27,20260808,95,1e-12,5,5.8771009461960517e-08,5,False,True,13,True
Climate,27,20260808,95,1e-12,50,0.0,13,True,False,13,True
Climate,27,20260808,96,0.001,2,9.346173065205162e-05,1,True,False,20,True
Climate,27,20260808,96,0.001,5,9.346173065205162e-05,1,True,False,20,True
Climate,27,20260808,96,0.001,50,9.346173065205162e-05,1,True,False,20,True
Climate,27,20260808,96,1e-05,2,3.2983467373261145e-05,2,False,True,20,True
Climate,27,20260808,96,1e-05,5,4.069360268266045e-06,4,True,False,20,True
Climate,27,20260808,96,1e-05,50,4.069360268266045e-06,4,True,False,20,True
Climate,27,20260808,96,1e-12,2,3.2983467373261145e-05,2,False,True,20,True
Climate,27,20260808,96,1e-12,5,1.4243929998604326e-06,5,False,True,20,True
Climate,27,20260808,96,1e-12,50,0.0,20,True,False,20,True
Climate,27,20260808,97,0.001,2,4.865818881025989e-05,1,True,False,17,True
Climate,27,20260808,97,0.001,5,4.865818881025989e-05,1,True,False,17,True
Climate,27,20260808,97,0.001,50,4.865818881025989e-05,1,True,False,17,True
Climate,27,20260808,97,1e-05,2,1.4848636085638394e-05,2,False,True,17,True
Climate,27,20260808,97,1e-05,5,1.3880657268274443e-06,4,True,False,17,True
Climate,27,20260808,97,1e-05,50,1.3880657268274443e-06,4,True,False,17,True
Climate,27,20260808,97,1e-12,2,1.4848636085638394e-05,2,False,True,17,True
Climate,27,20260808,97,1e-12,5,4.246334548707799e-07,5,False,True,17,True
Climate,27,20260808,97,1e-12,50,0.0,17,True,False,17,True
Climate,27,20260808,98,0.001,2,2.402951046122462e-05,1,True,False,15,True
Climate,27,20260808,98,0.001,5,2.402951046122462e-05,1,True,False,15,True
Climate,27,20260808,98,0.001,50,2.402951046122462e-05,1,True,False,15,True
Climate,27,20260808,98,1e-05,2,5.5746732411833945e-06,2,False,True,15,True
Climate,27,20260808,98,1e-05,5,1.4274579695409703e-06,3,True,False,15,True
Climate,27,20260808,98,1e-05,50,1.4274579695409703e-06,3,True,False,15,True
Climate,27,20260808,98,1e-12,2,5.5746732411833945e-06,2,False,True,15,True
Climate,27,20260808,98,1e-12,5,9.776313179869476e-08,5,False,True,15,True
Climate,27,20260808,98,1e-12,50,0.0,15,True,False,15,True
Climate,27,20260808,99,0.001,2,5.056538362312172e-05,1,True,False,21,True
Climate,27,20260808,99,0.001,5,5.056538362312172e-05,1,True,False,21,True
Climate,27,20260808,99,0.001,50,5.056538362312172e-05,1,True,False,21,True
Climate,27,20260808,99,1e-05,2,2.0173727585644133e-05,2,False,True,21,True
Climate,27,20260808,99,1e-05,5,3.2142084553331515e-06,4,True,False,21,True
Climate,27,20260808,99,1e-05,50,3.2142084553331515e-06,4,True,False,21,True
Climate,27,20260808,99,1e-12,2,2.0173727585644133e-05,2,False,True,21,True
Climate,27,20260808,99,1e-12,5,1.2828844237001095e-06,5,False,True,21,True
Climate,27,20260808,99,1e-12,50,0.0,21,True,False,21,True
Climate,27,20260808,100,0.001,2,0.000191578302824702,1,True,False,18,True
Climate,27,20260808,100,0.001,5,0.000191578302824702,1,True,False,18,True
Climate,27,20260808,100,0.001,50,0.000191578302824702,1,True,False,18,True
Climate,27,20260808,100,1e-05,2,5.719663161465486e-05,2,False,True,18,True
Climate,27,20260808,100,1e-05,5,1.3985788156825558e-06,5,True,False,18,True
Climate,27,20260808,100,1e-05,50,1.3985788156825558e-06,5,True,False,18,True
Climate,27,20260808,100,1e-12,2,5.719663161465486e-05,2,False,True,18,True
Climate,27,20260808,100,1e-12,5,1.3985788156825558e-06,5,False,True,18,True
Climate,27,20260808,100,1e-12,50,0.0,18,True,False,18,True
Climate,39,20260808,21,0.001,2,9.688500978610031e-05,1,True,False,14,True
Climate,39,20260808,21,0.001,5,9.688500978610031e-05,1,True,False,14,True
Climate,39,20260808,21,0.001,50,9.688500978610031e-05,1,True,False,14,True
Climate,39,20260808,21,1e-05,2,1.8011249903414176e-05,2,False,True,14,True
Climate,39,20260808,21,1e-05,5,6.067066719610512e-07,4,True,False,14,True
Climate,39,20260808,21,1e-05,50,6.067066719610512e-07,4,True,False,14,True
Climate,39,20260808,21,1e-12,2,1.8011249903414176e-05,2,False,True,14,True
Climate,39,20260808,21,1e-12,5,1.1324994915067299e-07,5,False,True,14,True
Climate,39,20260808,21,1e-12,50,0.0,14,True,False,14,True
Climate,39,20260808,22,0.001,2,9.993768514012474e-05,1,True,False,19,True
Climate,39,20260808,22,0.001,5,9.993768514012474e-05,1,True,False,19,True
Climate,39,20260808,22,0.001,50,9.993768514012474e-05,1,True,False,19,True
Climate,39,20260808,22,1e-05,2,3.0346795670487847e-05,2,False,True,19,True
Climate,39,20260808,22,1e-05,5,3.119693790214153e-06,4,True,False,19,True
Climate,39,20260808,22,1e-05,50,3.119693790214153e-06,4,True,False,19,True
Climate,39,20260808,22,1e-12,2,3.0346795670487847e-05,2,False,True,19,True
Climate,39,20260808,22,1e-12,5,1.0224384185030077e-06,5,False,True,19,True
Climate,39,20260808,22,1e-12,50,0.0,19,True,False,19,True
Climate,39,20260808,23,0.001,2,2.6749262089072146e-05,1,True,False,17,True
Climate,39,20260808,23,0.001,5,2.6749262089072146e-05,1,True,False,17,True
Climate,39,20260808,23,0.001,50,2.6749262089072146e-05,1,True,False,17,True
Climate,39,20260808,23,1e-05,2,4.671367412936068e-06,2,False,True,17,True
Climate,39,20260808,23,1e-05,5,1.0961776603528763e-06,3,True,False,17,True
Climate,39,20260808,23,1e-05,50,1.0961776603528763e-06,3,True,False,17,True
Climate,39,20260808,23,1e-12,2,4.671367412936068e-06,2,False,True,17,True
Climate,39,20260808,23,1e-12,5,1.0974697219899788e-07,5,False,True,17,True
Climate,39,20260808,23,1e-12,50,0.0,17,True,False,17,True
Climate,39,20260808,24,0.001,2,4.233602988201714e-05,1,True,False,19,True
Climate,39,20260808,24,0.001,5,4.233602988201714e-05,1,True,False,19,True
Climate,39,20260808,24,0.001,50,4.233602988201714e-05,1,True,False,19,True
Climate,39,20260808,24,1e-05,2,1.4276988870567188e-05,2,False,True,19,True
Climate,39,20260808,24,1e-05,5,4.890870511153291e-06,3,True,False,19,True
Climate,39,20260808,24,1e-05,50,4.890870511153291e-06,3,True,False,19,True
Climate,39,20260808,24,1e-12,2,1.4276988870567188e-05,2,False,True,19,True
Climate,39,20260808,24,1e-12,5,5.777346974535666e-07,5,False,True,19,True
Climate,39,20260808,24,1e-12,50,0.0,19,True,False,19,True
Climate,39,20260808,25,0.001,2,0.00010099951474814194,1,True,False,23,True
Climate,39,20260808,25,0.001,5,0.00010099951474814194,1,True,False,23,True
Climate,39,20260808,25,0.001,50,0.00010099951474814194,1,True,False,23,True
Climate,39,20260808,25,1e-05,2,4.188536371200109e-05,2,False,True,23,True
Climate,39,20260808,25,1e-05,5,2.930974264015624e-06,5,True,False,23,True
Climate,39,20260808,25,1e-05,50,2.930974264015624e-06,5,True,False,23,True
Climate,39,20260808,25,1e-12,2,4.188536371200109e-05,2,False,True,23,True
Climate,39,20260808,25,1e-12,5,2.930974264015624e-06,5,False,True,23,True
Climate,39,20260808,25,1e-12,50,0.0,23,True,False,23,True
Climate,39,20260808,26,0.001,2,0.0001081882713862927,1,True,False,19,True
Climate,39,20260808,26,0.001,5,0.0001081882713862927,1,True,False,19,True
Climate,39,20260808,26,0.001,50,0.0001081882713862927,1,True,False,19,True
Climate,39,20260808,26,1e-05,2,2.793886583280205e-05,2,False,True,19,True
Climate,39,20260808,26,1e-05,5,1.9953758289633026e-06,4,True,False,19,True
Climate,39,20260808,26,1e-05,50,1.9953758289633026e-06,4,True,False,19,True
Climate,39,20260808,26,1e-12,2,2.793886583280205e-05,2,False,True,19,True
Climate,39,20260808,26,1e-12,5,5.82811117506604e-07,5,False,True,19,True
Climate,39,20260808,26,1e-12,50,0.0,19,True,False,19,True
Climate,39,20260808,27,0.001,2,4.960537298039801e-05,1,True,False,17,True
Climate,39,20260808,27,0.001,5,4.960537298039801e-05,1,True,False,17,True
Climate,39,20260808,27,0.001,50,4.960537298039801e-05,1,True,False,17,True
Climate,39,20260808,27,1e-05,2,1.278209112378933e-05,2,False,True,17,True
Climate,39,20260808,27,1e-05,5,3.425254219103805e-06,3,True,False,17,True
Climate,39,20260808,27,1e-05,50,3.425254219103805e-06,3,True,False,17,True
Climate,39,20260808,27,1e-12,2,1.278209112378933e-05,2,False,True,17,True
Climate,39,20260808,27,1e-12,5,2.8237507665715113e-07,5,False,True,17,True
Climate,39,20260808,27,1e-12,50,0.0,17,True,False,17,True
Climate,39,20260808,28,0.001,2,5.6759618702518807e-05,1,True,False,19,True
Climate,39,20260808,28,0.001,5,5.6759618702518807e-05,1,True,False,19,True
Climate,39,20260808,28,0.001,50,5.6759618702518807e-05,1,True,False,19,True
Climate,39,20260808,28,1e-05,2,2.034626921831873e-05,2,False,True,19,True
Climate,39,20260808,28,1e-05,5,2.607882180103891e-06,4,True,False,19,True
Climate,39,20260808,28,1e-05,50,2.607882180103891e-06,4,True,False,19,True
Climate,39,20260808,28,1e-12,2,2.034626921831873e-05,2,False,True,19,True
Climate,39,20260808,28,1e-12,5,9.332318561411236e-07,5,False,True,19,True
Climate,39,20260808,28,1e-12,50,0.0,19,True,False,19,True
Climate,39,20260808,29,0.001,2,2.5580022850849562e-05,1,True,False,15,True
Climate,39,20260808,29,0.001,5,2.5580022850849562e-05,1,True,False,15,True
Climate,39,20260808,29,0.001,50,2.5580022850849562e-05,1,True,False,15,True
Climate,39,20260808,29,1e-05,2,6.080355665270466e-06,2,False,True,15,True
Climate,39,20260808,29,1e-05,5,1.4555328758526397e-06,3,True,False,15,True
Climate,39,20260808,29,1e-05,50,1.4555328758526397e-06,3,True,False,15,True
Climate,39,20260808,29,1e-12,2,6.080355665270466e-06,2,False,True,15,True
Climate,39,20260808,29,1e-12,5,8.59430242950111e-08,5,False,True,15,True
Climate,39,20260808,29,1e-12,50,0.0,15,True,False,15,True
Climate,39,20260808,30,0.001,2,0.0001180125233089452,1,True,False,17,True
Climate,39,20260808,30,0.001,5,0.0001180125233089452,1,True,False,17,True
Climate,39,20260808,30,0.001,50,0.0001180125233089452,1,True,False,17,True
Climate,39,20260808,30,1e-05,2,3.34505547251528e-05,2,False,True,17,True
Climate,39,20260808,30,1e-05,5,2.5987456338357632e-06,4,True,False,17,True
Climate,39,20260808,30,1e-05,50,2.5987456338357632e-06,4,True,False,17,True
Climate,39,20260808,30,1e-12,2,3.34505547251528e-05,2,False,True,17,True
Climate,39,20260808,30,1e-12,5,7.220726891372474e-07,5,False,True,17,True
Climate,39,20260808,30,1e-12,50,0.0,17,True,False,17,True
Climate,39,20260808,31,0.001,2,5.195214865090891e-05,1,True,False,15,True
Climate,39,20260808,31,0.001,5,5.195214865090891e-05,1,True,False,15,True
Climate,39,20260808,31,0.001,50,5.195214865090891e-05,1,True,False,15,True
Climate,39,20260808,31,1e-05,2,1.3291519233086359e-05,2,False,True,15,True
Climate,39,20260808,31,1e-05,5,3.3888661379175092e-06,3,True,False,15,True
Climate,39,20260808,31,1e-05,50,3.3888661379175092e-06,3,True,False,15,True
Climate,39,20260808,31,1e-12,2,1.3291519233086359e-05,2,False,True,15,True
Climate,39,20260808,31,1e-12,5,2.2067868852161358e-07,5,False,True,15,True
Climate,39,20260808,31,1e-12,50,0.0,15,True,False,15,True
Climate,39,20260808,32,0.001,2,6.891407734850698e-05,1,True,False,23,True
Climate,39,20260808,32,0.001,5,6.891407734850698e-05,1,True,False,23,True
Climate,39,20260808,32,0.001,50,6.891407734850698e-05,1,True,False,23,True
Climate,39,20260808,32,1e-05,2,2.8355063764078306e-05,2,False,True,23,True
Climate,39,20260808,32,1e-05,5,4.947233908356657e-06,4,True,False,23,True
Climate,39,20260808,32,1e-05,50,4.947233908356657e-06,4,True,False,23,True
Climate,39,20260808,32,1e-12,2,2.8355063764078306e-05,2,False,True,23,True
Climate,39,20260808,32,1e-12,5,2.067843529788764e-06,5,False,True,23,True
Climate,39,20260808,32,1e-12,50,0.0,23,True,False,23,True
Climate,39,20260808,33,0.001,2,5.777423813283504e-05,1,True,False,18,True
Climate,39,20260808,33,0.001,5,5.777423813283504e-05,1,True,False,18,True
Climate,39,20260808,33,0.001,50,5.777423813283504e-05,1,True,False,18,True
Climate,39,20260808,33,1e-05,2,1.8931844154043662e-05,2,False,True,18,True
Climate,39,20260808,33,1e-05,5,2.0650575015271127e-06,4,True,False,18,True
Climate,39,20260808,33,1e-05,50,2.0650575015271127e-06,4,True,False,18,True
Climate,39,20260808,33,1e-12,2,1.8931844154043662e-05,2,False,True,18,True
Climate,39,20260808,33,1e-12,5,6.835591553756944e-07,5,False,True,18,True
Climate,39,20260808,33,1e-12,50,0.0,18,True,False,18,True
Climate,39,20260808,34,0.001,2,8.496857810352352e-05,1,True,False,21,True
Climate,39,20260808,34,0.001,5,8.496857810352352e-05,1,True,False,21,True
Climate,39,20260808,34,0.001,50,8.496857810352352e-05,1,True,False,21,True
Climate,39,20260808,34,1e-05,2,3.2045078270378266e-05,2,False,True,21,True
Climate,39,20260808,34,1e-05,5,4.676030222093233e-06,4,True,False,21,True
Climate,39,20260808,34,1e-05,50,4.676030222093233e-06,4,True,False,21,True
Climate,39,20260808,34,1e-12,2,3.2045078270378266e-05,2,False,True,21,True
Climate,39,20260808,34,1e-12,5,1.7888213643776343e-06,5,False,True,21,True
Climate,39,20260808,34,1e-12,50,0.0,21,True,False,21,True
Climate,39,20260808,35,0.001,2,3.784523347999463e-05,1,True,False,12,True
Climate,39,20260808,35,0.001,5,3.784523347999463e-05,1,True,False,12,True
Climate,39,20260808,35,0.001,50,3.784523347999463e-05,1,True,False,12,True
Climate,39,20260808,35,1e-05,2,5.483295228495864e-06,2,False,True,12,True
Climate,39,20260808,35,1e-05,5,9.001647532217866e-07,3,True,False,12,True
Climate,39,20260808,35,1e-05,50,9.001647532217866e-07,3,True,False,12,True
Climate,39,20260808,35,1e-12,2,5.483295228495864e-06,2,False,True,12,True
Climate,39,20260808,35,1e-12,5,2.4339380868704814e-08,5,False,True,12,True
Climate,39,20260808,35,1e-12,50,0.0,12,True,False,12,True
Climate,39,20260808,36,0.001,2,8.98117219907022e-05,1,True,False,17,True
Climate,39,20260808,36,0.001,5,8.98117219907022e-05,1,True,False,17,True
Climate,39,20260808,36,0.001,50,8.98117219907022e-05,1,True,False,17,True
Climate,39,20260808,36,1e-05,2,2.6071181507124734e-05,2,False,True,17,True
Climate,39,20260808,36,1e-05,5,2.3017673889492143e-06,4,True,False,17,True
Climate,39,20260808,36,1e-05,50,2.3017673889492143e-06,4,True,False,17,True
Climate,39,20260808,36,1e-12,2,2.6071181507124734e-05,2,False,True,17,True
Climate,39,20260808,36,1e-12,5,6.856397575426241e-07,5,False,True,17,True
Climate,39,20260808,36,1e-12,50,0.0,17,True,False,17,True
Climate,39,20260808,37,0.001,2,6.656202242166955e-05,1,True,False,16,True
Climate,39,20260808,37,0.001,5,6.656202242166955e-05,1,True,False,16,True
Climate,39,20260808,37,0.001,50,6.656202242166955e-05,1,True,False,16,True
Climate,39,20260808,37,1e-05,2,1.568973336752363e-05,2,False,True,16,True
Climate,39,20260808,37,1e-05,5,9.218214577887751e-07,4,True,False,16,True
Climate,39,20260808,37,1e-05,50,9.218214577887751e-07,4,True,False,16,True
Climate,39,20260808,37,1e-12,2,1.568973336752363e-05,2,False,True,16,True
Climate,39,20260808,37,1e-12,5,2.3721607936835834e-07,5,False,True,16,True
Climate,39,20260808,37,1e-12,50,0.0,16,True,False,16,True
Climate,39,20260808,38,0.001,2,0.0002140781996561233,1,True,False,18,True
Climate,39,20260808,38,0.001,5,0.0002140781996561233,1,True,False,18,True
Climate,39,20260808,38,0.001,50,0.0002140781996561233,1,True,False,18,True
Climate,39,20260808,38,1e-05,2,6.515075364429318e-05,2,False,True,18,True
Climate,39,20260808,38,1e-05,5,1.7392172387398529e-06,5,True,False,18,True
Climate,39,20260808,38,1e-05,50,1.7392172387398529e-06,5,True,False,18,True
Climate,39,20260808,38,1e-12,2,6.515075364429318e-05,2,False,True,18,True
Climate,39,20260808,38,1e-12,5,1.7392172387398529e-06,5,False,True,18,True
Climate,39,20260808,38,1e-12,50,0.0,18,True,False,18,True
Climate,39,20260808,39,0.001,2,5.242965452780796e-05,1,True,False,17,True
Climate,39,20260808,39,0.001,5,5.242965452780796e-05,1,True,False,17,True
Climate,39,20260808,39,0.001,50,5.242965452780796e-05,1,True,False,17,True
Climate,39,20260808,39,1e-05,2,1.2163894272246995e-05,2,False,True,17,True
Climate,39,20260808,39,1e-05,5,2.868582078570383e-06,3,True,False,17,True
Climate,39,20260808,39,1e-05,50,2.868582078570383e-06,3,True,False,17,True
Climate,39,20260808,39,1e-12,2,1.2163894272246995e-05,2,False,True,17,True
Climate,39,20260808,39,1e-12,5,1.8481692349083187e-07,5,False,True,17,True
Climate,39,20260808,39,1e-12,50,0.0,17,True,False,17,True
Climate,39,20260808,40,0.001,2,3.6961004089399815e-06,2,True,False,8,True
Climate,39,20260808,40,0.001,5,3.6961004089399815e-06,2,True,False,8,True
Climate,39,20260808,40,0.001,50,3.6961004089399815e-06,2,True,False,8,True
Climate,39,20260808,40,1e-05,2,3.6961004089399815e-06,2,False,True,8,True
Climate,39,20260808,40,1e-05,5,1.3577153937436509e-07,3,True,False,8,True
Climate,39,20260808,40,1e-05,50,1.3577153937436509e-07,3,True,False,8,True
Climate,39,20260808,40,1e-12,2,3.6961004089399815e-06,2,False,True,8,True
Climate,39,20260808,40,1e-12,5,1.8314464697478555e-10,5,False,True,8,True
Climate,39,20260808,40,1e-12,50,0.0,8,True,False,8,True
Climate,39,20260808,41,0.001,2,8.964344935991113e-05,1,True,False,18,True
Climate,39,20260808,41,0.001,5,8.964344935991113e-05,1,True,False,18,True
Climate,39,20260808,41,0.001,50,8.964344935991113e-05,1,True,False,18,True
Climate,39,20260808,41,1e-05,2,2.719603563828626e-05,2,False,True,18,True
Climate,39,20260808,41,1e-05,5,2.564343199716449e-06,4,True,False,18,True
Climate,39,20260808,41,1e-05,50,2.564343199716449e-06,4,True,False,18,True
Climate,39,20260808,41,1e-12,2,2.719603563828626e-05,2,False,True,18,True
Climate,39,20260808,41,1e-12,5,7.879394482219264e-07,5,False,True,18,True
Climate,39,20260808,41,1e-12,50,0.0,18,True,False,18,True
Climate,39,20260808,42,0.001,2,4.084061374017992e-05,1,True,False,18,True
Climate,39,20260808,42,0.001,5,4.084061374017992e-05,1,True,False,18,True
Climate,39,20260808,42,0.001,50,4.084061374017992e-05,1,True,False,18,True
Climate,39,20260808,42,1e-05,2,1.3081843577599819e-05,2,False,True,18,True
Climate,39,20260808,42,1e-05,5,4.243407006208375e-06,3,True,False,18,True
Climate,39,20260808,42,1e-05,50,4.243407006208375e-06,3,True,False,18,True
Climate,39,20260808,42,1e-12,2,1.3081843577599819e-05,2,False,True,18,True
Climate,39,20260808,42,1e-12,5,4.4927895533092553e-07,5,False,True,18,True
Climate,39,20260808,42,1e-12,50,0.0,18,True,False,18,True
Climate,39,20260808,43,0.001,2,3.679815138568735e-05,1,True,False,20,True
Climate,39,20260808,43,0.001,5,3.679815138568735e-05,1,True,False,20,True
Climate,39,20260808,43,0.001,50,3.679815138568735e-05,1,True,False,20,True
Climate,39,20260808,43,1e-05,2,1.3411784178065757e-05,2,False,True,20,True
Climate,39,20260808,43,1e-05,5,5.0493620617798275e-06,3,True,False,20,True
Climate,39,20260808,43,1e-05,50,5.0493620617798275e-06,3,True,False,20,True
Climate,39,20260808,43,1e-12,2,1.3411784178065757e-05,2,False,True,20,True
Climate,39,20260808,43,1e-12,5,7.270859572552863e-07,5,False,True,20,True
Climate,39,20260808,43,1e-12,50,0.0,20,True,False,20,True
Climate,39,20260808,44,0.001,2,1.4868334447078473e-05,1,True,False,15,True
Climate,39,20260808,44,0.001,5,1.4868334447078473e-05,1,True,False,15,True
Climate,39,20260808,44,0.001,50,1.4868334447078473e-05,1,True,False,15,True
Climate,39,20260808,44,1e-05,2,4.166111576528867e-06,2,False,True,15,True
Climate,39,20260808,44,1e-05,5,1.17598744607184e-06,3,True,False,15,True
Climate,39,20260808,44,1e-05,50,1.17598744607184e-06,3,True,False,15,True
Climate,39,20260808,44,1e-12,2,4.166111576528867e-06,2,False,True,15,True
Climate,39,20260808,44,1e-12,5,9.500255013556448e-08,5,False,True,15,True
Climate,39,20260808,44,1e-12,50,0.0,15,True,False,15,True
Climate,39,20260808,45,0.001,2,0.0001232515381086373,1,True,False,15,True
Climate,39,20260808,45,0.001,5,0.0001232515381086373,1,True,False,15,True
Climate,39,20260808,45,0.001,50,0.0001232515381086373,1,True,False,15,True
Climate,39,20260808,45,1e-05,2,2.761202167664895e-05,2,False,True,15,True
Climate,39,20260808,45,1e-05,5,1.4204556182467237e-06,4,True,False,15,True
Climate,39,20260808,45,1e-05,50,1.4204556182467237e-06,4,True,False,15,True
Climate,39,20260808,45,1e-12,2,2.761202167664895e-05,2,False,True,15,True
Climate,39,20260808,45,1e-12,5,3.3083390623881383e-07,5,False,True,15,True
Climate,39,20260808,45,1e-12,50,0.0,15,True,False,15,True
Climate,39,20260808,46,0.001,2,5.765353524391166e-06,2,True,False,8,True
Climate,39,20260808,46,0.001,5,5.765353524391166e-06,2,True,False,8,True
Climate,39,20260808,46,0.001,50,5.765353524391166e-06,2,True,False,8,True
Climate,39,20260808,46,1e-05,2,5.765353524391166e-06,2,False,True,8,True
Climate,39,20260808,46,1e-05,5,2.0197439640363694e-07,3,True,False,8,True
Climate,39,20260808,46,1e-05,50,2.0197439640363694e-07,3,True,False,8,True
Climate,39,20260808,46,1e-12,2,5.765353524391166e-06,2,False,True,8,True
Climate,39,20260808,46,1e-12,5,2.4808904857986275e-10,5,False,True,8,True
Climate,39,20260808,46,1e-12,50,0.0,8,True,False,8,True
Climate,39,20260808,47,0.001,2,6.780843951532794e-05,1,True,False,16,True
Climate,39,20260808,47,0.001,5,6.780843951532794e-05,1,True,False,16,True
Climate,39,20260808,47,0.001,50,6.780843951532794e-05,1,True,False,16,True
Climate,39,20260808,47,1e-05,2,1.7335720523171223e-05,2,False,True,16,True
Climate,39,20260808,47,1e-05,5,1.1579066678711858e-06,4,True,False,16,True
Climate,39,20260808,47,1e-05,50,1.1579066678711858e-06,4,True,False,16,True
Climate,39,20260808,47,1e-12,2,1.7335720523171223e-05,2,False,True,16,True
Climate,39,20260808,47,1e-12,5,3.03598743245974e-07,5,False,True,16,True
Climate,39,20260808,47,1e-12,50,0.0,16,True,False,16,True
Climate,39,20260808,48,0.001,2,7.615729995318951e-05,1,True,False,19,True
Climate,39,20260808,48,0.001,5,7.615729995318951e-05,1,True,False,19,True
Climate,39,20260808,48,0.001,50,7.615729995318951e-05,1,True,False,19,True
Climate,39,20260808,48,1e-05,2,2.5797638546330277e-05,2,False,True,19,True
Climate,39,20260808,48,1e-05,5,2.9548429125901697e-06,4,True,False,19,True
Climate,39,20260808,48,1e-05,50,2.9548429125901697e-06,4,True,False,19,True
Climate,39,20260808,48,1e-12,2,2.5797638546330277e-05,2,False,True,19,True
Climate,39,20260808,48,1e-12,5,9.998753851474044e-07,5,False,True,19,True
Climate,39,20260808,48,1e-12,50,0.0,19,True,False,19,True
Climate,39,20260808,49,0.001,2,7.571905857865036e-05,1,True,False,19,True
Climate,39,20260808,49,0.001,5,7.571905857865036e-05,1,True,False,19,True
Climate,39,20260808,49,0.001,50,7.571905857865036e-05,1,True,False,19,True
Climate,39,20260808,49,1e-05,2,2.0610947383067714e-05,2,False,True,19,True
Climate,39,20260808,49,1e-05,5,1.9902752804529207e-06,4,True,False,19,True
Climate,39,20260808,49,1e-05,50,1.9902752804529207e-06,4,True,False,19,True
Climate,39,20260808,49,1e-12,2,2.0610947383067714e-05,2,False,True,19,True
Climate,39,20260808,49,1e-12,5,6.761768425680831e-07,5,False,True,19,True
Climate,39,20260808,49,1e-12,50,0.0,19,True,False,19,True
Climate,39,20260808,50,0.001,2,3.987559156976697e-05,1,True,False,12,True
Climate,39,20260808,50,0.001,5,3.987559156976697e-05,1,True,False,12,True
Climate,39,20260808,50,0.001,50,3.987559156976697e-05,1,True,False,12,True
Climate,39,20260808,50,1e-05,2,6.209647357073008e-06,2,False,True,12,True
Climate,39,20260808,50,1e-05,5,9.73221583987268e-07,3,True,False,12,True
Climate,39,20260808,50,1e-05,50,9.73221583987268e-07,3,True,False,12,True
Climate,39,20260808,50,1e-12,2,6.209647357073008e-06,2,False,True,12,True
Climate,39,20260808,50,1e-12,5,2.4688344706821816e-08,5,False,True,12,True
Climate,39,20260808,50,1e-12,50,0.0,12,True,False,12,True
Climate,39,20260808,51,0.001,2,0.00020382370467694294,1,True,False,19,True
Climate,39,20260808,51,0.001,5,0.00020382370467694294,1,True,False,19,True
Climate,39,20260808,51,0.001,50,0.00020382370467694294,1,True,False,19,True
Climate,39,20260808,51,1e-05,2,6.713161435097532e-05,2,False,True,19,True
Climate,39,20260808,51,1e-05,5,2.2298554182539573e-06,5,True,False,19,True
Climate,39,20260808,51,1e-05,50,2.2298554182539573e-06,5,True,False,19,True
Climate,39,20260808,51,1e-12,2,6.713161435097532e-05,2,False,True,19,True
Climate,39,20260808,51,1e-12,5,2.2298554182539573e-06,5,False,True,19,True
Climate,39,20260808,51,1e-12,50,0.0,19,True,False,19,True
Climate,39,20260808,52,0.001,2,4.9438756094972544e-05,1,True,False,17,True
Climate,39,20260808,52,0.001,5,4.9438756094972544e-05,1,True,False,17,True
Climate,39,20260808,52,0.001,50,4.9438756094972544e-05,1,True,False,17,True
Climate,39,20260808,52,1e-05,2,1.5399518058211983e-05,2,False,True,17,True
Climate,39,20260808,52,1e-05,5,1.482324863786704e-06,4,True,False,17,True
Climate,39,20260808,52,1e-05,50,1.482324863786704e-06,4,True,False,17,True
Climate,39,20260808,52,1e-12,2,1.5399518058211983e-05,2,False,True,17,True
Climate,39,20260808,52,1e-12,5,4.5953209298371326e-07,5,False,True,17,True
Climate,39,20260808,52,1e-12,50,0.0,17,True,False,17,True
Climate,39,20260808,53,0.001,2,2.3019900306653367e-05,1,True,False,16,True
Climate,39,20260808,53,0.001,5,2.3019900306653367e-05,1,True,False,16,True
Climate,39,20260808,53,0.001,50,2.3019900306653367e-05,1,True,False,16,True
Climate,39,20260808,53,1e-05,2,5.873272544599097e-06,2,False,True,16,True
Climate,39,20260808,53,1e-05,5,1.6240560621466806e-06,3,True,False,16,True
Climate,39,20260808,53,1e-05,50,1.6240560621466806e-06,3,True,False,16,True
Climate,39,20260808,53,1e-12,2,5.873272544599097e-06,2,False,True,16,True
Climate,39,20260808,53,1e-12,5,1.3756927591324548e-07,5,False,True,16,True
Climate,39,20260808,53,1e-12,50,0.0,16,True,False,16,True
Climate,39,20260808,54,0.001,2,8.595331394995922e-05,1,True,False,18,True
Climate,39,20260808,54,0.001,5,8.595331394995922e-05,1,True,False,18,True
Climate,39,20260808,54,0.001,50,8.595331394995922e-05,1,True,False,18,True
Climate,39,20260808,54,1e-05,2,2.7442719183959584e-05,2,False,True,18,True
Climate,39,20260808,54,1e-05,5,2.77543400510348e-06,4,True,False,18,True
Climate,39,20260808,54,1e-05,50,2.77543400510348e-06,4,True,False,18,True
Climate,39,20260808,54,1e-12,2,2.7442719183959584e-05,2,False,True,18,True
Climate,39,20260808,54,1e-12,5,8.817845971010403e-07,5,False,True,18,True
Climate,39,20260808,54,1e-12,50,0.0,18,True,False,18,True
Climate,39,20260808,55,0.001,2,6.976713048777709e-05,1,True,False,18,True
Climate,39,20260808,55,0.001,5,6.976713048777709e-05,1,True,False,18,True
Climate,39,20260808,55,0.001,50,6.976713048777709e-05,1,True,False,18,True
Climate,39,20260808,55,1e-05,2,2.124324304240063e-05,2,False,True,18,True
Climate,39,20260808,55,1e-05,5,2.1394643888659633e-06,4,True,False,18,True
Climate,39,20260808,55,1e-05,50,2.1394643888659633e-06,4,True,False,18,True
Climate,39,20260808,55,1e-12,2,2.124324304240063e-05,2,False,True,18,True
Climate,39,20260808,55,1e-12,5,6.890622038099883e-07,5,False,True,18,True
Climate,39,20260808,55,1e-12,50,0.0,18,True,False,18,True
Climate,39,20260808,56,0.001,2,6.116586817652252e-05,1,True,False,17,True
Climate,39,20260808,56,0.001,5,6.116586817652252e-05,1,True,False,17,True
Climate,39,20260808,56,0.001,50,6.116586817652252e-05,1,True,False,17,True
Climate,39,20260808,56,1e-05,2,1.7336431520645932e-05,2,False,True,17,True
Climate,39,20260808,56,1e-05,5,1.4708904779129552e-06,4,True,False,17,True
Climate,39,20260808,56,1e-05,50,1.4708904779129552e-06,4,True,False,17,True
Climate,39,20260808,56,1e-12,2,1.7336431520645932e-05,2,False,True,17,True
Climate,39,20260808,56,1e-12,5,4.4040596227655787e-07,5,False,True,17,True
Climate,39,20260808,56,1e-12,50,0.0,17,True,False,17,True
Climate,39,20260808,57,0.001,2,9.328509263763688e-06,1,True,False,16,True
Climate,39,20260808,57,0.001,5,9.328509263763688e-06,1,True,False,16,True
Climate,39,20260808,57,0.001,50,9.328509263763688e-06,1,True,False,16,True
Climate,39,20260808,57,1e-05,2,2.1690038690618265e-06,2,True,False,16,True
Climate,39,20260808,57,1e-05,5,2.1690038690618265e-06,2,True,False,16,True
Climate,39,20260808,57,1e-05,50,2.1690038690618265e-06,2,True,False,16,True
Climate,39,20260808,57,1e-12,2,2.1690038690618265e-06,2,False,True,16,True
Climate,39,20260808,57,1e-12,5,5.407968433314476e-08,5,False,True,16,True
Climate,39,20260808,57,1e-12,50,0.0,16,True,False,16,True
Climate,39,20260808,58,0.001,2,4.015609435528791e-05,1,True,False,17,True
Climate,39,20260808,58,0.001,5,4.015609435528791e-05,1,True,False,17,True
Climate,39,20260808,58,0.001,50,4.015609435528791e-05,1,True,False,17,True
Climate,39,20260808,58,1e-05,2,1.1132942989794085e-05,2,False,True,17,True
Climate,39,20260808,58,1e-05,5,3.209313774959566e-06,3,True,False,17,True
Climate,39,20260808,58,1e-05,50,3.209313774959566e-06,3,True,False,17,True
Climate,39,20260808,58,1e-12,2,1.1132942989794085e-05,2,False,True,17,True
Climate,39,20260808,58,1e-12,5,2.8422105949216814e-07,5,False,True,17,True
Climate,39,20260808,58,1e-12,50,0.0,17,True,False,17,True
Climate,39,20260808,59,0.001,2,5.4735131713521746e-05,1,True,False,14,True
Climate,39,20260808,59,0.001,5,5.4735131713521746e-05,1,True,False,14,True
Climate,39,20260808,59,0.001,50,5.4735131713521746e-05,1,True,False,14,True
Climate,39,20260808,59,1e-05,2,1.0254796705630466e-05,2,False,True,14,True
Climate,39,20260808,59,1e-05,5,1.9633673346046663e-06,3,True,False,14,True
Climate,39,20260808,59,1e-05,50,1.9633673346046663e-06,3,True,False,14,True
Climate,39,20260808,59,1e-12,2,1.0254796705630466e-05,2,False,True,14,True
Climate,39,20260808,59,1e-12,5,8.026969664704168e-08,5,False,True,14,True
Climate,39,20260808,59,1e-12,50,0.0,14,True,False,14,True
Climate,39,20260808,60,0.001,2,6.176744944527217e-05,1,True,False,17,True
Climate,39,20260808,60,0.001,5,6.176744944527217e-05,1,True,False,17,True
Climate,39,20260808,60,0.001,50,6.176744944527217e-05,1,True,False,17,True
Climate,39,20260808,60,1e-05,2,1.6855176380879283e-05,2,False,True,17,True
Climate,39,20260808,60,1e-05,5,1.4257153155191259e-06,4,True,False,17,True
Climate,39,20260808,60,1e-05,50,1.4257153155191259e-06,4,True,False,17,True
Climate,39,20260808,60,1e-12,2,1.6855176380879283e-05,2,False,True,17,True
Climate,39,20260808,60,1e-12,5,4.2846906613395606e-07,5,False,True,17,True
Climate,39,20260808,60,1e-12,50,0.0,17,True,False,17,True
Climate,39,20260808,61,0.001,2,8.281698244748655e-05,1,True,False,16,True
Climate,39,20260808,61,0.001,5,8.281698244748655e-05,1,True,False,16,True
Climate,39,20260808,61,0.001,50,8.281698244748655e-05,1,True,False,16,True
Climate,39,20260808,61,1e-05,2,2.235135253648874e-05,2,False,True,16,True
Climate,39,20260808,61,1e-05,5,1.6453389318661204e-06,4,True,False,16,True
Climate,39,20260808,61,1e-05,50,1.6453389318661204e-06,4,True,False,16,True
Climate,39,20260808,61,1e-12,2,2.235135253648874e-05,2,False,True,16,True
Climate,39,20260808,61,1e-12,5,4.468141063438361e-07,5,False,True,16,True
Climate,39,20260808,61,1e-12,50,0.0,16,True,False,16,True
Climate,39,20260808,62,0.001,2,0.00010287418149026416,1,True,False,18,True
Climate,39,20260808,62,0.001,5,0.00010287418149026416,1,True,False,18,True
Climate,39,20260808,62,0.001,50,0.00010287418149026416,1,True,False,18,True
Climate,39,20260808,62,1e-05,2,3.2190652671285895e-05,2,False,True,18,True
Climate,39,20260808,62,1e-05,5,3.1539716166014067e-06,4,True,False,18,True
Climate,39,20260808,62,1e-05,50,3.1539716166014067e-06,4,True,False,18,True
Climate,39,20260808,62,1e-12,2,3.2190652671285895e-05,2,False,True,18,True
Climate,39,20260808,62,1e-12,5,9.902937752743513e-07,5,False,True,18,True
Climate,39,20260808,62,1e-12,50,0.0,18,True,False,18,True
Climate,39,20260808,63,0.001,2,1.3464061160830254e-06,2,True,False,7,True
Climate,39,20260808,63,0.001,5,1.3464061160830254e-06,2,True,False,7,True
Climate,39,20260808,63,0.001,50,1.3464061160830254e-06,2,True,False,7,True
Climate,39,20260808,63,1e-05,2,1.3464061160830254e-06,2,False,True,7,True
Climate,39,20260808,63,1e-05,5,2.0883430308944865e-08,3,True,False,7,True
Climate,39,20260808,63,1e-05,50,2.0883430308944865e-08,3,True,False,7,True
Climate,39,20260808,63,1e-12,2,1.3464061160830254e-06,2,False,True,7,True
Climate,39,20260808,63,1e-12,5,6.135800510205472e-12,5,False,True,7,True
Climate,39,20260808,63,1e-12,50,0.0,7,True,False,7,True
Climate,39,20260808,64,0.001,2,6.979409544966128e-05,1,True,False,18,True
Climate,39,20260808,64,0.001,5,6.979409544966128e-05,1,True,False,18,True
Climate,39,20260808,64,0.001,50,6.979409544966128e-05,1,True,False,18,True
Climate,39,20260808,64,1e-05,2,2.154814648313975e-05,2,False,True,18,True
Climate,39,20260808,64,1e-05,5,2.2289133543151487e-06,4,True,False,18,True
Climate,39,20260808,64,1e-05,50,2.2289133543151487e-06,4,True,False,18,True
Climate,39,20260808,64,1e-12,2,2.154814648313975e-05,2,False,True,18,True
Climate,39,20260808,64,1e-12,5,7.287017053224551e-07,5,False,True,18,True
Climate,39,20260808,64,1e-12,50,0.0,18,True,False,18,True
Climate,39,20260808,65,0.001,2,1.5021222030487581e-06,2,True,False,8,True
Climate,39,20260808,65,0.001,5,1.5021222030487581e-06,2,True,False,8,True
Climate,39,20260808,65,0.001,50,1.5021222030487581e-06,2,True,False,8,True
Climate,39,20260808,65,1e-05,2,1.5021222030487581e-06,2,False,True,8,True
Climate,39,20260808,65,1e-05,5,4.3716565697434644e-08,3,True,False,8,True
Climate,39,20260808,65,1e-05,50,4.3716565697434644e-08,3,True,False,8,True
Climate,39,20260808,65,1e-12,2,1.5021222030487581e-06,2,False,True,8,True
Climate,39,20260808,65,1e-12,5,4.790644693843952e-11,5,False,True,8,True
Climate,39,20260808,65,1e-12,50,0.0,8,True,False,8,True
Climate,39,20260808,66,0.001,2,0.00011289450471295407,1,True,False,21,True
Climate,39,20260808,66,0.001,5,0.00011289450471295407,1,True,False,21,True
Climate,39,20260808,66,0.001,50,0.00011289450471295407,1,True,False,21,True
Climate,39,20260808,66,1e-05,2,4.147771226568663e-05,2,False,True,21,True
Climate,39,20260808,66,1e-05,5,5.588255824866857e-06,4,True,False,21,True
Climate,39,20260808,66,1e-05,50,5.588255824866857e-06,4,True,False,21,True
Climate,39,20260808,66,1e-12,2,4.147771226568663e-05,2,False,True,21,True
Climate,39,20260808,66,1e-12,5,2.0489187848218557e-06,5,False,True,21,True
Climate,39,20260808,66,1e-12,50,0.0,21,True,False,21,True
Climate,39,20260808,67,0.001,2,7.907178635593516e-05,1,True,False,16,True
Climate,39,20260808,67,0.001,5,7.907178635593516e-05,1,True,False,16,True
Climate,39,20260808,67,0.001,50,7.907178635593516e-05,1,True,False,16,True
Climate,39,20260808,67,1e-05,2,2.1393414591124276e-05,2,False,True,16,True
Climate,39,20260808,67,1e-05,5,1.5943647932979536e-06,4,True,False,16,True
Climate,39,20260808,67,1e-05,50,1.5943647932979536e-06,4,True,False,16,True
Climate,39,20260808,67,1e-12,2,2.1393414591124276e-05,2,False,True,16,True
Climate,39,20260808,67,1e-12,5,4.3729046466494337e-07,5,False,True,16,True
Climate,39,20260808,67,1e-12,50,0.0,16,True,False,16,True
Climate,39,20260808,68,0.001,2,1.9866797798842742e-05,1,True,False,16,True
Climate,39,20260808,68,0.001,5,1.9866797798842742e-05,1,True,False,16,True
Climate,39,20260808,68,0.001,50,1.9866797798842742e-05,1,True,False,16,True
Climate,39,20260808,68,1e-05,2,4.9347605723046425e-06,2,False,True,16,True
Climate,39,20260808,68,1e-05,5,1.2506539885052629e-06,3,True,False,16,True
Climate,39,20260808,68,1e-05,50,1.2506539885052629e-06,3,True,False,16,True
Climate,39,20260808,68,1e-12,2,4.9347605723046425e-06,2,False,True,16,True
Climate,39,20260808,68,1e-12,5,8.610901270584499e-08,5,False,True,16,True
Climate,39,20260808,68,1e-12,50,0.0,16,True,False,16,True
Climate,39,20260808,69,0.001,2,8.309976643146944e-05,1,True,False,16,True
Climate,39,20260808,69,0.001,5,8.309976643146944e-05,1,True,False,16,True
Climate,39,20260808,69,0.001,50,8.309976643146944e-05,1,True,False,16,True
Climate,39,20260808,69,1e-05,2,2.261150625868292e-05,2,False,True,16,True
Climate,39,20260808,69,1e-05,5,1.7185910635637068e-06,4,True,False,16,True
Climate,39,20260808,69,1e-05,50,1.7185910635637068e-06,4,True,False,16,True
Climate,39,20260808,69,1e-12,2,2.261150625868292e-05,2,False,True,16,True
Climate,39,20260808,69,1e-12,5,4.736817259810492e-07,5,False,True,16,True
Climate,39,20260808,69,1e-12,50,0.0,16,True,False,16,True
Climate,39,20260808,70,0.001,2,2.2657960260606752e-05,1,True,False,17,True
Climate,39,20260808,70,0.001,5,2.2657960260606752e-05,1,True,False,17,True
Climate,39,20260808,70,0.001,50,2.2657960260606752e-05,1,True,False,17,True
Climate,39,20260808,70,1e-05,2,7.1172365078001435e-06,2,False,True,17,True
Climate,39,20260808,70,1e-05,5,2.2432463429338353e-06,3,True,False,17,True
Climate,39,20260808,70,1e-05,50,2.2432463429338353e-06,3,True,False,17,True
Climate,39,20260808,70,1e-12,2,7.1172365078001435e-06,2,False,True,17,True
Climate,39,20260808,70,1e-12,5,2.2414965348818169e-07,5,False,True,17,True
Climate,39,20260808,70,1e-12,50,0.0,17,True,False,17,True
Climate,39,20260808,71,0.001,2,4.16755101131006e-05,1,True,False,17,True
Climate,39,20260808,71,0.001,5,4.16755101131006e-05,1,True,False,17,True
Climate,39,20260808,71,0.001,50,4.16755101131006e-05,1,True,False,17,True
Climate,39,20260808,71,1e-05,2,1.097886315706448e-05,2,False,True,17,True
Climate,39,20260808,71,1e-05,5,2.9745057995099884e-06,3,True,False,17,True
Climate,39,20260808,71,1e-05,50,2.9745057995099884e-06,3,True,False,17,True
Climate,39,20260808,71,1e-12,2,1.097886315706448e-05,2,False,True,17,True
Climate,39,20260808,71,1e-12,5,2.386410154155346e-07,5,False,True,17,True
Climate,39,20260808,71,1e-12,50,0.0,17,True,False,17,True
Climate,39,20260808,72,0.001,2,3.42037768696763e-05,1,True,False,19,True
Climate,39,20260808,72,0.001,5,3.42037768696763e-05,1,True,False,19,True
Climate,39,20260808,72,0.001,50,3.42037768696763e-05,1,True,False,19,True
Climate,39,20260808,72,1e-05,2,1.2028984954265103e-05,2,False,True,19,True
Climate,39,20260808,72,1e-05,5,4.311447713740065e-06,3,True,False,19,True
Climate,39,20260808,72,1e-05,50,4.311447713740065e-06,3,True,False,19,True
Climate,39,20260808,72,1e-12,2,1.2028984954265103e-05,2,False,True,19,True
Climate,39,20260808,72,1e-12,5,5.614474228375283e-07,5,False,True,19,True
Climate,39,20260808,72,1e-12,50,0.0,19,True,False,19,True
Climate,39,20260808,73,0.001,2,3.375338902083853e-05,1,True,False,17,True
Climate,39,20260808,73,0.001,5,3.375338902083853e-05,1,True,False,17,True
Climate,39,20260808,73,0.001,50,3.375338902083853e-05,1,True,False,17,True
Climate,39,20260808,73,1e-05,2,8.919804549789711e-06,2,False,True,17,True
Climate,39,20260808,73,1e-05,5,2.606845165821478e-06,3,True,False,17,True
Climate,39,20260808,73,1e-05,50,2.606845165821478e-06,3,True,False,17,True
Climate,39,20260808,73,1e-12,2,8.919804549789711e-06,2,False,True,17,True
Climate,39,20260808,73,1e-12,5,2.574253073123476e-07,5,False,True,17,True
Climate,39,20260808,73,1e-12,50,0.0,17,True,False,17,True
Climate,39,20260808,74,0.001,2,5.749069837250088e-05,1,True,False,18,True
Climate,39,20260808,74,0.001,5,5.749069837250088e-05,1,True,False,18,True
Climate,39,20260808,74,0.001,50,5.749069837250088e-05,1,True,False,18,True
Climate,39,20260808,74,1e-05,2,1.8864971885328788e-05,2,False,True,18,True
Climate,39,20260808,74,1e-05,5,2.0165244099230554e-06,4,True,False,18,True
Climate,39,20260808,74,1e-05,50,2.0165244099230554e-06,4,True,False,18,True
Climate,39,20260808,74,1e-12,2,1.8864971885328788e-05,2,False,True,18,True
Climate,39,20260808,74,1e-12,5,6.587183672508366e-07,5,False,True,18,True
Climate,39,20260808,74,1e-12,50,0.0,18,True,False,18,True
Climate,39,20260808,75,0.001,2,7.467527727585535e-05,1,True,False,15,True
Climate,39,20260808,75,0.001,5,7.467527727585535e-05,1,True,False,15,True
Climate,39,20260808,75,0.001,50,7.467527727585535e-05,1,True,False,15,True
Climate,39,20260808,75,1e-05,2,1.6824889307879548e-05,2,False,True,15,True
Climate,39,20260808,75,1e-05,5,8.50531567321158e-07,4,True,False,15,True
Climate,39,20260808,75,1e-05,50,8.50531567321158e-07,4,True,False,15,True
Climate,39,20260808,75,1e-12,2,1.6824889307879548e-05,2,False,True,15,True
Climate,39,20260808,75,1e-12,5,1.9362895840324483e-07,5,False,True,15,True
Climate,39,20260808,75,1e-12,50,0.0,15,True,False,15,True
Climate,39,20260808,76,0.001,2,0.00010600423084675398,1,True,False,16,True
Climate,39,20260808,76,0.001,5,0.00010600423084675398,1,True,False,16,True
Climate,39,20260808,76,0.001,50,0.00010600423084675398,1,True,False,16,True
Climate,39,20260808,76,1e-05,2,2.6546253906600463e-05,2,False,True,16,True
Climate,39,20260808,76,1e-05,5,1.6910994069974003e-06,4,True,False,16,True
Climate,39,20260808,76,1e-05,50,1.6910994069974003e-06,4,True,False,16,True
Climate,39,20260808,76,1e-12,2,2.6546253906600463e-05,2,False,True,16,True
Climate,39,20260808,76,1e-12,5,4.3392681743332884e-07,5,False,True,16,True
Climate,39,20260808,76,1e-12,50,0.0,16,True,False,16,True
Climate,39,20260808,77,0.001,2,1.897183537813411e-05,1,True,False,14,True
Climate,39,20260808,77,0.001,5,1.897183537813411e-05,1,True,False,14,True
Climate,39,20260808,77,0.001,50,1.897183537813411e-05,1,True,False,14,True
Climate,39,20260808,77,1e-05,2,4.351561888015419e-06,2,False,True,14,True
Climate,39,20260808,77,1e-05,5,1.0072072690508642e-06,3,True,False,14,True
Climate,39,20260808,77,1e-05,50,1.0072072690508642e-06,3,True,False,14,True
Climate,39,20260808,77,1e-12,2,4.351561888015419e-06,2,False,True,14,True
Climate,39,20260808,77,1e-12,5,5.486712533438655e-08,5,False,True,14,True
Climate,39,20260808,77,1e-12,50,0.0,14,True,False,14,True
Climate,39,20260808,78,0.001,2,3.380114029915206e-05,1,True,False,18,True
Climate,39,20260808,78,0.001,5,3.380114029915206e-05,1,True,False,18,True
Climate,39,20260808,78,0.001,50,3.380114029915206e-05,1,True,False,18,True
Climate,39,20260808,78,1e-05,2,8.697521614522876e-06,2,False,True,18,True
Climate,39,20260808,78,1e-05,5,2.6275445889948345e-06,3,True,False,18,True
Climate,39,20260808,78,1e-05,50,2.6275445889948345e-06,3,True,False,18,True
Climate,39,20260808,78,1e-12,2,8.697521614522876e-06,2,False,True,18,True
Climate,39,20260808,78,1e-12,5,2.971075813643914e-07,5,False,True,18,True
Climate,39,20260808,78,1e-12,50,0.0,18,True,False,18,True
Climate,39,20260808,79,0.001,2,7.988406731147368e-05,1,True,False,14,True
Climate,39,20260808,79,0.001,5,7.988406731147368e-05,1,True,False,14,True
Climate,39,20260808,79,0.001,50,7.988406731147368e-05,1,True,False,14,True
Climate,39,20260808,79,1e-05,2,1.3713339340493482e-05,2,False,True,14,True
Climate,39,20260808,79,1e-05,5,4.746254000891178e-07,4,True,False,14,True
Climate,39,20260808,79,1e-05,50,4.746254000891178e-07,4,True,False,14,True
Climate,39,20260808,79,1e-12,2,1.3713339340493482e-05,2,False,True,14,True
Climate,39,20260808,79,1e-12,5,9.933240825527534e-08,5,False,True,14,True
Climate,39,20260808,79,1e-12,50,0.0,14,True,False,14,True
Climate,39,20260808,80,0.001,2,3.6726349195483483e-06,2,True,False,8,True
Climate,39,20260808,80,0.001,5,3.6726349195483483e-06,2,True,False,8,True
Climate,39,20260808,80,0.001,50,3.6726349195483483e-06,2,True,False,8,True
Climate,39,20260808,80,1e-05,2,3.6726349195483483e-06,2,False,True,8,True
Climate,39,20260808,80,1e-05,5,1.1524714723048172e-07,3,True,False,8,True
Climate,39,20260808,80,1e-05,50,1.1524714723048172e-07,3,True,False,8,True
Climate,39,20260808,80,1e-12,2,3.6726349195483483e-06,2,False,True,8,True
Climate,39,20260808,80,1e-12,5,1.2099640400543397e-10,5,False,True,8,True
Climate,39,20260808,80,1e-12,50,0.0,8,True,False,8,True
Climate,39,20260808,81,0.001,2,1.5196685723294145e-05,1,True,False,12,True
Climate,39,20260808,81,0.001,5,1.5196685723294145e-05,1,True,False,12,True
Climate,39,20260808,81,0.001,50,1.5196685723294145e-05,1,True,False,12,True
Climate,39,20260808,81,1e-05,2,2.5014989623452713e-06,2,False,True,12,True
Climate,39,20260808,81,1e-05,5,4.1188792568802057e-07,3,True,False,12,True
Climate,39,20260808,81,1e-05,50,4.1188792568802057e-07,3,True,False,12,True
Climate,39,20260808,81,1e-12,2,2.5014989623452713e-06,2,False,True,12,True
Climate,39,20260808,81,1e-12,5,1.1247405047472573e-08,5,False,True,12,True
Climate,39,20260808,81,1e-12,50,0.0,12,True,False,12,True
Climate,39,20260808,82,0.001,2,5.92674716564867e-05,1,True,False,16,True
Climate,39,20260808,82,0.001,5,5.92674716564867e-05,1,True,False,16,True
Climate,39,20260808,82,0.001,50,5.92674716564867e-05,1,True,False,16,True
Climate,39,20260808,82,1e-05,2,1.5599712056352704e-05,2,False,True,16,True
Climate,39,20260808,82,1e-05,5,1.1076427430201792e-06,4,True,False,16,True
Climate,39,20260808,82,1e-05,50,1.1076427430201792e-06,4,True,False,16,True
Climate,39,20260808,82,1e-12,2,1.5599712056352704e-05,2,False,True,16,True
Climate,39,20260808,82,1e-12,5,2.966863912897481e-07,5,False,True,16,True
Climate,39,20260808,82,1e-12,50,0.0,16,True,False,16,True
Climate,39,20260808,83,0.001,2,3.470505745033891e-05,1,True,False,17,True
Climate,39,20260808,83,0.001,5,3.470505745033891e-05,1,True,False,17,True
Climate,39,20260808,83,0.001,50,3.470505745033891e-05,1,True,False,17,True
Climate,39,20260808,83,1e-05,2,8.856219045280766e-06,2,False,True,17,True
Climate,39,20260808,83,1e-05,5,2.3082232609727384e-06,3,True,False,17,True
Climate,39,20260808,83,1e-05,50,2.3082232609727384e-06,3,True,False,17,True
Climate,39,20260808,83,1e-12,2,8.856219045280766e-06,2,False,True,17,True
Climate,39,20260808,83,1e-12,5,1.7828503328284765e-07,5,False,True,17,True
Climate,39,20260808,83,1e-12,50,0.0,17,True,False,17,True
Climate,39,20260808,84,0.001,2,4.684028547334984e-05,1,True,False,18,True
Climate,39,20260808,84,0.001,5,4.684028547334984e-05,1,True,False,18,True
Climate,39,20260808,84,0.001,50,4.684028547334984e-05,1,True,False,18,True
Climate,39,20260808,84,1e-05,2,1.0353343530543227e-05,2,False,True,18,True
Climate,39,20260808,84,1e-05,5,2.916350444041729e-06,3,True,False,18,True
Climate,39,20260808,84,1e-05,50,2.916350444041729e-06,3,True,False,18,True
Climate,39,20260808,84,1e-12,2,1.0353343530543227e-05,2,False,True,18,True
Climate,39,20260808,84,1e-12,5,3.212221692544354e-07,5,False,True,18,True
Climate,39,20260808,84,1e-12,50,0.0,18,True,False,18,True
Climate,39,20260808,85,0.001,2,0.00010529465002906635,1,True,False,18,True
Climate,39,20260808,85,0.001,5,0.00010529465002906635,1,True,False,18,True
Climate,39,20260808,85,0.001,50,0.00010529465002906635,1,True,False,18,True
Climate,39,20260808,85,1e-05,2,3.2375862096979905e-05,2,False,True,18,True
Climate,39,20260808,85,1e-05,5,3.0590476965327025e-06,4,True,False,18,True
Climate,39,20260808,85,1e-05,50,3.0590476965327025e-06,4,True,False,18,True
Climate,39,20260808,85,1e-12,2,3.2375862096979905e-05,2,False,True,18,True
Climate,39,20260808,85,1e-12,5,9.401038771930124e-07,5,False,True,18,True
Climate,39,20260808,85,1e-12,50,0.0,18,True,False,18,True
Climate,39,20260808,86,0.001,2,1.0392238391746039e-05,1,True,False,16,True
Climate,39,20260808,86,0.001,5,1.0392238391746039e-05,1,True,False,16,True
Climate,39,20260808,86,0.001,50,1.0392238391746039e-05,1,True,False,16,True
Climate,39,20260808,86,1e-05,2,2.0097667167060407e-06,2,True,False,16,True
Climate,39,20260808,86,1e-05,5,2.0097667167060407e-06,2,True,False,16,True
Climate,39,20260808,86,1e-05,50,2.0097667167060407e-06,2,True,False,16,True
Climate,39,20260808,86,1e-12,2,2.0097667167060407e-06,2,False,True,16,True
Climate,39,20260808,86,1e-12,5,4.672300651181485e-08,5,False,True,16,True
Climate,39,20260808,86,1e-12,50,0.0,16,True,False,16,True
Climate,39,20260808,87,0.001,2,2.335104356539764e-06,2,True,False,7,True
Climate,39,20260808,87,0.001,5,2.335104356539764e-06,2,True,False,7,True
Climate,39,20260808,87,0.001,50,2.335104356539764e-06,2,True,False,7,True
Climate,39,20260808,87,1e-05,2,2.335104356539764e-06,2,False,True,7,True
Climate,39,20260808,87,1e-05,5,5.678165420661716e-08,3,True,False,7,True
Climate,39,20260808,87,1e-05,50,5.678165420661716e-08,3,True,False,7,True
Climate,39,20260808,87,1e-12,2,2.335104356539764e-06,2,False,True,7,True
Climate,39,20260808,87,1e-12,5,3.4299335105777205e-11,5,False,True,7,True
Climate,39,20260808,87,1e-12,50,0.0,7,True,False,7,True
Climate,39,20260808,88,0.001,2,7.740800387760992e-05,1,True,False,20,True
Climate,39,20260808,88,0.001,5,7.740800387760992e-05,1,True,False,20,True
Climate,39,20260808,88,0.001,50,7.740800387760992e-05,1,True,False,20,True
Climate,39,20260808,88,1e-05,2,2.712026769430865e-05,2,False,True,20,True
Climate,39,20260808,88,1e-05,5,3.5215717105493114e-06,4,True,False,20,True
Climate,39,20260808,88,1e-05,50,3.5215717105493114e-06,4,True,False,20,True
Climate,39,20260808,88,1e-12,2,2.712026769430865e-05,2,False,True,20,True
Climate,39,20260808,88,1e-12,5,1.2717282185144858e-06,5,False,True,20,True
Climate,39,20260808,88,1e-12,50,0.0,20,True,False,20,True
Climate,39,20260808,89,0.001,2,1.0859294128831155e-05,1,True,False,14,True
Climate,39,20260808,89,0.001,5,1.0859294128831155e-05,1,True,False,14,True
Climate,39,20260808,89,0.001,50,1.0859294128831155e-05,1,True,False,14,True
Climate,39,20260808,89,1e-05,2,2.3142305819045178e-06,2,True,False,14,True
Climate,39,20260808,89,1e-05,5,2.3142305819045178e-06,2,True,False,14,True
Climate,39,20260808,89,1e-05,50,2.3142305819045178e-06,2,True,False,14,True
Climate,39,20260808,89,1e-12,2,2.3142305819045178e-06,2,False,True,14,True
Climate,39,20260808,89,1e-12,5,3.0563669860323085e-08,5,False,True,14,True
Climate,39,20260808,89,1e-12,50,0.0,14,True,False,14,True
Climate,39,20260808,90,0.001,2,3.001239431446563e-05,1,True,False,20,True
Climate,39,20260808,90,0.001,5,3.001239431446563e-05,1,True,False,20,True
Climate,39,20260808,90,0.001,50,3.001239431446563e-05,1,True,False,20,True
Climate,39,20260808,90,1e-05,2,1.0689295303993837e-05,2,False,True,20,True
Climate,39,20260808,90,1e-05,5,3.987447566548989e-06,3,True,False,20,True
Climate,39,20260808,90,1e-05,50,3.987447566548989e-06,3,True,False,20,True
Climate,39,20260808,90,1e-12,2,1.0689295303993837e-05,2,False,True,20,True
Climate,39,20260808,90,1e-12,5,5.66367762482297e-07,5,False,True,20,True
Climate,39,20260808,90,1e-12,50,0.0,20,True,False,20,True
Climate,39,20260808,91,0.001,2,1.4550914679382538e-05,1,True,False,14,True
Climate,39,20260808,91,0.001,5,1.4550914679382538e-05,1,True,False,14,True
Climate,39,20260808,91,0.001,50,1.4550914679382538e-05,1,True,False,14,True
Climate,39,20260808,91,1e-05,2,3.542003722014123e-06,2,False,True,14,True
Climate,39,20260808,91,1e-05,5,9.053847915605901e-07,3,True,False,14,True
Climate,39,20260808,91,1e-05,50,9.053847915605901e-07,3,True,False,14,True
Climate,39,20260808,91,1e-12,2,3.542003722014123e-06,2,False,True,14,True
Climate,39,20260808,91,1e-12,5,5.960791028850276e-08,5,False,True,14,True
Climate,39,20260808,91,1e-12,50,0.0,14,True,False,14,True
Climate,39,20260808,92,0.001,2,5.8349351671655175e-05,1,True,False,22,True
Climate,39,20260808,92,0.001,5,5.8349351671655175e-05,1,True,False,22,True
Climate,39,20260808,92,0.001,50,5.8349351671655175e-05,1,True,False,22,True
Climate,39,20260808,92,1e-05,2,2.378230461852287e-05,2,False,True,22,True
Climate,39,20260808,92,1e-05,5,4.001545194338162e-06,4,True,False,22,True
Climate,39,20260808,92,1e-05,50,4.001545194338162e-06,4,True,False,22,True
Climate,39,20260808,92,1e-12,2,2.378230461852287e-05,2,False,True,22,True
Climate,39,20260808,92,1e-12,5,1.641060707144438e-06,5,False,True,22,True
Climate,39,20260808,92,1e-12,50,0.0,22,True,False,22,True
Climate,39,20260808,93,0.001,2,4.7496355490117514e-05,1,True,False,19,True
Climate,39,20260808,93,0.001,5,4.7496355490117514e-05,1,True,False,19,True
Climate,39,20260808,93,0.001,50,4.7496355490117514e-05,1,True,False,19,True
Climate,39,20260808,93,1e-05,2,1.5929584969829594e-05,2,False,True,19,True
Climate,39,20260808,93,1e-05,5,1.8668118762064956e-06,4,True,False,19,True
Climate,39,20260808,93,1e-05,50,1.8668118762064956e-06,4,True,False,19,True
Climate,39,20260808,93,1e-12,2,1.5929584969829594e-05,2,False,True,19,True
Climate,39,20260808,93,1e-12,5,6.465139304110342e-07,5,False,True,19,True
Climate,39,20260808,93,1e-12,50,0.0,19,True,False,19,True
Climate,39,20260808,94,0.001,2,1.302466930014886e-05,2,True,False,8,True
Climate,39,20260808,94,0.001,5,1.302466930014886e-05,2,True,False,8,True
Climate,39,20260808,94,0.001,50,1.302466930014886e-05,2,True,False,8,True
Climate,39,20260808,94,1e-05,2,1.302466930014886e-05,2,False,True,8,True
Climate,39,20260808,94,1e-05,5,7.310457087553498e-09,4,True,False,8,True
Climate,39,20260808,94,1e-05,50,7.310457087553498e-09,4,True,False,8,True
Climate,39,20260808,94,1e-12,2,1.302466930014886e-05,2,False,True,8,True
Climate,39,20260808,94,1e-12,5,1.7328698723707325e-10,5,False,True,8,True
Climate,39,20260808,94,1e-12,50,0.0,8,True,False,8,True
Climate,39,20260808,95,0.001,2,4.425631612753692e-05,1,True,False,17,True
Climate,39,20260808,95,0.001,5,4.425631612753692e-05,1,True,False,17,True
Climate,39,20260808,95,0.001,50,4.425631612753692e-05,1,True,False,17,True
Climate,39,20260808,95,1e-05,2,1.3193636260505654e-05,2,False,True,17,True
Climate,39,20260808,95,1e-05,5,3.970019576292242e-06,3,True,False,17,True
Climate,39,20260808,95,1e-05,50,3.970019576292242e-06,3,True,False,17,True
Climate,39,20260808,95,1e-12,2,1.3193636260505654e-05,2,False,True,17,True
Climate,39,20260808,95,1e-12,5,3.6337740772487955e-07,5,False,True,17,True
Climate,39,20260808,95,1e-12,50,0.0,17,True,False,17,True
Climate,39,20260808,96,0.001,2,6.395274701282971e-05,1,True,False,15,True
Climate,39,20260808,96,0.001,5,6.395274701282971e-05,1,True,False,15,True
Climate,39,20260808,96,0.001,50,6.395274701282971e-05,1,True,False,15,True
Climate,39,20260808,96,1e-05,2,1.5374439318090216e-05,2,False,True,15,True
Climate,39,20260808,96,1e-05,5,8.897572411697658e-07,4,True,False,15,True
Climate,39,20260808,96,1e-05,50,8.897572411697658e-07,4,True,False,15,True
Climate,39,20260808,96,1e-12,2,1.5374439318090216e-05,2,False,True,15,True
Climate,39,20260808,96,1e-12,5,2.1566472144123358e-07,5,False,True,15,True
Climate,39,20260808,96,1e-12,50,0.0,15,True,False,15,True
Climate,39,20260808,97,0.001,2,5.774541014168307e-05,1,True,False,18,True
Climate,39,20260808,97,0.001,5,5.774541014168307e-05,1,True,False,18,True
Climate,39,20260808,97,0.001,50,5.774541014168307e-05,1,True,False,18,True
Climate,39,20260808,97,1e-05,2,1.736538855874985e-05,2,False,True,18,True
Climate,39,20260808,97,1e-05,5,1.7003407921871293e-06,4,True,False,18,True
Climate,39,20260808,97,1e-05,50,1.7003407921871293e-06,4,True,False,18,True
Climate,39,20260808,97,1e-12,2,1.736538855874985e-05,2,False,True,18,True
Climate,39,20260808,97,1e-12,5,5.360249696045803e-07,5,False,True,18,True
Climate,39,20260808,97,1e-12,50,0.0,18,True,False,18,True
Climate,39,20260808,98,0.001,2,5.780093516671663e-05,1,True,False,18,True
Climate,39,20260808,98,0.001,5,5.780093516671663e-05,1,True,False,18,True
Climate,39,20260808,98,0.001,50,5.780093516671663e-05,1,True,False,18,True
Climate,39,20260808,98,1e-05,2,1.865915205010205e-05,2,False,True,18,True
Climate,39,20260808,98,1e-05,5,2.0321518104184462e-06,4,True,False,18,True
Climate,39,20260808,98,1e-05,50,2.0321518104184462e-06,4,True,False,18,True
Climate,39,20260808,98,1e-12,2,1.865915205010205e-05,2,False,True,18,True
Climate,39,20260808,98,1e-12,5,6.78618309409011e-07,5,False,True,18,True
Climate,39,20260808,98,1e-12,50,0.0,18,True,False,18,True
Climate,39,20260808,99,0.001,2,4.2878818552921494e-05,1,True,False,16,True
Climate,39,20260808,99,0.001,5,4.2878818552921494e-05,1,True,False,16,True
Climate,39,20260808,99,0.001,50,4.2878818552921494e-05,1,True,False,16,True
Climate,39,20260808,99,1e-05,2,1.2171598087617647e-05,2,False,True,16,True
Climate,39,20260808,99,1e-05,5,3.454597024387285e-06,3,True,False,16,True
Climate,39,20260808,99,1e-05,50,3.454597024387285e-06,3,True,False,16,True
Climate,39,20260808,99,1e-12,2,1.2171598087617647e-05,2,False,True,16,True
Climate,39,20260808,99,1e-12,5,2.7963345277728645e-07,5,False,True,16,True
Climate,39,20260808,99,1e-12,50,0.0,16,True,False,16,True
Climate,39,20260808,100,0.001,2,5.8525147083469833e-05,1,True,False,16,True
Climate,39,20260808,100,0.001,5,5.8525147083469833e-05,1,True,False,16,True
Climate,39,20260808,100,0.001,50,5.8525147083469833e-05,1,True,False,16,True
Climate,39,20260808,100,1e-05,2,1.569091151783408e-05,2,False,True,16,True
Climate,39,20260808,100,1e-05,5,1.158702807245858e-06,4,True,False,16,True
Climate,39,20260808,100,1e-05,50,1.158702807245858e-06,4,True,False,16,True
Climate,39,20260808,100,1e-12,2,1.569091151783408e-05,2,False,True,16,True
Climate,39,20260808,100,1e-12,5,3.1923231658469405e-07,5,False,True,16,True
Climate,39,20260808,100,1e-12,50,0.0,16,True,False,16,True
Traffic,27,20260808,21,0.001,2,0.00013475145219863844,1,True,False,31,True
Traffic,27,20260808,21,0.001,5,0.00013475145219863844,1,True,False,31,True
Traffic,27,20260808,21,0.001,50,0.00013475145219863844,1,True,False,31,True
Traffic,27,20260808,21,1e-05,2,7.313731409490197e-05,2,False,True,31,True
Traffic,27,20260808,21,1e-05,5,1.1377677620662926e-05,5,True,False,31,True
Traffic,27,20260808,21,1e-05,50,1.1377677620662926e-05,5,True,False,31,True
Traffic,27,20260808,21,1e-12,2,7.313731409490197e-05,2,False,True,31,True
Traffic,27,20260808,21,1e-12,5,1.1377677620662926e-05,5,False,True,31,True
Traffic,27,20260808,21,1e-12,50,0.0,31,True,False,31,True
Traffic,27,20260808,22,0.001,2,1.7337096604332634e-05,1,True,False,18,True
Traffic,27,20260808,22,0.001,5,1.7337096604332634e-05,1,True,False,18,True
Traffic,27,20260808,22,0.001,50,1.7337096604332634e-05,1,True,False,18,True
Traffic,27,20260808,22,1e-05,2,4.05233219468877e-06,2,False,True,18,True
Traffic,27,20260808,22,1e-05,5,1.0834009495894714e-06,3,True,False,18,True
Traffic,27,20260808,22,1e-05,50,1.0834009495894714e-06,3,True,False,18,True
Traffic,27,20260808,22,1e-12,2,4.05233219468877e-06,2,False,True,18,True
Traffic,27,20260808,22,1e-12,5,1.202323999704019e-07,5,False,True,18,True
Traffic,27,20260808,22,1e-12,50,0.0,18,True,False,18,True
Traffic,27,20260808,23,0.001,2,1.8277628717174522e-05,1,True,False,16,True
Traffic,27,20260808,23,0.001,5,1.8277628717174522e-05,1,True,False,16,True
Traffic,27,20260808,23,0.001,50,1.8277628717174522e-05,1,True,False,16,True
Traffic,27,20260808,23,1e-05,2,5.3845509695691795e-06,2,False,True,16,True
Traffic,27,20260808,23,1e-05,5,1.5851727385206062e-06,3,True,False,16,True
Traffic,27,20260808,23,1e-05,50,1.5851727385206062e-06,3,True,False,16,True
Traffic,27,20260808,23,1e-12,2,5.3845509695691795e-06,2,False,True,16,True
Traffic,27,20260808,23,1e-12,5,1.3733344329461685e-07,5,False,True,16,True
Traffic,27,20260808,23,1e-12,50,0.0,16,True,False,16,True
Traffic,27,20260808,24,0.001,2,0.00014236562291237054,1,True,False,20,True
Traffic,27,20260808,24,0.001,5,0.00014236562291237054,1,True,False,20,True
Traffic,27,20260808,24,0.001,50,0.00014236562291237054,1,True,False,20,True
Traffic,27,20260808,24,1e-05,2,5.192853203830959e-05,2,False,True,20,True
Traffic,27,20260808,24,1e-05,5,2.4194872842596684e-06,5,True,False,20,True
Traffic,27,20260808,24,1e-05,50,2.4194872842596684e-06,5,True,False,20,True
Traffic,27,20260808,24,1e-12,2,5.192853203830959e-05,2,False,True,20,True
Traffic,27,20260808,24,1e-12,5,2.4194872842596684e-06,5,False,True,20,True
Traffic,27,20260808,24,1e-12,50,0.0,20,True,False,20,True
Traffic,27,20260808,25,0.001,2,7.387279318098201e-05,1,True,False,21,True
Traffic,27,20260808,25,0.001,5,7.387279318098201e-05,1,True,False,21,True
Traffic,27,20260808,25,0.001,50,7.387279318098201e-05,1,True,False,21,True
Traffic,27,20260808,25,1e-05,2,2.8458344033096127e-05,2,False,True,21,True
Traffic,27,20260808,25,1e-05,5,4.257347902176323e-06,4,True,False,21,True
Traffic,27,20260808,25,1e-05,50,4.257347902176323e-06,4,True,False,21,True
Traffic,27,20260808,25,1e-12,2,2.8458344033096127e-05,2,False,True,21,True
Traffic,27,20260808,25,1e-12,5,1.6466857825566573e-06,5,False,True,21,True
Traffic,27,20260808,25,1e-12,50,0.0,21,True,False,21,True
Traffic,27,20260808,26,0.001,2,4.822147418216282e-05,1,True,False,18,True
Traffic,27,20260808,26,0.001,5,4.822147418216282e-05,1,True,False,18,True
Traffic,27,20260808,26,0.001,50,4.822147418216282e-05,1,True,False,18,True
Traffic,27,20260808,26,1e-05,2,1.5488045394264815e-05,2,False,True,18,True
Traffic,27,20260808,26,1e-05,5,1.6239993612169537e-06,4,True,False,18,True
Traffic,27,20260808,26,1e-05,50,1.6239993612169537e-06,4,True,False,18,True
Traffic,27,20260808,26,1e-12,2,1.5488045394264815e-05,2,False,True,18,True
Traffic,27,20260808,26,1e-12,5,5.266716607610561e-07,5,False,True,18,True
Traffic,27,20260808,26,1e-12,50,0.0,18,True,False,18,True
Traffic,27,20260808,27,0.001,2,4.7756776554099814e-05,1,True,False,20,True
Traffic,27,20260808,27,0.001,5,4.7756776554099814e-05,1,True,False,20,True
Traffic,27,20260808,27,0.001,50,4.7756776554099814e-05,1,True,False,20,True
Traffic,27,20260808,27,1e-05,2,1.7894879638059446e-05,2,False,True,20,True
Traffic,27,20260808,27,1e-05,5,2.46916260017542e-06,4,True,False,20,True
Traffic,27,20260808,27,1e-05,50,2.46916260017542e-06,4,True,False,20,True
Traffic,27,20260808,27,1e-12,2,1.7894879638059446e-05,2,False,True,20,True
Traffic,27,20260808,27,1e-12,5,9.148001900764376e-07,5,False,True,20,True
Traffic,27,20260808,27,1e-12,50,0.0,20,True,False,20,True
Traffic,27,20260808,28,0.001,2,7.995795958117303e-05,1,True,False,22,True
Traffic,27,20260808,28,0.001,5,7.995795958117303e-05,1,True,False,22,True
Traffic,27,20260808,28,0.001,50,7.995795958117303e-05,1,True,False,22,True
Traffic,27,20260808,28,1e-05,2,3.076795666147734e-05,2,False,True,22,True
Traffic,27,20260808,28,1e-05,5,4.770456522578632e-06,4,True,False,22,True
Traffic,27,20260808,28,1e-05,50,4.770456522578632e-06,4,True,False,22,True
Traffic,27,20260808,28,1e-12,2,3.076795666147734e-05,2,False,True,22,True
Traffic,27,20260808,28,1e-12,5,1.8829812921845491e-06,5,False,True,22,True
Traffic,27,20260808,28,1e-12,50,0.0,22,True,False,22,True
Traffic,27,20260808,29,0.001,2,6.47156281254617e-05,1,True,False,19,True
Traffic,27,20260808,29,0.001,5,6.47156281254617e-05,1,True,False,19,True
Traffic,27,20260808,29,0.001,50,6.47156281254617e-05,1,True,False,19,True
Traffic,27,20260808,29,1e-05,2,2.035490434108592e-05,2,False,True,19,True
Traffic,27,20260808,29,1e-05,5,2.2810482347988246e-06,4,True,False,19,True
Traffic,27,20260808,29,1e-05,50,2.2810482347988246e-06,4,True,False,19,True
Traffic,27,20260808,29,1e-12,2,2.035490434108592e-05,2,False,True,19,True
Traffic,27,20260808,29,1e-12,5,7.863899671600811e-07,5,False,True,19,True
Traffic,27,20260808,29,1e-12,50,0.0,19,True,False,19,True
Traffic,27,20260808,30,0.001,2,0.00011686771716159002,1,True,False,23,True
Traffic,27,20260808,30,0.001,5,0.00011686771716159002,1,True,False,23,True
Traffic,27,20260808,30,0.001,50,0.00011686771716159002,1,True,False,23,True
Traffic,27,20260808,30,1e-05,2,4.9258529547343965e-05,2,False,True,23,True
Traffic,27,20260808,30,1e-05,5,3.613451271218964e-06,5,True,False,23,True
Traffic,27,20260808,30,1e-05,50,3.613451271218964e-06,5,True,False,23,True
Traffic,27,20260808,30,1e-12,2,4.9258529547343965e-05,2,False,True,23,True
Traffic,27,20260808,30,1e-12,5,3.613451271218964e-06,5,False,True,23,True
Traffic,27,20260808,30,1e-12,50,0.0,23,True,False,23,True
Traffic,27,20260808,31,0.001,2,0.0001625171808163559,1,True,False,23,True
Traffic,27,20260808,31,0.001,5,0.0001625171808163559,1,True,False,23,True
Traffic,27,20260808,31,0.001,50,0.0001625171808163559,1,True,False,23,True
Traffic,27,20260808,31,1e-05,2,6.591798991594839e-05,2,False,True,23,True
Traffic,27,20260808,31,1e-05,5,4.23793740875907e-06,5,True,False,23,True
Traffic,27,20260808,31,1e-05,50,4.23793740875907e-06,5,True,False,23,True
Traffic,27,20260808,31,1e-12,2,6.591798991594839e-05,2,False,True,23,True
Traffic,27,20260808,31,1e-12,5,4.23793740875907e-06,5,False,True,23,True
Traffic,27,20260808,31,1e-12,50,0.0,23,True,False,23,True
Traffic,27,20260808,32,0.001,2,0.00017354645200378754,1,True,False,18,True
Traffic,27,20260808,32,0.001,5,0.00017354645200378754,1,True,False,18,True
Traffic,27,20260808,32,0.001,50,0.00017354645200378754,1,True,False,18,True
Traffic,27,20260808,32,1e-05,2,5.3140825633451095e-05,2,False,True,18,True
Traffic,27,20260808,32,1e-05,5,1.59234887095083e-06,5,True,False,18,True
Traffic,27,20260808,32,1e-05,50,1.59234887095083e-06,5,True,False,18,True
Traffic,27,20260808,32,1e-12,2,5.3140825633451095e-05,2,False,True,18,True
Traffic,27,20260808,32,1e-12,5,1.59234887095083e-06,5,False,True,18,True
Traffic,27,20260808,32,1e-12,50,0.0,18,True,False,18,True
Traffic,27,20260808,33,0.001,2,1.6182431803861932e-05,1,True,False,18,True
Traffic,27,20260808,33,0.001,5,1.6182431803861932e-05,1,True,False,18,True
Traffic,27,20260808,33,0.001,50,1.6182431803861932e-05,1,True,False,18,True
Traffic,27,20260808,33,1e-05,2,4.7153121568758965e-06,2,False,True,18,True
Traffic,27,20260808,33,1e-05,5,1.5528934278734263e-06,3,True,False,18,True
Traffic,27,20260808,33,1e-05,50,1.5528934278734263e-06,3,True,False,18,True
Traffic,27,20260808,33,1e-12,2,4.7153121568758965e-06,2,False,True,18,True
Traffic,27,20260808,33,1e-12,5,1.8371861865896074e-07,5,False,True,18,True
Traffic,27,20260808,33,1e-12,50,0.0,18,True,False,18,True
Traffic,27,20260808,34,0.001,2,9.466875980204456e-05,1,True,False,21,True
Traffic,27,20260808,34,0.001,5,9.466875980204456e-05,1,True,False,21,True
Traffic,27,20260808,34,0.001,50,9.466875980204456e-05,1,True,False,21,True
Traffic,27,20260808,34,1e-05,2,3.552231297706484e-05,2,False,True,21,True
Traffic,27,20260808,34,1e-05,5,5.0616735716829645e-06,4,True,False,21,True
Traffic,27,20260808,34,1e-05,50,5.0616735716829645e-06,4,True,False,21,True
Traffic,27,20260808,34,1e-12,2,3.552231297706484e-05,2,False,True,21,True
Traffic,27,20260808,34,1e-12,5,1.910517049582335e-06,5,False,True,21,True
Traffic,27,20260808,34,1e-12,50,0.0,21,True,False,21,True
Traffic,27,20260808,35,0.001,2,0.00010614093903780716,1,True,False,16,True
Traffic,27,20260808,35,0.001,5,0.00010614093903780716,1,True,False,16,True
Traffic,27,20260808,35,0.001,50,0.00010614093903780716,1,True,False,16,True
Traffic,27,20260808,35,1e-05,2,2.7275796968866348e-05,2,False,True,16,True
Traffic,27,20260808,35,1e-05,5,1.7668715350176547e-06,4,True,False,16,True
Traffic,27,20260808,35,1e-05,50,1.7668715350176547e-06,4,True,False,16,True
Traffic,27,20260808,35,1e-12,2,2.7275796968866348e-05,2,False,True,16,True
Traffic,27,20260808,35,1e-12,5,4.4866351835433156e-07,5,False,True,16,True
Traffic,27,20260808,35,1e-12,50,0.0,16,True,False,16,True
Traffic,27,20260808,36,0.001,2,1.96827419022273e-05,1,True,False,22,True
Traffic,27,20260808,36,0.001,5,1.96827419022273e-05,1,True,False,22,True
Traffic,27,20260808,36,0.001,50,1.96827419022273e-05,1,True,False,22,True
Traffic,27,20260808,36,1e-05,2,8.426489422646728e-06,2,False,True,22,True
Traffic,27,20260808,36,1e-05,5,3.725115902414265e-06,3,True,False,22,True
Traffic,27,20260808,36,1e-05,50,3.725115902414265e-06,3,True,False,22,True
Traffic,27,20260808,36,1e-12,2,8.426489422646728e-06,2,False,True,22,True
Traffic,27,20260808,36,1e-12,5,7.317377716016609e-07,5,False,True,22,True
Traffic,27,20260808,36,1e-12,50,0.0,22,True,False,22,True
Traffic,27,20260808,37,0.001,2,0.00013883176614723302,1,True,False,19,True
Traffic,27,20260808,37,0.001,5,0.00013883176614723302,1,True,False,19,True
Traffic,27,20260808,37,0.001,50,0.00013883176614723302,1,True,False,19,True
Traffic,27,20260808,37,1e-05,2,4.583904457599442e-05,2,False,True,19,True
Traffic,27,20260808,37,1e-05,5,1.5223703682792916e-06,5,True,False,19,True
Traffic,27,20260808,37,1e-05,50,1.5223703682792916e-06,5,True,False,19,True
Traffic,27,20260808,37,1e-12,2,4.583904457599442e-05,2,False,True,19,True
Traffic,27,20260808,37,1e-12,5,1.5223703682792916e-06,5,False,True,19,True
Traffic,27,20260808,37,1e-12,50,0.0,19,True,False,19,True
Traffic,27,20260808,38,0.001,2,0.00017903134379885051,1,True,False,24,True
Traffic,27,20260808,38,0.001,5,0.00017903134379885051,1,True,False,24,True
Traffic,27,20260808,38,0.001,50,0.00017903134379885051,1,True,False,24,True
Traffic,27,20260808,38,1e-05,2,7.562182191311099e-05,2,False,True,24,True
Traffic,27,20260808,38,1e-05,5,5.571343652602025e-06,5,True,False,24,True
Traffic,27,20260808,38,1e-05,50,5.571343652602025e-06,5,True,False,24,True
Traffic,27,20260808,38,1e-12,2,7.562182191311099e-05,2,False,True,24,True
Traffic,27,20260808,38,1e-12,5,5.571343652602025e-06,5,False,True,24,True
Traffic,27,20260808,38,1e-12,50,0.0,24,True,False,24,True
Traffic,27,20260808,39,0.001,2,7.401423997580642e-05,1,True,False,14,True
Traffic,27,20260808,39,0.001,5,7.401423997580642e-05,1,True,False,14,True
Traffic,27,20260808,39,0.001,50,7.401423997580642e-05,1,True,False,14,True
Traffic,27,20260808,39,1e-05,2,1.599504215289674e-05,2,False,True,14,True
Traffic,27,20260808,39,1e-05,5,7.301244828594605e-07,4,True,False,14,True
Traffic,27,20260808,39,1e-05,50,7.301244828594605e-07,4,True,False,14,True
Traffic,27,20260808,39,1e-12,2,1.599504215289674e-05,2,False,True,14,True
Traffic,27,20260808,39,1e-12,5,1.5637578542718911e-07,5,False,True,14,True
Traffic,27,20260808,39,1e-12,50,0.0,14,True,False,14,True
Traffic,27,20260808,40,0.001,2,0.00019397941475933798,1,True,False,18,True
Traffic,27,20260808,40,0.001,5,0.00019397941475933798,1,True,False,18,True
Traffic,27,20260808,40,0.001,50,0.00019397941475933798,1,True,False,18,True
Traffic,27,20260808,40,1e-05,2,6.112550503732642e-05,2,False,True,18,True
Traffic,27,20260808,40,1e-05,5,1.6899959851594318e-06,5,True,False,18,True
Traffic,27,20260808,40,1e-05,50,1.6899959851594318e-06,5,True,False,18,True
Traffic,27,20260808,40,1e-12,2,6.112550503732642e-05,2,False,True,18,True
Traffic,27,20260808,40,1e-12,5,1.6899959851594318e-06,5,False,True,18,True
Traffic,27,20260808,40,1e-12,50,0.0,18,True,False,18,True
Traffic,27,20260808,41,0.001,2,0.00017273866856188914,1,True,False,24,True
Traffic,27,20260808,41,0.001,5,0.00017273866856188914,1,True,False,24,True
Traffic,27,20260808,41,0.001,50,0.00017273866856188914,1,True,False,24,True
Traffic,27,20260808,41,1e-05,2,7.280761138521899e-05,2,False,True,24,True
Traffic,27,20260808,41,1e-05,5,5.467332657470761e-06,5,True,False,24,True
Traffic,27,20260808,41,1e-05,50,5.467332657470761e-06,5,True,False,24,True
Traffic,27,20260808,41,1e-12,2,7.280761138521899e-05,2,False,True,24,True
Traffic,27,20260808,41,1e-12,5,5.467332657470761e-06,5,False,True,24,True
Traffic,27,20260808,41,1e-12,50,0.0,24,True,False,24,True
Traffic,27,20260808,42,0.001,2,5.267361634469268e-05,1,True,False,22,True
Traffic,27,20260808,42,0.001,5,5.267361634469268e-05,1,True,False,22,True
Traffic,27,20260808,42,0.001,50,5.267361634469268e-05,1,True,False,22,True
Traffic,27,20260808,42,1e-05,2,2.0795499997294666e-05,2,False,True,22,True
Traffic,27,20260808,42,1e-05,5,3.475716539757497e-06,4,True,False,22,True
Traffic,27,20260808,42,1e-05,50,3.475716539757497e-06,4,True,False,22,True
Traffic,27,20260808,42,1e-12,2,2.0795499997294666e-05,2,False,True,22,True
Traffic,27,20260808,42,1e-12,5,1.4275431637610778e-06,5,False,True,22,True
Traffic,27,20260808,42,1e-12,50,0.0,22,True,False,22,True
Traffic,27,20260808,43,0.001,2,3.466611261646047e-05,1,True,False,17,True
Traffic,27,20260808,43,0.001,5,3.466611261646047e-05,1,True,False,17,True
Traffic,27,20260808,43,0.001,50,3.466611261646047e-05,1,True,False,17,True
Traffic,27,20260808,43,1e-05,2,9.873337104410677e-06,2,False,True,17,True
Traffic,27,20260808,43,1e-05,5,2.92597036976298e-06,3,True,False,17,True
Traffic,27,20260808,43,1e-05,50,2.92597036976298e-06,3,True,False,17,True
Traffic,27,20260808,43,1e-12,2,9.873337104410677e-06,2,False,True,17,True
Traffic,27,20260808,43,1e-12,5,2.65832965514048e-07,5,False,True,17,True
Traffic,27,20260808,43,1e-12,50,0.0,17,True,False,17,True
Traffic,27,20260808,44,0.001,2,7.591678833690454e-05,1,True,False,21,True
Traffic,27,20260808,44,0.001,5,7.591678833690454e-05,1,True,False,21,True
Traffic,27,20260808,44,0.001,50,7.591678833690454e-05,1,True,False,21,True
Traffic,27,20260808,44,1e-05,2,2.7387771300864205e-05,2,False,True,21,True
Traffic,27,20260808,44,1e-05,5,3.9673267162024816e-06,4,True,False,21,True
Traffic,27,20260808,44,1e-05,50,3.9673267162024816e-06,4,True,False,21,True
Traffic,27,20260808,44,1e-12,2,2.7387771300864205e-05,2,False,True,21,True
Traffic,27,20260808,44,1e-12,5,1.5391692460405458e-06,5,False,True,21,True
Traffic,27,20260808,44,1e-12,50,0.0,21,True,False,21,True
Traffic,27,20260808,45,0.001,2,4.102525624555021e-06,1,True,False,15,True
Traffic,27,20260808,45,0.001,5,4.102525624555021e-06,1,True,False,15,True
Traffic,27,20260808,45,0.001,50,4.102525624555021e-06,1,True,False,15,True
Traffic,27,20260808,45,1e-05,2,1.2062020758155587e-06,2,True,False,15,True
Traffic,27,20260808,45,1e-05,5,1.2062020758155587e-06,2,True,False,15,True
Traffic,27,20260808,45,1e-05,50,1.2062020758155587e-06,2,True,False,15,True
Traffic,27,20260808,45,1e-12,2,1.2062020758155587e-06,2,False,True,15,True
Traffic,27,20260808,45,1e-12,5,3.443015930765739e-08,5,False,True,15,True
Traffic,27,20260808,45,1e-12,50,0.0,15,True,False,15,True
Traffic,27,20260808,46,0.001,2,0.00010084951778302617,1,True,False,17,True
Traffic,27,20260808,46,0.001,5,0.00010084951778302617,1,True,False,17,True
Traffic,27,20260808,46,0.001,50,0.00010084951778302617,1,True,False,17,True
Traffic,27,20260808,46,1e-05,2,2.6963824176409316e-05,2,False,True,17,True
Traffic,27,20260808,46,1e-05,5,2.133958111416941e-06,4,True,False,17,True
Traffic,27,20260808,46,1e-05,50,2.133958111416941e-06,4,True,False,17,True
Traffic,27,20260808,46,1e-12,2,2.6963824176409316e-05,2,False,True,17,True
Traffic,27,20260808,46,1e-12,5,6.004655222272567e-07,5,False,True,17,True
Traffic,27,20260808,46,1e-12,50,0.0,17,True,False,17,True
Traffic,27,20260808,47,0.001,2,6.962082606579239e-05,1,True,False,19,True
Traffic,27,20260808,47,0.001,5,6.962082606579239e-05,1,True,False,19,True
Traffic,27,20260808,47,0.001,50,6.962082606579239e-05,1,True,False,19,True
Traffic,27,20260808,47,1e-05,2,2.4668712059878127e-05,2,False,True,19,True
Traffic,27,20260808,47,1e-05,5,3.078029995374637e-06,4,True,False,19,True
Traffic,27,20260808,47,1e-05,50,3.078029995374637e-06,4,True,False,19,True
Traffic,27,20260808,47,1e-12,2,2.4668712059878127e-05,2,False,True,19,True
Traffic,27,20260808,47,1e-12,5,1.0863132553167444e-06,5,False,True,19,True
Traffic,27,20260808,47,1e-12,50,0.0,19,True,False,19,True
Traffic,27,20260808,48,0.001,2,0.00022235932464352687,1,True,False,20,True
Traffic,27,20260808,48,0.001,5,0.00022235932464352687,1,True,False,20,True
Traffic,27,20260808,48,0.001,50,0.00022235932464352687,1,True,False,20,True
Traffic,27,20260808,48,1e-05,2,8.068578829372602e-05,2,False,True,20,True
Traffic,27,20260808,48,1e-05,5,3.256213887935297e-06,5,True,False,20,True
Traffic,27,20260808,48,1e-05,50,3.256213887935297e-06,5,True,False,20,True
Traffic,27,20260808,48,1e-12,2,8.068578829372602e-05,2,False,True,20,True
Traffic,27,20260808,48,1e-12,5,3.256213887935297e-06,5,False,True,20,True
Traffic,27,20260808,48,1e-12,50,0.0,20,True,False,20,True
Traffic,27,20260808,49,0.001,2,4.319534591797736e-05,1,True,False,19,True
Traffic,27,20260808,49,0.001,5,4.319534591797736e-05,1,True,False,19,True
Traffic,27,20260808,49,0.001,50,4.319534591797736e-05,1,True,False,19,True
Traffic,27,20260808,49,1e-05,2,1.5139876811014635e-05,2,False,True,19,True
Traffic,27,20260808,49,1e-05,5,5.4553646856777644e-06,3,True,False,19,True
Traffic,27,20260808,49,1e-05,50,5.4553646856777644e-06,3,True,False,19,True
Traffic,27,20260808,49,1e-12,2,1.5139876811014635e-05,2,False,True,19,True
Traffic,27,20260808,49,1e-12,5,7.217334556845275e-07,5,False,True,19,True
Traffic,27,20260808,49,1e-12,50,0.0,19,True,False,19,True
Traffic,27,20260808,50,0.001,2,2.566141636479137e-05,1,True,False,21,True
Traffic,27,20260808,50,0.001,5,2.566141636479137e-05,1,True,False,21,True
Traffic,27,20260808,50,0.001,50,2.566141636479137e-05,1,True,False,21,True
Traffic,27,20260808,50,1e-05,2,1.0129821784484546e-05,2,False,True,21,True
Traffic,27,20260808,50,1e-05,5,4.155429719527278e-06,3,True,False,21,True
Traffic,27,20260808,50,1e-05,50,4.155429719527278e-06,3,True,False,21,True
Traffic,27,20260808,50,1e-12,2,1.0129821784484546e-05,2,False,True,21,True
Traffic,27,20260808,50,1e-12,5,7.012677021296138e-07,5,False,True,21,True
Traffic,27,20260808,50,1e-12,50,0.0,21,True,False,21,True
Traffic,27,20260808,51,0.001,2,2.8178947279728332e-05,1,True,False,17,True
Traffic,27,20260808,51,0.001,5,2.8178947279728332e-05,1,True,False,17,True
Traffic,27,20260808,51,0.001,50,2.8178947279728332e-05,1,True,False,17,True
Traffic,27,20260808,51,1e-05,2,5.58776269125748e-06,2,False,True,17,True
Traffic,27,20260808,51,1e-05,5,1.3443773917012357e-06,3,True,False,17,True
Traffic,27,20260808,51,1e-05,50,1.3443773917012357e-06,3,True,False,17,True
Traffic,27,20260808,51,1e-12,2,5.58776269125748e-06,2,False,True,17,True
Traffic,27,20260808,51,1e-12,5,1.3025236848452477e-07,5,False,True,17,True
Traffic,27,20260808,51,1e-12,50,0.0,17,True,False,17,True
Traffic,27,20260808,52,0.001,2,7.546319784539545e-05,1,True,False,23,True
Traffic,27,20260808,52,0.001,5,7.546319784539545e-05,1,True,False,23,True
Traffic,27,20260808,52,0.001,50,7.546319784539545e-05,1,True,False,23,True
Traffic,27,20260808,52,1e-05,2,3.1278257345728184e-05,2,False,True,23,True
Traffic,27,20260808,52,1e-05,5,5.736245924347816e-06,4,True,False,23,True
Traffic,27,20260808,52,1e-05,50,5.736245924347816e-06,4,True,False,23,True
Traffic,27,20260808,52,1e-12,2,3.1278257345728184e-05,2,False,True,23,True
Traffic,27,20260808,52,1e-12,5,2.460236138593511e-06,5,False,True,23,True
Traffic,27,20260808,52,1e-12,50,0.0,23,True,False,23,True
Traffic,27,20260808,53,0.001,2,2.1644695215624094e-05,1,True,False,18,True
Traffic,27,20260808,53,0.001,5,2.1644695215624094e-05,1,True,False,18,True
Traffic,27,20260808,53,0.001,50,2.1644695215624094e-05,1,True,False,18,True
Traffic,27,20260808,53,1e-05,2,5.928627993325906e-06,2,False,True,18,True
Traffic,27,20260808,53,1e-05,5,1.79014240714087e-06,3,True,False,18,True
Traffic,27,20260808,53,1e-05,50,1.79014240714087e-06,3,True,False,18,True
Traffic,27,20260808,53,1e-12,2,5.928627993325906e-06,2,False,True,18,True
Traffic,27,20260808,53,1e-12,5,2.0847129511253076e-07,5,False,True,18,True
Traffic,27,20260808,53,1e-12,50,0.0,18,True,False,18,True
Traffic,27,20260808,54,0.001,2,3.083858684464978e-05,1,True,False,19,True
Traffic,27,20260808,54,0.001,5,3.083858684464978e-05,1,True,False,19,True
Traffic,27,20260808,54,0.001,50,3.083858684464978e-05,1,True,False,19,True
Traffic,27,20260808,54,1e-05,2,1.0476693253364568e-05,2,False,True,19,True
Traffic,27,20260808,54,1e-05,5,3.7647419521812103e-06,3,True,False,19,True
Traffic,27,20260808,54,1e-05,50,3.7647419521812103e-06,3,True,False,19,True
Traffic,27,20260808,54,1e-12,2,1.0476693253364568e-05,2,False,True,19,True
Traffic,27,20260808,54,1e-12,5,4.930902791074307e-07,5,False,True,19,True
Traffic,27,20260808,54,1e-12,50,0.0,19,True,False,19,True
Traffic,27,20260808,55,0.001,2,0.0001089641075576396,1,True,False,20,True
Traffic,27,20260808,55,0.001,5,0.0001089641075576396,1,True,False,20,True
Traffic,27,20260808,55,0.001,50,0.0001089641075576396,1,True,False,20,True
Traffic,27,20260808,55,1e-05,2,3.917173231320483e-05,2,False,True,20,True
Traffic,27,20260808,55,1e-05,5,5.1269439793947855e-06,4,True,False,20,True
Traffic,27,20260808,55,1e-05,50,5.1269439793947855e-06,4,True,False,20,True
Traffic,27,20260808,55,1e-12,2,3.917173231320483e-05,2,False,True,20,True
Traffic,27,20260808,55,1e-12,5,1.8541651313807631e-06,5,False,True,20,True
Traffic,27,20260808,55,1e-12,50,0.0,20,True,False,20,True
Traffic,27,20260808,56,0.001,2,8.885832757751388e-05,1,True,False,17,True
Traffic,27,20260808,56,0.001,5,8.885832757751388e-05,1,True,False,17,True
Traffic,27,20260808,56,0.001,50,8.885832757751388e-05,1,True,False,17,True
Traffic,27,20260808,56,1e-05,2,2.499626294107961e-05,2,False,True,17,True
Traffic,27,20260808,56,1e-05,5,2.0900228721616277e-06,4,True,False,17,True
Traffic,27,20260808,56,1e-05,50,2.0900228721616277e-06,4,True,False,17,True
Traffic,27,20260808,56,1e-12,2,2.499626294107961e-05,2,False,True,17,True
Traffic,27,20260808,56,1e-12,5,6.157826188400818e-07,5,False,True,17,True
Traffic,27,20260808,56,1e-12,50,0.0,17,True,False,17,True
Traffic,27,20260808,57,0.001,2,0.00021005166534059623,1,True,False,24,True
Traffic,27,20260808,57,0.001,5,0.00021005166534059623,1,True,False,24,True
Traffic,27,20260808,57,0.001,50,0.00021005166534059623,1,True,False,24,True
Traffic,27,20260808,57,1e-05,2,9.027053548544645e-05,2,False,True,24,True
Traffic,27,20260808,57,1e-05,5,7.074208859071827e-06,5,True,False,24,True
Traffic,27,20260808,57,1e-05,50,7.074208859071827e-06,5,True,False,24,True
Traffic,27,20260808,57,1e-12,2,9.027053548544645e-05,2,False,True,24,True
Traffic,27,20260808,57,1e-12,5,7.074208859071827e-06,5,False,True,24,True
Traffic,27,20260808,57,1e-12,50,0.0,24,True,False,24,True
Traffic,27,20260808,58,0.001,2,7.953078709850778e-05,1,True,False,20,True
Traffic,27,20260808,58,0.001,5,7.953078709850778e-05,1,True,False,20,True
Traffic,27,20260808,58,0.001,50,7.953078709850778e-05,1,True,False,20,True
Traffic,27,20260808,58,1e-05,2,2.9145251305560894e-05,2,False,True,20,True
Traffic,27,20260808,58,1e-05,5,3.910917569669995e-06,4,True,False,20,True
Traffic,27,20260808,58,1e-05,50,3.910917569669995e-06,4,True,False,20,True
Traffic,27,20260808,58,1e-12,2,2.9145251305560894e-05,2,False,True,20,True
Traffic,27,20260808,58,1e-12,5,1.4310429018072955e-06,5,False,True,20,True
Traffic,27,20260808,58,1e-12,50,0.0,20,True,False,20,True
Traffic,27,20260808,59,0.001,2,3.749345914540722e-06,1,True,False,16,True
Traffic,27,20260808,59,0.001,5,3.749345914540722e-06,1,True,False,16,True
Traffic,27,20260808,59,0.001,50,3.749345914540722e-06,1,True,False,16,True
Traffic,27,20260808,59,1e-05,2,9.981521424256445e-07,2,True,False,16,True
Traffic,27,20260808,59,1e-05,5,9.981521424256445e-07,2,True,False,16,True
Traffic,27,20260808,59,1e-05,50,9.981521424256445e-07,2,True,False,16,True
Traffic,27,20260808,59,1e-12,2,9.981521424256445e-07,2,False,True,16,True
Traffic,27,20260808,59,1e-12,5,3.369086602613155e-08,5,False,True,16,True
Traffic,27,20260808,59,1e-12,50,0.0,16,True,False,16,True
Traffic,27,20260808,60,0.001,2,6.137407726328557e-05,1,True,False,22,True
Traffic,27,20260808,60,0.001,5,6.137407726328557e-05,1,True,False,22,True
Traffic,27,20260808,60,0.001,50,6.137407726328557e-05,1,True,False,22,True
Traffic,27,20260808,60,1e-05,2,2.323304055894074e-05,2,False,True,22,True
Traffic,27,20260808,60,1e-05,5,3.910733427850518e-06,4,True,False,22,True
Traffic,27,20260808,60,1e-05,50,3.910733427850518e-06,4,True,False,22,True
Traffic,27,20260808,60,1e-12,2,2.323304055894074e-05,2,False,True,22,True
Traffic,27,20260808,60,1e-12,5,1.6266543162179387e-06,5,False,True,22,True
Traffic,27,20260808,60,1e-12,50,0.0,22,True,False,22,True
Traffic,27,20260808,61,0.001,2,7.767410249427521e-05,1,True,False,17,True
Traffic,27,20260808,61,0.001,5,7.767410249427521e-05,1,True,False,17,True
Traffic,27,20260808,61,0.001,50,7.767410249427521e-05,1,True,False,17,True
Traffic,27,20260808,61,1e-05,2,2.324818738828883e-05,2,False,True,17,True
Traffic,27,20260808,61,1e-05,5,2.154130509529797e-06,4,True,False,17,True
Traffic,27,20260808,61,1e-05,50,2.154130509529797e-06,4,True,False,17,True
Traffic,27,20260808,61,1e-12,2,2.324818738828883e-05,2,False,True,17,True
Traffic,27,20260808,61,1e-12,5,6.582569649739655e-07,5,False,True,17,True
Traffic,27,20260808,61,1e-12,50,0.0,17,True,False,17,True
Traffic,27,20260808,62,0.001,2,0.0002074748295483725,1,True,False,18,True
Traffic,27,20260808,62,0.001,5,0.0002074748295483725,1,True,False,18,True
Traffic,27,20260808,62,0.001,50,0.0002074748295483725,1,True,False,18,True
Traffic,27,20260808,62,1e-05,2,6.220363510417853e-05,2,False,True,18,True
Traffic,27,20260808,62,1e-05,5,1.5489064980811572e-06,5,True,False,18,True
Traffic,27,20260808,62,1e-05,50,1.5489064980811572e-06,5,True,False,18,True
Traffic,27,20260808,62,1e-12,2,6.220363510417853e-05,2,False,True,18,True
Traffic,27,20260808,62,1e-12,5,1.5489064980811572e-06,5,False,True,18,True
Traffic,27,20260808,62,1e-12,50,0.0,18,True,False,18,True
Traffic,27,20260808,63,0.001,2,8.447136311673443e-07,2,True,False,9,True
Traffic,27,20260808,63,0.001,5,8.447136311673443e-07,2,True,False,9,True
Traffic,27,20260808,63,0.001,50,8.447136311673443e-07,2,True,False,9,True
Traffic,27,20260808,63,1e-05,2,8.447136311673443e-07,2,False,True,9,True
Traffic,27,20260808,63,1e-05,5,5.3742162628431244e-08,3,True,False,9,True
Traffic,27,20260808,63,1e-05,50,5.3742162628431244e-08,3,True,False,9,True
Traffic,27,20260808,63,1e-12,2,8.447136311673443e-07,2,False,True,9,True
Traffic,27,20260808,63,1e-12,5,4.980394173216795e-10,5,False,True,9,True
Traffic,27,20260808,63,1e-12,50,0.0,9,True,False,9,True
Traffic,27,20260808,64,0.001,2,4.279072137628836e-05,1,True,False,20,True
Traffic,27,20260808,64,0.001,5,4.279072137628836e-05,1,True,False,20,True
Traffic,27,20260808,64,0.001,50,4.279072137628836e-05,1,True,False,20,True
Traffic,27,20260808,64,1e-05,2,1.612894022329576e-05,2,False,True,20,True
Traffic,27,20260808,64,1e-05,5,2.28818587571377e-06,4,True,False,20,True
Traffic,27,20260808,64,1e-05,50,2.28818587571377e-06,4,True,False,20,True
Traffic,27,20260808,64,1e-12,2,1.612894022329576e-05,2,False,True,20,True
Traffic,27,20260808,64,1e-12,5,8.615267252306711e-07,5,False,True,20,True
Traffic,27,20260808,64,1e-12,50,0.0,20,True,False,20,True
Traffic,27,20260808,65,0.001,2,0.00024303777353763687,1,True,False,22,True
Traffic,27,20260808,65,0.001,5,0.00024303777353763687,1,True,False,22,True
Traffic,27,20260808,65,0.001,50,0.00024303777353763687,1,True,False,22,True
Traffic,27,20260808,65,1e-05,2,9.825529745534543e-05,2,False,True,22,True
Traffic,27,20260808,65,1e-05,5,5.58987992945837e-06,5,True,False,22,True
Traffic,27,20260808,65,1e-05,50,5.58987992945837e-06,5,True,False,22,True
Traffic,27,20260808,65,1e-12,2,9.825529745534543e-05,2,False,True,22,True
Traffic,27,20260808,65,1e-12,5,5.58987992945837e-06,5,False,True,22,True
Traffic,27,20260808,65,1e-12,50,0.0,22,True,False,22,True
Traffic,27,20260808,66,0.001,2,5.404532142020483e-05,1,True,False,20,True
Traffic,27,20260808,66,0.001,5,5.404532142020483e-05,1,True,False,20,True
Traffic,27,20260808,66,0.001,50,5.404532142020483e-05,1,True,False,20,True
Traffic,27,20260808,66,1e-05,2,1.9766287906914506e-05,2,False,True,20,True
Traffic,27,20260808,66,1e-05,5,2.643602764808941e-06,4,True,False,20,True
Traffic,27,20260808,66,1e-05,50,2.643602764808941e-06,4,True,False,20,True
Traffic,27,20260808,66,1e-12,2,1.9766287906914506e-05,2,False,True,20,True
Traffic,27,20260808,66,1e-12,5,9.664242715918495e-07,5,False,True,20,True
Traffic,27,20260808,66,1e-12,50,0.0,20,True,False,20,True
Traffic,27,20260808,67,0.001,2,0.00014579994717838353,1,True,False,15,True
Traffic,27,20260808,67,0.001,5,0.00014579994717838353,1,True,False,15,True
Traffic,27,20260808,67,0.001,50,0.00014579994717838353,1,True,False,15,True
Traffic,27,20260808,67,1e-05,2,3.3814452748231475e-05,2,False,True,15,True
Traffic,27,20260808,67,1e-05,5,1.76111207492426e-06,4,True,False,15,True
Traffic,27,20260808,67,1e-05,50,1.76111207492426e-06,4,True,False,15,True
Traffic,27,20260808,67,1e-12,2,3.3814452748231475e-05,2,False,True,15,True
Traffic,27,20260808,67,1e-12,5,4.0095067708948545e-07,5,False,True,15,True
Traffic,27,20260808,67,1e-12,50,0.0,15,True,False,15,True
Traffic,27,20260808,68,0.001,2,6.7010912087569234e-06,2,True,False,8,True
Traffic,27,20260808,68,0.001,5,6.7010912087569234e-06,2,True,False,8,True
Traffic,27,20260808,68,0.001,50,6.7010912087569234e-06,2,True,False,8,True
Traffic,27,20260808,68,1e-05,2,6.7010912087569234e-06,2,False,True,8,True
Traffic,27,20260808,68,1e-05,5,1.402577449691709e-07,3,True,False,8,True
Traffic,27,20260808,68,1e-05,50,1.402577449691709e-07,3,True,False,8,True
Traffic,27,20260808,68,1e-12,2,6.7010912087569234e-06,2,False,True,8,True
Traffic,27,20260808,68,1e-12,5,6.135237813832965e-11,5,False,True,8,True
Traffic,27,20260808,68,1e-12,50,0.0,8,True,False,8,True
Traffic,27,20260808,69,0.001,2,1.079118703951381e-05,1,True,False,16,True
Traffic,27,20260808,69,0.001,5,1.079118703951381e-05,1,True,False,16,True
Traffic,27,20260808,69,0.001,50,1.079118703951381e-05,1,True,False,16,True
Traffic,27,20260808,69,1e-05,2,3.108972053484334e-06,2,True,False,16,True
Traffic,27,20260808,69,1e-05,5,3.108972053484334e-06,2,True,False,16,True
Traffic,27,20260808,69,1e-05,50,3.108972053484334e-06,2,True,False,16,True
Traffic,27,20260808,69,1e-12,2,3.108972053484334e-06,2,False,True,16,True
Traffic,27,20260808,69,1e-12,5,9.429841827077108e-08,5,False,True,16,True
Traffic,27,20260808,69,1e-12,50,0.0,16,True,False,16,True
Traffic,27,20260808,70,0.001,2,7.884626143005443e-05,1,True,False,22,True
Traffic,27,20260808,70,0.001,5,7.884626143005443e-05,1,True,False,22,True
Traffic,27,20260808,70,0.001,50,7.884626143005443e-05,1,True,False,22,True
Traffic,27,20260808,70,1e-05,2,3.180539409647521e-05,2,False,True,22,True
Traffic,27,20260808,70,1e-05,5,5.2325313363551216e-06,4,True,False,22,True
Traffic,27,20260808,70,1e-05,50,5.2325313363551216e-06,4,True,False,22,True
Traffic,27,20260808,70,1e-12,2,3.180539409647521e-05,2,False,True,22,True
Traffic,27,20260808,70,1e-12,5,2.1219016715562586e-06,5,False,True,22,True
Traffic,27,20260808,70,1e-12,50,0.0,22,True,False,22,True
Traffic,27,20260808,71,0.001,2,5.8478604987313804e-05,1,True,False,19,True
Traffic,27,20260808,71,0.001,5,5.8478604987313804e-05,1,True,False,19,True
Traffic,27,20260808,71,0.001,50,5.8478604987313804e-05,1,True,False,19,True
Traffic,27,20260808,71,1e-05,2,1.793935295904317e-05,2,False,True,19,True
Traffic,27,20260808,71,1e-05,5,2.1701263189622796e-06,4,True,False,19,True
Traffic,27,20260808,71,1e-05,50,2.1701263189622796e-06,4,True,False,19,True
Traffic,27,20260808,71,1e-12,2,1.793935295904317e-05,2,False,True,19,True
Traffic,27,20260808,71,1e-12,5,7.65298388729073e-07,5,False,True,19,True
Traffic,27,20260808,71,1e-12,50,0.0,19,True,False,19,True
Traffic,27,20260808,72,0.001,2,0.00016129667364554991,1,True,False,23,True
Traffic,27,20260808,72,0.001,5,0.00016129667364554991,1,True,False,23,True
Traffic,27,20260808,72,0.001,50,0.00016129667364554991,1,True,False,23,True
Traffic,27,20260808,72,1e-05,2,6.675823694814448e-05,2,False,True,23,True
Traffic,27,20260808,72,1e-05,5,4.5464511362211995e-06,5,True,False,23,True
Traffic,27,20260808,72,1e-05,50,4.5464511362211995e-06,5,True,False,23,True
Traffic,27,20260808,72,1e-12,2,6.675823694814448e-05,2,False,True,23,True
Traffic,27,20260808,72,1e-12,5,4.5464511362211995e-06,5,False,True,23,True
Traffic,27,20260808,72,1e-12,50,0.0,23,True,False,23,True
Traffic,27,20260808,73,0.001,2,3.792269941798035e-05,1,True,False,20,True
Traffic,27,20260808,73,0.001,5,3.792269941798035e-05,1,True,False,20,True
Traffic,27,20260808,73,0.001,50,3.792269941798035e-05,1,True,False,20,True
Traffic,27,20260808,73,1e-05,2,1.2533328975721322e-05,2,False,True,20,True
Traffic,27,20260808,73,1e-05,5,4.718650508427192e-06,3,True,False,20,True
Traffic,27,20260808,73,1e-05,50,4.718650508427192e-06,3,True,False,20,True
Traffic,27,20260808,73,1e-12,2,1.2533328975721322e-05,2,False,True,20,True
Traffic,27,20260808,73,1e-12,5,7.11818883322943e-07,5,False,True,20,True
Traffic,27,20260808,73,1e-12,50,0.0,20,True,False,20,True
Traffic,27,20260808,74,0.001,2,1.3940218192352292e-05,1,True,False,15,True
Traffic,27,20260808,74,0.001,5,1.3940218192352292e-05,1,True,False,15,True
Traffic,27,20260808,74,0.001,50,1.3940218192352292e-05,1,True,False,15,True
Traffic,27,20260808,74,1e-05,2,3.427428693521138e-06,2,False,True,15,True
Traffic,27,20260808,74,1e-05,5,9.315913289813125e-07,3,True,False,15,True
Traffic,27,20260808,74,1e-05,50,9.315913289813125e-07,3,True,False,15,True
Traffic,27,20260808,74,1e-12,2,3.427428693521138e-06,2,False,True,15,True
Traffic,27,20260808,74,1e-12,5,7.788567842870018e-08,5,False,True,15,True
Traffic,27,20260808,74,1e-12,50,0.0,15,True,False,15,True
Traffic,27,20260808,75,0.001,2,9.017669330087149e-05,1,True,False,22,True
Traffic,27,20260808,75,0.001,5,9.017669330087149e-05,1,True,False,22,True
Traffic,27,20260808,75,0.001,50,9.017669330087149e-05,1,True,False,22,True
Traffic,27,20260808,75,1e-05,2,3.6262529918350567e-05,2,False,True,22,True
Traffic,27,20260808,75,1e-05,5,5.828395450636646e-06,4,True,False,22,True
Traffic,27,20260808,75,1e-05,50,5.828395450636646e-06,4,True,False,22,True
Traffic,27,20260808,75,1e-12,2,3.6262529918350567e-05,2,False,True,22,True
Traffic,27,20260808,75,1e-12,5,2.3343673958551556e-06,5,False,True,22,True
Traffic,27,20260808,75,1e-12,50,0.0,22,True,False,22,True
Traffic,27,20260808,76,0.001,2,9.760552400667448e-05,1,True,False,18,True
Traffic,27,20260808,76,0.001,5,9.760552400667448e-05,1,True,False,18,True
Traffic,27,20260808,76,0.001,50,9.760552400667448e-05,1,True,False,18,True
Traffic,27,20260808,76,1e-05,2,2.968536614775033e-05,2,False,True,18,True
Traffic,27,20260808,76,1e-05,5,2.754746681697475e-06,4,True,False,18,True
Traffic,27,20260808,76,1e-05,50,2.754746681697475e-06,4,True,False,18,True
Traffic,27,20260808,76,1e-12,2,2.968536614775033e-05,2,False,True,18,True
Traffic,27,20260808,76,1e-12,5,8.391350284339074e-07,5,False,True,18,True
Traffic,27,20260808,76,1e-12,50,0.0,18,True,False,18,True
Traffic,27,20260808,77,0.001,2,0.0001898898784520422,1,True,False,18,True
Traffic,27,20260808,77,0.001,5,0.0001898898784520422,1,True,False,18,True
Traffic,27,20260808,77,0.001,50,0.0001898898784520422,1,True,False,18,True
Traffic,27,20260808,77,1e-05,2,5.880729077303616e-05,2,False,True,18,True
Traffic,27,20260808,77,1e-05,5,1.567799777521858e-06,5,True,False,18,True
Traffic,27,20260808,77,1e-05,50,1.567799777521858e-06,5,True,False,18,True
Traffic,27,20260808,77,1e-12,2,5.880729077303616e-05,2,False,True,18,True
Traffic,27,20260808,77,1e-12,5,1.567799777521858e-06,5,False,True,18,True
Traffic,27,20260808,77,1e-12,50,0.0,18,True,False,18,True
Traffic,27,20260808,78,0.001,2,2.1093470563739558e-05,1,True,False,15,True
Traffic,27,20260808,78,0.001,5,2.1093470563739558e-05,1,True,False,15,True
Traffic,27,20260808,78,0.001,50,2.1093470563739558e-05,1,True,False,15,True
Traffic,27,20260808,78,1e-05,2,5.433158605392592e-06,2,False,True,15,True
Traffic,27,20260808,78,1e-05,5,1.4584983464356822e-06,3,True,False,15,True
Traffic,27,20260808,78,1e-05,50,1.4584983464356822e-06,3,True,False,15,True
Traffic,27,20260808,78,1e-12,2,5.433158605392592e-06,2,False,True,15,True
Traffic,27,20260808,78,1e-12,5,1.0670302074113864e-07,5,False,True,15,True
Traffic,27,20260808,78,1e-12,50,0.0,15,True,False,15,True
Traffic,27,20260808,79,0.001,2,3.688964159175295e-05,1,True,False,18,True
Traffic,27,20260808,79,0.001,5,3.688964159175295e-05,1,True,False,18,True
Traffic,27,20260808,79,0.001,50,3.688964159175295e-05,1,True,False,18,True
Traffic,27,20260808,79,1e-05,2,1.0265193703360375e-05,2,False,True,18,True
Traffic,27,20260808,79,1e-05,5,3.0633433738426352e-06,3,True,False,18,True
Traffic,27,20260808,79,1e-05,50,3.0633433738426352e-06,3,True,False,18,True
Traffic,27,20260808,79,1e-12,2,1.0265193703360375e-05,2,False,True,18,True
Traffic,27,20260808,79,1e-12,5,3.1922267673550014e-07,5,False,True,18,True
Traffic,27,20260808,79,1e-12,50,0.0,18,True,False,18,True
Traffic,27,20260808,80,0.001,2,2.9926479895283086e-05,1,True,False,16,True
Traffic,27,20260808,80,0.001,5,2.9926479895283086e-05,1,True,False,16,True
Traffic,27,20260808,80,0.001,50,2.9926479895283086e-05,1,True,False,16,True
Traffic,27,20260808,80,1e-05,2,8.35996635199005e-06,2,False,True,16,True
Traffic,27,20260808,80,1e-05,5,2.3385645879226462e-06,3,True,False,16,True
Traffic,27,20260808,80,1e-05,50,2.3385645879226462e-06,3,True,False,16,True
Traffic,27,20260808,80,1e-12,2,8.35996635199005e-06,2,False,True,16,True
Traffic,27,20260808,80,1e-12,5,1.8297697072161363e-07,5,False,True,16,True
Traffic,27,20260808,80,1e-12,50,0.0,16,True,False,16,True
Traffic,27,20260808,81,0.001,2,7.634535992600758e-05,1,True,False,22,True
Traffic,27,20260808,81,0.001,5,7.634535992600758e-05,1,True,False,22,True
Traffic,27,20260808,81,0.001,50,7.634535992600758e-05,1,True,False,22,True
Traffic,27,20260808,81,1e-05,2,3.154067717520107e-05,2,False,True,22,True
Traffic,27,20260808,81,1e-05,5,5.395743013518822e-06,4,True,False,22,True
Traffic,27,20260808,81,1e-05,50,5.395743013518822e-06,4,True,False,22,True
Traffic,27,20260808,81,1e-12,2,3.154067717520107e-05,2,False,True,22,True
Traffic,27,20260808,81,1e-12,5,2.230704132356759e-06,5,False,True,22,True
Traffic,27,20260808,81,1e-12,50,0.0,22,True,False,22,True
Traffic,27,20260808,82,0.001,2,6.098966922452002e-05,1,True,False,15,True
Traffic,27,20260808,82,0.001,5,6.098966922452002e-05,1,True,False,15,True
Traffic,27,20260808,82,0.001,50,6.098966922452002e-05,1,True,False,15,True
Traffic,27,20260808,82,1e-05,2,1.479932089897232e-05,2,False,True,15,True
Traffic,27,20260808,82,1e-05,5,8.968338044707562e-07,4,True,False,15,True
Traffic,27,20260808,82,1e-05,50,8.968338044707562e-07,4,True,False,15,True
Traffic,27,20260808,82,1e-12,2,1.479932089897232e-05,2,False,True,15,True
Traffic,27,20260808,82,1e-12,5,2.2127830523104938e-07,5,False,True,15,True
Traffic,27,20260808,82,1e-12,50,0.0,15,True,False,15,True
Traffic,27,20260808,83,0.001,2,2.0101193413487113e-05,1,True,False,17,True
Traffic,27,20260808,83,0.001,5,2.0101193413487113e-05,1,True,False,17,True
Traffic,27,20260808,83,0.001,50,2.0101193413487113e-05,1,True,False,17,True
Traffic,27,20260808,83,1e-05,2,4.6833823534856715e-06,2,False,True,17,True
Traffic,27,20260808,83,1e-05,5,1.3610359982704444e-06,3,True,False,17,True
Traffic,27,20260808,83,1e-05,50,1.3610359982704444e-06,3,True,False,17,True
Traffic,27,20260808,83,1e-12,2,4.6833823534856715e-06,2,False,True,17,True
Traffic,27,20260808,83,1e-12,5,1.4202940888685308e-07,5,False,True,17,True
Traffic,27,20260808,83,1e-12,50,0.0,17,True,False,17,True
Traffic,27,20260808,84,0.001,2,0.00012749846182896153,1,True,False,17,True
Traffic,27,20260808,84,0.001,5,0.00012749846182896153,1,True,False,17,True
Traffic,27,20260808,84,0.001,50,0.00012749846182896153,1,True,False,17,True
Traffic,27,20260808,84,1e-05,2,3.620957188850512e-05,2,False,True,17,True
Traffic,27,20260808,84,1e-05,5,2.839779753693924e-06,4,True,False,17,True
Traffic,27,20260808,84,1e-05,50,2.839779753693924e-06,4,True,False,17,True
Traffic,27,20260808,84,1e-12,2,3.620957188850512e-05,2,False,True,17,True
Traffic,27,20260808,84,1e-12,5,7.926929949436669e-07,5,False,True,17,True
Traffic,27,20260808,84,1e-12,50,0.0,17,True,False,17,True
Traffic,27,20260808,85,0.001,2,9.443136194274375e-05,1,True,False,12,True
Traffic,27,20260808,85,0.001,5,9.443136194274375e-05,1,True,False,12,True
Traffic,27,20260808,85,0.001,50,9.443136194274375e-05,1,True,False,12,True
Traffic,27,20260808,85,1e-05,2,1.3190235327820348e-05,2,False,True,12,True
Traffic,27,20260808,85,1e-05,5,2.7497109032416413e-07,4,True,False,12,True
Traffic,27,20260808,85,1e-05,50,2.7497109032416413e-07,4,True,False,12,True
Traffic,27,20260808,85,1e-12,2,1.3190235327820348e-05,2,False,True,12,True
Traffic,27,20260808,85,1e-12,5,4.2142642246763806e-08,5,False,True,12,True
Traffic,27,20260808,85,1e-12,50,0.0,12,True,False,12,True
Traffic,27,20260808,86,0.001,2,0.0001240301896404383,1,True,False,14,True
Traffic,27,20260808,86,0.001,5,0.0001240301896404383,1,True,False,14,True
Traffic,27,20260808,86,0.001,50,0.0001240301896404383,1,True,False,14,True
Traffic,27,20260808,86,1e-05,2,2.632671712247579e-05,2,False,True,14,True
Traffic,27,20260808,86,1e-05,5,1.1383961848218417e-06,4,True,False,14,True
Traffic,27,20260808,86,1e-05,50,1.1383961848218417e-06,4,True,False,14,True
Traffic,27,20260808,86,1e-12,2,2.632671712247579e-05,2,False,True,14,True
Traffic,27,20260808,86,1e-12,5,2.361476117471685e-07,5,False,True,14,True
Traffic,27,20260808,86,1e-12,50,0.0,14,True,False,14,True
Traffic,27,20260808,87,0.001,2,5.719145547758165e-05,1,True,False,27,True
Traffic,27,20260808,87,0.001,5,5.719145547758165e-05,1,True,False,27,True
Traffic,27,20260808,87,0.001,50,5.719145547758165e-05,1,True,False,27,True
Traffic,27,20260808,87,1e-05,2,2.7944535910137426e-05,2,False,True,27,True
Traffic,27,20260808,87,1e-05,5,6.70568323362754e-06,4,True,False,27,True
Traffic,27,20260808,87,1e-05,50,6.70568323362754e-06,4,True,False,27,True
Traffic,27,20260808,87,1e-12,2,2.7944535910137426e-05,2,False,True,27,True
Traffic,27,20260808,87,1e-12,5,3.285855379532056e-06,5,False,True,27,True
Traffic,27,20260808,87,1e-12,50,0.0,27,True,False,27,True
Traffic,27,20260808,88,0.001,2,1.9008366871713444e-05,1,True,False,14,True
Traffic,27,20260808,88,0.001,5,1.9008366871713444e-05,1,True,False,14,True
Traffic,27,20260808,88,0.001,50,1.9008366871713444e-05,1,True,False,14,True
Traffic,27,20260808,88,1e-05,2,3.4913910099741493e-06,2,False,True,14,True
Traffic,27,20260808,88,1e-05,5,8.335450319888391e-07,3,True,False,14,True
Traffic,27,20260808,88,1e-05,50,8.335450319888391e-07,3,True,False,14,True
Traffic,27,20260808,88,1e-12,2,3.4913910099741493e-06,2,False,True,14,True
Traffic,27,20260808,88,1e-12,5,4.809817784400631e-08,5,False,True,14,True
Traffic,27,20260808,88,1e-12,50,0.0,14,True,False,14,True
Traffic,27,20260808,89,0.001,2,0.0001391717274224876,1,True,False,17,True
Traffic,27,20260808,89,0.001,5,0.0001391717274224876,1,True,False,17,True
Traffic,27,20260808,89,0.001,50,0.0001391717274224876,1,True,False,17,True
Traffic,27,20260808,89,1e-05,2,3.8820193010863244e-05,2,False,True,17,True
Traffic,27,20260808,89,1e-05,5,2.839550439442665e-06,4,True,False,17,True
Traffic,27,20260808,89,1e-05,50,2.839550439442665e-06,4,True,False,17,True
Traffic,27,20260808,89,1e-12,2,3.8820193010863244e-05,2,False,True,17,True
Traffic,27,20260808,89,1e-12,5,7.637450219394423e-07,5,False,True,17,True
Traffic,27,20260808,89,1e-12,50,0.0,17,True,False,17,True
Traffic,27,20260808,90,0.001,2,9.976825489272804e-05,1,True,False,19,True
Traffic,27,20260808,90,0.001,5,9.976825489272804e-05,1,True,False,19,True
Traffic,27,20260808,90,0.001,50,9.976825489272804e-05,1,True,False,19,True
Traffic,27,20260808,90,1e-05,2,3.27786810730512e-05,2,False,True,19,True
Traffic,27,20260808,90,1e-05,5,3.506916683907579e-06,4,True,False,19,True
Traffic,27,20260808,90,1e-05,50,3.506916683907579e-06,4,True,False,19,True
Traffic,27,20260808,90,1e-12,2,3.27786810730512e-05,2,False,True,19,True
Traffic,27,20260808,90,1e-12,5,1.145283833988318e-06,5,False,True,19,True
Traffic,27,20260808,90,1e-12,50,0.0,19,True,False,19,True
Traffic,27,20260808,91,0.001,2,8.869332874995139e-06,1,True,False,20,True
Traffic,27,20260808,91,0.001,5,8.869332874995139e-06,1,True,False,20,True
Traffic,27,20260808,91,0.001,50,8.869332874995139e-06,1,True,False,20,True
Traffic,27,20260808,91,1e-05,2,3.584135359231374e-06,2,True,False,20,True
Traffic,27,20260808,91,1e-05,5,3.584135359231374e-06,2,True,False,20,True
Traffic,27,20260808,91,1e-05,50,3.584135359231374e-06,2,True,False,20,True
Traffic,27,20260808,91,1e-12,2,3.584135359231374e-06,2,False,True,20,True
Traffic,27,20260808,91,1e-12,5,2.5785487890559247e-07,5,False,True,20,True
Traffic,27,20260808,91,1e-12,50,0.0,20,True,False,20,True
Traffic,27,20260808,92,0.001,2,7.420839846876501e-05,1,True,False,20,True
Traffic,27,20260808,92,0.001,5,7.420839846876501e-05,1,True,False,20,True
Traffic,27,20260808,92,0.001,50,7.420839846876501e-05,1,True,False,20,True
Traffic,27,20260808,92,1e-05,2,2.7755936497723805e-05,2,False,True,20,True
Traffic,27,20260808,92,1e-05,5,3.875995257987649e-06,4,True,False,20,True
Traffic,27,20260808,92,1e-05,50,3.875995257987649e-06,4,True,False,20,True
Traffic,27,20260808,92,1e-12,2,2.7755936497723805e-05,2,False,True,20,True
Traffic,27,20260808,92,1e-12,5,1.4477503103762881e-06,5,False,True,20,True
Traffic,27,20260808,92,1e-12,50,0.0,20,True,False,20,True
Traffic,27,20260808,93,0.001,2,0.00015934511578770318,1,True,False,24,True
Traffic,27,20260808,93,0.001,5,0.00015934511578770318,1,True,False,24,True
Traffic,27,20260808,93,0.001,50,0.00015934511578770318,1,True,False,24,True
Traffic,27,20260808,93,1e-05,2,6.831308505787582e-05,2,False,True,24,True
Traffic,27,20260808,93,1e-05,5,5.338256456570102e-06,5,True,False,24,True
Traffic,27,20260808,93,1e-05,50,5.338256456570102e-06,5,True,False,24,True
Traffic,27,20260808,93,1e-12,2,6.831308505787582e-05,2,False,True,24,True
Traffic,27,20260808,93,1e-12,5,5.338256456570102e-06,5,False,True,24,True
Traffic,27,20260808,93,1e-12,50,0.0,24,True,False,24,True
Traffic,27,20260808,94,0.001,2,0.00014244776411684535,1,True,False,20,True
Traffic,27,20260808,94,0.001,5,0.00014244776411684535,1,True,False,20,True
Traffic,27,20260808,94,0.001,50,0.00014244776411684535,1,True,False,20,True
Traffic,27,20260808,94,1e-05,2,5.0419786362340186e-05,2,False,True,20,True
Traffic,27,20260808,94,1e-05,5,2.1183538442473092e-06,5,True,False,20,True
Traffic,27,20260808,94,1e-05,50,2.1183538442473092e-06,5,True,False,20,True
Traffic,27,20260808,94,1e-12,2,5.0419786362340186e-05,2,False,True,20,True
Traffic,27,20260808,94,1e-12,5,2.1183538442473092e-06,5,False,True,20,True
Traffic,27,20260808,94,1e-12,50,0.0,20,True,False,20,True
Traffic,27,20260808,95,0.001,2,0.00010930896177780839,1,True,False,18,True
Traffic,27,20260808,95,0.001,5,0.00010930896177780839,1,True,False,18,True
Traffic,27,20260808,95,0.001,50,0.00010930896177780839,1,True,False,18,True
Traffic,27,20260808,95,1e-05,2,3.4664742637325996e-05,2,False,True,18,True
Traffic,27,20260808,95,1e-05,5,3.458336811137579e-06,4,True,False,18,True
Traffic,27,20260808,95,1e-05,50,3.458336811137579e-06,4,True,False,18,True
Traffic,27,20260808,95,1e-12,2,3.4664742637325996e-05,2,False,True,18,True
Traffic,27,20260808,95,1e-12,5,1.0910048141007983e-06,5,False,True,18,True
Traffic,27,20260808,95,1e-12,50,0.0,18,True,False,18,True
Traffic,27,20260808,96,0.001,2,5.3271430697751124e-05,1,True,False,20,True
Traffic,27,20260808,96,0.001,5,5.3271430697751124e-05,1,True,False,20,True
Traffic,27,20260808,96,0.001,50,5.3271430697751124e-05,1,True,False,20,True
Traffic,27,20260808,96,1e-05,2,1.9015962310824068e-05,2,False,True,20,True
Traffic,27,20260808,96,1e-05,5,2.469721323187836e-06,4,True,False,20,True
Traffic,27,20260808,96,1e-05,50,2.469721323187836e-06,4,True,False,20,True
Traffic,27,20260808,96,1e-12,2,1.9015962310824068e-05,2,False,True,20,True
Traffic,27,20260808,96,1e-12,5,8.948074619743103e-07,5,False,True,20,True
Traffic,27,20260808,96,1e-12,50,0.0,20,True,False,20,True
Traffic,27,20260808,97,0.001,2,4.2310693376246725e-05,1,True,False,22,True
Traffic,27,20260808,97,0.001,5,4.2310693376246725e-05,1,True,False,22,True
Traffic,27,20260808,97,0.001,50,4.2310693376246725e-05,1,True,False,22,True
Traffic,27,20260808,97,1e-05,2,1.731653893555388e-05,2,False,True,22,True
Traffic,27,20260808,97,1e-05,5,2.894970294710652e-06,4,True,False,22,True
Traffic,27,20260808,97,1e-05,50,2.894970294710652e-06,4,True,False,22,True
Traffic,27,20260808,97,1e-12,2,1.731653893555388e-05,2,False,True,22,True
Traffic,27,20260808,97,1e-12,5,1.1825795662144987e-06,5,False,True,22,True
Traffic,27,20260808,97,1e-12,50,0.0,22,True,False,22,True
Traffic,27,20260808,98,0.001,2,0.00014513115935193288,1,True,False,23,True
Traffic,27,20260808,98,0.001,5,0.00014513115935193288,1,True,False,23,True
Traffic,27,20260808,98,0.001,50,0.00014513115935193288,1,True,False,23,True
Traffic,27,20260808,98,1e-05,2,5.872322361474225e-05,2,False,True,23,True
Traffic,27,20260808,98,1e-05,5,3.962647768577471e-06,5,True,False,23,True
Traffic,27,20260808,98,1e-05,50,3.962647768577471e-06,5,True,False,23,True
Traffic,27,20260808,98,1e-12,2,5.872322361474225e-05,2,False,True,23,True
Traffic,27,20260808,98,1e-12,5,3.962647768577471e-06,5,False,True,23,True
Traffic,27,20260808,98,1e-12,50,0.0,23,True,False,23,True
Traffic,27,20260808,99,0.001,2,4.149501983029122e-05,1,True,False,15,True
Traffic,27,20260808,99,0.001,5,4.149501983029122e-05,1,True,False,15,True
Traffic,27,20260808,99,0.001,50,4.149501983029122e-05,1,True,False,15,True
Traffic,27,20260808,99,1e-05,2,8.749231844826148e-06,2,False,True,15,True
Traffic,27,20260808,99,1e-05,5,2.1649261371555505e-06,3,True,False,15,True
Traffic,27,20260808,99,1e-05,50,2.1649261371555505e-06,3,True,False,15,True
Traffic,27,20260808,99,1e-12,2,8.749231844826148e-06,2,False,True,15,True
Traffic,27,20260808,99,1e-12,5,1.516008405466613e-07,5,False,True,15,True
Traffic,27,20260808,99,1e-12,50,0.0,15,True,False,15,True
Traffic,27,20260808,100,0.001,2,3.25380118665587e-05,1,True,False,12,True
Traffic,27,20260808,100,0.001,5,3.25380118665587e-05,1,True,False,12,True
Traffic,27,20260808,100,0.001,50,3.25380118665587e-05,1,True,False,12,True
Traffic,27,20260808,100,1e-05,2,4.7088035191260125e-06,2,False,True,12,True
Traffic,27,20260808,100,1e-05,5,6.854103462479632e-07,3,True,False,12,True
Traffic,27,20260808,100,1e-05,50,6.854103462479632e-07,3,True,False,12,True
Traffic,27,20260808,100,1e-12,2,4.7088035191260125e-06,2,False,True,12,True
Traffic,27,20260808,100,1e-12,5,1.5605835983506553e-08,5,False,True,12,True
Traffic,27,20260808,100,1e-12,50,0.0,12,True,False,12,True
Traffic,39,20260808,21,0.001,2,8.04755206708731e-05,1,True,False,16,True
Traffic,39,20260808,21,0.001,5,8.04755206708731e-05,1,True,False,16,True
Traffic,39,20260808,21,0.001,50,8.04755206708731e-05,1,True,False,16,True
Traffic,39,20260808,21,1e-05,2,2.1699671757494672e-05,2,False,True,16,True
Traffic,39,20260808,21,1e-05,5,1.5699474821114472e-06,4,True,False,16,True
Traffic,39,20260808,21,1e-05,50,1.5699474821114472e-06,4,True,False,16,True
Traffic,39,20260808,21,1e-12,2,2.1699671757494672e-05,2,False,True,16,True
Traffic,39,20260808,21,1e-12,5,4.2196357347607497e-07,5,False,True,16,True
Traffic,39,20260808,21,1e-12,50,0.0,16,True,False,16,True
Traffic,39,20260808,22,0.001,2,8.117247916105032e-05,1,True,False,17,True
Traffic,39,20260808,22,0.001,5,8.117247916105032e-05,1,True,False,17,True
Traffic,39,20260808,22,0.001,50,8.117247916105032e-05,1,True,False,17,True
Traffic,39,20260808,22,1e-05,2,2.332891283190542e-05,2,False,True,17,True
Traffic,39,20260808,22,1e-05,5,1.940034479835714e-06,4,True,False,17,True
Traffic,39,20260808,22,1e-05,50,1.940034479835714e-06,4,True,False,17,True
Traffic,39,20260808,22,1e-12,2,2.332891283190542e-05,2,False,True,17,True
Traffic,39,20260808,22,1e-12,5,5.599853947132404e-07,5,False,True,17,True
Traffic,39,20260808,22,1e-12,50,0.0,17,True,False,17,True
Traffic,39,20260808,23,0.001,2,0.0001289782482675786,1,True,False,18,True
Traffic,39,20260808,23,0.001,5,0.0001289782482675786,1,True,False,18,True
Traffic,39,20260808,23,0.001,50,0.0001289782482675786,1,True,False,18,True
Traffic,39,20260808,23,1e-05,2,3.5634709545656e-05,2,False,True,18,True
Traffic,39,20260808,23,1e-05,5,2.9817328410693015e-06,4,True,False,18,True
Traffic,39,20260808,23,1e-05,50,2.9817328410693015e-06,4,True,False,18,True
Traffic,39,20260808,23,1e-12,2,3.5634709545656e-05,2,False,True,18,True
Traffic,39,20260808,23,1e-12,5,9.019658308857847e-07,5,False,True,18,True
Traffic,39,20260808,23,1e-12,50,0.0,18,True,False,18,True
Traffic,39,20260808,24,0.001,2,6.877318266923183e-05,1,True,False,16,True
Traffic,39,20260808,24,0.001,5,6.877318266923183e-05,1,True,False,16,True
Traffic,39,20260808,24,0.001,50,6.877318266923183e-05,1,True,False,16,True
Traffic,39,20260808,24,1e-05,2,1.7336228168356596e-05,2,False,True,16,True
Traffic,39,20260808,24,1e-05,5,1.2040463506523473e-06,4,True,False,16,True
Traffic,39,20260808,24,1e-05,50,1.2040463506523473e-06,4,True,False,16,True
Traffic,39,20260808,24,1e-12,2,1.7336228168356596e-05,2,False,True,16,True
Traffic,39,20260808,24,1e-12,5,3.304106518293628e-07,5,False,True,16,True
Traffic,39,20260808,24,1e-12,50,0.0,16,True,False,16,True
Traffic,39,20260808,25,0.001,2,9.980166883582325e-05,1,True,False,16,True
Traffic,39,20260808,25,0.001,5,9.980166883582325e-05,1,True,False,16,True
Traffic,39,20260808,25,0.001,50,9.980166883582325e-05,1,True,False,16,True
Traffic,39,20260808,25,1e-05,2,2.5503201862259607e-05,2,False,True,16,True
Traffic,39,20260808,25,1e-05,5,1.678825457519788e-06,4,True,False,16,True
Traffic,39,20260808,25,1e-05,50,1.678825457519788e-06,4,True,False,16,True
Traffic,39,20260808,25,1e-12,2,2.5503201862259607e-05,2,False,True,16,True
Traffic,39,20260808,25,1e-12,5,4.322869878044523e-07,5,False,True,16,True
Traffic,39,20260808,25,1e-12,50,0.0,16,True,False,16,True
Traffic,39,20260808,26,0.001,2,1.893209505731636e-05,1,True,False,17,True
Traffic,39,20260808,26,0.001,5,1.893209505731636e-05,1,True,False,17,True
Traffic,39,20260808,26,0.001,50,1.893209505731636e-05,1,True,False,17,True
Traffic,39,20260808,26,1e-05,2,4.500546237940383e-06,2,False,True,17,True
Traffic,39,20260808,26,1e-05,5,1.392224834980894e-06,3,True,False,17,True
Traffic,39,20260808,26,1e-05,50,1.392224834980894e-06,3,True,False,17,True
Traffic,39,20260808,26,1e-12,2,4.500546237940383e-06,2,False,True,17,True
Traffic,39,20260808,26,1e-12,5,1.5507014471957846e-07,5,False,True,17,True
Traffic,39,20260808,26,1e-12,50,0.0,17,True,False,17,True
Traffic,39,20260808,27,0.001,2,0.00014971880475061848,1,True,False,18,True
Traffic,39,20260808,27,0.001,5,0.00014971880475061848,1,True,False,18,True
Traffic,39,20260808,27,0.001,50,0.00014971880475061848,1,True,False,18,True
Traffic,39,20260808,27,1e-05,2,4.606795727920272e-05,2,False,True,18,True
Traffic,39,20260808,27,1e-05,5,4.114865950889603e-06,4,True,False,18,True
Traffic,39,20260808,27,1e-05,50,4.114865950889603e-06,4,True,False,18,True
Traffic,39,20260808,27,1e-12,2,4.606795727920272e-05,2,False,True,18,True
Traffic,39,20260808,27,1e-12,5,1.2214690825446949e-06,5,False,True,18,True
Traffic,39,20260808,27,1e-12,50,0.0,18,True,False,18,True
Traffic,39,20260808,28,0.001,2,9.654096651233481e-05,1,True,False,14,True
Traffic,39,20260808,28,0.001,5,9.654096651233481e-05,1,True,False,14,True
Traffic,39,20260808,28,0.001,50,9.654096651233481e-05,1,True,False,14,True
Traffic,39,20260808,28,1e-05,2,1.9131461184843868e-05,2,False,True,14,True
Traffic,39,20260808,28,1e-05,5,7.494987464992573e-07,4,True,False,14,True
Traffic,39,20260808,28,1e-05,50,7.494987464992573e-07,4,True,False,14,True
Traffic,39,20260808,28,1e-12,2,1.9131461184843868e-05,2,False,True,14,True
Traffic,39,20260808,28,1e-12,5,1.5167448789833914e-07,5,False,True,14,True
Traffic,39,20260808,28,1e-12,50,0.0,14,True,False,14,True
Traffic,39,20260808,29,0.001,2,8.171160828915967e-05,1,True,False,21,True
Traffic,39,20260808,29,0.001,5,8.171160828915967e-05,1,True,False,21,True
Traffic,39,20260808,29,0.001,50,8.171160828915967e-05,1,True,False,21,True
Traffic,39,20260808,29,1e-05,2,3.173194397658454e-05,2,False,True,21,True
Traffic,39,20260808,29,1e-05,5,4.808657613248083e-06,4,True,False,21,True
Traffic,39,20260808,29,1e-05,50,4.808657613248083e-06,4,True,False,21,True
Traffic,39,20260808,29,1e-12,2,3.173194397658454e-05,2,False,True,21,True
Traffic,39,20260808,29,1e-12,5,1.8709799933818339e-06,5,False,True,21,True
Traffic,39,20260808,29,1e-12,50,0.0,21,True,False,21,True
Traffic,39,20260808,30,0.001,2,4.764806031665145e-05,1,True,False,21,True
Traffic,39,20260808,30,0.001,5,4.764806031665145e-05,1,True,False,21,True
Traffic,39,20260808,30,0.001,50,4.764806031665145e-05,1,True,False,21,True
Traffic,39,20260808,30,1e-05,2,1.8349647601612103e-05,2,False,True,21,True
Traffic,39,20260808,30,1e-05,5,2.7770647926412067e-06,4,True,False,21,True
Traffic,39,20260808,30,1e-05,50,2.7770647926412067e-06,4,True,False,21,True
Traffic,39,20260808,30,1e-12,2,1.8349647601612103e-05,2,False,True,21,True
Traffic,39,20260808,30,1e-12,5,1.0811357345797965e-06,5,False,True,21,True
Traffic,39,20260808,30,1e-12,50,0.0,21,True,False,21,True
Traffic,39,20260808,31,0.001,2,6.572091317428824e-05,1,True,False,22,True
Traffic,39,20260808,31,0.001,5,6.572091317428824e-05,1,True,False,22,True
Traffic,39,20260808,31,0.001,50,6.572091317428824e-05,1,True,False,22,True
Traffic,39,20260808,31,1e-05,2,2.67992798600507e-05,2,False,True,22,True
Traffic,39,20260808,31,1e-05,5,4.464438132519661e-06,4,True,False,22,True
Traffic,39,20260808,31,1e-05,50,4.464438132519661e-06,4,True,False,22,True
Traffic,39,20260808,31,1e-12,2,2.67992798600507e-05,2,False,True,22,True
Traffic,39,20260808,31,1e-12,5,1.8220118054286887e-06,5,False,True,22,True
Traffic,39,20260808,31,1e-12,50,0.0,22,True,False,22,True
Traffic,39,20260808,32,0.001,2,0.00016943513496505024,1,True,False,23,True
Traffic,39,20260808,32,0.001,5,0.00016943513496505024,1,True,False,23,True
Traffic,39,20260808,32,0.001,50,0.00016943513496505024,1,True,False,23,True
Traffic,39,20260808,32,1e-05,2,7.010505536292355e-05,2,False,True,23,True
Traffic,39,20260808,32,1e-05,5,4.86335653452173e-06,5,True,False,23,True
Traffic,39,20260808,32,1e-05,50,4.86335653452173e-06,5,True,False,23,True
Traffic,39,20260808,32,1e-12,2,7.010505536292355e-05,2,False,True,23,True
Traffic,39,20260808,32,1e-12,5,4.86335653452173e-06,5,False,True,23,True
Traffic,39,20260808,32,1e-12,50,0.0,23,True,False,23,True
Traffic,39,20260808,33,0.001,2,0.00011840866498452584,1,True,False,16,True
Traffic,39,20260808,33,0.001,5,0.00011840866498452584,1,True,False,16,True
Traffic,39,20260808,33,0.001,50,0.00011840866498452584,1,True,False,16,True
Traffic,39,20260808,33,1e-05,2,3.1656791079960304e-05,2,False,True,16,True
Traffic,39,20260808,33,1e-05,5,2.2364789306105626e-06,4,True,False,16,True
Traffic,39,20260808,33,1e-05,50,2.2364789306105626e-06,4,True,False,16,True
Traffic,39,20260808,33,1e-12,2,3.1656791079960304e-05,2,False,True,16,True
Traffic,39,20260808,33,1e-12,5,5.938888549708098e-07,5,False,True,16,True
Traffic,39,20260808,33,1e-12,50,0.0,16,True,False,16,True
Traffic,39,20260808,34,0.001,2,2.1943351215304452e-05,1,True,False,18,True
Traffic,39,20260808,34,0.001,5,2.1943351215304452e-05,1,True,False,18,True
Traffic,39,20260808,34,0.001,50,2.1943351215304452e-05,1,True,False,18,True
Traffic,39,20260808,34,1e-05,2,6.756438247539278e-06,2,False,True,18,True
Traffic,39,20260808,34,1e-05,5,2.334175410270468e-06,3,True,False,18,True
Traffic,39,20260808,34,1e-05,50,2.334175410270468e-06,3,True,False,18,True
Traffic,39,20260808,34,1e-12,2,6.756438247539278e-06,2,False,True,18,True
Traffic,39,20260808,34,1e-12,5,2.8745770830531536e-07,5,False,True,18,True
Traffic,39,20260808,34,1e-12,50,0.0,18,True,False,18,True
Traffic,39,20260808,35,0.001,2,3.444273520649718e-05,1,True,False,18,True
Traffic,39,20260808,35,0.001,5,3.444273520649718e-05,1,True,False,18,True
Traffic,39,20260808,35,0.001,50,3.444273520649718e-05,1,True,False,18,True
Traffic,39,20260808,35,1e-05,2,1.123210748373507e-05,2,False,True,18,True
Traffic,39,20260808,35,1e-05,5,3.664721101508012e-06,3,True,False,18,True
Traffic,39,20260808,35,1e-05,50,3.664721101508012e-06,3,True,False,18,True
Traffic,39,20260808,35,1e-12,2,1.123210748373507e-05,2,False,True,18,True
Traffic,39,20260808,35,1e-12,5,3.90140771677859e-07,5,False,True,18,True
Traffic,39,20260808,35,1e-12,50,0.0,18,True,False,18,True
Traffic,39,20260808,36,0.001,2,8.21388609038846e-05,1,True,False,21,True
Traffic,39,20260808,36,0.001,5,8.21388609038846e-05,1,True,False,21,True
Traffic,39,20260808,36,0.001,50,8.21388609038846e-05,1,True,False,21,True
Traffic,39,20260808,36,1e-05,2,3.1056888956433376e-05,2,False,True,21,True
Traffic,39,20260808,36,1e-05,5,4.809848220658354e-06,4,True,False,21,True
Traffic,39,20260808,36,1e-05,50,4.809848220658354e-06,4,True,False,21,True
Traffic,39,20260808,36,1e-12,2,3.1056888956433376e-05,2,False,True,21,True
Traffic,39,20260808,36,1e-12,5,1.8964419756529206e-06,5,False,True,21,True
Traffic,39,20260808,36,1e-12,50,0.0,21,True,False,21,True
Traffic,39,20260808,37,0.001,2,0.00014504148644033666,1,True,False,19,True
Traffic,39,20260808,37,0.001,5,0.00014504148644033666,1,True,False,19,True
Traffic,39,20260808,37,0.001,50,0.00014504148644033666,1,True,False,19,True
Traffic,39,20260808,37,1e-05,2,4.794860639482525e-05,2,False,True,19,True
Traffic,39,20260808,37,1e-05,5,1.691439997816882e-06,5,True,False,19,True
Traffic,39,20260808,37,1e-05,50,1.691439997816882e-06,5,True,False,19,True
Traffic,39,20260808,37,1e-12,2,4.794860639482525e-05,2,False,True,19,True
Traffic,39,20260808,37,1e-12,5,1.691439997816882e-06,5,False,True,19,True
Traffic,39,20260808,37,1e-12,50,0.0,19,True,False,19,True
Traffic,39,20260808,38,0.001,2,9.769832406661899e-06,1,True,False,16,True
Traffic,39,20260808,38,0.001,5,9.769832406661899e-06,1,True,False,16,True
Traffic,39,20260808,38,0.001,50,9.769832406661899e-06,1,True,False,16,True
Traffic,39,20260808,38,1e-05,2,1.7977101879463937e-06,2,True,False,16,True
Traffic,39,20260808,38,1e-05,5,1.7977101879463937e-06,2,True,False,16,True
Traffic,39,20260808,38,1e-05,50,1.7977101879463937e-06,2,True,False,16,True
Traffic,39,20260808,38,1e-12,2,1.7977101879463937e-06,2,False,True,16,True
Traffic,39,20260808,38,1e-12,5,4.563460555636411e-08,5,False,True,16,True
Traffic,39,20260808,38,1e-12,50,0.0,16,True,False,16,True
Traffic,39,20260808,39,0.001,2,0.00013029245955459588,1,True,False,23,True
Traffic,39,20260808,39,0.001,5,0.00013029245955459588,1,True,False,23,True
Traffic,39,20260808,39,0.001,50,0.00013029245955459588,1,True,False,23,True
Traffic,39,20260808,39,1e-05,2,5.412301028761956e-05,2,False,True,23,True
Traffic,39,20260808,39,1e-05,5,3.927624321049661e-06,5,True,False,23,True
Traffic,39,20260808,39,1e-05,50,3.927624321049661e-06,5,True,False,23,True
Traffic,39,20260808,39,1e-12,2,5.412301028761956e-05,2,False,True,23,True
Traffic,39,20260808,39,1e-12,5,3.927624321049661e-06,5,False,True,23,True
Traffic,39,20260808,39,1e-12,50,0.0,23,True,False,23,True
Traffic,39,20260808,40,0.001,2,0.00012806815230868797,1,True,False,24,True
Traffic,39,20260808,40,0.001,5,0.00012806815230868797,1,True,False,24,True
Traffic,39,20260808,40,0.001,50,0.00012806815230868797,1,True,False,24,True
Traffic,39,20260808,40,1e-05,2,5.5378792635410274e-05,2,False,True,24,True
Traffic,39,20260808,40,1e-05,5,4.365926984717703e-06,5,True,False,24,True
Traffic,39,20260808,40,1e-05,50,4.365926984717703e-06,5,True,False,24,True
Traffic,39,20260808,40,1e-12,2,5.5378792635410274e-05,2,False,True,24,True
Traffic,39,20260808,40,1e-12,5,4.365926984717703e-06,5,False,True,24,True
Traffic,39,20260808,40,1e-12,50,0.0,24,True,False,24,True
Traffic,39,20260808,41,0.001,2,9.601539318844173e-05,1,True,False,19,True
Traffic,39,20260808,41,0.001,5,9.601539318844173e-05,1,True,False,19,True
Traffic,39,20260808,41,0.001,50,9.601539318844173e-05,1,True,False,19,True
Traffic,39,20260808,41,1e-05,2,3.032463531650566e-05,2,False,True,19,True
Traffic,39,20260808,41,1e-05,5,3.211915083889536e-06,4,True,False,19,True
Traffic,39,20260808,41,1e-05,50,3.211915083889536e-06,4,True,False,19,True
Traffic,39,20260808,41,1e-12,2,3.032463531650566e-05,2,False,True,19,True
Traffic,39,20260808,41,1e-12,5,1.0513296293642951e-06,5,False,True,19,True
Traffic,39,20260808,41,1e-12,50,0.0,19,True,False,19,True
Traffic,39,20260808,42,0.001,2,8.99171507018553e-05,1,True,False,24,True
Traffic,39,20260808,42,0.001,5,8.99171507018553e-05,1,True,False,24,True
Traffic,39,20260808,42,0.001,50,8.99171507018553e-05,1,True,False,24,True
Traffic,39,20260808,42,1e-05,2,3.932218057202805e-05,2,False,True,24,True
Traffic,39,20260808,42,1e-05,5,7.492146589625499e-06,4,True,False,24,True
Traffic,39,20260808,42,1e-05,50,7.492146589625499e-06,4,True,False,24,True
Traffic,39,20260808,42,1e-12,2,3.932218057202805e-05,2,False,True,24,True
Traffic,39,20260808,42,1e-12,5,3.2664498500646006e-06,5,False,True,24,True
Traffic,39,20260808,42,1e-12,50,0.0,24,True,False,24,True
Traffic,39,20260808,43,0.001,2,4.807806622660482e-05,1,True,False,21,True
Traffic,39,20260808,43,0.001,5,4.807806622660482e-05,1,True,False,21,True
Traffic,39,20260808,43,0.001,50,4.807806622660482e-05,1,True,False,21,True
Traffic,39,20260808,43,1e-05,2,1.8484123177167405e-05,2,False,True,21,True
Traffic,39,20260808,43,1e-05,5,2.872262238191555e-06,4,True,False,21,True
Traffic,39,20260808,43,1e-05,50,2.872262238191555e-06,4,True,False,21,True
Traffic,39,20260808,43,1e-12,2,1.8484123177167405e-05,2,False,True,21,True
Traffic,39,20260808,43,1e-12,5,1.1359814106361894e-06,5,False,True,21,True
Traffic,39,20260808,43,1e-12,50,0.0,21,True,False,21,True
Traffic,39,20260808,44,0.001,2,7.460981339810978e-05,1,True,False,20,True
Traffic,39,20260808,44,0.001,5,7.460981339810978e-05,1,True,False,20,True
Traffic,39,20260808,44,0.001,50,7.460981339810978e-05,1,True,False,20,True
Traffic,39,20260808,44,1e-05,2,2.491507336695078e-05,2,False,True,20,True
Traffic,39,20260808,44,1e-05,5,3.175221572463531e-06,4,True,False,20,True
Traffic,39,20260808,44,1e-05,50,3.175221572463531e-06,4,True,False,20,True
Traffic,39,20260808,44,1e-12,2,2.491507336695078e-05,2,False,True,20,True
Traffic,39,20260808,44,1e-12,5,1.1449810229678506e-06,5,False,True,20,True
Traffic,39,20260808,44,1e-12,50,0.0,20,True,False,20,True
Traffic,39,20260808,45,0.001,2,0.0001263101977556057,1,True,False,18,True
Traffic,39,20260808,45,0.001,5,0.0001263101977556057,1,True,False,18,True
Traffic,39,20260808,45,0.001,50,0.0001263101977556057,1,True,False,18,True
Traffic,39,20260808,45,1e-05,2,3.8899340129016425e-05,2,False,True,18,True
Traffic,39,20260808,45,1e-05,5,3.6335958992759505e-06,4,True,False,18,True
Traffic,39,20260808,45,1e-05,50,3.6335958992759505e-06,4,True,False,18,True
Traffic,39,20260808,45,1e-12,2,3.8899340129016425e-05,2,False,True,18,True
Traffic,39,20260808,45,1e-12,5,1.1082513543810562e-06,5,False,True,18,True
Traffic,39,20260808,45,1e-12,50,0.0,18,True,False,18,True
Traffic,39,20260808,46,0.001,2,0.00011678152659941669,1,True,False,20,True
Traffic,39,20260808,46,0.001,5,0.00011678152659941669,1,True,False,20,True
Traffic,39,20260808,46,0.001,50,0.00011678152659941669,1,True,False,20,True
Traffic,39,20260808,46,1e-05,2,4.028627620969091e-05,2,False,True,20,True
Traffic,39,20260808,46,1e-05,5,4.829564244327676e-06,4,True,False,20,True
Traffic,39,20260808,46,1e-05,50,4.829564244327676e-06,4,True,False,20,True
Traffic,39,20260808,46,1e-12,2,4.028627620969091e-05,2,False,True,20,True
Traffic,39,20260808,46,1e-12,5,1.6725913670643823e-06,5,False,True,20,True
Traffic,39,20260808,46,1e-12,50,0.0,20,True,False,20,True
Traffic,39,20260808,47,0.001,2,8.243766266102415e-05,1,True,False,20,True
Traffic,39,20260808,47,0.001,5,8.243766266102415e-05,1,True,False,20,True
Traffic,39,20260808,47,0.001,50,8.243766266102415e-05,1,True,False,20,True
Traffic,39,20260808,47,1e-05,2,2.9415136538196245e-05,2,False,True,20,True
Traffic,39,20260808,47,1e-05,5,3.788415663865969e-06,4,True,False,20,True
Traffic,39,20260808,47,1e-05,50,3.788415663865969e-06,4,True,False,20,True
Traffic,39,20260808,47,1e-12,2,2.9415136538196245e-05,2,False,True,20,True
Traffic,39,20260808,47,1e-12,5,1.3601347915040604e-06,5,False,True,20,True
Traffic,39,20260808,47,1e-12,50,0.0,20,True,False,20,True
Traffic,39,20260808,48,0.001,2,0.0001051447996949303,1,True,False,19,True
Traffic,39,20260808,48,0.001,5,0.0001051447996949303,1,True,False,19,True
Traffic,39,20260808,48,0.001,50,0.0001051447996949303,1,True,False,19,True
Traffic,39,20260808,48,1e-05,2,3.658370684048991e-05,2,False,True,19,True
Traffic,39,20260808,48,1e-05,5,4.379504486854458e-06,4,True,False,19,True
Traffic,39,20260808,48,1e-05,50,4.379504486854458e-06,4,True,False,19,True
Traffic,39,20260808,48,1e-12,2,3.658370684048991e-05,2,False,True,19,True
Traffic,39,20260808,48,1e-12,5,1.5119642855790656e-06,5,False,True,19,True
Traffic,39,20260808,48,1e-12,50,0.0,19,True,False,19,True
Traffic,39,20260808,49,0.001,2,7.343597497200888e-06,1,True,False,14,True
Traffic,39,20260808,49,0.001,5,7.343597497200888e-06,1,True,False,14,True
Traffic,39,20260808,49,0.001,50,7.343597497200888e-06,1,True,False,14,True
Traffic,39,20260808,49,1e-05,2,1.2539227427141668e-06,2,True,False,14,True
Traffic,39,20260808,49,1e-05,5,1.2539227427141668e-06,2,True,False,14,True
Traffic,39,20260808,49,1e-05,50,1.2539227427141668e-06,2,True,False,14,True
Traffic,39,20260808,49,1e-12,2,1.2539227427141668e-06,2,False,True,14,True
Traffic,39,20260808,49,1e-12,5,2.2853919608982664e-08,5,False,True,14,True
Traffic,39,20260808,49,1e-12,50,0.0,14,True,False,14,True
Traffic,39,20260808,50,0.001,2,2.8752713512819366e-05,1,True,False,21,True
Traffic,39,20260808,50,0.001,5,2.8752713512819366e-05,1,True,False,21,True
Traffic,39,20260808,50,0.001,50,2.8752713512819366e-05,1,True,False,21,True
Traffic,39,20260808,50,1e-05,2,1.0109743988727748e-05,2,False,True,21,True
Traffic,39,20260808,50,1e-05,5,3.970062668690887e-06,3,True,False,21,True
Traffic,39,20260808,50,1e-05,50,3.970062668690887e-06,3,True,False,21,True
Traffic,39,20260808,50,1e-12,2,1.0109743988727748e-05,2,False,True,21,True
Traffic,39,20260808,50,1e-12,5,6.346603355131094e-07,5,False,True,21,True
Traffic,39,20260808,50,1e-12,50,0.0,21,True,False,21,True
Traffic,39,20260808,51,0.001,2,2.50653715079542e-05,1,True,False,20,True
Traffic,39,20260808,51,0.001,5,2.50653715079542e-05,1,True,False,20,True
Traffic,39,20260808,51,0.001,50,2.50653715079542e-05,1,True,False,20,True
Traffic,39,20260808,51,1e-05,2,9.363956613371618e-06,2,False,True,20,True
Traffic,39,20260808,51,1e-05,5,3.681442064900434e-06,3,True,False,20,True
Traffic,39,20260808,51,1e-05,50,3.681442064900434e-06,3,True,False,20,True
Traffic,39,20260808,51,1e-12,2,9.363956613371618e-06,2,False,True,20,True
Traffic,39,20260808,51,1e-12,5,5.738227540011333e-07,5,False,True,20,True
Traffic,39,20260808,51,1e-12,50,0.0,20,True,False,20,True
Traffic,39,20260808,52,0.001,2,4.3520301041574925e-05,1,True,False,18,True
Traffic,39,20260808,52,0.001,5,4.3520301041574925e-05,1,True,False,18,True
Traffic,39,20260808,52,0.001,50,4.3520301041574925e-05,1,True,False,18,True
Traffic,39,20260808,52,1e-05,2,1.4192689811610492e-05,2,False,True,18,True
Traffic,39,20260808,52,1e-05,5,4.624277441921575e-06,3,True,False,18,True
Traffic,39,20260808,52,1e-05,50,4.624277441921575e-06,3,True,False,18,True
Traffic,39,20260808,52,1e-12,2,1.4192689811610492e-05,2,False,True,18,True
Traffic,39,20260808,52,1e-12,5,4.905098447571208e-07,5,False,True,18,True
Traffic,39,20260808,52,1e-12,50,0.0,18,True,False,18,True
Traffic,39,20260808,53,0.001,2,7.767781429670754e-06,1,True,False,16,True
Traffic,39,20260808,53,0.001,5,7.767781429670754e-06,1,True,False,16,True
Traffic,39,20260808,53,0.001,50,7.767781429670754e-06,1,True,False,16,True
Traffic,39,20260808,53,1e-05,2,2.4935408244278514e-06,2,True,False,16,True
Traffic,39,20260808,53,1e-05,5,2.4935408244278514e-06,2,True,False,16,True
Traffic,39,20260808,53,1e-05,50,2.4935408244278514e-06,2,True,False,16,True
Traffic,39,20260808,53,1e-12,2,2.4935408244278514e-06,2,False,True,16,True
Traffic,39,20260808,53,1e-12,5,8.428548988617718e-08,5,False,True,16,True
Traffic,39,20260808,53,1e-12,50,0.0,16,True,False,16,True
Traffic,39,20260808,54,0.001,2,5.568223596559123e-05,1,True,False,17,True
Traffic,39,20260808,54,0.001,5,5.568223596559123e-05,1,True,False,17,True
Traffic,39,20260808,54,0.001,50,5.568223596559123e-05,1,True,False,17,True
Traffic,39,20260808,54,1e-05,2,1.7012177992957947e-05,2,False,True,17,True
Traffic,39,20260808,54,1e-05,5,1.6261001106777949e-06,4,True,False,17,True
Traffic,39,20260808,54,1e-05,50,1.6261001106777949e-06,4,True,False,17,True
Traffic,39,20260808,54,1e-12,2,1.7012177992957947e-05,2,False,True,17,True
Traffic,39,20260808,54,1e-12,5,5.038802653154915e-07,5,False,True,17,True
Traffic,39,20260808,54,1e-12,50,0.0,17,True,False,17,True
Traffic,39,20260808,55,0.001,2,1.2164525961584503e-05,1,True,False,19,True
Traffic,39,20260808,55,0.001,5,1.2164525961584503e-05,1,True,False,19,True
Traffic,39,20260808,55,0.001,50,1.2164525961584503e-05,1,True,False,19,True
Traffic,39,20260808,55,1e-05,2,3.816074551980049e-06,2,True,False,19,True
Traffic,39,20260808,55,1e-05,5,3.816074551980049e-06,2,True,False,19,True
Traffic,39,20260808,55,1e-05,50,3.816074551980049e-06,2,True,False,19,True
Traffic,39,20260808,55,1e-12,2,3.816074551980049e-06,2,False,True,19,True
Traffic,39,20260808,55,1e-12,5,2.1837658672969192e-07,5,False,True,19,True
Traffic,39,20260808,55,1e-12,50,0.0,19,True,False,19,True
Traffic,39,20260808,56,0.001,2,0.00019792238593320798,1,True,False,19,True
Traffic,39,20260808,56,0.001,5,0.00019792238593320798,1,True,False,19,True
Traffic,39,20260808,56,0.001,50,0.00019792238593320798,1,True,False,19,True
Traffic,39,20260808,56,1e-05,2,6.834079549474607e-05,2,False,True,19,True
Traffic,39,20260808,56,1e-05,5,2.514923430420136e-06,5,True,False,19,True
Traffic,39,20260808,56,1e-05,50,2.514923430420136e-06,5,True,False,19,True
Traffic,39,20260808,56,1e-12,2,6.834079549474607e-05,2,False,True,19,True
Traffic,39,20260808,56,1e-12,5,2.514923430420136e-06,5,False,True,19,True
Traffic,39,20260808,56,1e-12,50,0.0,19,True,False,19,True
Traffic,39,20260808,57,0.001,2,2.839006352574706e-05,1,True,False,18,True
Traffic,39,20260808,57,0.001,5,2.839006352574706e-05,1,True,False,18,True
Traffic,39,20260808,57,0.001,50,2.839006352574706e-05,1,True,False,18,True
Traffic,39,20260808,57,1e-05,2,9.111477012131146e-06,2,False,True,18,True
Traffic,39,20260808,57,1e-05,5,3.049650340248686e-06,3,True,False,18,True
Traffic,39,20260808,57,1e-05,50,3.049650340248686e-06,3,True,False,18,True
Traffic,39,20260808,57,1e-12,2,9.111477012131146e-06,2,False,True,18,True
Traffic,39,20260808,57,1e-12,5,3.4310440449830555e-07,5,False,True,18,True
Traffic,39,20260808,57,1e-12,50,0.0,18,True,False,18,True
Traffic,39,20260808,58,0.001,2,0.000151594165316609,1,True,False,23,True
Traffic,39,20260808,58,0.001,5,0.000151594165316609,1,True,False,23,True
Traffic,39,20260808,58,0.001,50,0.000151594165316609,1,True,False,23,True
Traffic,39,20260808,58,1e-05,2,6.386318290020633e-05,2,False,True,23,True
Traffic,39,20260808,58,1e-05,5,4.469584940061058e-06,5,True,False,23,True
Traffic,39,20260808,58,1e-05,50,4.469584940061058e-06,5,True,False,23,True
Traffic,39,20260808,58,1e-12,2,6.386318290020633e-05,2,False,True,23,True
Traffic,39,20260808,58,1e-12,5,4.469584940061058e-06,5,False,True,23,True
Traffic,39,20260808,58,1e-12,50,0.0,23,True,False,23,True
Traffic,39,20260808,59,0.001,2,9.848030829278821e-05,1,True,False,20,True
Traffic,39,20260808,59,0.001,5,9.848030829278821e-05,1,True,False,20,True
Traffic,39,20260808,59,0.001,50,9.848030829278821e-05,1,True,False,20,True
Traffic,39,20260808,59,1e-05,2,3.518916883031597e-05,2,False,True,20,True
Traffic,39,20260808,59,1e-05,5,4.46202440966447e-06,4,True,False,20,True
Traffic,39,20260808,59,1e-05,50,4.46202440966447e-06,4,True,False,20,True
Traffic,39,20260808,59,1e-12,2,3.518916883031597e-05,2,False,True,20,True
Traffic,39,20260808,59,1e-12,5,1.5872314809093393e-06,5,False,True,20,True
Traffic,39,20260808,59,1e-12,50,0.0,20,True,False,20,True
Traffic,39,20260808,60,0.001,2,0.00010501029733184469,1,True,False,19,True
Traffic,39,20260808,60,0.001,5,0.00010501029733184469,1,True,False,19,True
Traffic,39,20260808,60,0.001,50,0.00010501029733184469,1,True,False,19,True
Traffic,39,20260808,60,1e-05,2,3.480046384050391e-05,2,False,True,19,True
Traffic,39,20260808,60,1e-05,5,3.786098257991404e-06,4,True,False,19,True
Traffic,39,20260808,60,1e-05,50,3.786098257991404e-06,4,True,False,19,True
Traffic,39,20260808,60,1e-12,2,3.480046384050391e-05,2,False,True,19,True
Traffic,39,20260808,60,1e-12,5,1.2470935843842875e-06,5,False,True,19,True
Traffic,39,20260808,60,1e-12,50,0.0,19,True,False,19,True
Traffic,39,20260808,61,0.001,2,0.0001059208736300673,1,True,False,15,True
Traffic,39,20260808,61,0.001,5,0.0001059208736300673,1,True,False,15,True
Traffic,39,20260808,61,0.001,50,0.0001059208736300673,1,True,False,15,True
Traffic,39,20260808,61,1e-05,2,1.8492701397355566e-05,2,False,True,15,True
Traffic,39,20260808,61,1e-05,5,6.19237429108623e-07,4,True,False,15,True
Traffic,39,20260808,61,1e-05,50,6.19237429108623e-07,4,True,False,15,True
Traffic,39,20260808,61,1e-12,2,1.8492701397355566e-05,2,False,True,15,True
Traffic,39,20260808,61,1e-12,5,1.2913132498692155e-07,5,False,True,15,True
Traffic,39,20260808,61,1e-12,50,0.0,15,True,False,15,True
Traffic,39,20260808,62,0.001,2,7.100174328407419e-05,1,True,False,16,True
Traffic,39,20260808,62,0.001,5,7.100174328407419e-05,1,True,False,16,True
Traffic,39,20260808,62,0.001,50,7.100174328407419e-05,1,True,False,16,True
Traffic,39,20260808,62,1e-05,2,1.7788173505457275e-05,2,False,True,16,True
Traffic,39,20260808,62,1e-05,5,1.164496129514408e-06,4,True,False,16,True
Traffic,39,20260808,62,1e-05,50,1.164496129514408e-06,4,True,False,16,True
Traffic,39,20260808,62,1e-12,2,1.7788173505457275e-05,2,False,True,16,True
Traffic,39,20260808,62,1e-12,5,2.999235094750068e-07,5,False,True,16,True
Traffic,39,20260808,62,1e-12,50,0.0,16,True,False,16,True
Traffic,39,20260808,63,0.001,2,5.446180047177009e-06,1,True,False,15,True
Traffic,39,20260808,63,0.001,5,5.446180047177009e-06,1,True,False,15,True
Traffic,39,20260808,63,0.001,50,5.446180047177009e-06,1,True,False,15,True
Traffic,39,20260808,63,1e-05,2,1.1345473369149854e-06,2,True,False,15,True
Traffic,39,20260808,63,1e-05,5,1.1345473369149854e-06,2,True,False,15,True
Traffic,39,20260808,63,1e-05,50,1.1345473369149854e-06,2,True,False,15,True
Traffic,39,20260808,63,1e-12,2,1.1345473369149854e-06,2,False,True,15,True
Traffic,39,20260808,63,1e-12,5,1.3276245065659699e-08,5,False,True,15,True
Traffic,39,20260808,63,1e-12,50,0.0,15,True,False,15,True
Traffic,39,20260808,64,0.001,2,3.2792545635487713e-05,1,True,False,18,True
Traffic,39,20260808,64,0.001,5,3.2792545635487713e-05,1,True,False,18,True
Traffic,39,20260808,64,0.001,50,3.2792545635487713e-05,1,True,False,18,True
Traffic,39,20260808,64,1e-05,2,1.0404661621408316e-05,2,False,True,18,True
Traffic,39,20260808,64,1e-05,5,3.528993166503739e-06,3,True,False,18,True
Traffic,39,20260808,64,1e-05,50,3.528993166503739e-06,3,True,False,18,True
Traffic,39,20260808,64,1e-12,2,1.0404661621408316e-05,2,False,True,18,True
Traffic,39,20260808,64,1e-12,5,4.217714260938873e-07,5,False,True,18,True
Traffic,39,20260808,64,1e-12,50,0.0,18,True,False,18,True
Traffic,39,20260808,65,0.001,2,6.773929610922129e-05,1,True,False,18,True
Traffic,39,20260808,65,0.001,5,6.773929610922129e-05,1,True,False,18,True
Traffic,39,20260808,65,0.001,50,6.773929610922129e-05,1,True,False,18,True
Traffic,39,20260808,65,1e-05,2,2.134466656915624e-05,2,False,True,18,True
Traffic,39,20260808,65,1e-05,5,2.167522296677468e-06,4,True,False,18,True
Traffic,39,20260808,65,1e-05,50,2.167522296677468e-06,4,True,False,18,True
Traffic,39,20260808,65,1e-12,2,2.134466656915624e-05,2,False,True,18,True
Traffic,39,20260808,65,1e-12,5,6.909470386869112e-07,5,False,True,18,True
Traffic,39,20260808,65,1e-12,50,0.0,18,True,False,18,True
Traffic,39,20260808,66,0.001,2,6.05296848168549e-05,1,True,False,19,True
Traffic,39,20260808,66,0.001,5,6.05296848168549e-05,1,True,False,19,True
Traffic,39,20260808,66,0.001,50,6.05296848168549e-05,1,True,False,19,True
Traffic,39,20260808,66,1e-05,2,2.0477208845119994e-05,2,False,True,19,True
Traffic,39,20260808,66,1e-05,5,2.5754162839587018e-06,4,True,False,19,True
Traffic,39,20260808,66,1e-05,50,2.5754162839587018e-06,4,True,False,19,True
Traffic,39,20260808,66,1e-12,2,2.0477208845119994e-05,2,False,True,19,True
Traffic,39,20260808,66,1e-12,5,9.205142035755278e-07,5,False,True,19,True
Traffic,39,20260808,66,1e-12,50,0.0,19,True,False,19,True
Traffic,39,20260808,67,0.001,2,7.43098051939611e-05,1,True,False,20,True
Traffic,39,20260808,67,0.001,5,7.43098051939611e-05,1,True,False,20,True
Traffic,39,20260808,67,0.001,50,7.43098051939611e-05,1,True,False,20,True
Traffic,39,20260808,67,1e-05,2,2.6198632432474187e-05,2,False,True,20,True
Traffic,39,20260808,67,1e-05,5,3.35140024284052e-06,4,True,False,20,True
Traffic,39,20260808,67,1e-05,50,3.35140024284052e-06,4,True,False,20,True
Traffic,39,20260808,67,1e-12,2,2.6198632432474187e-05,2,False,True,20,True
Traffic,39,20260808,67,1e-12,5,1.1993360864225103e-06,5,False,True,20,True
Traffic,39,20260808,67,1e-12,50,0.0,20,True,False,20,True
Traffic,39,20260808,68,0.001,2,2.788535315566417e-05,1,True,False,20,True
Traffic,39,20260808,68,0.001,5,2.788535315566417e-05,1,True,False,20,True
Traffic,39,20260808,68,0.001,50,2.788535315566417e-05,1,True,False,20,True
Traffic,39,20260808,68,1e-05,2,1.0073752592879482e-05,2,False,True,20,True
Traffic,39,20260808,68,1e-05,5,3.872020550919021e-06,3,True,False,20,True
Traffic,39,20260808,68,1e-05,50,3.872020550919021e-06,3,True,False,20,True
Traffic,39,20260808,68,1e-12,2,1.0073752592879482e-05,2,False,True,20,True
Traffic,39,20260808,68,1e-12,5,5.880350364512138e-07,5,False,True,20,True
Traffic,39,20260808,68,1e-12,50,0.0,20,True,False,20,True
Traffic,39,20260808,69,0.001,2,1.4345997988330897e-05,1,True,False,17,True
Traffic,39,20260808,69,0.001,5,1.4345997988330897e-05,1,True,False,17,True
Traffic,39,20260808,69,0.001,50,1.4345997988330897e-05,1,True,False,17,True
Traffic,39,20260808,69,1e-05,2,4.631628712097649e-06,2,True,False,17,True
Traffic,39,20260808,69,1e-05,5,4.631628712097649e-06,2,True,False,17,True
Traffic,39,20260808,69,1e-05,50,4.631628712097649e-06,2,True,False,17,True
Traffic,39,20260808,69,1e-12,2,4.631628712097649e-06,2,False,True,17,True
Traffic,39,20260808,69,1e-12,5,1.869652048377134e-07,5,False,True,17,True
Traffic,39,20260808,69,1e-12,50,0.0,17,True,False,17,True
Traffic,39,20260808,70,0.001,2,1.0815366445329666e-05,1,True,False,19,True
Traffic,39,20260808,70,0.001,5,1.0815366445329666e-05,1,True,False,19,True
Traffic,39,20260808,70,0.001,50,1.0815366445329666e-05,1,True,False,19,True
Traffic,39,20260808,70,1e-05,2,4.074988746928949e-06,2,True,False,19,True
Traffic,39,20260808,70,1e-05,5,4.074988746928949e-06,2,True,False,19,True
Traffic,39,20260808,70,1e-05,50,4.074988746928949e-06,2,True,False,19,True
Traffic,39,20260808,70,1e-12,2,4.074988746928949e-06,2,False,True,19,True
Traffic,39,20260808,70,1e-12,5,2.2336957912027294e-07,5,False,True,19,True
Traffic,39,20260808,70,1e-12,50,0.0,19,True,False,19,True
Traffic,39,20260808,71,0.001,2,0.0001123154048735382,1,True,False,25,True
Traffic,39,20260808,71,0.001,5,0.0001123154048735382,1,True,False,25,True
Traffic,39,20260808,71,0.001,50,0.0001123154048735382,1,True,False,25,True
Traffic,39,20260808,71,1e-05,2,4.442813911380239e-05,2,False,True,25,True
Traffic,39,20260808,71,1e-05,5,3.792836605550422e-06,5,True,False,25,True
Traffic,39,20260808,71,1e-05,50,3.792836605550422e-06,5,True,False,25,True
Traffic,39,20260808,71,1e-12,2,4.442813911380239e-05,2,False,True,25,True
Traffic,39,20260808,71,1e-12,5,3.792836605550422e-06,5,False,True,25,True
Traffic,39,20260808,71,1e-12,50,0.0,25,True,False,25,True
Traffic,39,20260808,72,0.001,2,0.00011276340003263456,1,True,False,18,True
Traffic,39,20260808,72,0.001,5,0.00011276340003263456,1,True,False,18,True
Traffic,39,20260808,72,0.001,50,0.00011276340003263456,1,True,False,18,True
Traffic,39,20260808,72,1e-05,2,3.500942146252992e-05,2,False,True,18,True
Traffic,39,20260808,72,1e-05,5,3.330720334625359e-06,4,True,False,18,True
Traffic,39,20260808,72,1e-05,50,3.330720334625359e-06,4,True,False,18,True
Traffic,39,20260808,72,1e-12,2,3.500942146252992e-05,2,False,True,18,True
Traffic,39,20260808,72,1e-12,5,1.0257782676760488e-06,5,False,True,18,True
Traffic,39,20260808,72,1e-12,50,0.0,18,True,False,18,True
Traffic,39,20260808,73,0.001,2,9.174727958065583e-05,1,True,False,19,True
Traffic,39,20260808,73,0.001,5,9.174727958065583e-05,1,True,False,19,True
Traffic,39,20260808,73,0.001,50,9.174727958065583e-05,1,True,False,19,True
Traffic,39,20260808,73,1e-05,2,3.1073798246468165e-05,2,False,True,19,True
Traffic,39,20260808,73,1e-05,5,3.5437652139571428e-06,4,True,False,19,True
Traffic,39,20260808,73,1e-05,50,3.5437652139571428e-06,4,True,False,19,True
Traffic,39,20260808,73,1e-12,2,3.1073798246468165e-05,2,False,True,19,True
Traffic,39,20260808,73,1e-12,5,1.1955227875454873e-06,5,False,True,19,True
Traffic,39,20260808,73,1e-12,50,0.0,19,True,False,19,True
Traffic,39,20260808,74,0.001,2,5.2647706353092966e-05,1,True,False,16,True
Traffic,39,20260808,74,0.001,5,5.2647706353092966e-05,1,True,False,16,True
Traffic,39,20260808,74,0.001,50,5.2647706353092966e-05,1,True,False,16,True
Traffic,39,20260808,74,1e-05,2,1.3744327720883609e-05,2,False,True,16,True
Traffic,39,20260808,74,1e-05,5,9.907281454938943e-07,4,True,False,16,True
Traffic,39,20260808,74,1e-05,50,9.907281454938943e-07,4,True,False,16,True
Traffic,39,20260808,74,1e-12,2,1.3744327720883609e-05,2,False,True,16,True
Traffic,39,20260808,74,1e-12,5,2.7382679878814927e-07,5,False,True,16,True
Traffic,39,20260808,74,1e-12,50,0.0,16,True,False,16,True
Traffic,39,20260808,75,0.001,2,6.46534160137291e-05,1,True,False,14,True
Traffic,39,20260808,75,0.001,5,6.46534160137291e-05,1,True,False,14,True
Traffic,39,20260808,75,0.001,50,6.46534160137291e-05,1,True,False,14,True
Traffic,39,20260808,75,1e-05,2,1.1638897037415339e-05,2,False,True,14,True
Traffic,39,20260808,75,1e-05,5,2.1114933655154674e-06,3,True,False,14,True
Traffic,39,20260808,75,1e-05,50,2.1114933655154674e-06,3,True,False,14,True
Traffic,39,20260808,75,1e-12,2,1.1638897037415339e-05,2,False,True,14,True
Traffic,39,20260808,75,1e-12,5,7.406120312196512e-08,5,False,True,14,True
Traffic,39,20260808,75,1e-12,50,0.0,14,True,False,14,True
Traffic,39,20260808,76,0.001,2,0.00011484022137974714,1,True,False,19,True
Traffic,39,20260808,76,0.001,5,0.00011484022137974714,1,True,False,19,True
Traffic,39,20260808,76,0.001,50,0.00011484022137974714,1,True,False,19,True
Traffic,39,20260808,76,1e-05,2,3.885675973680178e-05,2,False,True,19,True
Traffic,39,20260808,76,1e-05,5,4.446353815517492e-06,4,True,False,19,True
Traffic,39,20260808,76,1e-05,50,4.446353815517492e-06,4,True,False,19,True
Traffic,39,20260808,76,1e-12,2,3.885675973680178e-05,2,False,True,19,True
Traffic,39,20260808,76,1e-12,5,1.5041409056560363e-06,5,False,True,19,True
Traffic,39,20260808,76,1e-12,50,0.0,19,True,False,19,True
Traffic,39,20260808,77,0.001,2,0.0001412402189188278,1,True,False,18,True
Traffic,39,20260808,77,0.001,5,0.0001412402189188278,1,True,False,18,True
Traffic,39,20260808,77,0.001,50,0.0001412402189188278,1,True,False,18,True
Traffic,39,20260808,77,1e-05,2,4.487597107583218e-05,2,False,True,18,True
Traffic,39,20260808,77,1e-05,5,4.419234841292865e-06,4,True,False,18,True
Traffic,39,20260808,77,1e-05,50,4.419234841292865e-06,4,True,False,18,True
Traffic,39,20260808,77,1e-12,2,4.487597107583218e-05,2,False,True,18,True
Traffic,39,20260808,77,1e-12,5,1.3820796664519747e-06,5,False,True,18,True
Traffic,39,20260808,77,1e-12,50,0.0,18,True,False,18,True
Traffic,39,20260808,78,0.001,2,3.7345965003767016e-06,1,True,False,14,True
Traffic,39,20260808,78,0.001,5,3.7345965003767016e-06,1,True,False,14,True
Traffic,39,20260808,78,0.001,50,3.7345965003767016e-06,1,True,False,14,True
Traffic,39,20260808,78,1e-05,2,7.84727635933603e-07,2,True,False,14,True
Traffic,39,20260808,78,1e-05,5,7.84727635933603e-07,2,True,False,14,True
Traffic,39,20260808,78,1e-05,50,7.84727635933603e-07,2,True,False,14,True
Traffic,39,20260808,78,1e-12,2,7.84727635933603e-07,2,False,True,14,True
Traffic,39,20260808,78,1e-12,5,1.494957828492231e-08,5,False,True,14,True
Traffic,39,20260808,78,1e-12,50,0.0,14,True,False,14,True
Traffic,39,20260808,79,0.001,2,3.655772619073952e-05,1,True,False,13,True
Traffic,39,20260808,79,0.001,5,3.655772619073952e-05,1,True,False,13,True
Traffic,39,20260808,79,0.001,50,3.655772619073952e-05,1,True,False,13,True
Traffic,39,20260808,79,1e-05,2,6.7331090812750555e-06,2,False,True,13,True
Traffic,39,20260808,79,1e-05,5,1.2371647148316238e-06,3,True,False,13,True
Traffic,39,20260808,79,1e-05,50,1.2371647148316238e-06,3,True,False,13,True
Traffic,39,20260808,79,1e-12,2,6.7331090812750555e-06,2,False,True,13,True
Traffic,39,20260808,79,1e-12,5,4.172602052896208e-08,5,False,True,13,True
Traffic,39,20260808,79,1e-12,50,0.0,13,True,False,13,True
Traffic,39,20260808,80,0.001,2,0.00012057323156745796,1,True,False,17,True
Traffic,39,20260808,80,0.001,5,0.00012057323156745796,1,True,False,17,True
Traffic,39,20260808,80,0.001,50,0.00012057323156745796,1,True,False,17,True
Traffic,39,20260808,80,1e-05,2,3.514381795101544e-05,2,False,True,17,True
Traffic,39,20260808,80,1e-05,5,2.9492727829625776e-06,4,True,False,17,True
Traffic,39,20260808,80,1e-05,50,2.9492727829625776e-06,4,True,False,17,True
Traffic,39,20260808,80,1e-12,2,3.514381795101544e-05,2,False,True,17,True
Traffic,39,20260808,80,1e-12,5,8.529657875189091e-07,5,False,True,17,True
Traffic,39,20260808,80,1e-12,50,0.0,17,True,False,17,True
Traffic,39,20260808,81,0.001,2,5.845084054138439e-05,1,True,False,18,True
Traffic,39,20260808,81,0.001,5,5.845084054138439e-05,1,True,False,18,True
Traffic,39,20260808,81,0.001,50,5.845084054138439e-05,1,True,False,18,True
Traffic,39,20260808,81,1e-05,2,1.832434481147896e-05,2,False,True,18,True
Traffic,39,20260808,81,1e-05,5,1.8772652897572532e-06,4,True,False,18,True
Traffic,39,20260808,81,1e-05,50,1.8772652897572532e-06,4,True,False,18,True
Traffic,39,20260808,81,1e-12,2,1.832434481147896e-05,2,False,True,18,True
Traffic,39,20260808,81,1e-12,5,6.020081592690416e-07,5,False,True,18,True
Traffic,39,20260808,81,1e-12,50,0.0,18,True,False,18,True
Traffic,39,20260808,82,0.001,2,0.00019093793085444433,1,True,False,17,True
Traffic,39,20260808,82,0.001,5,0.00019093793085444433,1,True,False,17,True
Traffic,39,20260808,82,0.001,50,0.00019093793085444433,1,True,False,17,True
Traffic,39,20260808,82,1e-05,2,5.58593597754969e-05,2,False,True,17,True
Traffic,39,20260808,82,1e-05,5,1.2719282422956365e-06,5,True,False,17,True
Traffic,39,20260808,82,1e-05,50,1.2719282422956365e-06,5,True,False,17,True
Traffic,39,20260808,82,1e-12,2,5.58593597754969e-05,2,False,True,17,True
Traffic,39,20260808,82,1e-12,5,1.2719282422956365e-06,5,False,True,17,True
Traffic,39,20260808,82,1e-12,50,0.0,17,True,False,17,True
Traffic,39,20260808,83,0.001,2,1.4524636843554212e-05,1,True,False,16,True
Traffic,39,20260808,83,0.001,5,1.4524636843554212e-05,1,True,False,16,True
Traffic,39,20260808,83,0.001,50,1.4524636843554212e-05,1,True,False,16,True
Traffic,39,20260808,83,1e-05,2,3.544003707271683e-06,2,False,True,16,True
Traffic,39,20260808,83,1e-05,5,1.0169909826190628e-06,3,True,False,16,True
Traffic,39,20260808,83,1e-05,50,1.0169909826190628e-06,3,True,False,16,True
Traffic,39,20260808,83,1e-12,2,3.544003707271683e-06,2,False,True,16,True
Traffic,39,20260808,83,1e-12,5,1.0189590336638008e-07,5,False,True,16,True
Traffic,39,20260808,83,1e-12,50,0.0,16,True,False,16,True
Traffic,39,20260808,84,0.001,2,2.6679727736207673e-05,1,True,False,18,True
Traffic,39,20260808,84,0.001,5,2.6679727736207673e-05,1,True,False,18,True
Traffic,39,20260808,84,0.001,50,2.6679727736207673e-05,1,True,False,18,True
Traffic,39,20260808,84,1e-05,2,7.3667881491189035e-06,2,False,True,18,True
Traffic,39,20260808,84,1e-05,5,2.228228046257995e-06,3,True,False,18,True
Traffic,39,20260808,84,1e-05,50,2.228228046257995e-06,3,True,False,18,True
Traffic,39,20260808,84,1e-12,2,7.3667881491189035e-06,2,False,True,18,True
Traffic,39,20260808,84,1e-12,5,2.387829270110591e-07,5,False,True,18,True
Traffic,39,20260808,84,1e-12,50,0.0,18,True,False,18,True
Traffic,39,20260808,85,0.001,2,2.217080358175178e-05,1,True,False,17,True
Traffic,39,20260808,85,0.001,5,2.217080358175178e-05,1,True,False,17,True
Traffic,39,20260808,85,0.001,50,2.217080358175178e-05,1,True,False,17,True
Traffic,39,20260808,85,1e-05,2,6.940766168144926e-06,2,False,True,17,True
Traffic,39,20260808,85,1e-05,5,2.1730998285214727e-06,3,True,False,17,True
Traffic,39,20260808,85,1e-05,50,2.1730998285214727e-06,3,True,False,17,True
Traffic,39,20260808,85,1e-12,2,6.940766168144926e-06,2,False,True,17,True
Traffic,39,20260808,85,1e-12,5,2.1341972587237932e-07,5,False,True,17,True
Traffic,39,20260808,85,1e-12,50,0.0,17,True,False,17,True
Traffic,39,20260808,86,0.001,2,6.221156135777673e-05,1,True,False,18,True
Traffic,39,20260808,86,0.001,5,6.221156135777673e-05,1,True,False,18,True
Traffic,39,20260808,86,0.001,50,6.221156135777673e-05,1,True,False,18,True
Traffic,39,20260808,86,1e-05,2,2.0631614589136096e-05,2,False,True,18,True
Traffic,39,20260808,86,1e-05,5,2.2649349270369894e-06,4,True,False,18,True
Traffic,39,20260808,86,1e-05,50,2.2649349270369894e-06,4,True,False,18,True
Traffic,39,20260808,86,1e-12,2,2.0631614589136096e-05,2,False,True,18,True
Traffic,39,20260808,86,1e-12,5,7.502363820230689e-07,5,False,True,18,True
Traffic,39,20260808,86,1e-12,50,0.0,18,True,False,18,True
Traffic,39,20260808,87,0.001,2,0.00011638684873585062,1,True,False,20,True
Traffic,39,20260808,87,0.001,5,0.00011638684873585062,1,True,False,20,True
Traffic,39,20260808,87,0.001,50,0.00011638684873585062,1,True,False,20,True
Traffic,39,20260808,87,1e-05,2,4.042359778576489e-05,2,False,True,20,True
Traffic,39,20260808,87,1e-05,5,4.812536360867506e-06,4,True,False,20,True
Traffic,39,20260808,87,1e-05,50,4.812536360867506e-06,4,True,False,20,True
Traffic,39,20260808,87,1e-12,2,4.042359778576489e-05,2,False,True,20,True
Traffic,39,20260808,87,1e-12,5,1.6570609233740032e-06,5,False,True,20,True
Traffic,39,20260808,87,1e-12,50,0.0,20,True,False,20,True
Traffic,39,20260808,88,0.001,2,6.918315422875937e-06,1,True,False,18,True
Traffic,39,20260808,88,0.001,5,6.918315422875937e-06,1,True,False,18,True
Traffic,39,20260808,88,0.001,50,6.918315422875937e-06,1,True,False,18,True
Traffic,39,20260808,88,1e-05,2,2.5555351158791282e-06,2,True,False,18,True
Traffic,39,20260808,88,1e-05,5,2.5555351158791282e-06,2,True,False,18,True
Traffic,39,20260808,88,1e-05,50,2.5555351158791282e-06,2,True,False,18,True
Traffic,39,20260808,88,1e-12,2,2.5555351158791282e-06,2,False,True,18,True
Traffic,39,20260808,88,1e-12,5,1.2953196318638054e-07,5,False,True,18,True
Traffic,39,20260808,88,1e-12,50,0.0,18,True,False,18,True
Traffic,39,20260808,89,0.001,2,2.1418600525816206e-05,1,True,False,18,True
Traffic,39,20260808,89,0.001,5,2.1418600525816206e-05,1,True,False,18,True
Traffic,39,20260808,89,0.001,50,2.1418600525816206e-05,1,True,False,18,True
Traffic,39,20260808,89,1e-05,2,7.3288926129868486e-06,2,False,True,18,True
Traffic,39,20260808,89,1e-05,5,2.566585397850099e-06,3,True,False,18,True
Traffic,39,20260808,89,1e-05,50,2.566585397850099e-06,3,True,False,18,True
Traffic,39,20260808,89,1e-12,2,7.3288926129868486e-06,2,False,True,18,True
Traffic,39,20260808,89,1e-12,5,3.165261648451478e-07,5,False,True,18,True
Traffic,39,20260808,89,1e-12,50,0.0,18,True,False,18,True
Traffic,39,20260808,90,0.001,2,0.00011128374466687622,1,True,False,21,True
Traffic,39,20260808,90,0.001,5,0.00011128374466687622,1,True,False,21,True
Traffic,39,20260808,90,0.001,50,0.00011128374466687622,1,True,False,21,True
Traffic,39,20260808,90,1e-05,2,4.159146633044941e-05,2,False,True,21,True
Traffic,39,20260808,90,1e-05,5,5.734716361510832e-06,4,True,False,21,True
Traffic,39,20260808,90,1e-05,50,5.734716361510832e-06,4,True,False,21,True
Traffic,39,20260808,90,1e-12,2,4.159146633044941e-05,2,False,True,21,True
Traffic,39,20260808,90,1e-12,5,2.124898092572272e-06,5,False,True,21,True
Traffic,39,20260808,90,1e-12,50,0.0,21,True,False,21,True
Traffic,39,20260808,91,0.001,2,7.205014422691888e-05,1,True,False,18,True
Traffic,39,20260808,91,0.001,5,7.205014422691888e-05,1,True,False,18,True
Traffic,39,20260808,91,0.001,50,7.205014422691888e-05,1,True,False,18,True
Traffic,39,20260808,91,1e-05,2,1.2852524212250842e-05,2,False,True,18,True
Traffic,39,20260808,91,1e-05,5,7.654129397868405e-07,4,True,False,18,True
Traffic,39,20260808,91,1e-05,50,7.654129397868405e-07,4,True,False,18,True
Traffic,39,20260808,91,1e-12,2,1.2852524212250842e-05,2,False,True,18,True
Traffic,39,20260808,91,1e-12,5,2.4404134762153104e-07,5,False,True,18,True
Traffic,39,20260808,91,1e-12,50,0.0,18,True,False,18,True
Traffic,39,20260808,92,0.001,2,7.444155506829269e-06,1,True,False,17,True
Traffic,39,20260808,92,0.001,5,7.444155506829269e-06,1,True,False,17,True
Traffic,39,20260808,92,0.001,50,7.444155506829269e-06,1,True,False,17,True
Traffic,39,20260808,92,1e-05,2,2.158958033070899e-06,2,True,False,17,True
Traffic,39,20260808,92,1e-05,5,2.158958033070899e-06,2,True,False,17,True
Traffic,39,20260808,92,1e-05,50,2.158958033070899e-06,2,True,False,17,True
Traffic,39,20260808,92,1e-12,2,2.158958033070899e-06,2,False,True,17,True
Traffic,39,20260808,92,1e-12,5,9.801646379380693e-08,5,False,True,17,True
Traffic,39,20260808,92,1e-12,50,0.0,17,True,False,17,True
Traffic,39,20260808,93,0.001,2,3.114363723458771e-05,1,True,False,20,True
Traffic,39,20260808,93,0.001,5,3.114363723458771e-05,1,True,False,20,True
Traffic,39,20260808,93,0.001,50,3.114363723458771e-05,1,True,False,20,True
Traffic,39,20260808,93,1e-05,2,5.586464553469107e-06,2,False,True,20,True
Traffic,39,20260808,93,1e-05,5,1.214292909938873e-06,3,True,False,20,True
Traffic,39,20260808,93,1e-05,50,1.214292909938873e-06,3,True,False,20,True
Traffic,39,20260808,93,1e-12,2,5.586464553469107e-06,2,False,True,20,True
Traffic,39,20260808,93,1e-12,5,1.5148654339786958e-07,5,False,True,20,True
Traffic,39,20260808,93,1e-12,50,0.0,20,True,False,20,True
Traffic,39,20260808,94,0.001,2,6.211183664096189e-05,1,True,False,18,True
Traffic,39,20260808,94,0.001,5,6.211183664096189e-05,1,True,False,18,True
Traffic,39,20260808,94,0.001,50,6.211183664096189e-05,1,True,False,18,True
Traffic,39,20260808,94,1e-05,2,2.040569315852155e-05,2,False,True,18,True
Traffic,39,20260808,94,1e-05,5,2.1803654333014452e-06,4,True,False,18,True
Traffic,39,20260808,94,1e-05,50,2.1803654333014452e-06,4,True,False,18,True
Traffic,39,20260808,94,1e-12,2,2.040569315852155e-05,2,False,True,18,True
Traffic,39,20260808,94,1e-12,5,7.118508129556636e-07,5,False,True,18,True
Traffic,39,20260808,94,1e-12,50,0.0,18,True,False,18,True
Traffic,39,20260808,95,0.001,2,0.00012615735136131808,1,True,False,18,True
Traffic,39,20260808,95,0.001,5,0.00012615735136131808,1,True,False,18,True
Traffic,39,20260808,95,0.001,50,0.00012615735136131808,1,True,False,18,True
Traffic,39,20260808,95,1e-05,2,3.995314797203545e-05,2,False,True,18,True
Traffic,39,20260808,95,1e-05,5,3.928086332343213e-06,4,True,False,18,True
Traffic,39,20260808,95,1e-05,50,3.928086332343213e-06,4,True,False,18,True
Traffic,39,20260808,95,1e-12,2,3.995314797203545e-05,2,False,True,18,True
Traffic,39,20260808,95,1e-12,5,1.2285415686614624e-06,5,False,True,18,True
Traffic,39,20260808,95,1e-12,50,0.0,18,True,False,18,True
Traffic,39,20260808,96,0.001,2,7.521834335088898e-05,1,True,False,19,True
Traffic,39,20260808,96,0.001,5,7.521834335088898e-05,1,True,False,19,True
Traffic,39,20260808,96,0.001,50,7.521834335088898e-05,1,True,False,19,True
Traffic,39,20260808,96,1e-05,2,2.3051887814963006e-05,2,False,True,19,True
Traffic,39,20260808,96,1e-05,5,2.5521534280744202e-06,4,True,False,19,True
Traffic,39,20260808,96,1e-05,50,2.5521534280744202e-06,4,True,False,19,True
Traffic,39,20260808,96,1e-12,2,2.3051887814963006e-05,2,False,True,19,True
Traffic,39,20260808,96,1e-12,5,8.622857747555109e-07,5,False,True,19,True
Traffic,39,20260808,96,1e-12,50,0.0,19,True,False,19,True
Traffic,39,20260808,97,0.001,2,2.8264975517879386e-05,1,True,False,20,True
Traffic,39,20260808,97,0.001,5,2.8264975517879386e-05,1,True,False,20,True
Traffic,39,20260808,97,0.001,50,2.8264975517879386e-05,1,True,False,20,True
Traffic,39,20260808,97,1e-05,2,1.0673591277984418e-05,2,False,True,20,True
Traffic,39,20260808,97,1e-05,5,4.129829096328427e-06,3,True,False,20,True
Traffic,39,20260808,97,1e-05,50,4.129829096328427e-06,3,True,False,20,True
Traffic,39,20260808,97,1e-12,2,1.0673591277984418e-05,2,False,True,20,True
Traffic,39,20260808,97,1e-12,5,6.253112485175666e-07,5,False,True,20,True
Traffic,39,20260808,97,1e-12,50,0.0,20,True,False,20,True
Traffic,39,20260808,98,0.001,2,4.6136775100369935e-05,1,True,False,22,True
Traffic,39,20260808,98,0.001,5,4.6136775100369935e-05,1,True,False,22,True
Traffic,39,20260808,98,0.001,50,4.6136775100369935e-05,1,True,False,22,True
Traffic,39,20260808,98,1e-05,2,1.8682963277794554e-05,2,False,True,22,True
Traffic,39,20260808,98,1e-05,5,3.3147742455064614e-06,4,True,False,22,True
Traffic,39,20260808,98,1e-05,50,3.3147742455064614e-06,4,True,False,22,True
Traffic,39,20260808,98,1e-12,2,1.8682963277794554e-05,2,False,True,22,True
Traffic,39,20260808,98,1e-12,5,1.399178858565611e-06,5,False,True,22,True
Traffic,39,20260808,98,1e-12,50,0.0,22,True,False,22,True
Traffic,39,20260808,99,0.001,2,6.906552350885644e-05,1,True,False,21,True
Traffic,39,20260808,99,0.001,5,6.906552350885644e-05,1,True,False,21,True
Traffic,39,20260808,99,0.001,50,6.906552350885644e-05,1,True,False,21,True
Traffic,39,20260808,99,1e-05,2,2.6228226209025155e-05,2,False,True,21,True
Traffic,39,20260808,99,1e-05,5,3.7788088408305146e-06,4,True,False,21,True
Traffic,39,20260808,99,1e-05,50,3.7788088408305146e-06,4,True,False,21,True
Traffic,39,20260808,99,1e-12,2,2.6228226209025155e-05,2,False,True,21,True
Traffic,39,20260808,99,1e-12,5,1.4340438907752818e-06,5,False,True,21,True
Traffic,39,20260808,99,1e-12,50,0.0,21,True,False,21,True
Traffic,39,20260808,100,0.001,2,1.6890001226859816e-05,1,True,False,21,True
Traffic,39,20260808,100,0.001,5,1.6890001226859816e-05,1,True,False,21,True
Traffic,39,20260808,100,0.001,50,1.6890001226859816e-05,1,True,False,21,True
Traffic,39,20260808,100,1e-05,2,6.431534256695275e-06,2,False,True,21,True
Traffic,39,20260808,100,1e-05,5,2.7055646606251905e-06,3,True,False,21,True
Traffic,39,20260808,100,1e-05,50,2.7055646606251905e-06,3,True,False,21,True
Traffic,39,20260808,100,1e-12,2,6.431534256695275e-06,2,False,True,21,True
Traffic,39,20260808,100,1e-12,5,4.870194541784485e-07,5,False,True,21,True
Traffic,39,20260808,100,1e-12,50,0.0,21,True,False,21,True
Water,27,20260808,21,0.001,2,0.00015946474140195651,1,True,False,21,True
Water,27,20260808,21,0.001,5,0.00015946474140195651,1,True,False,21,True
Water,27,20260808,21,0.001,50,0.00015946474140195651,1,True,False,21,True
Water,27,20260808,21,1e-05,2,5.80222188119393e-05,2,False,True,21,True
Water,27,20260808,21,1e-05,5,2.747962468289886e-06,5,True,False,21,True
Water,27,20260808,21,1e-05,50,2.747962468289886e-06,5,True,False,21,True
Water,27,20260808,21,1e-12,2,5.80222188119393e-05,2,False,True,21,True
Water,27,20260808,21,1e-12,5,2.747962468289886e-06,5,False,True,21,True
Water,27,20260808,21,1e-12,50,0.0,21,True,False,21,True
Water,27,20260808,22,0.001,2,1.2837323317670252e-05,1,True,False,18,True
Water,27,20260808,22,0.001,5,1.2837323317670252e-05,1,True,False,18,True
Water,27,20260808,22,0.001,50,1.2837323317670252e-05,1,True,False,18,True
Water,27,20260808,22,1e-05,2,4.751993965315373e-06,2,True,False,18,True
Water,27,20260808,22,1e-05,5,4.751993965315373e-06,2,True,False,18,True
Water,27,20260808,22,1e-05,50,4.751993965315373e-06,2,True,False,18,True
Water,27,20260808,22,1e-12,2,4.751993965315373e-06,2,False,True,18,True
Water,27,20260808,22,1e-12,5,2.4069561026550405e-07,5,False,True,18,True
Water,27,20260808,22,1e-12,50,0.0,18,True,False,18,True
Water,27,20260808,23,0.001,2,3.834316948634911e-05,1,True,False,39,True
Water,27,20260808,23,0.001,5,3.834316948634911e-05,1,True,False,39,True
Water,27,20260808,23,0.001,50,3.834316948634911e-05,1,True,False,39,True
Water,27,20260808,23,1e-05,2,2.442400289544081e-05,2,False,True,39,True
Water,27,20260808,23,1e-05,5,1.5551796032948435e-05,3,True,False,39,True
Water,27,20260808,23,1e-05,50,1.5551796032948435e-05,3,True,False,39,True
Water,27,20260808,23,1e-12,2,2.442400289544081e-05,2,False,True,39,True
Water,27,20260808,23,1e-12,5,6.300711638157834e-06,5,False,True,39,True
Water,27,20260808,23,1e-12,50,0.0,39,True,False,39,True
Water,27,20260808,24,0.001,2,0.00013741442047791622,1,True,False,21,True
Water,27,20260808,24,0.001,5,0.00013741442047791622,1,True,False,21,True
Water,27,20260808,24,0.001,50,0.00013741442047791622,1,True,False,21,True
Water,27,20260808,24,1e-05,2,5.4659337937693914e-05,2,False,True,21,True
Water,27,20260808,24,1e-05,5,3.072376030467195e-06,5,True,False,21,True
Water,27,20260808,24,1e-05,50,3.072376030467195e-06,5,True,False,21,True
Water,27,20260808,24,1e-12,2,5.4659337937693914e-05,2,False,True,21,True
Water,27,20260808,24,1e-12,5,3.072376030467195e-06,5,False,True,21,True
Water,27,20260808,24,1e-12,50,0.0,21,True,False,21,True
Water,27,20260808,25,0.001,2,5.6562047075865157e-05,1,True,False,26,True
Water,27,20260808,25,0.001,5,5.6562047075865157e-05,1,True,False,26,True
Water,27,20260808,25,0.001,50,5.6562047075865157e-05,1,True,False,26,True
Water,27,20260808,25,1e-05,2,2.7097007161370392e-05,2,False,True,26,True
Water,27,20260808,25,1e-05,5,6.2114468591866126e-06,4,True,False,26,True
Water,27,20260808,25,1e-05,50,6.2114468591866126e-06,4,True,False,26,True
Water,27,20260808,25,1e-12,2,2.7097007161370392e-05,2,False,True,26,True
Water,27,20260808,25,1e-12,5,2.9731460633205455e-06,5,False,True,26,True
Water,27,20260808,25,1e-12,50,0.0,26,True,False,26,True
Water,27,20260808,26,0.001,2,0.000119226692176155,1,True,False,25,True
Water,27,20260808,26,0.001,5,0.000119226692176155,1,True,False,25,True
Water,27,20260808,26,0.001,50,0.000119226692176155,1,True,False,25,True
Water,27,20260808,26,1e-05,2,5.4801837204062145e-05,2,False,True,25,True
Water,27,20260808,26,1e-05,5,5.243328613617251e-06,5,True,False,25,True
Water,27,20260808,26,1e-05,50,5.243328613617251e-06,5,True,False,25,True
Water,27,20260808,26,1e-12,2,5.4801837204062145e-05,2,False,True,25,True
Water,27,20260808,26,1e-12,5,5.243328613617251e-06,5,False,True,25,True
Water,27,20260808,26,1e-12,50,0.0,25,True,False,25,True
Water,27,20260808,27,0.001,2,0.0002619038080794062,1,True,False,21,True
Water,27,20260808,27,0.001,5,0.0002619038080794062,1,True,False,21,True
Water,27,20260808,27,0.001,50,0.0002619038080794062,1,True,False,21,True
Water,27,20260808,27,1e-05,2,9.696644359453493e-05,2,False,True,21,True
Water,27,20260808,27,1e-05,5,4.514116899397576e-06,5,True,False,21,True
Water,27,20260808,27,1e-05,50,4.514116899397576e-06,5,True,False,21,True
Water,27,20260808,27,1e-12,2,9.696644359453493e-05,2,False,True,21,True
Water,27,20260808,27,1e-12,5,4.514116899397576e-06,5,False,True,21,True
Water,27,20260808,27,1e-12,50,0.0,21,True,False,21,True
Water,27,20260808,28,0.001,2,2.6282974338271614e-05,1,True,False,28,True
Water,27,20260808,28,0.001,5,2.6282974338271614e-05,1,True,False,28,True
Water,27,20260808,28,0.001,50,2.6282974338271614e-05,1,True,False,28,True
Water,27,20260808,28,1e-05,2,1.3934024705038656e-05,2,False,True,28,True
Water,27,20260808,28,1e-05,5,7.385306642332405e-06,3,True,False,28,True
Water,27,20260808,28,1e-05,50,7.385306642332405e-06,3,True,False,28,True
Water,27,20260808,28,1e-12,2,1.3934024705038656e-05,2,False,True,28,True
Water,27,20260808,28,1e-12,5,2.0739293994855186e-06,5,False,True,28,True
Water,27,20260808,28,1e-12,50,0.0,28,True,False,28,True
Water,27,20260808,29,0.001,2,3.641092548765142e-05,1,True,False,17,True
Water,27,20260808,29,0.001,5,3.641092548765142e-05,1,True,False,17,True
Water,27,20260808,29,0.001,50,3.641092548765142e-05,1,True,False,17,True
Water,27,20260808,29,1e-05,2,1.1619685962618002e-05,2,False,True,17,True
Water,27,20260808,29,1e-05,5,3.7059188776660764e-06,3,True,False,17,True
Water,27,20260808,29,1e-05,50,3.7059188776660764e-06,3,True,False,17,True
Water,27,20260808,29,1e-12,2,1.1619685962618002e-05,2,False,True,17,True
Water,27,20260808,29,1e-12,5,3.767850128665007e-07,5,False,True,17,True
Water,27,20260808,29,1e-12,50,0.0,17,True,False,17,True
Water,27,20260808,30,0.001,2,0.0002737907535843428,1,True,False,30,True
Water,27,20260808,30,0.001,5,0.0002737907535843428,1,True,False,30,True
Water,27,20260808,30,0.001,50,0.0002737907535843428,1,True,False,30,True
Water,27,20260808,30,1e-05,2,0.0001410126919548554,2,False,True,30,True
Water,27,20260808,30,1e-05,5,1.8541299783969425e-05,5,False,True,30,True
Water,27,20260808,30,1e-05,50,9.383753582452973e-06,6,True,False,30,True
Water,27,20260808,30,1e-12,2,0.0001410126919548554,2,False,True,30,True
Water,27,20260808,30,1e-12,5,1.8541299783969425e-05,5,False,True,30,True
Water,27,20260808,30,1e-12,50,0.0,30,True,False,30,True
Water,27,20260808,31,0.001,2,0.00035001942976280035,1,True,False,24,True
Water,27,20260808,31,0.001,5,0.00035001942976280035,1,True,False,24,True
Water,27,20260808,31,0.001,50,0.00035001942976280035,1,True,False,24,True
Water,27,20260808,31,1e-05,2,0.0001530396119741493,2,False,True,24,True
Water,27,20260808,31,1e-05,5,1.136389291029173e-05,5,False,True,24,True
Water,27,20260808,31,1e-05,50,4.721488210137937e-06,6,True,False,24,True
Water,27,20260808,31,1e-12,2,0.0001530396119741493,2,False,True,24,True
Water,27,20260808,31,1e-12,5,1.136389291029173e-05,5,False,True,24,True
Water,27,20260808,31,1e-12,50,0.0,24,True,False,24,True
Water,27,20260808,32,0.001,2,0.00022939668537522,1,True,False,22,True
Water,27,20260808,32,0.001,5,0.00022939668537522,1,True,False,22,True
Water,27,20260808,32,0.001,50,0.00022939668537522,1,True,False,22,True
Water,27,20260808,32,1e-05,2,9.21565846774885e-05,2,False,True,22,True
Water,27,20260808,32,1e-05,5,5.505525437140427e-06,5,True,False,22,True
Water,27,20260808,32,1e-05,50,5.505525437140427e-06,5,True,False,22,True
Water,27,20260808,32,1e-12,2,9.21565846774885e-05,2,False,True,22,True
Water,27,20260808,32,1e-12,5,5.505525437140427e-06,5,False,True,22,True
Water,27,20260808,32,1e-12,50,0.0,22,True,False,22,True
Water,27,20260808,33,0.001,2,4.917056869713515e-06,1,True,False,22,True
Water,27,20260808,33,0.001,5,4.917056869713515e-06,1,True,False,22,True
Water,27,20260808,33,0.001,50,4.917056869713515e-06,1,True,False,22,True
Water,27,20260808,33,1e-05,2,2.2598505823188095e-06,2,True,False,22,True
Water,27,20260808,33,1e-05,5,2.2598505823188095e-06,2,True,False,22,True
Water,27,20260808,33,1e-05,50,2.2598505823188095e-06,2,True,False,22,True
Water,27,20260808,33,1e-12,2,2.2598505823188095e-06,2,False,True,22,True
Water,27,20260808,33,1e-12,5,2.1926323739972007e-07,5,False,True,22,True
Water,27,20260808,33,1e-12,50,0.0,22,True,False,22,True
Water,27,20260808,34,0.001,2,5.555089095859938e-05,1,True,False,24,True
Water,27,20260808,34,0.001,5,5.555089095859938e-05,1,True,False,24,True
Water,27,20260808,34,0.001,50,5.555089095859938e-05,1,True,False,24,True
Water,27,20260808,34,1e-05,2,2.5185580275627676e-05,2,False,True,24,True
Water,27,20260808,34,1e-05,5,5.174592367743575e-06,4,True,False,24,True
Water,27,20260808,34,1e-05,50,5.174592367743575e-06,4,True,False,24,True
Water,27,20260808,34,1e-12,2,2.5185580275627676e-05,2,False,True,24,True
Water,27,20260808,34,1e-12,5,2.3452045615183794e-06,5,False,True,24,True
Water,27,20260808,34,1e-12,50,0.0,24,True,False,24,True
Water,27,20260808,35,0.001,2,0.00011231893348395759,1,True,False,29,True
Water,27,20260808,35,0.001,5,0.00011231893348395759,1,True,False,29,True
Water,27,20260808,35,0.001,50,0.00011231893348395759,1,True,False,29,True
Water,27,20260808,35,1e-05,2,5.79464641492564e-05,2,False,True,29,True
Water,27,20260808,35,1e-05,5,7.779716964729522e-06,5,True,False,29,True
Water,27,20260808,35,1e-05,50,7.779716964729522e-06,5,True,False,29,True
Water,27,20260808,35,1e-12,2,5.79464641492564e-05,2,False,True,29,True
Water,27,20260808,35,1e-12,5,7.779716964729522e-06,5,False,True,29,True
Water,27,20260808,35,1e-12,50,0.0,29,True,False,29,True
Water,27,20260808,36,0.001,2,0.00024720437353478074,1,True,False,23,True
Water,27,20260808,36,0.001,5,0.00024720437353478074,1,True,False,23,True
Water,27,20260808,36,0.001,50,0.00024720437353478074,1,True,False,23,True
Water,27,20260808,36,1e-05,2,0.00010015735802268395,2,False,True,23,True
Water,27,20260808,36,1e-05,5,6.074604323386434e-06,5,True,False,23,True
Water,27,20260808,36,1e-05,50,6.074604323386434e-06,5,True,False,23,True
Water,27,20260808,36,1e-12,2,0.00010015735802268395,2,False,True,23,True
Water,27,20260808,36,1e-12,5,6.074604323386434e-06,5,False,True,23,True
Water,27,20260808,36,1e-12,50,0.0,23,True,False,23,True
Water,27,20260808,37,0.001,2,1.87652590529882e-05,1,True,False,23,True
Water,27,20260808,37,0.001,5,1.87652590529882e-05,1,True,False,23,True
Water,27,20260808,37,0.001,50,1.87652590529882e-05,1,True,False,23,True
Water,27,20260808,37,1e-05,2,8.43646332742233e-06,2,False,True,23,True
Water,27,20260808,37,1e-05,5,3.7931564674136758e-06,3,True,False,23,True
Water,27,20260808,37,1e-05,50,3.7931564674136758e-06,3,True,False,23,True
Water,27,20260808,37,1e-12,2,8.43646332742233e-06,2,False,True,23,True
Water,27,20260808,37,1e-12,5,7.668623292476648e-07,5,False,True,23,True
Water,27,20260808,37,1e-12,50,0.0,23,True,False,23,True
Water,27,20260808,38,0.001,2,9.490826608849392e-05,1,True,False,54,True
Water,27,20260808,38,0.001,5,9.490826608849392e-05,1,True,False,54,True
Water,27,20260808,38,0.001,50,9.490826608849392e-05,1,True,False,54,True
Water,27,20260808,38,1e-05,2,6.812684915880122e-05,2,False,True,54,True
Water,27,20260808,38,1e-05,5,2.513443493876662e-05,5,True,False,54,True
Water,27,20260808,38,1e-05,50,2.513443493876662e-05,5,True,False,54,True
Water,27,20260808,38,1e-12,2,6.812684915880122e-05,2,False,True,54,True
Water,27,20260808,38,1e-12,5,2.513443493876662e-05,5,False,True,54,True
Water,27,20260808,38,1e-12,50,5.5796452541924725e-12,50,False,True,54,True
Water,27,20260808,39,0.001,2,0.00024376770408197996,1,True,False,22,True
Water,27,20260808,39,0.001,5,0.00024376770408197996,1,True,False,22,True
Water,27,20260808,39,0.001,50,0.00024376770408197996,1,True,False,22,True
Water,27,20260808,39,1e-05,2,9.58080422626991e-05,2,False,True,22,True
Water,27,20260808,39,1e-05,5,5.538674997027423e-06,5,True,False,22,True
Water,27,20260808,39,1e-05,50,5.538674997027423e-06,5,True,False,22,True
Water,27,20260808,39,1e-12,2,9.58080422626991e-05,2,False,True,22,True
Water,27,20260808,39,1e-12,5,5.538674997027423e-06,5,False,True,22,True
Water,27,20260808,39,1e-12,50,0.0,22,True,False,22,True
Water,27,20260808,40,0.001,2,0.0002232839830838364,1,True,False,20,True
Water,27,20260808,40,0.001,5,0.0002232839830838364,1,True,False,20,True
Water,27,20260808,40,0.001,50,0.0002232839830838364,1,True,False,20,True
Water,27,20260808,40,1e-05,2,7.88492027065707e-05,2,False,True,20,True
Water,27,20260808,40,1e-05,5,3.171192604243354e-06,5,True,False,20,True
Water,27,20260808,40,1e-05,50,3.171192604243354e-06,5,True,False,20,True
Water,27,20260808,40,1e-12,2,7.88492027065707e-05,2,False,True,20,True
Water,27,20260808,40,1e-12,5,3.171192604243354e-06,5,False,True,20,True
Water,27,20260808,40,1e-12,50,0.0,20,True,False,20,True
Water,27,20260808,41,0.001,2,0.0002227023546898204,1,True,False,24,True
Water,27,20260808,41,0.001,5,0.0002227023546898204,1,True,False,24,True
Water,27,20260808,41,0.001,50,0.0002227023546898204,1,True,False,24,True
Water,27,20260808,41,1e-05,2,9.800322496709408e-05,2,False,True,24,True
Water,27,20260808,41,1e-05,5,7.290872083256308e-06,5,False,True,24,True
Water,27,20260808,41,1e-05,50,3.027111314764115e-06,6,True,False,24,True
Water,27,20260808,41,1e-12,2,9.800322496709408e-05,2,False,True,24,True
Water,27,20260808,41,1e-12,5,7.290872083256308e-06,5,False,True,24,True
Water,27,20260808,41,1e-12,50,0.0,24,True,False,24,True
Water,27,20260808,42,0.001,2,1.199736861828318e-06,1,True,False,20,True
Water,27,20260808,42,0.001,5,1.199736861828318e-06,1,True,False,20,True
Water,27,20260808,42,0.001,50,1.199736861828318e-06,1,True,False,20,True
Water,27,20260808,42,1e-05,2,1.199736861828318e-06,1,True,False,20,True
Water,27,20260808,42,1e-05,5,1.199736861828318e-06,1,True,False,20,True
Water,27,20260808,42,1e-05,50,1.199736861828318e-06,1,True,False,20,True
Water,27,20260808,42,1e-12,2,5.584474370576505e-07,2,False,True,20,True
Water,27,20260808,42,1e-12,5,5.632850200939246e-08,5,False,True,20,True
Water,27,20260808,42,1e-12,50,0.0,20,True,False,20,True
Water,27,20260808,43,0.001,2,0.00017950172696730847,1,True,False,16,True
Water,27,20260808,43,0.001,5,0.00017950172696730847,1,True,False,16,True
Water,27,20260808,43,0.001,50,0.00017950172696730847,1,True,False,16,True
Water,27,20260808,43,1e-05,2,4.4841678654465774e-05,2,False,True,16,True
Water,27,20260808,43,1e-05,5,2.6378738578468933e-06,4,True,False,16,True
Water,27,20260808,43,1e-05,50,2.6378738578468933e-06,4,True,False,16,True
Water,27,20260808,43,1e-12,2,4.4841678654465774e-05,2,False,True,16,True
Water,27,20260808,43,1e-12,5,6.365484909060418e-07,5,False,True,16,True
Water,27,20260808,43,1e-12,50,0.0,16,True,False,16,True
Water,27,20260808,44,0.001,2,8.437744282368773e-05,1,True,False,31,True
Water,27,20260808,44,0.001,5,8.437744282368773e-05,1,True,False,31,True
Water,27,20260808,44,0.001,50,8.437744282368773e-05,1,True,False,31,True
Water,27,20260808,44,1e-05,2,4.614594428805833e-05,2,False,True,31,True
Water,27,20260808,44,1e-05,5,7.5119228728945845e-06,5,True,False,31,True
Water,27,20260808,44,1e-05,50,7.5119228728945845e-06,5,True,False,31,True
Water,27,20260808,44,1e-12,2,4.614594428805833e-05,2,False,True,31,True
Water,27,20260808,44,1e-12,5,7.5119228728945845e-06,5,False,True,31,True
Water,27,20260808,44,1e-12,50,0.0,31,True,False,31,True
Water,27,20260808,45,0.001,2,0.0002581863726810835,1,True,False,28,True
Water,27,20260808,45,0.001,5,0.0002581863726810835,1,True,False,28,True
Water,27,20260808,45,0.001,50,0.0002581863726810835,1,True,False,28,True
Water,27,20260808,45,1e-05,2,0.00012830436173155417,2,False,True,28,True
Water,27,20260808,45,1e-05,5,1.4223265089441915e-05,5,False,True,28,True
Water,27,20260808,45,1e-05,50,6.7551654350242855e-06,6,True,False,28,True
Water,27,20260808,45,1e-12,2,0.00012830436173155417,2,False,True,28,True
Water,27,20260808,45,1e-12,5,1.4223265089441915e-05,5,False,True,28,True
Water,27,20260808,45,1e-12,50,0.0,28,True,False,28,True
Water,27,20260808,46,0.001,2,0.00012262662588598006,1,True,False,20,True
Water,27,20260808,46,0.001,5,0.00012262662588598006,1,True,False,20,True
Water,27,20260808,46,0.001,50,0.00012262662588598006,1,True,False,20,True
Water,27,20260808,46,1e-05,2,4.4880764652286724e-05,2,False,True,20,True
Water,27,20260808,46,1e-05,5,2.1572292449984723e-06,5,True,False,20,True
Water,27,20260808,46,1e-05,50,2.1572292449984723e-06,5,True,False,20,True
Water,27,20260808,46,1e-12,2,4.4880764652286724e-05,2,False,True,20,True
Water,27,20260808,46,1e-12,5,2.1572292449984723e-06,5,False,True,20,True
Water,27,20260808,46,1e-12,50,0.0,20,True,False,20,True
Water,27,20260808,47,0.001,2,0.0001530899967050638,1,True,False,21,True
Water,27,20260808,47,0.001,5,0.0001530899967050638,1,True,False,21,True
Water,27,20260808,47,0.001,50,0.0001530899967050638,1,True,False,21,True
Water,27,20260808,47,1e-05,2,5.812621482601622e-05,2,False,True,21,True
Water,27,20260808,47,1e-05,5,3.090471944317744e-06,5,True,False,21,True
Water,27,20260808,47,1e-05,50,3.090471944317744e-06,5,True,False,21,True
Water,27,20260808,47,1e-12,2,5.812621482601622e-05,2,False,True,21,True
Water,27,20260808,47,1e-12,5,3.090471944317744e-06,5,False,True,21,True
Water,27,20260808,47,1e-12,50,0.0,21,True,False,21,True
Water,27,20260808,48,0.001,2,4.648113896465243e-05,1,True,False,14,True
Water,27,20260808,48,0.001,5,4.648113896465243e-05,1,True,False,14,True
Water,27,20260808,48,0.001,50,4.648113896465243e-05,1,True,False,14,True
Water,27,20260808,48,1e-05,2,1.0266023582047278e-05,2,False,True,14,True
Water,27,20260808,48,1e-05,5,2.2587466488922187e-06,3,True,False,14,True
Water,27,20260808,48,1e-05,50,2.2587466488922187e-06,3,True,False,14,True
Water,27,20260808,48,1e-12,2,1.0266023582047278e-05,2,False,True,14,True
Water,27,20260808,48,1e-12,5,1.0914012329793547e-07,5,False,True,14,True
Water,27,20260808,48,1e-12,50,0.0,14,True,False,14,True
Water,27,20260808,49,0.001,2,0.00012401572342723386,1,True,False,22,True
Water,27,20260808,49,0.001,5,0.00012401572342723386,1,True,False,22,True
Water,27,20260808,49,0.001,50,0.00012401572342723386,1,True,False,22,True
Water,27,20260808,49,1e-05,2,4.8326913742187015e-05,2,False,True,22,True
Water,27,20260808,49,1e-05,5,2.8712182273401247e-06,5,True,False,22,True
Water,27,20260808,49,1e-05,50,2.8712182273401247e-06,5,True,False,22,True
Water,27,20260808,49,1e-12,2,4.8326913742187015e-05,2,False,True,22,True
Water,27,20260808,49,1e-12,5,2.8712182273401247e-06,5,False,True,22,True
Water,27,20260808,49,1e-12,50,0.0,22,True,False,22,True
Water,27,20260808,50,0.001,2,0.00016347720770491995,1,True,False,20,True
Water,27,20260808,50,0.001,5,0.00016347720770491995,1,True,False,20,True
Water,27,20260808,50,0.001,50,0.00016347720770491995,1,True,False,20,True
Water,27,20260808,50,1e-05,2,5.666611939093826e-05,2,False,True,20,True
Water,27,20260808,50,1e-05,5,2.32302017037028e-06,5,True,False,20,True
Water,27,20260808,50,1e-05,50,2.32302017037028e-06,5,True,False,20,True
Water,27,20260808,50,1e-12,2,5.666611939093826e-05,2,False,True,20,True
Water,27,20260808,50,1e-12,5,2.32302017037028e-06,5,False,True,20,True
Water,27,20260808,50,1e-12,50,0.0,20,True,False,20,True
Water,27,20260808,51,0.001,2,3.296174013342606e-05,1,True,False,27,True
Water,27,20260808,51,0.001,5,3.296174013342606e-05,1,True,False,27,True
Water,27,20260808,51,0.001,50,3.296174013342606e-05,1,True,False,27,True
Water,27,20260808,51,1e-05,2,1.6673572458335063e-05,2,False,True,27,True
Water,27,20260808,51,1e-05,5,8.426845016028555e-06,3,True,False,27,True
Water,27,20260808,51,1e-05,50,8.426845016028555e-06,3,True,False,27,True
Water,27,20260808,51,1e-12,2,1.6673572458335063e-05,2,False,True,27,True
Water,27,20260808,51,1e-12,5,2.1499749976523496e-06,5,False,True,27,True
Water,27,20260808,51,1e-12,50,0.0,27,True,False,27,True
Water,27,20260808,52,0.001,2,1.7668072398293946e-06,1,True,False,22,True
Water,27,20260808,52,0.001,5,1.7668072398293946e-06,1,True,False,22,True
Water,27,20260808,52,0.001,50,1.7668072398293946e-06,1,True,False,22,True
Water,27,20260808,52,1e-05,2,1.7668072398293946e-06,1,True,False,22,True
Water,27,20260808,52,1e-05,5,1.7668072398293946e-06,1,True,False,22,True
Water,27,20260808,52,1e-05,50,1.7668072398293946e-06,1,True,False,22,True
Water,27,20260808,52,1e-12,2,8.750630802888219e-07,2,False,True,22,True
Water,27,20260808,52,1e-12,5,1.0630460480488255e-07,5,False,True,22,True
Water,27,20260808,52,1e-12,50,0.0,22,True,False,22,True
Water,27,20260808,53,0.001,2,0.0002110278066316308,1,True,False,28,True
Water,27,20260808,53,0.001,5,0.0002110278066316308,1,True,False,28,True
Water,27,20260808,53,0.001,50,0.0002110278066316308,1,True,False,28,True
Water,27,20260808,53,1e-05,2,0.0001024674043567678,2,False,True,28,True
Water,27,20260808,53,1e-05,5,1.1317099451460014e-05,5,False,True,28,True
Water,27,20260808,53,1e-05,50,5.408570940415608e-06,6,True,False,28,True
Water,27,20260808,53,1e-12,2,0.0001024674043567678,2,False,True,28,True
Water,27,20260808,53,1e-12,5,1.1317099451460014e-05,5,False,True,28,True
Water,27,20260808,53,1e-12,50,0.0,28,True,False,28,True
Water,27,20260808,54,0.001,2,8.979914572903252e-05,1,True,False,21,True
Water,27,20260808,54,0.001,5,8.979914572903252e-05,1,True,False,21,True
Water,27,20260808,54,0.001,50,8.979914572903252e-05,1,True,False,21,True
Water,27,20260808,54,1e-05,2,3.509332223264286e-05,2,False,True,21,True
Water,27,20260808,54,1e-05,5,5.250373044977256e-06,4,True,False,21,True
Water,27,20260808,54,1e-05,50,5.250373044977256e-06,4,True,False,21,True
Water,27,20260808,54,1e-12,2,3.509332223264286e-05,2,False,True,21,True
Water,27,20260808,54,1e-12,5,2.0246158731971536e-06,5,False,True,21,True
Water,27,20260808,54,1e-12,50,0.0,21,True,False,21,True
Water,27,20260808,55,0.001,2,2.6979688124748545e-05,1,True,False,22,True
Water,27,20260808,55,0.001,5,2.6979688124748545e-05,1,True,False,22,True
Water,27,20260808,55,0.001,50,2.6979688124748545e-05,1,True,False,22,True
Water,27,20260808,55,1e-05,2,1.1694939275600212e-05,2,False,True,22,True
Water,27,20260808,55,1e-05,5,5.0643588734183245e-06,3,True,False,22,True
Water,27,20260808,55,1e-05,50,5.0643588734183245e-06,3,True,False,22,True
Water,27,20260808,55,1e-12,2,1.1694939275600212e-05,2,False,True,22,True
Water,27,20260808,55,1e-12,5,9.486521895916804e-07,5,False,True,22,True
Water,27,20260808,55,1e-12,50,0.0,22,True,False,22,True
Water,27,20260808,56,0.001,2,0.00011824900917157882,1,True,False,16,True
Water,27,20260808,56,0.001,5,0.00011824900917157882,1,True,False,16,True
Water,27,20260808,56,0.001,50,0.00011824900917157882,1,True,False,16,True
Water,27,20260808,56,1e-05,2,2.982028063495017e-05,2,False,True,16,True
Water,27,20260808,56,1e-05,5,1.8548916156579064e-06,4,True,False,16,True
Water,27,20260808,56,1e-05,50,1.8548916156579064e-06,4,True,False,16,True
Water,27,20260808,56,1e-12,2,2.982028063495017e-05,2,False,True,16,True
Water,27,20260808,56,1e-12,5,4.6168941561079154e-07,5,False,True,16,True
Water,27,20260808,56,1e-12,50,0.0,16,True,False,16,True
Water,27,20260808,57,0.001,2,0.00011354650250126819,1,True,False,22,True
Water,27,20260808,57,0.001,5,0.00011354650250126819,1,True,False,22,True
Water,27,20260808,57,0.001,50,0.00011354650250126819,1,True,False,22,True
Water,27,20260808,57,1e-05,2,4.658496383452686e-05,2,False,True,22,True
Water,27,20260808,57,1e-05,5,3.1192603689710815e-06,5,True,False,22,True
Water,27,20260808,57,1e-05,50,3.1192603689710815e-06,5,True,False,22,True
Water,27,20260808,57,1e-12,2,4.658496383452686e-05,2,False,True,22,True
Water,27,20260808,57,1e-12,5,3.1192603689710815e-06,5,False,True,22,True
Water,27,20260808,57,1e-12,50,0.0,22,True,False,22,True
Water,27,20260808,58,0.001,2,6.981590677015196e-05,1,True,False,26,True
Water,27,20260808,58,0.001,5,6.981590677015196e-05,1,True,False,26,True
Water,27,20260808,58,0.001,50,6.981590677015196e-05,1,True,False,26,True
Water,27,20260808,58,1e-05,2,3.3651780256855085e-05,2,False,True,26,True
Water,27,20260808,58,1e-05,5,7.788128198742773e-06,4,True,False,26,True
Water,27,20260808,58,1e-05,50,7.788128198742773e-06,4,True,False,26,True
Water,27,20260808,58,1e-12,2,3.3651780256855085e-05,2,False,True,26,True
Water,27,20260808,58,1e-12,5,3.743578546695446e-06,5,False,True,26,True
Water,27,20260808,58,1e-12,50,0.0,26,True,False,26,True
Water,27,20260808,59,0.001,2,0.0003181681682383626,1,True,False,23,True
Water,27,20260808,59,0.001,5,0.0003181681682383626,1,True,False,23,True
Water,27,20260808,59,0.001,50,0.0003181681682383626,1,True,False,23,True
Water,27,20260808,59,1e-05,2,0.00013346190060780052,2,False,True,23,True
Water,27,20260808,59,1e-05,5,8.003858727164127e-06,5,False,True,23,True
Water,27,20260808,59,1e-05,50,3.074367469484626e-06,6,True,False,23,True
Water,27,20260808,59,1e-12,2,0.00013346190060780052,2,False,True,23,True
Water,27,20260808,59,1e-12,5,8.003858727164127e-06,5,False,True,23,True
Water,27,20260808,59,1e-12,50,0.0,23,True,False,23,True
Water,27,20260808,60,0.001,2,7.496227799924204e-05,1,True,False,24,True
Water,27,20260808,60,0.001,5,7.496227799924204e-05,1,True,False,24,True
Water,27,20260808,60,0.001,50,7.496227799924204e-05,1,True,False,24,True
Water,27,20260808,60,1e-05,2,3.335489777538779e-05,2,False,True,24,True
Water,27,20260808,60,1e-05,5,6.626218453068565e-06,4,True,False,24,True
Water,27,20260808,60,1e-05,50,6.626218453068565e-06,4,True,False,24,True
Water,27,20260808,60,1e-12,2,3.335489777538779e-05,2,False,True,24,True
Water,27,20260808,60,1e-12,5,2.954964860787489e-06,5,False,True,24,True
Water,27,20260808,60,1e-12,50,0.0,24,True,False,24,True
Water,27,20260808,61,0.001,2,0.00016844008254107197,1,True,False,20,True
Water,27,20260808,61,0.001,5,0.00016844008254107197,1,True,False,20,True
Water,27,20260808,61,0.001,50,0.00016844008254107197,1,True,False,20,True
Water,27,20260808,61,1e-05,2,6.091329094865091e-05,2,False,True,20,True
Water,27,20260808,61,1e-05,5,2.7521666786644704e-06,5,True,False,20,True
Water,27,20260808,61,1e-05,50,2.7521666786644704e-06,5,True,False,20,True
Water,27,20260808,61,1e-12,2,6.091329094865091e-05,2,False,True,20,True
Water,27,20260808,61,1e-12,5,2.7521666786644704e-06,5,False,True,20,True
Water,27,20260808,61,1e-12,50,0.0,20,True,False,20,True
Water,27,20260808,62,0.001,2,5.447318657654329e-05,1,True,False,25,True
Water,27,20260808,62,0.001,5,5.447318657654329e-05,1,True,False,25,True
Water,27,20260808,62,0.001,50,5.447318657654329e-05,1,True,False,25,True
Water,27,20260808,62,1e-05,2,2.5583986559232368e-05,2,False,True,25,True
Water,27,20260808,62,1e-05,5,5.624299157448222e-06,4,True,False,25,True
Water,27,20260808,62,1e-05,50,5.624299157448222e-06,4,True,False,25,True
Water,27,20260808,62,1e-12,2,2.5583986559232368e-05,2,False,True,25,True
Water,27,20260808,62,1e-12,5,2.6353189717707605e-06,5,False,True,25,True
Water,27,20260808,62,1e-12,50,0.0,25,True,False,25,True
Water,27,20260808,63,0.001,2,0.0001772002467475765,1,True,False,25,True
Water,27,20260808,63,0.001,5,0.0001772002467475765,1,True,False,25,True
Water,27,20260808,63,0.001,50,0.0001772002467475765,1,True,False,25,True
Water,27,20260808,63,1e-05,2,7.9879871500435e-05,2,False,True,25,True
Water,27,20260808,63,1e-05,5,7.12178127993247e-06,5,True,False,25,True
Water,27,20260808,63,1e-05,50,7.12178127993247e-06,5,True,False,25,True
Water,27,20260808,63,1e-12,2,7.9879871500435e-05,2,False,True,25,True
Water,27,20260808,63,1e-12,5,7.12178127993247e-06,5,False,True,25,True
Water,27,20260808,63,1e-12,50,0.0,25,True,False,25,True
Water,27,20260808,64,0.001,2,0.00025458005755399154,1,True,False,18,True
Water,27,20260808,64,0.001,5,0.00025458005755399154,1,True,False,18,True
Water,27,20260808,64,0.001,50,0.00025458005755399154,1,True,False,18,True
Water,27,20260808,64,1e-05,2,7.3494998239978e-05,2,False,True,18,True
Water,27,20260808,64,1e-05,5,1.6556009951936976e-06,5,True,False,18,True
Water,27,20260808,64,1e-05,50,1.6556009951936976e-06,5,True,False,18,True
Water,27,20260808,64,1e-12,2,7.3494998239978e-05,2,False,True,18,True
Water,27,20260808,64,1e-12,5,1.6556009951936976e-06,5,False,True,18,True
Water,27,20260808,64,1e-12,50,0.0,18,True,False,18,True
Water,27,20260808,65,0.001,2,3.23986980943461e-05,1,True,False,20,True
Water,27,20260808,65,0.001,5,3.23986980943461e-05,1,True,False,20,True
Water,27,20260808,65,0.001,50,3.23986980943461e-05,1,True,False,20,True
Water,27,20260808,65,1e-05,2,1.2725867627417344e-05,2,False,True,20,True
Water,27,20260808,65,1e-05,5,4.9867239643523235e-06,3,True,False,20,True
Water,27,20260808,65,1e-05,50,4.9867239643523235e-06,3,True,False,20,True
Water,27,20260808,65,1e-12,2,1.2725867627417344e-05,2,False,True,20,True
Water,27,20260808,65,1e-12,5,7.639932810808156e-07,5,False,True,20,True
Water,27,20260808,65,1e-12,50,0.0,20,True,False,20,True
Water,27,20260808,66,0.001,2,1.0092319193505392e-05,1,True,False,28,True
Water,27,20260808,66,0.001,5,1.0092319193505392e-05,1,True,False,28,True
Water,27,20260808,66,0.001,50,1.0092319193505392e-05,1,True,False,28,True
Water,27,20260808,66,1e-05,2,5.465566951000915e-06,2,True,False,28,True
Water,27,20260808,66,1e-05,5,5.465566951000915e-06,2,True,False,28,True
Water,27,20260808,66,1e-05,50,5.465566951000915e-06,2,True,False,28,True
Water,27,20260808,66,1e-12,2,5.465566951000915e-06,2,False,True,28,True
Water,27,20260808,66,1e-12,5,8.685428800833963e-07,5,False,True,28,True
Water,27,20260808,66,1e-12,50,0.0,28,True,False,28,True
Water,27,20260808,67,0.001,2,5.412776156663955e-05,1,True,False,33,True
Water,27,20260808,67,0.001,5,5.412776156663955e-05,1,True,False,33,True
Water,27,20260808,67,0.001,50,5.412776156663955e-05,1,True,False,33,True
Water,27,20260808,67,1e-05,2,3.114176541906383e-05,2,False,True,33,True
Water,27,20260808,67,1e-05,5,1.024977621817482e-05,4,True,False,33,True
Water,27,20260808,67,1e-05,50,1.024977621817482e-05,4,True,False,33,True
Water,27,20260808,67,1e-12,2,3.114176541906383e-05,2,False,True,33,True
Water,27,20260808,67,1e-12,5,5.871999519115583e-06,5,False,True,33,True
Water,27,20260808,67,1e-12,50,0.0,33,True,False,33,True
Water,27,20260808,68,0.001,2,0.00010702827578959187,1,True,False,25,True
Water,27,20260808,68,0.001,5,0.00010702827578959187,1,True,False,25,True
Water,27,20260808,68,0.001,50,0.00010702827578959187,1,True,False,25,True
Water,27,20260808,68,1e-05,2,4.861925116483284e-05,2,False,True,25,True
Water,27,20260808,68,1e-05,5,4.405702027419817e-06,5,True,False,25,True
Water,27,20260808,68,1e-05,50,4.405702027419817e-06,5,True,False,25,True
Water,27,20260808,68,1e-12,2,4.861925116483284e-05,2,False,True,25,True
Water,27,20260808,68,1e-12,5,4.405702027419817e-06,5,False,True,25,True
Water,27,20260808,68,1e-12,50,0.0,25,True,False,25,True
Water,27,20260808,69,0.001,2,0.00037678164490135115,1,True,False,15,True
Water,27,20260808,69,0.001,5,0.00037678164490135115,1,True,False,15,True
Water,27,20260808,69,0.001,50,0.00037678164490135115,1,True,False,15,True
Water,27,20260808,69,1e-05,2,9.072808541157758e-05,2,False,True,15,True
Water,27,20260808,69,1e-05,5,8.992428205698459e-07,5,True,False,15,True
Water,27,20260808,69,1e-05,50,8.992428205698459e-07,5,True,False,15,True
Water,27,20260808,69,1e-12,2,9.072808541157758e-05,2,False,True,15,True
Water,27,20260808,69,1e-12,5,8.992428205698459e-07,5,False,True,15,True
Water,27,20260808,69,1e-12,50,0.0,15,True,False,15,True
Water,27,20260808,70,0.001,2,0.00024264760156784813,1,True,False,18,True
Water,27,20260808,70,0.001,5,0.00024264760156784813,1,True,False,18,True
Water,27,20260808,70,0.001,50,0.00024264760156784813,1,True,False,18,True
Water,27,20260808,70,1e-05,2,8.207272468112259e-05,2,False,True,18,True
Water,27,20260808,70,1e-05,5,2.1166023691802946e-06,5,True,False,18,True
Water,27,20260808,70,1e-05,50,2.1166023691802946e-06,5,True,False,18,True
Water,27,20260808,70,1e-12,2,8.207272468112259e-05,2,False,True,18,True
Water,27,20260808,70,1e-12,5,2.1166023691802946e-06,5,False,True,18,True
Water,27,20260808,70,1e-12,50,0.0,18,True,False,18,True
Water,27,20260808,71,0.001,2,0.00010843963364789687,1,True,False,25,True
Water,27,20260808,71,0.001,5,0.00010843963364789687,1,True,False,25,True
Water,27,20260808,71,0.001,50,0.00010843963364789687,1,True,False,25,True
Water,27,20260808,71,1e-05,2,4.865805402874683e-05,2,False,True,25,True
Water,27,20260808,71,1e-05,5,4.38371036715977e-06,5,True,False,25,True
Water,27,20260808,71,1e-05,50,4.38371036715977e-06,5,True,False,25,True
Water,27,20260808,71,1e-12,2,4.865805402874683e-05,2,False,True,25,True
Water,27,20260808,71,1e-12,5,4.38371036715977e-06,5,False,True,25,True
Water,27,20260808,71,1e-12,50,0.0,25,True,False,25,True
Water,27,20260808,72,0.001,2,0.0002873936374228683,1,True,False,36,True
Water,27,20260808,72,0.001,5,0.0002873936374228683,1,True,False,36,True
Water,27,20260808,72,0.001,50,0.0002873936374228683,1,True,False,36,True
Water,27,20260808,72,1e-05,2,0.000168580646941036,2,False,True,36,True
Water,27,20260808,72,1e-05,5,3.2114872660230656e-05,5,False,True,36,True
Water,27,20260808,72,1e-05,50,1.0427864630008023e-05,7,True,False,36,True
Water,27,20260808,72,1e-12,2,0.000168580646941036,2,False,True,36,True
Water,27,20260808,72,1e-12,5,3.2114872660230656e-05,5,False,True,36,True
Water,27,20260808,72,1e-12,50,0.0,36,True,False,36,True
Water,27,20260808,73,0.001,2,1.630461628456949e-05,1,True,False,18,True
Water,27,20260808,73,0.001,5,1.630461628456949e-05,1,True,False,18,True
Water,27,20260808,73,0.001,50,1.630461628456949e-05,1,True,False,18,True
Water,27,20260808,73,1e-05,2,5.607356396835553e-06,2,False,True,18,True
Water,27,20260808,73,1e-05,5,1.9281168687334784e-06,3,True,False,18,True
Water,27,20260808,73,1e-05,50,1.9281168687334784e-06,3,True,False,18,True
Water,27,20260808,73,1e-12,2,5.607356396835553e-06,2,False,True,18,True
Water,27,20260808,73,1e-12,5,2.2794180041714653e-07,5,False,True,18,True
Water,27,20260808,73,1e-12,50,0.0,18,True,False,18,True
Water,27,20260808,74,0.001,2,0.00023693712632250297,1,True,False,20,True
Water,27,20260808,74,0.001,5,0.00023693712632250297,1,True,False,20,True
Water,27,20260808,74,0.001,50,0.00023693712632250297,1,True,False,20,True
Water,27,20260808,74,1e-05,2,8.287301324256269e-05,2,False,True,20,True
Water,27,20260808,74,1e-05,5,3.1198380361273235e-06,5,True,False,20,True
Water,27,20260808,74,1e-05,50,3.1198380361273235e-06,5,True,False,20,True
Water,27,20260808,74,1e-12,2,8.287301324256269e-05,2,False,True,20,True
Water,27,20260808,74,1e-12,5,3.1198380361273235e-06,5,False,True,20,True
Water,27,20260808,74,1e-12,50,0.0,20,True,False,20,True
Water,27,20260808,75,0.001,2,0.00019554259231563682,1,True,False,25,True
Water,27,20260808,75,0.001,5,0.00019554259231563682,1,True,False,25,True
Water,27,20260808,75,0.001,50,0.00019554259231563682,1,True,False,25,True
Water,27,20260808,75,1e-05,2,8.892956972145045e-05,2,False,True,25,True
Water,27,20260808,75,1e-05,5,7.546309728838459e-06,5,True,False,25,True
Water,27,20260808,75,1e-05,50,7.546309728838459e-06,5,True,False,25,True
Water,27,20260808,75,1e-12,2,8.892956972145045e-05,2,False,True,25,True
Water,27,20260808,75,1e-12,5,7.546309728838459e-06,5,False,True,25,True
Water,27,20260808,75,1e-12,50,0.0,25,True,False,25,True
Water,27,20260808,76,0.001,2,1.476819610926891e-05,1,True,False,25,True
Water,27,20260808,76,0.001,5,1.476819610926891e-05,1,True,False,25,True
Water,27,20260808,76,0.001,50,1.476819610926891e-05,1,True,False,25,True
Water,27,20260808,76,1e-05,2,7.257425956678012e-06,2,True,False,25,True
Water,27,20260808,76,1e-05,5,7.257425956678012e-06,2,True,False,25,True
Water,27,20260808,76,1e-05,50,7.257425956678012e-06,2,True,False,25,True
Water,27,20260808,76,1e-12,2,7.257425956678012e-06,2,False,True,25,True
Water,27,20260808,76,1e-12,5,8.612648319219723e-07,5,False,True,25,True
Water,27,20260808,76,1e-12,50,0.0,25,True,False,25,True
Water,27,20260808,77,0.001,2,4.260061633375392e-05,1,True,False,21,True
Water,27,20260808,77,0.001,5,4.260061633375392e-05,1,True,False,21,True
Water,27,20260808,77,0.001,50,4.260061633375392e-05,1,True,False,21,True
Water,27,20260808,77,1e-05,2,1.6975571784441168e-05,2,False,True,21,True
Water,27,20260808,77,1e-05,5,2.669008891440288e-06,4,True,False,21,True
Water,27,20260808,77,1e-05,50,2.669008891440288e-06,4,True,False,21,True
Water,27,20260808,77,1e-12,2,1.6975571784441168e-05,2,False,True,21,True
Water,27,20260808,77,1e-12,5,1.0567310318807885e-06,5,False,True,21,True
Water,27,20260808,77,1e-12,50,0.0,21,True,False,21,True
Water,27,20260808,78,0.001,2,0.0004001430971697207,1,True,False,33,True
Water,27,20260808,78,0.001,5,0.0004001430971697207,1,True,False,33,True
Water,27,20260808,78,0.001,50,0.0004001430971697207,1,True,False,33,True
Water,27,20260808,78,1e-05,2,0.00022976403330166248,2,False,True,33,True
Water,27,20260808,78,1e-05,5,3.7889172689848596e-05,5,False,True,33,True
Water,27,20260808,78,1e-05,50,1.0907026821809104e-05,7,True,False,33,True
Water,27,20260808,78,1e-12,2,0.00022976403330166248,2,False,True,33,True
Water,27,20260808,78,1e-12,5,3.7889172689848596e-05,5,False,True,33,True
Water,27,20260808,78,1e-12,50,0.0,33,True,False,33,True
Water,27,20260808,79,0.001,2,0.00010061890153907988,1,True,False,21,True
Water,27,20260808,79,0.001,5,0.00010061890153907988,1,True,False,21,True
Water,27,20260808,79,0.001,50,0.00010061890153907988,1,True,False,21,True
Water,27,20260808,79,1e-05,2,3.919907350950977e-05,2,False,True,21,True
Water,27,20260808,79,1e-05,5,5.7582044936478145e-06,4,True,False,21,True
Water,27,20260808,79,1e-05,50,5.7582044936478145e-06,4,True,False,21,True
Water,27,20260808,79,1e-12,2,3.919907350950977e-05,2,False,True,21,True
Water,27,20260808,79,1e-12,5,2.1960518455233064e-06,5,False,True,21,True
Water,27,20260808,79,1e-12,50,0.0,21,True,False,21,True
Water,27,20260808,80,0.001,2,0.00010460856090379152,1,True,False,23,True
Water,27,20260808,80,0.001,5,0.00010460856090379152,1,True,False,23,True
Water,27,20260808,80,0.001,50,0.00010460856090379152,1,True,False,23,True
Water,27,20260808,80,1e-05,2,4.3738214527686665e-05,2,False,True,23,True
Water,27,20260808,80,1e-05,5,3.1831844447873012e-06,5,True,False,23,True
Water,27,20260808,80,1e-05,50,3.1831844447873012e-06,5,True,False,23,True
Water,27,20260808,80,1e-12,2,4.3738214527686665e-05,2,False,True,23,True
Water,27,20260808,80,1e-12,5,3.1831844447873012e-06,5,False,True,23,True
Water,27,20260808,80,1e-12,50,0.0,23,True,False,23,True
Water,27,20260808,81,0.001,2,8.367151927866678e-05,1,True,False,25,True
Water,27,20260808,81,0.001,5,8.367151927866678e-05,1,True,False,25,True
Water,27,20260808,81,0.001,50,8.367151927866678e-05,1,True,False,25,True
Water,27,20260808,81,1e-05,2,3.7968118307211006e-05,2,False,True,25,True
Water,27,20260808,81,1e-05,5,7.760451554918206e-06,4,True,False,25,True
Water,27,20260808,81,1e-05,50,7.760451554918206e-06,4,True,False,25,True
Water,27,20260808,81,1e-12,2,3.7968118307211006e-05,2,False,True,25,True
Water,27,20260808,81,1e-12,5,3.5036582280904747e-06,5,False,True,25,True
Water,27,20260808,81,1e-12,50,0.0,25,True,False,25,True
Water,27,20260808,82,0.001,2,0.00011211324467902186,1,True,False,20,True
Water,27,20260808,82,0.001,5,0.00011211324467902186,1,True,False,20,True
Water,27,20260808,82,0.001,50,0.00011211324467902186,1,True,False,20,True
Water,27,20260808,82,1e-05,2,3.924306426083233e-05,2,False,True,20,True
Water,27,20260808,82,1e-05,5,4.68851871232936e-06,4,True,False,20,True
Water,27,20260808,82,1e-05,50,4.68851871232936e-06,4,True,False,20,True
Water,27,20260808,82,1e-12,2,3.924306426083233e-05,2,False,True,20,True
Water,27,20260808,82,1e-12,5,1.6152289241690749e-06,5,False,True,20,True
Water,27,20260808,82,1e-12,50,0.0,20,True,False,20,True
Water,27,20260808,83,0.001,2,0.00013526226775666185,1,True,False,24,True
Water,27,20260808,83,0.001,5,0.00013526226775666185,1,True,False,24,True
Water,27,20260808,83,0.001,50,0.00013526226775666185,1,True,False,24,True
Water,27,20260808,83,1e-05,2,5.956832917110573e-05,2,False,True,24,True
Water,27,20260808,83,1e-05,5,4.922881162332852e-06,5,True,False,24,True
Water,27,20260808,83,1e-05,50,4.922881162332852e-06,5,True,False,24,True
Water,27,20260808,83,1e-12,2,5.956832917110573e-05,2,False,True,24,True
Water,27,20260808,83,1e-12,5,4.922881162332852e-06,5,False,True,24,True
Water,27,20260808,83,1e-12,50,0.0,24,True,False,24,True
Water,27,20260808,84,0.001,2,0.00014811910643560916,1,True,False,22,True
Water,27,20260808,84,0.001,5,0.00014811910643560916,1,True,False,22,True
Water,27,20260808,84,0.001,50,0.00014811910643560916,1,True,False,22,True
Water,27,20260808,84,1e-05,2,5.926457222100815e-05,2,False,True,22,True
Water,27,20260808,84,1e-05,5,3.7449350838351845e-06,5,True,False,22,True
Water,27,20260808,84,1e-05,50,3.7449350838351845e-06,5,True,False,22,True
Water,27,20260808,84,1e-12,2,5.926457222100815e-05,2,False,True,22,True
Water,27,20260808,84,1e-12,5,3.7449350838351845e-06,5,False,True,22,True
Water,27,20260808,84,1e-12,50,0.0,22,True,False,22,True
Water,27,20260808,85,0.001,2,7.972885575985017e-05,1,True,False,19,True
Water,27,20260808,85,0.001,5,7.972885575985017e-05,1,True,False,19,True
Water,27,20260808,85,0.001,50,7.972885575985017e-05,1,True,False,19,True
Water,27,20260808,85,1e-05,2,2.711141968875679e-05,2,False,True,19,True
Water,27,20260808,85,1e-05,5,3.0883730652901685e-06,4,True,False,19,True
Water,27,20260808,85,1e-05,50,3.0883730652901685e-06,4,True,False,19,True
Water,27,20260808,85,1e-12,2,2.711141968875679e-05,2,False,True,19,True
Water,27,20260808,85,1e-12,5,1.0404162290775214e-06,5,False,True,19,True
Water,27,20260808,85,1e-12,50,0.0,19,True,False,19,True
Water,27,20260808,86,0.001,2,3.1417355487531035e-05,1,True,False,29,True
Water,27,20260808,86,0.001,5,3.1417355487531035e-05,1,True,False,29,True
Water,27,20260808,86,0.001,50,3.1417355487531035e-05,1,True,False,29,True
Water,27,20260808,86,1e-05,2,1.683001432198215e-05,2,False,True,29,True
Water,27,20260808,86,1e-05,5,9.020064242153699e-06,3,True,False,29,True
Water,27,20260808,86,1e-05,50,9.020064242153699e-06,3,True,False,29,True
Water,27,20260808,86,1e-12,2,1.683001432198215e-05,2,False,True,29,True
Water,27,20260808,86,1e-12,5,2.59260767149526e-06,5,False,True,29,True
Water,27,20260808,86,1e-12,50,0.0,29,True,False,29,True
Water,27,20260808,87,0.001,2,0.00011503909433722562,1,True,False,27,True
Water,27,20260808,87,0.001,5,0.00011503909433722562,1,True,False,27,True
Water,27,20260808,87,0.001,50,0.00011503909433722562,1,True,False,27,True
Water,27,20260808,87,1e-05,2,5.518977828301448e-05,2,False,True,27,True
Water,27,20260808,87,1e-05,5,6.044507132865976e-06,5,True,False,27,True
Water,27,20260808,87,1e-05,50,6.044507132865976e-06,5,True,False,27,True
Water,27,20260808,87,1e-12,2,5.518977828301448e-05,2,False,True,27,True
Water,27,20260808,87,1e-12,5,6.044507132865976e-06,5,False,True,27,True
Water,27,20260808,87,1e-12,50,0.0,27,True,False,27,True
Water,27,20260808,88,0.001,2,5.292485786424537e-06,1,True,False,20,True
Water,27,20260808,88,0.001,5,5.292485786424537e-06,1,True,False,20,True
Water,27,20260808,88,0.001,50,5.292485786424537e-06,1,True,False,20,True
Water,27,20260808,88,1e-05,2,5.292485786424537e-06,1,True,False,20,True
Water,27,20260808,88,1e-05,5,5.292485786424537e-06,1,True,False,20,True
Water,27,20260808,88,1e-05,50,5.292485786424537e-06,1,True,False,20,True
Water,27,20260808,88,1e-12,2,2.213732331584006e-06,2,False,True,20,True
Water,27,20260808,88,1e-12,5,1.6202427441839593e-07,5,False,True,20,True
Water,27,20260808,88,1e-12,50,0.0,20,True,False,20,True
Water,27,20260808,89,0.001,2,0.0001641940094910902,1,True,False,19,True
Water,27,20260808,89,0.001,5,0.0001641940094910902,1,True,False,19,True
Water,27,20260808,89,0.001,50,0.0001641940094910902,1,True,False,19,True
Water,27,20260808,89,1e-05,2,5.468662470211776e-05,2,False,True,19,True
Water,27,20260808,89,1e-05,5,1.9239330797782735e-06,5,True,False,19,True
Water,27,20260808,89,1e-05,50,1.9239330797782735e-06,5,True,False,19,True
Water,27,20260808,89,1e-12,2,5.468662470211776e-05,2,False,True,19,True
Water,27,20260808,89,1e-12,5,1.9239330797782735e-06,5,False,True,19,True
Water,27,20260808,89,1e-12,50,0.0,19,True,False,19,True
Water,27,20260808,90,0.001,2,5.714121961412433e-05,1,True,False,25,True
Water,27,20260808,90,0.001,5,5.714121961412433e-05,1,True,False,25,True
Water,27,20260808,90,0.001,50,5.714121961412433e-05,1,True,False,25,True
Water,27,20260808,90,1e-05,2,2.6365235000471433e-05,2,False,True,25,True
Water,27,20260808,90,1e-05,5,5.611199299655759e-06,4,True,False,25,True
Water,27,20260808,90,1e-05,50,5.611199299655759e-06,4,True,False,25,True
Water,27,20260808,90,1e-12,2,2.6365235000471433e-05,2,False,True,25,True
Water,27,20260808,90,1e-12,5,2.5883865741568983e-06,5,False,True,25,True
Water,27,20260808,90,1e-12,50,0.0,25,True,False,25,True
Water,27,20260808,91,0.001,2,0.00013890070886696677,1,True,False,18,True
Water,27,20260808,91,0.001,5,0.00013890070886696677,1,True,False,18,True
Water,27,20260808,91,0.001,50,0.00013890070886696677,1,True,False,18,True
Water,27,20260808,91,1e-05,2,4.068807845197716e-05,2,False,True,18,True
Water,27,20260808,91,1e-05,5,3.500141023124625e-06,4,True,False,18,True
Water,27,20260808,91,1e-05,50,3.500141023124625e-06,4,True,False,18,True
Water,27,20260808,91,1e-12,2,4.068807845197716e-05,2,False,True,18,True
Water,27,20260808,91,1e-12,5,1.026790945114621e-06,5,False,True,18,True
Water,27,20260808,91,1e-12,50,0.0,18,True,False,18,True
Water,27,20260808,92,0.001,2,0.0001070117441079703,1,True,False,19,True
Water,27,20260808,92,0.001,5,0.0001070117441079703,1,True,False,19,True
Water,27,20260808,92,0.001,50,0.0001070117441079703,1,True,False,19,True
Water,27,20260808,92,1e-05,2,3.66685344953268e-05,2,False,True,19,True
Water,27,20260808,92,1e-05,5,4.239719885159554e-06,4,True,False,19,True
Water,27,20260808,92,1e-05,50,4.239719885159554e-06,4,True,False,19,True
Water,27,20260808,92,1e-12,2,3.66685344953268e-05,2,False,True,19,True
Water,27,20260808,92,1e-12,5,1.4387587554051046e-06,5,False,True,19,True
Water,27,20260808,92,1e-12,50,0.0,19,True,False,19,True
Water,27,20260808,93,0.001,2,6.489469024832663e-05,1,True,False,24,True
Water,27,20260808,93,0.001,5,6.489469024832663e-05,1,True,False,24,True
Water,27,20260808,93,0.001,50,6.489469024832663e-05,1,True,False,24,True
Water,27,20260808,93,1e-05,2,2.907819368549238e-05,2,False,True,24,True
Water,27,20260808,93,1e-05,5,5.836131150977229e-06,4,True,False,24,True
Water,27,20260808,93,1e-05,50,5.836131150977229e-06,4,True,False,24,True
Water,27,20260808,93,1e-12,2,2.907819368549238e-05,2,False,True,24,True
Water,27,20260808,93,1e-12,5,2.6143864330886675e-06,5,False,True,24,True
Water,27,20260808,93,1e-12,50,0.0,24,True,False,24,True
Water,27,20260808,94,0.001,2,0.0002080924264022409,1,True,False,23,True
Water,27,20260808,94,0.001,5,0.0002080924264022409,1,True,False,23,True
Water,27,20260808,94,0.001,50,0.0002080924264022409,1,True,False,23,True
Water,27,20260808,94,1e-05,2,8.357301856359163e-05,2,False,True,23,True
Water,27,20260808,94,1e-05,5,5.232322732831934e-06,5,True,False,23,True
Water,27,20260808,94,1e-05,50,5.232322732831934e-06,5,True,False,23,True
Water,27,20260808,94,1e-12,2,8.357301856359163e-05,2,False,True,23,True
Water,27,20260808,94,1e-12,5,5.232322732831934e-06,5,False,True,23,True
Water,27,20260808,94,1e-12,50,0.0,23,True,False,23,True
Water,27,20260808,95,0.001,2,0.00015486475543866234,1,True,False,23,True
Water,27,20260808,95,0.001,5,0.00015486475543866234,1,True,False,23,True
Water,27,20260808,95,0.001,50,0.00015486475543866234,1,True,False,23,True
Water,27,20260808,95,1e-05,2,6.558453121598854e-05,2,False,True,23,True
Water,27,20260808,95,1e-05,5,4.8010523536317315e-06,5,True,False,23,True
Water,27,20260808,95,1e-05,50,4.8010523536317315e-06,5,True,False,23,True
Water,27,20260808,95,1e-12,2,6.558453121598854e-05,2,False,True,23,True
Water,27,20260808,95,1e-12,5,4.8010523536317315e-06,5,False,True,23,True
Water,27,20260808,95,1e-12,50,0.0,23,True,False,23,True
Water,27,20260808,96,0.001,2,7.448909930764133e-05,1,True,False,18,True
Water,27,20260808,96,0.001,5,7.448909930764133e-05,1,True,False,18,True
Water,27,20260808,96,0.001,50,7.448909930764133e-05,1,True,False,18,True
Water,27,20260808,96,1e-05,2,2.3694032754034677e-05,2,False,True,18,True
Water,27,20260808,96,1e-05,5,2.397832918614154e-06,4,True,False,18,True
Water,27,20260808,96,1e-05,50,2.397832918614154e-06,4,True,False,18,True
Water,27,20260808,96,1e-12,2,2.3694032754034677e-05,2,False,True,18,True
Water,27,20260808,96,1e-12,5,7.628135030550351e-07,5,False,True,18,True
Water,27,20260808,96,1e-12,50,0.0,18,True,False,18,True
Water,27,20260808,97,0.001,2,0.0001223668018991231,1,True,False,15,True
Water,27,20260808,97,0.001,5,0.0001223668018991231,1,True,False,15,True
Water,27,20260808,97,0.001,50,0.0001223668018991231,1,True,False,15,True
Water,27,20260808,97,1e-05,2,2.9962381632028864e-05,2,False,True,15,True
Water,27,20260808,97,1e-05,5,1.678234278021093e-06,4,True,False,15,True
Water,27,20260808,97,1e-05,50,1.678234278021093e-06,4,True,False,15,True
Water,27,20260808,97,1e-12,2,2.9962381632028864e-05,2,False,True,15,True
Water,27,20260808,97,1e-12,5,3.9497854132101295e-07,5,False,True,15,True
Water,27,20260808,97,1e-12,50,0.0,15,True,False,15,True
Water,27,20260808,98,0.001,2,5.3560510915904163e-05,1,True,False,24,True
Water,27,20260808,98,0.001,5,5.3560510915904163e-05,1,True,False,24,True
Water,27,20260808,98,0.001,50,5.3560510915904163e-05,1,True,False,24,True
Water,27,20260808,98,1e-05,2,2.3743521560988343e-05,2,False,True,24,True
Water,27,20260808,98,1e-05,5,4.657456274443235e-06,4,True,False,24,True
Water,27,20260808,98,1e-05,50,4.657456274443235e-06,4,True,False,24,True
Water,27,20260808,98,1e-12,2,2.3743521560988343e-05,2,False,True,24,True
Water,27,20260808,98,1e-12,5,2.062095357188185e-06,5,False,True,24,True
Water,27,20260808,98,1e-12,50,0.0,24,True,False,24,True
Water,27,20260808,99,0.001,2,0.0002909981737459239,1,True,False,21,True
Water,27,20260808,99,0.001,5,0.0002909981737459239,1,True,False,21,True
Water,27,20260808,99,0.001,50,0.0002909981737459239,1,True,False,21,True
Water,27,20260808,99,1e-05,2,0.00010740206248568512,2,False,True,21,True
Water,27,20260808,99,1e-05,5,4.582075242761305e-06,5,True,False,21,True
Water,27,20260808,99,1e-05,50,4.582075242761305e-06,5,True,False,21,True
Water,27,20260808,99,1e-12,2,0.00010740206248568512,2,False,True,21,True
Water,27,20260808,99,1e-12,5,4.582075242761305e-06,5,False,True,21,True
Water,27,20260808,99,1e-12,50,0.0,21,True,False,21,True
Water,27,20260808,100,0.001,2,1.2655766334417635e-06,1,True,False,22,True
Water,27,20260808,100,0.001,5,1.2655766334417635e-06,1,True,False,22,True
Water,27,20260808,100,0.001,50,1.2655766334417635e-06,1,True,False,22,True
Water,27,20260808,100,1e-05,2,6.267464133237381e-07,2,True,False,22,True
Water,27,20260808,100,1e-05,5,6.267464133237381e-07,2,True,False,22,True
Water,27,20260808,100,1e-05,50,6.267464133237381e-07,2,True,False,22,True
Water,27,20260808,100,1e-12,2,6.267464133237381e-07,2,False,True,22,True
Water,27,20260808,100,1e-12,5,7.612704633277105e-08,5,False,True,22,True
Water,27,20260808,100,1e-12,50,0.0,22,True,False,22,True
Water,39,20260808,21,0.001,2,0.00013849037908707148,1,True,False,26,True
Water,39,20260808,21,0.001,5,0.00013849037908707148,1,True,False,26,True
Water,39,20260808,21,0.001,50,0.00013849037908707148,1,True,False,26,True
Water,39,20260808,21,1e-05,2,6.362058184787857e-05,2,False,True,26,True
Water,39,20260808,21,1e-05,5,6.045598851490886e-06,5,True,False,26,True
Water,39,20260808,21,1e-05,50,6.045598851490886e-06,5,True,False,26,True
Water,39,20260808,21,1e-12,2,6.362058184787857e-05,2,False,True,26,True
Water,39,20260808,21,1e-12,5,6.045598851490886e-06,5,False,True,26,True
Water,39,20260808,21,1e-12,50,0.0,26,True,False,26,True
Water,39,20260808,22,0.001,2,5.850492874553599e-05,1,True,False,30,True
Water,39,20260808,22,0.001,5,5.850492874553599e-05,1,True,False,30,True
Water,39,20260808,22,0.001,50,5.850492874553599e-05,1,True,False,30,True
Water,39,20260808,22,1e-05,2,3.1820363753948766e-05,2,False,True,30,True
Water,39,20260808,22,1e-05,5,9.350723003751087e-06,4,True,False,30,True
Water,39,20260808,22,1e-05,50,9.350723003751087e-06,4,True,False,30,True
Water,39,20260808,22,1e-12,2,3.1820363753948766e-05,2,False,True,30,True
Water,39,20260808,22,1e-12,5,5.061013917377047e-06,5,False,True,30,True
Water,39,20260808,22,1e-12,50,0.0,30,True,False,30,True
Water,39,20260808,23,0.001,2,0.00015637359862348608,1,True,False,24,True
Water,39,20260808,23,0.001,5,0.00015637359862348608,1,True,False,24,True
Water,39,20260808,23,0.001,50,0.00015637359862348608,1,True,False,24,True
Water,39,20260808,23,1e-05,2,6.750930111760066e-05,2,False,True,24,True
Water,39,20260808,23,1e-05,5,5.238100849739427e-06,5,True,False,24,True
Water,39,20260808,23,1e-05,50,5.238100849739427e-06,5,True,False,24,True
Water,39,20260808,23,1e-12,2,6.750930111760066e-05,2,False,True,24,True
Water,39,20260808,23,1e-12,5,5.238100849739427e-06,5,False,True,24,True
Water,39,20260808,23,1e-12,50,0.0,24,True,False,24,True
Water,39,20260808,24,0.001,2,0.00013721276722682252,1,True,False,21,True
Water,39,20260808,24,0.001,5,0.00013721276722682252,1,True,False,21,True
Water,39,20260808,24,0.001,50,0.00013721276722682252,1,True,False,21,True
Water,39,20260808,24,1e-05,2,5.2389939238357834e-05,2,False,True,21,True
Water,39,20260808,24,1e-05,5,2.7983102291281354e-06,5,True,False,21,True
Water,39,20260808,24,1e-05,50,2.7983102291281354e-06,5,True,False,21,True
Water,39,20260808,24,1e-12,2,5.2389939238357834e-05,2,False,True,21,True
Water,39,20260808,24,1e-12,5,2.7983102291281354e-06,5,False,True,21,True
Water,39,20260808,24,1e-12,50,0.0,21,True,False,21,True
Water,39,20260808,25,0.001,2,0.00027670188852341236,1,True,False,25,True
Water,39,20260808,25,0.001,5,0.00027670188852341236,1,True,False,25,True
Water,39,20260808,25,0.001,50,0.00027670188852341236,1,True,False,25,True
Water,39,20260808,25,1e-05,2,0.00012837405725733183,2,False,True,25,True
Water,39,20260808,25,1e-05,5,1.1020727232986624e-05,5,False,True,25,True
Water,39,20260808,25,1e-05,50,4.785349426762899e-06,6,True,False,25,True
Water,39,20260808,25,1e-12,2,0.00012837405725733183,2,False,True,25,True
Water,39,20260808,25,1e-12,5,1.1020727232986624e-05,5,False,True,25,True
Water,39,20260808,25,1e-12,50,0.0,25,True,False,25,True
Water,39,20260808,26,0.001,2,0.00018414281439947729,1,True,False,24,True
Water,39,20260808,26,0.001,5,0.00018414281439947729,1,True,False,24,True
Water,39,20260808,26,0.001,50,0.00018414281439947729,1,True,False,24,True
Water,39,20260808,26,1e-05,2,8.101734473085329e-05,2,False,True,24,True
Water,39,20260808,26,1e-05,5,6.481363367221538e-06,5,True,False,24,True
Water,39,20260808,26,1e-05,50,6.481363367221538e-06,5,True,False,24,True
Water,39,20260808,26,1e-12,2,8.101734473085329e-05,2,False,True,24,True
Water,39,20260808,26,1e-12,5,6.481363367221538e-06,5,False,True,24,True
Water,39,20260808,26,1e-12,50,0.0,24,True,False,24,True
Water,39,20260808,27,0.001,2,0.00020209686117621806,1,True,False,30,True
Water,39,20260808,27,0.001,5,0.00020209686117621806,1,True,False,30,True
Water,39,20260808,27,0.001,50,0.00020209686117621806,1,True,False,30,True
Water,39,20260808,27,1e-05,2,0.00010483631532011932,2,False,True,30,True
Water,39,20260808,27,1e-05,5,1.4295782117010382e-05,5,False,True,30,True
Water,39,20260808,27,1e-05,50,7.33611035314381e-06,6,True,False,30,True
Water,39,20260808,27,1e-12,2,0.00010483631532011932,2,False,True,30,True
Water,39,20260808,27,1e-12,5,1.4295782117010382e-05,5,False,True,30,True
Water,39,20260808,27,1e-12,50,0.0,30,True,False,30,True
Water,39,20260808,28,0.001,2,0.00030153107512707195,1,True,False,23,True
Water,39,20260808,28,0.001,5,0.00030153107512707195,1,True,False,23,True
Water,39,20260808,28,0.001,50,0.00030153107512707195,1,True,False,23,True
Water,39,20260808,28,1e-05,2,0.00012122942870699062,2,False,True,23,True
Water,39,20260808,28,1e-05,5,7.246508758885084e-06,5,False,True,23,True
Water,39,20260808,28,1e-05,50,2.8140808650955913e-06,6,True,False,23,True
Water,39,20260808,28,1e-12,2,0.00012122942870699062,2,False,True,23,True
Water,39,20260808,28,1e-12,5,7.246508758885084e-06,5,False,True,23,True
Water,39,20260808,28,1e-12,50,0.0,23,True,False,23,True
Water,39,20260808,29,0.001,2,3.834463977906082e-05,1,True,False,19,True
Water,39,20260808,29,0.001,5,3.834463977906082e-05,1,True,False,19,True
Water,39,20260808,29,0.001,50,3.834463977906082e-05,1,True,False,19,True
Water,39,20260808,29,1e-05,2,1.3455313872862841e-05,2,False,True,19,True
Water,39,20260808,29,1e-05,5,4.712829621294399e-06,3,True,False,19,True
Water,39,20260808,29,1e-05,50,4.712829621294399e-06,3,True,False,19,True
Water,39,20260808,29,1e-12,2,1.3455313872862841e-05,2,False,True,19,True
Water,39,20260808,29,1e-12,5,5.77260902989292e-07,5,False,True,19,True
Water,39,20260808,29,1e-12,50,0.0,19,True,False,19,True
Water,39,20260808,30,0.001,2,7.781916292503263e-05,1,True,False,22,True
Water,39,20260808,30,0.001,5,7.781916292503263e-05,1,True,False,22,True
Water,39,20260808,30,0.001,50,7.781916292503263e-05,1,True,False,22,True
Water,39,20260808,30,1e-05,2,3.233329209488203e-05,2,False,True,22,True
Water,39,20260808,30,1e-05,5,5.550497777466277e-06,4,True,False,22,True
Water,39,20260808,30,1e-05,50,5.550497777466277e-06,4,True,False,22,True
Water,39,20260808,30,1e-12,2,3.233329209488203e-05,2,False,True,22,True
Water,39,20260808,30,1e-12,5,2.2975952744054385e-06,5,False,True,22,True
Water,39,20260808,30,1e-12,50,0.0,22,True,False,22,True
Water,39,20260808,31,0.001,2,0.00013521702432321356,1,True,False,27,True
Water,39,20260808,31,0.001,5,0.00013521702432321356,1,True,False,27,True
Water,39,20260808,31,0.001,50,0.00013521702432321356,1,True,False,27,True
Water,39,20260808,31,1e-05,2,6.57478891598878e-05,2,False,True,27,True
Water,39,20260808,31,1e-05,5,7.346492230704712e-06,5,True,False,27,True
Water,39,20260808,31,1e-05,50,7.346492230704712e-06,5,True,False,27,True
Water,39,20260808,31,1e-12,2,6.57478891598878e-05,2,False,True,27,True
Water,39,20260808,31,1e-12,5,7.346492230704712e-06,5,False,True,27,True
Water,39,20260808,31,1e-12,50,0.0,27,True,False,27,True
Water,39,20260808,32,0.001,2,0.00011830402184901711,1,True,False,24,True
Water,39,20260808,32,0.001,5,0.00011830402184901711,1,True,False,24,True
Water,39,20260808,32,0.001,50,0.00011830402184901711,1,True,False,24,True
Water,39,20260808,32,1e-05,2,5.21177470104254e-05,2,False,True,24,True
Water,39,20260808,32,1e-05,5,4.334970905569896e-06,5,True,False,24,True
Water,39,20260808,32,1e-05,50,4.334970905569896e-06,5,True,False,24,True
Water,39,20260808,32,1e-12,2,5.21177470104254e-05,2,False,True,24,True
Water,39,20260808,32,1e-12,5,4.334970905569896e-06,5,False,True,24,True
Water,39,20260808,32,1e-12,50,0.0,24,True,False,24,True
Water,39,20260808,33,0.001,2,0.000134385292267804,1,True,False,21,True
Water,39,20260808,33,0.001,5,0.000134385292267804,1,True,False,21,True
Water,39,20260808,33,0.001,50,0.000134385292267804,1,True,False,21,True
Water,39,20260808,33,1e-05,2,5.044397235840236e-05,2,False,True,21,True
Water,39,20260808,33,1e-05,5,2.6437999201490784e-06,5,True,False,21,True
Water,39,20260808,33,1e-05,50,2.6437999201490784e-06,5,True,False,21,True
Water,39,20260808,33,1e-12,2,5.044397235840236e-05,2,False,True,21,True
Water,39,20260808,33,1e-12,5,2.6437999201490784e-06,5,False,True,21,True
Water,39,20260808,33,1e-12,50,0.0,21,True,False,21,True
Water,39,20260808,34,0.001,2,5.699298773635402e-05,1,True,False,23,True
Water,39,20260808,34,0.001,5,5.699298773635402e-05,1,True,False,23,True
Water,39,20260808,34,0.001,50,5.699298773635402e-05,1,True,False,23,True
Water,39,20260808,34,1e-05,2,2.4757404877940907e-05,2,False,True,23,True
Water,39,20260808,34,1e-05,5,4.670995711425747e-06,4,True,False,23,True
Water,39,20260808,34,1e-05,50,4.670995711425747e-06,4,True,False,23,True
Water,39,20260808,34,1e-12,2,2.4757404877940907e-05,2,False,True,23,True
Water,39,20260808,34,1e-12,5,2.0288213455768775e-06,5,False,True,23,True
Water,39,20260808,34,1e-12,50,0.0,23,True,False,23,True
Water,39,20260808,35,0.001,2,6.091865931149569e-05,1,True,False,22,True
Water,39,20260808,35,0.001,5,6.091865931149569e-05,1,True,False,22,True
Water,39,20260808,35,0.001,50,6.091865931149569e-05,1,True,False,22,True
Water,39,20260808,35,1e-05,2,2.4906062465353008e-05,2,False,True,22,True
Water,39,20260808,35,1e-05,5,4.164146695816917e-06,4,True,False,22,True
Water,39,20260808,35,1e-05,50,4.164146695816917e-06,4,True,False,22,True
Water,39,20260808,35,1e-12,2,2.4906062465353008e-05,2,False,True,22,True
Water,39,20260808,35,1e-12,5,1.7027303099954657e-06,5,False,True,22,True
Water,39,20260808,35,1e-12,50,0.0,22,True,False,22,True
Water,39,20260808,36,0.001,2,0.00024684823571550325,1,True,False,17,True
Water,39,20260808,36,0.001,5,0.00024684823571550325,1,True,False,17,True
Water,39,20260808,36,0.001,50,0.00024684823571550325,1,True,False,17,True
Water,39,20260808,36,1e-05,2,7.024698977227962e-05,2,False,True,17,True
Water,39,20260808,36,1e-05,5,1.3104429557339624e-06,5,True,False,17,True
Water,39,20260808,36,1e-05,50,1.3104429557339624e-06,5,True,False,17,True
Water,39,20260808,36,1e-12,2,7.024698977227962e-05,2,False,True,17,True
Water,39,20260808,36,1e-12,5,1.3104429557339624e-06,5,False,True,17,True
Water,39,20260808,36,1e-12,50,0.0,17,True,False,17,True
Water,39,20260808,37,0.001,2,3.9113331984243566e-05,1,True,False,22,True
Water,39,20260808,37,0.001,5,3.9113331984243566e-05,1,True,False,22,True
Water,39,20260808,37,0.001,50,3.9113331984243566e-05,1,True,False,22,True
Water,39,20260808,37,1e-05,2,1.6740853113205427e-05,2,False,True,22,True
Water,39,20260808,37,1e-05,5,7.156546691066161e-06,3,True,False,22,True
Water,39,20260808,37,1e-05,50,7.156546691066161e-06,3,True,False,22,True
Water,39,20260808,37,1e-12,2,1.6740853113205427e-05,2,False,True,22,True
Water,39,20260808,37,1e-12,5,1.3061342808642992e-06,5,False,True,22,True
Water,39,20260808,37,1e-12,50,0.0,22,True,False,22,True
Water,39,20260808,38,0.001,2,0.0001664282407015876,1,True,False,26,True
Water,39,20260808,38,0.001,5,0.0001664282407015876,1,True,False,26,True
Water,39,20260808,38,0.001,50,0.0001664282407015876,1,True,False,26,True
Water,39,20260808,38,1e-05,2,7.773256451547649e-05,2,False,True,26,True
Water,39,20260808,38,1e-05,5,7.577759893507595e-06,5,True,False,26,True
Water,39,20260808,38,1e-05,50,7.577759893507595e-06,5,True,False,26,True
Water,39,20260808,38,1e-12,2,7.773256451547649e-05,2,False,True,26,True
Water,39,20260808,38,1e-12,5,7.577759893507595e-06,5,False,True,26,True
Water,39,20260808,38,1e-12,50,0.0,26,True,False,26,True
Water,39,20260808,39,0.001,2,0.00011627259738666843,1,True,False,18,True
Water,39,20260808,39,0.001,5,0.00011627259738666843,1,True,False,18,True
Water,39,20260808,39,0.001,50,0.00011627259738666843,1,True,False,18,True
Water,39,20260808,39,1e-05,2,3.54304505874115e-05,2,False,True,18,True
Water,39,20260808,39,1e-05,5,3.275270201310655e-06,4,True,False,18,True
Water,39,20260808,39,1e-05,50,3.275270201310655e-06,4,True,False,18,True
Water,39,20260808,39,1e-12,2,3.54304505874115e-05,2,False,True,18,True
Water,39,20260808,39,1e-12,5,9.953128438704656e-07,5,False,True,18,True
Water,39,20260808,39,1e-12,50,0.0,18,True,False,18,True
Water,39,20260808,40,0.001,2,0.0001899456047213538,1,True,False,23,True
Water,39,20260808,40,0.001,5,0.0001899456047213538,1,True,False,23,True
Water,39,20260808,40,0.001,50,0.0001899456047213538,1,True,False,23,True
Water,39,20260808,40,1e-05,2,7.754616154865266e-05,2,False,True,23,True
Water,39,20260808,40,1e-05,5,5.051965466211445e-06,5,True,False,23,True
Water,39,20260808,40,1e-05,50,5.051965466211445e-06,5,True,False,23,True
Water,39,20260808,40,1e-12,2,7.754616154865266e-05,2,False,True,23,True
Water,39,20260808,40,1e-12,5,5.051965466211445e-06,5,False,True,23,True
Water,39,20260808,40,1e-12,50,0.0,23,True,False,23,True
Water,39,20260808,41,0.001,2,0.00025005150200751715,1,True,False,25,True
Water,39,20260808,41,0.001,5,0.00025005150200751715,1,True,False,25,True
Water,39,20260808,41,0.001,50,0.00025005150200751715,1,True,False,25,True
Water,39,20260808,41,1e-05,2,0.00010915425201999178,2,False,True,25,True
Water,39,20260808,41,1e-05,5,8.570604987466875e-06,5,False,True,25,True
Water,39,20260808,41,1e-05,50,3.64995290342862e-06,6,True,False,25,True
Water,39,20260808,41,1e-12,2,0.00010915425201999178,2,False,True,25,True
Water,39,20260808,41,1e-12,5,8.570604987466875e-06,5,False,True,25,True
Water,39,20260808,41,1e-12,50,0.0,25,True,False,25,True
Water,39,20260808,42,0.001,2,0.0001527127622318603,1,True,False,24,True
Water,39,20260808,42,0.001,5,0.0001527127622318603,1,True,False,24,True
Water,39,20260808,42,0.001,50,0.0001527127622318603,1,True,False,24,True
Water,39,20260808,42,1e-05,2,6.639291040527482e-05,2,False,True,24,True
Water,39,20260808,42,1e-05,5,5.291160348675888e-06,5,True,False,24,True
Water,39,20260808,42,1e-05,50,5.291160348675888e-06,5,True,False,24,True
Water,39,20260808,42,1e-12,2,6.639291040527482e-05,2,False,True,24,True
Water,39,20260808,42,1e-12,5,5.291160348675888e-06,5,False,True,24,True
Water,39,20260808,42,1e-12,50,0.0,24,True,False,24,True
Water,39,20260808,43,0.001,2,4.623071847865261e-06,1,True,False,18,True
Water,39,20260808,43,0.001,5,4.623071847865261e-06,1,True,False,18,True
Water,39,20260808,43,0.001,50,4.623071847865261e-06,1,True,False,18,True
Water,39,20260808,43,1e-05,2,1.76869882160171e-06,2,True,False,18,True
Water,39,20260808,43,1e-05,5,1.76869882160171e-06,2,True,False,18,True
Water,39,20260808,43,1e-05,50,1.76869882160171e-06,2,True,False,18,True
Water,39,20260808,43,1e-12,2,1.76869882160171e-06,2,False,True,18,True
Water,39,20260808,43,1e-12,5,9.913351989042778e-08,5,False,True,18,True
Water,39,20260808,43,1e-12,50,0.0,18,True,False,18,True
Water,39,20260808,44,0.001,2,9.826045305130803e-05,1,True,False,23,True
Water,39,20260808,44,0.001,5,9.826045305130803e-05,1,True,False,23,True
Water,39,20260808,44,0.001,50,9.826045305130803e-05,1,True,False,23,True
Water,39,20260808,44,1e-05,2,4.1164583921559936e-05,2,False,True,23,True
Water,39,20260808,44,1e-05,5,2.9588947797939714e-06,5,True,False,23,True
Water,39,20260808,44,1e-05,50,2.9588947797939714e-06,5,True,False,23,True
Water,39,20260808,44,1e-12,2,4.1164583921559936e-05,2,False,True,23,True
Water,39,20260808,44,1e-12,5,2.9588947797939714e-06,5,False,True,23,True
Water,39,20260808,44,1e-12,50,0.0,23,True,False,23,True
Water,39,20260808,45,0.001,2,0.0003080170755806003,1,True,False,21,True
Water,39,20260808,45,0.001,5,0.0003080170755806003,1,True,False,21,True
Water,39,20260808,45,0.001,50,0.0003080170755806003,1,True,False,21,True
Water,39,20260808,45,1e-05,2,0.00011465832736051708,2,False,True,21,True
Water,39,20260808,45,1e-05,5,4.913829972225282e-06,5,True,False,21,True
Water,39,20260808,45,1e-05,50,4.913829972225282e-06,5,True,False,21,True
Water,39,20260808,45,1e-12,2,0.00011465832736051708,2,False,True,21,True
Water,39,20260808,45,1e-12,5,4.913829972225282e-06,5,False,True,21,True
Water,39,20260808,45,1e-12,50,0.0,21,True,False,21,True
Water,39,20260808,46,0.001,2,9.905907425597175e-05,1,True,False,27,True
Water,39,20260808,46,0.001,5,9.905907425597175e-05,1,True,False,27,True
Water,39,20260808,46,0.001,50,9.905907425597175e-05,1,True,False,27,True
Water,39,20260808,46,1e-05,2,4.8878601106356736e-05,2,False,True,27,True
Water,39,20260808,46,1e-05,5,5.826821578722099e-06,5,True,False,27,True
Water,39,20260808,46,1e-05,50,5.826821578722099e-06,5,True,False,27,True
Water,39,20260808,46,1e-12,2,4.8878601106356736e-05,2,False,True,27,True
Water,39,20260808,46,1e-12,5,5.826821578722099e-06,5,False,True,27,True
Water,39,20260808,46,1e-12,50,0.0,27,True,False,27,True
Water,39,20260808,47,0.001,2,7.616241899504171e-05,1,True,False,26,True
Water,39,20260808,47,0.001,5,7.616241899504171e-05,1,True,False,26,True
Water,39,20260808,47,0.001,50,7.616241899504171e-05,1,True,False,26,True
Water,39,20260808,47,1e-05,2,3.5833116992481486e-05,2,False,True,26,True
Water,39,20260808,47,1e-05,5,7.89410448081144e-06,4,True,False,26,True
Water,39,20260808,47,1e-05,50,7.89410448081144e-06,4,True,False,26,True
Water,39,20260808,47,1e-12,2,3.5833116992481486e-05,2,False,True,26,True
Water,39,20260808,47,1e-12,5,3.7017106626808413e-06,5,False,True,26,True
Water,39,20260808,47,1e-12,50,0.0,26,True,False,26,True
Water,39,20260808,48,0.001,2,0.00024507010658116675,1,True,False,29,True
Water,39,20260808,48,0.001,5,0.00024507010658116675,1,True,False,29,True
Water,39,20260808,48,0.001,50,0.00024507010658116675,1,True,False,29,True
Water,39,20260808,48,1e-05,2,0.00012421920519686724,2,False,True,29,True
Water,39,20260808,48,1e-05,5,1.543306269051596e-05,5,False,True,29,True
Water,39,20260808,48,1e-05,50,7.656720795478413e-06,6,True,False,29,True
Water,39,20260808,48,1e-12,2,0.00012421920519686724,2,False,True,29,True
Water,39,20260808,48,1e-12,5,1.543306269051596e-05,5,False,True,29,True
Water,39,20260808,48,1e-12,50,0.0,29,True,False,29,True
Water,39,20260808,49,0.001,2,0.00015244722565888033,1,True,False,24,True
Water,39,20260808,49,0.001,5,0.00015244722565888033,1,True,False,24,True
Water,39,20260808,49,0.001,50,0.00015244722565888033,1,True,False,24,True
Water,39,20260808,49,1e-05,2,6.657123458798109e-05,2,False,True,24,True
Water,39,20260808,49,1e-05,5,5.405436609509238e-06,5,True,False,24,True
Water,39,20260808,49,1e-05,50,5.405436609509238e-06,5,True,False,24,True
Water,39,20260808,49,1e-12,2,6.657123458798109e-05,2,False,True,24,True
Water,39,20260808,49,1e-12,5,5.405436609509238e-06,5,False,True,24,True
Water,39,20260808,49,1e-12,50,0.0,24,True,False,24,True
Water,39,20260808,50,0.001,2,0.00013073853956593965,1,True,False,20,True
Water,39,20260808,50,0.001,5,0.00013073853956593965,1,True,False,20,True
Water,39,20260808,50,0.001,50,0.00013073853956593965,1,True,False,20,True
Water,39,20260808,50,1e-05,2,4.724331393236814e-05,2,False,True,20,True
Water,39,20260808,50,1e-05,5,2.2049979441684137e-06,5,True,False,20,True
Water,39,20260808,50,1e-05,50,2.2049979441684137e-06,5,True,False,20,True
Water,39,20260808,50,1e-12,2,4.724331393236814e-05,2,False,True,20,True
Water,39,20260808,50,1e-12,5,2.2049979441684137e-06,5,False,True,20,True
Water,39,20260808,50,1e-12,50,0.0,20,True,False,20,True
Water,39,20260808,51,0.001,2,1.0549791756065978e-05,1,True,False,19,True
Water,39,20260808,51,0.001,5,1.0549791756065978e-05,1,True,False,19,True
Water,39,20260808,51,0.001,50,1.0549791756065978e-05,1,True,False,19,True
Water,39,20260808,51,1e-05,2,4.0554881378092816e-06,2,True,False,19,True
Water,39,20260808,51,1e-05,5,4.0554881378092816e-06,2,True,False,19,True
Water,39,20260808,51,1e-05,50,4.0554881378092816e-06,2,True,False,19,True
Water,39,20260808,51,1e-12,2,4.0554881378092816e-06,2,False,True,19,True
Water,39,20260808,51,1e-12,5,2.303596532000042e-07,5,False,True,19,True
Water,39,20260808,51,1e-12,50,0.0,19,True,False,19,True
Water,39,20260808,52,0.001,2,0.00017925884182236538,1,True,False,13,True
Water,39,20260808,52,0.001,5,0.00017925884182236538,1,True,False,13,True
Water,39,20260808,52,0.001,50,0.00017925884182236538,1,True,False,13,True
Water,39,20260808,52,1e-05,2,3.0509498893604514e-05,2,False,True,13,True
Water,39,20260808,52,1e-05,5,8.5325391170011e-07,4,True,False,13,True
Water,39,20260808,52,1e-05,50,8.5325391170011e-07,4,True,False,13,True
Water,39,20260808,52,1e-12,2,3.0509498893604514e-05,2,False,True,13,True
Water,39,20260808,52,1e-12,5,1.4242249216625564e-07,5,False,True,13,True
Water,39,20260808,52,1e-12,50,0.0,13,True,False,13,True
Water,39,20260808,53,0.001,2,0.0004367244125706386,1,True,False,30,True
Water,39,20260808,53,0.001,5,0.0004367244125706386,1,True,False,30,True
Water,39,20260808,53,0.001,50,0.0004367244125706386,1,True,False,30,True
Water,39,20260808,53,1e-05,2,0.00022469526402288682,2,False,True,30,True
Water,39,20260808,53,1e-05,5,2.87934434926069e-05,5,False,True,30,True
Water,39,20260808,53,1e-05,50,7.19770427443976e-06,7,True,False,30,True
Water,39,20260808,53,1e-12,2,0.00022469526402288682,2,False,True,30,True
Water,39,20260808,53,1e-12,5,2.87934434926069e-05,5,False,True,30,True
Water,39,20260808,53,1e-12,50,0.0,30,True,False,30,True
Water,39,20260808,54,0.001,2,9.376750438330125e-05,1,True,False,22,True
Water,39,20260808,54,0.001,5,9.376750438330125e-05,1,True,False,22,True
Water,39,20260808,54,0.001,50,9.376750438330125e-05,1,True,False,22,True
Water,39,20260808,54,1e-05,2,3.741631125401034e-05,2,False,True,22,True
Water,39,20260808,54,1e-05,5,5.934074965309613e-06,4,True,False,22,True
Water,39,20260808,54,1e-05,50,5.934074965309613e-06,4,True,False,22,True
Water,39,20260808,54,1e-12,2,3.741631125401034e-05,2,False,True,22,True
Water,39,20260808,54,1e-12,5,2.361648801239418e-06,5,False,True,22,True
Water,39,20260808,54,1e-12,50,0.0,22,True,False,22,True
Water,39,20260808,55,0.001,2,9.19350129545431e-06,1,True,False,24,True
Water,39,20260808,55,0.001,5,9.19350129545431e-06,1,True,False,24,True
Water,39,20260808,55,0.001,50,9.19350129545431e-06,1,True,False,24,True
Water,39,20260808,55,1e-05,2,4.444581448786189e-06,2,True,False,24,True
Water,39,20260808,55,1e-05,5,4.444581448786189e-06,2,True,False,24,True
Water,39,20260808,55,1e-05,50,4.444581448786189e-06,2,True,False,24,True
Water,39,20260808,55,1e-12,2,4.444581448786189e-06,2,False,True,24,True
Water,39,20260808,55,1e-12,5,5.020254094951899e-07,5,False,True,24,True
Water,39,20260808,55,1e-12,50,0.0,24,True,False,24,True
Water,39,20260808,56,0.001,2,0.00014928341673460388,1,True,False,26,True
Water,39,20260808,56,0.001,5,0.00014928341673460388,1,True,False,26,True
Water,39,20260808,56,0.001,50,0.00014928341673460388,1,True,False,26,True
Water,39,20260808,56,1e-05,2,6.93876969931215e-05,2,False,True,26,True
Water,39,20260808,56,1e-05,5,6.7420118891857215e-06,5,True,False,26,True
Water,39,20260808,56,1e-05,50,6.7420118891857215e-06,5,True,False,26,True
Water,39,20260808,56,1e-12,2,6.93876969931215e-05,2,False,True,26,True
Water,39,20260808,56,1e-12,5,6.7420118891857215e-06,5,False,True,26,True
Water,39,20260808,56,1e-12,50,0.0,26,True,False,26,True
Water,39,20260808,57,0.001,2,8.420195983100392e-05,1,True,False,27,True
Water,39,20260808,57,0.001,5,8.420195983100392e-05,1,True,False,27,True
Water,39,20260808,57,0.001,50,8.420195983100392e-05,1,True,False,27,True
Water,39,20260808,57,1e-05,2,4.1491252767675016e-05,2,False,True,27,True
Water,39,20260808,57,1e-05,5,4.921546845540711e-06,5,True,False,27,True
Water,39,20260808,57,1e-05,50,4.921546845540711e-06,5,True,False,27,True
Water,39,20260808,57,1e-12,2,4.1491252767675016e-05,2,False,True,27,True
Water,39,20260808,57,1e-12,5,4.921546845540711e-06,5,False,True,27,True
Water,39,20260808,57,1e-12,50,0.0,27,True,False,27,True
Water,39,20260808,58,0.001,2,0.0002778464602105835,1,True,False,24,True
Water,39,20260808,58,0.001,5,0.0002778464602105835,1,True,False,24,True
Water,39,20260808,58,0.001,50,0.0002778464602105835,1,True,False,24,True
Water,39,20260808,58,1e-05,2,0.00012021178737647289,2,False,True,24,True
Water,39,20260808,58,1e-05,5,8.984451708205527e-06,5,False,True,24,True
Water,39,20260808,58,1e-05,50,3.7562496659399213e-06,6,True,False,24,True
Water,39,20260808,58,1e-12,2,0.00012021178737647289,2,False,True,24,True
Water,39,20260808,58,1e-12,5,8.984451708205527e-06,5,False,True,24,True
Water,39,20260808,58,1e-12,50,0.0,24,True,False,24,True
Water,39,20260808,59,0.001,2,2.3801525510361543e-05,1,True,False,24,True
Water,39,20260808,59,0.001,5,2.3801525510361543e-05,1,True,False,24,True
Water,39,20260808,59,0.001,50,2.3801525510361543e-05,1,True,False,24,True
Water,39,20260808,59,1e-05,2,1.1124142388443166e-05,2,False,True,24,True
Water,39,20260808,59,1e-05,5,5.197767680658887e-06,3,True,False,24,True
Water,39,20260808,59,1e-05,50,5.197767680658887e-06,3,True,False,24,True
Water,39,20260808,59,1e-12,2,1.1124142388443166e-05,2,False,True,24,True
Water,39,20260808,59,1e-12,5,1.1344497401844473e-06,5,False,True,24,True
Water,39,20260808,59,1e-12,50,0.0,24,True,False,24,True
Water,39,20260808,60,0.001,2,0.00016968148000320345,1,True,False,21,True
Water,39,20260808,60,0.001,5,0.00016968148000320345,1,True,False,21,True
Water,39,20260808,60,0.001,50,0.00016968148000320345,1,True,False,21,True
Water,39,20260808,60,1e-05,2,6.0996779634714965e-05,2,False,True,21,True
Water,39,20260808,60,1e-05,5,2.819999156303421e-06,5,True,False,21,True
Water,39,20260808,60,1e-05,50,2.819999156303421e-06,5,True,False,21,True
Water,39,20260808,60,1e-12,2,6.0996779634714965e-05,2,False,True,21,True
Water,39,20260808,60,1e-12,5,2.819999156303421e-06,5,False,True,21,True
Water,39,20260808,60,1e-12,50,0.0,21,True,False,21,True
Water,39,20260808,61,0.001,2,0.00012711904894258732,1,True,False,18,True
Water,39,20260808,61,0.001,5,0.00012711904894258732,1,True,False,18,True
Water,39,20260808,61,0.001,50,0.00012711904894258732,1,True,False,18,True
Water,39,20260808,61,1e-05,2,3.9552233947943554e-05,2,False,True,18,True
Water,39,20260808,61,1e-05,5,3.7998623172829914e-06,4,True,False,18,True
Water,39,20260808,61,1e-05,50,3.7998623172829914e-06,4,True,False,18,True
Water,39,20260808,61,1e-12,2,3.9552233947943554e-05,2,False,True,18,True
Water,39,20260808,61,1e-12,5,1.1767186565484155e-06,5,False,True,18,True
Water,39,20260808,61,1e-12,50,0.0,18,True,False,18,True
Water,39,20260808,62,0.001,2,0.00020672678268991737,1,True,False,17,True
Water,39,20260808,62,0.001,5,0.00020672678268991737,1,True,False,17,True
Water,39,20260808,62,0.001,50,0.00020672678268991737,1,True,False,17,True
Water,39,20260808,62,1e-05,2,5.7676254653101016e-05,2,False,True,17,True
Water,39,20260808,62,1e-05,5,1.1059275854616682e-06,5,True,False,17,True
Water,39,20260808,62,1e-05,50,1.1059275854616682e-06,5,True,False,17,True
Water,39,20260808,62,1e-12,2,5.7676254653101016e-05,2,False,True,17,True
Water,39,20260808,62,1e-12,5,1.1059275854616682e-06,5,False,True,17,True
Water,39,20260808,62,1e-12,50,0.0,17,True,False,17,True
Water,39,20260808,63,0.001,2,0.00012832702300247345,1,True,False,21,True
Water,39,20260808,63,0.001,5,0.00012832702300247345,1,True,False,21,True
Water,39,20260808,63,0.001,50,0.00012832702300247345,1,True,False,21,True
Water,39,20260808,63,1e-05,2,4.762339870157412e-05,2,False,True,21,True
Water,39,20260808,63,1e-05,5,2.389238645189528e-06,5,True,False,21,True
Water,39,20260808,63,1e-05,50,2.389238645189528e-06,5,True,False,21,True
Water,39,20260808,63,1e-12,2,4.762339870157412e-05,2,False,True,21,True
Water,39,20260808,63,1e-12,5,2.389238645189528e-06,5,False,True,21,True
Water,39,20260808,63,1e-12,50,0.0,21,True,False,21,True
Water,39,20260808,64,0.001,2,9.417329268356512e-05,1,True,False,29,True
Water,39,20260808,64,0.001,5,9.417329268356512e-05,1,True,False,29,True
Water,39,20260808,64,0.001,50,9.417329268356512e-05,1,True,False,29,True
Water,39,20260808,64,1e-05,2,4.7861398602818166e-05,2,False,True,29,True
Water,39,20260808,64,1e-05,5,6.32910836689826e-06,5,True,False,29,True
Water,39,20260808,64,1e-05,50,6.32910836689826e-06,5,True,False,29,True
Water,39,20260808,64,1e-12,2,4.7861398602818166e-05,2,False,True,29,True
Water,39,20260808,64,1e-12,5,6.32910836689826e-06,5,False,True,29,True
Water,39,20260808,64,1e-12,50,0.0,29,True,False,29,True
Water,39,20260808,65,0.001,2,0.0001527438525295142,1,True,False,26,True
Water,39,20260808,65,0.001,5,0.0001527438525295142,1,True,False,26,True
Water,39,20260808,65,0.001,50,0.0001527438525295142,1,True,False,26,True
Water,39,20260808,65,1e-05,2,7.096685893677438e-05,2,False,True,26,True
Water,39,20260808,65,1e-05,5,7.0221392980229945e-06,5,True,False,26,True
Water,39,20260808,65,1e-05,50,7.0221392980229945e-06,5,True,False,26,True
Water,39,20260808,65,1e-12,2,7.096685893677438e-05,2,False,True,26,True
Water,39,20260808,65,1e-12,5,7.0221392980229945e-06,5,False,True,26,True
Water,39,20260808,65,1e-12,50,0.0,26,True,False,26,True
Water,39,20260808,66,0.001,2,3.498039392058658e-05,1,True,False,21,True
Water,39,20260808,66,0.001,5,3.498039392058658e-05,1,True,False,21,True
Water,39,20260808,66,0.001,50,3.498039392058658e-05,1,True,False,21,True
Water,39,20260808,66,1e-05,2,1.413814911485888e-05,2,False,True,21,True
Water,39,20260808,66,1e-05,5,5.716805003498818e-06,3,True,False,21,True
Water,39,20260808,66,1e-05,50,5.716805003498818e-06,3,True,False,21,True
Water,39,20260808,66,1e-12,2,1.413814911485888e-05,2,False,True,21,True
Water,39,20260808,66,1e-12,5,9.350666270041715e-07,5,False,True,21,True
Water,39,20260808,66,1e-12,50,0.0,21,True,False,21,True
Water,39,20260808,67,0.001,2,8.682806299837604e-05,1,True,False,26,True
Water,39,20260808,67,0.001,5,8.682806299837604e-05,1,True,False,26,True
Water,39,20260808,67,0.001,50,8.682806299837604e-05,1,True,False,26,True
Water,39,20260808,67,1e-05,2,4.1453478593747706e-05,2,False,True,26,True
Water,39,20260808,67,1e-05,5,4.437254447338919e-06,5,True,False,26,True
Water,39,20260808,67,1e-05,50,4.437254447338919e-06,5,True,False,26,True
Water,39,20260808,67,1e-12,2,4.1453478593747706e-05,2,False,True,26,True
Water,39,20260808,67,1e-12,5,4.437254447338919e-06,5,False,True,26,True
Water,39,20260808,67,1e-12,50,0.0,26,True,False,26,True
Water,39,20260808,68,0.001,2,1.5104625064683731e-05,1,True,False,18,True
Water,39,20260808,68,0.001,5,1.5104625064683731e-05,1,True,False,18,True
Water,39,20260808,68,0.001,50,1.5104625064683731e-05,1,True,False,18,True
Water,39,20260808,68,1e-05,2,5.2458729971582e-06,2,True,False,18,True
Water,39,20260808,68,1e-05,5,5.2458729971582e-06,2,True,False,18,True
Water,39,20260808,68,1e-05,50,5.2458729971582e-06,2,True,False,18,True
Water,39,20260808,68,1e-12,2,5.2458729971582e-06,2,False,True,18,True
Water,39,20260808,68,1e-12,5,2.2041679334812297e-07,5,False,True,18,True
Water,39,20260808,68,1e-12,50,0.0,18,True,False,18,True
Water,39,20260808,69,0.001,2,0.00012467787198095574,1,True,False,20,True
Water,39,20260808,69,0.001,5,0.00012467787198095574,1,True,False,20,True
Water,39,20260808,69,0.001,50,0.00012467787198095574,1,True,False,20,True
Water,39,20260808,69,1e-05,2,4.316421338951613e-05,2,False,True,20,True
Water,39,20260808,69,1e-05,5,5.089835115021682e-06,4,True,False,20,True
Water,39,20260808,69,1e-05,50,5.089835115021682e-06,4,True,False,20,True
Water,39,20260808,69,1e-12,2,4.316421338951613e-05,2,False,True,20,True
Water,39,20260808,69,1e-12,5,1.743791270909933e-06,5,False,True,20,True
Water,39,20260808,69,1e-12,50,0.0,20,True,False,20,True
Water,39,20260808,70,0.001,2,0.0002281975937519984,1,True,False,23,True
Water,39,20260808,70,0.001,5,0.0002281975937519984,1,True,False,23,True
Water,39,20260808,70,0.001,50,0.0002281975937519984,1,True,False,23,True
Water,39,20260808,70,1e-05,2,9.449557140720234e-05,2,False,True,23,True
Water,39,20260808,70,1e-05,5,6.401008937484352e-06,5,True,False,23,True
Water,39,20260808,70,1e-05,50,6.401008937484352e-06,5,True,False,23,True
Water,39,20260808,70,1e-12,2,9.449557140720234e-05,2,False,True,23,True
Water,39,20260808,70,1e-12,5,6.401008937484352e-06,5,False,True,23,True
Water,39,20260808,70,1e-12,50,0.0,23,True,False,23,True
Water,39,20260808,71,0.001,2,6.295969543076013e-05,1,True,False,30,True
Water,39,20260808,71,0.001,5,6.295969543076013e-05,1,True,False,30,True
Water,39,20260808,71,0.001,50,6.295969543076013e-05,1,True,False,30,True
Water,39,20260808,71,1e-05,2,3.399515281254677e-05,2,False,True,30,True
Water,39,20260808,71,1e-05,5,9.872261433037182e-06,4,True,False,30,True
Water,39,20260808,71,1e-05,50,9.872261433037182e-06,4,True,False,30,True
Water,39,20260808,71,1e-12,2,3.399515281254677e-05,2,False,True,30,True
Water,39,20260808,71,1e-12,5,5.315137979010719e-06,5,False,True,30,True
Water,39,20260808,71,1e-12,50,0.0,30,True,False,30,True
Water,39,20260808,72,0.001,2,6.354718503377477e-05,1,True,False,22,True
Water,39,20260808,72,0.001,5,6.354718503377477e-05,1,True,False,22,True
Water,39,20260808,72,0.001,50,6.354718503377477e-05,1,True,False,22,True
Water,39,20260808,72,1e-05,2,2.5768580437712513e-05,2,False,True,22,True
Water,39,20260808,72,1e-05,5,4.255355207730059e-06,4,True,False,22,True
Water,39,20260808,72,1e-05,50,4.255355207730059e-06,4,True,False,22,True
Water,39,20260808,72,1e-12,2,2.5768580437712513e-05,2,False,True,22,True
Water,39,20260808,72,1e-12,5,1.7303485186859294e-06,5,False,True,22,True
Water,39,20260808,72,1e-12,50,0.0,22,True,False,22,True
Water,39,20260808,73,0.001,2,2.7274339802568123e-06,1,True,False,22,True
Water,39,20260808,73,0.001,5,2.7274339802568123e-06,1,True,False,22,True
Water,39,20260808,73,0.001,50,2.7274339802568123e-06,1,True,False,22,True
Water,39,20260808,73,1e-05,2,2.7274339802568123e-06,1,True,False,22,True
Water,39,20260808,73,1e-05,5,2.7274339802568123e-06,1,True,False,22,True
Water,39,20260808,73,1e-05,50,2.7274339802568123e-06,1,True,False,22,True
Water,39,20260808,73,1e-12,2,1.3287169596519207e-06,2,False,True,22,True
Water,39,20260808,73,1e-12,5,1.5360971861527136e-07,5,False,True,22,True
Water,39,20260808,73,1e-12,50,0.0,22,True,False,22,True
Water,39,20260808,74,0.001,2,0.0001452114059416756,1,True,False,24,True
Water,39,20260808,74,0.001,5,0.0001452114059416756,1,True,False,24,True
Water,39,20260808,74,0.001,50,0.0001452114059416756,1,True,False,24,True
Water,39,20260808,74,1e-05,2,6.285655733370182e-05,2,False,True,24,True
Water,39,20260808,74,1e-05,5,5.059960954783271e-06,5,True,False,24,True
Water,39,20260808,74,1e-05,50,5.059960954783271e-06,5,True,False,24,True
Water,39,20260808,74,1e-12,2,6.285655733370182e-05,2,False,True,24,True
Water,39,20260808,74,1e-12,5,5.059960954783271e-06,5,False,True,24,True
Water,39,20260808,74,1e-12,50,0.0,24,True,False,24,True
Water,39,20260808,75,0.001,2,0.00015491521212147118,1,True,False,17,True
Water,39,20260808,75,0.001,5,0.00015491521212147118,1,True,False,17,True
Water,39,20260808,75,0.001,50,0.00015491521212147118,1,True,False,17,True
Water,39,20260808,75,1e-05,2,4.284695363086113e-05,2,False,True,17,True
Water,39,20260808,75,1e-05,5,3.2040367183584827e-06,4,True,False,17,True
Water,39,20260808,75,1e-05,50,3.2040367183584827e-06,4,True,False,17,True
Water,39,20260808,75,1e-12,2,4.284695363086113e-05,2,False,True,17,True
Water,39,20260808,75,1e-12,5,8.74156693956212e-07,5,False,True,17,True
Water,39,20260808,75,1e-12,50,0.0,17,True,False,17,True
Water,39,20260808,76,0.001,2,0.0001460650172292866,1,True,False,18,True
Water,39,20260808,76,0.001,5,0.0001460650172292866,1,True,False,18,True
Water,39,20260808,76,0.001,50,0.0001460650172292866,1,True,False,18,True
Water,39,20260808,76,1e-05,2,4.690892695200749e-05,2,False,True,18,True
Water,39,20260808,76,1e-05,5,1.4803042594465055e-06,5,True,False,18,True
Water,39,20260808,76,1e-05,50,1.4803042594465055e-06,5,True,False,18,True
Water,39,20260808,76,1e-12,2,4.690892695200749e-05,2,False,True,18,True
Water,39,20260808,76,1e-12,5,1.4803042594465055e-06,5,False,True,18,True
Water,39,20260808,76,1e-12,50,0.0,18,True,False,18,True
Water,39,20260808,77,0.001,2,0.00014116307687749683,1,True,False,23,True
Water,39,20260808,77,0.001,5,0.00014116307687749683,1,True,False,23,True
Water,39,20260808,77,0.001,50,0.00014116307687749683,1,True,False,23,True
Water,39,20260808,77,1e-05,2,5.773097377022419e-05,2,False,True,23,True
Water,39,20260808,77,1e-05,5,3.895074736846698e-06,5,True,False,23,True
Water,39,20260808,77,1e-05,50,3.895074736846698e-06,5,True,False,23,True
Water,39,20260808,77,1e-12,2,5.773097377022419e-05,2,False,True,23,True
Water,39,20260808,77,1e-12,5,3.895074736846698e-06,5,False,True,23,True
Water,39,20260808,77,1e-12,50,0.0,23,True,False,23,True
Water,39,20260808,78,0.001,2,5.386240370127133e-05,1,True,False,18,True
Water,39,20260808,78,0.001,5,5.386240370127133e-05,1,True,False,18,True
Water,39,20260808,78,0.001,50,5.386240370127133e-05,1,True,False,18,True
Water,39,20260808,78,1e-05,2,1.7585816369128618e-05,2,False,True,18,True
Water,39,20260808,78,1e-05,5,1.8588933297613746e-06,4,True,False,18,True
Water,39,20260808,78,1e-05,50,1.8588933297613746e-06,4,True,False,18,True
Water,39,20260808,78,1e-12,2,1.7585816369128618e-05,2,False,True,18,True
Water,39,20260808,78,1e-12,5,6.037718922236699e-07,5,False,True,18,True
Water,39,20260808,78,1e-12,50,0.0,18,True,False,18,True
Water,39,20260808,79,0.001,2,0.00011154839088663225,1,True,False,11,True
Water,39,20260808,79,0.001,5,0.00011154839088663225,1,True,False,11,True
Water,39,20260808,79,0.001,50,0.00011154839088663225,1,True,False,11,True
Water,39,20260808,79,1e-05,2,1.227846614571207e-05,2,False,True,11,True
Water,39,20260808,79,1e-05,5,1.4138463744150962e-07,4,True,False,11,True
Water,39,20260808,79,1e-05,50,1.4138463744150962e-07,4,True,False,11,True
Water,39,20260808,79,1e-12,2,1.227846614571207e-05,2,False,True,11,True
Water,39,20260808,79,1e-12,5,1.5146230591639685e-08,5,False,True,11,True
Water,39,20260808,79,1e-12,50,0.0,11,True,False,11,True
Water,39,20260808,80,0.001,2,0.0001128153537284554,1,True,False,26,True
Water,39,20260808,80,0.001,5,0.0001128153537284554,1,True,False,26,True
Water,39,20260808,80,0.001,50,0.0001128153537284554,1,True,False,26,True
Water,39,20260808,80,1e-05,2,5.3498757912204725e-05,2,False,True,26,True
Water,39,20260808,80,1e-05,5,5.7107226200419854e-06,5,True,False,26,True
Water,39,20260808,80,1e-05,50,5.7107226200419854e-06,5,True,False,26,True
Water,39,20260808,80,1e-12,2,5.3498757912204725e-05,2,False,True,26,True
Water,39,20260808,80,1e-12,5,5.7107226200419854e-06,5,False,True,26,True
Water,39,20260808,80,1e-12,50,0.0,26,True,False,26,True
Water,39,20260808,81,0.001,2,0.00023698808963913164,1,True,False,24,True
Water,39,20260808,81,0.001,5,0.00023698808963913164,1,True,False,24,True
Water,39,20260808,81,0.001,50,0.00023698808963913164,1,True,False,24,True
Water,39,20260808,81,1e-05,2,0.00010224957358149936,2,False,True,24,True
Water,39,20260808,81,1e-05,5,7.620261271183029e-06,5,False,True,24,True
Water,39,20260808,81,1e-05,50,3.1848604649028714e-06,6,True,False,24,True
Water,39,20260808,81,1e-12,2,0.00010224957358149936,2,False,True,24,True
Water,39,20260808,81,1e-12,5,7.620261271183029e-06,5,False,True,24,True
Water,39,20260808,81,1e-12,50,0.0,24,True,False,24,True
Water,39,20260808,82,0.001,2,0.0003216861364975489,1,True,False,25,True
Water,39,20260808,82,0.001,5,0.0003216861364975489,1,True,False,25,True
Water,39,20260808,82,0.001,50,0.0003216861364975489,1,True,False,25,True
Water,39,20260808,82,1e-05,2,0.00014373090138678236,2,False,True,25,True
Water,39,20260808,82,1e-05,5,1.1098528159846463e-05,5,False,True,25,True
Water,39,20260808,82,1e-05,50,4.661017424239522e-06,6,True,False,25,True
Water,39,20260808,82,1e-12,2,0.00014373090138678236,2,False,True,25,True
Water,39,20260808,82,1e-12,5,1.1098528159846463e-05,5,False,True,25,True
Water,39,20260808,82,1e-12,50,0.0,25,True,False,25,True
Water,39,20260808,83,0.001,2,9.470850897310385e-05,1,True,False,26,True
Water,39,20260808,83,0.001,5,9.470850897310385e-05,1,True,False,26,True
Water,39,20260808,83,0.001,50,9.470850897310385e-05,1,True,False,26,True
Water,39,20260808,83,1e-05,2,4.45826705334807e-05,2,False,True,26,True
Water,39,20260808,83,1e-05,5,4.580452737586132e-06,5,True,False,26,True
Water,39,20260808,83,1e-05,50,4.580452737586132e-06,5,True,False,26,True
Water,39,20260808,83,1e-12,2,4.45826705334807e-05,2,False,True,26,True
Water,39,20260808,83,1e-12,5,4.580452737586132e-06,5,False,True,26,True
Water,39,20260808,83,1e-12,50,0.0,26,True,False,26,True
Water,39,20260808,84,0.001,2,0.0001311024819904608,1,True,False,24,True
Water,39,20260808,84,0.001,5,0.0001311024819904608,1,True,False,24,True
Water,39,20260808,84,0.001,50,0.0001311024819904608,1,True,False,24,True
Water,39,20260808,84,1e-05,2,5.7165347133467817e-05,2,False,True,24,True
Water,39,20260808,84,1e-05,5,4.63735279412848e-06,5,True,False,24,True
Water,39,20260808,84,1e-05,50,4.63735279412848e-06,5,True,False,24,True
Water,39,20260808,84,1e-12,2,5.7165347133467817e-05,2,False,True,24,True
Water,39,20260808,84,1e-12,5,4.63735279412848e-06,5,False,True,24,True
Water,39,20260808,84,1e-12,50,0.0,24,True,False,24,True
Water,39,20260808,85,0.001,2,0.00021426303365175257,1,True,False,18,True
Water,39,20260808,85,0.001,5,0.00021426303365175257,1,True,False,18,True
Water,39,20260808,85,0.001,50,0.00021426303365175257,1,True,False,18,True
Water,39,20260808,85,1e-05,2,6.50995798829975e-05,2,False,True,18,True
Water,39,20260808,85,1e-05,5,1.769909405414842e-06,5,True,False,18,True
Water,39,20260808,85,1e-05,50,1.769909405414842e-06,5,True,False,18,True
Water,39,20260808,85,1e-12,2,6.50995798829975e-05,2,False,True,18,True
Water,39,20260808,85,1e-12,5,1.769909405414842e-06,5,False,True,18,True
Water,39,20260808,85,1e-12,50,0.0,18,True,False,18,True
Water,39,20260808,86,0.001,2,5.240668933659096e-05,1,True,False,23,True
Water,39,20260808,86,0.001,5,5.240668933659096e-05,1,True,False,23,True
Water,39,20260808,86,0.001,50,5.240668933659096e-05,1,True,False,23,True
Water,39,20260808,86,1e-05,2,2.309267904645347e-05,2,False,True,23,True
Water,39,20260808,86,1e-05,5,4.47634880983099e-06,4,True,False,23,True
Water,39,20260808,86,1e-05,50,4.47634880983099e-06,4,True,False,23,True
Water,39,20260808,86,1e-12,2,2.309267904645347e-05,2,False,True,23,True
Water,39,20260808,86,1e-12,5,1.970218213454999e-06,5,False,True,23,True
Water,39,20260808,86,1e-12,50,0.0,23,True,False,23,True
Water,39,20260808,87,0.001,2,0.00013839668121891078,1,True,False,23,True
Water,39,20260808,87,0.001,5,0.00013839668121891078,1,True,False,23,True
Water,39,20260808,87,0.001,50,0.00013839668121891078,1,True,False,23,True
Water,39,20260808,87,1e-05,2,5.813594245755833e-05,2,False,True,23,True
Water,39,20260808,87,1e-05,5,4.26080405416916e-06,5,True,False,23,True
Water,39,20260808,87,1e-05,50,4.26080405416916e-06,5,True,False,23,True
Water,39,20260808,87,1e-12,2,5.813594245755833e-05,2,False,True,23,True
Water,39,20260808,87,1e-12,5,4.26080405416916e-06,5,False,True,23,True
Water,39,20260808,87,1e-12,50,0.0,23,True,False,23,True
Water,39,20260808,88,0.001,2,2.234560229185923e-05,1,True,False,24,True
Water,39,20260808,88,0.001,5,2.234560229185923e-05,1,True,False,24,True
Water,39,20260808,88,0.001,50,2.234560229185923e-05,1,True,False,24,True
Water,39,20260808,88,1e-05,2,1.0417275744832841e-05,2,False,True,24,True
Water,39,20260808,88,1e-05,5,4.854659229955605e-06,3,True,False,24,True
Water,39,20260808,88,1e-05,50,4.854659229955605e-06,3,True,False,24,True
Water,39,20260808,88,1e-12,2,1.0417275744832841e-05,2,False,True,24,True
Water,39,20260808,88,1e-12,5,1.0538477385609327e-06,5,False,True,24,True
Water,39,20260808,88,1e-12,50,0.0,24,True,False,24,True
Water,39,20260808,89,0.001,2,3.138997401690846e-05,1,True,False,21,True
Water,39,20260808,89,0.001,5,3.138997401690846e-05,1,True,False,21,True
Water,39,20260808,89,0.001,50,3.138997401690846e-05,1,True,False,21,True
Water,39,20260808,89,1e-05,2,1.249226222793772e-05,2,False,True,21,True
Water,39,20260808,89,1e-05,5,4.977547374400815e-06,3,True,False,21,True
Water,39,20260808,89,1e-05,50,4.977547374400815e-06,3,True,False,21,True
Water,39,20260808,89,1e-12,2,1.249226222793772e-05,2,False,True,21,True
Water,39,20260808,89,1e-12,5,7.911497699870961e-07,5,False,True,21,True
Water,39,20260808,89,1e-12,50,0.0,21,True,False,21,True
Water,39,20260808,90,0.001,2,0.0001456558449435902,1,True,False,22,True
Water,39,20260808,90,0.001,5,0.0001456558449435902,1,True,False,22,True
Water,39,20260808,90,0.001,50,0.0001456558449435902,1,True,False,22,True
Water,39,20260808,90,1e-05,2,5.695044278061613e-05,2,False,True,22,True
Water,39,20260808,90,1e-05,5,3.3543525547613887e-06,5,True,False,22,True
Water,39,20260808,90,1e-05,50,3.3543525547613887e-06,5,True,False,22,True
Water,39,20260808,90,1e-12,2,5.695044278061613e-05,2,False,True,22,True
Water,39,20260808,90,1e-12,5,3.3543525547613887e-06,5,False,True,22,True
Water,39,20260808,90,1e-12,50,0.0,22,True,False,22,True
Water,39,20260808,91,0.001,2,5.568389481267653e-05,1,True,False,31,True
Water,39,20260808,91,0.001,5,5.568389481267653e-05,1,True,False,31,True
Water,39,20260808,91,0.001,50,5.568389481267653e-05,1,True,False,31,True
Water,39,20260808,91,1e-05,2,3.087299859738159e-05,2,False,True,31,True
Water,39,20260808,91,1e-05,5,9.483834731874407e-06,4,True,False,31,True
Water,39,20260808,91,1e-05,50,9.483834731874407e-06,4,True,False,31,True
Water,39,20260808,91,1e-12,2,3.087299859738159e-05,2,False,True,31,True
Water,39,20260808,91,1e-12,5,5.2553469280470555e-06,5,False,True,31,True
Water,39,20260808,91,1e-12,50,0.0,31,True,False,31,True
Water,39,20260808,92,0.001,2,6.0237902610645744e-05,1,True,False,21,True
Water,39,20260808,92,0.001,5,6.0237902610645744e-05,1,True,False,21,True
Water,39,20260808,92,0.001,50,6.0237902610645744e-05,1,True,False,21,True
Water,39,20260808,92,1e-05,2,2.3195916888780704e-05,2,False,True,21,True
Water,39,20260808,92,1e-05,5,3.460380633239193e-06,4,True,False,21,True
Water,39,20260808,92,1e-05,50,3.460380633239193e-06,4,True,False,21,True
Water,39,20260808,92,1e-12,2,2.3195916888780704e-05,2,False,True,21,True
Water,39,20260808,92,1e-12,5,1.3376435778900429e-06,5,False,True,21,True
Water,39,20260808,92,1e-12,50,0.0,21,True,False,21,True
Water,39,20260808,93,0.001,2,6.554457846787304e-05,1,True,False,25,True
Water,39,20260808,93,0.001,5,6.554457846787304e-05,1,True,False,25,True
Water,39,20260808,93,0.001,50,6.554457846787304e-05,1,True,False,25,True
Water,39,20260808,93,1e-05,2,3.0130292060548216e-05,2,False,True,25,True
Water,39,20260808,93,1e-05,5,6.317037269138694e-06,4,True,False,25,True
Water,39,20260808,93,1e-05,50,6.317037269138694e-06,4,True,False,25,True
Water,39,20260808,93,1e-12,2,3.0130292060548216e-05,2,False,True,25,True
Water,39,20260808,93,1e-12,5,2.888207478047333e-06,5,False,True,25,True
Water,39,20260808,93,1e-12,50,0.0,25,True,False,25,True
Water,39,20260808,94,0.001,2,1.522964416874088e-05,1,True,False,18,True
Water,39,20260808,94,0.001,5,1.522964416874088e-05,1,True,False,18,True
Water,39,20260808,94,0.001,50,1.522964416874088e-05,1,True,False,18,True
Water,39,20260808,94,1e-05,2,5.324411142621898e-06,2,True,False,18,True
Water,39,20260808,94,1e-05,5,5.324411142621898e-06,2,True,False,18,True
Water,39,20260808,94,1e-05,50,5.324411142621898e-06,2,True,False,18,True
Water,39,20260808,94,1e-12,2,5.324411142621898e-06,2,False,True,18,True
Water,39,20260808,94,1e-12,5,2.2711532339352061e-07,5,False,True,18,True
Water,39,20260808,94,1e-12,50,0.0,18,True,False,18,True
Water,39,20260808,95,0.001,2,0.00012537222493066508,1,True,False,22,True
Water,39,20260808,95,0.001,5,0.00012537222493066508,1,True,False,22,True
Water,39,20260808,95,0.001,50,0.00012537222493066508,1,True,False,22,True
Water,39,20260808,95,1e-05,2,5.084265068538137e-05,2,False,True,22,True
Water,39,20260808,95,1e-05,5,3.3002660849575074e-06,5,True,False,22,True
Water,39,20260808,95,1e-05,50,3.3002660849575074e-06,5,True,False,22,True
Water,39,20260808,95,1e-12,2,5.084265068538137e-05,2,False,True,22,True
Water,39,20260808,95,1e-12,5,3.3002660849575074e-06,5,False,True,22,True
Water,39,20260808,95,1e-12,50,0.0,22,True,False,22,True
Water,39,20260808,96,0.001,2,0.00025960481172258393,1,True,False,22,True
Water,39,20260808,96,0.001,5,0.00025960481172258393,1,True,False,22,True
Water,39,20260808,96,0.001,50,0.00025960481172258393,1,True,False,22,True
Water,39,20260808,96,1e-05,2,0.00010142461226581523,2,False,True,22,True
Water,39,20260808,96,1e-05,5,5.675731622526329e-06,5,True,False,22,True
Water,39,20260808,96,1e-05,50,5.675731622526329e-06,5,True,False,22,True
Water,39,20260808,96,1e-12,2,0.00010142461226581523,2,False,True,22,True
Water,39,20260808,96,1e-12,5,5.675731622526329e-06,5,False,True,22,True
Water,39,20260808,96,1e-12,50,0.0,22,True,False,22,True
Water,39,20260808,97,0.001,2,2.6875470928174263e-05,1,True,False,24,True
Water,39,20260808,97,0.001,5,2.6875470928174263e-05,1,True,False,24,True
Water,39,20260808,97,0.001,50,2.6875470928174263e-05,1,True,False,24,True
Water,39,20260808,97,1e-05,2,1.2598038589303135e-05,2,False,True,24,True
Water,39,20260808,97,1e-05,5,5.907268925795849e-06,3,True,False,24,True
Water,39,20260808,97,1e-05,50,5.907268925795849e-06,3,True,False,24,True
Water,39,20260808,97,1e-12,2,1.2598038589303135e-05,2,False,True,24,True
Water,39,20260808,97,1e-12,5,1.299283313270257e-06,5,False,True,24,True
Water,39,20260808,97,1e-12,50,0.0,24,True,False,24,True
Water,39,20260808,98,0.001,2,1.721557382058171e-05,1,True,False,18,True
Water,39,20260808,98,0.001,5,1.721557382058171e-05,1,True,False,18,True
Water,39,20260808,98,0.001,50,1.721557382058171e-05,1,True,False,18,True
Water,39,20260808,98,1e-05,2,6.104622182718493e-06,2,False,True,18,True
Water,39,20260808,98,1e-05,5,2.163330481397448e-06,3,True,False,18,True
Water,39,20260808,98,1e-05,50,2.163330481397448e-06,3,True,False,18,True
Water,39,20260808,98,1e-12,2,6.104622182718493e-06,2,False,True,18,True
Water,39,20260808,98,1e-12,5,2.7153181585074726e-07,5,False,True,18,True
Water,39,20260808,98,1e-12,50,0.0,18,True,False,18,True
Water,39,20260808,99,0.001,2,0.00012729569072222652,1,True,False,24,True
Water,39,20260808,99,0.001,5,0.00012729569072222652,1,True,False,24,True
Water,39,20260808,99,0.001,50,0.00012729569072222652,1,True,False,24,True
Water,39,20260808,99,1e-05,2,5.419514739508628e-05,2,False,True,24,True
Water,39,20260808,99,1e-05,5,4.1596466817020025e-06,5,True,False,24,True
Water,39,20260808,99,1e-05,50,4.1596466817020025e-06,5,True,False,24,True
Water,39,20260808,99,1e-12,2,5.419514739508628e-05,2,False,True,24,True
Water,39,20260808,99,1e-12,5,4.1596466817020025e-06,5,False,True,24,True
Water,39,20260808,99,1e-12,50,0.0,24,True,False,24,True
Water,39,20260808,100,0.001,2,0.00020190984964327913,1,True,False,30,True
Water,39,20260808,100,0.001,5,0.00020190984964327913,1,True,False,30,True
Water,39,20260808,100,0.001,50,0.00020190984964327913,1,True,False,30,True
Water,39,20260808,100,1e-05,2,0.00010538630536740512,2,False,True,30,True
Water,39,20260808,100,1e-05,5,1.425287820311938e-05,5,False,True,30,True
Water,39,20260808,100,1e-05,50,7.269818062037804e-06,6,True,False,30,True
Water,39,20260808,100,1e-12,2,0.00010538630536740512,2,False,True,30,True
Water,39,20260808,100,1e-12,5,1.425287820311938e-05,5,False,True,30,True
Water,39,20260808,100,1e-12,50,0.0,30,True,False,30,True
Climate,27,20260809,21,0.001,2,2.370661956717795e-05,1,True,False,16,True
Climate,27,20260809,21,0.001,5,2.370661956717795e-05,1,True,False,16,True
Climate,27,20260809,21,0.001,50,2.370661956717795e-05,1,True,False,16,True
Climate,27,20260809,21,1e-05,2,4.103415976505913e-06,2,False,True,16,True
Climate,27,20260809,21,1e-05,5,7.284584946935688e-07,3,True,False,16,True
Climate,27,20260809,21,1e-05,50,7.284584946935688e-07,3,True,False,16,True
Climate,27,20260809,21,1e-12,2,4.103415976505913e-06,2,False,True,16,True
Climate,27,20260809,21,1e-12,5,3.447991494037999e-08,5,False,True,16,True
Climate,27,20260809,21,1e-12,50,0.0,16,True,False,16,True
Climate,27,20260809,22,0.001,2,3.718230343840243e-06,2,True,False,8,True
Climate,27,20260809,22,0.001,5,3.718230343840243e-06,2,True,False,8,True
Climate,27,20260809,22,0.001,50,3.718230343840243e-06,2,True,False,8,True
Climate,27,20260809,22,1e-05,2,3.718230343840243e-06,2,False,True,8,True
Climate,27,20260809,22,1e-05,5,1.0015970810079637e-07,3,True,False,8,True
Climate,27,20260809,22,1e-05,50,1.0015970810079637e-07,3,True,False,8,True
Climate,27,20260809,22,1e-12,2,3.718230343840243e-06,2,False,True,8,True
Climate,27,20260809,22,1e-12,5,7.273194232489166e-11,5,False,True,8,True
Climate,27,20260809,22,1e-12,50,0.0,8,True,False,8,True
Climate,27,20260809,23,0.001,2,1.2555374409342992e-05,1,True,False,18,True
Climate,27,20260809,23,0.001,5,1.2555374409342992e-05,1,True,False,18,True
Climate,27,20260809,23,0.001,50,1.2555374409342992e-05,1,True,False,18,True
Climate,27,20260809,23,1e-05,2,2.7633986459096216e-06,2,False,True,18,True
Climate,27,20260809,23,1e-05,5,8.530379003431064e-07,3,True,False,18,True
Climate,27,20260809,23,1e-05,50,8.530379003431064e-07,3,True,False,18,True
Climate,27,20260809,23,1e-12,2,2.7633986459096216e-06,2,False,True,18,True
Climate,27,20260809,23,1e-12,5,1.1208183307486716e-07,5,False,True,18,True
Climate,27,20260809,23,1e-12,50,0.0,18,True,False,18,True
Climate,27,20260809,24,0.001,2,0.0001302919578286436,1,True,False,28,True
Climate,27,20260809,24,0.001,5,0.0001302919578286436,1,True,False,28,True
Climate,27,20260809,24,0.001,50,0.0001302919578286436,1,True,False,28,True
Climate,27,20260809,24,1e-05,2,6.320783640693771e-05,2,False,True,28,True
Climate,27,20260809,24,1e-05,5,7.348821078605606e-06,5,True,False,28,True
Climate,27,20260809,24,1e-05,50,7.348821078605606e-06,5,True,False,28,True
Climate,27,20260809,24,1e-12,2,6.320783640693771e-05,2,False,True,28,True
Climate,27,20260809,24,1e-12,5,7.348821078605606e-06,5,False,True,28,True
Climate,27,20260809,24,1e-12,50,0.0,28,True,False,28,True
Climate,27,20260809,25,0.001,2,1.7468916662847613e-06,2,True,False,11,True
Climate,27,20260809,25,0.001,5,1.7468916662847613e-06,2,True,False,11,True
Climate,27,20260809,25,0.001,50,1.7468916662847613e-06,2,True,False,11,True
Climate,27,20260809,25,1e-05,2,1.7468916662847613e-06,2,False,True,11,True
Climate,27,20260809,25,1e-05,5,2.3092002112642113e-07,3,True,False,11,True
Climate,27,20260809,25,1e-05,50,2.3092002112642113e-07,3,True,False,11,True
Climate,27,20260809,25,1e-12,2,1.7468916662847613e-06,2,False,True,11,True
Climate,27,20260809,25,1e-12,5,4.3223100274814076e-09,5,False,True,11,True
Climate,27,20260809,25,1e-12,50,0.0,11,True,False,11,True
Climate,27,20260809,26,0.001,2,0.00019208916890071465,1,True,False,19,True
Climate,27,20260809,26,0.001,5,0.00019208916890071465,1,True,False,19,True
Climate,27,20260809,26,0.001,50,0.00019208916890071465,1,True,False,19,True
Climate,27,20260809,26,1e-05,2,6.235125850099613e-05,2,False,True,19,True
Climate,27,20260809,26,1e-05,5,1.900294934904067e-06,5,True,False,19,True
Climate,27,20260809,26,1e-05,50,1.900294934904067e-06,5,True,False,19,True
Climate,27,20260809,26,1e-12,2,6.235125850099613e-05,2,False,True,19,True
Climate,27,20260809,26,1e-12,5,1.900294934904067e-06,5,False,True,19,True
Climate,27,20260809,26,1e-12,50,0.0,19,True,False,19,True
Climate,27,20260809,27,0.001,2,4.5000543784868056e-05,1,True,False,19,True
Climate,27,20260809,27,0.001,5,4.5000543784868056e-05,1,True,False,19,True
Climate,27,20260809,27,0.001,50,4.5000543784868056e-05,1,True,False,19,True
Climate,27,20260809,27,1e-05,2,1.575603273891025e-05,2,False,True,19,True
Climate,27,20260809,27,1e-05,5,2.003718437212295e-06,4,True,False,19,True
Climate,27,20260809,27,1e-05,50,2.003718437212295e-06,4,True,False,19,True
Climate,27,20260809,27,1e-12,2,1.575603273891025e-05,2,False,True,19,True
Climate,27,20260809,27,1e-12,5,7.181860766216817e-07,5,False,True,19,True
Climate,27,20260809,27,1e-12,50,0.0,19,True,False,19,True
Climate,27,20260809,28,0.001,2,5.520900332286513e-05,1,True,False,18,True
Climate,27,20260809,28,0.001,5,5.520900332286513e-05,1,True,False,18,True
Climate,27,20260809,28,0.001,50,5.520900332286513e-05,1,True,False,18,True
Climate,27,20260809,28,1e-05,2,1.7987940080681684e-05,2,False,True,18,True
Climate,27,20260809,28,1e-05,5,1.9240106993153966e-06,4,True,False,18,True
Climate,27,20260809,28,1e-05,50,1.9240106993153966e-06,4,True,False,18,True
Climate,27,20260809,28,1e-12,2,1.7987940080681684e-05,2,False,True,18,True
Climate,27,20260809,28,1e-12,5,6.306807293135176e-07,5,False,True,18,True
Climate,27,20260809,28,1e-12,50,0.0,18,True,False,18,True
Climate,27,20260809,29,0.001,2,2.2267780163126513e-05,1,True,False,16,True
Climate,27,20260809,29,0.001,5,2.2267780163126513e-05,1,True,False,16,True
Climate,27,20260809,29,0.001,50,2.2267780163126513e-05,1,True,False,16,True
Climate,27,20260809,29,1e-05,2,5.8155685208646606e-06,2,False,True,16,True
Climate,27,20260809,29,1e-05,5,1.5422175422064047e-06,3,True,False,16,True
Climate,27,20260809,29,1e-05,50,1.5422175422064047e-06,3,True,False,16,True
Climate,27,20260809,29,1e-12,2,5.8155685208646606e-06,2,False,True,16,True
Climate,27,20260809,29,1e-12,5,1.1580908660654515e-07,5,False,True,16,True
Climate,27,20260809,29,1e-12,50,0.0,16,True,False,16,True
Climate,27,20260809,30,0.001,2,9.41788929723827e-05,1,True,False,19,True
Climate,27,20260809,30,0.001,5,9.41788929723827e-05,1,True,False,19,True
Climate,27,20260809,30,0.001,50,9.41788929723827e-05,1,True,False,19,True
Climate,27,20260809,30,1e-05,2,2.907682316464515e-05,2,False,True,19,True
Climate,27,20260809,30,1e-05,5,3.027100999341103e-06,4,True,False,19,True
Climate,27,20260809,30,1e-05,50,3.027100999341103e-06,4,True,False,19,True
Climate,27,20260809,30,1e-12,2,2.907682316464515e-05,2,False,True,19,True
Climate,27,20260809,30,1e-12,5,9.902555875738547e-07,5,False,True,19,True
Climate,27,20260809,30,1e-12,50,0.0,19,True,False,19,True
Climate,27,20260809,31,0.001,2,3.9460039591003935e-05,1,True,False,16,True
Climate,27,20260809,31,0.001,5,3.9460039591003935e-05,1,True,False,16,True
Climate,27,20260809,31,0.001,50,3.9460039591003935e-05,1,True,False,16,True
Climate,27,20260809,31,1e-05,2,1.14050179666863e-05,2,False,True,16,True
Climate,27,20260809,31,1e-05,5,3.2979306014047477e-06,3,True,False,16,True
Climate,27,20260809,31,1e-05,50,3.2979306014047477e-06,3,True,False,16,True
Climate,27,20260809,31,1e-12,2,1.14050179666863e-05,2,False,True,16,True
Climate,27,20260809,31,1e-12,5,2.7584709373147517e-07,5,False,True,16,True
Climate,27,20260809,31,1e-12,50,0.0,16,True,False,16,True
Climate,27,20260809,32,0.001,2,2.1659976067238533e-05,1,True,False,18,True
Climate,27,20260809,32,0.001,5,2.1659976067238533e-05,1,True,False,18,True
Climate,27,20260809,32,0.001,50,2.1659976067238533e-05,1,True,False,18,True
Climate,27,20260809,32,1e-05,2,7.07822313126671e-06,2,False,True,18,True
Climate,27,20260809,32,1e-05,5,2.3550754495578787e-06,3,True,False,18,True
Climate,27,20260809,32,1e-05,50,2.3550754495578787e-06,3,True,False,18,True
Climate,27,20260809,32,1e-12,2,7.07822313126671e-06,2,False,True,18,True
Climate,27,20260809,32,1e-12,5,2.624716609923635e-07,5,False,True,18,True
Climate,27,20260809,32,1e-12,50,0.0,18,True,False,18,True
Climate,27,20260809,33,0.001,2,9.771361140792046e-05,1,True,False,18,True
Climate,27,20260809,33,0.001,5,9.771361140792046e-05,1,True,False,18,True
Climate,27,20260809,33,0.001,50,9.771361140792046e-05,1,True,False,18,True
Climate,27,20260809,33,1e-05,2,2.9067602027018604e-05,2,False,True,18,True
Climate,27,20260809,33,1e-05,5,2.777675508635443e-06,4,True,False,18,True
Climate,27,20260809,33,1e-05,50,2.777675508635443e-06,4,True,False,18,True
Climate,27,20260809,33,1e-12,2,2.9067602027018604e-05,2,False,True,18,True
Climate,27,20260809,33,1e-12,5,8.715286754109367e-07,5,False,True,18,True
Climate,27,20260809,33,1e-12,50,0.0,18,True,False,18,True
Climate,27,20260809,34,0.001,2,1.876487356350761e-06,2,True,False,7,True
Climate,27,20260809,34,0.001,5,1.876487356350761e-06,2,True,False,7,True
Climate,27,20260809,34,0.001,50,1.876487356350761e-06,2,True,False,7,True
Climate,27,20260809,34,1e-05,2,1.876487356350761e-06,2,False,True,7,True
Climate,27,20260809,34,1e-05,5,3.692719853651533e-08,3,True,False,7,True
Climate,27,20260809,34,1e-05,50,3.692719853651533e-08,3,True,False,7,True
Climate,27,20260809,34,1e-12,2,1.876487356350761e-06,2,False,True,7,True
Climate,27,20260809,34,1e-12,5,1.7360652449549893e-11,5,False,True,7,True
Climate,27,20260809,34,1e-12,50,0.0,7,True,False,7,True
Climate,27,20260809,35,0.001,2,0.00013388608313374218,1,True,False,21,True
Climate,27,20260809,35,0.001,5,0.00013388608313374218,1,True,False,21,True
Climate,27,20260809,35,0.001,50,0.00013388608313374218,1,True,False,21,True
Climate,27,20260809,35,1e-05,2,4.48372820954381e-05,2,False,True,21,True
Climate,27,20260809,35,1e-05,5,2.199993788545439e-06,5,True,False,21,True
Climate,27,20260809,35,1e-05,50,2.199993788545439e-06,5,True,False,21,True
Climate,27,20260809,35,1e-12,2,4.48372820954381e-05,2,False,True,21,True
Climate,27,20260809,35,1e-12,5,2.199993788545439e-06,5,False,True,21,True
Climate,27,20260809,35,1e-12,50,0.0,21,True,False,21,True
Climate,27,20260809,36,0.001,2,3.1795814275718565e-05,1,True,False,17,True
Climate,27,20260809,36,0.001,5,3.1795814275718565e-05,1,True,False,17,True
Climate,27,20260809,36,0.001,50,3.1795814275718565e-05,1,True,False,17,True
Climate,27,20260809,36,1e-05,2,1.0109376904402935e-05,2,False,True,17,True
Climate,27,20260809,36,1e-05,5,3.2376417677862263e-06,3,True,False,17,True
Climate,27,20260809,36,1e-05,50,3.2376417677862263e-06,3,True,False,17,True
Climate,27,20260809,36,1e-12,2,1.0109376904402935e-05,2,False,True,17,True
Climate,27,20260809,36,1e-12,5,3.3213306415561313e-07,5,False,True,17,True
Climate,27,20260809,36,1e-12,50,0.0,17,True,False,17,True
Climate,27,20260809,37,0.001,2,4.0584918900880676e-05,1,True,False,16,True
Climate,27,20260809,37,0.001,5,4.0584918900880676e-05,1,True,False,16,True
Climate,27,20260809,37,0.001,50,4.0584918900880676e-05,1,True,False,16,True
Climate,27,20260809,37,1e-05,2,1.1504423707603063e-05,2,False,True,16,True
Climate,27,20260809,37,1e-05,5,3.2794972085003383e-06,3,True,False,16,True
Climate,27,20260809,37,1e-05,50,3.2794972085003383e-06,3,True,False,16,True
Climate,27,20260809,37,1e-12,2,1.1504423707603063e-05,2,False,True,16,True
Climate,27,20260809,37,1e-12,5,2.697583284897423e-07,5,False,True,16,True
Climate,27,20260809,37,1e-12,50,0.0,16,True,False,16,True
Climate,27,20260809,38,0.001,2,0.00010963330426838346,1,True,False,25,True
Climate,27,20260809,38,0.001,5,0.00010963330426838346,1,True,False,25,True
Climate,27,20260809,38,0.001,50,0.00010963330426838346,1,True,False,25,True
Climate,27,20260809,38,1e-05,2,5.055175505685232e-05,2,False,True,25,True
Climate,27,20260809,38,1e-05,5,4.898133833640625e-06,5,True,False,25,True
Climate,27,20260809,38,1e-05,50,4.898133833640625e-06,5,True,False,25,True
Climate,27,20260809,38,1e-12,2,5.055175505685232e-05,2,False,True,25,True
Climate,27,20260809,38,1e-12,5,4.898133833640625e-06,5,False,True,25,True
Climate,27,20260809,38,1e-12,50,0.0,25,True,False,25,True
Climate,27,20260809,39,0.001,2,1.2590985321419448e-05,1,True,False,19,True
Climate,27,20260809,39,0.001,5,1.2590985321419448e-05,1,True,False,19,True
Climate,27,20260809,39,0.001,50,1.2590985321419448e-05,1,True,False,19,True
Climate,27,20260809,39,1e-05,2,4.3677060143272865e-06,2,True,False,19,True
Climate,27,20260809,39,1e-05,5,4.3677060143272865e-06,2,True,False,19,True
Climate,27,20260809,39,1e-05,50,4.3677060143272865e-06,2,True,False,19,True
Climate,27,20260809,39,1e-12,2,4.3677060143272865e-06,2,False,True,19,True
Climate,27,20260809,39,1e-12,5,2.6191174515048316e-07,5,False,True,19,True
Climate,27,20260809,39,1e-12,50,0.0,19,True,False,19,True
Climate,27,20260809,40,0.001,2,4.173208350893119e-05,1,True,False,11,True
Climate,27,20260809,40,0.001,5,4.173208350893119e-05,1,True,False,11,True
Climate,27,20260809,40,0.001,50,4.173208350893119e-05,1,True,False,11,True
Climate,27,20260809,40,1e-05,2,3.465951716712418e-06,2,False,True,11,True
Climate,27,20260809,40,1e-05,5,3.2410887526993045e-07,3,True,False,11,True
Climate,27,20260809,40,1e-05,50,3.2410887526993045e-07,3,True,False,11,True
Climate,27,20260809,40,1e-12,2,3.465951716712418e-06,2,False,True,11,True
Climate,27,20260809,40,1e-12,5,5.059046389432981e-09,5,False,True,11,True
Climate,27,20260809,40,1e-12,50,0.0,11,True,False,11,True
Climate,27,20260809,41,0.001,2,0.00012061313190426932,1,True,False,18,True
Climate,27,20260809,41,0.001,5,0.00012061313190426932,1,True,False,18,True
Climate,27,20260809,41,0.001,50,0.00012061313190426932,1,True,False,18,True
Climate,27,20260809,41,1e-05,2,3.7305522300979155e-05,2,False,True,18,True
Climate,27,20260809,41,1e-05,5,3.5098150613174317e-06,4,True,False,18,True
Climate,27,20260809,41,1e-05,50,3.5098150613174317e-06,4,True,False,18,True
Climate,27,20260809,41,1e-12,2,3.7305522300979155e-05,2,False,True,18,True
Climate,27,20260809,41,1e-12,5,1.0745301348506471e-06,5,False,True,18,True
Climate,27,20260809,41,1e-12,50,0.0,18,True,False,18,True
Climate,27,20260809,42,0.001,2,3.48272888785118e-05,1,True,False,18,True
Climate,27,20260809,42,0.001,5,3.48272888785118e-05,1,True,False,18,True
Climate,27,20260809,42,0.001,50,3.48272888785118e-05,1,True,False,18,True
Climate,27,20260809,42,1e-05,2,8.986355472818627e-06,2,False,True,18,True
Climate,27,20260809,42,1e-05,5,2.8435871939918516e-06,3,True,False,18,True
Climate,27,20260809,42,1e-05,50,2.8435871939918516e-06,3,True,False,18,True
Climate,27,20260809,42,1e-12,2,8.986355472818627e-06,2,False,True,18,True
Climate,27,20260809,42,1e-12,5,3.086643901366353e-07,5,False,True,18,True
Climate,27,20260809,42,1e-12,50,0.0,18,True,False,18,True
Climate,27,20260809,43,0.001,2,6.334527212312672e-06,2,True,False,8,True
Climate,27,20260809,43,0.001,5,6.334527212312672e-06,2,True,False,8,True
Climate,27,20260809,43,0.001,50,6.334527212312672e-06,2,True,False,8,True
Climate,27,20260809,43,1e-05,2,6.334527212312672e-06,2,False,True,8,True
Climate,27,20260809,43,1e-05,5,2.2202546561812528e-07,3,True,False,8,True
Climate,27,20260809,43,1e-05,50,2.2202546561812528e-07,3,True,False,8,True
Climate,27,20260809,43,1e-12,2,6.334527212312672e-06,2,False,True,8,True
Climate,27,20260809,43,1e-12,5,2.7414876336669875e-10,5,False,True,8,True
Climate,27,20260809,43,1e-12,50,0.0,8,True,False,8,True
Climate,27,20260809,44,0.001,2,6.220931863708751e-05,1,True,False,18,True
Climate,27,20260809,44,0.001,5,6.220931863708751e-05,1,True,False,18,True
Climate,27,20260809,44,0.001,50,6.220931863708751e-05,1,True,False,18,True
Climate,27,20260809,44,1e-05,2,1.988264028121674e-05,2,False,True,18,True
Climate,27,20260809,44,1e-05,5,2.09480589978062e-06,4,True,False,18,True
Climate,27,20260809,44,1e-05,50,2.09480589978062e-06,4,True,False,18,True
Climate,27,20260809,44,1e-12,2,1.988264028121674e-05,2,False,True,18,True
Climate,27,20260809,44,1e-12,5,6.860261881445308e-07,5,False,True,18,True
Climate,27,20260809,44,1e-12,50,0.0,18,True,False,18,True
Climate,27,20260809,45,0.001,2,7.67741752217129e-05,1,True,False,17,True
Climate,27,20260809,45,0.001,5,7.67741752217129e-05,1,True,False,17,True
Climate,27,20260809,45,0.001,50,7.67741752217129e-05,1,True,False,17,True
Climate,27,20260809,45,1e-05,2,2.21951696429425e-05,2,False,True,17,True
Climate,27,20260809,45,1e-05,5,1.9052359026717871e-06,4,True,False,17,True
Climate,27,20260809,45,1e-05,50,1.9052359026717871e-06,4,True,False,17,True
Climate,27,20260809,45,1e-12,2,2.21951696429425e-05,2,False,True,17,True
Climate,27,20260809,45,1e-12,5,5.619493185904196e-07,5,False,True,17,True
Climate,27,20260809,45,1e-12,50,0.0,17,True,False,17,True
Climate,27,20260809,46,0.001,2,3.8166761763340775e-05,1,True,False,15,True
Climate,27,20260809,46,0.001,5,3.8166761763340775e-05,1,True,False,15,True
Climate,27,20260809,46,0.001,50,3.8166761763340775e-05,1,True,False,15,True
Climate,27,20260809,46,1e-05,2,9.875416739479586e-06,2,False,True,15,True
Climate,27,20260809,46,1e-05,5,2.5569940867455565e-06,3,True,False,15,True
Climate,27,20260809,46,1e-05,50,2.5569940867455565e-06,3,True,False,15,True
Climate,27,20260809,46,1e-12,2,9.875416739479586e-06,2,False,True,15,True
Climate,27,20260809,46,1e-12,5,1.7137240052818402e-07,5,False,True,15,True
Climate,27,20260809,46,1e-12,50,0.0,15,True,False,15,True
Climate,27,20260809,47,0.001,2,5.750652688137289e-05,1,True,False,16,True
Climate,27,20260809,47,0.001,5,5.750652688137289e-05,1,True,False,16,True
Climate,27,20260809,47,0.001,50,5.750652688137289e-05,1,True,False,16,True
Climate,27,20260809,47,1e-05,2,1.5729905775998647e-05,2,False,True,16,True
Climate,27,20260809,47,1e-05,5,1.1920921750775629e-06,4,True,False,16,True
Climate,27,20260809,47,1e-05,50,1.1920921750775629e-06,4,True,False,16,True
Climate,27,20260809,47,1e-12,2,1.5729905775998647e-05,2,False,True,16,True
Climate,27,20260809,47,1e-12,5,3.283134581703871e-07,5,False,True,16,True
Climate,27,20260809,47,1e-12,50,0.0,16,True,False,16,True
Climate,27,20260809,48,0.001,2,7.196758324972086e-05,1,True,False,18,True
Climate,27,20260809,48,0.001,5,7.196758324972086e-05,1,True,False,18,True
Climate,27,20260809,48,0.001,50,7.196758324972086e-05,1,True,False,18,True
Climate,27,20260809,48,1e-05,2,1.89432119778082e-05,2,False,True,18,True
Climate,27,20260809,48,1e-05,5,1.7013757458519378e-06,4,True,False,18,True
Climate,27,20260809,48,1e-05,50,1.7013757458519378e-06,4,True,False,18,True
Climate,27,20260809,48,1e-12,2,1.89432119778082e-05,2,False,True,18,True
Climate,27,20260809,48,1e-12,5,5.35339395522273e-07,5,False,True,18,True
Climate,27,20260809,48,1e-12,50,0.0,18,True,False,18,True
Climate,27,20260809,49,0.001,2,0.00010414125596645309,1,True,False,20,True
Climate,27,20260809,49,0.001,5,0.00010414125596645309,1,True,False,20,True
Climate,27,20260809,49,0.001,50,0.00010414125596645309,1,True,False,20,True
Climate,27,20260809,49,1e-05,2,3.7616288206555525e-05,2,False,True,20,True
Climate,27,20260809,49,1e-05,5,4.84676692435565e-06,4,True,False,20,True
Climate,27,20260809,49,1e-05,50,4.84676692435565e-06,4,True,False,20,True
Climate,27,20260809,49,1e-12,2,3.7616288206555525e-05,2,False,True,20,True
Climate,27,20260809,49,1e-12,5,1.7407229127768563e-06,5,False,True,20,True
Climate,27,20260809,49,1e-12,50,0.0,20,True,False,20,True
Climate,27,20260809,50,0.001,2,1.3852392521983911e-05,2,True,False,8,True
Climate,27,20260809,50,0.001,5,1.3852392521983911e-05,2,True,False,8,True
Climate,27,20260809,50,0.001,50,1.3852392521983911e-05,2,True,False,8,True
Climate,27,20260809,50,1e-05,2,1.3852392521983911e-05,2,False,True,8,True
Climate,27,20260809,50,1e-05,5,1.0556035661054175e-08,4,True,False,8,True
Climate,27,20260809,50,1e-05,50,1.0556035661054175e-08,4,True,False,8,True
Climate,27,20260809,50,1e-12,2,1.3852392521983911e-05,2,False,True,8,True
Climate,27,20260809,50,1e-12,5,2.913605150248321e-10,5,False,True,8,True
Climate,27,20260809,50,1e-12,50,0.0,8,True,False,8,True
Climate,27,20260809,51,0.001,2,0.00024502370732968124,1,True,False,20,True
Climate,27,20260809,51,0.001,5,0.00024502370732968124,1,True,False,20,True
Climate,27,20260809,51,0.001,50,0.00024502370732968124,1,True,False,20,True
Climate,27,20260809,51,1e-05,2,8.577361388284093e-05,2,False,True,20,True
Climate,27,20260809,51,1e-05,5,3.4553504884390315e-06,5,True,False,20,True
Climate,27,20260809,51,1e-05,50,3.4553504884390315e-06,5,True,False,20,True
Climate,27,20260809,51,1e-12,2,8.577361388284093e-05,2,False,True,20,True
Climate,27,20260809,51,1e-12,5,3.4553504884390315e-06,5,False,True,20,True
Climate,27,20260809,51,1e-12,50,0.0,20,True,False,20,True
Climate,27,20260809,52,0.001,2,9.406666981332896e-05,1,True,False,19,True
Climate,27,20260809,52,0.001,5,9.406666981332896e-05,1,True,False,19,True
Climate,27,20260809,52,0.001,50,9.406666981332896e-05,1,True,False,19,True
Climate,27,20260809,52,1e-05,2,2.9704333943381488e-05,2,False,True,19,True
Climate,27,20260809,52,1e-05,5,3.3752576657835514e-06,4,True,False,19,True
Climate,27,20260809,52,1e-05,50,3.3752576657835514e-06,4,True,False,19,True
Climate,27,20260809,52,1e-12,2,2.9704333943381488e-05,2,False,True,19,True
Climate,27,20260809,52,1e-12,5,1.167681079476951e-06,5,False,True,19,True
Climate,27,20260809,52,1e-12,50,0.0,19,True,False,19,True
Climate,27,20260809,53,0.001,2,0.00015108307403902135,1,True,False,16,True
Climate,27,20260809,53,0.001,5,0.00015108307403902135,1,True,False,16,True
Climate,27,20260809,53,0.001,50,0.00015108307403902135,1,True,False,16,True
Climate,27,20260809,53,1e-05,2,3.6464579899940034e-05,2,False,True,16,True
Climate,27,20260809,53,1e-05,5,1.9599573888112503e-06,4,True,False,16,True
Climate,27,20260809,53,1e-05,50,1.9599573888112503e-06,4,True,False,16,True
Climate,27,20260809,53,1e-12,2,3.6464579899940034e-05,2,False,True,16,True
Climate,27,20260809,53,1e-12,5,4.561177537357754e-07,5,False,True,16,True
Climate,27,20260809,53,1e-12,50,0.0,16,True,False,16,True
Climate,27,20260809,54,0.001,2,6.019364627230906e-05,1,True,False,14,True
Climate,27,20260809,54,0.001,5,6.019364627230906e-05,1,True,False,14,True
Climate,27,20260809,54,0.001,50,6.019364627230906e-05,1,True,False,14,True
Climate,27,20260809,54,1e-05,2,9.171013880736596e-06,2,False,True,14,True
Climate,27,20260809,54,1e-05,5,1.4776886862803998e-06,3,True,False,14,True
Climate,27,20260809,54,1e-05,50,1.4776886862803998e-06,3,True,False,14,True
Climate,27,20260809,54,1e-12,2,9.171013880736596e-06,2,False,True,14,True
Climate,27,20260809,54,1e-12,5,5.174484616521716e-08,5,False,True,14,True
Climate,27,20260809,54,1e-12,50,0.0,14,True,False,14,True
Climate,27,20260809,55,0.001,2,3.2328049998249747e-06,2,True,False,8,True
Climate,27,20260809,55,0.001,5,3.2328049998249747e-06,2,True,False,8,True
Climate,27,20260809,55,0.001,50,3.2328049998249747e-06,2,True,False,8,True
Climate,27,20260809,55,1e-05,2,3.2328049998249747e-06,2,False,True,8,True
Climate,27,20260809,55,1e-05,5,9.923233059718207e-08,3,True,False,8,True
Climate,27,20260809,55,1e-05,50,9.923233059718207e-08,3,True,False,8,True
Climate,27,20260809,55,1e-12,2,3.2328049998249747e-06,2,False,True,8,True
Climate,27,20260809,55,1e-12,5,1.186221225655041e-10,5,False,True,8,True
Climate,27,20260809,55,1e-12,50,0.0,8,True,False,8,True
Climate,27,20260809,56,0.001,2,0.0001062332158335197,1,True,False,17,True
Climate,27,20260809,56,0.001,5,0.0001062332158335197,1,True,False,17,True
Climate,27,20260809,56,0.001,50,0.0001062332158335197,1,True,False,17,True
Climate,27,20260809,56,1e-05,2,2.676219117923872e-05,2,False,True,17,True
Climate,27,20260809,56,1e-05,5,1.9025808280250374e-06,4,True,False,17,True
Climate,27,20260809,56,1e-05,50,1.9025808280250374e-06,4,True,False,17,True
Climate,27,20260809,56,1e-12,2,2.676219117923872e-05,2,False,True,17,True
Climate,27,20260809,56,1e-12,5,5.380693371575958e-07,5,False,True,17,True
Climate,27,20260809,56,1e-12,50,0.0,17,True,False,17,True
Climate,27,20260809,57,0.001,2,4.284001552304942e-05,1,True,False,15,True
Climate,27,20260809,57,0.001,5,4.284001552304942e-05,1,True,False,15,True
Climate,27,20260809,57,0.001,50,4.284001552304942e-05,1,True,False,15,True
Climate,27,20260809,57,1e-05,2,1.0394224741819077e-05,2,False,True,15,True
Climate,27,20260809,57,1e-05,5,2.5105979222501064e-06,3,True,False,15,True
Climate,27,20260809,57,1e-05,50,2.5105979222501064e-06,3,True,False,15,True
Climate,27,20260809,57,1e-12,2,1.0394224741819077e-05,2,False,True,15,True
Climate,27,20260809,57,1e-12,5,1.4608271512093465e-07,5,False,True,15,True
Climate,27,20260809,57,1e-12,50,0.0,15,True,False,15,True
Climate,27,20260809,58,0.001,2,3.6413078714350784e-05,1,True,False,18,True
Climate,27,20260809,58,0.001,5,3.6413078714350784e-05,1,True,False,18,True
Climate,27,20260809,58,0.001,50,3.6413078714350784e-05,1,True,False,18,True
Climate,27,20260809,58,1e-05,2,1.2166232333141553e-05,2,False,True,18,True
Climate,27,20260809,58,1e-05,5,4.173516481556475e-06,3,True,False,18,True
Climate,27,20260809,58,1e-05,50,4.173516481556475e-06,3,True,False,18,True
Climate,27,20260809,58,1e-12,2,1.2166232333141553e-05,2,False,True,18,True
Climate,27,20260809,58,1e-12,5,4.950348305390687e-07,5,False,True,18,True
Climate,27,20260809,58,1e-12,50,0.0,18,True,False,18,True
Climate,27,20260809,59,0.001,2,5.766921858835911e-06,2,True,False,8,True
Climate,27,20260809,59,0.001,5,5.766921858835911e-06,2,True,False,8,True
Climate,27,20260809,59,0.001,50,5.766921858835911e-06,2,True,False,8,True
Climate,27,20260809,59,1e-05,2,5.766921858835911e-06,2,False,True,8,True
Climate,27,20260809,59,1e-05,5,1.266465217143432e-07,3,True,False,8,True
Climate,27,20260809,59,1e-05,50,1.266465217143432e-07,3,True,False,8,True
Climate,27,20260809,59,1e-12,2,5.766921858835911e-06,2,False,True,8,True
Climate,27,20260809,59,1e-12,5,9.291863857051768e-11,5,False,True,8,True
Climate,27,20260809,59,1e-12,50,0.0,8,True,False,8,True
Climate,27,20260809,60,0.001,2,0.0001498075168487553,1,True,False,20,True
Climate,27,20260809,60,0.001,5,0.0001498075168487553,1,True,False,20,True
Climate,27,20260809,60,0.001,50,0.0001498075168487553,1,True,False,20,True
Climate,27,20260809,60,1e-05,2,5.1350516275221936e-05,2,False,True,20,True
Climate,27,20260809,60,1e-05,5,2.1727074226025322e-06,5,True,False,20,True
Climate,27,20260809,60,1e-05,50,2.1727074226025322e-06,5,True,False,20,True
Climate,27,20260809,60,1e-12,2,5.1350516275221936e-05,2,False,True,20,True
Climate,27,20260809,60,1e-12,5,2.1727074226025322e-06,5,False,True,20,True
Climate,27,20260809,60,1e-12,50,0.0,20,True,False,20,True
Climate,27,20260809,61,0.001,2,9.150886506446007e-05,1,True,False,18,True
Climate,27,20260809,61,0.001,5,9.150886506446007e-05,1,True,False,18,True
Climate,27,20260809,61,0.001,50,9.150886506446007e-05,1,True,False,18,True
Climate,27,20260809,61,1e-05,2,2.5610905826020865e-05,2,False,True,18,True
Climate,27,20260809,61,1e-05,5,2.1561883345576645e-06,4,True,False,18,True
Climate,27,20260809,61,1e-05,50,2.1561883345576645e-06,4,True,False,18,True
Climate,27,20260809,61,1e-12,2,2.5610905826020865e-05,2,False,True,18,True
Climate,27,20260809,61,1e-12,5,6.510384125563789e-07,5,False,True,18,True
Climate,27,20260809,61,1e-12,50,0.0,18,True,False,18,True
Climate,27,20260809,62,0.001,2,3.5846436924048255e-06,2,True,False,8,True
Climate,27,20260809,62,0.001,5,3.5846436924048255e-06,2,True,False,8,True
Climate,27,20260809,62,0.001,50,3.5846436924048255e-06,2,True,False,8,True
Climate,27,20260809,62,1e-05,2,3.5846436924048255e-06,2,False,True,8,True
Climate,27,20260809,62,1e-05,5,9.761637000329286e-08,3,True,False,8,True
Climate,27,20260809,62,1e-05,50,9.761637000329286e-08,3,True,False,8,True
Climate,27,20260809,62,1e-12,2,3.5846436924048255e-06,2,False,True,8,True
Climate,27,20260809,62,1e-12,5,7.26389204274879e-11,5,False,True,8,True
Climate,27,20260809,62,1e-12,50,0.0,8,True,False,8,True
Climate,27,20260809,63,0.001,2,2.9519856092014695e-05,2,True,False,9,True
Climate,27,20260809,63,0.001,5,2.9519856092014695e-05,2,True,False,9,True
Climate,27,20260809,63,0.001,50,2.9519856092014695e-05,2,True,False,9,True
Climate,27,20260809,63,1e-05,2,2.9519856092014695e-05,2,False,True,9,True
Climate,27,20260809,63,1e-05,5,4.210947975154478e-08,4,True,False,9,True
Climate,27,20260809,63,1e-05,50,4.210947975154478e-08,4,True,False,9,True
Climate,27,20260809,63,1e-12,2,2.9519856092014695e-05,2,False,True,9,True
Climate,27,20260809,63,1e-12,5,1.5889849029243163e-09,5,False,True,9,True
Climate,27,20260809,63,1e-12,50,0.0,9,True,False,9,True
Climate,27,20260809,64,0.001,2,2.204390874207331e-05,1,True,False,16,True
Climate,27,20260809,64,0.001,5,2.204390874207331e-05,1,True,False,16,True
Climate,27,20260809,64,0.001,50,2.204390874207331e-05,1,True,False,16,True
Climate,27,20260809,64,1e-05,2,6.163981252901158e-06,2,False,True,16,True
Climate,27,20260809,64,1e-05,5,1.7698353918068776e-06,3,True,False,16,True
Climate,27,20260809,64,1e-05,50,1.7698353918068776e-06,3,True,False,16,True
Climate,27,20260809,64,1e-12,2,6.163981252901158e-06,2,False,True,16,True
Climate,27,20260809,64,1e-12,5,1.5418901631755552e-07,5,False,True,16,True
Climate,27,20260809,64,1e-12,50,0.0,16,True,False,16,True
Climate,27,20260809,65,0.001,2,7.424024396952425e-05,1,True,False,20,True
Climate,27,20260809,65,0.001,5,7.424024396952425e-05,1,True,False,20,True
Climate,27,20260809,65,0.001,50,7.424024396952425e-05,1,True,False,20,True
Climate,27,20260809,65,1e-05,2,2.374555928406425e-05,2,False,True,20,True
Climate,27,20260809,65,1e-05,5,2.8615125099587507e-06,4,True,False,20,True
Climate,27,20260809,65,1e-05,50,2.8615125099587507e-06,4,True,False,20,True
Climate,27,20260809,65,1e-12,2,2.374555928406425e-05,2,False,True,20,True
Climate,27,20260809,65,1e-12,5,1.0267178694830135e-06,5,False,True,20,True
Climate,27,20260809,65,1e-12,50,0.0,20,True,False,20,True
Climate,27,20260809,66,0.001,2,7.921247664174849e-05,1,True,False,17,True
Climate,27,20260809,66,0.001,5,7.921247664174849e-05,1,True,False,17,True
Climate,27,20260809,66,0.001,50,7.921247664174849e-05,1,True,False,17,True
Climate,27,20260809,66,1e-05,2,2.2329776783413633e-05,2,False,True,17,True
Climate,27,20260809,66,1e-05,5,1.7754767096717732e-06,4,True,False,17,True
Climate,27,20260809,66,1e-05,50,1.7754767096717732e-06,4,True,False,17,True
Climate,27,20260809,66,1e-12,2,2.2329776783413633e-05,2,False,True,17,True
Climate,27,20260809,66,1e-12,5,5.008787123658638e-07,5,False,True,17,True
Climate,27,20260809,66,1e-12,50,0.0,17,True,False,17,True
Climate,27,20260809,67,0.001,2,0.00013602147543832047,1,True,False,18,True
Climate,27,20260809,67,0.001,5,0.00013602147543832047,1,True,False,18,True
Climate,27,20260809,67,0.001,50,0.00013602147543832047,1,True,False,18,True
Climate,27,20260809,67,1e-05,2,3.871035102846794e-05,2,False,True,18,True
Climate,27,20260809,67,1e-05,5,3.3858660760601375e-06,4,True,False,18,True
Climate,27,20260809,67,1e-05,50,3.3858660760601375e-06,4,True,False,18,True
Climate,27,20260809,67,1e-12,2,3.871035102846794e-05,2,False,True,18,True
Climate,27,20260809,67,1e-12,5,1.0215718884159076e-06,5,False,True,18,True
Climate,27,20260809,67,1e-12,50,0.0,18,True,False,18,True
Climate,27,20260809,68,0.001,2,0.00010669386143773963,1,True,False,24,True
Climate,27,20260809,68,0.001,5,0.00010669386143773963,1,True,False,24,True
Climate,27,20260809,68,0.001,50,0.00010669386143773963,1,True,False,24,True
Climate,27,20260809,68,1e-05,2,4.5666517248233834e-05,2,False,True,24,True
Climate,27,20260809,68,1e-05,5,3.599120317960517e-06,5,True,False,24,True
Climate,27,20260809,68,1e-05,50,3.599120317960517e-06,5,True,False,24,True
Climate,27,20260809,68,1e-12,2,4.5666517248233834e-05,2,False,True,24,True
Climate,27,20260809,68,1e-12,5,3.599120317960517e-06,5,False,True,24,True
Climate,27,20260809,68,1e-12,50,0.0,24,True,False,24,True
Climate,27,20260809,69,0.001,2,1.4423446847759953e-05,1,True,False,21,True
Climate,27,20260809,69,0.001,5,1.4423446847759953e-05,1,True,False,21,True
Climate,27,20260809,69,0.001,50,1.4423446847759953e-05,1,True,False,21,True
Climate,27,20260809,69,1e-05,2,5.64224852381877e-06,2,True,False,21,True
Climate,27,20260809,69,1e-05,5,5.64224852381877e-06,2,True,False,21,True
Climate,27,20260809,69,1e-05,50,5.64224852381877e-06,2,True,False,21,True
Climate,27,20260809,69,1e-12,2,5.64224852381877e-06,2,False,True,21,True
Climate,27,20260809,69,1e-12,5,4.423751184061132e-07,5,False,True,21,True
Climate,27,20260809,69,1e-12,50,0.0,21,True,False,21,True
Climate,27,20260809,70,0.001,2,2.3921159145839255e-05,1,True,False,19,True
Climate,27,20260809,70,0.001,5,2.3921159145839255e-05,1,True,False,19,True
Climate,27,20260809,70,0.001,50,2.3921159145839255e-05,1,True,False,19,True
Climate,27,20260809,70,1e-05,2,8.255496564551706e-06,2,False,True,19,True
Climate,27,20260809,70,1e-05,5,2.9791988519530658e-06,3,True,False,19,True
Climate,27,20260809,70,1e-05,50,2.9791988519530658e-06,3,True,False,19,True
Climate,27,20260809,70,1e-12,2,8.255496564551706e-06,2,False,True,19,True
Climate,27,20260809,70,1e-12,5,4.0665277311861977e-07,5,False,True,19,True
Climate,27,20260809,70,1e-12,50,0.0,19,True,False,19,True
Climate,27,20260809,71,0.001,2,7.820490014025739e-05,1,True,False,19,True
Climate,27,20260809,71,0.001,5,7.820490014025739e-05,1,True,False,19,True
Climate,27,20260809,71,0.001,50,7.820490014025739e-05,1,True,False,19,True
Climate,27,20260809,71,1e-05,2,2.630795251459496e-05,2,False,True,19,True
Climate,27,20260809,71,1e-05,5,3.1436118548858113e-06,4,True,False,19,True
Climate,27,20260809,71,1e-05,50,3.1436118548858113e-06,4,True,False,19,True
Climate,27,20260809,71,1e-12,2,2.630795251459496e-05,2,False,True,19,True
Climate,27,20260809,71,1e-12,5,1.0915837769670908e-06,5,False,True,19,True
Climate,27,20260809,71,1e-12,50,0.0,19,True,False,19,True
Climate,27,20260809,72,0.001,2,0.00012339859882983597,1,True,False,20,True
Climate,27,20260809,72,0.001,5,0.00012339859882983597,1,True,False,20,True
Climate,27,20260809,72,0.001,50,0.00012339859882983597,1,True,False,20,True
Climate,27,20260809,72,1e-05,2,4.356144261138168e-05,2,False,True,20,True
Climate,27,20260809,72,1e-05,5,5.46793822795837e-06,4,True,False,20,True
Climate,27,20260809,72,1e-05,50,5.46793822795837e-06,4,True,False,20,True
Climate,27,20260809,72,1e-12,2,4.356144261138168e-05,2,False,True,20,True
Climate,27,20260809,72,1e-12,5,1.937433405834417e-06,5,False,True,20,True
Climate,27,20260809,72,1e-12,50,0.0,20,True,False,20,True
Climate,27,20260809,73,0.001,2,8.939594282506348e-05,1,True,False,19,True
Climate,27,20260809,73,0.001,5,8.939594282506348e-05,1,True,False,19,True
Climate,27,20260809,73,0.001,50,8.939594282506348e-05,1,True,False,19,True
Climate,27,20260809,73,1e-05,2,2.9018698398455942e-05,2,False,True,19,True
Climate,27,20260809,73,1e-05,5,3.5058127283834056e-06,4,True,False,19,True
Climate,27,20260809,73,1e-05,50,3.5058127283834056e-06,4,True,False,19,True
Climate,27,20260809,73,1e-12,2,2.9018698398455942e-05,2,False,True,19,True
Climate,27,20260809,73,1e-12,5,1.2267724592635513e-06,5,False,True,19,True
Climate,27,20260809,73,1e-12,50,0.0,19,True,False,19,True
Climate,27,20260809,74,0.001,2,0.0001288918369330577,1,True,False,23,True
Climate,27,20260809,74,0.001,5,0.0001288918369330577,1,True,False,23,True
Climate,27,20260809,74,0.001,50,0.0001288918369330577,1,True,False,23,True
Climate,27,20260809,74,1e-05,2,5.481179134569689e-05,2,False,True,23,True
Climate,27,20260809,74,1e-05,5,4.11623268182987e-06,5,True,False,23,True
Climate,27,20260809,74,1e-05,50,4.11623268182987e-06,5,True,False,23,True
Climate,27,20260809,74,1e-12,2,5.481179134569689e-05,2,False,True,23,True
Climate,27,20260809,74,1e-12,5,4.11623268182987e-06,5,False,True,23,True
Climate,27,20260809,74,1e-12,50,0.0,23,True,False,23,True
Climate,27,20260809,75,0.001,2,7.295257772453831e-05,1,True,False,18,True
Climate,27,20260809,75,0.001,5,7.295257772453831e-05,1,True,False,18,True
Climate,27,20260809,75,0.001,50,7.295257772453831e-05,1,True,False,18,True
Climate,27,20260809,75,1e-05,2,2.137640200588001e-05,2,False,True,18,True
Climate,27,20260809,75,1e-05,5,1.979117674162565e-06,4,True,False,18,True
Climate,27,20260809,75,1e-05,50,1.979117674162565e-06,4,True,False,18,True
Climate,27,20260809,75,1e-12,2,2.137640200588001e-05,2,False,True,18,True
Climate,27,20260809,75,1e-12,5,6.155586256435957e-07,5,False,True,18,True
Climate,27,20260809,75,1e-12,50,0.0,18,True,False,18,True
Climate,27,20260809,76,0.001,2,0.00014795750165699182,1,True,False,18,True
Climate,27,20260809,76,0.001,5,0.00014795750165699182,1,True,False,18,True
Climate,27,20260809,76,0.001,50,0.00014795750165699182,1,True,False,18,True
Climate,27,20260809,76,1e-05,2,4.528409418043956e-05,2,False,True,18,True
Climate,27,20260809,76,1e-05,5,4.061278173064465e-06,4,True,False,18,True
Climate,27,20260809,76,1e-05,50,4.061278173064465e-06,4,True,False,18,True
Climate,27,20260809,76,1e-12,2,4.528409418043956e-05,2,False,True,18,True
Climate,27,20260809,76,1e-12,5,1.2112216225506724e-06,5,False,True,18,True
Climate,27,20260809,76,1e-12,50,0.0,18,True,False,18,True
Climate,27,20260809,77,0.001,2,2.8931099728980365e-05,1,True,False,18,True
Climate,27,20260809,77,0.001,5,2.8931099728980365e-05,1,True,False,18,True
Climate,27,20260809,77,0.001,50,2.8931099728980365e-05,1,True,False,18,True
Climate,27,20260809,77,1e-05,2,9.740561872386381e-06,2,False,True,18,True
Climate,27,20260809,77,1e-05,5,3.30537959461874e-06,3,True,False,18,True
Climate,27,20260809,77,1e-05,50,3.30537959461874e-06,3,True,False,18,True
Climate,27,20260809,77,1e-12,2,9.740561872386381e-06,2,False,True,18,True
Climate,27,20260809,77,1e-12,5,3.8079834413369705e-07,5,False,True,18,True
Climate,27,20260809,77,1e-12,50,0.0,18,True,False,18,True
Climate,27,20260809,78,0.001,2,8.547627021946054e-05,1,True,False,19,True
Climate,27,20260809,78,0.001,5,8.547627021946054e-05,1,True,False,19,True
Climate,27,20260809,78,0.001,50,8.547627021946054e-05,1,True,False,19,True
Climate,27,20260809,78,1e-05,2,2.7962543204159e-05,2,False,True,19,True
Climate,27,20260809,78,1e-05,5,3.0170848047463413e-06,4,True,False,19,True
Climate,27,20260809,78,1e-05,50,3.0170848047463413e-06,4,True,False,19,True
Climate,27,20260809,78,1e-12,2,2.7962543204159e-05,2,False,True,19,True
Climate,27,20260809,78,1e-12,5,9.96294757503799e-07,5,False,True,19,True
Climate,27,20260809,78,1e-12,50,0.0,19,True,False,19,True
Climate,27,20260809,79,0.001,2,7.452386887430754e-05,1,True,False,19,True
Climate,27,20260809,79,0.001,5,7.452386887430754e-05,1,True,False,19,True
Climate,27,20260809,79,0.001,50,7.452386887430754e-05,1,True,False,19,True
Climate,27,20260809,79,1e-05,2,2.2614012283015592e-05,2,False,True,19,True
Climate,27,20260809,79,1e-05,5,2.5626943389921954e-06,4,True,False,19,True
Climate,27,20260809,79,1e-05,50,2.5626943389921954e-06,4,True,False,19,True
Climate,27,20260809,79,1e-12,2,2.2614012283015592e-05,2,False,True,19,True
Climate,27,20260809,79,1e-12,5,8.93134365389267e-07,5,False,True,19,True
Climate,27,20260809,79,1e-12,50,0.0,19,True,False,19,True
Climate,27,20260809,80,0.001,2,6.109971132209279e-05,1,True,False,17,True
Climate,27,20260809,80,0.001,5,6.109971132209279e-05,1,True,False,17,True
Climate,27,20260809,80,0.001,50,6.109971132209279e-05,1,True,False,17,True
Climate,27,20260809,80,1e-05,2,1.124281253863436e-05,2,False,True,17,True
Climate,27,20260809,80,1e-05,5,2.1015307963576627e-06,3,True,False,17,True
Climate,27,20260809,80,1e-05,50,2.1015307963576627e-06,3,True,False,17,True
Climate,27,20260809,80,1e-12,2,1.124281253863436e-05,2,False,True,17,True
Climate,27,20260809,80,1e-12,5,9.665315803168805e-08,5,False,True,17,True
Climate,27,20260809,80,1e-12,50,0.0,17,True,False,17,True
Climate,27,20260809,81,0.001,2,7.564593518501309e-05,1,True,False,17,True
Climate,27,20260809,81,0.001,5,7.564593518501309e-05,1,True,False,17,True
Climate,27,20260809,81,0.001,50,7.564593518501309e-05,1,True,False,17,True
Climate,27,20260809,81,1e-05,2,2.2525793799619043e-05,2,False,True,17,True
Climate,27,20260809,81,1e-05,5,1.9787782534978006e-06,4,True,False,17,True
Climate,27,20260809,81,1e-05,50,1.9787782534978006e-06,4,True,False,17,True
Climate,27,20260809,81,1e-12,2,2.2525793799619043e-05,2,False,True,17,True
Climate,27,20260809,81,1e-12,5,5.85939050635339e-07,5,False,True,17,True
Climate,27,20260809,81,1e-12,50,0.0,17,True,False,17,True
Climate,27,20260809,82,0.001,2,6.376559130426118e-06,2,True,False,9,True
Climate,27,20260809,82,0.001,5,6.376559130426118e-06,2,True,False,9,True
Climate,27,20260809,82,0.001,50,6.376559130426118e-06,2,True,False,9,True
Climate,27,20260809,82,1e-05,2,6.376559130426118e-06,2,False,True,9,True
Climate,27,20260809,82,1e-05,5,2.9721971007157795e-07,3,True,False,9,True
Climate,27,20260809,82,1e-05,50,2.9721971007157795e-07,3,True,False,9,True
Climate,27,20260809,82,1e-12,2,6.376559130426118e-06,2,False,True,9,True
Climate,27,20260809,82,1e-12,5,6.637161685736199e-10,5,False,True,9,True
Climate,27,20260809,82,1e-12,50,0.0,9,True,False,9,True
Climate,27,20260809,83,0.001,2,5.229897008896306e-05,1,True,False,21,True
Climate,27,20260809,83,0.001,5,5.229897008896306e-05,1,True,False,21,True
Climate,27,20260809,83,0.001,50,5.229897008896306e-05,1,True,False,21,True
Climate,27,20260809,83,1e-05,2,1.3641442020467161e-05,2,False,True,21,True
Climate,27,20260809,83,1e-05,5,4.569848812265657e-06,3,True,False,21,True
Climate,27,20260809,83,1e-05,50,4.569848812265657e-06,3,True,False,21,True
Climate,27,20260809,83,1e-12,2,1.3641442020467161e-05,2,False,True,21,True
Climate,27,20260809,83,1e-12,5,7.040260801009975e-07,5,False,True,21,True
Climate,27,20260809,83,1e-12,50,0.0,21,True,False,21,True
Climate,27,20260809,84,0.001,2,4.047086047697702e-05,1,True,False,14,True
Climate,27,20260809,84,0.001,5,4.047086047697702e-05,1,True,False,14,True
Climate,27,20260809,84,0.001,50,4.047086047697702e-05,1,True,False,14,True
Climate,27,20260809,84,1e-05,2,9.073112037762605e-06,2,False,True,14,True
Climate,27,20260809,84,1e-05,5,2.025885868220342e-06,3,True,False,14,True
Climate,27,20260809,84,1e-05,50,2.025885868220342e-06,3,True,False,14,True
Climate,27,20260809,84,1e-12,2,9.073112037762605e-06,2,False,True,14,True
Climate,27,20260809,84,1e-12,5,1.0076039914563603e-07,5,False,True,14,True
Climate,27,20260809,84,1e-12,50,0.0,14,True,False,14,True
Climate,27,20260809,85,0.001,2,4.824718447508519e-05,1,True,False,22,True
Climate,27,20260809,85,0.001,5,4.824718447508519e-05,1,True,False,22,True
Climate,27,20260809,85,0.001,50,4.824718447508519e-05,1,True,False,22,True
Climate,27,20260809,85,1e-05,2,1.9890995346837775e-05,2,False,True,22,True
Climate,27,20260809,85,1e-05,5,3.4197841906491617e-06,4,True,False,22,True
Climate,27,20260809,85,1e-05,50,3.4197841906491617e-06,4,True,False,22,True
Climate,27,20260809,85,1e-12,2,1.9890995346837775e-05,2,False,True,22,True
Climate,27,20260809,85,1e-12,5,1.4182182412958e-06,5,False,True,22,True
Climate,27,20260809,85,1e-12,50,0.0,22,True,False,22,True
Climate,27,20260809,86,0.001,2,0.00029122251984294294,1,True,False,24,True
Climate,27,20260809,86,0.001,5,0.00029122251984294294,1,True,False,24,True
Climate,27,20260809,86,0.001,50,0.00029122251984294294,1,True,False,24,True
Climate,27,20260809,86,1e-05,2,0.00012366777745216503,2,False,True,24,True
Climate,27,20260809,86,1e-05,5,8.477662455662625e-06,5,False,True,24,True
Climate,27,20260809,86,1e-05,50,3.434092602352704e-06,6,True,False,24,True
Climate,27,20260809,86,1e-12,2,0.00012366777745216503,2,False,True,24,True
Climate,27,20260809,86,1e-12,5,8.477662455662625e-06,5,False,True,24,True
Climate,27,20260809,86,1e-12,50,0.0,24,True,False,24,True
Climate,27,20260809,87,0.001,2,8.124100411520197e-05,1,True,False,20,True
Climate,27,20260809,87,0.001,5,8.124100411520197e-05,1,True,False,20,True
Climate,27,20260809,87,0.001,50,8.124100411520197e-05,1,True,False,20,True
Climate,27,20260809,87,1e-05,2,2.7616854709060876e-05,2,False,True,20,True
Climate,27,20260809,87,1e-05,5,3.4160471232970963e-06,4,True,False,20,True
Climate,27,20260809,87,1e-05,50,3.4160471232970963e-06,4,True,False,20,True
Climate,27,20260809,87,1e-12,2,2.7616854709060876e-05,2,False,True,20,True
Climate,27,20260809,87,1e-12,5,1.2044599250606457e-06,5,False,True,20,True
Climate,27,20260809,87,1e-12,50,0.0,20,True,False,20,True
Climate,27,20260809,88,0.001,2,0.00011867484336735155,1,True,False,21,True
Climate,27,20260809,88,0.001,5,0.00011867484336735155,1,True,False,21,True
Climate,27,20260809,88,0.001,50,0.00011867484336735155,1,True,False,21,True
Climate,27,20260809,88,1e-05,2,4.493427967448316e-05,2,False,True,21,True
Climate,27,20260809,88,1e-05,5,2.4021465930449065e-06,5,True,False,21,True
Climate,27,20260809,88,1e-05,50,2.4021465930449065e-06,5,True,False,21,True
Climate,27,20260809,88,1e-12,2,4.493427967448316e-05,2,False,True,21,True
Climate,27,20260809,88,1e-12,5,2.4021465930449065e-06,5,False,True,21,True
Climate,27,20260809,88,1e-12,50,0.0,21,True,False,21,True
Climate,27,20260809,89,0.001,2,0.00012954615947181986,1,True,False,16,True
Climate,27,20260809,89,0.001,5,0.00012954615947181986,1,True,False,16,True
Climate,27,20260809,89,0.001,50,0.00012954615947181986,1,True,False,16,True
Climate,27,20260809,89,1e-05,2,3.5445501841018865e-05,2,False,True,16,True
Climate,27,20260809,89,1e-05,5,2.5205600082672286e-06,4,True,False,16,True
Climate,27,20260809,89,1e-05,50,2.5205600082672286e-06,4,True,False,16,True
Climate,27,20260809,89,1e-12,2,3.5445501841018865e-05,2,False,True,16,True
Climate,27,20260809,89,1e-12,5,6.689228742442312e-07,5,False,True,16,True
Climate,27,20260809,89,1e-12,50,0.0,16,True,False,16,True
Climate,27,20260809,90,0.001,2,6.803317215829988e-05,1,True,False,27,True
Climate,27,20260809,90,0.001,5,6.803317215829988e-05,1,True,False,27,True
Climate,27,20260809,90,0.001,50,6.803317215829988e-05,1,True,False,27,True
Climate,27,20260809,90,1e-05,2,3.371620655817076e-05,2,False,True,27,True
Climate,27,20260809,90,1e-05,5,8.360924748433361e-06,4,True,False,27,True
Climate,27,20260809,90,1e-05,50,8.360924748433361e-06,4,True,False,27,True
Climate,27,20260809,90,1e-12,2,3.371620655817076e-05,2,False,True,27,True
Climate,27,20260809,90,1e-12,5,4.163949034354427e-06,5,False,True,27,True
Climate,27,20260809,90,1e-12,50,0.0,27,True,False,27,True
Climate,27,20260809,91,0.001,2,0.00010150340726939001,1,True,False,29,True
Climate,27,20260809,91,0.001,5,0.00010150340726939001,1,True,False,29,True
Climate,27,20260809,91,0.001,50,0.00010150340726939001,1,True,False,29,True
Climate,27,20260809,91,1e-05,2,5.1805579655436195e-05,2,False,True,29,True
Climate,27,20260809,91,1e-05,5,6.8281616448559246e-06,5,True,False,29,True
Climate,27,20260809,91,1e-05,50,6.8281616448559246e-06,5,True,False,29,True
Climate,27,20260809,91,1e-12,2,5.1805579655436195e-05,2,False,True,29,True
Climate,27,20260809,91,1e-12,5,6.8281616448559246e-06,5,False,True,29,True
Climate,27,20260809,91,1e-12,50,0.0,29,True,False,29,True
Climate,27,20260809,92,0.001,2,0.00010565502897144565,1,True,False,19,True
Climate,27,20260809,92,0.001,5,0.00010565502897144565,1,True,False,19,True
Climate,27,20260809,92,0.001,50,0.00010565502897144565,1,True,False,19,True
Climate,27,20260809,92,1e-05,2,3.4398406610840394e-05,2,False,True,19,True
Climate,27,20260809,92,1e-05,5,3.686350253712452e-06,4,True,False,19,True
Climate,27,20260809,92,1e-05,50,3.686350253712452e-06,4,True,False,19,True
Climate,27,20260809,92,1e-12,2,3.4398406610840394e-05,2,False,True,19,True
Climate,27,20260809,92,1e-12,5,1.2086690343055966e-06,5,False,True,19,True
Climate,27,20260809,92,1e-12,50,0.0,19,True,False,19,True
Climate,27,20260809,93,0.001,2,0.0001272602889336498,1,True,False,22,True
Climate,27,20260809,93,0.001,5,0.0001272602889336498,1,True,False,22,True
Climate,27,20260809,93,0.001,50,0.0001272602889336498,1,True,False,22,True
Climate,27,20260809,93,1e-05,2,4.9807124554128526e-05,2,False,True,22,True
Climate,27,20260809,93,1e-05,5,2.867575393649154e-06,5,True,False,22,True
Climate,27,20260809,93,1e-05,50,2.867575393649154e-06,5,True,False,22,True
Climate,27,20260809,93,1e-12,2,4.9807124554128526e-05,2,False,True,22,True
Climate,27,20260809,93,1e-12,5,2.867575393649154e-06,5,False,True,22,True
Climate,27,20260809,93,1e-12,50,0.0,22,True,False,22,True
Climate,27,20260809,94,0.001,2,0.00012879107148880842,1,True,False,19,True
Climate,27,20260809,94,0.001,5,0.00012879107148880842,1,True,False,19,True
Climate,27,20260809,94,0.001,50,0.00012879107148880842,1,True,False,19,True
Climate,27,20260809,94,1e-05,2,4.3274683254722866e-05,2,False,True,19,True
Climate,27,20260809,94,1e-05,5,4.908968604955456e-06,4,True,False,19,True
Climate,27,20260809,94,1e-05,50,4.908968604955456e-06,4,True,False,19,True
Climate,27,20260809,94,1e-12,2,4.3274683254722866e-05,2,False,True,19,True
Climate,27,20260809,94,1e-12,5,1.6558381531228163e-06,5,False,True,19,True
Climate,27,20260809,94,1e-12,50,0.0,19,True,False,19,True
Climate,27,20260809,95,0.001,2,6.15805456868524e-05,1,True,False,13,True
Climate,27,20260809,95,0.001,5,6.15805456868524e-05,1,True,False,13,True
Climate,27,20260809,95,0.001,50,6.15805456868524e-05,1,True,False,13,True
Climate,27,20260809,95,1e-05,2,9.111750230011771e-06,2,False,True,13,True
Climate,27,20260809,95,1e-05,5,1.5912758032882412e-06,3,True,False,13,True
Climate,27,20260809,95,1e-05,50,1.5912758032882412e-06,3,True,False,13,True
Climate,27,20260809,95,1e-12,2,9.111750230011771e-06,2,False,True,13,True
Climate,27,20260809,95,1e-12,5,4.9634352043311534e-08,5,False,True,13,True
Climate,27,20260809,95,1e-12,50,0.0,13,True,False,13,True
Climate,27,20260809,96,0.001,2,6.39143224465697e-05,1,True,False,20,True
Climate,27,20260809,96,0.001,5,6.39143224465697e-05,1,True,False,20,True
Climate,27,20260809,96,0.001,50,6.39143224465697e-05,1,True,False,20,True
Climate,27,20260809,96,1e-05,2,2.3515528807718847e-05,2,False,True,20,True
Climate,27,20260809,96,1e-05,5,3.331230088359021e-06,4,True,False,20,True
Climate,27,20260809,96,1e-05,50,3.331230088359021e-06,4,True,False,20,True
Climate,27,20260809,96,1e-12,2,2.3515528807718847e-05,2,False,True,20,True
Climate,27,20260809,96,1e-12,5,1.2535998886650746e-06,5,False,True,20,True
Climate,27,20260809,96,1e-12,50,0.0,20,True,False,20,True
Climate,27,20260809,97,0.001,2,3.57439267621351e-05,1,True,False,17,True
Climate,27,20260809,97,0.001,5,3.57439267621351e-05,1,True,False,17,True
Climate,27,20260809,97,0.001,50,3.57439267621351e-05,1,True,False,17,True
Climate,27,20260809,97,1e-05,2,1.102487539711631e-05,2,False,True,17,True
Climate,27,20260809,97,1e-05,5,3.40314714860638e-06,3,True,False,17,True
Climate,27,20260809,97,1e-05,50,3.40314714860638e-06,3,True,False,17,True
Climate,27,20260809,97,1e-12,2,1.102487539711631e-05,2,False,True,17,True
Climate,27,20260809,97,1e-12,5,3.2445694579781617e-07,5,False,True,17,True
Climate,27,20260809,97,1e-12,50,0.0,17,True,False,17,True
Climate,27,20260809,98,0.001,2,5.716273368476504e-05,1,True,False,15,True
Climate,27,20260809,98,0.001,5,5.716273368476504e-05,1,True,False,15,True
Climate,27,20260809,98,0.001,50,5.716273368476504e-05,1,True,False,15,True
Climate,27,20260809,98,1e-05,2,1.1780360985798698e-05,2,False,True,15,True
Climate,27,20260809,98,1e-05,5,2.6798103529788825e-06,3,True,False,15,True
Climate,27,20260809,98,1e-05,50,2.6798103529788825e-06,3,True,False,15,True
Climate,27,20260809,98,1e-12,2,1.1780360985798698e-05,2,False,True,15,True
Climate,27,20260809,98,1e-12,5,1.688957127079145e-07,5,False,True,15,True
Climate,27,20260809,98,1e-12,50,0.0,15,True,False,15,True
Climate,27,20260809,99,0.001,2,5.056538362312172e-05,1,True,False,21,True
Climate,27,20260809,99,0.001,5,5.056538362312172e-05,1,True,False,21,True
Climate,27,20260809,99,0.001,50,5.056538362312172e-05,1,True,False,21,True
Climate,27,20260809,99,1e-05,2,2.0173727585644133e-05,2,False,True,21,True
Climate,27,20260809,99,1e-05,5,3.2142084553331515e-06,4,True,False,21,True
Climate,27,20260809,99,1e-05,50,3.2142084553331515e-06,4,True,False,21,True
Climate,27,20260809,99,1e-12,2,2.0173727585644133e-05,2,False,True,21,True
Climate,27,20260809,99,1e-12,5,1.2828844237001095e-06,5,False,True,21,True
Climate,27,20260809,99,1e-12,50,0.0,21,True,False,21,True
Climate,27,20260809,100,0.001,2,0.000191578302824702,1,True,False,18,True
Climate,27,20260809,100,0.001,5,0.000191578302824702,1,True,False,18,True
Climate,27,20260809,100,0.001,50,0.000191578302824702,1,True,False,18,True
Climate,27,20260809,100,1e-05,2,5.719663161465486e-05,2,False,True,18,True
Climate,27,20260809,100,1e-05,5,1.3985788156825558e-06,5,True,False,18,True
Climate,27,20260809,100,1e-05,50,1.3985788156825558e-06,5,True,False,18,True
Climate,27,20260809,100,1e-12,2,5.719663161465486e-05,2,False,True,18,True
Climate,27,20260809,100,1e-12,5,1.3985788156825558e-06,5,False,True,18,True
Climate,27,20260809,100,1e-12,50,0.0,18,True,False,18,True
Climate,39,20260809,21,0.001,2,0.00010500097213994708,1,True,False,14,True
Climate,39,20260809,21,0.001,5,0.00010500097213994708,1,True,False,14,True
Climate,39,20260809,21,0.001,50,0.00010500097213994708,1,True,False,14,True
Climate,39,20260809,21,1e-05,2,2.0366187790391772e-05,2,False,True,14,True
Climate,39,20260809,21,1e-05,5,7.379003722442383e-07,4,True,False,14,True
Climate,39,20260809,21,1e-05,50,7.379003722442383e-07,4,True,False,14,True
Climate,39,20260809,21,1e-12,2,2.0366187790391772e-05,2,False,True,14,True
Climate,39,20260809,21,1e-12,5,1.4206506654324474e-07,5,False,True,14,True
Climate,39,20260809,21,1e-12,50,0.0,14,True,False,14,True
Climate,39,20260809,22,0.001,2,0.00011235364643235648,1,True,False,19,True
Climate,39,20260809,22,0.001,5,0.00011235364643235648,1,True,False,19,True
Climate,39,20260809,22,0.001,50,0.00011235364643235648,1,True,False,19,True
Climate,39,20260809,22,1e-05,2,3.723859005005074e-05,2,False,True,19,True
Climate,39,20260809,22,1e-05,5,4.29548533873999e-06,4,True,False,19,True
Climate,39,20260809,22,1e-05,50,4.29548533873999e-06,4,True,False,19,True
Climate,39,20260809,22,1e-12,2,3.723859005005074e-05,2,False,True,19,True
Climate,39,20260809,22,1e-12,5,1.4677861972921262e-06,5,False,True,19,True
Climate,39,20260809,22,1e-12,50,0.0,19,True,False,19,True
Climate,39,20260809,23,0.001,2,1.9413441676469946e-05,1,True,False,17,True
Climate,39,20260809,23,0.001,5,1.9413441676469946e-05,1,True,False,17,True
Climate,39,20260809,23,0.001,50,1.9413441676469946e-05,1,True,False,17,True
Climate,39,20260809,23,1e-05,2,5.593076856945294e-06,2,False,True,17,True
Climate,39,20260809,23,1e-05,5,1.8259760095767116e-06,3,True,False,17,True
Climate,39,20260809,23,1e-05,50,1.8259760095767116e-06,3,True,False,17,True
Climate,39,20260809,23,1e-12,2,5.593076856945294e-06,2,False,True,17,True
Climate,39,20260809,23,1e-12,5,2.0407135269542777e-07,5,False,True,17,True
Climate,39,20260809,23,1e-12,50,0.0,17,True,False,17,True
Climate,39,20260809,24,0.001,2,2.5297402945634132e-06,2,True,False,8,True
Climate,39,20260809,24,0.001,5,2.5297402945634132e-06,2,True,False,8,True
Climate,39,20260809,24,0.001,50,2.5297402945634132e-06,2,True,False,8,True
Climate,39,20260809,24,1e-05,2,2.5297402945634132e-06,2,False,True,8,True
Climate,39,20260809,24,1e-05,5,7.79684205328383e-08,3,True,False,8,True
Climate,39,20260809,24,1e-05,50,7.79684205328383e-08,3,True,False,8,True
Climate,39,20260809,24,1e-12,2,2.5297402945634132e-06,2,False,True,8,True
Climate,39,20260809,24,1e-12,5,7.421690923617487e-11,5,False,True,8,True
Climate,39,20260809,24,1e-12,50,0.0,8,True,False,8,True
Climate,39,20260809,25,0.001,2,0.0001340393023321875,1,True,False,22,True
Climate,39,20260809,25,0.001,5,0.0001340393023321875,1,True,False,22,True
Climate,39,20260809,25,0.001,50,0.0001340393023321875,1,True,False,22,True
Climate,39,20260809,25,1e-05,2,5.278192650654676e-05,2,False,True,22,True
Climate,39,20260809,25,1e-05,5,3.1201960658149188e-06,5,True,False,22,True
Climate,39,20260809,25,1e-05,50,3.1201960658149188e-06,5,True,False,22,True
Climate,39,20260809,25,1e-12,2,5.278192650654676e-05,2,False,True,22,True
Climate,39,20260809,25,1e-12,5,3.1201960658149188e-06,5,False,True,22,True
Climate,39,20260809,25,1e-12,50,0.0,22,True,False,22,True
Climate,39,20260809,26,0.001,2,0.00010841955797511925,1,True,False,22,True
Climate,39,20260809,26,0.001,5,0.00010841955797511925,1,True,False,22,True
Climate,39,20260809,26,0.001,50,0.00010841955797511925,1,True,False,22,True
Climate,39,20260809,26,1e-05,2,3.397572917427101e-05,2,False,True,22,True
Climate,39,20260809,26,1e-05,5,4.5722885141316025e-06,4,True,False,22,True
Climate,39,20260809,26,1e-05,50,4.5722885141316025e-06,4,True,False,22,True
Climate,39,20260809,26,1e-12,2,3.397572917427101e-05,2,False,True,22,True
Climate,39,20260809,26,1e-12,5,1.789031009210324e-06,5,False,True,22,True
Climate,39,20260809,26,1e-12,50,0.0,22,True,False,22,True
Climate,39,20260809,27,0.001,2,1.2601664056076108e-06,2,True,False,7,True
Climate,39,20260809,27,0.001,5,1.2601664056076108e-06,2,True,False,7,True
Climate,39,20260809,27,0.001,50,1.2601664056076108e-06,2,True,False,7,True
Climate,39,20260809,27,1e-05,2,1.2601664056076108e-06,2,False,True,7,True
Climate,39,20260809,27,1e-05,5,2.118006830163937e-08,3,True,False,7,True
Climate,39,20260809,27,1e-05,50,2.118006830163937e-08,3,True,False,7,True
Climate,39,20260809,27,1e-12,2,1.2601664056076108e-06,2,False,True,7,True
Climate,39,20260809,27,1e-12,5,6.002746345161015e-12,5,False,True,7,True
Climate,39,20260809,27,1e-12,50,0.0,7,True,False,7,True
Climate,39,20260809,28,0.001,2,5.6759618702518807e-05,1,True,False,19,True
Climate,39,20260809,28,0.001,5,5.6759618702518807e-05,1,True,False,19,True
Climate,39,20260809,28,0.001,50,5.6759618702518807e-05,1,True,False,19,True
Climate,39,20260809,28,1e-05,2,2.034626921831873e-05,2,False,True,19,True
Climate,39,20260809,28,1e-05,5,2.607882180103891e-06,4,True,False,19,True
Climate,39,20260809,28,1e-05,50,2.607882180103891e-06,4,True,False,19,True
Climate,39,20260809,28,1e-12,2,2.034626921831873e-05,2,False,True,19,True
Climate,39,20260809,28,1e-12,5,9.332318561411236e-07,5,False,True,19,True
Climate,39,20260809,28,1e-12,50,0.0,19,True,False,19,True
Climate,39,20260809,29,0.001,2,2.5580022850849562e-05,1,True,False,15,True
Climate,39,20260809,29,0.001,5,2.5580022850849562e-05,1,True,False,15,True
Climate,39,20260809,29,0.001,50,2.5580022850849562e-05,1,True,False,15,True
Climate,39,20260809,29,1e-05,2,6.080355665270466e-06,2,False,True,15,True
Climate,39,20260809,29,1e-05,5,1.4555328758526397e-06,3,True,False,15,True
Climate,39,20260809,29,1e-05,50,1.4555328758526397e-06,3,True,False,15,True
Climate,39,20260809,29,1e-12,2,6.080355665270466e-06,2,False,True,15,True
Climate,39,20260809,29,1e-12,5,8.59430242950111e-08,5,False,True,15,True
Climate,39,20260809,29,1e-12,50,0.0,15,True,False,15,True
Climate,39,20260809,30,0.001,2,1.4833136099850417e-06,2,True,False,7,True
Climate,39,20260809,30,0.001,5,1.4833136099850417e-06,2,True,False,7,True
Climate,39,20260809,30,0.001,50,1.4833136099850417e-06,2,True,False,7,True
Climate,39,20260809,30,1e-05,2,1.4833136099850417e-06,2,False,True,7,True
Climate,39,20260809,30,1e-05,5,2.627533075340523e-08,3,True,False,7,True
Climate,39,20260809,30,1e-05,50,2.627533075340523e-08,3,True,False,7,True
Climate,39,20260809,30,1e-12,2,1.4833136099850417e-06,2,False,True,7,True
Climate,39,20260809,30,1e-12,5,1.0532274555188816e-11,5,False,True,7,True
Climate,39,20260809,30,1e-12,50,0.0,7,True,False,7,True
Climate,39,20260809,31,0.001,2,5.379651985241291e-05,1,True,False,15,True
Climate,39,20260809,31,0.001,5,5.379651985241291e-05,1,True,False,15,True
Climate,39,20260809,31,0.001,50,5.379651985241291e-05,1,True,False,15,True
Climate,39,20260809,31,1e-05,2,1.3228132904437106e-05,2,False,True,15,True
Climate,39,20260809,31,1e-05,5,3.2305539184694146e-06,3,True,False,15,True
Climate,39,20260809,31,1e-05,50,3.2305539184694146e-06,3,True,False,15,True
Climate,39,20260809,31,1e-12,2,1.3228132904437106e-05,2,False,True,15,True
Climate,39,20260809,31,1e-12,5,1.9187845390865356e-07,5,False,True,15,True
Climate,39,20260809,31,1e-12,50,0.0,15,True,False,15,True
Climate,39,20260809,32,0.001,2,6.891407734850698e-05,1,True,False,23,True
Climate,39,20260809,32,0.001,5,6.891407734850698e-05,1,True,False,23,True
Climate,39,20260809,32,0.001,50,6.891407734850698e-05,1,True,False,23,True
Climate,39,20260809,32,1e-05,2,2.8355063764078306e-05,2,False,True,23,True
Climate,39,20260809,32,1e-05,5,4.947233908356657e-06,4,True,False,23,True
Climate,39,20260809,32,1e-05,50,4.947233908356657e-06,4,True,False,23,True
Climate,39,20260809,32,1e-12,2,2.8355063764078306e-05,2,False,True,23,True
Climate,39,20260809,32,1e-12,5,2.067843529788764e-06,5,False,True,23,True
Climate,39,20260809,32,1e-12,50,0.0,23,True,False,23,True
Climate,39,20260809,33,0.001,2,5.406942534338162e-05,1,True,False,18,True
Climate,39,20260809,33,0.001,5,5.406942534338162e-05,1,True,False,18,True
Climate,39,20260809,33,0.001,50,5.406942534338162e-05,1,True,False,18,True
Climate,39,20260809,33,1e-05,2,1.656923127122072e-05,2,False,True,18,True
Climate,39,20260809,33,1e-05,5,1.6244097792259825e-06,4,True,False,18,True
Climate,39,20260809,33,1e-05,50,1.6244097792259825e-06,4,True,False,18,True
Climate,39,20260809,33,1e-12,2,1.656923127122072e-05,2,False,True,18,True
Climate,39,20260809,33,1e-12,5,5.136441670078377e-07,5,False,True,18,True
Climate,39,20260809,33,1e-12,50,0.0,18,True,False,18,True
Climate,39,20260809,34,0.001,2,8.496857810352352e-05,1,True,False,21,True
Climate,39,20260809,34,0.001,5,8.496857810352352e-05,1,True,False,21,True
Climate,39,20260809,34,0.001,50,8.496857810352352e-05,1,True,False,21,True
Climate,39,20260809,34,1e-05,2,3.2045078270378266e-05,2,False,True,21,True
Climate,39,20260809,34,1e-05,5,4.676030222093233e-06,4,True,False,21,True
Climate,39,20260809,34,1e-05,50,4.676030222093233e-06,4,True,False,21,True
Climate,39,20260809,34,1e-12,2,3.2045078270378266e-05,2,False,True,21,True
Climate,39,20260809,34,1e-12,5,1.7888213643776343e-06,5,False,True,21,True
Climate,39,20260809,34,1e-12,50,0.0,21,True,False,21,True
Climate,39,20260809,35,0.001,2,0.00011357130635822595,1,True,False,19,True
Climate,39,20260809,35,0.001,5,0.00011357130635822595,1,True,False,19,True
Climate,39,20260809,35,0.001,50,0.00011357130635822595,1,True,False,19,True
Climate,39,20260809,35,1e-05,2,3.727392575244007e-05,2,False,True,19,True
Climate,39,20260809,35,1e-05,5,4.309859840560371e-06,4,True,False,19,True
Climate,39,20260809,35,1e-05,50,4.309859840560371e-06,4,True,False,19,True
Climate,39,20260809,35,1e-12,2,3.727392575244007e-05,2,False,True,19,True
Climate,39,20260809,35,1e-12,5,1.4764331413358147e-06,5,False,True,19,True
Climate,39,20260809,35,1e-12,50,0.0,19,True,False,19,True
Climate,39,20260809,36,0.001,2,8.575545616668603e-05,1,True,False,18,True
Climate,39,20260809,36,0.001,5,8.575545616668603e-05,1,True,False,18,True
Climate,39,20260809,36,0.001,50,8.575545616668603e-05,1,True,False,18,True
Climate,39,20260809,36,1e-05,2,2.5550177091086974e-05,2,False,True,18,True
Climate,39,20260809,36,1e-05,5,2.3561439669888887e-06,4,True,False,18,True
Climate,39,20260809,36,1e-05,50,2.3561439669888887e-06,4,True,False,18,True
Climate,39,20260809,36,1e-12,2,2.5550177091086974e-05,2,False,True,18,True
Climate,39,20260809,36,1e-12,5,7.163519608260862e-07,5,False,True,18,True
Climate,39,20260809,36,1e-12,50,0.0,18,True,False,18,True
Climate,39,20260809,37,0.001,2,5.1899900933615125e-05,1,True,False,17,True
Climate,39,20260809,37,0.001,5,5.1899900933615125e-05,1,True,False,17,True
Climate,39,20260809,37,0.001,50,5.1899900933615125e-05,1,True,False,17,True
Climate,39,20260809,37,1e-05,2,1.2571653745135898e-05,2,False,True,17,True
Climate,39,20260809,37,1e-05,5,3.1705507359189404e-06,3,True,False,17,True
Climate,39,20260809,37,1e-05,50,3.1705507359189404e-06,3,True,False,17,True
Climate,39,20260809,37,1e-12,2,1.2571653745135898e-05,2,False,True,17,True
Climate,39,20260809,37,1e-12,5,2.362827863641088e-07,5,False,True,17,True
Climate,39,20260809,37,1e-12,50,0.0,17,True,False,17,True
Climate,39,20260809,38,0.001,2,0.0002140781996561233,1,True,False,18,True
Climate,39,20260809,38,0.001,5,0.0002140781996561233,1,True,False,18,True
Climate,39,20260809,38,0.001,50,0.0002140781996561233,1,True,False,18,True
Climate,39,20260809,38,1e-05,2,6.515075364429318e-05,2,False,True,18,True
Climate,39,20260809,38,1e-05,5,1.7392172387398529e-06,5,True,False,18,True
Climate,39,20260809,38,1e-05,50,1.7392172387398529e-06,5,True,False,18,True
Climate,39,20260809,38,1e-12,2,6.515075364429318e-05,2,False,True,18,True
Climate,39,20260809,38,1e-12,5,1.7392172387398529e-06,5,False,True,18,True
Climate,39,20260809,38,1e-12,50,0.0,18,True,False,18,True
Climate,39,20260809,39,0.001,2,5.242965452780796e-05,1,True,False,17,True
Climate,39,20260809,39,0.001,5,5.242965452780796e-05,1,True,False,17,True
Climate,39,20260809,39,0.001,50,5.242965452780796e-05,1,True,False,17,True
Climate,39,20260809,39,1e-05,2,1.2163894272246995e-05,2,False,True,17,True
Climate,39,20260809,39,1e-05,5,2.868582078570383e-06,3,True,False,17,True
Climate,39,20260809,39,1e-05,50,2.868582078570383e-06,3,True,False,17,True
Climate,39,20260809,39,1e-12,2,1.2163894272246995e-05,2,False,True,17,True
Climate,39,20260809,39,1e-12,5,1.8481692349083187e-07,5,False,True,17,True
Climate,39,20260809,39,1e-12,50,0.0,17,True,False,17,True
Climate,39,20260809,40,0.001,2,3.524153347972647e-05,1,True,False,16,True
Climate,39,20260809,40,0.001,5,3.524153347972647e-05,1,True,False,16,True
Climate,39,20260809,40,0.001,50,3.524153347972647e-05,1,True,False,16,True
Climate,39,20260809,40,1e-05,2,9.621248762895088e-06,2,False,True,16,True
Climate,39,20260809,40,1e-05,5,2.627363388970834e-06,3,True,False,16,True
Climate,39,20260809,40,1e-05,50,2.627363388970834e-06,3,True,False,16,True
Climate,39,20260809,40,1e-12,2,9.621248762895088e-06,2,False,True,16,True
Climate,39,20260809,40,1e-12,5,1.9687497790844206e-07,5,False,True,16,True
Climate,39,20260809,40,1e-12,50,0.0,16,True,False,16,True
Climate,39,20260809,41,0.001,2,9.586447650709805e-05,1,True,False,18,True
Climate,39,20260809,41,0.001,5,9.586447650709805e-05,1,True,False,18,True
Climate,39,20260809,41,0.001,50,9.586447650709805e-05,1,True,False,18,True
Climate,39,20260809,41,1e-05,2,3.016379204034208e-05,2,False,True,18,True
Climate,39,20260809,41,1e-05,5,3.0656913780301095e-06,4,True,False,18,True
Climate,39,20260809,41,1e-05,50,3.0656913780301095e-06,4,True,False,18,True
Climate,39,20260809,41,1e-12,2,3.016379204034208e-05,2,False,True,18,True
Climate,39,20260809,41,1e-12,5,9.776076642370627e-07,5,False,True,18,True
Climate,39,20260809,41,1e-12,50,0.0,18,True,False,18,True
Climate,39,20260809,42,0.001,2,2.12547840243287e-05,1,True,False,14,True
Climate,39,20260809,42,0.001,5,2.12547840243287e-05,1,True,False,14,True
Climate,39,20260809,42,0.001,50,2.12547840243287e-05,1,True,False,14,True
Climate,39,20260809,42,1e-05,2,2.8802190684703338e-06,2,False,True,14,True
Climate,39,20260809,42,1e-05,5,6.010583073297024e-07,3,True,False,14,True
Climate,39,20260809,42,1e-05,50,6.010583073297024e-07,3,True,False,14,True
Climate,39,20260809,42,1e-12,2,2.8802190684703338e-06,2,False,True,14,True
Climate,39,20260809,42,1e-12,5,3.644550390773713e-08,5,False,True,14,True
Climate,39,20260809,42,1e-12,50,0.0,14,True,False,14,True
Climate,39,20260809,43,0.001,2,3.525572046611272e-05,1,True,False,19,True
Climate,39,20260809,43,0.001,5,3.525572046611272e-05,1,True,False,19,True
Climate,39,20260809,43,0.001,50,3.525572046611272e-05,1,True,False,19,True
Climate,39,20260809,43,1e-05,2,1.2105021767366872e-05,2,False,True,19,True
Climate,39,20260809,43,1e-05,5,4.285541709124694e-06,3,True,False,19,True
Climate,39,20260809,43,1e-05,50,4.285541709124694e-06,3,True,False,19,True
Climate,39,20260809,43,1e-12,2,1.2105021767366872e-05,2,False,True,19,True
Climate,39,20260809,43,1e-12,5,5.508497405327386e-07,5,False,True,19,True
Climate,39,20260809,43,1e-12,50,0.0,19,True,False,19,True
Climate,39,20260809,44,0.001,2,1.933131423573701e-05,1,True,False,16,True
Climate,39,20260809,44,0.001,5,1.933131423573701e-05,1,True,False,16,True
Climate,39,20260809,44,0.001,50,1.933131423573701e-05,1,True,False,16,True
Climate,39,20260809,44,1e-05,2,5.325693664177555e-06,2,False,True,16,True
Climate,39,20260809,44,1e-05,5,1.4985960261492933e-06,3,True,False,16,True
Climate,39,20260809,44,1e-05,50,1.4985960261492933e-06,3,True,False,16,True
Climate,39,20260809,44,1e-12,2,5.325693664177555e-06,2,False,True,16,True
Climate,39,20260809,44,1e-12,5,1.2412224804814446e-07,5,False,True,16,True
Climate,39,20260809,44,1e-12,50,0.0,16,True,False,16,True
Climate,39,20260809,45,0.001,2,0.0001232515381086373,1,True,False,15,True
Climate,39,20260809,45,0.001,5,0.0001232515381086373,1,True,False,15,True
Climate,39,20260809,45,0.001,50,0.0001232515381086373,1,True,False,15,True
Climate,39,20260809,45,1e-05,2,2.761202167664895e-05,2,False,True,15,True
Climate,39,20260809,45,1e-05,5,1.4204556182467237e-06,4,True,False,15,True
Climate,39,20260809,45,1e-05,50,1.4204556182467237e-06,4,True,False,15,True
Climate,39,20260809,45,1e-12,2,2.761202167664895e-05,2,False,True,15,True
Climate,39,20260809,45,1e-12,5,3.3083390623881383e-07,5,False,True,15,True
Climate,39,20260809,45,1e-12,50,0.0,15,True,False,15,True
Climate,39,20260809,46,0.001,2,6.366360478858846e-05,1,True,False,18,True
Climate,39,20260809,46,0.001,5,6.366360478858846e-05,1,True,False,18,True
Climate,39,20260809,46,0.001,50,6.366360478858846e-05,1,True,False,18,True
Climate,39,20260809,46,1e-05,2,1.9961169290764557e-05,2,False,True,18,True
Climate,39,20260809,46,1e-05,5,2.00778189101781e-06,4,True,False,18,True
Climate,39,20260809,46,1e-05,50,2.00778189101781e-06,4,True,False,18,True
Climate,39,20260809,46,1e-12,2,1.9961169290764557e-05,2,False,True,18,True
Climate,39,20260809,46,1e-12,5,6.373498041744499e-07,5,False,True,18,True
Climate,39,20260809,46,1e-12,50,0.0,18,True,False,18,True
Climate,39,20260809,47,0.001,2,6.450290337015155e-05,1,True,False,16,True
Climate,39,20260809,47,0.001,5,6.450290337015155e-05,1,True,False,16,True
Climate,39,20260809,47,0.001,50,6.450290337015155e-05,1,True,False,16,True
Climate,39,20260809,47,1e-05,2,1.2550760292044134e-05,2,False,True,16,True
Climate,39,20260809,47,1e-05,5,6.250767094037624e-07,4,True,False,16,True
Climate,39,20260809,47,1e-05,50,6.250767094037624e-07,4,True,False,16,True
Climate,39,20260809,47,1e-12,2,1.2550760292044134e-05,2,False,True,16,True
Climate,39,20260809,47,1e-12,5,1.642826382678241e-07,5,False,True,16,True
Climate,39,20260809,47,1e-12,50,0.0,16,True,False,16,True
Climate,39,20260809,48,0.001,2,7.615729995318951e-05,1,True,False,19,True
Climate,39,20260809,48,0.001,5,7.615729995318951e-05,1,True,False,19,True
Climate,39,20260809,48,0.001,50,7.615729995318951e-05,1,True,False,19,True
Climate,39,20260809,48,1e-05,2,2.5797638546330277e-05,2,False,True,19,True
Climate,39,20260809,48,1e-05,5,2.9548429125901697e-06,4,True,False,19,True
Climate,39,20260809,48,1e-05,50,2.9548429125901697e-06,4,True,False,19,True
Climate,39,20260809,48,1e-12,2,2.5797638546330277e-05,2,False,True,19,True
Climate,39,20260809,48,1e-12,5,9.998753851474044e-07,5,False,True,19,True
Climate,39,20260809,48,1e-12,50,0.0,19,True,False,19,True
Climate,39,20260809,49,0.001,2,9.440659214844417e-05,1,True,False,19,True
Climate,39,20260809,49,0.001,5,9.440659214844417e-05,1,True,False,19,True
Climate,39,20260809,49,0.001,50,9.440659214844417e-05,1,True,False,19,True
Climate,39,20260809,49,1e-05,2,2.71540758613798e-05,2,False,True,19,True
Climate,39,20260809,49,1e-05,5,2.6080047449572583e-06,4,True,False,19,True
Climate,39,20260809,49,1e-05,50,2.6080047449572583e-06,4,True,False,19,True
Climate,39,20260809,49,1e-12,2,2.71540758613798e-05,2,False,True,19,True
Climate,39,20260809,49,1e-12,5,8.494350218042533e-07,5,False,True,19,True
Climate,39,20260809,49,1e-12,50,0.0,19,True,False,19,True
Climate,39,20260809,50,0.001,2,3.921186076011624e-05,1,True,False,12,True
Climate,39,20260809,50,0.001,5,3.921186076011624e-05,1,True,False,12,True
Climate,39,20260809,50,0.001,50,3.921186076011624e-05,1,True,False,12,True
Climate,39,20260809,50,1e-05,2,6.372253810064199e-06,2,False,True,12,True
Climate,39,20260809,50,1e-05,5,1.040675956225498e-06,3,True,False,12,True
Climate,39,20260809,50,1e-05,50,1.040675956225498e-06,3,True,False,12,True
Climate,39,20260809,50,1e-12,2,6.372253810064199e-06,2,False,True,12,True
Climate,39,20260809,50,1e-12,5,2.849312722842554e-08,5,False,True,12,True
Climate,39,20260809,50,1e-12,50,0.0,12,True,False,12,True
Climate,39,20260809,51,0.001,2,0.00017461207293822497,1,True,False,25,True
Climate,39,20260809,51,0.001,5,0.00017461207293822497,1,True,False,25,True
Climate,39,20260809,51,0.001,50,0.00017461207293822497,1,True,False,25,True
Climate,39,20260809,51,1e-05,2,7.72502623861482e-05,2,False,True,25,True
Climate,39,20260809,51,1e-05,5,6.557198986081566e-06,5,True,False,25,True
Climate,39,20260809,51,1e-05,50,6.557198986081566e-06,5,True,False,25,True
Climate,39,20260809,51,1e-12,2,7.72502623861482e-05,2,False,True,25,True
Climate,39,20260809,51,1e-12,5,6.557198986081566e-06,5,False,True,25,True
Climate,39,20260809,51,1e-12,50,0.0,25,True,False,25,True
Climate,39,20260809,52,0.001,2,4.9438756094972544e-05,1,True,False,17,True
Climate,39,20260809,52,0.001,5,4.9438756094972544e-05,1,True,False,17,True
Climate,39,20260809,52,0.001,50,4.9438756094972544e-05,1,True,False,17,True
Climate,39,20260809,52,1e-05,2,1.5399518058211983e-05,2,False,True,17,True
Climate,39,20260809,52,1e-05,5,1.482324863786704e-06,4,True,False,17,True
Climate,39,20260809,52,1e-05,50,1.482324863786704e-06,4,True,False,17,True
Climate,39,20260809,52,1e-12,2,1.5399518058211983e-05,2,False,True,17,True
Climate,39,20260809,52,1e-12,5,4.5953209298371326e-07,5,False,True,17,True
Climate,39,20260809,52,1e-12,50,0.0,17,True,False,17,True
Climate,39,20260809,53,0.001,2,2.3019900306653367e-05,1,True,False,16,True
Climate,39,20260809,53,0.001,5,2.3019900306653367e-05,1,True,False,16,True
Climate,39,20260809,53,0.001,50,2.3019900306653367e-05,1,True,False,16,True
Climate,39,20260809,53,1e-05,2,5.873272544599097e-06,2,False,True,16,True
Climate,39,20260809,53,1e-05,5,1.6240560621466806e-06,3,True,False,16,True
Climate,39,20260809,53,1e-05,50,1.6240560621466806e-06,3,True,False,16,True
Climate,39,20260809,53,1e-12,2,5.873272544599097e-06,2,False,True,16,True
Climate,39,20260809,53,1e-12,5,1.3756927591324548e-07,5,False,True,16,True
Climate,39,20260809,53,1e-12,50,0.0,16,True,False,16,True
Climate,39,20260809,54,0.001,2,7.963689501818567e-05,1,True,False,18,True
Climate,39,20260809,54,0.001,5,7.963689501818567e-05,1,True,False,18,True
Climate,39,20260809,54,0.001,50,7.963689501818567e-05,1,True,False,18,True
Climate,39,20260809,54,1e-05,2,2.496638393019154e-05,2,False,True,18,True
Climate,39,20260809,54,1e-05,5,2.442893572370454e-06,4,True,False,18,True
Climate,39,20260809,54,1e-05,50,2.442893572370454e-06,4,True,False,18,True
Climate,39,20260809,54,1e-12,2,2.496638393019154e-05,2,False,True,18,True
Climate,39,20260809,54,1e-12,5,7.638530589705599e-07,5,False,True,18,True
Climate,39,20260809,54,1e-12,50,0.0,18,True,False,18,True
Climate,39,20260809,55,0.001,2,0.00010450384067236385,1,True,False,18,True
Climate,39,20260809,55,0.001,5,0.00010450384067236385,1,True,False,18,True
Climate,39,20260809,55,0.001,50,0.00010450384067236385,1,True,False,18,True
Climate,39,20260809,55,1e-05,2,3.199637364920879e-05,2,False,True,18,True
Climate,39,20260809,55,1e-05,5,3.0054315893483713e-06,4,True,False,18,True
Climate,39,20260809,55,1e-05,50,3.0054315893483713e-06,4,True,False,18,True
Climate,39,20260809,55,1e-12,2,3.199637364920879e-05,2,False,True,18,True
Climate,39,20260809,55,1e-12,5,9.237071176741809e-07,5,False,True,18,True
Climate,39,20260809,55,1e-12,50,0.0,18,True,False,18,True
Climate,39,20260809,56,0.001,2,6.116586817652252e-05,1,True,False,17,True
Climate,39,20260809,56,0.001,5,6.116586817652252e-05,1,True,False,17,True
Climate,39,20260809,56,0.001,50,6.116586817652252e-05,1,True,False,17,True
Climate,39,20260809,56,1e-05,2,1.7336431520645932e-05,2,False,True,17,True
Climate,39,20260809,56,1e-05,5,1.4708904779129552e-06,4,True,False,17,True
Climate,39,20260809,56,1e-05,50,1.4708904779129552e-06,4,True,False,17,True
Climate,39,20260809,56,1e-12,2,1.7336431520645932e-05,2,False,True,17,True
Climate,39,20260809,56,1e-12,5,4.4040596227655787e-07,5,False,True,17,True
Climate,39,20260809,56,1e-12,50,0.0,17,True,False,17,True
Climate,39,20260809,57,0.001,2,4.42685736613769e-06,1,True,False,15,True
Climate,39,20260809,57,0.001,5,4.42685736613769e-06,1,True,False,15,True
Climate,39,20260809,57,0.001,50,4.42685736613769e-06,1,True,False,15,True
Climate,39,20260809,57,1e-05,2,9.939355925384623e-07,2,True,False,15,True
Climate,39,20260809,57,1e-05,5,9.939355925384623e-07,2,True,False,15,True
Climate,39,20260809,57,1e-05,50,9.939355925384623e-07,2,True,False,15,True
Climate,39,20260809,57,1e-12,2,9.939355925384623e-07,2,False,True,15,True
Climate,39,20260809,57,1e-12,5,1.6193669811131052e-08,5,False,True,15,True
Climate,39,20260809,57,1e-12,50,0.0,15,True,False,15,True
Climate,39,20260809,58,0.001,2,4.015609435528791e-05,1,True,False,17,True
Climate,39,20260809,58,0.001,5,4.015609435528791e-05,1,True,False,17,True
Climate,39,20260809,58,0.001,50,4.015609435528791e-05,1,True,False,17,True
Climate,39,20260809,58,1e-05,2,1.1132942989794085e-05,2,False,True,17,True
Climate,39,20260809,58,1e-05,5,3.209313774959566e-06,3,True,False,17,True
Climate,39,20260809,58,1e-05,50,3.209313774959566e-06,3,True,False,17,True
Climate,39,20260809,58,1e-12,2,1.1132942989794085e-05,2,False,True,17,True
Climate,39,20260809,58,1e-12,5,2.8422105949216814e-07,5,False,True,17,True
Climate,39,20260809,58,1e-12,50,0.0,17,True,False,17,True
Climate,39,20260809,59,0.001,2,5.524741661121715e-05,1,True,False,14,True
Climate,39,20260809,59,0.001,5,5.524741661121715e-05,1,True,False,14,True
Climate,39,20260809,59,0.001,50,5.524741661121715e-05,1,True,False,14,True
Climate,39,20260809,59,1e-05,2,1.0126010652364864e-05,2,False,True,14,True
Climate,39,20260809,59,1e-05,5,1.8972687305316261e-06,3,True,False,14,True
Climate,39,20260809,59,1e-05,50,1.8972687305316261e-06,3,True,False,14,True
Climate,39,20260809,59,1e-12,2,1.0126010652364864e-05,2,False,True,14,True
Climate,39,20260809,59,1e-12,5,7.393641175995088e-08,5,False,True,14,True
Climate,39,20260809,59,1e-12,50,0.0,14,True,False,14,True
Climate,39,20260809,60,0.001,2,7.95208539920548e-05,1,True,False,18,True
Climate,39,20260809,60,0.001,5,7.95208539920548e-05,1,True,False,18,True
Climate,39,20260809,60,0.001,50,7.95208539920548e-05,1,True,False,18,True
Climate,39,20260809,60,1e-05,2,2.0379767904227974e-05,2,False,True,18,True
Climate,39,20260809,60,1e-05,5,1.7335609190987168e-06,4,True,False,18,True
Climate,39,20260809,60,1e-05,50,1.7335609190987168e-06,4,True,False,18,True
Climate,39,20260809,60,1e-12,2,2.0379767904227974e-05,2,False,True,18,True
Climate,39,20260809,60,1e-12,5,5.338500563029744e-07,5,False,True,18,True
Climate,39,20260809,60,1e-12,50,0.0,18,True,False,18,True
Climate,39,20260809,61,0.001,2,8.261381702056874e-05,1,True,False,16,True
Climate,39,20260809,61,0.001,5,8.261381702056874e-05,1,True,False,16,True
Climate,39,20260809,61,0.001,50,8.261381702056874e-05,1,True,False,16,True
Climate,39,20260809,61,1e-05,2,2.1866127459431373e-05,2,False,True,16,True
Climate,39,20260809,61,1e-05,5,1.5451101991217484e-06,4,True,False,16,True
Climate,39,20260809,61,1e-05,50,1.5451101991217484e-06,4,True,False,16,True
Climate,39,20260809,61,1e-12,2,2.1866127459431373e-05,2,False,True,16,True
Climate,39,20260809,61,1e-12,5,4.111147247627896e-07,5,False,True,16,True
Climate,39,20260809,61,1e-12,50,0.0,16,True,False,16,True
Climate,39,20260809,62,0.001,2,0.00010287418149026416,1,True,False,18,True
Climate,39,20260809,62,0.001,5,0.00010287418149026416,1,True,False,18,True
Climate,39,20260809,62,0.001,50,0.00010287418149026416,1,True,False,18,True
Climate,39,20260809,62,1e-05,2,3.2190652671285895e-05,2,False,True,18,True
Climate,39,20260809,62,1e-05,5,3.1539716166014067e-06,4,True,False,18,True
Climate,39,20260809,62,1e-05,50,3.1539716166014067e-06,4,True,False,18,True
Climate,39,20260809,62,1e-12,2,3.2190652671285895e-05,2,False,True,18,True
Climate,39,20260809,62,1e-12,5,9.902937752743513e-07,5,False,True,18,True
Climate,39,20260809,62,1e-12,50,0.0,18,True,False,18,True
Climate,39,20260809,63,0.001,2,0.0001225687775101791,1,True,False,17,True
Climate,39,20260809,63,0.001,5,0.0001225687775101791,1,True,False,17,True
Climate,39,20260809,63,0.001,50,0.0001225687775101791,1,True,False,17,True
Climate,39,20260809,63,1e-05,2,3.354554472623021e-05,2,False,True,17,True
Climate,39,20260809,63,1e-05,5,2.5010496919568442e-06,4,True,False,17,True
Climate,39,20260809,63,1e-05,50,2.5010496919568442e-06,4,True,False,17,True
Climate,39,20260809,63,1e-12,2,3.354554472623021e-05,2,False,True,17,True
Climate,39,20260809,63,1e-12,5,6.846220117600702e-07,5,False,True,17,True
Climate,39,20260809,63,1e-12,50,0.0,17,True,False,17,True
Climate,39,20260809,64,0.001,2,6.979409544966128e-05,1,True,False,18,True
Climate,39,20260809,64,0.001,5,6.979409544966128e-05,1,True,False,18,True
Climate,39,20260809,64,0.001,50,6.979409544966128e-05,1,True,False,18,True
Climate,39,20260809,64,1e-05,2,2.154814648313975e-05,2,False,True,18,True
Climate,39,20260809,64,1e-05,5,2.2289133543151487e-06,4,True,False,18,True
Climate,39,20260809,64,1e-05,50,2.2289133543151487e-06,4,True,False,18,True
Climate,39,20260809,64,1e-12,2,2.154814648313975e-05,2,False,True,18,True
Climate,39,20260809,64,1e-12,5,7.287017053224551e-07,5,False,True,18,True
Climate,39,20260809,64,1e-12,50,0.0,18,True,False,18,True
Climate,39,20260809,65,0.001,2,0.00013248275797397033,1,True,False,19,True
Climate,39,20260809,65,0.001,5,0.00013248275797397033,1,True,False,19,True
Climate,39,20260809,65,0.001,50,0.00013248275797397033,1,True,False,19,True
Climate,39,20260809,65,1e-05,2,4.3142890759735546e-05,2,False,True,19,True
Climate,39,20260809,65,1e-05,5,4.438226707822715e-06,4,True,False,19,True
Climate,39,20260809,65,1e-05,50,4.438226707822715e-06,4,True,False,19,True
Climate,39,20260809,65,1e-12,2,4.3142890759735546e-05,2,False,True,19,True
Climate,39,20260809,65,1e-12,5,1.4182224519027773e-06,5,False,True,19,True
Climate,39,20260809,65,1e-12,50,0.0,19,True,False,19,True
Climate,39,20260809,66,0.001,2,0.00010608185959501381,1,True,False,21,True
Climate,39,20260809,66,0.001,5,0.00010608185959501381,1,True,False,21,True
Climate,39,20260809,66,0.001,50,0.00010608185959501381,1,True,False,21,True
Climate,39,20260809,66,1e-05,2,3.96168197899912e-05,2,False,True,21,True
Climate,39,20260809,66,1e-05,5,5.570323667678931e-06,4,True,False,21,True
Climate,39,20260809,66,1e-05,50,5.570323667678931e-06,4,True,False,21,True
Climate,39,20260809,66,1e-12,2,3.96168197899912e-05,2,False,True,21,True
Climate,39,20260809,66,1e-12,5,2.0877046904281953e-06,5,False,True,21,True
Climate,39,20260809,66,1e-12,50,0.0,21,True,False,21,True
Climate,39,20260809,67,0.001,2,6.617997215577818e-05,1,True,False,16,True
Climate,39,20260809,67,0.001,5,6.617997215577818e-05,1,True,False,16,True
Climate,39,20260809,67,0.001,50,6.617997215577818e-05,1,True,False,16,True
Climate,39,20260809,67,1e-05,2,1.6991236674468744e-05,2,False,True,16,True
Climate,39,20260809,67,1e-05,5,1.173567529495843e-06,4,True,False,16,True
Climate,39,20260809,67,1e-05,50,1.173567529495843e-06,4,True,False,16,True
Climate,39,20260809,67,1e-12,2,1.6991236674468744e-05,2,False,True,16,True
Climate,39,20260809,67,1e-12,5,3.1229685024413895e-07,5,False,True,16,True
Climate,39,20260809,67,1e-12,50,0.0,16,True,False,16,True
Climate,39,20260809,68,0.001,2,2.758410490795806e-05,1,True,False,17,True
Climate,39,20260809,68,0.001,5,2.758410490795806e-05,1,True,False,17,True
Climate,39,20260809,68,0.001,50,2.758410490795806e-05,1,True,False,17,True
Climate,39,20260809,68,1e-05,2,8.343435646097867e-06,2,False,True,17,True
Climate,39,20260809,68,1e-05,5,2.5576722666097664e-06,3,True,False,17,True
Climate,39,20260809,68,1e-05,50,2.5576722666097664e-06,3,True,False,17,True
Climate,39,20260809,68,1e-12,2,8.343435646097867e-06,2,False,True,17,True
Climate,39,20260809,68,1e-12,5,2.452540172073975e-07,5,False,True,17,True
Climate,39,20260809,68,1e-12,50,0.0,17,True,False,17,True
Climate,39,20260809,69,0.001,2,6.596175682838875e-05,1,True,False,19,True
Climate,39,20260809,69,0.001,5,6.596175682838875e-05,1,True,False,19,True
Climate,39,20260809,69,0.001,50,6.596175682838875e-05,1,True,False,19,True
Climate,39,20260809,69,1e-05,2,2.3020492666534186e-05,2,False,True,19,True
Climate,39,20260809,69,1e-05,5,2.8000464139933448e-06,4,True,False,19,True
Climate,39,20260809,69,1e-05,50,2.8000464139933448e-06,4,True,False,19,True
Climate,39,20260809,69,1e-12,2,2.3020492666534186e-05,2,False,True,19,True
Climate,39,20260809,69,1e-12,5,9.759722789566372e-07,5,False,True,19,True
Climate,39,20260809,69,1e-12,50,0.0,19,True,False,19,True
Climate,39,20260809,70,0.001,2,2.2657960260606752e-05,1,True,False,17,True
Climate,39,20260809,70,0.001,5,2.2657960260606752e-05,1,True,False,17,True
Climate,39,20260809,70,0.001,50,2.2657960260606752e-05,1,True,False,17,True
Climate,39,20260809,70,1e-05,2,7.1172365078001435e-06,2,False,True,17,True
Climate,39,20260809,70,1e-05,5,2.2432463429338353e-06,3,True,False,17,True
Climate,39,20260809,70,1e-05,50,2.2432463429338353e-06,3,True,False,17,True
Climate,39,20260809,70,1e-12,2,7.1172365078001435e-06,2,False,True,17,True
Climate,39,20260809,70,1e-12,5,2.2414965348818169e-07,5,False,True,17,True
Climate,39,20260809,70,1e-12,50,0.0,17,True,False,17,True
Climate,39,20260809,71,0.001,2,2.995263301104841e-05,1,True,False,17,True
Climate,39,20260809,71,0.001,5,2.995263301104841e-05,1,True,False,17,True
Climate,39,20260809,71,0.001,50,2.995263301104841e-05,1,True,False,17,True
Climate,39,20260809,71,1e-05,2,8.686807601868617e-06,2,False,True,17,True
Climate,39,20260809,71,1e-05,5,2.629072711819436e-06,3,True,False,17,True
Climate,39,20260809,71,1e-05,50,2.629072711819436e-06,3,True,False,17,True
Climate,39,20260809,71,1e-12,2,8.686807601868617e-06,2,False,True,17,True
Climate,39,20260809,71,1e-12,5,2.589955822235693e-07,5,False,True,17,True
Climate,39,20260809,71,1e-12,50,0.0,17,True,False,17,True
Climate,39,20260809,72,0.001,2,3.42037768696763e-05,1,True,False,19,True
Climate,39,20260809,72,0.001,5,3.42037768696763e-05,1,True,False,19,True
Climate,39,20260809,72,0.001,50,3.42037768696763e-05,1,True,False,19,True
Climate,39,20260809,72,1e-05,2,1.2028984954265103e-05,2,False,True,19,True
Climate,39,20260809,72,1e-05,5,4.311447713740065e-06,3,True,False,19,True
Climate,39,20260809,72,1e-05,50,4.311447713740065e-06,3,True,False,19,True
Climate,39,20260809,72,1e-12,2,1.2028984954265103e-05,2,False,True,19,True
Climate,39,20260809,72,1e-12,5,5.614474228375283e-07,5,False,True,19,True
Climate,39,20260809,72,1e-12,50,0.0,19,True,False,19,True
Climate,39,20260809,73,0.001,2,2.3377602465658223e-05,1,True,False,15,True
Climate,39,20260809,73,0.001,5,2.3377602465658223e-05,1,True,False,15,True
Climate,39,20260809,73,0.001,50,2.3377602465658223e-05,1,True,False,15,True
Climate,39,20260809,73,1e-05,2,4.852190144864324e-06,2,False,True,15,True
Climate,39,20260809,73,1e-05,5,1.0389734424087585e-06,3,True,False,15,True
Climate,39,20260809,73,1e-05,50,1.0389734424087585e-06,3,True,False,15,True
Climate,39,20260809,73,1e-12,2,4.852190144864324e-06,2,False,True,15,True
Climate,39,20260809,73,1e-12,5,5.764888016563746e-08,5,False,True,15,True
Climate,39,20260809,73,1e-12,50,0.0,15,True,False,15,True
Climate,39,20260809,74,0.001,2,5.749069837250088e-05,1,True,False,18,True
Climate,39,20260809,74,0.001,5,5.749069837250088e-05,1,True,False,18,True
Climate,39,20260809,74,0.001,50,5.749069837250088e-05,1,True,False,18,True
Climate,39,20260809,74,1e-05,2,1.8864971885328788e-05,2,False,True,18,True
Climate,39,20260809,74,1e-05,5,2.0165244099230554e-06,4,True,False,18,True
Climate,39,20260809,74,1e-05,50,2.0165244099230554e-06,4,True,False,18,True
Climate,39,20260809,74,1e-12,2,1.8864971885328788e-05,2,False,True,18,True
Climate,39,20260809,74,1e-12,5,6.587183672508366e-07,5,False,True,18,True
Climate,39,20260809,74,1e-12,50,0.0,18,True,False,18,True
Climate,39,20260809,75,0.001,2,7.467527727585535e-05,1,True,False,15,True
Climate,39,20260809,75,0.001,5,7.467527727585535e-05,1,True,False,15,True
Climate,39,20260809,75,0.001,50,7.467527727585535e-05,1,True,False,15,True
Climate,39,20260809,75,1e-05,2,1.6824889307879548e-05,2,False,True,15,True
Climate,39,20260809,75,1e-05,5,8.50531567321158e-07,4,True,False,15,True
Climate,39,20260809,75,1e-05,50,8.50531567321158e-07,4,True,False,15,True
Climate,39,20260809,75,1e-12,2,1.6824889307879548e-05,2,False,True,15,True
Climate,39,20260809,75,1e-12,5,1.9362895840324483e-07,5,False,True,15,True
Climate,39,20260809,75,1e-12,50,0.0,15,True,False,15,True
Climate,39,20260809,76,0.001,2,9.80396389918964e-05,1,True,False,16,True
Climate,39,20260809,76,0.001,5,9.80396389918964e-05,1,True,False,16,True
Climate,39,20260809,76,0.001,50,9.80396389918964e-05,1,True,False,16,True
Climate,39,20260809,76,1e-05,2,2.6271496914947375e-05,2,False,True,16,True
Climate,39,20260809,76,1e-05,5,1.8518284808754983e-06,4,True,False,16,True
Climate,39,20260809,76,1e-05,50,1.8518284808754983e-06,4,True,False,16,True
Climate,39,20260809,76,1e-12,2,2.6271496914947375e-05,2,False,True,16,True
Climate,39,20260809,76,1e-12,5,4.911113148758173e-07,5,False,True,16,True
Climate,39,20260809,76,1e-12,50,0.0,16,True,False,16,True
Climate,39,20260809,77,0.001,2,1.897183537813411e-05,1,True,False,14,True
Climate,39,20260809,77,0.001,5,1.897183537813411e-05,1,True,False,14,True
Climate,39,20260809,77,0.001,50,1.897183537813411e-05,1,True,False,14,True
Climate,39,20260809,77,1e-05,2,4.351561888015419e-06,2,False,True,14,True
Climate,39,20260809,77,1e-05,5,1.0072072690508642e-06,3,True,False,14,True
Climate,39,20260809,77,1e-05,50,1.0072072690508642e-06,3,True,False,14,True
Climate,39,20260809,77,1e-12,2,4.351561888015419e-06,2,False,True,14,True
Climate,39,20260809,77,1e-12,5,5.486712533438655e-08,5,False,True,14,True
Climate,39,20260809,77,1e-12,50,0.0,14,True,False,14,True
Climate,39,20260809,78,0.001,2,2.6585322913265375e-05,1,True,False,18,True
Climate,39,20260809,78,0.001,5,2.6585322913265375e-05,1,True,False,18,True
Climate,39,20260809,78,0.001,50,2.6585322913265375e-05,1,True,False,18,True
Climate,39,20260809,78,1e-05,2,5.6692360805876455e-06,2,False,True,18,True
Climate,39,20260809,78,1e-05,5,1.5308737462864215e-06,3,True,False,18,True
Climate,39,20260809,78,1e-05,50,1.5308737462864215e-06,3,True,False,18,True
Climate,39,20260809,78,1e-12,2,5.6692360805876455e-06,2,False,True,18,True
Climate,39,20260809,78,1e-12,5,1.7350445970571435e-07,5,False,True,18,True
Climate,39,20260809,78,1e-12,50,0.0,18,True,False,18,True
Climate,39,20260809,79,0.001,2,8.167014464031753e-05,1,True,False,15,True
Climate,39,20260809,79,0.001,5,8.167014464031753e-05,1,True,False,15,True
Climate,39,20260809,79,0.001,50,8.167014464031753e-05,1,True,False,15,True
Climate,39,20260809,79,1e-05,2,1.5993483402352233e-05,2,False,True,15,True
Climate,39,20260809,79,1e-05,5,8.474548378467647e-07,4,True,False,15,True
Climate,39,20260809,79,1e-05,50,8.474548378467647e-07,4,True,False,15,True
Climate,39,20260809,79,1e-12,2,1.5993483402352233e-05,2,False,True,15,True
Climate,39,20260809,79,1e-12,5,2.0994095939707864e-07,5,False,True,15,True
Climate,39,20260809,79,1e-12,50,0.0,15,True,False,15,True
Climate,39,20260809,80,0.001,2,3.832573601451815e-06,2,True,False,8,True
Climate,39,20260809,80,0.001,5,3.832573601451815e-06,2,True,False,8,True
Climate,39,20260809,80,0.001,50,3.832573601451815e-06,2,True,False,8,True
Climate,39,20260809,80,1e-05,2,3.832573601451815e-06,2,False,True,8,True
Climate,39,20260809,80,1e-05,5,1.2158099704019375e-07,3,True,False,8,True
Climate,39,20260809,80,1e-05,50,1.2158099704019375e-07,3,True,False,8,True
Climate,39,20260809,80,1e-12,2,3.832573601451815e-06,2,False,True,8,True
Climate,39,20260809,80,1e-12,5,1.2749648313181794e-10,5,False,True,8,True
Climate,39,20260809,80,1e-12,50,0.0,8,True,False,8,True
Climate,39,20260809,81,0.001,2,1.5196685723294145e-05,1,True,False,12,True
Climate,39,20260809,81,0.001,5,1.5196685723294145e-05,1,True,False,12,True
Climate,39,20260809,81,0.001,50,1.5196685723294145e-05,1,True,False,12,True
Climate,39,20260809,81,1e-05,2,2.5014989623452713e-06,2,False,True,12,True
Climate,39,20260809,81,1e-05,5,4.1188792568802057e-07,3,True,False,12,True
Climate,39,20260809,81,1e-05,50,4.1188792568802057e-07,3,True,False,12,True
Climate,39,20260809,81,1e-12,2,2.5014989623452713e-06,2,False,True,12,True
Climate,39,20260809,81,1e-12,5,1.1247405047472573e-08,5,False,True,12,True
Climate,39,20260809,81,1e-12,50,0.0,12,True,False,12,True
Climate,39,20260809,82,0.001,2,1.0848741726980963e-06,2,True,False,7,True
Climate,39,20260809,82,0.001,5,1.0848741726980963e-06,2,True,False,7,True
Climate,39,20260809,82,0.001,50,1.0848741726980963e-06,2,True,False,7,True
Climate,39,20260809,82,1e-05,2,1.0848741726980963e-06,2,False,True,7,True
Climate,39,20260809,82,1e-05,5,1.8166211349403708e-08,3,True,False,7,True
Climate,39,20260809,82,1e-05,50,1.8166211349403708e-08,3,True,False,7,True
Climate,39,20260809,82,1e-12,2,1.0848741726980963e-06,2,False,True,7,True
Climate,39,20260809,82,1e-12,5,8.613075193587317e-12,5,False,True,7,True
Climate,39,20260809,82,1e-12,50,0.0,7,True,False,7,True
Climate,39,20260809,83,0.001,2,3.9214441864493556e-05,1,True,False,16,True
Climate,39,20260809,83,0.001,5,3.9214441864493556e-05,1,True,False,16,True
Climate,39,20260809,83,0.001,50,3.9214441864493556e-05,1,True,False,16,True
Climate,39,20260809,83,1e-05,2,1.0030126979973903e-05,2,False,True,16,True
Climate,39,20260809,83,1e-05,5,2.5640014166346644e-06,3,True,False,16,True
Climate,39,20260809,83,1e-05,50,2.5640014166346644e-06,3,True,False,16,True
Climate,39,20260809,83,1e-12,2,1.0030126979973903e-05,2,False,True,16,True
Climate,39,20260809,83,1e-12,5,1.6957433678285065e-07,5,False,True,16,True
Climate,39,20260809,83,1e-12,50,0.0,16,True,False,16,True
Climate,39,20260809,84,0.001,2,4.5548245404933386e-05,1,True,False,19,True
Climate,39,20260809,84,0.001,5,4.5548245404933386e-05,1,True,False,19,True
Climate,39,20260809,84,0.001,50,4.5548245404933386e-05,1,True,False,19,True
Climate,39,20260809,84,1e-05,2,1.1367968592548357e-05,2,False,True,19,True
Climate,39,20260809,84,1e-05,5,3.715902201360979e-06,3,True,False,19,True
Climate,39,20260809,84,1e-05,50,3.715902201360979e-06,3,True,False,19,True
Climate,39,20260809,84,1e-12,2,1.1367968592548357e-05,2,False,True,19,True
Climate,39,20260809,84,1e-12,5,4.86026106680692e-07,5,False,True,19,True
Climate,39,20260809,84,1e-12,50,0.0,19,True,False,19,True
Climate,39,20260809,85,0.001,2,0.00010529465002906635,1,True,False,18,True
Climate,39,20260809,85,0.001,5,0.00010529465002906635,1,True,False,18,True
Climate,39,20260809,85,0.001,50,0.00010529465002906635,1,True,False,18,True
Climate,39,20260809,85,1e-05,2,3.2375862096979905e-05,2,False,True,18,True
Climate,39,20260809,85,1e-05,5,3.0590476965327025e-06,4,True,False,18,True
Climate,39,20260809,85,1e-05,50,3.0590476965327025e-06,4,True,False,18,True
Climate,39,20260809,85,1e-12,2,3.2375862096979905e-05,2,False,True,18,True
Climate,39,20260809,85,1e-12,5,9.401038771930124e-07,5,False,True,18,True
Climate,39,20260809,85,1e-12,50,0.0,18,True,False,18,True
Climate,39,20260809,86,0.001,2,1.255471320316875e-05,1,True,False,17,True
Climate,39,20260809,86,0.001,5,1.255471320316875e-05,1,True,False,17,True
Climate,39,20260809,86,0.001,50,1.255471320316875e-05,1,True,False,17,True
Climate,39,20260809,86,1e-05,2,2.668540133622019e-06,2,False,True,17,True
Climate,39,20260809,86,1e-05,5,8.017101804884039e-07,3,True,False,17,True
Climate,39,20260809,86,1e-05,50,8.017101804884039e-07,3,True,False,17,True
Climate,39,20260809,86,1e-12,2,2.668540133622019e-06,2,False,True,17,True
Climate,39,20260809,86,1e-12,5,9.045245537614199e-08,5,False,True,17,True
Climate,39,20260809,86,1e-12,50,0.0,17,True,False,17,True
Climate,39,20260809,87,0.001,2,2.5357968146077475e-05,1,True,False,16,True
Climate,39,20260809,87,0.001,5,2.5357968146077475e-05,1,True,False,16,True
Climate,39,20260809,87,0.001,50,2.5357968146077475e-05,1,True,False,16,True
Climate,39,20260809,87,1e-05,2,6.947266153209103e-06,2,False,True,16,True
Climate,39,20260809,87,1e-05,5,1.9386750976332303e-06,3,True,False,16,True
Climate,39,20260809,87,1e-05,50,1.9386750976332303e-06,3,True,False,16,True
Climate,39,20260809,87,1e-12,2,6.947266153209103e-06,2,False,True,16,True
Climate,39,20260809,87,1e-12,5,1.533340330202355e-07,5,False,True,16,True
Climate,39,20260809,87,1e-12,50,0.0,16,True,False,16,True
Climate,39,20260809,88,0.001,2,6.366384656186999e-05,1,True,False,17,True
Climate,39,20260809,88,0.001,5,6.366384656186999e-05,1,True,False,17,True
Climate,39,20260809,88,0.001,50,6.366384656186999e-05,1,True,False,17,True
Climate,39,20260809,88,1e-05,2,1.8456559333124966e-05,2,False,True,17,True
Climate,39,20260809,88,1e-05,5,1.6961178708549713e-06,4,True,False,17,True
Climate,39,20260809,88,1e-05,50,1.6961178708549713e-06,4,True,False,17,True
Climate,39,20260809,88,1e-12,2,1.8456559333124966e-05,2,False,True,17,True
Climate,39,20260809,88,1e-12,5,5.161254806988036e-07,5,False,True,17,True
Climate,39,20260809,88,1e-12,50,0.0,17,True,False,17,True
Climate,39,20260809,89,0.001,2,2.957307106704871e-05,1,True,False,15,True
Climate,39,20260809,89,0.001,5,2.957307106704871e-05,1,True,False,15,True
Climate,39,20260809,89,0.001,50,2.957307106704871e-05,1,True,False,15,True
Climate,39,20260809,89,1e-05,2,7.653884073732798e-06,2,False,True,15,True
Climate,39,20260809,89,1e-05,5,2.0808583159904656e-06,3,True,False,15,True
Climate,39,20260809,89,1e-05,50,2.0808583159904656e-06,3,True,False,15,True
Climate,39,20260809,89,1e-12,2,7.653884073732798e-06,2,False,True,15,True
Climate,39,20260809,89,1e-12,5,1.5464912186003036e-07,5,False,True,15,True
Climate,39,20260809,89,1e-12,50,0.0,15,True,False,15,True
Climate,39,20260809,90,0.001,2,3.4171869505148426e-05,1,True,False,20,True
Climate,39,20260809,90,0.001,5,3.4171869505148426e-05,1,True,False,20,True
Climate,39,20260809,90,0.001,50,3.4171869505148426e-05,1,True,False,20,True
Climate,39,20260809,90,1e-05,2,1.273399853895195e-05,2,False,True,20,True
Climate,39,20260809,90,1e-05,5,4.809124785532452e-06,3,True,False,20,True
Climate,39,20260809,90,1e-05,50,4.809124785532452e-06,3,True,False,20,True
Climate,39,20260809,90,1e-12,2,1.273399853895195e-05,2,False,True,20,True
Climate,39,20260809,90,1e-12,5,6.89009707586164e-07,5,False,True,20,True
Climate,39,20260809,90,1e-12,50,0.0,20,True,False,20,True
Climate,39,20260809,91,0.001,2,1.4550914679382538e-05,1,True,False,14,True
Climate,39,20260809,91,0.001,5,1.4550914679382538e-05,1,True,False,14,True
Climate,39,20260809,91,0.001,50,1.4550914679382538e-05,1,True,False,14,True
Climate,39,20260809,91,1e-05,2,3.542003722014123e-06,2,False,True,14,True
Climate,39,20260809,91,1e-05,5,9.053847915605901e-07,3,True,False,14,True
Climate,39,20260809,91,1e-05,50,9.053847915605901e-07,3,True,False,14,True
Climate,39,20260809,91,1e-12,2,3.542003722014123e-06,2,False,True,14,True
Climate,39,20260809,91,1e-12,5,5.960791028850276e-08,5,False,True,14,True
Climate,39,20260809,91,1e-12,50,0.0,14,True,False,14,True
Climate,39,20260809,92,0.001,2,5.8349351671655175e-05,1,True,False,22,True
Climate,39,20260809,92,0.001,5,5.8349351671655175e-05,1,True,False,22,True
Climate,39,20260809,92,0.001,50,5.8349351671655175e-05,1,True,False,22,True
Climate,39,20260809,92,1e-05,2,2.378230461852287e-05,2,False,True,22,True
Climate,39,20260809,92,1e-05,5,4.001545194338162e-06,4,True,False,22,True
Climate,39,20260809,92,1e-05,50,4.001545194338162e-06,4,True,False,22,True
Climate,39,20260809,92,1e-12,2,2.378230461852287e-05,2,False,True,22,True
Climate,39,20260809,92,1e-12,5,1.641060707144438e-06,5,False,True,22,True
Climate,39,20260809,92,1e-12,50,0.0,22,True,False,22,True
Climate,39,20260809,93,0.001,2,3.5471844131811895e-05,1,True,False,19,True
Climate,39,20260809,93,0.001,5,3.5471844131811895e-05,1,True,False,19,True
Climate,39,20260809,93,0.001,50,3.5471844131811895e-05,1,True,False,19,True
Climate,39,20260809,93,1e-05,2,1.1505519232710609e-05,2,False,True,19,True
Climate,39,20260809,93,1e-05,5,3.831557767992096e-06,3,True,False,19,True
Climate,39,20260809,93,1e-05,50,3.831557767992096e-06,3,True,False,19,True
Climate,39,20260809,93,1e-12,2,1.1505519232710609e-05,2,False,True,19,True
Climate,39,20260809,93,1e-12,5,4.4792253084576417e-07,5,False,True,19,True
Climate,39,20260809,93,1e-12,50,0.0,19,True,False,19,True
Climate,39,20260809,94,0.001,2,3.849761985098009e-06,2,True,False,7,True
Climate,39,20260809,94,0.001,5,3.849761985098009e-06,2,True,False,7,True
Climate,39,20260809,94,0.001,50,3.849761985098009e-06,2,True,False,7,True
Climate,39,20260809,94,1e-05,2,3.849761985098009e-06,2,False,True,7,True
Climate,39,20260809,94,1e-05,5,5.470011109886407e-08,3,True,False,7,True
Climate,39,20260809,94,1e-05,50,5.470011109886407e-08,3,True,False,7,True
Climate,39,20260809,94,1e-12,2,3.849761985098009e-06,2,False,True,7,True
Climate,39,20260809,94,1e-12,5,1.1112999913329483e-11,5,False,True,7,True
Climate,39,20260809,94,1e-12,50,0.0,7,True,False,7,True
Climate,39,20260809,95,0.001,2,4.425631612753692e-05,1,True,False,17,True
Climate,39,20260809,95,0.001,5,4.425631612753692e-05,1,True,False,17,True
Climate,39,20260809,95,0.001,50,4.425631612753692e-05,1,True,False,17,True
Climate,39,20260809,95,1e-05,2,1.3193636260505654e-05,2,False,True,17,True
Climate,39,20260809,95,1e-05,5,3.970019576292242e-06,3,True,False,17,True
Climate,39,20260809,95,1e-05,50,3.970019576292242e-06,3,True,False,17,True
Climate,39,20260809,95,1e-12,2,1.3193636260505654e-05,2,False,True,17,True
Climate,39,20260809,95,1e-12,5,3.6337740772487955e-07,5,False,True,17,True
Climate,39,20260809,95,1e-12,50,0.0,17,True,False,17,True
Climate,39,20260809,96,0.001,2,8.618340409004033e-05,1,True,False,15,True
Climate,39,20260809,96,0.001,5,8.618340409004033e-05,1,True,False,15,True
Climate,39,20260809,96,0.001,50,8.618340409004033e-05,1,True,False,15,True
Climate,39,20260809,96,1e-05,2,2.037284309001488e-05,2,False,True,15,True
Climate,39,20260809,96,1e-05,5,1.1082221112609227e-06,4,True,False,15,True
Climate,39,20260809,96,1e-05,50,1.1082221112609227e-06,4,True,False,15,True
Climate,39,20260809,96,1e-12,2,2.037284309001488e-05,2,False,True,15,True
Climate,39,20260809,96,1e-12,5,2.5867514643253717e-07,5,False,True,15,True
Climate,39,20260809,96,1e-12,50,0.0,15,True,False,15,True
Climate,39,20260809,97,0.001,2,5.542311966398982e-05,1,True,False,16,True
Climate,39,20260809,97,0.001,5,5.542311966398982e-05,1,True,False,16,True
Climate,39,20260809,97,0.001,50,5.542311966398982e-05,1,True,False,16,True
Climate,39,20260809,97,1e-05,2,1.5038519595039038e-05,2,False,True,16,True
Climate,39,20260809,97,1e-05,5,1.1764619927740435e-06,4,True,False,16,True
Climate,39,20260809,97,1e-05,50,1.1764619927740435e-06,4,True,False,16,True
Climate,39,20260809,97,1e-12,2,1.5038519595039038e-05,2,False,True,16,True
Climate,39,20260809,97,1e-12,5,3.307489151573078e-07,5,False,True,16,True
Climate,39,20260809,97,1e-12,50,0.0,16,True,False,16,True
Climate,39,20260809,98,0.001,2,7.533022750395369e-05,1,True,False,19,True
Climate,39,20260809,98,0.001,5,7.533022750395369e-05,1,True,False,19,True
Climate,39,20260809,98,0.001,50,7.533022750395369e-05,1,True,False,19,True
Climate,39,20260809,98,1e-05,2,2.5973015722232967e-05,2,False,True,19,True
Climate,39,20260809,98,1e-05,5,3.071464128496389e-06,4,True,False,19,True
Climate,39,20260809,98,1e-05,50,3.071464128496389e-06,4,True,False,19,True
Climate,39,20260809,98,1e-12,2,2.5973015722232967e-05,2,False,True,19,True
Climate,39,20260809,98,1e-12,5,1.055780911342265e-06,5,False,True,19,True
Climate,39,20260809,98,1e-12,50,0.0,19,True,False,19,True
Climate,39,20260809,99,0.001,2,4.2878818552921494e-05,1,True,False,16,True
Climate,39,20260809,99,0.001,5,4.2878818552921494e-05,1,True,False,16,True
Climate,39,20260809,99,0.001,50,4.2878818552921494e-05,1,True,False,16,True
Climate,39,20260809,99,1e-05,2,1.2171598087617647e-05,2,False,True,16,True
Climate,39,20260809,99,1e-05,5,3.454597024387285e-06,3,True,False,16,True
Climate,39,20260809,99,1e-05,50,3.454597024387285e-06,3,True,False,16,True
Climate,39,20260809,99,1e-12,2,1.2171598087617647e-05,2,False,True,16,True
Climate,39,20260809,99,1e-12,5,2.7963345277728645e-07,5,False,True,16,True
Climate,39,20260809,99,1e-12,50,0.0,16,True,False,16,True
Climate,39,20260809,100,0.001,2,4.601726003166938e-05,1,True,False,16,True
Climate,39,20260809,100,0.001,5,4.601726003166938e-05,1,True,False,16,True
Climate,39,20260809,100,0.001,50,4.601726003166938e-05,1,True,False,16,True
Climate,39,20260809,100,1e-05,2,1.1411671565710153e-05,2,False,True,16,True
Climate,39,20260809,100,1e-05,5,2.9564988354619105e-06,3,True,False,16,True
Climate,39,20260809,100,1e-05,50,2.9564988354619105e-06,3,True,False,16,True
Climate,39,20260809,100,1e-12,2,1.1411671565710153e-05,2,False,True,16,True
Climate,39,20260809,100,1e-12,5,2.2324390515879886e-07,5,False,True,16,True
Climate,39,20260809,100,1e-12,50,0.0,16,True,False,16,True
Traffic,27,20260809,21,0.001,2,0.000246502205507667,1,True,False,25,True
Traffic,27,20260809,21,0.001,5,0.000246502205507667,1,True,False,25,True
Traffic,27,20260809,21,0.001,50,0.000246502205507667,1,True,False,25,True
Traffic,27,20260809,21,1e-05,2,0.00011264398468190722,2,False,True,25,True
Traffic,27,20260809,21,1e-05,5,9.618566516949666e-06,5,False,True,25,True
Traffic,27,20260809,21,1e-05,50,4.189347600748765e-06,6,True,False,25,True
Traffic,27,20260809,21,1e-12,2,0.00011264398468190722,2,False,True,25,True
Traffic,27,20260809,21,1e-12,5,9.618566516949666e-06,5,False,True,25,True
Traffic,27,20260809,21,1e-12,50,0.0,25,True,False,25,True
Traffic,27,20260809,22,0.001,2,1.7337096604332634e-05,1,True,False,18,True
Traffic,27,20260809,22,0.001,5,1.7337096604332634e-05,1,True,False,18,True
Traffic,27,20260809,22,0.001,50,1.7337096604332634e-05,1,True,False,18,True
Traffic,27,20260809,22,1e-05,2,4.05233219468877e-06,2,False,True,18,True
Traffic,27,20260809,22,1e-05,5,1.0834009495894714e-06,3,True,False,18,True
Traffic,27,20260809,22,1e-05,50,1.0834009495894714e-06,3,True,False,18,True
Traffic,27,20260809,22,1e-12,2,4.05233219468877e-06,2,False,True,18,True
Traffic,27,20260809,22,1e-12,5,1.202323999704019e-07,5,False,True,18,True
Traffic,27,20260809,22,1e-12,50,0.0,18,True,False,18,True
Traffic,27,20260809,23,0.001,2,1.8277628717174522e-05,1,True,False,16,True
Traffic,27,20260809,23,0.001,5,1.8277628717174522e-05,1,True,False,16,True
Traffic,27,20260809,23,0.001,50,1.8277628717174522e-05,1,True,False,16,True
Traffic,27,20260809,23,1e-05,2,5.3845509695691795e-06,2,False,True,16,True
Traffic,27,20260809,23,1e-05,5,1.5851727385206062e-06,3,True,False,16,True
Traffic,27,20260809,23,1e-05,50,1.5851727385206062e-06,3,True,False,16,True
Traffic,27,20260809,23,1e-12,2,5.3845509695691795e-06,2,False,True,16,True
Traffic,27,20260809,23,1e-12,5,1.3733344329461685e-07,5,False,True,16,True
Traffic,27,20260809,23,1e-12,50,0.0,16,True,False,16,True
Traffic,27,20260809,24,0.001,2,9.308479246782284e-05,1,True,False,24,True
Traffic,27,20260809,24,0.001,5,9.308479246782284e-05,1,True,False,24,True
Traffic,27,20260809,24,0.001,50,9.308479246782284e-05,1,True,False,24,True
Traffic,27,20260809,24,1e-05,2,3.9739099205275024e-05,2,False,True,24,True
Traffic,27,20260809,24,1e-05,5,7.543115435632181e-06,4,True,False,24,True
Traffic,27,20260809,24,1e-05,50,7.543115435632181e-06,4,True,False,24,True
Traffic,27,20260809,24,1e-12,2,3.9739099205275024e-05,2,False,True,24,True
Traffic,27,20260809,24,1e-12,5,3.2871329184809208e-06,5,False,True,24,True
Traffic,27,20260809,24,1e-12,50,0.0,24,True,False,24,True
Traffic,27,20260809,25,0.001,2,7.387279318098201e-05,1,True,False,21,True
Traffic,27,20260809,25,0.001,5,7.387279318098201e-05,1,True,False,21,True
Traffic,27,20260809,25,0.001,50,7.387279318098201e-05,1,True,False,21,True
Traffic,27,20260809,25,1e-05,2,2.8458344033096127e-05,2,False,True,21,True
Traffic,27,20260809,25,1e-05,5,4.257347902176323e-06,4,True,False,21,True
Traffic,27,20260809,25,1e-05,50,4.257347902176323e-06,4,True,False,21,True
Traffic,27,20260809,25,1e-12,2,2.8458344033096127e-05,2,False,True,21,True
Traffic,27,20260809,25,1e-12,5,1.6466857825566573e-06,5,False,True,21,True
Traffic,27,20260809,25,1e-12,50,0.0,21,True,False,21,True
Traffic,27,20260809,26,0.001,2,4.822147418216282e-05,1,True,False,18,True
Traffic,27,20260809,26,0.001,5,4.822147418216282e-05,1,True,False,18,True
Traffic,27,20260809,26,0.001,50,4.822147418216282e-05,1,True,False,18,True
Traffic,27,20260809,26,1e-05,2,1.5488045394264815e-05,2,False,True,18,True
Traffic,27,20260809,26,1e-05,5,1.6239993612169537e-06,4,True,False,18,True
Traffic,27,20260809,26,1e-05,50,1.6239993612169537e-06,4,True,False,18,True
Traffic,27,20260809,26,1e-12,2,1.5488045394264815e-05,2,False,True,18,True
Traffic,27,20260809,26,1e-12,5,5.266716607610561e-07,5,False,True,18,True
Traffic,27,20260809,26,1e-12,50,0.0,18,True,False,18,True
Traffic,27,20260809,27,0.001,2,6.319021029956599e-05,1,True,False,21,True
Traffic,27,20260809,27,0.001,5,6.319021029956599e-05,1,True,False,21,True
Traffic,27,20260809,27,0.001,50,6.319021029956599e-05,1,True,False,21,True
Traffic,27,20260809,27,1e-05,2,2.5260412815539377e-05,2,False,True,21,True
Traffic,27,20260809,27,1e-05,5,3.983775146575475e-06,4,True,False,21,True
Traffic,27,20260809,27,1e-05,50,3.983775146575475e-06,4,True,False,21,True
Traffic,27,20260809,27,1e-12,2,2.5260412815539377e-05,2,False,True,21,True
Traffic,27,20260809,27,1e-12,5,1.5785979316076572e-06,5,False,True,21,True
Traffic,27,20260809,27,1e-12,50,0.0,21,True,False,21,True
Traffic,27,20260809,28,0.001,2,5.489768993964803e-05,1,True,False,21,True
Traffic,27,20260809,28,0.001,5,5.489768993964803e-05,1,True,False,21,True
Traffic,27,20260809,28,0.001,50,5.489768993964803e-05,1,True,False,21,True
Traffic,27,20260809,28,1e-05,2,1.9488877506411722e-05,2,False,True,21,True
Traffic,27,20260809,28,1e-05,5,3.0079898504321326e-06,4,True,False,21,True
Traffic,27,20260809,28,1e-05,50,3.0079898504321326e-06,4,True,False,21,True
Traffic,27,20260809,28,1e-12,2,1.9488877506411722e-05,2,False,True,21,True
Traffic,27,20260809,28,1e-12,5,1.2014588482870047e-06,5,False,True,21,True
Traffic,27,20260809,28,1e-12,50,0.0,21,True,False,21,True
Traffic,27,20260809,29,0.001,2,0.00012413547425211947,1,True,False,20,True
Traffic,27,20260809,29,0.001,5,0.00012413547425211947,1,True,False,20,True
Traffic,27,20260809,29,0.001,50,0.00012413547425211947,1,True,False,20,True
Traffic,27,20260809,29,1e-05,2,4.52877360107406e-05,2,False,True,20,True
Traffic,27,20260809,29,1e-05,5,2.126101500328014e-06,5,True,False,20,True
Traffic,27,20260809,29,1e-05,50,2.126101500328014e-06,5,True,False,20,True
Traffic,27,20260809,29,1e-12,2,4.52877360107406e-05,2,False,True,20,True
Traffic,27,20260809,29,1e-12,5,2.126101500328014e-06,5,False,True,20,True
Traffic,27,20260809,29,1e-12,50,0.0,20,True,False,20,True
Traffic,27,20260809,30,0.001,2,0.00015598556904881353,1,True,False,22,True
Traffic,27,20260809,30,0.001,5,0.00015598556904881353,1,True,False,22,True
Traffic,27,20260809,30,0.001,50,0.00015598556904881353,1,True,False,22,True
Traffic,27,20260809,30,1e-05,2,6.250170872521358e-05,2,False,True,22,True
Traffic,27,20260809,30,1e-05,5,3.670635430118409e-06,5,True,False,22,True
Traffic,27,20260809,30,1e-05,50,3.670635430118409e-06,5,True,False,22,True
Traffic,27,20260809,30,1e-12,2,6.250170872521358e-05,2,False,True,22,True
Traffic,27,20260809,30,1e-12,5,3.670635430118409e-06,5,False,True,22,True
Traffic,27,20260809,30,1e-12,50,0.0,22,True,False,22,True
Traffic,27,20260809,31,0.001,2,0.0001625171808163559,1,True,False,23,True
Traffic,27,20260809,31,0.001,5,0.0001625171808163559,1,True,False,23,True
Traffic,27,20260809,31,0.001,50,0.0001625171808163559,1,True,False,23,True
Traffic,27,20260809,31,1e-05,2,6.591798991594839e-05,2,False,True,23,True
Traffic,27,20260809,31,1e-05,5,4.23793740875907e-06,5,True,False,23,True
Traffic,27,20260809,31,1e-05,50,4.23793740875907e-06,5,True,False,23,True
Traffic,27,20260809,31,1e-12,2,6.591798991594839e-05,2,False,True,23,True
Traffic,27,20260809,31,1e-12,5,4.23793740875907e-06,5,False,True,23,True
Traffic,27,20260809,31,1e-12,50,0.0,23,True,False,23,True
Traffic,27,20260809,32,0.001,2,0.00017354645200378754,1,True,False,18,True
Traffic,27,20260809,32,0.001,5,0.00017354645200378754,1,True,False,18,True
Traffic,27,20260809,32,0.001,50,0.00017354645200378754,1,True,False,18,True
Traffic,27,20260809,32,1e-05,2,5.3140825633451095e-05,2,False,True,18,True
Traffic,27,20260809,32,1e-05,5,1.59234887095083e-06,5,True,False,18,True
Traffic,27,20260809,32,1e-05,50,1.59234887095083e-06,5,True,False,18,True
Traffic,27,20260809,32,1e-12,2,5.3140825633451095e-05,2,False,True,18,True
Traffic,27,20260809,32,1e-12,5,1.59234887095083e-06,5,False,True,18,True
Traffic,27,20260809,32,1e-12,50,0.0,18,True,False,18,True
Traffic,27,20260809,33,0.001,2,1.5427091282440828e-05,1,True,False,16,True
Traffic,27,20260809,33,0.001,5,1.5427091282440828e-05,1,True,False,16,True
Traffic,27,20260809,33,0.001,50,1.5427091282440828e-05,1,True,False,16,True
Traffic,27,20260809,33,1e-05,2,2.896657157657875e-06,2,False,True,16,True
Traffic,27,20260809,33,1e-05,5,6.371797611457772e-07,3,True,False,16,True
Traffic,27,20260809,33,1e-05,50,6.371797611457772e-07,3,True,False,16,True
Traffic,27,20260809,33,1e-12,2,2.896657157657875e-06,2,False,True,16,True
Traffic,27,20260809,33,1e-12,5,5.249373071077353e-08,5,False,True,16,True
Traffic,27,20260809,33,1e-12,50,0.0,16,True,False,16,True
Traffic,27,20260809,34,0.001,2,9.466875980204456e-05,1,True,False,21,True
Traffic,27,20260809,34,0.001,5,9.466875980204456e-05,1,True,False,21,True
Traffic,27,20260809,34,0.001,50,9.466875980204456e-05,1,True,False,21,True
Traffic,27,20260809,34,1e-05,2,3.552231297706484e-05,2,False,True,21,True
Traffic,27,20260809,34,1e-05,5,5.0616735716829645e-06,4,True,False,21,True
Traffic,27,20260809,34,1e-05,50,5.0616735716829645e-06,4,True,False,21,True
Traffic,27,20260809,34,1e-12,2,3.552231297706484e-05,2,False,True,21,True
Traffic,27,20260809,34,1e-12,5,1.910517049582335e-06,5,False,True,21,True
Traffic,27,20260809,34,1e-12,50,0.0,21,True,False,21,True
Traffic,27,20260809,35,0.001,2,8.429396294440636e-05,1,True,False,15,True
Traffic,27,20260809,35,0.001,5,8.429396294440636e-05,1,True,False,15,True
Traffic,27,20260809,35,0.001,50,8.429396294440636e-05,1,True,False,15,True
Traffic,27,20260809,35,1e-05,2,1.9084301234087447e-05,2,False,True,15,True
Traffic,27,20260809,35,1e-05,5,9.810904279668992e-07,4,True,False,15,True
Traffic,27,20260809,35,1e-05,50,9.810904279668992e-07,4,True,False,15,True
Traffic,27,20260809,35,1e-12,2,1.9084301234087447e-05,2,False,True,15,True
Traffic,27,20260809,35,1e-12,5,2.2276554756799207e-07,5,False,True,15,True
Traffic,27,20260809,35,1e-12,50,0.0,15,True,False,15,True
Traffic,27,20260809,36,0.001,2,1.96827419022273e-05,1,True,False,22,True
Traffic,27,20260809,36,0.001,5,1.96827419022273e-05,1,True,False,22,True
Traffic,27,20260809,36,0.001,50,1.96827419022273e-05,1,True,False,22,True
Traffic,27,20260809,36,1e-05,2,8.426489422646728e-06,2,False,True,22,True
Traffic,27,20260809,36,1e-05,5,3.725115902414265e-06,3,True,False,22,True
Traffic,27,20260809,36,1e-05,50,3.725115902414265e-06,3,True,False,22,True
Traffic,27,20260809,36,1e-12,2,8.426489422646728e-06,2,False,True,22,True
Traffic,27,20260809,36,1e-12,5,7.317377716016609e-07,5,False,True,22,True
Traffic,27,20260809,36,1e-12,50,0.0,22,True,False,22,True
Traffic,27,20260809,37,0.001,2,0.0001344258858058025,1,True,False,17,True
Traffic,27,20260809,37,0.001,5,0.0001344258858058025,1,True,False,17,True
Traffic,27,20260809,37,0.001,50,0.0001344258858058025,1,True,False,17,True
Traffic,27,20260809,37,1e-05,2,3.961203337135795e-05,2,False,True,17,True
Traffic,27,20260809,37,1e-05,5,3.2491495880420063e-06,4,True,False,17,True
Traffic,27,20260809,37,1e-05,50,3.2491495880420063e-06,4,True,False,17,True
Traffic,27,20260809,37,1e-12,2,3.961203337135795e-05,2,False,True,17,True
Traffic,27,20260809,37,1e-12,5,9.249700987205026e-07,5,False,True,17,True
Traffic,27,20260809,37,1e-12,50,0.0,17,True,False,17,True
Traffic,27,20260809,38,0.001,2,0.00017903134379885051,1,True,False,24,True
Traffic,27,20260809,38,0.001,5,0.00017903134379885051,1,True,False,24,True
Traffic,27,20260809,38,0.001,50,0.00017903134379885051,1,True,False,24,True
Traffic,27,20260809,38,1e-05,2,7.562182191311099e-05,2,False,True,24,True
Traffic,27,20260809,38,1e-05,5,5.571343652602025e-06,5,True,False,24,True
Traffic,27,20260809,38,1e-05,50,5.571343652602025e-06,5,True,False,24,True
Traffic,27,20260809,38,1e-12,2,7.562182191311099e-05,2,False,True,24,True
Traffic,27,20260809,38,1e-12,5,5.571343652602025e-06,5,False,True,24,True
Traffic,27,20260809,38,1e-12,50,0.0,24,True,False,24,True
Traffic,27,20260809,39,0.001,2,8.379093829080761e-05,1,True,False,15,True
Traffic,27,20260809,39,0.001,5,8.379093829080761e-05,1,True,False,15,True
Traffic,27,20260809,39,0.001,50,8.379093829080761e-05,1,True,False,15,True
Traffic,27,20260809,39,1e-05,2,2.1066761027496214e-05,2,False,True,15,True
Traffic,27,20260809,39,1e-05,5,1.3032057325420675e-06,4,True,False,15,True
Traffic,27,20260809,39,1e-05,50,1.3032057325420675e-06,4,True,False,15,True
Traffic,27,20260809,39,1e-12,2,2.1066761027496214e-05,2,False,True,15,True
Traffic,27,20260809,39,1e-12,5,3.240169333219094e-07,5,False,True,15,True
Traffic,27,20260809,39,1e-12,50,0.0,15,True,False,15,True
Traffic,27,20260809,40,0.001,2,0.00019397941475933798,1,True,False,18,True
Traffic,27,20260809,40,0.001,5,0.00019397941475933798,1,True,False,18,True
Traffic,27,20260809,40,0.001,50,0.00019397941475933798,1,True,False,18,True
Traffic,27,20260809,40,1e-05,2,6.112550503732642e-05,2,False,True,18,True
Traffic,27,20260809,40,1e-05,5,1.6899959851594318e-06,5,True,False,18,True
Traffic,27,20260809,40,1e-05,50,1.6899959851594318e-06,5,True,False,18,True
Traffic,27,20260809,40,1e-12,2,6.112550503732642e-05,2,False,True,18,True
Traffic,27,20260809,40,1e-12,5,1.6899959851594318e-06,5,False,True,18,True
Traffic,27,20260809,40,1e-12,50,0.0,18,True,False,18,True
Traffic,27,20260809,41,0.001,2,0.00017273866856188914,1,True,False,24,True
Traffic,27,20260809,41,0.001,5,0.00017273866856188914,1,True,False,24,True
Traffic,27,20260809,41,0.001,50,0.00017273866856188914,1,True,False,24,True
Traffic,27,20260809,41,1e-05,2,7.280761138521899e-05,2,False,True,24,True
Traffic,27,20260809,41,1e-05,5,5.467332657470761e-06,5,True,False,24,True
Traffic,27,20260809,41,1e-05,50,5.467332657470761e-06,5,True,False,24,True
Traffic,27,20260809,41,1e-12,2,7.280761138521899e-05,2,False,True,24,True
Traffic,27,20260809,41,1e-12,5,5.467332657470761e-06,5,False,True,24,True
Traffic,27,20260809,41,1e-12,50,0.0,24,True,False,24,True
Traffic,27,20260809,42,0.001,2,8.27144560350283e-05,1,True,False,21,True
Traffic,27,20260809,42,0.001,5,8.27144560350283e-05,1,True,False,21,True
Traffic,27,20260809,42,0.001,50,8.27144560350283e-05,1,True,False,21,True
Traffic,27,20260809,42,1e-05,2,3.198460132154511e-05,2,False,True,21,True
Traffic,27,20260809,42,1e-05,5,4.887081759308729e-06,4,True,False,21,True
Traffic,27,20260809,42,1e-05,50,4.887081759308729e-06,4,True,False,21,True
Traffic,27,20260809,42,1e-12,2,3.198460132154511e-05,2,False,True,21,True
Traffic,27,20260809,42,1e-12,5,1.911642203775832e-06,5,False,True,21,True
Traffic,27,20260809,42,1e-12,50,0.0,21,True,False,21,True
Traffic,27,20260809,43,0.001,2,3.466611261646047e-05,1,True,False,17,True
Traffic,27,20260809,43,0.001,5,3.466611261646047e-05,1,True,False,17,True
Traffic,27,20260809,43,0.001,50,3.466611261646047e-05,1,True,False,17,True
Traffic,27,20260809,43,1e-05,2,9.873337104410677e-06,2,False,True,17,True
Traffic,27,20260809,43,1e-05,5,2.92597036976298e-06,3,True,False,17,True
Traffic,27,20260809,43,1e-05,50,2.92597036976298e-06,3,True,False,17,True
Traffic,27,20260809,43,1e-12,2,9.873337104410677e-06,2,False,True,17,True
Traffic,27,20260809,43,1e-12,5,2.65832965514048e-07,5,False,True,17,True
Traffic,27,20260809,43,1e-12,50,0.0,17,True,False,17,True
Traffic,27,20260809,44,0.001,2,3.35944894750645e-05,1,True,False,19,True
Traffic,27,20260809,44,0.001,5,3.35944894750645e-05,1,True,False,19,True
Traffic,27,20260809,44,0.001,50,3.35944894750645e-05,1,True,False,19,True
Traffic,27,20260809,44,1e-05,2,7.518561486118415e-06,2,False,True,19,True
Traffic,27,20260809,44,1e-05,5,1.7028544668181646e-06,3,True,False,19,True
Traffic,27,20260809,44,1e-05,50,1.7028544668181646e-06,3,True,False,19,True
Traffic,27,20260809,44,1e-12,2,7.518561486118415e-06,2,False,True,19,True
Traffic,27,20260809,44,1e-12,5,1.0753432728880484e-07,5,False,True,19,True
Traffic,27,20260809,44,1e-12,50,0.0,19,True,False,19,True
Traffic,27,20260809,45,0.001,2,4.102525624555021e-06,1,True,False,15,True
Traffic,27,20260809,45,0.001,5,4.102525624555021e-06,1,True,False,15,True
Traffic,27,20260809,45,0.001,50,4.102525624555021e-06,1,True,False,15,True
Traffic,27,20260809,45,1e-05,2,1.2062020758155587e-06,2,True,False,15,True
Traffic,27,20260809,45,1e-05,5,1.2062020758155587e-06,2,True,False,15,True
Traffic,27,20260809,45,1e-05,50,1.2062020758155587e-06,2,True,False,15,True
Traffic,27,20260809,45,1e-12,2,1.2062020758155587e-06,2,False,True,15,True
Traffic,27,20260809,45,1e-12,5,3.443015930765739e-08,5,False,True,15,True
Traffic,27,20260809,45,1e-12,50,0.0,15,True,False,15,True
Traffic,27,20260809,46,0.001,2,7.819458250624172e-05,1,True,False,18,True
Traffic,27,20260809,46,0.001,5,7.819458250624172e-05,1,True,False,18,True
Traffic,27,20260809,46,0.001,50,7.819458250624172e-05,1,True,False,18,True
Traffic,27,20260809,46,1e-05,2,1.8270150256482376e-05,2,False,True,18,True
Traffic,27,20260809,46,1e-05,5,1.623776710370516e-06,4,True,False,18,True
Traffic,27,20260809,46,1e-05,50,1.623776710370516e-06,4,True,False,18,True
Traffic,27,20260809,46,1e-12,2,1.8270150256482376e-05,2,False,True,18,True
Traffic,27,20260809,46,1e-12,5,5.073848458612366e-07,5,False,True,18,True
Traffic,27,20260809,46,1e-12,50,0.0,18,True,False,18,True
Traffic,27,20260809,47,0.001,2,6.962082606579239e-05,1,True,False,19,True
Traffic,27,20260809,47,0.001,5,6.962082606579239e-05,1,True,False,19,True
Traffic,27,20260809,47,0.001,50,6.962082606579239e-05,1,True,False,19,True
Traffic,27,20260809,47,1e-05,2,2.4668712059878127e-05,2,False,True,19,True
Traffic,27,20260809,47,1e-05,5,3.078029995374637e-06,4,True,False,19,True
Traffic,27,20260809,47,1e-05,50,3.078029995374637e-06,4,True,False,19,True
Traffic,27,20260809,47,1e-12,2,2.4668712059878127e-05,2,False,True,19,True
Traffic,27,20260809,47,1e-12,5,1.0863132553167444e-06,5,False,True,19,True
Traffic,27,20260809,47,1e-12,50,0.0,19,True,False,19,True
Traffic,27,20260809,48,0.001,2,0.00022235932464352687,1,True,False,20,True
Traffic,27,20260809,48,0.001,5,0.00022235932464352687,1,True,False,20,True
Traffic,27,20260809,48,0.001,50,0.00022235932464352687,1,True,False,20,True
Traffic,27,20260809,48,1e-05,2,8.068578829372602e-05,2,False,True,20,True
Traffic,27,20260809,48,1e-05,5,3.256213887935297e-06,5,True,False,20,True
Traffic,27,20260809,48,1e-05,50,3.256213887935297e-06,5,True,False,20,True
Traffic,27,20260809,48,1e-12,2,8.068578829372602e-05,2,False,True,20,True
Traffic,27,20260809,48,1e-12,5,3.256213887935297e-06,5,False,True,20,True
Traffic,27,20260809,48,1e-12,50,0.0,20,True,False,20,True
Traffic,27,20260809,49,0.001,2,6.305766981112723e-05,1,True,False,20,True
Traffic,27,20260809,49,0.001,5,6.305766981112723e-05,1,True,False,20,True
Traffic,27,20260809,49,0.001,50,6.305766981112723e-05,1,True,False,20,True
Traffic,27,20260809,49,1e-05,2,2.2389849179848318e-05,2,False,True,20,True
Traffic,27,20260809,49,1e-05,5,2.9209209858365417e-06,4,True,False,20,True
Traffic,27,20260809,49,1e-05,50,2.9209209858365417e-06,4,True,False,20,True
Traffic,27,20260809,49,1e-12,2,2.2389849179848318e-05,2,False,True,20,True
Traffic,27,20260809,49,1e-12,5,1.058356600927359e-06,5,False,True,20,True
Traffic,27,20260809,49,1e-12,50,0.0,20,True,False,20,True
Traffic,27,20260809,50,0.001,2,2.566141636479137e-05,1,True,False,21,True
Traffic,27,20260809,50,0.001,5,2.566141636479137e-05,1,True,False,21,True
Traffic,27,20260809,50,0.001,50,2.566141636479137e-05,1,True,False,21,True
Traffic,27,20260809,50,1e-05,2,1.0129821784484546e-05,2,False,True,21,True
Traffic,27,20260809,50,1e-05,5,4.155429719527278e-06,3,True,False,21,True
Traffic,27,20260809,50,1e-05,50,4.155429719527278e-06,3,True,False,21,True
Traffic,27,20260809,50,1e-12,2,1.0129821784484546e-05,2,False,True,21,True
Traffic,27,20260809,50,1e-12,5,7.012677021296138e-07,5,False,True,21,True
Traffic,27,20260809,50,1e-12,50,0.0,21,True,False,21,True
Traffic,27,20260809,51,0.001,2,6.491690536878306e-05,1,True,False,18,True
Traffic,27,20260809,51,0.001,5,6.491690536878306e-05,1,True,False,18,True
Traffic,27,20260809,51,0.001,50,6.491690536878306e-05,1,True,False,18,True
Traffic,27,20260809,51,1e-05,2,1.7816921288285488e-05,2,False,True,18,True
Traffic,27,20260809,51,1e-05,5,1.7357013693024792e-06,4,True,False,18,True
Traffic,27,20260809,51,1e-05,50,1.7357013693024792e-06,4,True,False,18,True
Traffic,27,20260809,51,1e-12,2,1.7816921288285488e-05,2,False,True,18,True
Traffic,27,20260809,51,1e-12,5,5.617490643930239e-07,5,False,True,18,True
Traffic,27,20260809,51,1e-12,50,0.0,18,True,False,18,True
Traffic,27,20260809,52,0.001,2,0.0001154802132627515,1,True,False,22,True
Traffic,27,20260809,52,0.001,5,0.0001154802132627515,1,True,False,22,True
Traffic,27,20260809,52,0.001,50,0.0001154802132627515,1,True,False,22,True
Traffic,27,20260809,52,1e-05,2,4.596344188451851e-05,2,False,True,22,True
Traffic,27,20260809,52,1e-05,5,2.9429833368300924e-06,5,True,False,22,True
Traffic,27,20260809,52,1e-05,50,2.9429833368300924e-06,5,True,False,22,True
Traffic,27,20260809,52,1e-12,2,4.596344188451851e-05,2,False,True,22,True
Traffic,27,20260809,52,1e-12,5,2.9429833368300924e-06,5,False,True,22,True
Traffic,27,20260809,52,1e-12,50,0.0,22,True,False,22,True
Traffic,27,20260809,53,0.001,2,2.1644695215624094e-05,1,True,False,18,True
Traffic,27,20260809,53,0.001,5,2.1644695215624094e-05,1,True,False,18,True
Traffic,27,20260809,53,0.001,50,2.1644695215624094e-05,1,True,False,18,True
Traffic,27,20260809,53,1e-05,2,5.928627993325906e-06,2,False,True,18,True
Traffic,27,20260809,53,1e-05,5,1.79014240714087e-06,3,True,False,18,True
Traffic,27,20260809,53,1e-05,50,1.79014240714087e-06,3,True,False,18,True
Traffic,27,20260809,53,1e-12,2,5.928627993325906e-06,2,False,True,18,True
Traffic,27,20260809,53,1e-12,5,2.0847129511253076e-07,5,False,True,18,True
Traffic,27,20260809,53,1e-12,50,0.0,18,True,False,18,True
Traffic,27,20260809,54,0.001,2,3.083858684464978e-05,1,True,False,19,True
Traffic,27,20260809,54,0.001,5,3.083858684464978e-05,1,True,False,19,True
Traffic,27,20260809,54,0.001,50,3.083858684464978e-05,1,True,False,19,True
Traffic,27,20260809,54,1e-05,2,1.0476693253364568e-05,2,False,True,19,True
Traffic,27,20260809,54,1e-05,5,3.7647419521812103e-06,3,True,False,19,True
Traffic,27,20260809,54,1e-05,50,3.7647419521812103e-06,3,True,False,19,True
Traffic,27,20260809,54,1e-12,2,1.0476693253364568e-05,2,False,True,19,True
Traffic,27,20260809,54,1e-12,5,4.930902791074307e-07,5,False,True,19,True
Traffic,27,20260809,54,1e-12,50,0.0,19,True,False,19,True
Traffic,27,20260809,55,0.001,2,0.0001089641075576396,1,True,False,20,True
Traffic,27,20260809,55,0.001,5,0.0001089641075576396,1,True,False,20,True
Traffic,27,20260809,55,0.001,50,0.0001089641075576396,1,True,False,20,True
Traffic,27,20260809,55,1e-05,2,3.917173231320483e-05,2,False,True,20,True
Traffic,27,20260809,55,1e-05,5,5.1269439793947855e-06,4,True,False,20,True
Traffic,27,20260809,55,1e-05,50,5.1269439793947855e-06,4,True,False,20,True
Traffic,27,20260809,55,1e-12,2,3.917173231320483e-05,2,False,True,20,True
Traffic,27,20260809,55,1e-12,5,1.8541651313807631e-06,5,False,True,20,True
Traffic,27,20260809,55,1e-12,50,0.0,20,True,False,20,True
Traffic,27,20260809,56,0.001,2,8.885832757751388e-05,1,True,False,17,True
Traffic,27,20260809,56,0.001,5,8.885832757751388e-05,1,True,False,17,True
Traffic,27,20260809,56,0.001,50,8.885832757751388e-05,1,True,False,17,True
Traffic,27,20260809,56,1e-05,2,2.499626294107961e-05,2,False,True,17,True
Traffic,27,20260809,56,1e-05,5,2.0900228721616277e-06,4,True,False,17,True
Traffic,27,20260809,56,1e-05,50,2.0900228721616277e-06,4,True,False,17,True
Traffic,27,20260809,56,1e-12,2,2.499626294107961e-05,2,False,True,17,True
Traffic,27,20260809,56,1e-12,5,6.157826188400818e-07,5,False,True,17,True
Traffic,27,20260809,56,1e-12,50,0.0,17,True,False,17,True
Traffic,27,20260809,57,0.001,2,0.00021005166534059623,1,True,False,24,True
Traffic,27,20260809,57,0.001,5,0.00021005166534059623,1,True,False,24,True
Traffic,27,20260809,57,0.001,50,0.00021005166534059623,1,True,False,24,True
Traffic,27,20260809,57,1e-05,2,9.027053548544645e-05,2,False,True,24,True
Traffic,27,20260809,57,1e-05,5,7.074208859071827e-06,5,True,False,24,True
Traffic,27,20260809,57,1e-05,50,7.074208859071827e-06,5,True,False,24,True
Traffic,27,20260809,57,1e-12,2,9.027053548544645e-05,2,False,True,24,True
Traffic,27,20260809,57,1e-12,5,7.074208859071827e-06,5,False,True,24,True
Traffic,27,20260809,57,1e-12,50,0.0,24,True,False,24,True
Traffic,27,20260809,58,0.001,2,6.912654953188251e-05,1,True,False,20,True
Traffic,27,20260809,58,0.001,5,6.912654953188251e-05,1,True,False,20,True
Traffic,27,20260809,58,0.001,50,6.912654953188251e-05,1,True,False,20,True
Traffic,27,20260809,58,1e-05,2,2.5495925012185713e-05,2,False,True,20,True
Traffic,27,20260809,58,1e-05,5,3.4897397914038385e-06,4,True,False,20,True
Traffic,27,20260809,58,1e-05,50,3.4897397914038385e-06,4,True,False,20,True
Traffic,27,20260809,58,1e-12,2,2.5495925012185713e-05,2,False,True,20,True
Traffic,27,20260809,58,1e-12,5,1.2901598971803675e-06,5,False,True,20,True
Traffic,27,20260809,58,1e-12,50,0.0,20,True,False,20,True
Traffic,27,20260809,59,0.001,2,2.6150264981399946e-05,1,True,False,17,True
Traffic,27,20260809,59,0.001,5,2.6150264981399946e-05,1,True,False,17,True
Traffic,27,20260809,59,0.001,50,2.6150264981399946e-05,1,True,False,17,True
Traffic,27,20260809,59,1e-05,2,8.377986395298322e-06,2,False,True,17,True
Traffic,27,20260809,59,1e-05,5,2.6883379639082255e-06,3,True,False,17,True
Traffic,27,20260809,59,1e-05,50,2.6883379639082255e-06,3,True,False,17,True
Traffic,27,20260809,59,1e-12,2,8.377986395298322e-06,2,False,True,17,True
Traffic,27,20260809,59,1e-12,5,2.7715918654518893e-07,5,False,True,17,True
Traffic,27,20260809,59,1e-12,50,0.0,17,True,False,17,True
Traffic,27,20260809,60,0.001,2,6.137407726328557e-05,1,True,False,22,True
Traffic,27,20260809,60,0.001,5,6.137407726328557e-05,1,True,False,22,True
Traffic,27,20260809,60,0.001,50,6.137407726328557e-05,1,True,False,22,True
Traffic,27,20260809,60,1e-05,2,2.323304055894074e-05,2,False,True,22,True
Traffic,27,20260809,60,1e-05,5,3.910733427850518e-06,4,True,False,22,True
Traffic,27,20260809,60,1e-05,50,3.910733427850518e-06,4,True,False,22,True
Traffic,27,20260809,60,1e-12,2,2.323304055894074e-05,2,False,True,22,True
Traffic,27,20260809,60,1e-12,5,1.6266543162179387e-06,5,False,True,22,True
Traffic,27,20260809,60,1e-12,50,0.0,22,True,False,22,True
Traffic,27,20260809,61,0.001,2,6.290118808423936e-05,1,True,False,18,True
Traffic,27,20260809,61,0.001,5,6.290118808423936e-05,1,True,False,18,True
Traffic,27,20260809,61,0.001,50,6.290118808423936e-05,1,True,False,18,True
Traffic,27,20260809,61,1e-05,2,1.928232546782573e-05,2,False,True,18,True
Traffic,27,20260809,61,1e-05,5,1.9128203662022496e-06,4,True,False,18,True
Traffic,27,20260809,61,1e-05,50,1.9128203662022496e-06,4,True,False,18,True
Traffic,27,20260809,61,1e-12,2,1.928232546782573e-05,2,False,True,18,True
Traffic,27,20260809,61,1e-12,5,6.057574086916023e-07,5,False,True,18,True
Traffic,27,20260809,61,1e-12,50,0.0,18,True,False,18,True
Traffic,27,20260809,62,0.001,2,0.0002134990749409521,1,True,False,19,True
Traffic,27,20260809,62,0.001,5,0.0002134990749409521,1,True,False,19,True
Traffic,27,20260809,62,0.001,50,0.0002134990749409521,1,True,False,19,True
Traffic,27,20260809,62,1e-05,2,6.773201953366083e-05,2,False,True,19,True
Traffic,27,20260809,62,1e-05,5,2.0145392334118667e-06,5,True,False,19,True
Traffic,27,20260809,62,1e-05,50,2.0145392334118667e-06,5,True,False,19,True
Traffic,27,20260809,62,1e-12,2,6.773201953366083e-05,2,False,True,19,True
Traffic,27,20260809,62,1e-12,5,2.0145392334118667e-06,5,False,True,19,True
Traffic,27,20260809,62,1e-12,50,0.0,19,True,False,19,True
Traffic,27,20260809,63,0.001,2,3.581509568469385e-05,1,True,False,16,True
Traffic,27,20260809,63,0.001,5,3.581509568469385e-05,1,True,False,16,True
Traffic,27,20260809,63,0.001,50,3.581509568469385e-05,1,True,False,16,True
Traffic,27,20260809,63,1e-05,2,1.0110046003774246e-05,2,False,True,16,True
Traffic,27,20260809,63,1e-05,5,2.9227045021303135e-06,3,True,False,16,True
Traffic,27,20260809,63,1e-05,50,2.9227045021303135e-06,3,True,False,16,True
Traffic,27,20260809,63,1e-12,2,1.0110046003774246e-05,2,False,True,16,True
Traffic,27,20260809,63,1e-12,5,2.4595020529641675e-07,5,False,True,16,True
Traffic,27,20260809,63,1e-12,50,0.0,16,True,False,16,True
Traffic,27,20260809,64,0.001,2,4.279072137628836e-05,1,True,False,20,True
Traffic,27,20260809,64,0.001,5,4.279072137628836e-05,1,True,False,20,True
Traffic,27,20260809,64,0.001,50,4.279072137628836e-05,1,True,False,20,True
Traffic,27,20260809,64,1e-05,2,1.612894022329576e-05,2,False,True,20,True
Traffic,27,20260809,64,1e-05,5,2.28818587571377e-06,4,True,False,20,True
Traffic,27,20260809,64,1e-05,50,2.28818587571377e-06,4,True,False,20,True
Traffic,27,20260809,64,1e-12,2,1.612894022329576e-05,2,False,True,20,True
Traffic,27,20260809,64,1e-12,5,8.615267252306711e-07,5,False,True,20,True
Traffic,27,20260809,64,1e-12,50,0.0,20,True,False,20,True
Traffic,27,20260809,65,0.001,2,0.00024303777353763687,1,True,False,22,True
Traffic,27,20260809,65,0.001,5,0.00024303777353763687,1,True,False,22,True
Traffic,27,20260809,65,0.001,50,0.00024303777353763687,1,True,False,22,True
Traffic,27,20260809,65,1e-05,2,9.825529745534543e-05,2,False,True,22,True
Traffic,27,20260809,65,1e-05,5,5.58987992945837e-06,5,True,False,22,True
Traffic,27,20260809,65,1e-05,50,5.58987992945837e-06,5,True,False,22,True
Traffic,27,20260809,65,1e-12,2,9.825529745534543e-05,2,False,True,22,True
Traffic,27,20260809,65,1e-12,5,5.58987992945837e-06,5,False,True,22,True
Traffic,27,20260809,65,1e-12,50,0.0,22,True,False,22,True
Traffic,27,20260809,66,0.001,2,5.404532142020483e-05,1,True,False,20,True
Traffic,27,20260809,66,0.001,5,5.404532142020483e-05,1,True,False,20,True
Traffic,27,20260809,66,0.001,50,5.404532142020483e-05,1,True,False,20,True
Traffic,27,20260809,66,1e-05,2,1.9766287906914506e-05,2,False,True,20,True
Traffic,27,20260809,66,1e-05,5,2.643602764808941e-06,4,True,False,20,True
Traffic,27,20260809,66,1e-05,50,2.643602764808941e-06,4,True,False,20,True
Traffic,27,20260809,66,1e-12,2,1.9766287906914506e-05,2,False,True,20,True
Traffic,27,20260809,66,1e-12,5,9.664242715918495e-07,5,False,True,20,True
Traffic,27,20260809,66,1e-12,50,0.0,20,True,False,20,True
Traffic,27,20260809,67,0.001,2,0.00014579994717838353,1,True,False,15,True
Traffic,27,20260809,67,0.001,5,0.00014579994717838353,1,True,False,15,True
Traffic,27,20260809,67,0.001,50,0.00014579994717838353,1,True,False,15,True
Traffic,27,20260809,67,1e-05,2,3.3814452748231475e-05,2,False,True,15,True
Traffic,27,20260809,67,1e-05,5,1.76111207492426e-06,4,True,False,15,True
Traffic,27,20260809,67,1e-05,50,1.76111207492426e-06,4,True,False,15,True
Traffic,27,20260809,67,1e-12,2,3.3814452748231475e-05,2,False,True,15,True
Traffic,27,20260809,67,1e-12,5,4.0095067708948545e-07,5,False,True,15,True
Traffic,27,20260809,67,1e-12,50,0.0,15,True,False,15,True
Traffic,27,20260809,68,0.001,2,5.671012442197864e-05,1,True,False,24,True
Traffic,27,20260809,68,0.001,5,5.671012442197864e-05,1,True,False,24,True
Traffic,27,20260809,68,0.001,50,5.671012442197864e-05,1,True,False,24,True
Traffic,27,20260809,68,1e-05,2,2.5402365173245353e-05,2,False,True,24,True
Traffic,27,20260809,68,1e-05,5,5.092682626189725e-06,4,True,False,24,True
Traffic,27,20260809,68,1e-05,50,5.092682626189725e-06,4,True,False,24,True
Traffic,27,20260809,68,1e-12,2,2.5402365173245353e-05,2,False,True,24,True
Traffic,27,20260809,68,1e-12,5,2.2792414883656564e-06,5,False,True,24,True
Traffic,27,20260809,68,1e-12,50,0.0,24,True,False,24,True
Traffic,27,20260809,69,0.001,2,1.079118703951381e-05,1,True,False,16,True
Traffic,27,20260809,69,0.001,5,1.079118703951381e-05,1,True,False,16,True
Traffic,27,20260809,69,0.001,50,1.079118703951381e-05,1,True,False,16,True
Traffic,27,20260809,69,1e-05,2,3.108972053484334e-06,2,True,False,16,True
Traffic,27,20260809,69,1e-05,5,3.108972053484334e-06,2,True,False,16,True
Traffic,27,20260809,69,1e-05,50,3.108972053484334e-06,2,True,False,16,True
Traffic,27,20260809,69,1e-12,2,3.108972053484334e-06,2,False,True,16,True
Traffic,27,20260809,69,1e-12,5,9.429841827077108e-08,5,False,True,16,True
Traffic,27,20260809,69,1e-12,50,0.0,16,True,False,16,True
Traffic,27,20260809,70,0.001,2,7.884626143005443e-05,1,True,False,22,True
Traffic,27,20260809,70,0.001,5,7.884626143005443e-05,1,True,False,22,True
Traffic,27,20260809,70,0.001,50,7.884626143005443e-05,1,True,False,22,True
Traffic,27,20260809,70,1e-05,2,3.180539409647521e-05,2,False,True,22,True
Traffic,27,20260809,70,1e-05,5,5.2325313363551216e-06,4,True,False,22,True
Traffic,27,20260809,70,1e-05,50,5.2325313363551216e-06,4,True,False,22,True
Traffic,27,20260809,70,1e-12,2,3.180539409647521e-05,2,False,True,22,True
Traffic,27,20260809,70,1e-12,5,2.1219016715562586e-06,5,False,True,22,True
Traffic,27,20260809,70,1e-12,50,0.0,22,True,False,22,True
Traffic,27,20260809,71,0.001,2,5.8478604987313804e-05,1,True,False,19,True
Traffic,27,20260809,71,0.001,5,5.8478604987313804e-05,1,True,False,19,True
Traffic,27,20260809,71,0.001,50,5.8478604987313804e-05,1,True,False,19,True
Traffic,27,20260809,71,1e-05,2,1.793935295904317e-05,2,False,True,19,True
Traffic,27,20260809,71,1e-05,5,2.1701263189622796e-06,4,True,False,19,True
Traffic,27,20260809,71,1e-05,50,2.1701263189622796e-06,4,True,False,19,True
Traffic,27,20260809,71,1e-12,2,1.793935295904317e-05,2,False,True,19,True
Traffic,27,20260809,71,1e-12,5,7.65298388729073e-07,5,False,True,19,True
Traffic,27,20260809,71,1e-12,50,0.0,19,True,False,19,True
Traffic,27,20260809,72,0.001,2,0.00021709728990791424,1,True,False,21,True
Traffic,27,20260809,72,0.001,5,0.00021709728990791424,1,True,False,21,True
Traffic,27,20260809,72,0.001,50,0.00021709728990791424,1,True,False,21,True
Traffic,27,20260809,72,1e-05,2,7.905554573152111e-05,2,False,True,21,True
Traffic,27,20260809,72,1e-05,5,3.521507098341427e-06,5,True,False,21,True
Traffic,27,20260809,72,1e-05,50,3.521507098341427e-06,5,True,False,21,True
Traffic,27,20260809,72,1e-12,2,7.905554573152111e-05,2,False,True,21,True
Traffic,27,20260809,72,1e-12,5,3.521507098341427e-06,5,False,True,21,True
Traffic,27,20260809,72,1e-12,50,0.0,21,True,False,21,True
Traffic,27,20260809,73,0.001,2,3.792269941798035e-05,1,True,False,20,True
Traffic,27,20260809,73,0.001,5,3.792269941798035e-05,1,True,False,20,True
Traffic,27,20260809,73,0.001,50,3.792269941798035e-05,1,True,False,20,True
Traffic,27,20260809,73,1e-05,2,1.2533328975721322e-05,2,False,True,20,True
Traffic,27,20260809,73,1e-05,5,4.718650508427192e-06,3,True,False,20,True
Traffic,27,20260809,73,1e-05,50,4.718650508427192e-06,3,True,False,20,True
Traffic,27,20260809,73,1e-12,2,1.2533328975721322e-05,2,False,True,20,True
Traffic,27,20260809,73,1e-12,5,7.11818883322943e-07,5,False,True,20,True
Traffic,27,20260809,73,1e-12,50,0.0,20,True,False,20,True
Traffic,27,20260809,74,0.001,2,1.3940218192352292e-05,1,True,False,15,True
Traffic,27,20260809,74,0.001,5,1.3940218192352292e-05,1,True,False,15,True
Traffic,27,20260809,74,0.001,50,1.3940218192352292e-05,1,True,False,15,True
Traffic,27,20260809,74,1e-05,2,3.427428693521138e-06,2,False,True,15,True
Traffic,27,20260809,74,1e-05,5,9.315913289813125e-07,3,True,False,15,True
Traffic,27,20260809,74,1e-05,50,9.315913289813125e-07,3,True,False,15,True
Traffic,27,20260809,74,1e-12,2,3.427428693521138e-06,2,False,True,15,True
Traffic,27,20260809,74,1e-12,5,7.788567842870018e-08,5,False,True,15,True
Traffic,27,20260809,74,1e-12,50,0.0,15,True,False,15,True
Traffic,27,20260809,75,0.001,2,9.017669330087149e-05,1,True,False,22,True
Traffic,27,20260809,75,0.001,5,9.017669330087149e-05,1,True,False,22,True
Traffic,27,20260809,75,0.001,50,9.017669330087149e-05,1,True,False,22,True
Traffic,27,20260809,75,1e-05,2,3.6262529918350567e-05,2,False,True,22,True
Traffic,27,20260809,75,1e-05,5,5.828395450636646e-06,4,True,False,22,True
Traffic,27,20260809,75,1e-05,50,5.828395450636646e-06,4,True,False,22,True
Traffic,27,20260809,75,1e-12,2,3.6262529918350567e-05,2,False,True,22,True
Traffic,27,20260809,75,1e-12,5,2.3343673958551556e-06,5,False,True,22,True
Traffic,27,20260809,75,1e-12,50,0.0,22,True,False,22,True
Traffic,27,20260809,76,0.001,2,9.760552400667448e-05,1,True,False,18,True
Traffic,27,20260809,76,0.001,5,9.760552400667448e-05,1,True,False,18,True
Traffic,27,20260809,76,0.001,50,9.760552400667448e-05,1,True,False,18,True
Traffic,27,20260809,76,1e-05,2,2.968536614775033e-05,2,False,True,18,True
Traffic,27,20260809,76,1e-05,5,2.754746681697475e-06,4,True,False,18,True
Traffic,27,20260809,76,1e-05,50,2.754746681697475e-06,4,True,False,18,True
Traffic,27,20260809,76,1e-12,2,2.968536614775033e-05,2,False,True,18,True
Traffic,27,20260809,76,1e-12,5,8.391350284339074e-07,5,False,True,18,True
Traffic,27,20260809,76,1e-12,50,0.0,18,True,False,18,True
Traffic,27,20260809,77,0.001,2,0.0001898898784520422,1,True,False,18,True
Traffic,27,20260809,77,0.001,5,0.0001898898784520422,1,True,False,18,True
Traffic,27,20260809,77,0.001,50,0.0001898898784520422,1,True,False,18,True
Traffic,27,20260809,77,1e-05,2,5.880729077303616e-05,2,False,True,18,True
Traffic,27,20260809,77,1e-05,5,1.567799777521858e-06,5,True,False,18,True
Traffic,27,20260809,77,1e-05,50,1.567799777521858e-06,5,True,False,18,True
Traffic,27,20260809,77,1e-12,2,5.880729077303616e-05,2,False,True,18,True
Traffic,27,20260809,77,1e-12,5,1.567799777521858e-06,5,False,True,18,True
Traffic,27,20260809,77,1e-12,50,0.0,18,True,False,18,True
Traffic,27,20260809,78,0.001,2,2.1093470563739558e-05,1,True,False,15,True
Traffic,27,20260809,78,0.001,5,2.1093470563739558e-05,1,True,False,15,True
Traffic,27,20260809,78,0.001,50,2.1093470563739558e-05,1,True,False,15,True
Traffic,27,20260809,78,1e-05,2,5.433158605392592e-06,2,False,True,15,True
Traffic,27,20260809,78,1e-05,5,1.4584983464356822e-06,3,True,False,15,True
Traffic,27,20260809,78,1e-05,50,1.4584983464356822e-06,3,True,False,15,True
Traffic,27,20260809,78,1e-12,2,5.433158605392592e-06,2,False,True,15,True
Traffic,27,20260809,78,1e-12,5,1.0670302074113864e-07,5,False,True,15,True
Traffic,27,20260809,78,1e-12,50,0.0,15,True,False,15,True
Traffic,27,20260809,79,0.001,2,3.891096932868226e-05,1,True,False,18,True
Traffic,27,20260809,79,0.001,5,3.891096932868226e-05,1,True,False,18,True
Traffic,27,20260809,79,0.001,50,3.891096932868226e-05,1,True,False,18,True
Traffic,27,20260809,79,1e-05,2,1.2107660829204162e-05,2,False,True,18,True
Traffic,27,20260809,79,1e-05,5,3.941246969022546e-06,3,True,False,18,True
Traffic,27,20260809,79,1e-05,50,3.941246969022546e-06,3,True,False,18,True
Traffic,27,20260809,79,1e-12,2,1.2107660829204162e-05,2,False,True,18,True
Traffic,27,20260809,79,1e-12,5,4.4426466491489655e-07,5,False,True,18,True
Traffic,27,20260809,79,1e-12,50,0.0,18,True,False,18,True
Traffic,27,20260809,80,0.001,2,3.970122506259817e-05,1,True,False,17,True
Traffic,27,20260809,80,0.001,5,3.970122506259817e-05,1,True,False,17,True
Traffic,27,20260809,80,0.001,50,3.970122506259817e-05,1,True,False,17,True
Traffic,27,20260809,80,1e-05,2,1.2108336561038001e-05,2,False,True,17,True
Traffic,27,20260809,80,1e-05,5,3.69281279539335e-06,3,True,False,17,True
Traffic,27,20260809,80,1e-05,50,3.69281279539335e-06,3,True,False,17,True
Traffic,27,20260809,80,1e-12,2,1.2108336561038001e-05,2,False,True,17,True
Traffic,27,20260809,80,1e-12,5,3.4335767621367334e-07,5,False,True,17,True
Traffic,27,20260809,80,1e-12,50,0.0,17,True,False,17,True
Traffic,27,20260809,81,0.001,2,0.00010876899626655356,1,True,False,24,True
Traffic,27,20260809,81,0.001,5,0.00010876899626655356,1,True,False,24,True
Traffic,27,20260809,81,0.001,50,0.00010876899626655356,1,True,False,24,True
Traffic,27,20260809,81,1e-05,2,4.7319164542540995e-05,2,False,True,24,True
Traffic,27,20260809,81,1e-05,5,3.871535657790198e-06,5,True,False,24,True
Traffic,27,20260809,81,1e-05,50,3.871535657790198e-06,5,True,False,24,True
Traffic,27,20260809,81,1e-12,2,4.7319164542540995e-05,2,False,True,24,True
Traffic,27,20260809,81,1e-12,5,3.871535657790198e-06,5,False,True,24,True
Traffic,27,20260809,81,1e-12,50,0.0,24,True,False,24,True
Traffic,27,20260809,82,0.001,2,6.098966922452002e-05,1,True,False,15,True
Traffic,27,20260809,82,0.001,5,6.098966922452002e-05,1,True,False,15,True
Traffic,27,20260809,82,0.001,50,6.098966922452002e-05,1,True,False,15,True
Traffic,27,20260809,82,1e-05,2,1.479932089897232e-05,2,False,True,15,True
Traffic,27,20260809,82,1e-05,5,8.968338044707562e-07,4,True,False,15,True
Traffic,27,20260809,82,1e-05,50,8.968338044707562e-07,4,True,False,15,True
Traffic,27,20260809,82,1e-12,2,1.479932089897232e-05,2,False,True,15,True
Traffic,27,20260809,82,1e-12,5,2.2127830523104938e-07,5,False,True,15,True
Traffic,27,20260809,82,1e-12,50,0.0,15,True,False,15,True
Traffic,27,20260809,83,0.001,2,2.0101193413487113e-05,1,True,False,17,True
Traffic,27,20260809,83,0.001,5,2.0101193413487113e-05,1,True,False,17,True
Traffic,27,20260809,83,0.001,50,2.0101193413487113e-05,1,True,False,17,True
Traffic,27,20260809,83,1e-05,2,4.6833823534856715e-06,2,False,True,17,True
Traffic,27,20260809,83,1e-05,5,1.3610359982704444e-06,3,True,False,17,True
Traffic,27,20260809,83,1e-05,50,1.3610359982704444e-06,3,True,False,17,True
Traffic,27,20260809,83,1e-12,2,4.6833823534856715e-06,2,False,True,17,True
Traffic,27,20260809,83,1e-12,5,1.4202940888685308e-07,5,False,True,17,True
Traffic,27,20260809,83,1e-12,50,0.0,17,True,False,17,True
Traffic,27,20260809,84,0.001,2,0.00012026653685637005,1,True,False,17,True
Traffic,27,20260809,84,0.001,5,0.00012026653685637005,1,True,False,17,True
Traffic,27,20260809,84,0.001,50,0.00012026653685637005,1,True,False,17,True
Traffic,27,20260809,84,1e-05,2,3.4801386030761266e-05,2,False,True,17,True
Traffic,27,20260809,84,1e-05,5,2.8551286406478643e-06,4,True,False,17,True
Traffic,27,20260809,84,1e-05,50,2.8551286406478643e-06,4,True,False,17,True
Traffic,27,20260809,84,1e-12,2,3.4801386030761266e-05,2,False,True,17,True
Traffic,27,20260809,84,1e-12,5,8.156639196443122e-07,5,False,True,17,True
Traffic,27,20260809,84,1e-12,50,0.0,17,True,False,17,True
Traffic,27,20260809,85,0.001,2,9.443136194274375e-05,1,True,False,12,True
Traffic,27,20260809,85,0.001,5,9.443136194274375e-05,1,True,False,12,True
Traffic,27,20260809,85,0.001,50,9.443136194274375e-05,1,True,False,12,True
Traffic,27,20260809,85,1e-05,2,1.3190235327820348e-05,2,False,True,12,True
Traffic,27,20260809,85,1e-05,5,2.7497109032416413e-07,4,True,False,12,True
Traffic,27,20260809,85,1e-05,50,2.7497109032416413e-07,4,True,False,12,True
Traffic,27,20260809,85,1e-12,2,1.3190235327820348e-05,2,False,True,12,True
Traffic,27,20260809,85,1e-12,5,4.2142642246763806e-08,5,False,True,12,True
Traffic,27,20260809,85,1e-12,50,0.0,12,True,False,12,True
Traffic,27,20260809,86,0.001,2,0.0001240301896404383,1,True,False,14,True
Traffic,27,20260809,86,0.001,5,0.0001240301896404383,1,True,False,14,True
Traffic,27,20260809,86,0.001,50,0.0001240301896404383,1,True,False,14,True
Traffic,27,20260809,86,1e-05,2,2.632671712247579e-05,2,False,True,14,True
Traffic,27,20260809,86,1e-05,5,1.1383961848218417e-06,4,True,False,14,True
Traffic,27,20260809,86,1e-05,50,1.1383961848218417e-06,4,True,False,14,True
Traffic,27,20260809,86,1e-12,2,2.632671712247579e-05,2,False,True,14,True
Traffic,27,20260809,86,1e-12,5,2.361476117471685e-07,5,False,True,14,True
Traffic,27,20260809,86,1e-12,50,0.0,14,True,False,14,True
Traffic,27,20260809,87,0.001,2,4.712438774333942e-05,1,True,False,23,True
Traffic,27,20260809,87,0.001,5,4.712438774333942e-05,1,True,False,23,True
Traffic,27,20260809,87,0.001,50,4.712438774333942e-05,1,True,False,23,True
Traffic,27,20260809,87,1e-05,2,2.0708998446314798e-05,2,False,True,23,True
Traffic,27,20260809,87,1e-05,5,4.036490525730665e-06,4,True,False,23,True
Traffic,27,20260809,87,1e-05,50,4.036490525730665e-06,4,True,False,23,True
Traffic,27,20260809,87,1e-12,2,2.0708998446314798e-05,2,False,True,23,True
Traffic,27,20260809,87,1e-12,5,1.7816536018991055e-06,5,False,True,23,True
Traffic,27,20260809,87,1e-12,50,0.0,23,True,False,23,True
Traffic,27,20260809,88,0.001,2,3.72782413032845e-05,1,True,False,18,True
Traffic,27,20260809,88,0.001,5,3.72782413032845e-05,1,True,False,18,True
Traffic,27,20260809,88,0.001,50,3.72782413032845e-05,1,True,False,18,True
Traffic,27,20260809,88,1e-05,2,1.251145432801496e-05,2,False,True,18,True
Traffic,27,20260809,88,1e-05,5,4.215041630386925e-06,3,True,False,18,True
Traffic,27,20260809,88,1e-05,50,4.215041630386925e-06,3,True,False,18,True
Traffic,27,20260809,88,1e-12,2,1.251145432801496e-05,2,False,True,18,True
Traffic,27,20260809,88,1e-12,5,4.795400972397978e-07,5,False,True,18,True
Traffic,27,20260809,88,1e-12,50,0.0,18,True,False,18,True
Traffic,27,20260809,89,0.001,2,0.0001391717274224876,1,True,False,17,True
Traffic,27,20260809,89,0.001,5,0.0001391717274224876,1,True,False,17,True
Traffic,27,20260809,89,0.001,50,0.0001391717274224876,1,True,False,17,True
Traffic,27,20260809,89,1e-05,2,3.8820193010863244e-05,2,False,True,17,True
Traffic,27,20260809,89,1e-05,5,2.839550439442665e-06,4,True,False,17,True
Traffic,27,20260809,89,1e-05,50,2.839550439442665e-06,4,True,False,17,True
Traffic,27,20260809,89,1e-12,2,3.8820193010863244e-05,2,False,True,17,True
Traffic,27,20260809,89,1e-12,5,7.637450219394423e-07,5,False,True,17,True
Traffic,27,20260809,89,1e-12,50,0.0,17,True,False,17,True
Traffic,27,20260809,90,0.001,2,9.976825489272804e-05,1,True,False,19,True
Traffic,27,20260809,90,0.001,5,9.976825489272804e-05,1,True,False,19,True
Traffic,27,20260809,90,0.001,50,9.976825489272804e-05,1,True,False,19,True
Traffic,27,20260809,90,1e-05,2,3.27786810730512e-05,2,False,True,19,True
Traffic,27,20260809,90,1e-05,5,3.506916683907579e-06,4,True,False,19,True
Traffic,27,20260809,90,1e-05,50,3.506916683907579e-06,4,True,False,19,True
Traffic,27,20260809,90,1e-12,2,3.27786810730512e-05,2,False,True,19,True
Traffic,27,20260809,90,1e-12,5,1.145283833988318e-06,5,False,True,19,True
Traffic,27,20260809,90,1e-12,50,0.0,19,True,False,19,True
Traffic,27,20260809,91,0.001,2,3.354156885555731e-06,1,True,False,19,True
Traffic,27,20260809,91,0.001,5,3.354156885555731e-06,1,True,False,19,True
Traffic,27,20260809,91,0.001,50,3.354156885555731e-06,1,True,False,19,True
Traffic,27,20260809,91,1e-05,2,1.2905744849011486e-06,2,True,False,19,True
Traffic,27,20260809,91,1e-05,5,1.2905744849011486e-06,2,True,False,19,True
Traffic,27,20260809,91,1e-05,50,1.2905744849011486e-06,2,True,False,19,True
Traffic,27,20260809,91,1e-12,2,1.2905744849011486e-06,2,False,True,19,True
Traffic,27,20260809,91,1e-12,5,9.624107714532965e-08,5,False,True,19,True
Traffic,27,20260809,91,1e-12,50,0.0,19,True,False,19,True
Traffic,27,20260809,92,0.001,2,7.420839846876501e-05,1,True,False,20,True
Traffic,27,20260809,92,0.001,5,7.420839846876501e-05,1,True,False,20,True
Traffic,27,20260809,92,0.001,50,7.420839846876501e-05,1,True,False,20,True
Traffic,27,20260809,92,1e-05,2,2.7755936497723805e-05,2,False,True,20,True
Traffic,27,20260809,92,1e-05,5,3.875995257987649e-06,4,True,False,20,True
Traffic,27,20260809,92,1e-05,50,3.875995257987649e-06,4,True,False,20,True
Traffic,27,20260809,92,1e-12,2,2.7755936497723805e-05,2,False,True,20,True
Traffic,27,20260809,92,1e-12,5,1.4477503103762881e-06,5,False,True,20,True
Traffic,27,20260809,92,1e-12,50,0.0,20,True,False,20,True
Traffic,27,20260809,93,0.001,2,0.00015934511578770318,1,True,False,24,True
Traffic,27,20260809,93,0.001,5,0.00015934511578770318,1,True,False,24,True
Traffic,27,20260809,93,0.001,50,0.00015934511578770318,1,True,False,24,True
Traffic,27,20260809,93,1e-05,2,6.831308505787582e-05,2,False,True,24,True
Traffic,27,20260809,93,1e-05,5,5.338256456570102e-06,5,True,False,24,True
Traffic,27,20260809,93,1e-05,50,5.338256456570102e-06,5,True,False,24,True
Traffic,27,20260809,93,1e-12,2,6.831308505787582e-05,2,False,True,24,True
Traffic,27,20260809,93,1e-12,5,5.338256456570102e-06,5,False,True,24,True
Traffic,27,20260809,93,1e-12,50,0.0,24,True,False,24,True
Traffic,27,20260809,94,0.001,2,0.00014244776411684535,1,True,False,20,True
Traffic,27,20260809,94,0.001,5,0.00014244776411684535,1,True,False,20,True
Traffic,27,20260809,94,0.001,50,0.00014244776411684535,1,True,False,20,True
Traffic,27,20260809,94,1e-05,2,5.0419786362340186e-05,2,False,True,20,True
Traffic,27,20260809,94,1e-05,5,2.1183538442473092e-06,5,True,False,20,True
Traffic,27,20260809,94,1e-05,50,2.1183538442473092e-06,5,True,False,20,True
Traffic,27,20260809,94,1e-12,2,5.0419786362340186e-05,2,False,True,20,True
Traffic,27,20260809,94,1e-12,5,2.1183538442473092e-06,5,False,True,20,True
Traffic,27,20260809,94,1e-12,50,0.0,20,True,False,20,True
Traffic,27,20260809,95,0.001,2,0.00012371209303986067,1,True,False,19,True
Traffic,27,20260809,95,0.001,5,0.00012371209303986067,1,True,False,19,True
Traffic,27,20260809,95,0.001,50,0.00012371209303986067,1,True,False,19,True
Traffic,27,20260809,95,1e-05,2,4.1496721716564926e-05,2,False,True,19,True
Traffic,27,20260809,95,1e-05,5,4.612407983483285e-06,4,True,False,19,True
Traffic,27,20260809,95,1e-05,50,4.612407983483285e-06,4,True,False,19,True
Traffic,27,20260809,95,1e-12,2,4.1496721716564926e-05,2,False,True,19,True
Traffic,27,20260809,95,1e-12,5,1.5350852878767424e-06,5,False,True,19,True
Traffic,27,20260809,95,1e-12,50,0.0,19,True,False,19,True
Traffic,27,20260809,96,0.001,2,5.3271430697751124e-05,1,True,False,20,True
Traffic,27,20260809,96,0.001,5,5.3271430697751124e-05,1,True,False,20,True
Traffic,27,20260809,96,0.001,50,5.3271430697751124e-05,1,True,False,20,True
Traffic,27,20260809,96,1e-05,2,1.9015962310824068e-05,2,False,True,20,True
Traffic,27,20260809,96,1e-05,5,2.469721323187836e-06,4,True,False,20,True
Traffic,27,20260809,96,1e-05,50,2.469721323187836e-06,4,True,False,20,True
Traffic,27,20260809,96,1e-12,2,1.9015962310824068e-05,2,False,True,20,True
Traffic,27,20260809,96,1e-12,5,8.948074619743103e-07,5,False,True,20,True
Traffic,27,20260809,96,1e-12,50,0.0,20,True,False,20,True
Traffic,27,20260809,97,0.001,2,4.2310693376246725e-05,1,True,False,22,True
Traffic,27,20260809,97,0.001,5,4.2310693376246725e-05,1,True,False,22,True
Traffic,27,20260809,97,0.001,50,4.2310693376246725e-05,1,True,False,22,True
Traffic,27,20260809,97,1e-05,2,1.731653893555388e-05,2,False,True,22,True
Traffic,27,20260809,97,1e-05,5,2.894970294710652e-06,4,True,False,22,True
Traffic,27,20260809,97,1e-05,50,2.894970294710652e-06,4,True,False,22,True
Traffic,27,20260809,97,1e-12,2,1.731653893555388e-05,2,False,True,22,True
Traffic,27,20260809,97,1e-12,5,1.1825795662144987e-06,5,False,True,22,True
Traffic,27,20260809,97,1e-12,50,0.0,22,True,False,22,True
Traffic,27,20260809,98,0.001,2,0.0001811734246257074,1,True,False,23,True
Traffic,27,20260809,98,0.001,5,0.0001811734246257074,1,True,False,23,True
Traffic,27,20260809,98,0.001,50,0.0001811734246257074,1,True,False,23,True
Traffic,27,20260809,98,1e-05,2,7.251007963960452e-05,2,False,True,23,True
Traffic,27,20260809,98,1e-05,5,4.6855754461821355e-06,5,True,False,23,True
Traffic,27,20260809,98,1e-05,50,4.6855754461821355e-06,5,True,False,23,True
Traffic,27,20260809,98,1e-12,2,7.251007963960452e-05,2,False,True,23,True
Traffic,27,20260809,98,1e-12,5,4.6855754461821355e-06,5,False,True,23,True
Traffic,27,20260809,98,1e-12,50,0.0,23,True,False,23,True
Traffic,27,20260809,99,0.001,2,3.5061547004945586e-05,1,True,False,15,True
Traffic,27,20260809,99,0.001,5,3.5061547004945586e-05,1,True,False,15,True
Traffic,27,20260809,99,0.001,50,3.5061547004945586e-05,1,True,False,15,True
Traffic,27,20260809,99,1e-05,2,6.323147261629101e-06,2,False,True,15,True
Traffic,27,20260809,99,1e-05,5,1.3910251313214214e-06,3,True,False,15,True
Traffic,27,20260809,99,1e-05,50,1.3910251313214214e-06,3,True,False,15,True
Traffic,27,20260809,99,1e-12,2,6.323147261629101e-06,2,False,True,15,True
Traffic,27,20260809,99,1e-12,5,8.948865306154707e-08,5,False,True,15,True
Traffic,27,20260809,99,1e-12,50,0.0,15,True,False,15,True
Traffic,27,20260809,100,0.001,2,3.25380118665587e-05,1,True,False,12,True
Traffic,27,20260809,100,0.001,5,3.25380118665587e-05,1,True,False,12,True
Traffic,27,20260809,100,0.001,50,3.25380118665587e-05,1,True,False,12,True
Traffic,27,20260809,100,1e-05,2,4.7088035191260125e-06,2,False,True,12,True
Traffic,27,20260809,100,1e-05,5,6.854103462479632e-07,3,True,False,12,True
Traffic,27,20260809,100,1e-05,50,6.854103462479632e-07,3,True,False,12,True
Traffic,27,20260809,100,1e-12,2,4.7088035191260125e-06,2,False,True,12,True
Traffic,27,20260809,100,1e-12,5,1.5605835983506553e-08,5,False,True,12,True
Traffic,27,20260809,100,1e-12,50,0.0,12,True,False,12,True
Traffic,39,20260809,21,0.001,2,6.75492610337364e-05,1,True,False,16,True
Traffic,39,20260809,21,0.001,5,6.75492610337364e-05,1,True,False,16,True
Traffic,39,20260809,21,0.001,50,6.75492610337364e-05,1,True,False,16,True
Traffic,39,20260809,21,1e-05,2,1.8637132509763495e-05,2,False,True,16,True
Traffic,39,20260809,21,1e-05,5,1.4205832747035366e-06,4,True,False,16,True
Traffic,39,20260809,21,1e-05,50,1.4205832747035366e-06,4,True,False,16,True
Traffic,39,20260809,21,1e-12,2,1.8637132509763495e-05,2,False,True,16,True
Traffic,39,20260809,21,1e-12,5,3.920533476357869e-07,5,False,True,16,True
Traffic,39,20260809,21,1e-12,50,0.0,16,True,False,16,True
Traffic,39,20260809,22,0.001,2,4.507383466489851e-05,1,True,False,16,True
Traffic,39,20260809,22,0.001,5,4.507383466489851e-05,1,True,False,16,True
Traffic,39,20260809,22,0.001,50,4.507383466489851e-05,1,True,False,16,True
Traffic,39,20260809,22,1e-05,2,1.2279107277684056e-05,2,False,True,16,True
Traffic,39,20260809,22,1e-05,5,3.459790185616034e-06,3,True,False,16,True
Traffic,39,20260809,22,1e-05,50,3.459790185616034e-06,3,True,False,16,True
Traffic,39,20260809,22,1e-12,2,1.2279107277684056e-05,2,False,True,16,True
Traffic,39,20260809,22,1e-12,5,2.8097888762204004e-07,5,False,True,16,True
Traffic,39,20260809,22,1e-12,50,0.0,16,True,False,16,True
Traffic,39,20260809,23,0.001,2,0.0001289782482675786,1,True,False,18,True
Traffic,39,20260809,23,0.001,5,0.0001289782482675786,1,True,False,18,True
Traffic,39,20260809,23,0.001,50,0.0001289782482675786,1,True,False,18,True
Traffic,39,20260809,23,1e-05,2,3.5634709545656e-05,2,False,True,18,True
Traffic,39,20260809,23,1e-05,5,2.9817328410693015e-06,4,True,False,18,True
Traffic,39,20260809,23,1e-05,50,2.9817328410693015e-06,4,True,False,18,True
Traffic,39,20260809,23,1e-12,2,3.5634709545656e-05,2,False,True,18,True
Traffic,39,20260809,23,1e-12,5,9.019658308857847e-07,5,False,True,18,True
Traffic,39,20260809,23,1e-12,50,0.0,18,True,False,18,True
Traffic,39,20260809,24,0.001,2,6.877318266923183e-05,1,True,False,16,True
Traffic,39,20260809,24,0.001,5,6.877318266923183e-05,1,True,False,16,True
Traffic,39,20260809,24,0.001,50,6.877318266923183e-05,1,True,False,16,True
Traffic,39,20260809,24,1e-05,2,1.7336228168356596e-05,2,False,True,16,True
Traffic,39,20260809,24,1e-05,5,1.2040463506523473e-06,4,True,False,16,True
Traffic,39,20260809,24,1e-05,50,1.2040463506523473e-06,4,True,False,16,True
Traffic,39,20260809,24,1e-12,2,1.7336228168356596e-05,2,False,True,16,True
Traffic,39,20260809,24,1e-12,5,3.304106518293628e-07,5,False,True,16,True
Traffic,39,20260809,24,1e-12,50,0.0,16,True,False,16,True
Traffic,39,20260809,25,0.001,2,9.530600293239997e-05,1,True,False,17,True
Traffic,39,20260809,25,0.001,5,9.530600293239997e-05,1,True,False,17,True
Traffic,39,20260809,25,0.001,50,9.530600293239997e-05,1,True,False,17,True
Traffic,39,20260809,25,1e-05,2,2.6353540985680928e-05,2,False,True,17,True
Traffic,39,20260809,25,1e-05,5,1.9989461562273735e-06,4,True,False,17,True
Traffic,39,20260809,25,1e-05,50,1.9989461562273735e-06,4,True,False,17,True
Traffic,39,20260809,25,1e-12,2,2.6353540985680928e-05,2,False,True,17,True
Traffic,39,20260809,25,1e-12,5,5.505284139117012e-07,5,False,True,17,True
Traffic,39,20260809,25,1e-12,50,0.0,17,True,False,17,True
Traffic,39,20260809,26,0.001,2,1.3798739578561588e-05,1,True,False,16,True
Traffic,39,20260809,26,0.001,5,1.3798739578561588e-05,1,True,False,16,True
Traffic,39,20260809,26,0.001,50,1.3798739578561588e-05,1,True,False,16,True
Traffic,39,20260809,26,1e-05,2,2.1085526764488566e-06,2,False,True,16,True
Traffic,39,20260809,26,1e-05,5,5.343277943623715e-07,3,True,False,16,True
Traffic,39,20260809,26,1e-05,50,5.343277943623715e-07,3,True,False,16,True
Traffic,39,20260809,26,1e-12,2,2.1085526764488566e-06,2,False,True,16,True
Traffic,39,20260809,26,1e-12,5,5.972882823287567e-08,5,False,True,16,True
Traffic,39,20260809,26,1e-12,50,0.0,16,True,False,16,True
Traffic,39,20260809,27,0.001,2,0.00014971880475061848,1,True,False,18,True
Traffic,39,20260809,27,0.001,5,0.00014971880475061848,1,True,False,18,True
Traffic,39,20260809,27,0.001,50,0.00014971880475061848,1,True,False,18,True
Traffic,39,20260809,27,1e-05,2,4.606795727920272e-05,2,False,True,18,True
Traffic,39,20260809,27,1e-05,5,4.114865950889603e-06,4,True,False,18,True
Traffic,39,20260809,27,1e-05,50,4.114865950889603e-06,4,True,False,18,True
Traffic,39,20260809,27,1e-12,2,4.606795727920272e-05,2,False,True,18,True
Traffic,39,20260809,27,1e-12,5,1.2214690825446949e-06,5,False,True,18,True
Traffic,39,20260809,27,1e-12,50,0.0,18,True,False,18,True
Traffic,39,20260809,28,0.001,2,0.00010664642519221027,1,True,False,15,True
Traffic,39,20260809,28,0.001,5,0.00010664642519221027,1,True,False,15,True
Traffic,39,20260809,28,0.001,50,0.00010664642519221027,1,True,False,15,True
Traffic,39,20260809,28,1e-05,2,2.240666307719329e-05,2,False,True,15,True
Traffic,39,20260809,28,1e-05,5,9.852004316756626e-07,4,True,False,15,True
Traffic,39,20260809,28,1e-05,50,9.852004316756626e-07,4,True,False,15,True
Traffic,39,20260809,28,1e-12,2,2.240666307719329e-05,2,False,True,15,True
Traffic,39,20260809,28,1e-12,5,2.1072892953273318e-07,5,False,True,15,True
Traffic,39,20260809,28,1e-12,50,0.0,15,True,False,15,True
Traffic,39,20260809,29,0.001,2,7.187212411369083e-05,1,True,False,20,True
Traffic,39,20260809,29,0.001,5,7.187212411369083e-05,1,True,False,20,True
Traffic,39,20260809,29,0.001,50,7.187212411369083e-05,1,True,False,20,True
Traffic,39,20260809,29,1e-05,2,2.5772210260542118e-05,2,False,True,20,True
Traffic,39,20260809,29,1e-05,5,3.445529464145154e-06,4,True,False,20,True
Traffic,39,20260809,29,1e-05,50,3.445529464145154e-06,4,True,False,20,True
Traffic,39,20260809,29,1e-12,2,2.5772210260542118e-05,2,False,True,20,True
Traffic,39,20260809,29,1e-12,5,1.2662971907524245e-06,5,False,True,20,True
Traffic,39,20260809,29,1e-12,50,0.0,20,True,False,20,True
Traffic,39,20260809,30,0.001,2,2.6286245503903934e-05,1,True,False,20,True
Traffic,39,20260809,30,0.001,5,2.6286245503903934e-05,1,True,False,20,True
Traffic,39,20260809,30,0.001,50,2.6286245503903934e-05,1,True,False,20,True
Traffic,39,20260809,30,1e-05,2,9.603063030076319e-06,2,False,True,20,True
Traffic,39,20260809,30,1e-05,5,3.7152440248913637e-06,3,True,False,20,True
Traffic,39,20260809,30,1e-05,50,3.7152440248913637e-06,3,True,False,20,True
Traffic,39,20260809,30,1e-12,2,9.603063030076319e-06,2,False,True,20,True
Traffic,39,20260809,30,1e-12,5,5.680080360756671e-07,5,False,True,20,True
Traffic,39,20260809,30,1e-12,50,0.0,20,True,False,20,True
Traffic,39,20260809,31,0.001,2,6.458611522374082e-05,1,True,False,23,True
Traffic,39,20260809,31,0.001,5,6.458611522374082e-05,1,True,False,23,True
Traffic,39,20260809,31,0.001,50,6.458611522374082e-05,1,True,False,23,True
Traffic,39,20260809,31,1e-05,2,2.7407199100554884e-05,2,False,True,23,True
Traffic,39,20260809,31,1e-05,5,4.917879100450552e-06,4,True,False,23,True
Traffic,39,20260809,31,1e-05,50,4.917879100450552e-06,4,True,False,23,True
Traffic,39,20260809,31,1e-12,2,2.7407199100554884e-05,2,False,True,23,True
Traffic,39,20260809,31,1e-12,5,2.0815757067677814e-06,5,False,True,23,True
Traffic,39,20260809,31,1e-12,50,0.0,23,True,False,23,True
Traffic,39,20260809,32,0.001,2,0.00016494601649661672,1,True,False,22,True
Traffic,39,20260809,32,0.001,5,0.00016494601649661672,1,True,False,22,True
Traffic,39,20260809,32,0.001,50,0.00016494601649661672,1,True,False,22,True
Traffic,39,20260809,32,1e-05,2,6.554383534003918e-05,2,False,True,22,True
Traffic,39,20260809,32,1e-05,5,4.001709557813456e-06,5,True,False,22,True
Traffic,39,20260809,32,1e-05,50,4.001709557813456e-06,5,True,False,22,True
Traffic,39,20260809,32,1e-12,2,6.554383534003918e-05,2,False,True,22,True
Traffic,39,20260809,32,1e-12,5,4.001709557813456e-06,5,False,True,22,True
Traffic,39,20260809,32,1e-12,50,0.0,22,True,False,22,True
Traffic,39,20260809,33,0.001,2,0.00011840866498452584,1,True,False,16,True
Traffic,39,20260809,33,0.001,5,0.00011840866498452584,1,True,False,16,True
Traffic,39,20260809,33,0.001,50,0.00011840866498452584,1,True,False,16,True
Traffic,39,20260809,33,1e-05,2,3.1656791079960304e-05,2,False,True,16,True
Traffic,39,20260809,33,1e-05,5,2.2364789306105626e-06,4,True,False,16,True
Traffic,39,20260809,33,1e-05,50,2.2364789306105626e-06,4,True,False,16,True
Traffic,39,20260809,33,1e-12,2,3.1656791079960304e-05,2,False,True,16,True
Traffic,39,20260809,33,1e-12,5,5.938888549708098e-07,5,False,True,16,True
Traffic,39,20260809,33,1e-12,50,0.0,16,True,False,16,True
Traffic,39,20260809,34,0.001,2,1.45301647245638e-05,1,True,False,19,True
Traffic,39,20260809,34,0.001,5,1.45301647245638e-05,1,True,False,19,True
Traffic,39,20260809,34,0.001,50,1.45301647245638e-05,1,True,False,19,True
Traffic,39,20260809,34,1e-05,2,4.564073865038403e-06,2,False,True,19,True
Traffic,39,20260809,34,1e-05,5,1.7363732274942168e-06,3,True,False,19,True
Traffic,39,20260809,34,1e-05,50,1.7363732274942168e-06,3,True,False,19,True
Traffic,39,20260809,34,1e-12,2,4.564073865038403e-06,2,False,True,19,True
Traffic,39,20260809,34,1e-12,5,2.609855493480629e-07,5,False,True,19,True
Traffic,39,20260809,34,1e-12,50,0.0,19,True,False,19,True
Traffic,39,20260809,35,0.001,2,3.444273520649718e-05,1,True,False,18,True
Traffic,39,20260809,35,0.001,5,3.444273520649718e-05,1,True,False,18,True
Traffic,39,20260809,35,0.001,50,3.444273520649718e-05,1,True,False,18,True
Traffic,39,20260809,35,1e-05,2,1.123210748373507e-05,2,False,True,18,True
Traffic,39,20260809,35,1e-05,5,3.664721101508012e-06,3,True,False,18,True
Traffic,39,20260809,35,1e-05,50,3.664721101508012e-06,3,True,False,18,True
Traffic,39,20260809,35,1e-12,2,1.123210748373507e-05,2,False,True,18,True
Traffic,39,20260809,35,1e-12,5,3.90140771677859e-07,5,False,True,18,True
Traffic,39,20260809,35,1e-12,50,0.0,18,True,False,18,True
Traffic,39,20260809,36,0.001,2,8.21388609038846e-05,1,True,False,21,True
Traffic,39,20260809,36,0.001,5,8.21388609038846e-05,1,True,False,21,True
Traffic,39,20260809,36,0.001,50,8.21388609038846e-05,1,True,False,21,True
Traffic,39,20260809,36,1e-05,2,3.1056888956433376e-05,2,False,True,21,True
Traffic,39,20260809,36,1e-05,5,4.809848220658354e-06,4,True,False,21,True
Traffic,39,20260809,36,1e-05,50,4.809848220658354e-06,4,True,False,21,True
Traffic,39,20260809,36,1e-12,2,3.1056888956433376e-05,2,False,True,21,True
Traffic,39,20260809,36,1e-12,5,1.8964419756529206e-06,5,False,True,21,True
Traffic,39,20260809,36,1e-12,50,0.0,21,True,False,21,True
Traffic,39,20260809,37,0.001,2,0.00014504148644033666,1,True,False,19,True
Traffic,39,20260809,37,0.001,5,0.00014504148644033666,1,True,False,19,True
Traffic,39,20260809,37,0.001,50,0.00014504148644033666,1,True,False,19,True
Traffic,39,20260809,37,1e-05,2,4.794860639482525e-05,2,False,True,19,True
Traffic,39,20260809,37,1e-05,5,1.691439997816882e-06,5,True,False,19,True
Traffic,39,20260809,37,1e-05,50,1.691439997816882e-06,5,True,False,19,True
Traffic,39,20260809,37,1e-12,2,4.794860639482525e-05,2,False,True,19,True
Traffic,39,20260809,37,1e-12,5,1.691439997816882e-06,5,False,True,19,True
Traffic,39,20260809,37,1e-12,50,0.0,19,True,False,19,True
Traffic,39,20260809,38,0.001,2,9.02144669010304e-06,1,True,False,12,True
Traffic,39,20260809,38,0.001,5,9.02144669010304e-06,1,True,False,12,True
Traffic,39,20260809,38,0.001,50,9.02144669010304e-06,1,True,False,12,True
Traffic,39,20260809,38,1e-05,2,1.2714923840348596e-06,2,True,False,12,True
Traffic,39,20260809,38,1e-05,5,1.2714923840348596e-06,2,True,False,12,True
Traffic,39,20260809,38,1e-05,50,1.2714923840348596e-06,2,True,False,12,True
Traffic,39,20260809,38,1e-12,2,1.2714923840348596e-06,2,False,True,12,True
Traffic,39,20260809,38,1e-12,5,3.680564381924136e-09,5,False,True,12,True
Traffic,39,20260809,38,1e-12,50,0.0,12,True,False,12,True
Traffic,39,20260809,39,0.001,2,0.00011280530609121049,1,True,False,25,True
Traffic,39,20260809,39,0.001,5,0.00011280530609121049,1,True,False,25,True
Traffic,39,20260809,39,0.001,50,0.00011280530609121049,1,True,False,25,True
Traffic,39,20260809,39,1e-05,2,4.9494164057336866e-05,2,False,True,25,True
Traffic,39,20260809,39,1e-05,5,4.2797251314551155e-06,5,True,False,25,True
Traffic,39,20260809,39,1e-05,50,4.2797251314551155e-06,5,True,False,25,True
Traffic,39,20260809,39,1e-12,2,4.9494164057336866e-05,2,False,True,25,True
Traffic,39,20260809,39,1e-12,5,4.2797251314551155e-06,5,False,True,25,True
Traffic,39,20260809,39,1e-12,50,0.0,25,True,False,25,True
Traffic,39,20260809,40,0.001,2,0.00011430773615047421,1,True,False,24,True
Traffic,39,20260809,40,0.001,5,0.00011430773615047421,1,True,False,24,True
Traffic,39,20260809,40,0.001,50,0.00011430773615047421,1,True,False,24,True
Traffic,39,20260809,40,1e-05,2,4.9761834863521055e-05,2,False,True,24,True
Traffic,39,20260809,40,1e-05,5,4.033360812080132e-06,5,True,False,24,True
Traffic,39,20260809,40,1e-05,50,4.033360812080132e-06,5,True,False,24,True
Traffic,39,20260809,40,1e-12,2,4.9761834863521055e-05,2,False,True,24,True
Traffic,39,20260809,40,1e-12,5,4.033360812080132e-06,5,False,True,24,True
Traffic,39,20260809,40,1e-12,50,0.0,24,True,False,24,True
Traffic,39,20260809,41,0.001,2,7.615755155642317e-05,1,True,False,19,True
Traffic,39,20260809,41,0.001,5,7.615755155642317e-05,1,True,False,19,True
Traffic,39,20260809,41,0.001,50,7.615755155642317e-05,1,True,False,19,True
Traffic,39,20260809,41,1e-05,2,2.396766414788848e-05,2,False,True,19,True
Traffic,39,20260809,41,1e-05,5,2.7015274002157174e-06,4,True,False,19,True
Traffic,39,20260809,41,1e-05,50,2.7015274002157174e-06,4,True,False,19,True
Traffic,39,20260809,41,1e-12,2,2.396766414788848e-05,2,False,True,19,True
Traffic,39,20260809,41,1e-12,5,9.176215305625641e-07,5,False,True,19,True
Traffic,39,20260809,41,1e-12,50,0.0,19,True,False,19,True
Traffic,39,20260809,42,0.001,2,0.00012577562311171775,1,True,False,23,True
Traffic,39,20260809,42,0.001,5,0.00012577562311171775,1,True,False,23,True
Traffic,39,20260809,42,0.001,50,0.00012577562311171775,1,True,False,23,True
Traffic,39,20260809,42,1e-05,2,5.14662170680543e-05,2,False,True,23,True
Traffic,39,20260809,42,1e-05,5,3.458152091350427e-06,5,True,False,23,True
Traffic,39,20260809,42,1e-05,50,3.458152091350427e-06,5,True,False,23,True
Traffic,39,20260809,42,1e-12,2,5.14662170680543e-05,2,False,True,23,True
Traffic,39,20260809,42,1e-12,5,3.458152091350427e-06,5,False,True,23,True
Traffic,39,20260809,42,1e-12,50,0.0,23,True,False,23,True
Traffic,39,20260809,43,0.001,2,4.807806622660482e-05,1,True,False,21,True
Traffic,39,20260809,43,0.001,5,4.807806622660482e-05,1,True,False,21,True
Traffic,39,20260809,43,0.001,50,4.807806622660482e-05,1,True,False,21,True
Traffic,39,20260809,43,1e-05,2,1.8484123177167405e-05,2,False,True,21,True
Traffic,39,20260809,43,1e-05,5,2.872262238191555e-06,4,True,False,21,True
Traffic,39,20260809,43,1e-05,50,2.872262238191555e-06,4,True,False,21,True
Traffic,39,20260809,43,1e-12,2,1.8484123177167405e-05,2,False,True,21,True
Traffic,39,20260809,43,1e-12,5,1.1359814106361894e-06,5,False,True,21,True
Traffic,39,20260809,43,1e-12,50,0.0,21,True,False,21,True
Traffic,39,20260809,44,0.001,2,7.460981339810978e-05,1,True,False,20,True
Traffic,39,20260809,44,0.001,5,7.460981339810978e-05,1,True,False,20,True
Traffic,39,20260809,44,0.001,50,7.460981339810978e-05,1,True,False,20,True
Traffic,39,20260809,44,1e-05,2,2.491507336695078e-05,2,False,True,20,True
Traffic,39,20260809,44,1e-05,5,3.175221572463531e-06,4,True,False,20,True
Traffic,39,20260809,44,1e-05,50,3.175221572463531e-06,4,True,False,20,True
Traffic,39,20260809,44,1e-12,2,2.491507336695078e-05,2,False,True,20,True
Traffic,39,20260809,44,1e-12,5,1.1449810229678506e-06,5,False,True,20,True
Traffic,39,20260809,44,1e-12,50,0.0,20,True,False,20,True
Traffic,39,20260809,45,0.001,2,0.00011522136436631803,1,True,False,17,True
Traffic,39,20260809,45,0.001,5,0.00011522136436631803,1,True,False,17,True
Traffic,39,20260809,45,0.001,50,0.00011522136436631803,1,True,False,17,True
Traffic,39,20260809,45,1e-05,2,3.420617161560526e-05,2,False,True,17,True
Traffic,39,20260809,45,1e-05,5,2.9628193337814145e-06,4,True,False,17,True
Traffic,39,20260809,45,1e-05,50,2.9628193337814145e-06,4,True,False,17,True
Traffic,39,20260809,45,1e-12,2,3.420617161560526e-05,2,False,True,17,True
Traffic,39,20260809,45,1e-12,5,8.702834894324785e-07,5,False,True,17,True
Traffic,39,20260809,45,1e-12,50,0.0,17,True,False,17,True
Traffic,39,20260809,46,0.001,2,0.00011678152659941669,1,True,False,20,True
Traffic,39,20260809,46,0.001,5,0.00011678152659941669,1,True,False,20,True
Traffic,39,20260809,46,0.001,50,0.00011678152659941669,1,True,False,20,True
Traffic,39,20260809,46,1e-05,2,4.028627620969091e-05,2,False,True,20,True
Traffic,39,20260809,46,1e-05,5,4.829564244327676e-06,4,True,False,20,True
Traffic,39,20260809,46,1e-05,50,4.829564244327676e-06,4,True,False,20,True
Traffic,39,20260809,46,1e-12,2,4.028627620969091e-05,2,False,True,20,True
Traffic,39,20260809,46,1e-12,5,1.6725913670643823e-06,5,False,True,20,True
Traffic,39,20260809,46,1e-12,50,0.0,20,True,False,20,True
Traffic,39,20260809,47,0.001,2,8.243766266102415e-05,1,True,False,20,True
Traffic,39,20260809,47,0.001,5,8.243766266102415e-05,1,True,False,20,True
Traffic,39,20260809,47,0.001,50,8.243766266102415e-05,1,True,False,20,True
Traffic,39,20260809,47,1e-05,2,2.9415136538196245e-05,2,False,True,20,True
Traffic,39,20260809,47,1e-05,5,3.788415663865969e-06,4,True,False,20,True
Traffic,39,20260809,47,1e-05,50,3.788415663865969e-06,4,True,False,20,True
Traffic,39,20260809,47,1e-12,2,2.9415136538196245e-05,2,False,True,20,True
Traffic,39,20260809,47,1e-12,5,1.3601347915040604e-06,5,False,True,20,True
Traffic,39,20260809,47,1e-12,50,0.0,20,True,False,20,True
Traffic,39,20260809,48,0.001,2,0.0001051447996949303,1,True,False,19,True
Traffic,39,20260809,48,0.001,5,0.0001051447996949303,1,True,False,19,True
Traffic,39,20260809,48,0.001,50,0.0001051447996949303,1,True,False,19,True
Traffic,39,20260809,48,1e-05,2,3.658370684048991e-05,2,False,True,19,True
Traffic,39,20260809,48,1e-05,5,4.379504486854458e-06,4,True,False,19,True
Traffic,39,20260809,48,1e-05,50,4.379504486854458e-06,4,True,False,19,True
Traffic,39,20260809,48,1e-12,2,3.658370684048991e-05,2,False,True,19,True
Traffic,39,20260809,48,1e-12,5,1.5119642855790656e-06,5,False,True,19,True
Traffic,39,20260809,48,1e-12,50,0.0,19,True,False,19,True
Traffic,39,20260809,49,0.001,2,7.343597497200888e-06,1,True,False,14,True
Traffic,39,20260809,49,0.001,5,7.343597497200888e-06,1,True,False,14,True
Traffic,39,20260809,49,0.001,50,7.343597497200888e-06,1,True,False,14,True
Traffic,39,20260809,49,1e-05,2,1.2539227427141668e-06,2,True,False,14,True
Traffic,39,20260809,49,1e-05,5,1.2539227427141668e-06,2,True,False,14,True
Traffic,39,20260809,49,1e-05,50,1.2539227427141668e-06,2,True,False,14,True
Traffic,39,20260809,49,1e-12,2,1.2539227427141668e-06,2,False,True,14,True
Traffic,39,20260809,49,1e-12,5,2.2853919608982664e-08,5,False,True,14,True
Traffic,39,20260809,49,1e-12,50,0.0,14,True,False,14,True
Traffic,39,20260809,50,0.001,2,1.5128694822273449e-05,1,True,False,18,True
Traffic,39,20260809,50,0.001,5,1.5128694822273449e-05,1,True,False,18,True
Traffic,39,20260809,50,0.001,50,1.5128694822273449e-05,1,True,False,18,True
Traffic,39,20260809,50,1e-05,2,3.2804638266518923e-06,2,False,True,18,True
Traffic,39,20260809,50,1e-05,5,1.0051392306171848e-06,3,True,False,18,True
Traffic,39,20260809,50,1e-05,50,1.0051392306171848e-06,3,True,False,18,True
Traffic,39,20260809,50,1e-12,2,3.2804638266518923e-06,2,False,True,18,True
Traffic,39,20260809,50,1e-12,5,1.3354145268425774e-07,5,False,True,18,True
Traffic,39,20260809,50,1e-12,50,0.0,18,True,False,18,True
Traffic,39,20260809,51,0.001,2,5.479753537978579e-05,1,True,False,21,True
Traffic,39,20260809,51,0.001,5,5.479753537978579e-05,1,True,False,21,True
Traffic,39,20260809,51,0.001,50,5.479753537978579e-05,1,True,False,21,True
Traffic,39,20260809,51,1e-05,2,2.167041815508368e-05,2,False,True,21,True
Traffic,39,20260809,51,1e-05,5,3.4186645659003123e-06,4,True,False,21,True
Traffic,39,20260809,51,1e-05,50,3.4186645659003123e-06,4,True,False,21,True
Traffic,39,20260809,51,1e-12,2,2.167041815508368e-05,2,False,True,21,True
Traffic,39,20260809,51,1e-12,5,1.3582389732201945e-06,5,False,True,21,True
Traffic,39,20260809,51,1e-12,50,0.0,21,True,False,21,True
Traffic,39,20260809,52,0.001,2,2.0600098469187942e-05,1,True,False,17,True
Traffic,39,20260809,52,0.001,5,2.0600098469187942e-05,1,True,False,17,True
Traffic,39,20260809,52,0.001,50,2.0600098469187942e-05,1,True,False,17,True
Traffic,39,20260809,52,1e-05,2,6.6914533913444555e-06,2,False,True,17,True
Traffic,39,20260809,52,1e-05,5,2.1978182615671754e-06,3,True,False,17,True
Traffic,39,20260809,52,1e-05,50,2.1978182615671754e-06,3,True,False,17,True
Traffic,39,20260809,52,1e-12,2,6.6914533913444555e-06,2,False,True,17,True
Traffic,39,20260809,52,1e-12,5,2.3816008790449893e-07,5,False,True,17,True
Traffic,39,20260809,52,1e-12,50,0.0,17,True,False,17,True
Traffic,39,20260809,53,0.001,2,7.767781429670754e-06,1,True,False,16,True
Traffic,39,20260809,53,0.001,5,7.767781429670754e-06,1,True,False,16,True
Traffic,39,20260809,53,0.001,50,7.767781429670754e-06,1,True,False,16,True
Traffic,39,20260809,53,1e-05,2,2.4935408244278514e-06,2,True,False,16,True
Traffic,39,20260809,53,1e-05,5,2.4935408244278514e-06,2,True,False,16,True
Traffic,39,20260809,53,1e-05,50,2.4935408244278514e-06,2,True,False,16,True
Traffic,39,20260809,53,1e-12,2,2.4935408244278514e-06,2,False,True,16,True
Traffic,39,20260809,53,1e-12,5,8.428548988617718e-08,5,False,True,16,True
Traffic,39,20260809,53,1e-12,50,0.0,16,True,False,16,True
Traffic,39,20260809,54,0.001,2,5.568223596559123e-05,1,True,False,17,True
Traffic,39,20260809,54,0.001,5,5.568223596559123e-05,1,True,False,17,True
Traffic,39,20260809,54,0.001,50,5.568223596559123e-05,1,True,False,17,True
Traffic,39,20260809,54,1e-05,2,1.7012177992957947e-05,2,False,True,17,True
Traffic,39,20260809,54,1e-05,5,1.6261001106777949e-06,4,True,False,17,True
Traffic,39,20260809,54,1e-05,50,1.6261001106777949e-06,4,True,False,17,True
Traffic,39,20260809,54,1e-12,2,1.7012177992957947e-05,2,False,True,17,True
Traffic,39,20260809,54,1e-12,5,5.038802653154915e-07,5,False,True,17,True
Traffic,39,20260809,54,1e-12,50,0.0,17,True,False,17,True
Traffic,39,20260809,55,0.001,2,6.772535598351355e-06,1,True,False,18,True
Traffic,39,20260809,55,0.001,5,6.772535598351355e-06,1,True,False,18,True
Traffic,39,20260809,55,0.001,50,6.772535598351355e-06,1,True,False,18,True
Traffic,39,20260809,55,1e-05,2,2.5350841368443344e-06,2,True,False,18,True
Traffic,39,20260809,55,1e-05,5,2.5350841368443344e-06,2,True,False,18,True
Traffic,39,20260809,55,1e-05,50,2.5350841368443344e-06,2,True,False,18,True
Traffic,39,20260809,55,1e-12,2,2.5350841368443344e-06,2,False,True,18,True
Traffic,39,20260809,55,1e-12,5,1.394386505206978e-07,5,False,True,18,True
Traffic,39,20260809,55,1e-12,50,0.0,18,True,False,18,True
Traffic,39,20260809,56,0.001,2,0.00019792238593320798,1,True,False,19,True
Traffic,39,20260809,56,0.001,5,0.00019792238593320798,1,True,False,19,True
Traffic,39,20260809,56,0.001,50,0.00019792238593320798,1,True,False,19,True
Traffic,39,20260809,56,1e-05,2,6.834079549474607e-05,2,False,True,19,True
Traffic,39,20260809,56,1e-05,5,2.514923430420136e-06,5,True,False,19,True
Traffic,39,20260809,56,1e-05,50,2.514923430420136e-06,5,True,False,19,True
Traffic,39,20260809,56,1e-12,2,6.834079549474607e-05,2,False,True,19,True
Traffic,39,20260809,56,1e-12,5,2.514923430420136e-06,5,False,True,19,True
Traffic,39,20260809,56,1e-12,50,0.0,19,True,False,19,True
Traffic,39,20260809,57,0.001,2,2.839006352574706e-05,1,True,False,18,True
Traffic,39,20260809,57,0.001,5,2.839006352574706e-05,1,True,False,18,True
Traffic,39,20260809,57,0.001,50,2.839006352574706e-05,1,True,False,18,True
Traffic,39,20260809,57,1e-05,2,9.111477012131146e-06,2,False,True,18,True
Traffic,39,20260809,57,1e-05,5,3.049650340248686e-06,3,True,False,18,True
Traffic,39,20260809,57,1e-05,50,3.049650340248686e-06,3,True,False,18,True
Traffic,39,20260809,57,1e-12,2,9.111477012131146e-06,2,False,True,18,True
Traffic,39,20260809,57,1e-12,5,3.4310440449830555e-07,5,False,True,18,True
Traffic,39,20260809,57,1e-12,50,0.0,18,True,False,18,True
Traffic,39,20260809,58,0.001,2,0.00018864369695481282,1,True,False,21,True
Traffic,39,20260809,58,0.001,5,0.00018864369695481282,1,True,False,21,True
Traffic,39,20260809,58,0.001,50,0.00018864369695481282,1,True,False,21,True
Traffic,39,20260809,58,1e-05,2,7.103971965829545e-05,2,False,True,21,True
Traffic,39,20260809,58,1e-05,5,3.3253040634668903e-06,5,True,False,21,True
Traffic,39,20260809,58,1e-05,50,3.3253040634668903e-06,5,True,False,21,True
Traffic,39,20260809,58,1e-12,2,7.103971965829545e-05,2,False,True,21,True
Traffic,39,20260809,58,1e-12,5,3.3253040634668903e-06,5,False,True,21,True
Traffic,39,20260809,58,1e-12,50,0.0,21,True,False,21,True
Traffic,39,20260809,59,0.001,2,7.385267050500465e-05,1,True,False,20,True
Traffic,39,20260809,59,0.001,5,7.385267050500465e-05,1,True,False,20,True
Traffic,39,20260809,59,0.001,50,7.385267050500465e-05,1,True,False,20,True
Traffic,39,20260809,59,1e-05,2,2.6692892136443863e-05,2,False,True,20,True
Traffic,39,20260809,59,1e-05,5,3.479715431987121e-06,4,True,False,20,True
Traffic,39,20260809,59,1e-05,50,3.479715431987121e-06,4,True,False,20,True
Traffic,39,20260809,59,1e-12,2,2.6692892136443863e-05,2,False,True,20,True
Traffic,39,20260809,59,1e-12,5,1.2556229138222419e-06,5,False,True,20,True
Traffic,39,20260809,59,1e-12,50,0.0,20,True,False,20,True
Traffic,39,20260809,60,0.001,2,0.00010501029733184469,1,True,False,19,True
Traffic,39,20260809,60,0.001,5,0.00010501029733184469,1,True,False,19,True
Traffic,39,20260809,60,0.001,50,0.00010501029733184469,1,True,False,19,True
Traffic,39,20260809,60,1e-05,2,3.480046384050391e-05,2,False,True,19,True
Traffic,39,20260809,60,1e-05,5,3.786098257991404e-06,4,True,False,19,True
Traffic,39,20260809,60,1e-05,50,3.786098257991404e-06,4,True,False,19,True
Traffic,39,20260809,60,1e-12,2,3.480046384050391e-05,2,False,True,19,True
Traffic,39,20260809,60,1e-12,5,1.2470935843842875e-06,5,False,True,19,True
Traffic,39,20260809,60,1e-12,50,0.0,19,True,False,19,True
Traffic,39,20260809,61,0.001,2,0.0001059208736300673,1,True,False,15,True
Traffic,39,20260809,61,0.001,5,0.0001059208736300673,1,True,False,15,True
Traffic,39,20260809,61,0.001,50,0.0001059208736300673,1,True,False,15,True
Traffic,39,20260809,61,1e-05,2,1.8492701397355566e-05,2,False,True,15,True
Traffic,39,20260809,61,1e-05,5,6.19237429108623e-07,4,True,False,15,True
Traffic,39,20260809,61,1e-05,50,6.19237429108623e-07,4,True,False,15,True
Traffic,39,20260809,61,1e-12,2,1.8492701397355566e-05,2,False,True,15,True
Traffic,39,20260809,61,1e-12,5,1.2913132498692155e-07,5,False,True,15,True
Traffic,39,20260809,61,1e-12,50,0.0,15,True,False,15,True
Traffic,39,20260809,62,0.001,2,5.984568637464144e-05,1,True,False,15,True
Traffic,39,20260809,62,0.001,5,5.984568637464144e-05,1,True,False,15,True
Traffic,39,20260809,62,0.001,50,5.984568637464144e-05,1,True,False,15,True
Traffic,39,20260809,62,1e-05,2,1.3666702382103262e-05,2,False,True,15,True
Traffic,39,20260809,62,1e-05,5,7.277817764265344e-07,4,True,False,15,True
Traffic,39,20260809,62,1e-05,50,7.277817764265344e-07,4,True,False,15,True
Traffic,39,20260809,62,1e-12,2,1.3666702382103262e-05,2,False,True,15,True
Traffic,39,20260809,62,1e-12,5,1.6866696041316292e-07,5,False,True,15,True
Traffic,39,20260809,62,1e-12,50,0.0,15,True,False,15,True
Traffic,39,20260809,63,0.001,2,3.774842959783797e-05,1,True,False,20,True
Traffic,39,20260809,63,0.001,5,3.774842959783797e-05,1,True,False,20,True
Traffic,39,20260809,63,0.001,50,3.774842959783797e-05,1,True,False,20,True
Traffic,39,20260809,63,1e-05,2,1.3712331272622335e-05,2,False,True,20,True
Traffic,39,20260809,63,1e-05,5,5.151254746350326e-06,3,True,False,20,True
Traffic,39,20260809,63,1e-05,50,5.151254746350326e-06,3,True,False,20,True
Traffic,39,20260809,63,1e-12,2,1.3712331272622335e-05,2,False,True,20,True
Traffic,39,20260809,63,1e-12,5,7.466528891365504e-07,5,False,True,20,True
Traffic,39,20260809,63,1e-12,50,0.0,20,True,False,20,True
Traffic,39,20260809,64,0.001,2,2.355490285235429e-05,1,True,False,19,True
Traffic,39,20260809,64,0.001,5,2.355490285235429e-05,1,True,False,19,True
Traffic,39,20260809,64,0.001,50,2.355490285235429e-05,1,True,False,19,True
Traffic,39,20260809,64,1e-05,2,8.438863574230188e-06,2,False,True,19,True
Traffic,39,20260809,64,1e-05,5,3.0473969378907903e-06,3,True,False,19,True
Traffic,39,20260809,64,1e-05,50,3.0473969378907903e-06,3,True,False,19,True
Traffic,39,20260809,64,1e-12,2,8.438863574230188e-06,2,False,True,19,True
Traffic,39,20260809,64,1e-12,5,3.982037627821651e-07,5,False,True,19,True
Traffic,39,20260809,64,1e-12,50,0.0,19,True,False,19,True
Traffic,39,20260809,65,0.001,2,5.8704587368850185e-05,1,True,False,18,True
Traffic,39,20260809,65,0.001,5,5.8704587368850185e-05,1,True,False,18,True
Traffic,39,20260809,65,0.001,50,5.8704587368850185e-05,1,True,False,18,True
Traffic,39,20260809,65,1e-05,2,1.9115558325571573e-05,2,False,True,18,True
Traffic,39,20260809,65,1e-05,5,2.090039823532991e-06,4,True,False,18,True
Traffic,39,20260809,65,1e-05,50,2.090039823532991e-06,4,True,False,18,True
Traffic,39,20260809,65,1e-12,2,1.9115558325571573e-05,2,False,True,18,True
Traffic,39,20260809,65,1e-12,5,6.915539094561739e-07,5,False,True,18,True
Traffic,39,20260809,65,1e-12,50,0.0,18,True,False,18,True
Traffic,39,20260809,66,0.001,2,2.1366130339854708e-05,1,True,False,17,True
Traffic,39,20260809,66,0.001,5,2.1366130339854708e-05,1,True,False,17,True
Traffic,39,20260809,66,0.001,50,2.1366130339854708e-05,1,True,False,17,True
Traffic,39,20260809,66,1e-05,2,3.915094591814082e-06,2,False,True,17,True
Traffic,39,20260809,66,1e-05,5,7.737343536317571e-07,3,True,False,17,True
Traffic,39,20260809,66,1e-05,50,7.737343536317571e-07,3,True,False,17,True
Traffic,39,20260809,66,1e-12,2,3.915094591814082e-06,2,False,True,17,True
Traffic,39,20260809,66,1e-12,5,6.006755428247728e-08,5,False,True,17,True
Traffic,39,20260809,66,1e-12,50,0.0,17,True,False,17,True
Traffic,39,20260809,67,0.001,2,7.885513127908576e-05,1,True,False,21,True
Traffic,39,20260809,67,0.001,5,7.885513127908576e-05,1,True,False,21,True
Traffic,39,20260809,67,0.001,50,7.885513127908576e-05,1,True,False,21,True
Traffic,39,20260809,67,1e-05,2,2.9414087963493856e-05,2,False,True,21,True
Traffic,39,20260809,67,1e-05,5,4.2749948379076e-06,4,True,False,21,True
Traffic,39,20260809,67,1e-05,50,4.2749948379076e-06,4,True,False,21,True
Traffic,39,20260809,67,1e-12,2,2.9414087963493856e-05,2,False,True,21,True
Traffic,39,20260809,67,1e-12,5,1.6309010394919493e-06,5,False,True,21,True
Traffic,39,20260809,67,1e-12,50,0.0,21,True,False,21,True
Traffic,39,20260809,68,0.001,2,2.788535315566417e-05,1,True,False,20,True
Traffic,39,20260809,68,0.001,5,2.788535315566417e-05,1,True,False,20,True
Traffic,39,20260809,68,0.001,50,2.788535315566417e-05,1,True,False,20,True
Traffic,39,20260809,68,1e-05,2,1.0073752592879482e-05,2,False,True,20,True
Traffic,39,20260809,68,1e-05,5,3.872020550919021e-06,3,True,False,20,True
Traffic,39,20260809,68,1e-05,50,3.872020550919021e-06,3,True,False,20,True
Traffic,39,20260809,68,1e-12,2,1.0073752592879482e-05,2,False,True,20,True
Traffic,39,20260809,68,1e-12,5,5.880350364512138e-07,5,False,True,20,True
Traffic,39,20260809,68,1e-12,50,0.0,20,True,False,20,True
Traffic,39,20260809,69,0.001,2,1.4345997988330897e-05,1,True,False,17,True
Traffic,39,20260809,69,0.001,5,1.4345997988330897e-05,1,True,False,17,True
Traffic,39,20260809,69,0.001,50,1.4345997988330897e-05,1,True,False,17,True
Traffic,39,20260809,69,1e-05,2,4.631628712097649e-06,2,True,False,17,True
Traffic,39,20260809,69,1e-05,5,4.631628712097649e-06,2,True,False,17,True
Traffic,39,20260809,69,1e-05,50,4.631628712097649e-06,2,True,False,17,True
Traffic,39,20260809,69,1e-12,2,4.631628712097649e-06,2,False,True,17,True
Traffic,39,20260809,69,1e-12,5,1.869652048377134e-07,5,False,True,17,True
Traffic,39,20260809,69,1e-12,50,0.0,17,True,False,17,True
Traffic,39,20260809,70,0.001,2,1.0815366445329666e-05,1,True,False,19,True
Traffic,39,20260809,70,0.001,5,1.0815366445329666e-05,1,True,False,19,True
Traffic,39,20260809,70,0.001,50,1.0815366445329666e-05,1,True,False,19,True
Traffic,39,20260809,70,1e-05,2,4.074988746928949e-06,2,True,False,19,True
Traffic,39,20260809,70,1e-05,5,4.074988746928949e-06,2,True,False,19,True
Traffic,39,20260809,70,1e-05,50,4.074988746928949e-06,2,True,False,19,True
Traffic,39,20260809,70,1e-12,2,4.074988746928949e-06,2,False,True,19,True
Traffic,39,20260809,70,1e-12,5,2.2336957912027294e-07,5,False,True,19,True
Traffic,39,20260809,70,1e-12,50,0.0,19,True,False,19,True
Traffic,39,20260809,71,0.001,2,5.53848919455508e-05,1,True,False,22,True
Traffic,39,20260809,71,0.001,5,5.53848919455508e-05,1,True,False,22,True
Traffic,39,20260809,71,0.001,50,5.53848919455508e-05,1,True,False,22,True
Traffic,39,20260809,71,1e-05,2,2.1225724615447615e-05,2,False,True,22,True
Traffic,39,20260809,71,1e-05,5,3.4480658295091215e-06,4,True,False,22,True
Traffic,39,20260809,71,1e-05,50,3.4480658295091215e-06,4,True,False,22,True
Traffic,39,20260809,71,1e-12,2,2.1225724615447615e-05,2,False,True,22,True
Traffic,39,20260809,71,1e-12,5,1.4096033001141315e-06,5,False,True,22,True
Traffic,39,20260809,71,1e-12,50,0.0,22,True,False,22,True
Traffic,39,20260809,72,0.001,2,0.00011276340003263456,1,True,False,18,True
Traffic,39,20260809,72,0.001,5,0.00011276340003263456,1,True,False,18,True
Traffic,39,20260809,72,0.001,50,0.00011276340003263456,1,True,False,18,True
Traffic,39,20260809,72,1e-05,2,3.500942146252992e-05,2,False,True,18,True
Traffic,39,20260809,72,1e-05,5,3.330720334625359e-06,4,True,False,18,True
Traffic,39,20260809,72,1e-05,50,3.330720334625359e-06,4,True,False,18,True
Traffic,39,20260809,72,1e-12,2,3.500942146252992e-05,2,False,True,18,True
Traffic,39,20260809,72,1e-12,5,1.0257782676760488e-06,5,False,True,18,True
Traffic,39,20260809,72,1e-12,50,0.0,18,True,False,18,True
Traffic,39,20260809,73,0.001,2,9.174727958065583e-05,1,True,False,19,True
Traffic,39,20260809,73,0.001,5,9.174727958065583e-05,1,True,False,19,True
Traffic,39,20260809,73,0.001,50,9.174727958065583e-05,1,True,False,19,True
Traffic,39,20260809,73,1e-05,2,3.1073798246468165e-05,2,False,True,19,True
Traffic,39,20260809,73,1e-05,5,3.5437652139571428e-06,4,True,False,19,True
Traffic,39,20260809,73,1e-05,50,3.5437652139571428e-06,4,True,False,19,True
Traffic,39,20260809,73,1e-12,2,3.1073798246468165e-05,2,False,True,19,True
Traffic,39,20260809,73,1e-12,5,1.1955227875454873e-06,5,False,True,19,True
Traffic,39,20260809,73,1e-12,50,0.0,19,True,False,19,True
Traffic,39,20260809,74,0.001,2,5.2647706353092966e-05,1,True,False,16,True
Traffic,39,20260809,74,0.001,5,5.2647706353092966e-05,1,True,False,16,True
Traffic,39,20260809,74,0.001,50,5.2647706353092966e-05,1,True,False,16,True
Traffic,39,20260809,74,1e-05,2,1.3744327720883609e-05,2,False,True,16,True
Traffic,39,20260809,74,1e-05,5,9.907281454938943e-07,4,True,False,16,True
Traffic,39,20260809,74,1e-05,50,9.907281454938943e-07,4,True,False,16,True
Traffic,39,20260809,74,1e-12,2,1.3744327720883609e-05,2,False,True,16,True
Traffic,39,20260809,74,1e-12,5,2.7382679878814927e-07,5,False,True,16,True
Traffic,39,20260809,74,1e-12,50,0.0,16,True,False,16,True
Traffic,39,20260809,75,0.001,2,6.570959169481665e-05,1,True,False,14,True
Traffic,39,20260809,75,0.001,5,6.570959169481665e-05,1,True,False,14,True
Traffic,39,20260809,75,0.001,50,6.570959169481665e-05,1,True,False,14,True
Traffic,39,20260809,75,1e-05,2,1.2538888729504202e-05,2,False,True,14,True
Traffic,39,20260809,75,1e-05,5,5.432334596532345e-07,4,True,False,14,True
Traffic,39,20260809,75,1e-05,50,5.432334596532345e-07,4,True,False,14,True
Traffic,39,20260809,75,1e-12,2,1.2538888729504202e-05,2,False,True,14,True
Traffic,39,20260809,75,1e-12,5,1.19917247155084e-07,5,False,True,14,True
Traffic,39,20260809,75,1e-12,50,0.0,14,True,False,14,True
Traffic,39,20260809,76,0.001,2,0.00011484022137974714,1,True,False,19,True
Traffic,39,20260809,76,0.001,5,0.00011484022137974714,1,True,False,19,True
Traffic,39,20260809,76,0.001,50,0.00011484022137974714,1,True,False,19,True
Traffic,39,20260809,76,1e-05,2,3.885675973680178e-05,2,False,True,19,True
Traffic,39,20260809,76,1e-05,5,4.446353815517492e-06,4,True,False,19,True
Traffic,39,20260809,76,1e-05,50,4.446353815517492e-06,4,True,False,19,True
Traffic,39,20260809,76,1e-12,2,3.885675973680178e-05,2,False,True,19,True
Traffic,39,20260809,76,1e-12,5,1.5041409056560363e-06,5,False,True,19,True
Traffic,39,20260809,76,1e-12,50,0.0,19,True,False,19,True
Traffic,39,20260809,77,0.001,2,0.00013211080372583212,1,True,False,20,True
Traffic,39,20260809,77,0.001,5,0.00013211080372583212,1,True,False,20,True
Traffic,39,20260809,77,0.001,50,0.00013211080372583212,1,True,False,20,True
Traffic,39,20260809,77,1e-05,2,4.5687610161337584e-05,2,False,True,20,True
Traffic,39,20260809,77,1e-05,5,1.8295646321788777e-06,5,True,False,20,True
Traffic,39,20260809,77,1e-05,50,1.8295646321788777e-06,5,True,False,20,True
Traffic,39,20260809,77,1e-12,2,4.5687610161337584e-05,2,False,True,20,True
Traffic,39,20260809,77,1e-12,5,1.8295646321788777e-06,5,False,True,20,True
Traffic,39,20260809,77,1e-12,50,0.0,20,True,False,20,True
Traffic,39,20260809,78,0.001,2,1.2229856875519305e-05,1,True,False,15,True
Traffic,39,20260809,78,0.001,5,1.2229856875519305e-05,1,True,False,15,True
Traffic,39,20260809,78,0.001,50,1.2229856875519305e-05,1,True,False,15,True
Traffic,39,20260809,78,1e-05,2,2.567113143306138e-06,2,True,False,15,True
Traffic,39,20260809,78,1e-05,5,2.567113143306138e-06,2,True,False,15,True
Traffic,39,20260809,78,1e-05,50,2.567113143306138e-06,2,True,False,15,True
Traffic,39,20260809,78,1e-12,2,2.567113143306138e-06,2,False,True,15,True
Traffic,39,20260809,78,1e-12,5,4.097756192330499e-08,5,False,True,15,True
Traffic,39,20260809,78,1e-12,50,0.0,15,True,False,15,True
Traffic,39,20260809,79,0.001,2,3.7875407325990976e-05,1,True,False,15,True
Traffic,39,20260809,79,0.001,5,3.7875407325990976e-05,1,True,False,15,True
Traffic,39,20260809,79,0.001,50,3.7875407325990976e-05,1,True,False,15,True
Traffic,39,20260809,79,1e-05,2,7.723143724990417e-06,2,False,True,15,True
Traffic,39,20260809,79,1e-05,5,1.6315273454135854e-06,3,True,False,15,True
Traffic,39,20260809,79,1e-05,50,1.6315273454135854e-06,3,True,False,15,True
Traffic,39,20260809,79,1e-12,2,7.723143724990417e-06,2,False,True,15,True
Traffic,39,20260809,79,1e-12,5,8.901086881818757e-08,5,False,True,15,True
Traffic,39,20260809,79,1e-12,50,0.0,15,True,False,15,True
Traffic,39,20260809,80,0.001,2,0.00010484195617815004,1,True,False,18,True
Traffic,39,20260809,80,0.001,5,0.00010484195617815004,1,True,False,18,True
Traffic,39,20260809,80,0.001,50,0.00010484195617815004,1,True,False,18,True
Traffic,39,20260809,80,1e-05,2,3.302117741180244e-05,2,False,True,18,True
Traffic,39,20260809,80,1e-05,5,3.261570889031203e-06,4,True,False,18,True
Traffic,39,20260809,80,1e-05,50,3.261570889031203e-06,4,True,False,18,True
Traffic,39,20260809,80,1e-12,2,3.302117741180244e-05,2,False,True,18,True
Traffic,39,20260809,80,1e-12,5,1.0243980879827294e-06,5,False,True,18,True
Traffic,39,20260809,80,1e-12,50,0.0,18,True,False,18,True
Traffic,39,20260809,81,0.001,2,6.053022387434547e-05,1,True,False,17,True
Traffic,39,20260809,81,0.001,5,6.053022387434547e-05,1,True,False,17,True
Traffic,39,20260809,81,0.001,50,6.053022387434547e-05,1,True,False,17,True
Traffic,39,20260809,81,1e-05,2,1.8272676462351674e-05,2,False,True,17,True
Traffic,39,20260809,81,1e-05,5,1.7390342229616082e-06,4,True,False,17,True
Traffic,39,20260809,81,1e-05,50,1.7390342229616082e-06,4,True,False,17,True
Traffic,39,20260809,81,1e-12,2,1.8272676462351674e-05,2,False,True,17,True
Traffic,39,20260809,81,1e-12,5,5.376552219302791e-07,5,False,True,17,True
Traffic,39,20260809,81,1e-12,50,0.0,17,True,False,17,True
Traffic,39,20260809,82,0.001,2,0.00015144648180044637,1,True,False,17,True
Traffic,39,20260809,82,0.001,5,0.00015144648180044637,1,True,False,17,True
Traffic,39,20260809,82,0.001,50,0.00015144648180044637,1,True,False,17,True
Traffic,39,20260809,82,1e-05,2,4.451572660708767e-05,2,False,True,17,True
Traffic,39,20260809,82,1e-05,5,3.677576164824176e-06,4,True,False,17,True
Traffic,39,20260809,82,1e-05,50,3.677576164824176e-06,4,True,False,17,True
Traffic,39,20260809,82,1e-12,2,4.451572660708767e-05,2,False,True,17,True
Traffic,39,20260809,82,1e-12,5,1.0519631524547089e-06,5,False,True,17,True
Traffic,39,20260809,82,1e-12,50,0.0,17,True,False,17,True
Traffic,39,20260809,83,0.001,2,1.2461514366591656e-05,1,True,False,17,True
Traffic,39,20260809,83,0.001,5,1.2461514366591656e-05,1,True,False,17,True
Traffic,39,20260809,83,0.001,50,1.2461514366591656e-05,1,True,False,17,True
Traffic,39,20260809,83,1e-05,2,4.100479242574266e-06,2,True,False,17,True
Traffic,39,20260809,83,1e-05,5,4.100479242574266e-06,2,True,False,17,True
Traffic,39,20260809,83,1e-05,50,4.100479242574266e-06,2,True,False,17,True
Traffic,39,20260809,83,1e-12,2,4.100479242574266e-06,2,False,True,17,True
Traffic,39,20260809,83,1e-12,5,1.522216217556849e-07,5,False,True,17,True
Traffic,39,20260809,83,1e-12,50,0.0,17,True,False,17,True
Traffic,39,20260809,84,0.001,2,2.530122558777542e-05,1,True,False,18,True
Traffic,39,20260809,84,0.001,5,2.530122558777542e-05,1,True,False,18,True
Traffic,39,20260809,84,0.001,50,2.530122558777542e-05,1,True,False,18,True
Traffic,39,20260809,84,1e-05,2,6.41174178509921e-06,2,False,True,18,True
Traffic,39,20260809,84,1e-05,5,1.866422876964541e-06,3,True,False,18,True
Traffic,39,20260809,84,1e-05,50,1.866422876964541e-06,3,True,False,18,True
Traffic,39,20260809,84,1e-12,2,6.41174178509921e-06,2,False,True,18,True
Traffic,39,20260809,84,1e-12,5,2.0539138903751572e-07,5,False,True,18,True
Traffic,39,20260809,84,1e-12,50,0.0,18,True,False,18,True
Traffic,39,20260809,85,0.001,2,2.217080358175178e-05,1,True,False,17,True
Traffic,39,20260809,85,0.001,5,2.217080358175178e-05,1,True,False,17,True
Traffic,39,20260809,85,0.001,50,2.217080358175178e-05,1,True,False,17,True
Traffic,39,20260809,85,1e-05,2,6.940766168144926e-06,2,False,True,17,True
Traffic,39,20260809,85,1e-05,5,2.1730998285214727e-06,3,True,False,17,True
Traffic,39,20260809,85,1e-05,50,2.1730998285214727e-06,3,True,False,17,True
Traffic,39,20260809,85,1e-12,2,6.940766168144926e-06,2,False,True,17,True
Traffic,39,20260809,85,1e-12,5,2.1341972587237932e-07,5,False,True,17,True
Traffic,39,20260809,85,1e-12,50,0.0,17,True,False,17,True
Traffic,39,20260809,86,0.001,2,6.221156135777673e-05,1,True,False,18,True
Traffic,39,20260809,86,0.001,5,6.221156135777673e-05,1,True,False,18,True
Traffic,39,20260809,86,0.001,50,6.221156135777673e-05,1,True,False,18,True
Traffic,39,20260809,86,1e-05,2,2.0631614589136096e-05,2,False,True,18,True
Traffic,39,20260809,86,1e-05,5,2.2649349270369894e-06,4,True,False,18,True
Traffic,39,20260809,86,1e-05,50,2.2649349270369894e-06,4,True,False,18,True
Traffic,39,20260809,86,1e-12,2,2.0631614589136096e-05,2,False,True,18,True
Traffic,39,20260809,86,1e-12,5,7.502363820230689e-07,5,False,True,18,True
Traffic,39,20260809,86,1e-12,50,0.0,18,True,False,18,True
Traffic,39,20260809,87,0.001,2,0.00013642412896094677,1,True,False,19,True
Traffic,39,20260809,87,0.001,5,0.00013642412896094677,1,True,False,19,True
Traffic,39,20260809,87,0.001,50,0.00013642412896094677,1,True,False,19,True
Traffic,39,20260809,87,1e-05,2,4.673970085296118e-05,2,False,True,19,True
Traffic,39,20260809,87,1e-05,5,1.8091375800374248e-06,5,True,False,19,True
Traffic,39,20260809,87,1e-05,50,1.8091375800374248e-06,5,True,False,19,True
Traffic,39,20260809,87,1e-12,2,4.673970085296118e-05,2,False,True,19,True
Traffic,39,20260809,87,1e-12,5,1.8091375800374248e-06,5,False,True,19,True
Traffic,39,20260809,87,1e-12,50,0.0,19,True,False,19,True
Traffic,39,20260809,88,0.001,2,6.918315422875937e-06,1,True,False,18,True
Traffic,39,20260809,88,0.001,5,6.918315422875937e-06,1,True,False,18,True
Traffic,39,20260809,88,0.001,50,6.918315422875937e-06,1,True,False,18,True
Traffic,39,20260809,88,1e-05,2,2.5555351158791282e-06,2,True,False,18,True
Traffic,39,20260809,88,1e-05,5,2.5555351158791282e-06,2,True,False,18,True
Traffic,39,20260809,88,1e-05,50,2.5555351158791282e-06,2,True,False,18,True
Traffic,39,20260809,88,1e-12,2,2.5555351158791282e-06,2,False,True,18,True
Traffic,39,20260809,88,1e-12,5,1.2953196318638054e-07,5,False,True,18,True
Traffic,39,20260809,88,1e-12,50,0.0,18,True,False,18,True
Traffic,39,20260809,89,0.001,2,7.99365845235064e-05,1,True,False,20,True
Traffic,39,20260809,89,0.001,5,7.99365845235064e-05,1,True,False,20,True
Traffic,39,20260809,89,0.001,50,7.99365845235064e-05,1,True,False,20,True
Traffic,39,20260809,89,1e-05,2,2.9155050425400947e-05,2,False,True,20,True
Traffic,39,20260809,89,1e-05,5,3.8681022740111265e-06,4,True,False,20,True
Traffic,39,20260809,89,1e-05,50,3.8681022740111265e-06,4,True,False,20,True
Traffic,39,20260809,89,1e-12,2,2.9155050425400947e-05,2,False,True,20,True
Traffic,39,20260809,89,1e-12,5,1.4078942814320283e-06,5,False,True,20,True
Traffic,39,20260809,89,1e-12,50,0.0,20,True,False,20,True
Traffic,39,20260809,90,0.001,2,0.00011128374466687622,1,True,False,21,True
Traffic,39,20260809,90,0.001,5,0.00011128374466687622,1,True,False,21,True
Traffic,39,20260809,90,0.001,50,0.00011128374466687622,1,True,False,21,True
Traffic,39,20260809,90,1e-05,2,4.159146633044941e-05,2,False,True,21,True
Traffic,39,20260809,90,1e-05,5,5.734716361510832e-06,4,True,False,21,True
Traffic,39,20260809,90,1e-05,50,5.734716361510832e-06,4,True,False,21,True
Traffic,39,20260809,90,1e-12,2,4.159146633044941e-05,2,False,True,21,True
Traffic,39,20260809,90,1e-12,5,2.124898092572272e-06,5,False,True,21,True
Traffic,39,20260809,90,1e-12,50,0.0,21,True,False,21,True
Traffic,39,20260809,91,0.001,2,7.205014422691888e-05,1,True,False,18,True
Traffic,39,20260809,91,0.001,5,7.205014422691888e-05,1,True,False,18,True
Traffic,39,20260809,91,0.001,50,7.205014422691888e-05,1,True,False,18,True
Traffic,39,20260809,91,1e-05,2,1.2852524212250842e-05,2,False,True,18,True
Traffic,39,20260809,91,1e-05,5,7.654129397868405e-07,4,True,False,18,True
Traffic,39,20260809,91,1e-05,50,7.654129397868405e-07,4,True,False,18,True
Traffic,39,20260809,91,1e-12,2,1.2852524212250842e-05,2,False,True,18,True
Traffic,39,20260809,91,1e-12,5,2.4404134762153104e-07,5,False,True,18,True
Traffic,39,20260809,91,1e-12,50,0.0,18,True,False,18,True
Traffic,39,20260809,92,0.001,2,1.1609484815335574e-05,1,True,False,17,True
Traffic,39,20260809,92,0.001,5,1.1609484815335574e-05,1,True,False,17,True
Traffic,39,20260809,92,0.001,50,1.1609484815335574e-05,1,True,False,17,True
Traffic,39,20260809,92,1e-05,2,3.600502714442948e-06,2,True,False,17,True
Traffic,39,20260809,92,1e-05,5,3.600502714442948e-06,2,True,False,17,True
Traffic,39,20260809,92,1e-05,50,3.600502714442948e-06,2,True,False,17,True
Traffic,39,20260809,92,1e-12,2,3.600502714442948e-06,2,False,True,17,True
Traffic,39,20260809,92,1e-12,5,1.4723808277990963e-07,5,False,True,17,True
Traffic,39,20260809,92,1e-12,50,0.0,17,True,False,17,True
Traffic,39,20260809,93,0.001,2,2.945747803107713e-05,1,True,False,20,True
Traffic,39,20260809,93,0.001,5,2.945747803107713e-05,1,True,False,20,True
Traffic,39,20260809,93,0.001,50,2.945747803107713e-05,1,True,False,20,True
Traffic,39,20260809,93,1e-05,2,6.65660445730569e-06,2,False,True,20,True
Traffic,39,20260809,93,1e-05,5,2.140691837195166e-06,3,True,False,20,True
Traffic,39,20260809,93,1e-05,50,2.140691837195166e-06,3,True,False,20,True
Traffic,39,20260809,93,1e-12,2,6.65660445730569e-06,2,False,True,20,True
Traffic,39,20260809,93,1e-12,5,3.4203151509092416e-07,5,False,True,20,True
Traffic,39,20260809,93,1e-12,50,0.0,20,True,False,20,True
Traffic,39,20260809,94,0.001,2,4.508227811236392e-05,1,True,False,17,True
Traffic,39,20260809,94,0.001,5,4.508227811236392e-05,1,True,False,17,True
Traffic,39,20260809,94,0.001,50,4.508227811236392e-05,1,True,False,17,True
Traffic,39,20260809,94,1e-05,2,1.4324476657040348e-05,2,False,True,17,True
Traffic,39,20260809,94,1e-05,5,4.540418416368868e-06,3,True,False,17,True
Traffic,39,20260809,94,1e-05,50,4.540418416368868e-06,3,True,False,17,True
Traffic,39,20260809,94,1e-12,2,1.4324476657040348e-05,2,False,True,17,True
Traffic,39,20260809,94,1e-12,5,4.5532833930076816e-07,5,False,True,17,True
Traffic,39,20260809,94,1e-12,50,0.0,17,True,False,17,True
Traffic,39,20260809,95,0.001,2,0.00013728170174936497,1,True,False,18,True
Traffic,39,20260809,95,0.001,5,0.00013728170174936497,1,True,False,18,True
Traffic,39,20260809,95,0.001,50,0.00013728170174936497,1,True,False,18,True
Traffic,39,20260809,95,1e-05,2,4.189872844621448e-05,2,False,True,18,True
Traffic,39,20260809,95,1e-05,5,3.7834919296912332e-06,4,True,False,18,True
Traffic,39,20260809,95,1e-05,50,3.7834919296912332e-06,4,True,False,18,True
Traffic,39,20260809,95,1e-12,2,4.189872844621448e-05,2,False,True,18,True
Traffic,39,20260809,95,1e-12,5,1.1329754560994754e-06,5,False,True,18,True
Traffic,39,20260809,95,1e-12,50,0.0,18,True,False,18,True
Traffic,39,20260809,96,0.001,2,7.521834335088898e-05,1,True,False,19,True
Traffic,39,20260809,96,0.001,5,7.521834335088898e-05,1,True,False,19,True
Traffic,39,20260809,96,0.001,50,7.521834335088898e-05,1,True,False,19,True
Traffic,39,20260809,96,1e-05,2,2.3051887814963006e-05,2,False,True,19,True
Traffic,39,20260809,96,1e-05,5,2.5521534280744202e-06,4,True,False,19,True
Traffic,39,20260809,96,1e-05,50,2.5521534280744202e-06,4,True,False,19,True
Traffic,39,20260809,96,1e-12,2,2.3051887814963006e-05,2,False,True,19,True
Traffic,39,20260809,96,1e-12,5,8.622857747555109e-07,5,False,True,19,True
Traffic,39,20260809,96,1e-12,50,0.0,19,True,False,19,True
Traffic,39,20260809,97,0.001,2,2.8264975517879386e-05,1,True,False,20,True
Traffic,39,20260809,97,0.001,5,2.8264975517879386e-05,1,True,False,20,True
Traffic,39,20260809,97,0.001,50,2.8264975517879386e-05,1,True,False,20,True
Traffic,39,20260809,97,1e-05,2,1.0673591277984418e-05,2,False,True,20,True
Traffic,39,20260809,97,1e-05,5,4.129829096328427e-06,3,True,False,20,True
Traffic,39,20260809,97,1e-05,50,4.129829096328427e-06,3,True,False,20,True
Traffic,39,20260809,97,1e-12,2,1.0673591277984418e-05,2,False,True,20,True
Traffic,39,20260809,97,1e-12,5,6.253112485175666e-07,5,False,True,20,True
Traffic,39,20260809,97,1e-12,50,0.0,20,True,False,20,True
Traffic,39,20260809,98,0.001,2,4.6136775100369935e-05,1,True,False,22,True
Traffic,39,20260809,98,0.001,5,4.6136775100369935e-05,1,True,False,22,True
Traffic,39,20260809,98,0.001,50,4.6136775100369935e-05,1,True,False,22,True
Traffic,39,20260809,98,1e-05,2,1.8682963277794554e-05,2,False,True,22,True
Traffic,39,20260809,98,1e-05,5,3.3147742455064614e-06,4,True,False,22,True
Traffic,39,20260809,98,1e-05,50,3.3147742455064614e-06,4,True,False,22,True
Traffic,39,20260809,98,1e-12,2,1.8682963277794554e-05,2,False,True,22,True
Traffic,39,20260809,98,1e-12,5,1.399178858565611e-06,5,False,True,22,True
Traffic,39,20260809,98,1e-12,50,0.0,22,True,False,22,True
Traffic,39,20260809,99,0.001,2,6.906552350885644e-05,1,True,False,21,True
Traffic,39,20260809,99,0.001,5,6.906552350885644e-05,1,True,False,21,True
Traffic,39,20260809,99,0.001,50,6.906552350885644e-05,1,True,False,21,True
Traffic,39,20260809,99,1e-05,2,2.6228226209025155e-05,2,False,True,21,True
Traffic,39,20260809,99,1e-05,5,3.7788088408305146e-06,4,True,False,21,True
Traffic,39,20260809,99,1e-05,50,3.7788088408305146e-06,4,True,False,21,True
Traffic,39,20260809,99,1e-12,2,2.6228226209025155e-05,2,False,True,21,True
Traffic,39,20260809,99,1e-12,5,1.4340438907752818e-06,5,False,True,21,True
Traffic,39,20260809,99,1e-12,50,0.0,21,True,False,21,True
Traffic,39,20260809,100,0.001,2,1.6890001226859816e-05,1,True,False,21,True
Traffic,39,20260809,100,0.001,5,1.6890001226859816e-05,1,True,False,21,True
Traffic,39,20260809,100,0.001,50,1.6890001226859816e-05,1,True,False,21,True
Traffic,39,20260809,100,1e-05,2,6.431534256695275e-06,2,False,True,21,True
Traffic,39,20260809,100,1e-05,5,2.7055646606251905e-06,3,True,False,21,True
Traffic,39,20260809,100,1e-05,50,2.7055646606251905e-06,3,True,False,21,True
Traffic,39,20260809,100,1e-12,2,6.431534256695275e-06,2,False,True,21,True
Traffic,39,20260809,100,1e-12,5,4.870194541784485e-07,5,False,True,21,True
Traffic,39,20260809,100,1e-12,50,0.0,21,True,False,21,True
Water,27,20260809,21,0.001,2,0.00017987690305014663,1,True,False,20,True
Water,27,20260809,21,0.001,5,0.00017987690305014663,1,True,False,20,True
Water,27,20260809,21,0.001,50,0.00017987690305014663,1,True,False,20,True
Water,27,20260809,21,1e-05,2,6.471738842044233e-05,2,False,True,20,True
Water,27,20260809,21,1e-05,5,2.9386234791784917e-06,5,True,False,20,True
Water,27,20260809,21,1e-05,50,2.9386234791784917e-06,5,True,False,20,True
Water,27,20260809,21,1e-12,2,6.471738842044233e-05,2,False,True,20,True
Water,27,20260809,21,1e-12,5,2.9386234791784917e-06,5,False,True,20,True
Water,27,20260809,21,1e-12,50,0.0,20,True,False,20,True
Water,27,20260809,22,0.001,2,3.404029937222749e-05,1,True,False,22,True
Water,27,20260809,22,0.001,5,3.404029937222749e-05,1,True,False,22,True
Water,27,20260809,22,0.001,50,3.404029937222749e-05,1,True,False,22,True
Water,27,20260809,22,1e-05,2,1.4297812879467933e-05,2,False,True,22,True
Water,27,20260809,22,1e-05,5,6.000388489719807e-06,3,True,False,22,True
Water,27,20260809,22,1e-05,50,6.000388489719807e-06,3,True,False,22,True
Water,27,20260809,22,1e-12,2,1.4297812879467933e-05,2,False,True,22,True
Water,27,20260809,22,1e-12,5,1.0558841815883461e-06,5,False,True,22,True
Water,27,20260809,22,1e-12,50,0.0,22,True,False,22,True
Water,27,20260809,23,0.001,2,0.00015521677577293757,1,True,False,37,True
Water,27,20260809,23,0.001,5,0.00015521677577293757,1,True,False,37,True
Water,27,20260809,23,0.001,50,0.00015521677577293757,1,True,False,37,True
Water,27,20260809,23,1e-05,2,9.427383138406817e-05,2,False,True,37,True
Water,27,20260809,23,1e-05,5,2.021715928275703e-05,5,False,True,37,True
Water,27,20260809,23,1e-05,50,1.2015097766927128e-05,6,True,False,37,True
Water,27,20260809,23,1e-12,2,9.427383138406817e-05,2,False,True,37,True
Water,27,20260809,23,1e-12,5,2.021715928275703e-05,5,False,True,37,True
Water,27,20260809,23,1e-12,50,0.0,37,True,False,37,True
Water,27,20260809,24,0.001,2,3.199378260904218e-05,1,True,False,22,True
Water,27,20260809,24,0.001,5,3.199378260904218e-05,1,True,False,22,True
Water,27,20260809,24,0.001,50,3.199378260904218e-05,1,True,False,22,True
Water,27,20260809,24,1e-05,2,1.3890720615744442e-05,2,False,True,22,True
Water,27,20260809,24,1e-05,5,6.0161053559775674e-06,3,True,False,22,True
Water,27,20260809,24,1e-05,50,6.0161053559775674e-06,3,True,False,22,True
Water,27,20260809,24,1e-12,2,1.3890720615744442e-05,2,False,True,22,True
Water,27,20260809,24,1e-12,5,1.1254629231014878e-06,5,False,True,22,True
Water,27,20260809,24,1e-12,50,0.0,22,True,False,22,True
Water,27,20260809,25,0.001,2,3.316805274779088e-05,1,True,False,23,True
Water,27,20260809,25,0.001,5,3.316805274779088e-05,1,True,False,23,True
Water,27,20260809,25,0.001,50,3.316805274779088e-05,1,True,False,23,True
Water,27,20260809,25,1e-05,2,1.4964152283653713e-05,2,False,True,23,True
Water,27,20260809,25,1e-05,5,6.750406562146842e-06,3,True,False,23,True
Water,27,20260809,25,1e-05,50,6.750406562146842e-06,3,True,False,23,True
Water,27,20260809,25,1e-12,2,1.4964152283653713e-05,2,False,True,23,True
Water,27,20260809,25,1e-12,5,1.3734471655414658e-06,5,False,True,23,True
Water,27,20260809,25,1e-12,50,0.0,23,True,False,23,True
Water,27,20260809,26,0.001,2,0.00011094041687103847,1,True,False,26,True
Water,27,20260809,26,0.001,5,0.00011094041687103847,1,True,False,26,True
Water,27,20260809,26,0.001,50,0.00011094041687103847,1,True,False,26,True
Water,27,20260809,26,1e-05,2,5.294453219264028e-05,2,False,True,26,True
Water,27,20260809,26,1e-05,5,5.669169713602193e-06,5,True,False,26,True
Water,27,20260809,26,1e-05,50,5.669169713602193e-06,5,True,False,26,True
Water,27,20260809,26,1e-12,2,5.294453219264028e-05,2,False,True,26,True
Water,27,20260809,26,1e-12,5,5.669169713602193e-06,5,False,True,26,True
Water,27,20260809,26,1e-12,50,0.0,26,True,False,26,True
Water,27,20260809,27,0.001,2,0.0002320661301252279,1,True,False,22,True
Water,27,20260809,27,0.001,5,0.0002320661301252279,1,True,False,22,True
Water,27,20260809,27,0.001,50,0.0002320661301252279,1,True,False,22,True
Water,27,20260809,27,1e-05,2,8.920231001112277e-05,2,False,True,22,True
Water,27,20260809,27,1e-05,5,4.763039454060011e-06,5,True,False,22,True
Water,27,20260809,27,1e-05,50,4.763039454060011e-06,5,True,False,22,True
Water,27,20260809,27,1e-12,2,8.920231001112277e-05,2,False,True,22,True
Water,27,20260809,27,1e-12,5,4.763039454060011e-06,5,False,True,22,True
Water,27,20260809,27,1e-12,50,0.0,22,True,False,22,True
Water,27,20260809,28,0.001,2,4.479300918246224e-05,1,True,False,29,True
Water,27,20260809,28,0.001,5,4.479300918246224e-05,1,True,False,29,True
Water,27,20260809,28,0.001,50,4.479300918246224e-05,1,True,False,29,True
Water,27,20260809,28,1e-05,2,2.397325961265241e-05,2,False,True,29,True
Water,27,20260809,28,1e-05,5,6.857211424167555e-06,4,True,False,29,True
Water,27,20260809,28,1e-05,50,6.857211424167555e-06,4,True,False,29,True
Water,27,20260809,28,1e-12,2,2.397325961265241e-05,2,False,True,29,True
Water,27,20260809,28,1e-12,5,3.6661690391591276e-06,5,False,True,29,True
Water,27,20260809,28,1e-12,50,0.0,29,True,False,29,True
Water,27,20260809,29,0.001,2,3.641092548765142e-05,1,True,False,17,True
Water,27,20260809,29,0.001,5,3.641092548765142e-05,1,True,False,17,True
Water,27,20260809,29,0.001,50,3.641092548765142e-05,1,True,False,17,True
Water,27,20260809,29,1e-05,2,1.1619685962618002e-05,2,False,True,17,True
Water,27,20260809,29,1e-05,5,3.7059188776660764e-06,3,True,False,17,True
Water,27,20260809,29,1e-05,50,3.7059188776660764e-06,3,True,False,17,True
Water,27,20260809,29,1e-12,2,1.1619685962618002e-05,2,False,True,17,True
Water,27,20260809,29,1e-12,5,3.767850128665007e-07,5,False,True,17,True
Water,27,20260809,29,1e-12,50,0.0,17,True,False,17,True
Water,27,20260809,30,0.001,2,0.0002397759613317202,1,True,False,29,True
Water,27,20260809,30,0.001,5,0.0002397759613317202,1,True,False,29,True
Water,27,20260809,30,0.001,50,0.0002397759613317202,1,True,False,29,True
Water,27,20260809,30,1e-05,2,0.00012082712535891035,2,False,True,29,True
Water,27,20260809,30,1e-05,5,1.4959229492334678e-05,5,False,True,29,True
Water,27,20260809,30,1e-05,50,7.424165692683898e-06,6,True,False,29,True
Water,27,20260809,30,1e-12,2,0.00012082712535891035,2,False,True,29,True
Water,27,20260809,30,1e-12,5,1.4959229492334678e-05,5,False,True,29,True
Water,27,20260809,30,1e-12,50,0.0,29,True,False,29,True
Water,27,20260809,31,0.001,2,0.0002088488941882997,1,True,False,24,True
Water,27,20260809,31,0.001,5,0.0002088488941882997,1,True,False,24,True
Water,27,20260809,31,0.001,50,0.0002088488941882997,1,True,False,24,True
Water,27,20260809,31,1e-05,2,9.007344529087271e-05,2,False,True,24,True
Water,27,20260809,31,1e-05,5,7.052208377125631e-06,5,True,False,24,True
Water,27,20260809,31,1e-05,50,7.052208377125631e-06,5,True,False,24,True
Water,27,20260809,31,1e-12,2,9.007344529087271e-05,2,False,True,24,True
Water,27,20260809,31,1e-12,5,7.052208377125631e-06,5,False,True,24,True
Water,27,20260809,31,1e-12,50,0.0,24,True,False,24,True
Water,27,20260809,32,0.001,2,0.0002221005710754197,1,True,False,20,True
Water,27,20260809,32,0.001,5,0.0002221005710754197,1,True,False,20,True
Water,27,20260809,32,0.001,50,0.0002221005710754197,1,True,False,20,True
Water,27,20260809,32,1e-05,2,8.06033239001928e-05,2,False,True,20,True
Water,27,20260809,32,1e-05,5,3.5244415557115362e-06,5,True,False,20,True
Water,27,20260809,32,1e-05,50,3.5244415557115362e-06,5,True,False,20,True
Water,27,20260809,32,1e-12,2,8.06033239001928e-05,2,False,True,20,True
Water,27,20260809,32,1e-12,5,3.5244415557115362e-06,5,False,True,20,True
Water,27,20260809,32,1e-12,50,0.0,20,True,False,20,True
Water,27,20260809,33,0.001,2,0.00011373184445476725,1,True,False,24,True
Water,27,20260809,33,0.001,5,0.00011373184445476725,1,True,False,24,True
Water,27,20260809,33,0.001,50,0.00011373184445476725,1,True,False,24,True
Water,27,20260809,33,1e-05,2,4.994567120651358e-05,2,False,True,24,True
Water,27,20260809,33,1e-05,5,4.096667416554714e-06,5,True,False,24,True
Water,27,20260809,33,1e-05,50,4.096667416554714e-06,5,True,False,24,True
Water,27,20260809,33,1e-12,2,4.994567120651358e-05,2,False,True,24,True
Water,27,20260809,33,1e-12,5,4.096667416554714e-06,5,False,True,24,True
Water,27,20260809,33,1e-12,50,0.0,24,True,False,24,True
Water,27,20260809,34,0.001,2,5.555089095859938e-05,1,True,False,24,True
Water,27,20260809,34,0.001,5,5.555089095859938e-05,1,True,False,24,True
Water,27,20260809,34,0.001,50,5.555089095859938e-05,1,True,False,24,True
Water,27,20260809,34,1e-05,2,2.5185580275627676e-05,2,False,True,24,True
Water,27,20260809,34,1e-05,5,5.174592367743575e-06,4,True,False,24,True
Water,27,20260809,34,1e-05,50,5.174592367743575e-06,4,True,False,24,True
Water,27,20260809,34,1e-12,2,2.5185580275627676e-05,2,False,True,24,True
Water,27,20260809,34,1e-12,5,2.3452045615183794e-06,5,False,True,24,True
Water,27,20260809,34,1e-12,50,0.0,24,True,False,24,True
Water,27,20260809,35,0.001,2,5.163840575246917e-05,1,True,False,27,True
Water,27,20260809,35,0.001,5,5.163840575246917e-05,1,True,False,27,True
Water,27,20260809,35,0.001,50,5.163840575246917e-05,1,True,False,27,True
Water,27,20260809,35,1e-05,2,2.5564224676397507e-05,2,False,True,27,True
Water,27,20260809,35,1e-05,5,6.27434644946391e-06,4,True,False,27,True
Water,27,20260809,35,1e-05,50,6.27434644946391e-06,4,True,False,27,True
Water,27,20260809,35,1e-12,2,2.5564224676397507e-05,2,False,True,27,True
Water,27,20260809,35,1e-12,5,3.108919908434059e-06,5,False,True,27,True
Water,27,20260809,35,1e-12,50,0.0,27,True,False,27,True
Water,27,20260809,36,0.001,2,0.00020041624339498036,1,True,False,20,True
Water,27,20260809,36,0.001,5,0.00020041624339498036,1,True,False,20,True
Water,27,20260809,36,0.001,50,0.00020041624339498036,1,True,False,20,True
Water,27,20260809,36,1e-05,2,7.060460770314006e-05,2,False,True,20,True
Water,27,20260809,36,1e-05,5,2.8733254877698296e-06,5,True,False,20,True
Water,27,20260809,36,1e-05,50,2.8733254877698296e-06,5,True,False,20,True
Water,27,20260809,36,1e-12,2,7.060460770314006e-05,2,False,True,20,True
Water,27,20260809,36,1e-12,5,2.8733254877698296e-06,5,False,True,20,True
Water,27,20260809,36,1e-12,50,0.0,20,True,False,20,True
Water,27,20260809,37,0.001,2,9.207705217211811e-05,1,True,False,24,True
Water,27,20260809,37,0.001,5,9.207705217211811e-05,1,True,False,24,True
Water,27,20260809,37,0.001,50,9.207705217211811e-05,1,True,False,24,True
Water,27,20260809,37,1e-05,2,3.9602102564347014e-05,2,False,True,24,True
Water,27,20260809,37,1e-05,5,7.299100532082197e-06,4,True,False,24,True
Water,27,20260809,37,1e-05,50,7.299100532082197e-06,4,True,False,24,True
Water,27,20260809,37,1e-12,2,3.9602102564347014e-05,2,False,True,24,True
Water,27,20260809,37,1e-12,5,3.131608848734878e-06,5,False,True,24,True
Water,27,20260809,37,1e-12,50,0.0,24,True,False,24,True
Water,27,20260809,38,0.001,2,0.00011855085032731409,1,True,False,46,True
Water,27,20260809,38,0.001,5,0.00011855085032731409,1,True,False,46,True
Water,27,20260809,38,0.001,50,0.00011855085032731409,1,True,False,46,True
Water,27,20260809,38,1e-05,2,7.994378978499605e-05,2,False,True,46,True
Water,27,20260809,38,1e-05,5,2.417346178939125e-05,5,False,True,46,True
Water,27,20260809,38,1e-05,50,1.618214191465619e-05,6,True,False,46,True
Water,27,20260809,38,1e-12,2,7.994378978499605e-05,2,False,True,46,True
Water,27,20260809,38,1e-12,5,2.417346178939125e-05,5,False,True,46,True
Water,27,20260809,38,1e-12,50,0.0,46,True,False,46,True
Water,27,20260809,39,0.001,2,0.00024376770408197996,1,True,False,22,True
Water,27,20260809,39,0.001,5,0.00024376770408197996,1,True,False,22,True
Water,27,20260809,39,0.001,50,0.00024376770408197996,1,True,False,22,True
Water,27,20260809,39,1e-05,2,9.58080422626991e-05,2,False,True,22,True
Water,27,20260809,39,1e-05,5,5.538674997027423e-06,5,True,False,22,True
Water,27,20260809,39,1e-05,50,5.538674997027423e-06,5,True,False,22,True
Water,27,20260809,39,1e-12,2,9.58080422626991e-05,2,False,True,22,True
Water,27,20260809,39,1e-12,5,5.538674997027423e-06,5,False,True,22,True
Water,27,20260809,39,1e-12,50,0.0,22,True,False,22,True
Water,27,20260809,40,0.001,2,0.0002557052002302582,1,True,False,20,True
Water,27,20260809,40,0.001,5,0.0002557052002302582,1,True,False,20,True
Water,27,20260809,40,0.001,50,0.0002557052002302582,1,True,False,20,True
Water,27,20260809,40,1e-05,2,8.950463234261249e-05,2,False,True,20,True
Water,27,20260809,40,1e-05,5,3.3669461098417273e-06,5,True,False,20,True
Water,27,20260809,40,1e-05,50,3.3669461098417273e-06,5,True,False,20,True
Water,27,20260809,40,1e-12,2,8.950463234261249e-05,2,False,True,20,True
Water,27,20260809,40,1e-12,5,3.3669461098417273e-06,5,False,True,20,True
Water,27,20260809,40,1e-12,50,0.0,20,True,False,20,True
Water,27,20260809,41,0.001,2,4.658942869522309e-05,1,True,False,20,True
Water,27,20260809,41,0.001,5,4.658942869522309e-05,1,True,False,20,True
Water,27,20260809,41,0.001,50,4.658942869522309e-05,1,True,False,20,True
Water,27,20260809,41,1e-05,2,1.7977533989271367e-05,2,False,True,20,True
Water,27,20260809,41,1e-05,5,2.651712536452442e-06,4,True,False,20,True
Water,27,20260809,41,1e-05,50,2.651712536452442e-06,4,True,False,20,True
Water,27,20260809,41,1e-12,2,1.7977533989271367e-05,2,False,True,20,True
Water,27,20260809,41,1e-12,5,1.0170195929842856e-06,5,False,True,20,True
Water,27,20260809,41,1e-12,50,0.0,20,True,False,20,True
Water,27,20260809,42,0.001,2,5.7706542150615654e-05,1,True,False,25,True
Water,27,20260809,42,0.001,5,5.7706542150615654e-05,1,True,False,25,True
Water,27,20260809,42,0.001,50,5.7706542150615654e-05,1,True,False,25,True
Water,27,20260809,42,1e-05,2,2.6613470400278816e-05,2,False,True,25,True
Water,27,20260809,42,1e-05,5,5.66535039182602e-06,4,True,False,25,True
Water,27,20260809,42,1e-05,50,5.66535039182602e-06,4,True,False,25,True
Water,27,20260809,42,1e-12,2,2.6613470400278816e-05,2,False,True,25,True
Water,27,20260809,42,1e-12,5,2.614221027196775e-06,5,False,True,25,True
Water,27,20260809,42,1e-12,50,0.0,25,True,False,25,True
Water,27,20260809,43,0.001,2,0.00017950172696730847,1,True,False,16,True
Water,27,20260809,43,0.001,5,0.00017950172696730847,1,True,False,16,True
Water,27,20260809,43,0.001,50,0.00017950172696730847,1,True,False,16,True
Water,27,20260809,43,1e-05,2,4.4841678654465774e-05,2,False,True,16,True
Water,27,20260809,43,1e-05,5,2.6378738578468933e-06,4,True,False,16,True
Water,27,20260809,43,1e-05,50,2.6378738578468933e-06,4,True,False,16,True
Water,27,20260809,43,1e-12,2,4.4841678654465774e-05,2,False,True,16,True
Water,27,20260809,43,1e-12,5,6.365484909060418e-07,5,False,True,16,True
Water,27,20260809,43,1e-12,50,0.0,16,True,False,16,True
Water,27,20260809,44,0.001,2,0.00012030672511386798,1,True,False,32,True
Water,27,20260809,44,0.001,5,0.00012030672511386798,1,True,False,32,True
Water,27,20260809,44,0.001,50,0.00012030672511386798,1,True,False,32,True
Water,27,20260809,44,1e-05,2,6.565614282492745e-05,2,False,True,32,True
Water,27,20260809,44,1e-05,5,1.0595595376644418e-05,5,True,False,32,True
Water,27,20260809,44,1e-05,50,1.0595595376644418e-05,5,True,False,32,True
Water,27,20260809,44,1e-12,2,6.565614282492745e-05,2,False,True,32,True
Water,27,20260809,44,1e-12,5,1.0595595376644418e-05,5,False,True,32,True
Water,27,20260809,44,1e-12,50,0.0,32,True,False,32,True
Water,27,20260809,45,0.001,2,0.0001242325057667406,1,True,False,31,True
Water,27,20260809,45,0.001,5,0.0001242325057667406,1,True,False,31,True
Water,27,20260809,45,0.001,50,0.0001242325057667406,1,True,False,31,True
Water,27,20260809,45,1e-05,2,6.781949487774509e-05,2,False,True,31,True
Water,27,20260809,45,1e-05,5,1.0733662259333538e-05,5,True,False,31,True
Water,27,20260809,45,1e-05,50,1.0733662259333538e-05,5,True,False,31,True
Water,27,20260809,45,1e-12,2,6.781949487774509e-05,2,False,True,31,True
Water,27,20260809,45,1e-12,5,1.0733662259333538e-05,5,False,True,31,True
Water,27,20260809,45,1e-12,50,0.0,31,True,False,31,True
Water,27,20260809,46,0.001,2,3.30324091242446e-05,1,True,False,25,True
Water,27,20260809,46,0.001,5,3.30324091242446e-05,1,True,False,25,True
Water,27,20260809,46,0.001,50,3.30324091242446e-05,1,True,False,25,True
Water,27,20260809,46,1e-05,2,1.5572141585015595e-05,2,False,True,25,True
Water,27,20260809,46,1e-05,5,7.347752346834462e-06,3,True,False,25,True
Water,27,20260809,46,1e-05,50,7.347752346834462e-06,3,True,False,25,True
Water,27,20260809,46,1e-12,2,1.5572141585015595e-05,2,False,True,25,True
Water,27,20260809,46,1e-12,5,1.6375808590335697e-06,5,False,True,25,True
Water,27,20260809,46,1e-12,50,0.0,25,True,False,25,True
Water,27,20260809,47,0.001,2,0.0001530899967050638,1,True,False,21,True
Water,27,20260809,47,0.001,5,0.0001530899967050638,1,True,False,21,True
Water,27,20260809,47,0.001,50,0.0001530899967050638,1,True,False,21,True
Water,27,20260809,47,1e-05,2,5.812621482601622e-05,2,False,True,21,True
Water,27,20260809,47,1e-05,5,3.090471944317744e-06,5,True,False,21,True
Water,27,20260809,47,1e-05,50,3.090471944317744e-06,5,True,False,21,True
Water,27,20260809,47,1e-12,2,5.812621482601622e-05,2,False,True,21,True
Water,27,20260809,47,1e-12,5,3.090471944317744e-06,5,False,True,21,True
Water,27,20260809,47,1e-12,50,0.0,21,True,False,21,True
Water,27,20260809,48,0.001,2,4.648113896465243e-05,1,True,False,14,True
Water,27,20260809,48,0.001,5,4.648113896465243e-05,1,True,False,14,True
Water,27,20260809,48,0.001,50,4.648113896465243e-05,1,True,False,14,True
Water,27,20260809,48,1e-05,2,1.0266023582047278e-05,2,False,True,14,True
Water,27,20260809,48,1e-05,5,2.2587466488922187e-06,3,True,False,14,True
Water,27,20260809,48,1e-05,50,2.2587466488922187e-06,3,True,False,14,True
Water,27,20260809,48,1e-12,2,1.0266023582047278e-05,2,False,True,14,True
Water,27,20260809,48,1e-12,5,1.0914012329793547e-07,5,False,True,14,True
Water,27,20260809,48,1e-12,50,0.0,14,True,False,14,True
Water,27,20260809,49,0.001,2,0.00016961826342526035,1,True,False,24,True
Water,27,20260809,49,0.001,5,0.00016961826342526035,1,True,False,24,True
Water,27,20260809,49,0.001,50,0.00016961826342526035,1,True,False,24,True
Water,27,20260809,49,1e-05,2,7.344727032480489e-05,2,False,True,24,True
Water,27,20260809,49,1e-05,5,5.930181805592362e-06,5,True,False,24,True
Water,27,20260809,49,1e-05,50,5.930181805592362e-06,5,True,False,24,True
Water,27,20260809,49,1e-12,2,7.344727032480489e-05,2,False,True,24,True
Water,27,20260809,49,1e-12,5,5.930181805592362e-06,5,False,True,24,True
Water,27,20260809,49,1e-12,50,0.0,24,True,False,24,True
Water,27,20260809,50,0.001,2,0.00016347720770491995,1,True,False,20,True
Water,27,20260809,50,0.001,5,0.00016347720770491995,1,True,False,20,True
Water,27,20260809,50,0.001,50,0.00016347720770491995,1,True,False,20,True
Water,27,20260809,50,1e-05,2,5.666611939093826e-05,2,False,True,20,True
Water,27,20260809,50,1e-05,5,2.32302017037028e-06,5,True,False,20,True
Water,27,20260809,50,1e-05,50,2.32302017037028e-06,5,True,False,20,True
Water,27,20260809,50,1e-12,2,5.666611939093826e-05,2,False,True,20,True
Water,27,20260809,50,1e-12,5,2.32302017037028e-06,5,False,True,20,True
Water,27,20260809,50,1e-12,50,0.0,20,True,False,20,True
Water,27,20260809,51,0.001,2,0.00010004208812764243,1,True,False,26,True
Water,27,20260809,51,0.001,5,0.00010004208812764243,1,True,False,26,True
Water,27,20260809,51,0.001,50,0.00010004208812764243,1,True,False,26,True
Water,27,20260809,51,1e-05,2,4.7627970035613734e-05,2,False,True,26,True
Water,27,20260809,51,1e-05,5,5.019388240800362e-06,5,True,False,26,True
Water,27,20260809,51,1e-05,50,5.019388240800362e-06,5,True,False,26,True
Water,27,20260809,51,1e-12,2,4.7627970035613734e-05,2,False,True,26,True
Water,27,20260809,51,1e-12,5,5.019388240800362e-06,5,False,True,26,True
Water,27,20260809,51,1e-12,50,0.0,26,True,False,26,True
Water,27,20260809,52,0.001,2,3.082951952604056e-05,1,True,False,26,True
Water,27,20260809,52,0.001,5,3.082951952604056e-05,1,True,False,26,True
Water,27,20260809,52,0.001,50,3.082951952604056e-05,1,True,False,26,True
Water,27,20260809,52,1e-05,2,1.5264006582486392e-05,2,False,True,26,True
Water,27,20260809,52,1e-05,5,7.555977337128165e-06,3,True,False,26,True
Water,27,20260809,52,1e-05,50,7.555977337128165e-06,3,True,False,26,True
Water,27,20260809,52,1e-12,2,1.5264006582486392e-05,2,False,True,26,True
Water,27,20260809,52,1e-12,5,1.8510385767981982e-06,5,False,True,26,True
Water,27,20260809,52,1e-12,50,0.0,26,True,False,26,True
Water,27,20260809,53,0.001,2,0.00018930797276750367,1,True,False,24,True
Water,27,20260809,53,0.001,5,0.00018930797276750367,1,True,False,24,True
Water,27,20260809,53,0.001,50,0.00018930797276750367,1,True,False,24,True
Water,27,20260809,53,1e-05,2,8.195751065153096e-05,2,False,True,24,True
Water,27,20260809,53,1e-05,5,6.409741677667475e-06,5,True,False,24,True
Water,27,20260809,53,1e-05,50,6.409741677667475e-06,5,True,False,24,True
Water,27,20260809,53,1e-12,2,8.195751065153096e-05,2,False,True,24,True
Water,27,20260809,53,1e-12,5,6.409741677667475e-06,5,False,True,24,True
Water,27,20260809,53,1e-12,50,0.0,24,True,False,24,True
Water,27,20260809,54,0.001,2,5.1346969469258486e-05,1,True,False,23,True
Water,27,20260809,54,0.001,5,5.1346969469258486e-05,1,True,False,23,True
Water,27,20260809,54,0.001,50,5.1346969469258486e-05,1,True,False,23,True
Water,27,20260809,54,1e-05,2,2.2333547693175217e-05,2,False,True,23,True
Water,27,20260809,54,1e-05,5,4.188381703696193e-06,4,True,False,23,True
Water,27,20260809,54,1e-05,50,4.188381703696193e-06,4,True,False,23,True
Water,27,20260809,54,1e-12,2,2.2333547693175217e-05,2,False,True,23,True
Water,27,20260809,54,1e-12,5,1.8110945141426839e-06,5,False,True,23,True
Water,27,20260809,54,1e-12,50,0.0,23,True,False,23,True
Water,27,20260809,55,0.001,2,4.008290472989677e-05,1,True,False,24,True
Water,27,20260809,55,0.001,5,4.008290472989677e-05,1,True,False,24,True
Water,27,20260809,55,0.001,50,4.008290472989677e-05,1,True,False,24,True
Water,27,20260809,55,1e-05,2,1.80859564276584e-05,2,False,True,24,True
Water,27,20260809,55,1e-05,5,8.162448296105017e-06,3,True,False,24,True
Water,27,20260809,55,1e-05,50,8.162448296105017e-06,3,True,False,24,True
Water,27,20260809,55,1e-12,2,1.80859564276584e-05,2,False,True,24,True
Water,27,20260809,55,1e-12,5,1.6628825633192969e-06,5,False,True,24,True
Water,27,20260809,55,1e-12,50,0.0,24,True,False,24,True
Water,27,20260809,56,0.001,2,0.00017495550196191463,1,True,False,15,True
Water,27,20260809,56,0.001,5,0.00017495550196191463,1,True,False,15,True
Water,27,20260809,56,0.001,50,0.00017495550196191463,1,True,False,15,True
Water,27,20260809,56,1e-05,2,3.8570952607322294e-05,2,False,True,15,True
Water,27,20260809,56,1e-05,5,1.7586257685836583e-06,4,True,False,15,True
Water,27,20260809,56,1e-05,50,1.7586257685836583e-06,4,True,False,15,True
Water,27,20260809,56,1e-12,2,3.8570952607322294e-05,2,False,True,15,True
Water,27,20260809,56,1e-12,5,3.7373998715555275e-07,5,False,True,15,True
Water,27,20260809,56,1e-12,50,0.0,15,True,False,15,True
Water,27,20260809,57,0.001,2,0.00011354650250126819,1,True,False,22,True
Water,27,20260809,57,0.001,5,0.00011354650250126819,1,True,False,22,True
Water,27,20260809,57,0.001,50,0.00011354650250126819,1,True,False,22,True
Water,27,20260809,57,1e-05,2,4.658496383452686e-05,2,False,True,22,True
Water,27,20260809,57,1e-05,5,3.1192603689710815e-06,5,True,False,22,True
Water,27,20260809,57,1e-05,50,3.1192603689710815e-06,5,True,False,22,True
Water,27,20260809,57,1e-12,2,4.658496383452686e-05,2,False,True,22,True
Water,27,20260809,57,1e-12,5,3.1192603689710815e-06,5,False,True,22,True
Water,27,20260809,57,1e-12,50,0.0,22,True,False,22,True
Water,27,20260809,58,0.001,2,0.00010627180408224062,1,True,False,27,True
Water,27,20260809,58,0.001,5,0.00010627180408224062,1,True,False,27,True
Water,27,20260809,58,0.001,50,0.00010627180408224062,1,True,False,27,True
Water,27,20260809,58,1e-05,2,5.16782869343071e-05,2,False,True,27,True
Water,27,20260809,58,1e-05,5,5.8462555362735255e-06,5,True,False,27,True
Water,27,20260809,58,1e-05,50,5.8462555362735255e-06,5,True,False,27,True
Water,27,20260809,58,1e-12,2,5.16782869343071e-05,2,False,True,27,True
Water,27,20260809,58,1e-12,5,5.8462555362735255e-06,5,False,True,27,True
Water,27,20260809,58,1e-12,50,0.0,27,True,False,27,True
Water,27,20260809,59,0.001,2,0.0003181681682383626,1,True,False,23,True
Water,27,20260809,59,0.001,5,0.0003181681682383626,1,True,False,23,True
Water,27,20260809,59,0.001,50,0.0003181681682383626,1,True,False,23,True
Water,27,20260809,59,1e-05,2,0.00013346190060780052,2,False,True,23,True
Water,27,20260809,59,1e-05,5,8.003858727164127e-06,5,False,True,23,True
Water,27,20260809,59,1e-05,50,3.074367469484626e-06,6,True,False,23,True
Water,27,20260809,59,1e-12,2,0.00013346190060780052,2,False,True,23,True
Water,27,20260809,59,1e-12,5,8.003858727164127e-06,5,False,True,23,True
Water,27,20260809,59,1e-12,50,0.0,23,True,False,23,True
Water,27,20260809,60,0.001,2,7.496227799924204e-05,1,True,False,24,True
Water,27,20260809,60,0.001,5,7.496227799924204e-05,1,True,False,24,True
Water,27,20260809,60,0.001,50,7.496227799924204e-05,1,True,False,24,True
Water,27,20260809,60,1e-05,2,3.335489777538779e-05,2,False,True,24,True
Water,27,20260809,60,1e-05,5,6.626218453068565e-06,4,True,False,24,True
Water,27,20260809,60,1e-05,50,6.626218453068565e-06,4,True,False,24,True
Water,27,20260809,60,1e-12,2,3.335489777538779e-05,2,False,True,24,True
Water,27,20260809,60,1e-12,5,2.954964860787489e-06,5,False,True,24,True
Water,27,20260809,60,1e-12,50,0.0,24,True,False,24,True
Water,27,20260809,61,0.001,2,0.00018400343368235584,1,True,False,21,True
Water,27,20260809,61,0.001,5,0.00018400343368235584,1,True,False,21,True
Water,27,20260809,61,0.001,50,0.00018400343368235584,1,True,False,21,True
Water,27,20260809,61,1e-05,2,7.001514493005514e-05,2,False,True,21,True
Water,27,20260809,61,1e-05,5,3.6670029132240598e-06,5,True,False,21,True
Water,27,20260809,61,1e-05,50,3.6670029132240598e-06,5,True,False,21,True
Water,27,20260809,61,1e-12,2,7.001514493005514e-05,2,False,True,21,True
Water,27,20260809,61,1e-12,5,3.6670029132240598e-06,5,False,True,21,True
Water,27,20260809,61,1e-12,50,0.0,21,True,False,21,True
Water,27,20260809,62,0.001,2,1.328155230637167e-05,1,True,False,25,True
Water,27,20260809,62,0.001,5,1.328155230637167e-05,1,True,False,25,True
Water,27,20260809,62,0.001,50,1.328155230637167e-05,1,True,False,25,True
Water,27,20260809,62,1e-05,2,6.6877944963252624e-06,2,True,False,25,True
Water,27,20260809,62,1e-05,5,6.6877944963252624e-06,2,True,False,25,True
Water,27,20260809,62,1e-05,50,6.6877944963252624e-06,2,True,False,25,True
Water,27,20260809,62,1e-12,2,6.6877944963252624e-06,2,False,True,25,True
Water,27,20260809,62,1e-12,5,8.5356455140357e-07,5,False,True,25,True
Water,27,20260809,62,1e-12,50,0.0,25,True,False,25,True
Water,27,20260809,63,0.001,2,0.00013025780267090757,1,True,False,25,True
Water,27,20260809,63,0.001,5,0.00013025780267090757,1,True,False,25,True
Water,27,20260809,63,0.001,50,0.00013025780267090757,1,True,False,25,True
Water,27,20260809,63,1e-05,2,5.753557036704279e-05,2,False,True,25,True
Water,27,20260809,63,1e-05,5,4.9185547755106226e-06,5,True,False,25,True
Water,27,20260809,63,1e-05,50,4.9185547755106226e-06,5,True,False,25,True
Water,27,20260809,63,1e-12,2,5.753557036704279e-05,2,False,True,25,True
Water,27,20260809,63,1e-12,5,4.9185547755106226e-06,5,False,True,25,True
Water,27,20260809,63,1e-12,50,0.0,25,True,False,25,True
Water,27,20260809,64,0.001,2,0.0002534679945760789,1,True,False,15,True
Water,27,20260809,64,0.001,5,0.0002534679945760789,1,True,False,15,True
Water,27,20260809,64,0.001,50,0.0002534679945760789,1,True,False,15,True
Water,27,20260809,64,1e-05,2,5.390794317433938e-05,2,False,True,15,True
Water,27,20260809,64,1e-05,5,2.289854960511543e-06,4,True,False,15,True
Water,27,20260809,64,1e-05,50,2.289854960511543e-06,4,True,False,15,True
Water,27,20260809,64,1e-12,2,5.390794317433938e-05,2,False,True,15,True
Water,27,20260809,64,1e-12,5,4.6976688244674823e-07,5,False,True,15,True
Water,27,20260809,64,1e-12,50,0.0,15,True,False,15,True
Water,27,20260809,65,0.001,2,3.23986980943461e-05,1,True,False,20,True
Water,27,20260809,65,0.001,5,3.23986980943461e-05,1,True,False,20,True
Water,27,20260809,65,0.001,50,3.23986980943461e-05,1,True,False,20,True
Water,27,20260809,65,1e-05,2,1.2725867627417344e-05,2,False,True,20,True
Water,27,20260809,65,1e-05,5,4.9867239643523235e-06,3,True,False,20,True
Water,27,20260809,65,1e-05,50,4.9867239643523235e-06,3,True,False,20,True
Water,27,20260809,65,1e-12,2,1.2725867627417344e-05,2,False,True,20,True
Water,27,20260809,65,1e-12,5,7.639932810808156e-07,5,False,True,20,True
Water,27,20260809,65,1e-12,50,0.0,20,True,False,20,True
Water,27,20260809,66,0.001,2,1.0092319193505392e-05,1,True,False,28,True
Water,27,20260809,66,0.001,5,1.0092319193505392e-05,1,True,False,28,True
Water,27,20260809,66,0.001,50,1.0092319193505392e-05,1,True,False,28,True
Water,27,20260809,66,1e-05,2,5.465566951000915e-06,2,True,False,28,True
Water,27,20260809,66,1e-05,5,5.465566951000915e-06,2,True,False,28,True
Water,27,20260809,66,1e-05,50,5.465566951000915e-06,2,True,False,28,True
Water,27,20260809,66,1e-12,2,5.465566951000915e-06,2,False,True,28,True
Water,27,20260809,66,1e-12,5,8.685428800833963e-07,5,False,True,28,True
Water,27,20260809,66,1e-12,50,0.0,28,True,False,28,True
Water,27,20260809,67,0.001,2,5.412776156663955e-05,1,True,False,33,True
Water,27,20260809,67,0.001,5,5.412776156663955e-05,1,True,False,33,True
Water,27,20260809,67,0.001,50,5.412776156663955e-05,1,True,False,33,True
Water,27,20260809,67,1e-05,2,3.114176541906383e-05,2,False,True,33,True
Water,27,20260809,67,1e-05,5,1.024977621817482e-05,4,True,False,33,True
Water,27,20260809,67,1e-05,50,1.024977621817482e-05,4,True,False,33,True
Water,27,20260809,67,1e-12,2,3.114176541906383e-05,2,False,True,33,True
Water,27,20260809,67,1e-12,5,5.871999519115583e-06,5,False,True,33,True
Water,27,20260809,67,1e-12,50,0.0,33,True,False,33,True
Water,27,20260809,68,0.001,2,0.00010702827578959187,1,True,False,25,True
Water,27,20260809,68,0.001,5,0.00010702827578959187,1,True,False,25,True
Water,27,20260809,68,0.001,50,0.00010702827578959187,1,True,False,25,True
Water,27,20260809,68,1e-05,2,4.861925116483284e-05,2,False,True,25,True
Water,27,20260809,68,1e-05,5,4.405702027419817e-06,5,True,False,25,True
Water,27,20260809,68,1e-05,50,4.405702027419817e-06,5,True,False,25,True
Water,27,20260809,68,1e-12,2,4.861925116483284e-05,2,False,True,25,True
Water,27,20260809,68,1e-12,5,4.405702027419817e-06,5,False,True,25,True
Water,27,20260809,68,1e-12,50,0.0,25,True,False,25,True
Water,27,20260809,69,0.001,2,0.0004281895688409466,1,True,False,17,True
Water,27,20260809,69,0.001,5,0.0004281895688409466,1,True,False,17,True
Water,27,20260809,69,0.001,50,0.0004281895688409466,1,True,False,17,True
Water,27,20260809,69,1e-05,2,0.0001238855881396383,2,False,True,17,True
Water,27,20260809,69,1e-05,5,2.195996884878803e-06,5,True,False,17,True
Water,27,20260809,69,1e-05,50,2.195996884878803e-06,5,True,False,17,True
Water,27,20260809,69,1e-12,2,0.0001238855881396383,2,False,True,17,True
Water,27,20260809,69,1e-12,5,2.195996884878803e-06,5,False,True,17,True
Water,27,20260809,69,1e-12,50,0.0,17,True,False,17,True
Water,27,20260809,70,0.001,2,0.00024264760156784813,1,True,False,18,True
Water,27,20260809,70,0.001,5,0.00024264760156784813,1,True,False,18,True
Water,27,20260809,70,0.001,50,0.00024264760156784813,1,True,False,18,True
Water,27,20260809,70,1e-05,2,8.207272468112259e-05,2,False,True,18,True
Water,27,20260809,70,1e-05,5,2.1166023691802946e-06,5,True,False,18,True
Water,27,20260809,70,1e-05,50,2.1166023691802946e-06,5,True,False,18,True
Water,27,20260809,70,1e-12,2,8.207272468112259e-05,2,False,True,18,True
Water,27,20260809,70,1e-12,5,2.1166023691802946e-06,5,False,True,18,True
Water,27,20260809,70,1e-12,50,0.0,18,True,False,18,True
Water,27,20260809,71,0.001,2,0.00010026392074767118,1,True,False,26,True
Water,27,20260809,71,0.001,5,0.00010026392074767118,1,True,False,26,True
Water,27,20260809,71,0.001,50,0.00010026392074767118,1,True,False,26,True
Water,27,20260809,71,1e-05,2,4.7734465493357545e-05,2,False,True,26,True
Water,27,20260809,71,1e-05,5,5.160457524224332e-06,5,True,False,26,True
Water,27,20260809,71,1e-05,50,5.160457524224332e-06,5,True,False,26,True
Water,27,20260809,71,1e-12,2,4.7734465493357545e-05,2,False,True,26,True
Water,27,20260809,71,1e-12,5,5.160457524224332e-06,5,False,True,26,True
Water,27,20260809,71,1e-12,50,0.0,26,True,False,26,True
Water,27,20260809,72,0.001,2,0.0002873936374228683,1,True,False,36,True
Water,27,20260809,72,0.001,5,0.0002873936374228683,1,True,False,36,True
Water,27,20260809,72,0.001,50,0.0002873936374228683,1,True,False,36,True
Water,27,20260809,72,1e-05,2,0.000168580646941036,2,False,True,36,True
Water,27,20260809,72,1e-05,5,3.2114872660230656e-05,5,False,True,36,True
Water,27,20260809,72,1e-05,50,1.0427864630008023e-05,7,True,False,36,True
Water,27,20260809,72,1e-12,2,0.000168580646941036,2,False,True,36,True
Water,27,20260809,72,1e-12,5,3.2114872660230656e-05,5,False,True,36,True
Water,27,20260809,72,1e-12,50,0.0,36,True,False,36,True
Water,27,20260809,73,0.001,2,7.600812381463259e-05,1,True,False,19,True
Water,27,20260809,73,0.001,5,7.600812381463259e-05,1,True,False,19,True
Water,27,20260809,73,0.001,50,7.600812381463259e-05,1,True,False,19,True
Water,27,20260809,73,1e-05,2,2.5662904266137232e-05,2,False,True,19,True
Water,27,20260809,73,1e-05,5,2.893354718479587e-06,4,True,False,19,True
Water,27,20260809,73,1e-05,50,2.893354718479587e-06,4,True,False,19,True
Water,27,20260809,73,1e-12,2,2.5662904266137232e-05,2,False,True,19,True
Water,27,20260809,73,1e-12,5,9.701779845116697e-07,5,False,True,19,True
Water,27,20260809,73,1e-12,50,0.0,19,True,False,19,True
Water,27,20260809,74,0.001,2,0.00023019137797207303,1,True,False,20,True
Water,27,20260809,74,0.001,5,0.00023019137797207303,1,True,False,20,True
Water,27,20260809,74,0.001,50,0.00023019137797207303,1,True,False,20,True
Water,27,20260809,74,1e-05,2,8.4157130656213e-05,2,False,True,20,True
Water,27,20260809,74,1e-05,5,3.6671456301209632e-06,5,True,False,20,True
Water,27,20260809,74,1e-05,50,3.6671456301209632e-06,5,True,False,20,True
Water,27,20260809,74,1e-12,2,8.4157130656213e-05,2,False,True,20,True
Water,27,20260809,74,1e-12,5,3.6671456301209632e-06,5,False,True,20,True
Water,27,20260809,74,1e-12,50,0.0,20,True,False,20,True
Water,27,20260809,75,0.001,2,0.00017234712599233868,1,True,False,21,True
Water,27,20260809,75,0.001,5,0.00017234712599233868,1,True,False,21,True
Water,27,20260809,75,0.001,50,0.00017234712599233868,1,True,False,21,True
Water,27,20260809,75,1e-05,2,6.481850826081237e-05,2,False,True,21,True
Water,27,20260809,75,1e-05,5,3.1173933290326208e-06,5,True,False,21,True
Water,27,20260809,75,1e-05,50,3.1173933290326208e-06,5,True,False,21,True
Water,27,20260809,75,1e-12,2,6.481850826081237e-05,2,False,True,21,True
Water,27,20260809,75,1e-12,5,3.1173933290326208e-06,5,False,True,21,True
Water,27,20260809,75,1e-12,50,0.0,21,True,False,21,True
Water,27,20260809,76,0.001,2,4.781400834050142e-05,1,True,False,25,True
Water,27,20260809,76,0.001,5,4.781400834050142e-05,1,True,False,25,True
Water,27,20260809,76,0.001,50,4.781400834050142e-05,1,True,False,25,True
Water,27,20260809,76,1e-05,2,2.2788587115642537e-05,2,False,True,25,True
Water,27,20260809,76,1e-05,5,5.154106963767432e-06,4,True,False,25,True
Water,27,20260809,76,1e-05,50,5.154106963767432e-06,4,True,False,25,True
Water,27,20260809,76,1e-12,2,2.2788587115642537e-05,2,False,True,25,True
Water,27,20260809,76,1e-12,5,2.4490627060460824e-06,5,False,True,25,True
Water,27,20260809,76,1e-12,50,0.0,25,True,False,25,True
Water,27,20260809,77,0.001,2,0.00019141280648632086,1,True,False,23,True
Water,27,20260809,77,0.001,5,0.00019141280648632086,1,True,False,23,True
Water,27,20260809,77,0.001,50,0.00019141280648632086,1,True,False,23,True
Water,27,20260809,77,1e-05,2,8.310143387072626e-05,2,False,True,23,True
Water,27,20260809,77,1e-05,5,6.007056257892228e-06,5,True,False,23,True
Water,27,20260809,77,1e-05,50,6.007056257892228e-06,5,True,False,23,True
Water,27,20260809,77,1e-12,2,8.310143387072626e-05,2,False,True,23,True
Water,27,20260809,77,1e-12,5,6.007056257892228e-06,5,False,True,23,True
Water,27,20260809,77,1e-12,50,0.0,23,True,False,23,True
Water,27,20260809,78,0.001,2,0.0004001430971697207,1,True,False,33,True
Water,27,20260809,78,0.001,5,0.0004001430971697207,1,True,False,33,True
Water,27,20260809,78,0.001,50,0.0004001430971697207,1,True,False,33,True
Water,27,20260809,78,1e-05,2,0.00022976403330166248,2,False,True,33,True
Water,27,20260809,78,1e-05,5,3.7889172689848596e-05,5,False,True,33,True
Water,27,20260809,78,1e-05,50,1.0907026821809104e-05,7,True,False,33,True
Water,27,20260809,78,1e-12,2,0.00022976403330166248,2,False,True,33,True
Water,27,20260809,78,1e-12,5,3.7889172689848596e-05,5,False,True,33,True
Water,27,20260809,78,1e-12,50,0.0,33,True,False,33,True
Water,27,20260809,79,0.001,2,0.00010061890153907988,1,True,False,21,True
Water,27,20260809,79,0.001,5,0.00010061890153907988,1,True,False,21,True
Water,27,20260809,79,0.001,50,0.00010061890153907988,1,True,False,21,True
Water,27,20260809,79,1e-05,2,3.919907350950977e-05,2,False,True,21,True
Water,27,20260809,79,1e-05,5,5.7582044936478145e-06,4,True,False,21,True
Water,27,20260809,79,1e-05,50,5.7582044936478145e-06,4,True,False,21,True
Water,27,20260809,79,1e-12,2,3.919907350950977e-05,2,False,True,21,True
Water,27,20260809,79,1e-12,5,2.1960518455233064e-06,5,False,True,21,True
Water,27,20260809,79,1e-12,50,0.0,21,True,False,21,True
Water,27,20260809,80,0.001,2,0.00010460856090379152,1,True,False,23,True
Water,27,20260809,80,0.001,5,0.00010460856090379152,1,True,False,23,True
Water,27,20260809,80,0.001,50,0.00010460856090379152,1,True,False,23,True
Water,27,20260809,80,1e-05,2,4.3738214527686665e-05,2,False,True,23,True
Water,27,20260809,80,1e-05,5,3.1831844447873012e-06,5,True,False,23,True
Water,27,20260809,80,1e-05,50,3.1831844447873012e-06,5,True,False,23,True
Water,27,20260809,80,1e-12,2,4.3738214527686665e-05,2,False,True,23,True
Water,27,20260809,80,1e-12,5,3.1831844447873012e-06,5,False,True,23,True
Water,27,20260809,80,1e-12,50,0.0,23,True,False,23,True
Water,27,20260809,81,0.001,2,8.367151927866678e-05,1,True,False,25,True
Water,27,20260809,81,0.001,5,8.367151927866678e-05,1,True,False,25,True
Water,27,20260809,81,0.001,50,8.367151927866678e-05,1,True,False,25,True
Water,27,20260809,81,1e-05,2,3.7968118307211006e-05,2,False,True,25,True
Water,27,20260809,81,1e-05,5,7.760451554918206e-06,4,True,False,25,True
Water,27,20260809,81,1e-05,50,7.760451554918206e-06,4,True,False,25,True
Water,27,20260809,81,1e-12,2,3.7968118307211006e-05,2,False,True,25,True
Water,27,20260809,81,1e-12,5,3.5036582280904747e-06,5,False,True,25,True
Water,27,20260809,81,1e-12,50,0.0,25,True,False,25,True
Water,27,20260809,82,0.001,2,0.00010012494487517016,1,True,False,21,True
Water,27,20260809,82,0.001,5,0.00010012494487517016,1,True,False,21,True
Water,27,20260809,82,0.001,50,0.00010012494487517016,1,True,False,21,True
Water,27,20260809,82,1e-05,2,3.9360613394931097e-05,2,False,True,21,True
Water,27,20260809,82,1e-05,5,5.977697406024315e-06,4,True,False,21,True
Water,27,20260809,82,1e-05,50,5.977697406024315e-06,4,True,False,21,True
Water,27,20260809,82,1e-12,2,3.9360613394931097e-05,2,False,True,21,True
Water,27,20260809,82,1e-12,5,2.3233313171737703e-06,5,False,True,21,True
Water,27,20260809,82,1e-12,50,0.0,21,True,False,21,True
Water,27,20260809,83,0.001,2,0.00013526226775666185,1,True,False,24,True
Water,27,20260809,83,0.001,5,0.00013526226775666185,1,True,False,24,True
Water,27,20260809,83,0.001,50,0.00013526226775666185,1,True,False,24,True
Water,27,20260809,83,1e-05,2,5.956832917110573e-05,2,False,True,24,True
Water,27,20260809,83,1e-05,5,4.922881162332852e-06,5,True,False,24,True
Water,27,20260809,83,1e-05,50,4.922881162332852e-06,5,True,False,24,True
Water,27,20260809,83,1e-12,2,5.956832917110573e-05,2,False,True,24,True
Water,27,20260809,83,1e-12,5,4.922881162332852e-06,5,False,True,24,True
Water,27,20260809,83,1e-12,50,0.0,24,True,False,24,True
Water,27,20260809,84,0.001,2,9.777752304694567e-06,1,True,False,25,True
Water,27,20260809,84,0.001,5,9.777752304694567e-06,1,True,False,25,True
Water,27,20260809,84,0.001,50,9.777752304694567e-06,1,True,False,25,True
Water,27,20260809,84,1e-05,2,4.889875631796806e-06,2,True,False,25,True
Water,27,20260809,84,1e-05,5,4.889875631796806e-06,2,True,False,25,True
Water,27,20260809,84,1e-05,50,4.889875631796806e-06,2,True,False,25,True
Water,27,20260809,84,1e-12,2,4.889875631796806e-06,2,False,True,25,True
Water,27,20260809,84,1e-12,5,6.113344194365339e-07,5,False,True,25,True
Water,27,20260809,84,1e-12,50,0.0,25,True,False,25,True
Water,27,20260809,85,0.001,2,7.972885575985017e-05,1,True,False,19,True
Water,27,20260809,85,0.001,5,7.972885575985017e-05,1,True,False,19,True
Water,27,20260809,85,0.001,50,7.972885575985017e-05,1,True,False,19,True
Water,27,20260809,85,1e-05,2,2.711141968875679e-05,2,False,True,19,True
Water,27,20260809,85,1e-05,5,3.0883730652901685e-06,4,True,False,19,True
Water,27,20260809,85,1e-05,50,3.0883730652901685e-06,4,True,False,19,True
Water,27,20260809,85,1e-12,2,2.711141968875679e-05,2,False,True,19,True
Water,27,20260809,85,1e-12,5,1.0404162290775214e-06,5,False,True,19,True
Water,27,20260809,85,1e-12,50,0.0,19,True,False,19,True
Water,27,20260809,86,0.001,2,3.1417355487531035e-05,1,True,False,29,True
Water,27,20260809,86,0.001,5,3.1417355487531035e-05,1,True,False,29,True
Water,27,20260809,86,0.001,50,3.1417355487531035e-05,1,True,False,29,True
Water,27,20260809,86,1e-05,2,1.683001432198215e-05,2,False,True,29,True
Water,27,20260809,86,1e-05,5,9.020064242153699e-06,3,True,False,29,True
Water,27,20260809,86,1e-05,50,9.020064242153699e-06,3,True,False,29,True
Water,27,20260809,86,1e-12,2,1.683001432198215e-05,2,False,True,29,True
Water,27,20260809,86,1e-12,5,2.59260767149526e-06,5,False,True,29,True
Water,27,20260809,86,1e-12,50,0.0,29,True,False,29,True
Water,27,20260809,87,0.001,2,4.7013189540552685e-05,1,True,False,25,True
Water,27,20260809,87,0.001,5,4.7013189540552685e-05,1,True,False,25,True
Water,27,20260809,87,0.001,50,4.7013189540552685e-05,1,True,False,25,True
Water,27,20260809,87,1e-05,2,2.2305598069603323e-05,2,False,True,25,True
Water,27,20260809,87,1e-05,5,5.021424651583267e-06,4,True,False,25,True
Water,27,20260809,87,1e-05,50,5.021424651583267e-06,4,True,False,25,True
Water,27,20260809,87,1e-12,2,2.2305598069603323e-05,2,False,True,25,True
Water,27,20260809,87,1e-12,5,2.3824974312469043e-06,5,False,True,25,True
Water,27,20260809,87,1e-12,50,0.0,25,True,False,25,True
Water,27,20260809,88,0.001,2,2.9244184200185113e-06,1,True,False,18,True
Water,27,20260809,88,0.001,5,2.9244184200185113e-06,1,True,False,18,True
Water,27,20260809,88,0.001,50,2.9244184200185113e-06,1,True,False,18,True
Water,27,20260809,88,1e-05,2,2.9244184200185113e-06,1,True,False,18,True
Water,27,20260809,88,1e-05,5,2.9244184200185113e-06,1,True,False,18,True
Water,27,20260809,88,1e-05,50,2.9244184200185113e-06,1,True,False,18,True
Water,27,20260809,88,1e-12,2,1.1841476059479008e-06,2,False,True,18,True
Water,27,20260809,88,1e-12,5,7.861441988580104e-08,5,False,True,18,True
Water,27,20260809,88,1e-12,50,0.0,18,True,False,18,True
Water,27,20260809,89,0.001,2,0.00018896744677423106,1,True,False,18,True
Water,27,20260809,89,0.001,5,0.00018896744677423106,1,True,False,18,True
Water,27,20260809,89,0.001,50,0.00018896744677423106,1,True,False,18,True
Water,27,20260809,89,1e-05,2,6.0422245295392686e-05,2,False,True,18,True
Water,27,20260809,89,1e-05,5,1.8066840298878002e-06,5,True,False,18,True
Water,27,20260809,89,1e-05,50,1.8066840298878002e-06,5,True,False,18,True
Water,27,20260809,89,1e-12,2,6.0422245295392686e-05,2,False,True,18,True
Water,27,20260809,89,1e-12,5,1.8066840298878002e-06,5,False,True,18,True
Water,27,20260809,89,1e-12,50,0.0,18,True,False,18,True
Water,27,20260809,90,0.001,2,2.17734541468959e-05,1,True,False,24,True
Water,27,20260809,90,0.001,5,2.17734541468959e-05,1,True,False,24,True
Water,27,20260809,90,0.001,50,2.17734541468959e-05,1,True,False,24,True
Water,27,20260809,90,1e-05,2,1.0251390359222022e-05,2,False,True,24,True
Water,27,20260809,90,1e-05,5,4.827813664668059e-06,3,True,False,24,True
Water,27,20260809,90,1e-05,50,4.827813664668059e-06,3,True,False,24,True
Water,27,20260809,90,1e-12,2,1.0251390359222022e-05,2,False,True,24,True
Water,27,20260809,90,1e-12,5,1.0710551646988979e-06,5,False,True,24,True
Water,27,20260809,90,1e-12,50,0.0,24,True,False,24,True
Water,27,20260809,91,0.001,2,0.00013890070886696677,1,True,False,18,True
Water,27,20260809,91,0.001,5,0.00013890070886696677,1,True,False,18,True
Water,27,20260809,91,0.001,50,0.00013890070886696677,1,True,False,18,True
Water,27,20260809,91,1e-05,2,4.068807845197716e-05,2,False,True,18,True
Water,27,20260809,91,1e-05,5,3.500141023124625e-06,4,True,False,18,True
Water,27,20260809,91,1e-05,50,3.500141023124625e-06,4,True,False,18,True
Water,27,20260809,91,1e-12,2,4.068807845197716e-05,2,False,True,18,True
Water,27,20260809,91,1e-12,5,1.026790945114621e-06,5,False,True,18,True
Water,27,20260809,91,1e-12,50,0.0,18,True,False,18,True
Water,27,20260809,92,0.001,2,0.0001070117441079703,1,True,False,19,True
Water,27,20260809,92,0.001,5,0.0001070117441079703,1,True,False,19,True
Water,27,20260809,92,0.001,50,0.0001070117441079703,1,True,False,19,True
Water,27,20260809,92,1e-05,2,3.66685344953268e-05,2,False,True,19,True
Water,27,20260809,92,1e-05,5,4.239719885159554e-06,4,True,False,19,True
Water,27,20260809,92,1e-05,50,4.239719885159554e-06,4,True,False,19,True
Water,27,20260809,92,1e-12,2,3.66685344953268e-05,2,False,True,19,True
Water,27,20260809,92,1e-12,5,1.4387587554051046e-06,5,False,True,19,True
Water,27,20260809,92,1e-12,50,0.0,19,True,False,19,True
Water,27,20260809,93,0.001,2,2.8055808662458904e-06,1,True,False,18,True
Water,27,20260809,93,0.001,5,2.8055808662458904e-06,1,True,False,18,True
Water,27,20260809,93,0.001,50,2.8055808662458904e-06,1,True,False,18,True
Water,27,20260809,93,1e-05,2,2.8055808662458904e-06,1,True,False,18,True
Water,27,20260809,93,1e-05,5,2.8055808662458904e-06,1,True,False,18,True
Water,27,20260809,93,1e-05,50,2.8055808662458904e-06,1,True,False,18,True
Water,27,20260809,93,1e-12,2,1.1440592720412012e-06,2,False,True,18,True
Water,27,20260809,93,1e-12,5,7.754193234210724e-08,5,False,True,18,True
Water,27,20260809,93,1e-12,50,0.0,18,True,False,18,True
Water,27,20260809,94,0.001,2,0.0002080924264022409,1,True,False,23,True
Water,27,20260809,94,0.001,5,0.0002080924264022409,1,True,False,23,True
Water,27,20260809,94,0.001,50,0.0002080924264022409,1,True,False,23,True
Water,27,20260809,94,1e-05,2,8.357301856359163e-05,2,False,True,23,True
Water,27,20260809,94,1e-05,5,5.232322732831934e-06,5,True,False,23,True
Water,27,20260809,94,1e-05,50,5.232322732831934e-06,5,True,False,23,True
Water,27,20260809,94,1e-12,2,8.357301856359163e-05,2,False,True,23,True
Water,27,20260809,94,1e-12,5,5.232322732831934e-06,5,False,True,23,True
Water,27,20260809,94,1e-12,50,0.0,23,True,False,23,True
Water,27,20260809,95,0.001,2,0.00015486475543866234,1,True,False,23,True
Water,27,20260809,95,0.001,5,0.00015486475543866234,1,True,False,23,True
Water,27,20260809,95,0.001,50,0.00015486475543866234,1,True,False,23,True
Water,27,20260809,95,1e-05,2,6.558453121598854e-05,2,False,True,23,True
Water,27,20260809,95,1e-05,5,4.8010523536317315e-06,5,True,False,23,True
Water,27,20260809,95,1e-05,50,4.8010523536317315e-06,5,True,False,23,True
Water,27,20260809,95,1e-12,2,6.558453121598854e-05,2,False,True,23,True
Water,27,20260809,95,1e-12,5,4.8010523536317315e-06,5,False,True,23,True
Water,27,20260809,95,1e-12,50,0.0,23,True,False,23,True
Water,27,20260809,96,0.001,2,6.6275464381868e-05,1,True,False,18,True
Water,27,20260809,96,0.001,5,6.6275464381868e-05,1,True,False,18,True
Water,27,20260809,96,0.001,50,6.6275464381868e-05,1,True,False,18,True
Water,27,20260809,96,1e-05,2,2.1978892828391353e-05,2,False,True,18,True
Water,27,20260809,96,1e-05,5,2.4250490978446225e-06,4,True,False,18,True
Water,27,20260809,96,1e-05,50,2.4250490978446225e-06,4,True,False,18,True
Water,27,20260809,96,1e-12,2,2.1978892828391353e-05,2,False,True,18,True
Water,27,20260809,96,1e-12,5,8.058176761466297e-07,5,False,True,18,True
Water,27,20260809,96,1e-12,50,0.0,18,True,False,18,True
Water,27,20260809,97,0.001,2,0.0001791045724815825,1,True,False,17,True
Water,27,20260809,97,0.001,5,0.0001791045724815825,1,True,False,17,True
Water,27,20260809,97,0.001,50,0.0001791045724815825,1,True,False,17,True
Water,27,20260809,97,1e-05,2,5.0743355758597486e-05,2,False,True,17,True
Water,27,20260809,97,1e-05,5,9.811767335979303e-07,5,True,False,17,True
Water,27,20260809,97,1e-05,50,9.811767335979303e-07,5,True,False,17,True
Water,27,20260809,97,1e-12,2,5.0743355758597486e-05,2,False,True,17,True
Water,27,20260809,97,1e-12,5,9.811767335979303e-07,5,False,True,17,True
Water,27,20260809,97,1e-12,50,0.0,17,True,False,17,True
Water,27,20260809,98,0.001,2,0.00010144336389015951,1,True,False,24,True
Water,27,20260809,98,0.001,5,0.00010144336389015951,1,True,False,24,True
Water,27,20260809,98,0.001,50,0.00010144336389015951,1,True,False,24,True
Water,27,20260809,98,1e-05,2,4.430749722871997e-05,2,False,True,24,True
Water,27,20260809,98,1e-05,5,3.654277734517674e-06,5,True,False,24,True
Water,27,20260809,98,1e-05,50,3.654277734517674e-06,5,True,False,24,True
Water,27,20260809,98,1e-12,2,4.430749722871997e-05,2,False,True,24,True
Water,27,20260809,98,1e-12,5,3.654277734517674e-06,5,False,True,24,True
Water,27,20260809,98,1e-12,50,0.0,24,True,False,24,True
Water,27,20260809,99,0.001,2,0.00023235781932201153,1,True,False,25,True
Water,27,20260809,99,0.001,5,0.00023235781932201153,1,True,False,25,True
Water,27,20260809,99,0.001,50,0.00023235781932201153,1,True,False,25,True
Water,27,20260809,99,1e-05,2,0.00010509047338623876,2,False,True,25,True
Water,27,20260809,99,1e-05,5,8.975782650789874e-06,5,False,True,25,True
Water,27,20260809,99,1e-05,50,3.922296268529643e-06,6,True,False,25,True
Water,27,20260809,99,1e-12,2,0.00010509047338623876,2,False,True,25,True
Water,27,20260809,99,1e-12,5,8.975782650789874e-06,5,False,True,25,True
Water,27,20260809,99,1e-12,50,0.0,25,True,False,25,True
Water,27,20260809,100,0.001,2,1.2655766334417635e-06,1,True,False,22,True
Water,27,20260809,100,0.001,5,1.2655766334417635e-06,1,True,False,22,True
Water,27,20260809,100,0.001,50,1.2655766334417635e-06,1,True,False,22,True
Water,27,20260809,100,1e-05,2,6.267464133237381e-07,2,True,False,22,True
Water,27,20260809,100,1e-05,5,6.267464133237381e-07,2,True,False,22,True
Water,27,20260809,100,1e-05,50,6.267464133237381e-07,2,True,False,22,True
Water,27,20260809,100,1e-12,2,6.267464133237381e-07,2,False,True,22,True
Water,27,20260809,100,1e-12,5,7.612704633277105e-08,5,False,True,22,True
Water,27,20260809,100,1e-12,50,0.0,22,True,False,22,True
Water,39,20260809,21,0.001,2,0.00013849037908707148,1,True,False,26,True
Water,39,20260809,21,0.001,5,0.00013849037908707148,1,True,False,26,True
Water,39,20260809,21,0.001,50,0.00013849037908707148,1,True,False,26,True
Water,39,20260809,21,1e-05,2,6.362058184787857e-05,2,False,True,26,True
Water,39,20260809,21,1e-05,5,6.045598851490886e-06,5,True,False,26,True
Water,39,20260809,21,1e-05,50,6.045598851490886e-06,5,True,False,26,True
Water,39,20260809,21,1e-12,2,6.362058184787857e-05,2,False,True,26,True
Water,39,20260809,21,1e-12,5,6.045598851490886e-06,5,False,True,26,True
Water,39,20260809,21,1e-12,50,0.0,26,True,False,26,True
Water,39,20260809,22,0.001,2,7.938916449132377e-05,1,True,False,32,True
Water,39,20260809,22,0.001,5,7.938916449132377e-05,1,True,False,32,True
Water,39,20260809,22,0.001,50,7.938916449132377e-05,1,True,False,32,True
Water,39,20260809,22,1e-05,2,4.427823766043458e-05,2,False,True,32,True
Water,39,20260809,22,1e-05,5,7.64928899051208e-06,5,True,False,32,True
Water,39,20260809,22,1e-05,50,7.64928899051208e-06,5,True,False,32,True
Water,39,20260809,22,1e-12,2,4.427823766043458e-05,2,False,True,32,True
Water,39,20260809,22,1e-12,5,7.64928899051208e-06,5,False,True,32,True
Water,39,20260809,22,1e-12,50,0.0,32,True,False,32,True
Water,39,20260809,23,0.001,2,0.00017049679499014838,1,True,False,23,True
Water,39,20260809,23,0.001,5,0.00017049679499014838,1,True,False,23,True
Water,39,20260809,23,0.001,50,0.00017049679499014838,1,True,False,23,True
Water,39,20260809,23,1e-05,2,7.005584942382871e-05,2,False,True,23,True
Water,39,20260809,23,1e-05,5,4.593587953390895e-06,5,True,False,23,True
Water,39,20260809,23,1e-05,50,4.593587953390895e-06,5,True,False,23,True
Water,39,20260809,23,1e-12,2,7.005584942382871e-05,2,False,True,23,True
Water,39,20260809,23,1e-12,5,4.593587953390895e-06,5,False,True,23,True
Water,39,20260809,23,1e-12,50,0.0,23,True,False,23,True
Water,39,20260809,24,0.001,2,3.577570416439698e-05,1,True,False,20,True
Water,39,20260809,24,0.001,5,3.577570416439698e-05,1,True,False,20,True
Water,39,20260809,24,0.001,50,3.577570416439698e-05,1,True,False,20,True
Water,39,20260809,24,1e-05,2,1.332882945627964e-05,2,False,True,20,True
Water,39,20260809,24,1e-05,5,4.958854393789154e-06,3,True,False,20,True
Water,39,20260809,24,1e-05,50,4.958854393789154e-06,3,True,False,20,True
Water,39,20260809,24,1e-12,2,1.332882945627964e-05,2,False,True,20,True
Water,39,20260809,24,1e-12,5,6.854908008899824e-07,5,False,True,20,True
Water,39,20260809,24,1e-12,50,0.0,20,True,False,20,True
Water,39,20260809,25,0.001,2,0.00027670188852341236,1,True,False,25,True
Water,39,20260809,25,0.001,5,0.00027670188852341236,1,True,False,25,True
Water,39,20260809,25,0.001,50,0.00027670188852341236,1,True,False,25,True
Water,39,20260809,25,1e-05,2,0.00012837405725733183,2,False,True,25,True
Water,39,20260809,25,1e-05,5,1.1020727232986624e-05,5,False,True,25,True
Water,39,20260809,25,1e-05,50,4.785349426762899e-06,6,True,False,25,True
Water,39,20260809,25,1e-12,2,0.00012837405725733183,2,False,True,25,True
Water,39,20260809,25,1e-12,5,1.1020727232986624e-05,5,False,True,25,True
Water,39,20260809,25,1e-12,50,0.0,25,True,False,25,True
Water,39,20260809,26,0.001,2,0.00018414281439947729,1,True,False,24,True
Water,39,20260809,26,0.001,5,0.00018414281439947729,1,True,False,24,True
Water,39,20260809,26,0.001,50,0.00018414281439947729,1,True,False,24,True
Water,39,20260809,26,1e-05,2,8.101734473085329e-05,2,False,True,24,True
Water,39,20260809,26,1e-05,5,6.481363367221538e-06,5,True,False,24,True
Water,39,20260809,26,1e-05,50,6.481363367221538e-06,5,True,False,24,True
Water,39,20260809,26,1e-12,2,8.101734473085329e-05,2,False,True,24,True
Water,39,20260809,26,1e-12,5,6.481363367221538e-06,5,False,True,24,True
Water,39,20260809,26,1e-12,50,0.0,24,True,False,24,True
Water,39,20260809,27,0.001,2,0.00020209686117621806,1,True,False,30,True
Water,39,20260809,27,0.001,5,0.00020209686117621806,1,True,False,30,True
Water,39,20260809,27,0.001,50,0.00020209686117621806,1,True,False,30,True
Water,39,20260809,27,1e-05,2,0.00010483631532011932,2,False,True,30,True
Water,39,20260809,27,1e-05,5,1.4295782117010382e-05,5,False,True,30,True
Water,39,20260809,27,1e-05,50,7.33611035314381e-06,6,True,False,30,True
Water,39,20260809,27,1e-12,2,0.00010483631532011932,2,False,True,30,True
Water,39,20260809,27,1e-12,5,1.4295782117010382e-05,5,False,True,30,True
Water,39,20260809,27,1e-12,50,0.0,30,True,False,30,True
Water,39,20260809,28,0.001,2,0.0002791952857224017,1,True,False,20,True
Water,39,20260809,28,0.001,5,0.0002791952857224017,1,True,False,20,True
Water,39,20260809,28,0.001,50,0.0002791952857224017,1,True,False,20,True
Water,39,20260809,28,1e-05,2,9.878720934947919e-05,2,False,True,20,True
Water,39,20260809,28,1e-05,5,4.066244595202448e-06,5,True,False,20,True
Water,39,20260809,28,1e-05,50,4.066244595202448e-06,5,True,False,20,True
Water,39,20260809,28,1e-12,2,9.878720934947919e-05,2,False,True,20,True
Water,39,20260809,28,1e-12,5,4.066244595202448e-06,5,False,True,20,True
Water,39,20260809,28,1e-12,50,0.0,20,True,False,20,True
Water,39,20260809,29,0.001,2,3.904521164979347e-05,1,True,False,20,True
Water,39,20260809,29,0.001,5,3.904521164979347e-05,1,True,False,20,True
Water,39,20260809,29,0.001,50,3.904521164979347e-05,1,True,False,20,True
Water,39,20260809,29,1e-05,2,1.473901285936405e-05,2,False,True,20,True
Water,39,20260809,29,1e-05,5,5.5549291964587806e-06,3,True,False,20,True
Water,39,20260809,29,1e-05,50,5.5549291964587806e-06,3,True,False,20,True
Water,39,20260809,29,1e-12,2,1.473901285936405e-05,2,False,True,20,True
Water,39,20260809,29,1e-12,5,7.878719473865905e-07,5,False,True,20,True
Water,39,20260809,29,1e-12,50,0.0,20,True,False,20,True
Water,39,20260809,30,0.001,2,5.455621205995466e-06,1,True,False,21,True
Water,39,20260809,30,0.001,5,5.455621205995466e-06,1,True,False,21,True
Water,39,20260809,30,0.001,50,5.455621205995466e-06,1,True,False,21,True
Water,39,20260809,30,1e-05,2,5.455621205995466e-06,1,True,False,21,True
Water,39,20260809,30,1e-05,5,5.455621205995466e-06,1,True,False,21,True
Water,39,20260809,30,1e-05,50,5.455621205995466e-06,1,True,False,21,True
Water,39,20260809,30,1e-12,2,2.411042462841191e-06,2,False,True,21,True
Water,39,20260809,30,1e-12,5,2.080797616325127e-07,5,False,True,21,True
Water,39,20260809,30,1e-12,50,0.0,21,True,False,21,True
Water,39,20260809,31,0.001,2,0.00013521702432321356,1,True,False,27,True
Water,39,20260809,31,0.001,5,0.00013521702432321356,1,True,False,27,True
Water,39,20260809,31,0.001,50,0.00013521702432321356,1,True,False,27,True
Water,39,20260809,31,1e-05,2,6.57478891598878e-05,2,False,True,27,True
Water,39,20260809,31,1e-05,5,7.346492230704712e-06,5,True,False,27,True
Water,39,20260809,31,1e-05,50,7.346492230704712e-06,5,True,False,27,True
Water,39,20260809,31,1e-12,2,6.57478891598878e-05,2,False,True,27,True
Water,39,20260809,31,1e-12,5,7.346492230704712e-06,5,False,True,27,True
Water,39,20260809,31,1e-12,50,0.0,27,True,False,27,True
Water,39,20260809,32,0.001,2,0.00013511308836120482,1,True,False,24,True
Water,39,20260809,32,0.001,5,0.00013511308836120482,1,True,False,24,True
Water,39,20260809,32,0.001,50,0.00013511308836120482,1,True,False,24,True
Water,39,20260809,32,1e-05,2,5.945967803133744e-05,2,False,True,24,True
Water,39,20260809,32,1e-05,5,4.9207814654552145e-06,5,True,False,24,True
Water,39,20260809,32,1e-05,50,4.9207814654552145e-06,5,True,False,24,True
Water,39,20260809,32,1e-12,2,5.945967803133744e-05,2,False,True,24,True
Water,39,20260809,32,1e-12,5,4.9207814654552145e-06,5,False,True,24,True
Water,39,20260809,32,1e-12,50,0.0,24,True,False,24,True
Water,39,20260809,33,0.001,2,0.000134385292267804,1,True,False,21,True
Water,39,20260809,33,0.001,5,0.000134385292267804,1,True,False,21,True
Water,39,20260809,33,0.001,50,0.000134385292267804,1,True,False,21,True
Water,39,20260809,33,1e-05,2,5.044397235840236e-05,2,False,True,21,True
Water,39,20260809,33,1e-05,5,2.6437999201490784e-06,5,True,False,21,True
Water,39,20260809,33,1e-05,50,2.6437999201490784e-06,5,True,False,21,True
Water,39,20260809,33,1e-12,2,5.044397235840236e-05,2,False,True,21,True
Water,39,20260809,33,1e-12,5,2.6437999201490784e-06,5,False,True,21,True
Water,39,20260809,33,1e-12,50,0.0,21,True,False,21,True
Water,39,20260809,34,0.001,2,5.699298773635402e-05,1,True,False,23,True
Water,39,20260809,34,0.001,5,5.699298773635402e-05,1,True,False,23,True
Water,39,20260809,34,0.001,50,5.699298773635402e-05,1,True,False,23,True
Water,39,20260809,34,1e-05,2,2.4757404877940907e-05,2,False,True,23,True
Water,39,20260809,34,1e-05,5,4.670995711425747e-06,4,True,False,23,True
Water,39,20260809,34,1e-05,50,4.670995711425747e-06,4,True,False,23,True
Water,39,20260809,34,1e-12,2,2.4757404877940907e-05,2,False,True,23,True
Water,39,20260809,34,1e-12,5,2.0288213455768775e-06,5,False,True,23,True
Water,39,20260809,34,1e-12,50,0.0,23,True,False,23,True
Water,39,20260809,35,0.001,2,6.390176971575471e-05,1,True,False,23,True
Water,39,20260809,35,0.001,5,6.390176971575471e-05,1,True,False,23,True
Water,39,20260809,35,0.001,50,6.390176971575471e-05,1,True,False,23,True
Water,39,20260809,35,1e-05,2,2.7183241545327834e-05,2,False,True,23,True
Water,39,20260809,35,1e-05,5,4.9248253388664275e-06,4,True,False,23,True
Water,39,20260809,35,1e-05,50,4.9248253388664275e-06,4,True,False,23,True
Water,39,20260809,35,1e-12,2,2.7183241545327834e-05,2,False,True,23,True
Water,39,20260809,35,1e-12,5,2.0965699080872678e-06,5,False,True,23,True
Water,39,20260809,35,1e-12,50,0.0,23,True,False,23,True
Water,39,20260809,36,0.001,2,0.0002586544537851143,1,True,False,18,True
Water,39,20260809,36,0.001,5,0.0002586544537851143,1,True,False,18,True
Water,39,20260809,36,0.001,50,0.0002586544537851143,1,True,False,18,True
Water,39,20260809,36,1e-05,2,8.31472307126417e-05,2,False,True,18,True
Water,39,20260809,36,1e-05,5,2.2502003159968308e-06,5,True,False,18,True
Water,39,20260809,36,1e-05,50,2.2502003159968308e-06,5,True,False,18,True
Water,39,20260809,36,1e-12,2,8.31472307126417e-05,2,False,True,18,True
Water,39,20260809,36,1e-12,5,2.2502003159968308e-06,5,False,True,18,True
Water,39,20260809,36,1e-12,50,0.0,18,True,False,18,True
Water,39,20260809,37,0.001,2,3.9113331984243566e-05,1,True,False,22,True
Water,39,20260809,37,0.001,5,3.9113331984243566e-05,1,True,False,22,True
Water,39,20260809,37,0.001,50,3.9113331984243566e-05,1,True,False,22,True
Water,39,20260809,37,1e-05,2,1.6740853113205427e-05,2,False,True,22,True
Water,39,20260809,37,1e-05,5,7.156546691066161e-06,3,True,False,22,True
Water,39,20260809,37,1e-05,50,7.156546691066161e-06,3,True,False,22,True
Water,39,20260809,37,1e-12,2,1.6740853113205427e-05,2,False,True,22,True
Water,39,20260809,37,1e-12,5,1.3061342808642992e-06,5,False,True,22,True
Water,39,20260809,37,1e-12,50,0.0,22,True,False,22,True
Water,39,20260809,38,0.001,2,0.0001664282407015876,1,True,False,26,True
Water,39,20260809,38,0.001,5,0.0001664282407015876,1,True,False,26,True
Water,39,20260809,38,0.001,50,0.0001664282407015876,1,True,False,26,True
Water,39,20260809,38,1e-05,2,7.773256451547649e-05,2,False,True,26,True
Water,39,20260809,38,1e-05,5,7.577759893507595e-06,5,True,False,26,True
Water,39,20260809,38,1e-05,50,7.577759893507595e-06,5,True,False,26,True
Water,39,20260809,38,1e-12,2,7.773256451547649e-05,2,False,True,26,True
Water,39,20260809,38,1e-12,5,7.577759893507595e-06,5,False,True,26,True
Water,39,20260809,38,1e-12,50,0.0,26,True,False,26,True
Water,39,20260809,39,0.001,2,0.00010077636859654616,1,True,False,18,True
Water,39,20260809,39,0.001,5,0.00010077636859654616,1,True,False,18,True
Water,39,20260809,39,0.001,50,0.00010077636859654616,1,True,False,18,True
Water,39,20260809,39,1e-05,2,3.140639469569229e-05,2,False,True,18,True
Water,39,20260809,39,1e-05,5,3.04220805451777e-06,4,True,False,18,True
Water,39,20260809,39,1e-05,50,3.04220805451777e-06,4,True,False,18,True
Water,39,20260809,39,1e-12,2,3.140639469569229e-05,2,False,True,18,True
Water,39,20260809,39,1e-12,5,9.465218406332762e-07,5,False,True,18,True
Water,39,20260809,39,1e-12,50,0.0,18,True,False,18,True
Water,39,20260809,40,0.001,2,0.00015202422289650492,1,True,False,22,True
Water,39,20260809,40,0.001,5,0.00015202422289650492,1,True,False,22,True
Water,39,20260809,40,0.001,50,0.00015202422289650492,1,True,False,22,True
Water,39,20260809,40,1e-05,2,6.114310570028034e-05,2,False,True,22,True
Water,39,20260809,40,1e-05,5,3.880100239248383e-06,5,True,False,22,True
Water,39,20260809,40,1e-05,50,3.880100239248383e-06,5,True,False,22,True
Water,39,20260809,40,1e-12,2,6.114310570028034e-05,2,False,True,22,True
Water,39,20260809,40,1e-12,5,3.880100239248383e-06,5,False,True,22,True
Water,39,20260809,40,1e-12,50,0.0,22,True,False,22,True
Water,39,20260809,41,0.001,2,0.00025005150200751715,1,True,False,25,True
Water,39,20260809,41,0.001,5,0.00025005150200751715,1,True,False,25,True
Water,39,20260809,41,0.001,50,0.00025005150200751715,1,True,False,25,True
Water,39,20260809,41,1e-05,2,0.00010915425201999178,2,False,True,25,True
Water,39,20260809,41,1e-05,5,8.570604987466875e-06,5,False,True,25,True
Water,39,20260809,41,1e-05,50,3.64995290342862e-06,6,True,False,25,True
Water,39,20260809,41,1e-12,2,0.00010915425201999178,2,False,True,25,True
Water,39,20260809,41,1e-12,5,8.570604987466875e-06,5,False,True,25,True
Water,39,20260809,41,1e-12,50,0.0,25,True,False,25,True
Water,39,20260809,42,0.001,2,0.0001527127622318603,1,True,False,24,True
Water,39,20260809,42,0.001,5,0.0001527127622318603,1,True,False,24,True
Water,39,20260809,42,0.001,50,0.0001527127622318603,1,True,False,24,True
Water,39,20260809,42,1e-05,2,6.639291040527482e-05,2,False,True,24,True
Water,39,20260809,42,1e-05,5,5.291160348675888e-06,5,True,False,24,True
Water,39,20260809,42,1e-05,50,5.291160348675888e-06,5,True,False,24,True
Water,39,20260809,42,1e-12,2,6.639291040527482e-05,2,False,True,24,True
Water,39,20260809,42,1e-12,5,5.291160348675888e-06,5,False,True,24,True
Water,39,20260809,42,1e-12,50,0.0,24,True,False,24,True
Water,39,20260809,43,0.001,2,5.223897103472752e-05,1,True,False,20,True
Water,39,20260809,43,0.001,5,5.223897103472752e-05,1,True,False,20,True
Water,39,20260809,43,0.001,50,5.223897103472752e-05,1,True,False,20,True
Water,39,20260809,43,1e-05,2,1.9818493581876484e-05,2,False,True,20,True
Water,39,20260809,43,1e-05,5,2.8686454781102277e-06,4,True,False,20,True
Water,39,20260809,43,1e-05,50,2.8686454781102277e-06,4,True,False,20,True
Water,39,20260809,43,1e-12,2,1.9818493581876484e-05,2,False,True,20,True
Water,39,20260809,43,1e-12,5,1.0922164570320017e-06,5,False,True,20,True
Water,39,20260809,43,1e-12,50,0.0,20,True,False,20,True
Water,39,20260809,44,0.001,2,0.00010918433999754981,1,True,False,22,True
Water,39,20260809,44,0.001,5,0.00010918433999754981,1,True,False,22,True
Water,39,20260809,44,0.001,50,0.00010918433999754981,1,True,False,22,True
Water,39,20260809,44,1e-05,2,4.347554651155724e-05,2,False,True,22,True
Water,39,20260809,44,1e-05,5,2.6560102424810886e-06,5,True,False,22,True
Water,39,20260809,44,1e-05,50,2.6560102424810886e-06,5,True,False,22,True
Water,39,20260809,44,1e-12,2,4.347554651155724e-05,2,False,True,22,True
Water,39,20260809,44,1e-12,5,2.6560102424810886e-06,5,False,True,22,True
Water,39,20260809,44,1e-12,50,0.0,22,True,False,22,True
Water,39,20260809,45,0.001,2,0.0003080170755806003,1,True,False,21,True
Water,39,20260809,45,0.001,5,0.0003080170755806003,1,True,False,21,True
Water,39,20260809,45,0.001,50,0.0003080170755806003,1,True,False,21,True
Water,39,20260809,45,1e-05,2,0.00011465832736051708,2,False,True,21,True
Water,39,20260809,45,1e-05,5,4.913829972225282e-06,5,True,False,21,True
Water,39,20260809,45,1e-05,50,4.913829972225282e-06,5,True,False,21,True
Water,39,20260809,45,1e-12,2,0.00011465832736051708,2,False,True,21,True
Water,39,20260809,45,1e-12,5,4.913829972225282e-06,5,False,True,21,True
Water,39,20260809,45,1e-12,50,0.0,21,True,False,21,True
Water,39,20260809,46,0.001,2,9.905907425597175e-05,1,True,False,27,True
Water,39,20260809,46,0.001,5,9.905907425597175e-05,1,True,False,27,True
Water,39,20260809,46,0.001,50,9.905907425597175e-05,1,True,False,27,True
Water,39,20260809,46,1e-05,2,4.8878601106356736e-05,2,False,True,27,True
Water,39,20260809,46,1e-05,5,5.826821578722099e-06,5,True,False,27,True
Water,39,20260809,46,1e-05,50,5.826821578722099e-06,5,True,False,27,True
Water,39,20260809,46,1e-12,2,4.8878601106356736e-05,2,False,True,27,True
Water,39,20260809,46,1e-12,5,5.826821578722099e-06,5,False,True,27,True
Water,39,20260809,46,1e-12,50,0.0,27,True,False,27,True
Water,39,20260809,47,0.001,2,9.433978817906195e-05,1,True,False,25,True
Water,39,20260809,47,0.001,5,9.433978817906195e-05,1,True,False,25,True
Water,39,20260809,47,0.001,50,9.433978817906195e-05,1,True,False,25,True
Water,39,20260809,47,1e-05,2,4.307346345089904e-05,2,False,True,25,True
Water,39,20260809,47,1e-05,5,4.040588499687299e-06,5,True,False,25,True
Water,39,20260809,47,1e-05,50,4.040588499687299e-06,5,True,False,25,True
Water,39,20260809,47,1e-12,2,4.307346345089904e-05,2,False,True,25,True
Water,39,20260809,47,1e-12,5,4.040588499687299e-06,5,False,True,25,True
Water,39,20260809,47,1e-12,50,0.0,25,True,False,25,True
Water,39,20260809,48,0.001,2,0.00022696601235683652,1,True,False,28,True
Water,39,20260809,48,0.001,5,0.00022696601235683652,1,True,False,28,True
Water,39,20260809,48,0.001,50,0.00022696601235683652,1,True,False,28,True
Water,39,20260809,48,1e-05,2,0.00011165615835583946,2,False,True,28,True
Water,39,20260809,48,1e-05,5,1.2746344883642222e-05,5,False,True,28,True
Water,39,20260809,48,1e-05,50,6.153220620131825e-06,6,True,False,28,True
Water,39,20260809,48,1e-12,2,0.00011165615835583946,2,False,True,28,True
Water,39,20260809,48,1e-12,5,1.2746344883642222e-05,5,False,True,28,True
Water,39,20260809,48,1e-12,50,0.0,28,True,False,28,True
Water,39,20260809,49,0.001,2,0.00015244722565888033,1,True,False,24,True
Water,39,20260809,49,0.001,5,0.00015244722565888033,1,True,False,24,True
Water,39,20260809,49,0.001,50,0.00015244722565888033,1,True,False,24,True
Water,39,20260809,49,1e-05,2,6.657123458798109e-05,2,False,True,24,True
Water,39,20260809,49,1e-05,5,5.405436609509238e-06,5,True,False,24,True
Water,39,20260809,49,1e-05,50,5.405436609509238e-06,5,True,False,24,True
Water,39,20260809,49,1e-12,2,6.657123458798109e-05,2,False,True,24,True
Water,39,20260809,49,1e-12,5,5.405436609509238e-06,5,False,True,24,True
Water,39,20260809,49,1e-12,50,0.0,24,True,False,24,True
Water,39,20260809,50,0.001,2,0.00013073853956593965,1,True,False,20,True
Water,39,20260809,50,0.001,5,0.00013073853956593965,1,True,False,20,True
Water,39,20260809,50,0.001,50,0.00013073853956593965,1,True,False,20,True
Water,39,20260809,50,1e-05,2,4.724331393236814e-05,2,False,True,20,True
Water,39,20260809,50,1e-05,5,2.2049979441684137e-06,5,True,False,20,True
Water,39,20260809,50,1e-05,50,2.2049979441684137e-06,5,True,False,20,True
Water,39,20260809,50,1e-12,2,4.724331393236814e-05,2,False,True,20,True
Water,39,20260809,50,1e-12,5,2.2049979441684137e-06,5,False,True,20,True
Water,39,20260809,50,1e-12,50,0.0,20,True,False,20,True
Water,39,20260809,51,0.001,2,1.5464896285563406e-05,1,True,False,18,True
Water,39,20260809,51,0.001,5,1.5464896285563406e-05,1,True,False,18,True
Water,39,20260809,51,0.001,50,1.5464896285563406e-05,1,True,False,18,True
Water,39,20260809,51,1e-05,2,5.652385288257865e-06,2,True,False,18,True
Water,39,20260809,51,1e-05,5,5.652385288257865e-06,2,True,False,18,True
Water,39,20260809,51,1e-05,50,5.652385288257865e-06,2,True,False,18,True
Water,39,20260809,51,1e-12,2,5.652385288257865e-06,2,False,True,18,True
Water,39,20260809,51,1e-12,5,2.7588086836975543e-07,5,False,True,18,True
Water,39,20260809,51,1e-12,50,0.0,18,True,False,18,True
Water,39,20260809,52,0.001,2,0.00017925884182236538,1,True,False,13,True
Water,39,20260809,52,0.001,5,0.00017925884182236538,1,True,False,13,True
Water,39,20260809,52,0.001,50,0.00017925884182236538,1,True,False,13,True
Water,39,20260809,52,1e-05,2,3.0509498893604514e-05,2,False,True,13,True
Water,39,20260809,52,1e-05,5,8.5325391170011e-07,4,True,False,13,True
Water,39,20260809,52,1e-05,50,8.5325391170011e-07,4,True,False,13,True
Water,39,20260809,52,1e-12,2,3.0509498893604514e-05,2,False,True,13,True
Water,39,20260809,52,1e-12,5,1.4242249216625564e-07,5,False,True,13,True
Water,39,20260809,52,1e-12,50,0.0,13,True,False,13,True
Water,39,20260809,53,0.001,2,0.0004367244125706386,1,True,False,30,True
Water,39,20260809,53,0.001,5,0.0004367244125706386,1,True,False,30,True
Water,39,20260809,53,0.001,50,0.0004367244125706386,1,True,False,30,True
Water,39,20260809,53,1e-05,2,0.00022469526402288682,2,False,True,30,True
Water,39,20260809,53,1e-05,5,2.87934434926069e-05,5,False,True,30,True
Water,39,20260809,53,1e-05,50,7.19770427443976e-06,7,True,False,30,True
Water,39,20260809,53,1e-12,2,0.00022469526402288682,2,False,True,30,True
Water,39,20260809,53,1e-12,5,2.87934434926069e-05,5,False,True,30,True
Water,39,20260809,53,1e-12,50,0.0,30,True,False,30,True
Water,39,20260809,54,0.001,2,0.0001024102545185609,1,True,False,22,True
Water,39,20260809,54,0.001,5,0.0001024102545185609,1,True,False,22,True
Water,39,20260809,54,0.001,50,0.0001024102545185609,1,True,False,22,True
Water,39,20260809,54,1e-05,2,4.1441075111790836e-05,2,False,True,22,True
Water,39,20260809,54,1e-05,5,6.754630606512102e-06,4,True,False,22,True
Water,39,20260809,54,1e-05,50,6.754630606512102e-06,4,True,False,22,True
Water,39,20260809,54,1e-12,2,4.1441075111790836e-05,2,False,True,22,True
Water,39,20260809,54,1e-12,5,2.7248842531833897e-06,5,False,True,22,True
Water,39,20260809,54,1e-12,50,0.0,22,True,False,22,True
Water,39,20260809,55,0.001,2,9.19350129545431e-06,1,True,False,24,True
Water,39,20260809,55,0.001,5,9.19350129545431e-06,1,True,False,24,True
Water,39,20260809,55,0.001,50,9.19350129545431e-06,1,True,False,24,True
Water,39,20260809,55,1e-05,2,4.444581448786189e-06,2,True,False,24,True
Water,39,20260809,55,1e-05,5,4.444581448786189e-06,2,True,False,24,True
Water,39,20260809,55,1e-05,50,4.444581448786189e-06,2,True,False,24,True
Water,39,20260809,55,1e-12,2,4.444581448786189e-06,2,False,True,24,True
Water,39,20260809,55,1e-12,5,5.020254094951899e-07,5,False,True,24,True
Water,39,20260809,55,1e-12,50,0.0,24,True,False,24,True
Water,39,20260809,56,0.001,2,0.0001346029451960229,1,True,False,27,True
Water,39,20260809,56,0.001,5,0.0001346029451960229,1,True,False,27,True
Water,39,20260809,56,0.001,50,0.0001346029451960229,1,True,False,27,True
Water,39,20260809,56,1e-05,2,6.51166012162371e-05,2,False,True,27,True
Water,39,20260809,56,1e-05,5,7.209264274284095e-06,5,True,False,27,True
Water,39,20260809,56,1e-05,50,7.209264274284095e-06,5,True,False,27,True
Water,39,20260809,56,1e-12,2,6.51166012162371e-05,2,False,True,27,True
Water,39,20260809,56,1e-12,5,7.209264274284095e-06,5,False,True,27,True
Water,39,20260809,56,1e-12,50,0.0,27,True,False,27,True
Water,39,20260809,57,0.001,2,0.00013087798385463776,1,True,False,28,True
Water,39,20260809,57,0.001,5,0.00013087798385463776,1,True,False,28,True
Water,39,20260809,57,0.001,50,0.00013087798385463776,1,True,False,28,True
Water,39,20260809,57,1e-05,2,6.474183925092102e-05,2,False,True,28,True
Water,39,20260809,57,1e-05,5,7.7112636743145e-06,5,True,False,28,True
Water,39,20260809,57,1e-05,50,7.7112636743145e-06,5,True,False,28,True
Water,39,20260809,57,1e-12,2,6.474183925092102e-05,2,False,True,28,True
Water,39,20260809,57,1e-12,5,7.7112636743145e-06,5,False,True,28,True
Water,39,20260809,57,1e-12,50,0.0,28,True,False,28,True
Water,39,20260809,58,0.001,2,0.0002778464602105835,1,True,False,24,True
Water,39,20260809,58,0.001,5,0.0002778464602105835,1,True,False,24,True
Water,39,20260809,58,0.001,50,0.0002778464602105835,1,True,False,24,True
Water,39,20260809,58,1e-05,2,0.00012021178737647289,2,False,True,24,True
Water,39,20260809,58,1e-05,5,8.984451708205527e-06,5,False,True,24,True
Water,39,20260809,58,1e-05,50,3.7562496659399213e-06,6,True,False,24,True
Water,39,20260809,58,1e-12,2,0.00012021178737647289,2,False,True,24,True
Water,39,20260809,58,1e-12,5,8.984451708205527e-06,5,False,True,24,True
Water,39,20260809,58,1e-12,50,0.0,24,True,False,24,True
Water,39,20260809,59,0.001,2,4.325313011175754e-05,1,True,False,24,True
Water,39,20260809,59,0.001,5,4.325313011175754e-05,1,True,False,24,True
Water,39,20260809,59,0.001,50,4.325313011175754e-05,1,True,False,24,True
Water,39,20260809,59,1e-05,2,1.9904030063708706e-05,2,False,True,24,True
Water,39,20260809,59,1e-05,5,4.215628507470342e-06,4,True,False,24,True
Water,39,20260809,59,1e-05,50,4.215628507470342e-06,4,True,False,24,True
Water,39,20260809,59,1e-12,2,1.9904030063708706e-05,2,False,True,24,True
Water,39,20260809,59,1e-12,5,1.940135895097855e-06,5,False,True,24,True
Water,39,20260809,59,1e-12,50,0.0,24,True,False,24,True
Water,39,20260809,60,0.001,2,0.00016968148000320345,1,True,False,21,True
Water,39,20260809,60,0.001,5,0.00016968148000320345,1,True,False,21,True
Water,39,20260809,60,0.001,50,0.00016968148000320345,1,True,False,21,True
Water,39,20260809,60,1e-05,2,6.0996779634714965e-05,2,False,True,21,True
Water,39,20260809,60,1e-05,5,2.819999156303421e-06,5,True,False,21,True
Water,39,20260809,60,1e-05,50,2.819999156303421e-06,5,True,False,21,True
Water,39,20260809,60,1e-12,2,6.0996779634714965e-05,2,False,True,21,True
Water,39,20260809,60,1e-12,5,2.819999156303421e-06,5,False,True,21,True
Water,39,20260809,60,1e-12,50,0.0,21,True,False,21,True
Water,39,20260809,61,0.001,2,0.00012542350308777502,1,True,False,19,True
Water,39,20260809,61,0.001,5,0.00012542350308777502,1,True,False,19,True
Water,39,20260809,61,0.001,50,0.00012542350308777502,1,True,False,19,True
Water,39,20260809,61,1e-05,2,4.021386104101325e-05,2,False,True,19,True
Water,39,20260809,61,1e-05,5,4.111308331107005e-06,4,True,False,19,True
Water,39,20260809,61,1e-05,50,4.111308331107005e-06,4,True,False,19,True
Water,39,20260809,61,1e-12,2,4.021386104101325e-05,2,False,True,19,True
Water,39,20260809,61,1e-12,5,1.3136565250137283e-06,5,False,True,19,True
Water,39,20260809,61,1e-12,50,0.0,19,True,False,19,True
Water,39,20260809,62,0.001,2,0.00020672678268991737,1,True,False,17,True
Water,39,20260809,62,0.001,5,0.00020672678268991737,1,True,False,17,True
Water,39,20260809,62,0.001,50,0.00020672678268991737,1,True,False,17,True
Water,39,20260809,62,1e-05,2,5.7676254653101016e-05,2,False,True,17,True
Water,39,20260809,62,1e-05,5,1.1059275854616682e-06,5,True,False,17,True
Water,39,20260809,62,1e-05,50,1.1059275854616682e-06,5,True,False,17,True
Water,39,20260809,62,1e-12,2,5.7676254653101016e-05,2,False,True,17,True
Water,39,20260809,62,1e-12,5,1.1059275854616682e-06,5,False,True,17,True
Water,39,20260809,62,1e-12,50,0.0,17,True,False,17,True
Water,39,20260809,63,0.001,2,0.00012832702300247345,1,True,False,21,True
Water,39,20260809,63,0.001,5,0.00012832702300247345,1,True,False,21,True
Water,39,20260809,63,0.001,50,0.00012832702300247345,1,True,False,21,True
Water,39,20260809,63,1e-05,2,4.762339870157412e-05,2,False,True,21,True
Water,39,20260809,63,1e-05,5,2.389238645189528e-06,5,True,False,21,True
Water,39,20260809,63,1e-05,50,2.389238645189528e-06,5,True,False,21,True
Water,39,20260809,63,1e-12,2,4.762339870157412e-05,2,False,True,21,True
Water,39,20260809,63,1e-12,5,2.389238645189528e-06,5,False,True,21,True
Water,39,20260809,63,1e-12,50,0.0,21,True,False,21,True
Water,39,20260809,64,0.001,2,9.417329268356512e-05,1,True,False,29,True
Water,39,20260809,64,0.001,5,9.417329268356512e-05,1,True,False,29,True
Water,39,20260809,64,0.001,50,9.417329268356512e-05,1,True,False,29,True
Water,39,20260809,64,1e-05,2,4.7861398602818166e-05,2,False,True,29,True
Water,39,20260809,64,1e-05,5,6.32910836689826e-06,5,True,False,29,True
Water,39,20260809,64,1e-05,50,6.32910836689826e-06,5,True,False,29,True
Water,39,20260809,64,1e-12,2,4.7861398602818166e-05,2,False,True,29,True
Water,39,20260809,64,1e-12,5,6.32910836689826e-06,5,False,True,29,True
Water,39,20260809,64,1e-12,50,0.0,29,True,False,29,True
Water,39,20260809,65,0.001,2,0.0001527438525295142,1,True,False,26,True
Water,39,20260809,65,0.001,5,0.0001527438525295142,1,True,False,26,True
Water,39,20260809,65,0.001,50,0.0001527438525295142,1,True,False,26,True
Water,39,20260809,65,1e-05,2,7.096685893677438e-05,2,False,True,26,True
Water,39,20260809,65,1e-05,5,7.0221392980229945e-06,5,True,False,26,True
Water,39,20260809,65,1e-05,50,7.0221392980229945e-06,5,True,False,26,True
Water,39,20260809,65,1e-12,2,7.096685893677438e-05,2,False,True,26,True
Water,39,20260809,65,1e-12,5,7.0221392980229945e-06,5,False,True,26,True
Water,39,20260809,65,1e-12,50,0.0,26,True,False,26,True
Water,39,20260809,66,0.001,2,4.871359324491895e-05,1,True,False,22,True
Water,39,20260809,66,0.001,5,4.871359324491895e-05,1,True,False,22,True
Water,39,20260809,66,0.001,50,4.871359324491895e-05,1,True,False,22,True
Water,39,20260809,66,1e-05,2,1.989489624968984e-05,2,False,True,22,True
Water,39,20260809,66,1e-05,5,3.3196385311551418e-06,4,True,False,22,True
Water,39,20260809,66,1e-05,50,3.3196385311551418e-06,4,True,False,22,True
Water,39,20260809,66,1e-12,2,1.989489624968984e-05,2,False,True,22,True
Water,39,20260809,66,1e-12,5,1.3560717549797309e-06,5,False,True,22,True
Water,39,20260809,66,1e-12,50,0.0,22,True,False,22,True
Water,39,20260809,67,0.001,2,8.682806299837604e-05,1,True,False,26,True
Water,39,20260809,67,0.001,5,8.682806299837604e-05,1,True,False,26,True
Water,39,20260809,67,0.001,50,8.682806299837604e-05,1,True,False,26,True
Water,39,20260809,67,1e-05,2,4.1453478593747706e-05,2,False,True,26,True
Water,39,20260809,67,1e-05,5,4.437254447338919e-06,5,True,False,26,True
Water,39,20260809,67,1e-05,50,4.437254447338919e-06,5,True,False,26,True
Water,39,20260809,67,1e-12,2,4.1453478593747706e-05,2,False,True,26,True
Water,39,20260809,67,1e-12,5,4.437254447338919e-06,5,False,True,26,True
Water,39,20260809,67,1e-12,50,0.0,26,True,False,26,True
Water,39,20260809,68,0.001,2,1.5104625064683731e-05,1,True,False,18,True
Water,39,20260809,68,0.001,5,1.5104625064683731e-05,1,True,False,18,True
Water,39,20260809,68,0.001,50,1.5104625064683731e-05,1,True,False,18,True
Water,39,20260809,68,1e-05,2,5.2458729971582e-06,2,True,False,18,True
Water,39,20260809,68,1e-05,5,5.2458729971582e-06,2,True,False,18,True
Water,39,20260809,68,1e-05,50,5.2458729971582e-06,2,True,False,18,True
Water,39,20260809,68,1e-12,2,5.2458729971582e-06,2,False,True,18,True
Water,39,20260809,68,1e-12,5,2.2041679334812297e-07,5,False,True,18,True
Water,39,20260809,68,1e-12,50,0.0,18,True,False,18,True
Water,39,20260809,69,0.001,2,0.00010330655144124792,1,True,False,19,True
Water,39,20260809,69,0.001,5,0.00010330655144124792,1,True,False,19,True
Water,39,20260809,69,0.001,50,0.00010330655144124792,1,True,False,19,True
Water,39,20260809,69,1e-05,2,3.5359409488466516e-05,2,False,True,19,True
Water,39,20260809,69,1e-05,5,4.1133521296843185e-06,4,True,False,19,True
Water,39,20260809,69,1e-05,50,4.1133521296843185e-06,4,True,False,19,True
Water,39,20260809,69,1e-12,2,3.5359409488466516e-05,2,False,True,19,True
Water,39,20260809,69,1e-12,5,1.4014582242465577e-06,5,False,True,19,True
Water,39,20260809,69,1e-12,50,0.0,19,True,False,19,True
Water,39,20260809,70,0.001,2,0.0002281975937519984,1,True,False,23,True
Water,39,20260809,70,0.001,5,0.0002281975937519984,1,True,False,23,True
Water,39,20260809,70,0.001,50,0.0002281975937519984,1,True,False,23,True
Water,39,20260809,70,1e-05,2,9.449557140720234e-05,2,False,True,23,True
Water,39,20260809,70,1e-05,5,6.401008937484352e-06,5,True,False,23,True
Water,39,20260809,70,1e-05,50,6.401008937484352e-06,5,True,False,23,True
Water,39,20260809,70,1e-12,2,9.449557140720234e-05,2,False,True,23,True
Water,39,20260809,70,1e-12,5,6.401008937484352e-06,5,False,True,23,True
Water,39,20260809,70,1e-12,50,0.0,23,True,False,23,True
Water,39,20260809,71,0.001,2,0.00011045668886068781,1,True,False,29,True
Water,39,20260809,71,0.001,5,0.00011045668886068781,1,True,False,29,True
Water,39,20260809,71,0.001,50,0.00011045668886068781,1,True,False,29,True
Water,39,20260809,71,1e-05,2,5.640270583068844e-05,2,False,True,29,True
Water,39,20260809,71,1e-05,5,7.370138152630431e-06,5,True,False,29,True
Water,39,20260809,71,1e-05,50,7.370138152630431e-06,5,True,False,29,True
Water,39,20260809,71,1e-12,2,5.640270583068844e-05,2,False,True,29,True
Water,39,20260809,71,1e-12,5,7.370138152630431e-06,5,False,True,29,True
Water,39,20260809,71,1e-12,50,0.0,29,True,False,29,True
Water,39,20260809,72,0.001,2,4.813795037273057e-05,1,True,False,22,True
Water,39,20260809,72,0.001,5,4.813795037273057e-05,1,True,False,22,True
Water,39,20260809,72,0.001,50,4.813795037273057e-05,1,True,False,22,True
Water,39,20260809,72,1e-05,2,2.0086767655927124e-05,2,False,True,22,True
Water,39,20260809,72,1e-05,5,3.5115553270071183e-06,4,True,False,22,True
Water,39,20260809,72,1e-05,50,3.5115553270071183e-06,4,True,False,22,True
Water,39,20260809,72,1e-12,2,2.0086767655927124e-05,2,False,True,22,True
Water,39,20260809,72,1e-12,5,1.4691490212710216e-06,5,False,True,22,True
Water,39,20260809,72,1e-12,50,0.0,22,True,False,22,True
Water,39,20260809,73,0.001,2,2.7274339802568123e-06,1,True,False,22,True
Water,39,20260809,73,0.001,5,2.7274339802568123e-06,1,True,False,22,True
Water,39,20260809,73,0.001,50,2.7274339802568123e-06,1,True,False,22,True
Water,39,20260809,73,1e-05,2,2.7274339802568123e-06,1,True,False,22,True
Water,39,20260809,73,1e-05,5,2.7274339802568123e-06,1,True,False,22,True
Water,39,20260809,73,1e-05,50,2.7274339802568123e-06,1,True,False,22,True
Water,39,20260809,73,1e-12,2,1.3287169596519207e-06,2,False,True,22,True
Water,39,20260809,73,1e-12,5,1.5360971861527136e-07,5,False,True,22,True
Water,39,20260809,73,1e-12,50,0.0,22,True,False,22,True
Water,39,20260809,74,0.001,2,0.0001452114059416756,1,True,False,24,True
Water,39,20260809,74,0.001,5,0.0001452114059416756,1,True,False,24,True
Water,39,20260809,74,0.001,50,0.0001452114059416756,1,True,False,24,True
Water,39,20260809,74,1e-05,2,6.285655733370182e-05,2,False,True,24,True
Water,39,20260809,74,1e-05,5,5.059960954783271e-06,5,True,False,24,True
Water,39,20260809,74,1e-05,50,5.059960954783271e-06,5,True,False,24,True
Water,39,20260809,74,1e-12,2,6.285655733370182e-05,2,False,True,24,True
Water,39,20260809,74,1e-12,5,5.059960954783271e-06,5,False,True,24,True
Water,39,20260809,74,1e-12,50,0.0,24,True,False,24,True
Water,39,20260809,75,0.001,2,0.0001603353783340768,1,True,False,17,True
Water,39,20260809,75,0.001,5,0.0001603353783340768,1,True,False,17,True
Water,39,20260809,75,0.001,50,0.0001603353783340768,1,True,False,17,True
Water,39,20260809,75,1e-05,2,4.615824644444697e-05,2,False,True,17,True
Water,39,20260809,75,1e-05,5,3.748408338607591e-06,4,True,False,17,True
Water,39,20260809,75,1e-05,50,3.748408338607591e-06,4,True,False,17,True
Water,39,20260809,75,1e-12,2,4.615824644444697e-05,2,False,True,17,True
Water,39,20260809,75,1e-12,5,1.065831034392094e-06,5,False,True,17,True
Water,39,20260809,75,1e-12,50,0.0,17,True,False,17,True
Water,39,20260809,76,0.001,2,0.0001460650172292866,1,True,False,18,True
Water,39,20260809,76,0.001,5,0.0001460650172292866,1,True,False,18,True
Water,39,20260809,76,0.001,50,0.0001460650172292866,1,True,False,18,True
Water,39,20260809,76,1e-05,2,4.690892695200749e-05,2,False,True,18,True
Water,39,20260809,76,1e-05,5,1.4803042594465055e-06,5,True,False,18,True
Water,39,20260809,76,1e-05,50,1.4803042594465055e-06,5,True,False,18,True
Water,39,20260809,76,1e-12,2,4.690892695200749e-05,2,False,True,18,True
Water,39,20260809,76,1e-12,5,1.4803042594465055e-06,5,False,True,18,True
Water,39,20260809,76,1e-12,50,0.0,18,True,False,18,True
Water,39,20260809,77,0.001,2,0.00014116307687749683,1,True,False,23,True
Water,39,20260809,77,0.001,5,0.00014116307687749683,1,True,False,23,True
Water,39,20260809,77,0.001,50,0.00014116307687749683,1,True,False,23,True
Water,39,20260809,77,1e-05,2,5.773097377022419e-05,2,False,True,23,True
Water,39,20260809,77,1e-05,5,3.895074736846698e-06,5,True,False,23,True
Water,39,20260809,77,1e-05,50,3.895074736846698e-06,5,True,False,23,True
Water,39,20260809,77,1e-12,2,5.773097377022419e-05,2,False,True,23,True
Water,39,20260809,77,1e-12,5,3.895074736846698e-06,5,False,True,23,True
Water,39,20260809,77,1e-12,50,0.0,23,True,False,23,True
Water,39,20260809,78,0.001,2,5.386240370127133e-05,1,True,False,18,True
Water,39,20260809,78,0.001,5,5.386240370127133e-05,1,True,False,18,True
Water,39,20260809,78,0.001,50,5.386240370127133e-05,1,True,False,18,True
Water,39,20260809,78,1e-05,2,1.7585816369128618e-05,2,False,True,18,True
Water,39,20260809,78,1e-05,5,1.8588933297613746e-06,4,True,False,18,True
Water,39,20260809,78,1e-05,50,1.8588933297613746e-06,4,True,False,18,True
Water,39,20260809,78,1e-12,2,1.7585816369128618e-05,2,False,True,18,True
Water,39,20260809,78,1e-12,5,6.037718922236699e-07,5,False,True,18,True
Water,39,20260809,78,1e-12,50,0.0,18,True,False,18,True
Water,39,20260809,79,0.001,2,0.00011154839088663225,1,True,False,11,True
Water,39,20260809,79,0.001,5,0.00011154839088663225,1,True,False,11,True
Water,39,20260809,79,0.001,50,0.00011154839088663225,1,True,False,11,True
Water,39,20260809,79,1e-05,2,1.227846614571207e-05,2,False,True,11,True
Water,39,20260809,79,1e-05,5,1.4138463744150962e-07,4,True,False,11,True
Water,39,20260809,79,1e-05,50,1.4138463744150962e-07,4,True,False,11,True
Water,39,20260809,79,1e-12,2,1.227846614571207e-05,2,False,True,11,True
Water,39,20260809,79,1e-12,5,1.5146230591639685e-08,5,False,True,11,True
Water,39,20260809,79,1e-12,50,0.0,11,True,False,11,True
Water,39,20260809,80,0.001,2,0.0001128153537284554,1,True,False,26,True
Water,39,20260809,80,0.001,5,0.0001128153537284554,1,True,False,26,True
Water,39,20260809,80,0.001,50,0.0001128153537284554,1,True,False,26,True
Water,39,20260809,80,1e-05,2,5.3498757912204725e-05,2,False,True,26,True
Water,39,20260809,80,1e-05,5,5.7107226200419854e-06,5,True,False,26,True
Water,39,20260809,80,1e-05,50,5.7107226200419854e-06,5,True,False,26,True
Water,39,20260809,80,1e-12,2,5.3498757912204725e-05,2,False,True,26,True
Water,39,20260809,80,1e-12,5,5.7107226200419854e-06,5,False,True,26,True
Water,39,20260809,80,1e-12,50,0.0,26,True,False,26,True
Water,39,20260809,81,0.001,2,0.00023698808963913164,1,True,False,24,True
Water,39,20260809,81,0.001,5,0.00023698808963913164,1,True,False,24,True
Water,39,20260809,81,0.001,50,0.00023698808963913164,1,True,False,24,True
Water,39,20260809,81,1e-05,2,0.00010224957358149936,2,False,True,24,True
Water,39,20260809,81,1e-05,5,7.620261271183029e-06,5,False,True,24,True
Water,39,20260809,81,1e-05,50,3.1848604649028714e-06,6,True,False,24,True
Water,39,20260809,81,1e-12,2,0.00010224957358149936,2,False,True,24,True
Water,39,20260809,81,1e-12,5,7.620261271183029e-06,5,False,True,24,True
Water,39,20260809,81,1e-12,50,0.0,24,True,False,24,True
Water,39,20260809,82,0.001,2,0.0003216861364975489,1,True,False,25,True
Water,39,20260809,82,0.001,5,0.0003216861364975489,1,True,False,25,True
Water,39,20260809,82,0.001,50,0.0003216861364975489,1,True,False,25,True
Water,39,20260809,82,1e-05,2,0.00014373090138678236,2,False,True,25,True
Water,39,20260809,82,1e-05,5,1.1098528159846463e-05,5,False,True,25,True
Water,39,20260809,82,1e-05,50,4.661017424239522e-06,6,True,False,25,True
Water,39,20260809,82,1e-12,2,0.00014373090138678236,2,False,True,25,True
Water,39,20260809,82,1e-12,5,1.1098528159846463e-05,5,False,True,25,True
Water,39,20260809,82,1e-12,50,0.0,25,True,False,25,True
Water,39,20260809,83,0.001,2,9.470850897310385e-05,1,True,False,26,True
Water,39,20260809,83,0.001,5,9.470850897310385e-05,1,True,False,26,True
Water,39,20260809,83,0.001,50,9.470850897310385e-05,1,True,False,26,True
Water,39,20260809,83,1e-05,2,4.45826705334807e-05,2,False,True,26,True
Water,39,20260809,83,1e-05,5,4.580452737586132e-06,5,True,False,26,True
Water,39,20260809,83,1e-05,50,4.580452737586132e-06,5,True,False,26,True
Water,39,20260809,83,1e-12,2,4.45826705334807e-05,2,False,True,26,True
Water,39,20260809,83,1e-12,5,4.580452737586132e-06,5,False,True,26,True
Water,39,20260809,83,1e-12,50,0.0,26,True,False,26,True
Water,39,20260809,84,0.001,2,0.0001510204690125439,1,True,False,22,True
Water,39,20260809,84,0.001,5,0.0001510204690125439,1,True,False,22,True
Water,39,20260809,84,0.001,50,0.0001510204690125439,1,True,False,22,True
Water,39,20260809,84,1e-05,2,5.89792375536634e-05,2,False,True,22,True
Water,39,20260809,84,1e-05,5,3.4274354050260734e-06,5,True,False,22,True
Water,39,20260809,84,1e-05,50,3.4274354050260734e-06,5,True,False,22,True
Water,39,20260809,84,1e-12,2,5.89792375536634e-05,2,False,True,22,True
Water,39,20260809,84,1e-12,5,3.4274354050260734e-06,5,False,True,22,True
Water,39,20260809,84,1e-12,50,0.0,22,True,False,22,True
Water,39,20260809,85,0.001,2,0.00021426303365175257,1,True,False,18,True
Water,39,20260809,85,0.001,5,0.00021426303365175257,1,True,False,18,True
Water,39,20260809,85,0.001,50,0.00021426303365175257,1,True,False,18,True
Water,39,20260809,85,1e-05,2,6.50995798829975e-05,2,False,True,18,True
Water,39,20260809,85,1e-05,5,1.769909405414842e-06,5,True,False,18,True
Water,39,20260809,85,1e-05,50,1.769909405414842e-06,5,True,False,18,True
Water,39,20260809,85,1e-12,2,6.50995798829975e-05,2,False,True,18,True
Water,39,20260809,85,1e-12,5,1.769909405414842e-06,5,False,True,18,True
Water,39,20260809,85,1e-12,50,0.0,18,True,False,18,True
Water,39,20260809,86,0.001,2,7.717916401101474e-05,1,True,False,23,True
Water,39,20260809,86,0.001,5,7.717916401101474e-05,1,True,False,23,True
Water,39,20260809,86,0.001,50,7.717916401101474e-05,1,True,False,23,True
Water,39,20260809,86,1e-05,2,3.3286992055151535e-05,2,False,True,23,True
Water,39,20260809,86,1e-05,5,6.167971825213556e-06,4,True,False,23,True
Water,39,20260809,86,1e-05,50,6.167971825213556e-06,4,True,False,23,True
Water,39,20260809,86,1e-12,2,3.3286992055151535e-05,2,False,True,23,True
Water,39,20260809,86,1e-12,5,2.6532361635573784e-06,5,False,True,23,True
Water,39,20260809,86,1e-12,50,0.0,23,True,False,23,True
Water,39,20260809,87,0.001,2,0.00011689097302499371,1,True,False,24,True
Water,39,20260809,87,0.001,5,0.00011689097302499371,1,True,False,24,True
Water,39,20260809,87,0.001,50,0.00011689097302499371,1,True,False,24,True
Water,39,20260809,87,1e-05,2,5.125627593960156e-05,2,False,True,24,True
Water,39,20260809,87,1e-05,5,4.282024795863286e-06,5,True,False,24,True
Water,39,20260809,87,1e-05,50,4.282024795863286e-06,5,True,False,24,True
Water,39,20260809,87,1e-12,2,5.125627593960156e-05,2,False,True,24,True
Water,39,20260809,87,1e-12,5,4.282024795863286e-06,5,False,True,24,True
Water,39,20260809,87,1e-12,50,0.0,24,True,False,24,True
Water,39,20260809,88,0.001,2,2.234560229185923e-05,1,True,False,24,True
Water,39,20260809,88,0.001,5,2.234560229185923e-05,1,True,False,24,True
Water,39,20260809,88,0.001,50,2.234560229185923e-05,1,True,False,24,True
Water,39,20260809,88,1e-05,2,1.0417275744832841e-05,2,False,True,24,True
Water,39,20260809,88,1e-05,5,4.854659229955605e-06,3,True,False,24,True
Water,39,20260809,88,1e-05,50,4.854659229955605e-06,3,True,False,24,True
Water,39,20260809,88,1e-12,2,1.0417275744832841e-05,2,False,True,24,True
Water,39,20260809,88,1e-12,5,1.0538477385609327e-06,5,False,True,24,True
Water,39,20260809,88,1e-12,50,0.0,24,True,False,24,True
Water,39,20260809,89,0.001,2,3.138997401690846e-05,1,True,False,21,True
Water,39,20260809,89,0.001,5,3.138997401690846e-05,1,True,False,21,True
Water,39,20260809,89,0.001,50,3.138997401690846e-05,1,True,False,21,True
Water,39,20260809,89,1e-05,2,1.249226222793772e-05,2,False,True,21,True
Water,39,20260809,89,1e-05,5,4.977547374400815e-06,3,True,False,21,True
Water,39,20260809,89,1e-05,50,4.977547374400815e-06,3,True,False,21,True
Water,39,20260809,89,1e-12,2,1.249226222793772e-05,2,False,True,21,True
Water,39,20260809,89,1e-12,5,7.911497699870961e-07,5,False,True,21,True
Water,39,20260809,89,1e-12,50,0.0,21,True,False,21,True
Water,39,20260809,90,0.001,2,0.0001456558449435902,1,True,False,22,True
Water,39,20260809,90,0.001,5,0.0001456558449435902,1,True,False,22,True
Water,39,20260809,90,0.001,50,0.0001456558449435902,1,True,False,22,True
Water,39,20260809,90,1e-05,2,5.695044278061613e-05,2,False,True,22,True
Water,39,20260809,90,1e-05,5,3.3543525547613887e-06,5,True,False,22,True
Water,39,20260809,90,1e-05,50,3.3543525547613887e-06,5,True,False,22,True
Water,39,20260809,90,1e-12,2,5.695044278061613e-05,2,False,True,22,True
Water,39,20260809,90,1e-12,5,3.3543525547613887e-06,5,False,True,22,True
Water,39,20260809,90,1e-12,50,0.0,22,True,False,22,True
Water,39,20260809,91,0.001,2,5.568389481267653e-05,1,True,False,31,True
Water,39,20260809,91,0.001,5,5.568389481267653e-05,1,True,False,31,True
Water,39,20260809,91,0.001,50,5.568389481267653e-05,1,True,False,31,True
Water,39,20260809,91,1e-05,2,3.087299859738159e-05,2,False,True,31,True
Water,39,20260809,91,1e-05,5,9.483834731874407e-06,4,True,False,31,True
Water,39,20260809,91,1e-05,50,9.483834731874407e-06,4,True,False,31,True
Water,39,20260809,91,1e-12,2,3.087299859738159e-05,2,False,True,31,True
Water,39,20260809,91,1e-12,5,5.2553469280470555e-06,5,False,True,31,True
Water,39,20260809,91,1e-12,50,0.0,31,True,False,31,True
Water,39,20260809,92,0.001,2,6.0237902610645744e-05,1,True,False,21,True
Water,39,20260809,92,0.001,5,6.0237902610645744e-05,1,True,False,21,True
Water,39,20260809,92,0.001,50,6.0237902610645744e-05,1,True,False,21,True
Water,39,20260809,92,1e-05,2,2.3195916888780704e-05,2,False,True,21,True
Water,39,20260809,92,1e-05,5,3.460380633239193e-06,4,True,False,21,True
Water,39,20260809,92,1e-05,50,3.460380633239193e-06,4,True,False,21,True
Water,39,20260809,92,1e-12,2,2.3195916888780704e-05,2,False,True,21,True
Water,39,20260809,92,1e-12,5,1.3376435778900429e-06,5,False,True,21,True
Water,39,20260809,92,1e-12,50,0.0,21,True,False,21,True
Water,39,20260809,93,0.001,2,6.554457846787304e-05,1,True,False,25,True
Water,39,20260809,93,0.001,5,6.554457846787304e-05,1,True,False,25,True
Water,39,20260809,93,0.001,50,6.554457846787304e-05,1,True,False,25,True
Water,39,20260809,93,1e-05,2,3.0130292060548216e-05,2,False,True,25,True
Water,39,20260809,93,1e-05,5,6.317037269138694e-06,4,True,False,25,True
Water,39,20260809,93,1e-05,50,6.317037269138694e-06,4,True,False,25,True
Water,39,20260809,93,1e-12,2,3.0130292060548216e-05,2,False,True,25,True
Water,39,20260809,93,1e-12,5,2.888207478047333e-06,5,False,True,25,True
Water,39,20260809,93,1e-12,50,0.0,25,True,False,25,True
Water,39,20260809,94,0.001,2,1.522964416874088e-05,1,True,False,18,True
Water,39,20260809,94,0.001,5,1.522964416874088e-05,1,True,False,18,True
Water,39,20260809,94,0.001,50,1.522964416874088e-05,1,True,False,18,True
Water,39,20260809,94,1e-05,2,5.324411142621898e-06,2,True,False,18,True
Water,39,20260809,94,1e-05,5,5.324411142621898e-06,2,True,False,18,True
Water,39,20260809,94,1e-05,50,5.324411142621898e-06,2,True,False,18,True
Water,39,20260809,94,1e-12,2,5.324411142621898e-06,2,False,True,18,True
Water,39,20260809,94,1e-12,5,2.2711532339352061e-07,5,False,True,18,True
Water,39,20260809,94,1e-12,50,0.0,18,True,False,18,True
Water,39,20260809,95,0.001,2,0.00018915147403526835,1,True,False,19,True
Water,39,20260809,95,0.001,5,0.00018915147403526835,1,True,False,19,True
Water,39,20260809,95,0.001,50,0.00018915147403526835,1,True,False,19,True
Water,39,20260809,95,1e-05,2,6.129214036807665e-05,2,False,True,19,True
Water,39,20260809,95,1e-05,5,1.9687818465522813e-06,5,True,False,19,True
Water,39,20260809,95,1e-05,50,1.9687818465522813e-06,5,True,False,19,True
Water,39,20260809,95,1e-12,2,6.129214036807665e-05,2,False,True,19,True
Water,39,20260809,95,1e-12,5,1.9687818465522813e-06,5,False,True,19,True
Water,39,20260809,95,1e-12,50,0.0,19,True,False,19,True
Water,39,20260809,96,0.001,2,0.00023506258839552487,1,True,False,21,True
Water,39,20260809,96,0.001,5,0.00023506258839552487,1,True,False,21,True
Water,39,20260809,96,0.001,50,0.00023506258839552487,1,True,False,21,True
Water,39,20260809,96,1e-05,2,8.796942519843778e-05,2,False,True,21,True
Water,39,20260809,96,1e-05,5,4.361150906258056e-06,5,True,False,21,True
Water,39,20260809,96,1e-05,50,4.361150906258056e-06,5,True,False,21,True
Water,39,20260809,96,1e-12,2,8.796942519843778e-05,2,False,True,21,True
Water,39,20260809,96,1e-12,5,4.361150906258056e-06,5,False,True,21,True
Water,39,20260809,96,1e-12,50,0.0,21,True,False,21,True
Water,39,20260809,97,0.001,2,8.546107092662323e-06,1,True,False,22,True
Water,39,20260809,97,0.001,5,8.546107092662323e-06,1,True,False,22,True
Water,39,20260809,97,0.001,50,8.546107092662323e-06,1,True,False,22,True
Water,39,20260809,97,1e-05,2,3.876075486113117e-06,2,True,False,22,True
Water,39,20260809,97,1e-05,5,3.876075486113117e-06,2,True,False,22,True
Water,39,20260809,97,1e-05,50,3.876075486113117e-06,2,True,False,22,True
Water,39,20260809,97,1e-12,2,3.876075486113117e-06,2,False,True,22,True
Water,39,20260809,97,1e-12,5,3.6179291818791856e-07,5,False,True,22,True
Water,39,20260809,97,1e-12,50,0.0,22,True,False,22,True
Water,39,20260809,98,0.001,2,6.22298356592584e-07,1,True,False,15,True
Water,39,20260809,98,0.001,5,6.22298356592584e-07,1,True,False,15,True
Water,39,20260809,98,0.001,50,6.22298356592584e-07,1,True,False,15,True
Water,39,20260809,98,1e-05,2,6.22298356592584e-07,1,True,False,15,True
Water,39,20260809,98,1e-05,5,6.22298356592584e-07,1,True,False,15,True
Water,39,20260809,98,1e-05,50,6.22298356592584e-07,1,True,False,15,True
Water,39,20260809,98,1e-12,2,2.2766404067565998e-07,2,False,True,15,True
Water,39,20260809,98,1e-12,5,1.1148017221269312e-08,5,False,True,15,True
Water,39,20260809,98,1e-12,50,0.0,15,True,False,15,True
Water,39,20260809,99,0.001,2,0.00015137658481972444,1,True,False,23,True
Water,39,20260809,99,0.001,5,0.00015137658481972444,1,True,False,23,True
Water,39,20260809,99,0.001,50,0.00015137658481972444,1,True,False,23,True
Water,39,20260809,99,1e-05,2,6.209024419365653e-05,2,False,True,23,True
Water,39,20260809,99,1e-05,5,4.2435614249827795e-06,5,True,False,23,True
Water,39,20260809,99,1e-05,50,4.2435614249827795e-06,5,True,False,23,True
Water,39,20260809,99,1e-12,2,6.209024419365653e-05,2,False,True,23,True
Water,39,20260809,99,1e-12,5,4.2435614249827795e-06,5,False,True,23,True
Water,39,20260809,99,1e-12,50,0.0,23,True,False,23,True
Water,39,20260809,100,0.001,2,0.00020190984964327913,1,True,False,30,True
Water,39,20260809,100,0.001,5,0.00020190984964327913,1,True,False,30,True
Water,39,20260809,100,0.001,50,0.00020190984964327913,1,True,False,30,True
Water,39,20260809,100,1e-05,2,0.00010538630536740512,2,False,True,30,True
Water,39,20260809,100,1e-05,5,1.425287820311938e-05,5,False,True,30,True
Water,39,20260809,100,1e-05,50,7.269818062037804e-06,6,True,False,30,True
Water,39,20260809,100,1e-12,2,0.00010538630536740512,2,False,True,30,True
Water,39,20260809,100,1e-12,5,1.425287820311938e-05,5,False,True,30,True
Water,39,20260809,100,1e-12,50,0.0,30,True,False,30,True
