protocol,n,run,audit_mode,phase,tx_index,latency_ms,ledger_bytes,gas_used,block_number,status,tx_hash
IRPP-TD,0,0,setup,register_auditor,0,492.809842,56,9820,376,0,0x65665a962e86e960ac9f12dcfcfd2b54ba47c807d551e723aa018a5b7cdd89a5
IRPP-TD,0,0,setup,register_auditor,1,494.223782,56,9820,377,0,0xf4315260f3213a51e50f8c520b028840ff83bfc0c8dc082a5dbc0b5e17b8ea5a
IRPP-TD,0,0,setup,register_auditor,2,498.093551,56,9820,378,0,0xf0430bb2e5fa04a761fe6ffffdf963b3fdbdf6e32f971e5bf1b695a4e4324c4a
IRPP-TD,0,0,setup,register_auditor,3,506.864459,56,9820,379,0,0xc5741b8d2e155dc447fe759093b7c86faa491282664ae43be279a01172039213
IRPP-TD,0,0,setup,register_auditor,4,491.822011,56,9820,380,0,0x1fbfbc5762ffc705fc81b525f896b92e60f56687fc2debf1dd28b84af22439b0
BSIF,0,0,setup,register_worker,0,485.354620,88,7485,381,0,0x12ebcbf4d934c898a148ea97029cff55c13b1f97b13a32afaca13d2a8cb81648
RPPS-TDC,0,0,setup,register_worker,0,499.082174,88,7485,382,0,0x004f0527996cb02c080e7c2e2a91988bada00d808ccf00d5ee2b916323464b87
BSIF,0,0,setup,register_worker,1,514.896238,88,7485,383,0,0x802907dd1d14a79f52a0260de631623343ddcbc9baefdcbec7e490f669753f4b
RPPS-TDC,0,0,setup,register_worker,1,486.250618,88,7485,384,0,0x0ba2bf8fc8d844d6e0ab3273369e3e46920d5ebb6d1abf095eedca9362cc5298
BSIF,0,0,setup,register_worker,2,498.487334,88,7485,385,0,0x155030e5f48e9533010e843476f170ec5887f3820330373021d1176668c66fea
RPPS-TDC,0,0,setup,register_worker,2,501.533318,88,7485,386,0,0x05ce6d167f948d141cfa9a7b1902347ab3e36425aaab36882c4c0776d14310be
BSIF,0,0,setup,register_worker,3,499.273909,88,7485,387,0,0x47e7b97e3f00ffae7e8957eb41c6cb41f3c633e3cb296e9d1bea8d94e46f00de
RPPS-TDC,0,0,setup,register_worker,3,500.778636,88,7485,388,0,0x6cb181b47f6759806baf9fbe49d988f77a22f5b14a5406fa852c6721147aac17
BSIF,0,0,setup,register_worker,4,549.541905,88,7485,389,0,0x65689fd39502223664020a9b3319e8bb006fd55f66a019a33ddc0a7ce1f1de0f
RPPS-TDC,0,0,setup,register_worker,4,454.661440,88,7485,390,0,0x22f6c513e9fcdd271f61a11ebc3e5cf22efe68023923485f03ddc270b86b81ee
BSIF,0,0,setup,register_worker,5,502.742910,88,7485,391,0,0x6724785c269321005533ef299b44ff6156341e9f7e083c0c57e274913789f6c2
RPPS-TDC,0,0,setup,register_worker,5,498.216696,88,7485,392,0,0x2efbdffd29f73249d4e7d5209baa09751a4d57600b903b9357d982928daaa586
BSIF,0,0,setup,register_worker,6,544.970231,88,7485,393,0,0x467a758d23f1fda58afe4e6304e7f2126a4306afac11b40e42f549180c92ac84
RPPS-TDC,0,0,setup,register_worker,6,501.101266,88,7485,394,0,0x7723373a0b8844b9e338f5b87f9eb49cb255cecd6a9070c5dd5787ea77e10165
BSIF,0,0,setup,register_worker,7,501.213162,88,7485,395,0,0x9266dc13ac8d3119ca5ff6915c96cb8e070d332e5b6b0c24b759e76892049c4e
RPPS-TDC,0,0,setup,register_worker,7,501.354539,88,7485,396,0,0xd615d7f521e638868a21e51948197db0a8b8ba734d796c0e2385f86296eaebaa
BSIF,0,0,setup,register_worker,8,502.070364,88,7485,397,0,0x8c25a51dd57b382644258c74977947bc81e017223498031ba695162f11fe4718
RPPS-TDC,0,0,setup,register_worker,8,502.809902,88,7485,398,0,0x1f25aa4903d4a7b1300d2d6d70154432404a067b8a4698d22ec37e3e0b96ebbb
BSIF,0,0,setup,register_worker,9,539.927957,88,7485,399,0,0x70c4dbf5967fb246bb21ddf9022c4f8ca55a9e865b3628d235cc80495ca3d405
RPPS-TDC,0,0,setup,register_worker,9,503.475314,88,7485,400,0,0x2453c1053befc596be098bd231df92b561c51b2250cfd4926623d3bb59203b44
BSIF,0,0,setup,register_worker,10,500.836381,88,7485,401,0,0x17b8d8744166ff02eaa9d2881d445e1ba490dbdd4286c7b0396aa53629526086
RPPS-TDC,0,0,setup,register_worker,10,498.596950,88,7485,402,0,0x9657ce2cc9bfded8a97324d9d89355ddb2627fa8cf688e60b44f186bd663817c
BSIF,0,0,setup,register_worker,11,535.614284,88,7485,403,0,0xda8c0f5621b0ce2f588b4d6c6fc7cc8ea27dd6a32cb70eb2a1d2f6d8b94416c3
RPPS-TDC,0,0,setup,register_worker,11,464.438692,88,7485,404,0,0x092074e856df47bab81510f379050d2ed5b4ac16b4d9376725f7faefd5ebe295
BSIF,0,0,setup,register_worker,12,500.532196,88,7485,405,0,0xebd7510a313c4055bf5dbc3604c783f83bda15cc882ee3de642bd4e6de5069f4
RPPS-TDC,0,0,setup,register_worker,12,500.442737,88,7485,406,0,0xfe2efe0d6c3abfb62314caf8f829636743260e4d8d670806d093f5b52693b296
BSIF,0,0,setup,register_worker,13,501.221103,88,7485,407,0,0xc136cc37343c49a407a6a6eae4e4a9c27bb8ea4c979b8bbb51a77df1a3858377
RPPS-TDC,0,0,setup,register_worker,13,501.420298,88,7485,408,0,0xb3a4cebdd70f0e96439e18ddc330c590ea97304e25d4de9917e9bcaf3266aac9
BSIF,0,0,setup,register_worker,14,501.603461,88,7485,409,0,0x23edad3afe73e194d8335c57577491cf9917455cda452e5bda1eff24ba378fff
RPPS-TDC,0,0,setup,register_worker,14,501.174835,88,7485,410,0,0x9f73ea884e55467773f339dd04885d5d80a74f9cd67cc5e2cdfdffb881e57bf8
BSIF,0,0,setup,register_worker,15,501.843088,88,7485,411,0,0x908ab61f891d5902a700ed36e6da3b7bafbe4e9ff2e9c7ae3e1e6c1b74573685
RPPS-TDC,0,0,setup,register_worker,15,502.036067,88,7485,412,0,0x3b3e859a93d27f90752ec3d68c9c488340dcbf29317d46cefa8a471dfa19af25
BSIF,0,0,setup,register_worker,16,536.582979,88,7485,413,0,0xdc6f047c6190d9d2a21c123f8407fa27c2bea7e559a3ae5df46917019f576d5d
RPPS-TDC,0,0,setup,register_worker,16,464.725999,88,7485,414,0,0xcbdb66f978bb25331d6aab4519e260fda8e888f338bec5d7b0b392f6f7ca4aab
BSIF,0,0,setup,register_worker,17,499.983601,88,7485,415,0,0xcd8307658ab3213e61f3bd28e3ca0e401a100dc187a0ac6206d559097693d542
RPPS-TDC,0,0,setup,register_worker,17,501.252756,88,7485,416,0,0x772b7b478f90dafded6f2e15409770440f4cf37329dfd19c108185381338c9dc
BSIF,0,0,setup,register_worker,18,501.049303,88,7485,417,0,0x1685fbd9562b2e7be97806c061734514bc91a080382d7ca88fedb53eaecd6dd4
RPPS-TDC,0,0,setup,register_worker,18,503.670740,88,7485,418,0,0xf8fadce21c6ceb2eec209167386d8fccedcf1809e10cf433eb4707842ad500c3
BSIF,0,0,setup,register_worker,19,499.313110,88,7485,419,0,0x6819c6b049a99050cc06c6528625612c03657ecb11e8d3f8c67e8844686eec1f
RPPS-TDC,0,0,setup,register_worker,19,503.475725,88,7485,420,0,0xdac61c57f39334fd2355704cf47441aa826432bc44f9d9d75c03aec606a092c3
BSIF,0,0,setup,register_worker,20,498.699389,88,7485,421,0,0xf576b52192a752d3bd406143a5310682e44fe902d6ae9167438d7a1ac5eb7b63
RPPS-TDC,0,0,setup,register_worker,20,502.131990,88,7485,422,0,0xa5dff551beb5a71ba69d9db10b33ab00c4e6750774cc8f780c1e11202ddc2ff0
BSIF,0,0,setup,register_worker,21,535.241085,88,7485,423,0,0x4e56185d948106cf22eb8daf4147aed4f3a6bacca12c7f505946846167dd632b
RPPS-TDC,0,0,setup,register_worker,21,466.271987,88,7485,424,0,0x3f99518d0d43107aabbd53db26b4907710a98b0fd4c7d56048ae02882639c520
BSIF,0,0,setup,register_worker,22,500.538669,88,7485,425,0,0xada212253e8d3ccbfad01553b44b9d5e0396ca5f4fa3e047401c178c45f13698
RPPS-TDC,0,0,setup,register_worker,22,501.050161,88,7485,426,0,0xc98254fe332af148fad09f71a4073ab316372d6cfc7f52f269a62cc6bb2f7ff9
BSIF,0,0,setup,register_worker,23,501.718855,88,7485,427,0,0x89e86770988dba624bb2b2b96f232fd43e22bc3d5a49cedb60a572e36125f123
RPPS-TDC,0,0,setup,register_worker,23,499.622562,88,7485,428,0,0x6c424b0fc70440f96e819f2c3c3ea105acfa4e60bcaf48baa649d8c16dbddf3f
BSIF,0,0,setup,register_worker,24,503.579801,88,7485,429,0,0xffd94b466ca2853062a61c9fde4acc9eb641256589c2c7bfa4034c78b2136b13
RPPS-TDC,0,0,setup,register_worker,24,499.263171,88,7485,430,0,0x730e9eaec78b2727eb9ad6721815fcc30a591da8e018180abf056b36a875710c
BSIF,0,0,setup,register_worker,25,503.956449,88,7485,431,0,0x321054a574e41d96ed6c1bf79215b41ab7f66ec32e4525ed9e6f6b06d1a32d00
RPPS-TDC,0,0,setup,register_worker,25,542.458381,88,7485,432,0,0x2f927f148dd06352834025f0e423ddba789049b1cae2c029e1c1c38eab54cd19
BSIF,0,0,setup,register_worker,26,517.601062,88,7485,433,0,0x687c0c6f5b59e43ba6f8f039f7a633b99d37c7ffed8d472cba47298888dd8e66
RPPS-TDC,0,0,setup,register_worker,26,614.128171,88,7485,434,0,0xbd4f105b0fdf06ce231387987a0a24acb3d8c2f6d9a25181be98c61ba362a730
BSIF,0,0,setup,register_worker,27,372.077613,88,7485,435,0,0x94fbb4c31747dc2ee6c620b75919ff2d4d1f7a509a42dcdfe47bfa370049538b
RPPS-TDC,0,0,setup,register_worker,27,503.641900,88,7485,436,0,0xe73f961723e36c5735a1c988e63a85c08e33ff924409d3462eb96e181d3f19c3
BSIF,0,0,setup,register_worker,28,501.616998,88,7485,437,0,0xc13432405eae39d8d60ae9100ed8e33b860d52f3a94c9e2641b725b8694c9a7d
RPPS-TDC,0,0,setup,register_worker,28,547.830065,88,7485,438,0,0x4f0247462f2a041548475681c11be400f644ee88aba4ce4f1f90f1d7db18b587
BSIF,0,0,setup,register_worker,29,499.003956,88,7485,439,0,0x6f57daa8629b3ba6fc8f646b4478734ff904b7cc7c488a6850f29c0c57e51949
RPPS-TDC,0,0,setup,register_worker,29,504.550688,88,7485,440,0,0x20ac4831a4e4a66b60b5d25c9d4d0dffff60e329ed74fb4832001372778f4d34
BSIF,0,0,setup,register_worker,30,499.369916,88,7485,441,0,0x0bf6a63ab2be2ac535ee0c6bf508c9b86fff4b2589c1fef65d9b7bc8f8ef33b7
RPPS-TDC,0,0,setup,register_worker,30,500.899625,88,7485,442,0,0x6b86a1b3cbdfcc4c2d27cdd36e23183084e43d25b66461522569b4cbf641eff8
BSIF,0,0,setup,register_worker,31,515.620429,88,7485,443,0,0xc36a56f8280972d3dce62e84750a502a167cf2216f2cec343a653b37929f5eb4
RPPS-TDC,0,0,setup,register_worker,31,488.367728,88,7485,444,0,0x115faa6896d0fbdeec6d0ebe7a3ceb591ab278b7d5d5e770892f85158d24cf49
BSIF,0,0,setup,register_worker,32,500.852159,88,7485,445,0,0xa9927f490b2143c9b5a90d58a31bf2900a4da275d121cda6725c469cb25c4c99
RPPS-TDC,0,0,setup,register_worker,32,504.386631,88,7485,446,0,0xff520e76ad24e7d55abdf116816b002527e7d2b24536de11a9f71f202e49dabf
BSIF,0,0,setup,register_worker,33,500.570166,88,7485,447,0,0xe75b23795ad8f12fedf14aecead00074f4e9b028414c5c66e902b7205fb9ca2e
RPPS-TDC,0,0,setup,register_worker,33,501.191787,88,7485,448,0,0xd9b102e66b6c5f1a65afca2a3ba2f2c1d67305551cd6a5544ebadd15e71bf0c0
BSIF,0,0,setup,register_worker,34,501.670454,88,7485,449,0,0xcbe165ebf6a66375acf218aed53e35d11074454f729ec66c52146c3db17e3b72
RPPS-TDC,0,0,setup,register_worker,34,498.608610,88,7485,450,0,0x3663d65ef64b3856651019b8449a4ca0f052b166b4f8220aed6e9ae6bd7ed505
BSIF,0,0,setup,register_worker,35,502.310141,88,7485,451,0,0x9af8d75c3bf696e5429daf45c5033d9ebda2c3e51890eba6d398dbf010239f31
RPPS-TDC,0,0,setup,register_worker,35,502.714264,88,7485,452,0,0x16e908689af2d4da56136083148def2f037d9371b7192f3923a7892766b08b55
BSIF,0,0,setup,register_worker,36,500.365423,88,7485,453,0,0x82f3b1681a5f7eb1ddf07769a14434e911e1d0a1ccff81553c57fd41aad20bfb
RPPS-TDC,0,0,setup,register_worker,36,500.475821,88,7485,454,0,0xe2e647cc6fb0074fc6a5672d18a3e7999ed03f015b5a73e1cd81ae748db0996e
BSIF,0,0,setup,register_worker,37,500.713244,88,7485,455,0,0x8b2dbd79283b6bc0e584eda4e2f969a2d11d899241c5c4c95de9545f8a17d7ff
RPPS-TDC,0,0,setup,register_worker,37,502.599895,88,7485,456,0,0xdc01d9fad32fd1b87e4c2b986e4f5168102dd907227f373b46d5e3a4d2619c15
BSIF,0,0,setup,register_worker,38,500.672971,88,7485,457,0,0x1516ddf841028dece549cea6bdbf8554144026d0d5108eeb5a227fab57575305
RPPS-TDC,0,0,setup,register_worker,38,499.672481,88,7485,458,0,0x15098038b792c7581b311d077d5e683a006fd49840a1234d7d75f2abb0e51859
BSIF,0,0,setup,register_worker,39,499.816892,88,7485,459,0,0xb5afef781c5e2263644fd736c8c8b1e98b7024d2707857a4f16f18ff3d1faeaf
RPPS-TDC,0,0,setup,register_worker,39,500.550069,88,7485,460,0,0x5e946b92dea8944d9adbb317b11a10e0ff1eb80c1c7f7a24b72f015c3cec0269
BSIF,0,0,setup,register_worker,40,500.750963,88,7485,461,0,0xc1f5022bdca85717a1c023b36953abf613d2293bcbfc392c50c47a0a943b0803
RPPS-TDC,0,0,setup,register_worker,40,503.941518,88,7485,462,0,0x74723c34762fc38ea25e31182aa1af4be734bdd029b2d4d5cf092692be4e702f
BSIF,0,0,setup,register_worker,41,536.094368,88,7485,463,0,0xd2a1a42a53f9df56320489f00c38a84d86811cf86d3a740a40f9c2bb63c8fb16
RPPS-TDC,0,0,setup,register_worker,41,466.115220,88,7485,464,0,0xd9f68266fced10bfbe912d8bab0fb924f5598913399ff50f575234916658741a
BSIF,0,0,setup,register_worker,42,502.730484,88,7485,465,0,0x733db122f42192c0a3a108148b494141509e61f8ca469d6bac4a693f9f075ae4
RPPS-TDC,0,0,setup,register_worker,42,499.864054,88,7485,466,0,0xed4decb173ac56a0639787eb761d9a92ce55f7284d527f10fef95cd986b2b0ad
BSIF,0,0,setup,register_worker,43,501.789672,88,7485,467,0,0xcf944eac69c54c61fe2cc48a13b7a42279bc8753d40b9b0d5e8448b3ae2ad5ee
RPPS-TDC,0,0,setup,register_worker,43,501.784132,88,7485,468,0,0xa9ec06f18292728272685cb53f17313d3642f396969d773c652aa90a16d1cd05
BSIF,0,0,setup,register_worker,44,502.636149,88,7485,469,0,0x9c439e95b520fac21225396dd599590301b42029dcf8404f307a4c76f6567aaa
RPPS-TDC,0,0,setup,register_worker,44,504.650998,88,7485,470,0,0x53cdcbcaa2b4ce9d342c8753287a7d8d8c998460116c59e3df63c974b27ad778
BSIF,0,0,setup,register_worker,45,579.749690,88,7485,471,0,0x75b488d63685d995587a191c51543ff1d0f6e5f5c324c07ece5b64d477bd37e2
RPPS-TDC,0,0,setup,register_worker,45,502.682470,88,7485,472,0,0xea7762bf2fc7d3e3ffbc3f53da053c11e9cdc7fae177d298c438773933ea5954
BSIF,0,0,setup,register_worker,46,503.007068,88,7485,473,0,0xdf832a1367c5592628400a2356fb407a103b65eaae289046c389a1465c9520c2
RPPS-TDC,0,0,setup,register_worker,46,505.860190,88,7485,474,0,0x04e381cbc9435c1c8a98ef2b5c9e7a882aaaec16a3e5371f3ddd2dc2cd7174a3
BSIF,0,0,setup,register_worker,47,501.595678,88,7485,475,0,0xbfb550c93f76c3891d45a7db4bbe8724c5787be5fb2edebcbd3f076e82d8b140
RPPS-TDC,0,0,setup,register_worker,47,502.948443,88,7485,476,0,0x9c201fde19a3b55bdad61a790c0d2587bf33df7ff4f96cf1cda96314bb009c43
BSIF,0,0,setup,register_worker,48,498.283348,88,7485,477,0,0xe9355f3ff01cc445b5cb75a326fa19c39732ce2cf8cfa229a74f93ae0e6bdc6c
RPPS-TDC,0,0,setup,register_worker,48,500.406911,88,7485,478,0,0x5ef11c86556d68d5318afdd27138bf2ada6ce0f1fa8de10226d3632450a2392c
BSIF,0,0,setup,register_worker,49,500.707727,88,7485,479,0,0x1ada44db59b1e337f605d3e53e5a8c65735dd350f25d7a4dcd930a26e7f03b5b
RPPS-TDC,0,0,setup,register_worker,49,503.965339,88,7485,480,0,0x0889d269679ccea79f4e661aa93fc8355f758a69146c5d604b537be354f945c0
IRPP-TD,3,-1,normal,publish,0,489.406590,289,16530,481,0,0x5454fffcba5128b07289003c9276226951ddb982a9b4ccc5aec04e1b6f4aaec2
IRPP-TD,3,-1,normal,credential_refresh,1,467.480160,289,28384,482,0,0xb9b476948fcafa42dd9d0830935989ee0e0459f4f7b9de30366ab1b60854ca74
IRPP-TD,3,-1,normal,credential_refresh,2,537.294705,289,28384,483,0,0x0657bbaa0ff1553400cbd206b1fa5c459ca997fd86cee7ff95225fb8bb3bcac1
IRPP-TD,3,-1,normal,credential_refresh,3,467.199655,289,28384,484,0,0x2004766cf2ed2f484688685e87f7d2b80d621f0d56207c1aa1df2504b06faea6
IRPP-TD,3,-1,normal,input_close,4,500.032126,289,18625,485,0,0xda58ac9f5ab434ba36aeceb0ec0ce3abaeacae5e9f3b93fa10ea0df0ada77be9
IRPP-TD,3,-1,normal,output_commit,5,499.413536,353,26849,486,0,0x7f79cb6e6bb9d61f0c1628660efe063da06474e642d526be2dda90fc763b31b5
IRPP-TD,3,-1,normal,settle,6,499.963497,225,13383,487,0,0xee80b435fcc61ee276d6ec2d19c270afd501a0212491973b91025c562b64f4b7
BSIF,3,-1,normal,publish,0,493.857232,609,76767,488,0,0x77229317586baa438b1d0cb6ff96c9264cf6a71f347a9acc2a0e06b6b4000b67
BSIF,3,-1,normal,encrypted_upload,1,499.395657,7651,1185200,489,0,0x360c55e1d2560e7781a97c67f5f16f26326b4a79ac59304a063aca79fb256a99
BSIF,3,-1,normal,encrypted_upload,2,502.134559,7651,1185200,490,0,0xa92e173b6e5456fc19e859e50909f5d3c8a73ba97163b086bd86930e1e58a1a1
BSIF,3,-1,normal,encrypted_upload,3,499.683245,7651,1185200,491,0,0x7cfc923c64e2a44cd21d621e171fe94d2a338c27af1d929807c3a814357f5f88
BSIF,3,-1,normal,quality_report,4,502.082212,225,18236,492,0,0xaa52929d085c9929ac904dcf89abbcad8990b41be90e8b6199c9a6f73a44436f
BSIF,3,-1,normal,reputation_update,5,535.631931,88,7486,493,0,0x9e451a8aac45e22ed3c3cd45244bdbce95902f5f6c7e34fd829472cd050599c7
BSIF,3,-1,normal,reputation_update,6,467.659063,88,7486,494,0,0xf1ce0c68ddfb261413d9d806896f47e14071e595cdc61f3c26c4feb883116275
BSIF,3,-1,normal,reputation_update,7,500.974769,88,7486,495,0,0x35ac6a44e481ac88e71f91210f5ae59ff5f68f714baf617dbc8da801c6b0da25
BSIF,3,-1,normal,settle,8,503.250169,225,11065,496,0,0xc5ef682d9345bd8cd96ef4891aa4b1560f87b2ced218f869fcab32c51638f2d1
RPPS-TDC,3,-1,normal,publish,0,496.096215,609,76767,497,0,0x782d58d8f8d913d83b152b4c5abe4b8201d61b11b212db27de8a25459990b348
RPPS-TDC,3,-1,normal,encrypted_upload,1,502.079897,7235,1119312,498,0,0x86560d6098bd668f130f934f4be87519a93eed52dab9406dbdbcd6009e0507cd
RPPS-TDC,3,-1,normal,encrypted_upload,2,501.110338,7235,1119312,499,0,0x34100c033983d37c21e311cf5d62c796ebe2c11c5564a2118e5dc2e4e8c3f55c
RPPS-TDC,3,-1,normal,encrypted_upload,3,501.374435,7235,1119312,500,0,0x1034dfa380f687320058721212c2c74802363bb7919ff703303a8f48bb919cd5
RPPS-TDC,3,-1,normal,trust_update,4,501.083797,225,11089,501,0,0xe9c7d7eb11a7148c24a9c50642a04e9fa8ba5caa332dc1fc7fb1ff21c36b203f
RPPS-TDC,3,-1,normal,selection,5,499.633269,225,16125,502,0,0x0eee8d759c2b0180275385828cc5c54d1c499dc609f1eb826c2dde410217d56d
RPPS-TDC,3,-1,normal,result,6,516.641840,225,16102,503,0,0x344ccd5300f984a9a5fff1f9bd7f6427b9f86007cb75d5fcf0ded09214296a4e
RPPS-TDC,3,-1,normal,reputation_update,7,610.185296,88,7486,504,0,0xfb498606b70174323fad7a45f4f7e6c927f59f860bcef2f1652a0455e98700b5
RPPS-TDC,3,-1,normal,reputation_update,8,376.472784,88,7486,505,0,0x0c115107862415517ad3cc5b5b50f181ad4d1cfa9d0b94994bb22559beef8af6
RPPS-TDC,3,-1,normal,reputation_update,9,500.605891,88,7486,506,0,0x5964c7102befd85599d15b5d57a4429a26780b3041b4ee37488a05a2103a48c7
RPPS-TDC,3,-1,normal,settle,10,499.117534,225,11065,507,0,0x0203909cdf3f51e199653fcb52dae3ace29eaa9ff2c0aa015f75807c046b3fec
IRPP-TD,3,-2,normal,publish,0,499.602265,289,16530,508,0,0xa8d3c94649e839f0cc75d3488a55b56d0c0ddd5c2ad7ed746fcfaf18730a722f
IRPP-TD,3,-2,normal,credential_refresh,1,503.591872,289,28384,509,0,0xe90e909e1e327afa90d9a0abc803618ab8c515df4ba472a063acc09322376e84
IRPP-TD,3,-2,normal,credential_refresh,2,500.606988,289,28384,510,0,0xbe9febb7fcc8127b99c430d61f81dcb5d6991721f5e977b73ced46bd32a72d7c
IRPP-TD,3,-2,normal,credential_refresh,3,500.510503,289,28384,511,0,0xd00ecc932cd0ad1a1145a82a699ebe28b53380ccabbcb50feebf633c581b1f34
IRPP-TD,3,-2,normal,input_close,4,502.472457,289,18625,512,0,0xde7ee6d956d62e877f526826cc24a3e267b54f8dbf1dea4c64ce1e627d9146d3
IRPP-TD,3,-2,normal,output_commit,5,500.311531,353,26849,513,0,0x683b6e29f189ca8b265d3aee351ddc1de339ef3442e4c227d37b5f2df2f56e41
IRPP-TD,3,-2,normal,settle,6,500.203874,225,13383,514,0,0x62cddbeea29d93a16cd35a2ae99d6dad6642b9025b574b624021ab0dc325710c
BSIF,3,-2,normal,publish,0,498.778973,609,76767,515,0,0x84b7708ba53a454924b38ea1b67d929a25680693fa77cb1257c6e4a978fdf08a
BSIF,3,-2,normal,encrypted_upload,1,500.252256,7651,1185200,516,0,0xee6a80fff8e96530256a86a3ab41d1bc0d0f7fb409fabfc1025da29a5cf7868b
BSIF,3,-2,normal,encrypted_upload,2,501.279603,7651,1185200,517,0,0x3bc830c5a101d19c25020a2db220fc5df14c61ba60d54a4924883a35da536054
BSIF,3,-2,normal,encrypted_upload,3,501.883520,7651,1185200,518,0,0x73bbaf775736e897f59cee2ad6fcd855787afb3d677949fe1a07fdd5a0e66e83
BSIF,3,-2,normal,quality_report,4,500.007030,225,18236,519,0,0x055380f57fb0cb5cde3a0697911bbb3a52b36cf292ade568236a6b52aabfcc68
BSIF,3,-2,normal,reputation_update,5,544.394839,88,7486,520,0,0x40d24d0435009a1d0143aec297b99ca075391741c152375195434d56be08093b
BSIF,3,-2,normal,reputation_update,6,502.829323,88,7486,521,0,0x2c697584ffef338f4a0017f1f21247afb737cbcdd3da04cee31851c610568150
BSIF,3,-2,normal,reputation_update,7,532.556186,88,7486,522,0,0xe5246d7e4dd65fa1968fdfd51c81b62ed353ced72e82791a383651d13463cb3f
BSIF,3,-2,normal,settle,8,517.610132,225,11065,523,0,0xf5c92cc18fa30731d17dc8caaf08b73aab41e46227b67748e0adde3192d32c8e
RPPS-TDC,3,-2,normal,publish,0,482.758756,609,76767,524,0,0xb3f6f0852c91f7482bb7324bb51deacf750e8c743d417451e47cebef44809735
RPPS-TDC,3,-2,normal,encrypted_upload,1,501.122249,7235,1119312,525,0,0x78a5bc6dc0beda5a1649c5275b6d1604797bfb9fa8127f5b14f8153616c3d0d1
RPPS-TDC,3,-2,normal,encrypted_upload,2,501.472526,7235,1119312,526,0,0xd7ec8be5b0fbb4064abc41a268f936b5b7706f887871b0765b8053550b12400c
RPPS-TDC,3,-2,normal,encrypted_upload,3,500.779686,7235,1119312,527,0,0x9370a79603c5a6a5f5897328b5256e0eebad485fd2f4698bdeb68c3d074edee7
RPPS-TDC,3,-2,normal,trust_update,4,502.116870,225,11089,528,0,0x9ece09d8296c52f3674bcc75f86910cb9cf5aaf7567d53d681947f712f33357a
RPPS-TDC,3,-2,normal,selection,5,499.852902,225,16125,529,0,0x46abd01f87572996feebfb711962616c0d9cb82b86366f34ee19200a67f40fc5
RPPS-TDC,3,-2,normal,result,6,501.099178,225,16102,530,0,0x20e2be2700f8e7bd4e83eaf7ac11257381771907efe3596d68bab873d403a2f8
RPPS-TDC,3,-2,normal,reputation_update,7,504.516614,88,7486,531,0,0x81cf741325d564998c0bf2be3384a7616a4a4dd52566265771c3ccc4f4849cd6
RPPS-TDC,3,-2,normal,reputation_update,8,497.668843,88,7486,532,0,0xf0b1c312264d933f87e12ca76636b9ad50dc8e7c89a43eada184ab63a75320ac
RPPS-TDC,3,-2,normal,reputation_update,9,535.623387,88,7486,533,0,0xec512467a1c7c2d7ff6f961dcc87a0987dd8d9d1ec844ca2ab269cb15fdb8c6e
RPPS-TDC,3,-2,normal,settle,10,466.290166,225,11065,534,0,0xdfe5e215fe21d7c6b4445561c01712c657a666bb7ecb644447de726f407471b0
IRPP-TD,3,-3,normal,publish,0,500.052800,289,16530,535,0,0x2b9112d1655f6a4cad7a986f398cbdb53c479f923f2695fb6eb5d1c6de9a63b0
IRPP-TD,3,-3,normal,credential_refresh,1,503.439893,289,28384,536,0,0xd929b6caf2082f48cb77a211836724d8f24132275327cfe9780b2e8b7597dc7e
IRPP-TD,3,-3,normal,credential_refresh,2,501.995022,289,28384,537,0,0x346bd52d63d48ed20f8f4eaf85fd98d9b816f125d39f64fd7995b158137a0673
IRPP-TD,3,-3,normal,credential_refresh,3,499.871527,289,28384,538,0,0x83290f0a7787dead22aa940d751a89d755f73f97e0d820799b7b962470513707
IRPP-TD,3,-3,normal,input_close,4,503.855354,289,18625,539,0,0xd2a4b59b58bd17c703c88c16dd89cccbbfb2618592ab934532e69e279e7af8f0
IRPP-TD,3,-3,normal,output_commit,5,502.606513,353,26849,540,0,0x102bc674783254ed7cde60c40f4ecf395a6f563151337d0f7e552ee5ffa94dc6
IRPP-TD,3,-3,normal,settle,6,499.922022,225,13383,541,0,0x9fc8dc644440bbd71e7a13e3280a33b5ee8d0e0f12937a42911f853d2bb303bf
BSIF,3,-3,normal,publish,0,498.460525,609,76767,542,0,0x76a9c1209b929289c26f3b864c679be2d1532d5ef890c1f4ff9eaa25c02d1ee1
BSIF,3,-3,normal,encrypted_upload,1,538.179187,7651,1185200,543,0,0xb8f77c2dab1a2a417964a53ff47bd36d32073c000f1fdd694d066780b3ff59d3
BSIF,3,-3,normal,encrypted_upload,2,466.805208,7651,1185200,544,0,0xf90fd9219e2f038db1737c68660587e1265e0e7d1272741fc1491d12f9e36d99
BSIF,3,-3,normal,encrypted_upload,3,501.599579,7651,1185200,545,0,0x2f1058e7b50528fd8e89b6f10683cb512d3bda6eebbab548a87b1ee364d253c4
BSIF,3,-3,normal,quality_report,4,504.199375,225,18236,546,0,0x66344007d26588f37c6f518180df23cdf98c8ee2c79e40b61acface28704dee2
BSIF,3,-3,normal,reputation_update,5,502.095512,88,7486,547,0,0xd88904c34996f9e5f7618b1a8d4e7664a4302207dac96fe95449f4ee93a198b2
BSIF,3,-3,normal,reputation_update,6,500.136168,88,7486,548,0,0x906972f1d33ea3cf0231c327b0a8ebcbd7fa60f529d6858767d4adf6da03ad2d
BSIF,3,-3,normal,reputation_update,7,499.569813,88,7486,549,0,0x3b946866184847f6a057826c2f3a721d9ba944033d2389741811e8d34d9a233d
BSIF,3,-3,normal,settle,8,502.308176,225,11065,550,0,0x5750ad22c1003f612eb1f4378894d940423c8ca0ecb5a0e2c76f7b11f7559526
RPPS-TDC,3,-3,normal,publish,0,499.843271,609,76767,551,0,0x9630df25c166ba3dfb026ed6976d6c19352a0a028811eb55ee4ca6e0bfa06b77
RPPS-TDC,3,-3,normal,encrypted_upload,1,502.681950,7235,1119312,552,0,0x724490e0252ab3090459d410258a5458cc54604e51f4eaf6fa0f3aeb65b5db1d
RPPS-TDC,3,-3,normal,encrypted_upload,2,590.118684,7235,1119312,553,0,0x7fb61501d1d07e3fb6eb5876112242e43c1fcc2fd0f73357aab84f183b8dd0a0
RPPS-TDC,3,-3,normal,encrypted_upload,3,497.179816,7235,1119312,554,0,0x237c7fe044cee3433b47cf67c465b6d47d4055fd074f7a69320e06aecc35fbe9
RPPS-TDC,3,-3,normal,trust_update,4,505.294033,225,11089,555,0,0xf217953852c99b6adce8cb377dafecbc96d1b4b553722bbc71dc78784c563ac7
RPPS-TDC,3,-3,normal,selection,5,502.302332,225,16125,556,0,0x14122b472bffe389203f3253b89766b05f25411b6bf32cfbb1d48494f007eb8f
RPPS-TDC,3,-3,normal,result,6,500.933348,225,16102,557,0,0x1bce05307d2b49366d10be85fa2bb30be4966cbf4d13e0c702f560f3d227ba8e
RPPS-TDC,3,-3,normal,reputation_update,7,500.396273,88,7486,558,0,0x433c5c6ab170f6f9571d7ccc4cf494cdddb222d0cf62b545b679383eafcfc1a4
RPPS-TDC,3,-3,normal,reputation_update,8,502.498575,88,7486,559,0,0x1ff5480a5b029b194732d3c0ca49b9314cd9c01525a0621dc5b6c4ad464a9a9b
RPPS-TDC,3,-3,normal,reputation_update,9,496.871418,88,7486,560,0,0xffbd83e138c88237efea35a329f735a1fc3573dd64f8e13736d62bdd0afafb45
RPPS-TDC,3,-3,normal,settle,10,503.660632,225,11065,561,0,0xdb311c722f665e2ab2971dd0787447f148afb08e5e4b10eacd3c61441ab5df8d
IRPP-TD,10,0,normal,publish,0,496.519868,289,16530,562,0,0x870be5223045d7ff130856ec12c90bfc809d424341211522d65d21c3510cc8d9
IRPP-TD,10,0,normal,credential_refresh,1,503.160563,289,28384,563,0,0xc625e20cc8f6cac1b0d8528ba54f0325eded81919835c550d96889a27f60688c
IRPP-TD,10,0,normal,credential_refresh,2,497.342315,289,28384,564,0,0xcbab81455171dba85f07166f0b1d43ba42ba6bc484750b0294eba7bce28bd423
IRPP-TD,10,0,normal,credential_refresh,3,499.699635,289,28384,565,0,0x1706c403da9bcfd2d8c83f9ab9f080b23c4918f6614b39015d68948bbbf5560c
IRPP-TD,10,0,normal,credential_refresh,4,502.518252,289,28384,566,0,0xb22215041327e9cc7f91bcfde3308b8220e8aa5bf53aa9b016471f23c06c161b
IRPP-TD,10,0,normal,credential_refresh,5,500.857899,289,28384,567,0,0x3979313afe4fb6d9e97c2317aff920aeb06ca5f76f3422ba7b63d605229aca0f
IRPP-TD,10,0,normal,credential_refresh,6,500.264224,289,28384,568,0,0x40b433d74156c55de57d69890bcb2ff2ab76fe2dd220a0a31fdaf64ad7e1d7cf
IRPP-TD,10,0,normal,credential_refresh,7,503.249379,289,28384,569,0,0x454eec429d2887d1cd7d8db6ddc71f577c336b30d63a0191e78a0a242ec8e161
IRPP-TD,10,0,normal,credential_refresh,8,502.509227,289,28384,570,0,0xe632298e34e860c495bc2c78d04a1a8b0f521c45c8a5fb78f63e8dbdb9fd0fc8
IRPP-TD,10,0,normal,credential_refresh,9,502.257419,289,28384,571,0,0x5d4098fd1ecbd69aa13df0d1358be50f38ce369f3a72861be76deef15229843a
IRPP-TD,10,0,normal,credential_refresh,10,499.493835,289,28384,572,0,0xbeb2056e5bad1ed496befdf22b116b9c2486dbf856a04afcd468ca352636fadb
IRPP-TD,10,0,normal,input_close,11,539.062521,289,18625,573,0,0xbcf98604ea3ab97079ba81c9dcef3d88b79f82a16de0b54b0405e9c09f9dd292
IRPP-TD,10,0,normal,output_commit,12,467.680939,353,26849,574,0,0x00dadcc3875ace90ddc00d6c5e36ebea7294d0bd500e07ec633edb6cd9f60295
IRPP-TD,10,0,normal,settle,13,497.476921,225,13383,575,0,0x5809f7f053c8847bf3dc16fdf79dd108787bd41657ddcee32b33b556d826eb0a
BSIF,10,0,normal,publish,0,500.547670,609,76767,576,0,0x73c73b28e7c9468d150f72298a3031a68d2a2bcfe1cdea9604bc691bd2639c2a
BSIF,10,0,normal,encrypted_upload,1,535.532046,7651,1185200,577,0,0xe04af5a31a46108c56ad75cea439b4311855ea9b5e8cc2db50b9629cf0dd6d2f
BSIF,10,0,normal,encrypted_upload,2,515.106204,7651,1185200,578,0,0x43665aa5a462a700acc1fb2f3f42b693bfb48d0d4406937bee9d9f9d4b0713a2
BSIF,10,0,normal,encrypted_upload,3,501.489969,7651,1185200,579,0,0x33f43646af9a02f2b21f40e202fdbde0d1674734444c07909378063613e1e638
BSIF,10,0,normal,encrypted_upload,4,591.372034,7651,1185200,580,0,0xb506578f065c3e361bf6f94a72e1688d83d3ef0a9b87f5acc34203564ca2f9cd
BSIF,10,0,normal,encrypted_upload,5,452.396000,7651,1185200,581,0,0x9a4521c8010a98748cba7b927df99ef171ebd93b1e13c710f908cc020df17c18
BSIF,10,0,normal,encrypted_upload,6,503.041927,7651,1185200,582,0,0x56c88192e6b3144c18075f2c144ae8cbc96307be15fe9301978fa647de9d8a73
BSIF,10,0,normal,encrypted_upload,7,497.735369,7651,1185200,583,0,0x4b40141bd44e33a2641da9c2523266ea9f5c8341297234e33be3fa1ab4ff288c
BSIF,10,0,normal,encrypted_upload,8,504.233648,7651,1185200,584,0,0x16df245beed37a8b9316f7a162b0c7fd832e33a2f48325fa97416fd85f5a931a
BSIF,10,0,normal,encrypted_upload,9,503.311250,7651,1185200,585,0,0xd3de95d890dbaa463f8b52d600e3eaaef14a4c6a9d81d1b978cad530ce054faf
BSIF,10,0,normal,encrypted_upload,10,498.876060,7651,1185200,586,0,0x206611a8cf58936905773c75b9465f4c3b03344e4a2a6e3ccda898892416ca54
BSIF,10,0,normal,quality_report,11,500.163128,225,18236,587,0,0xf45417fe82ca0f4083892c2570be6cbc3e76c9870a28f521bbde41285a9adbc1
BSIF,10,0,normal,reputation_update,12,501.884524,88,7486,588,0,0x2ffbc4902a0cc2ea3e551cc13cb5287b426daf8f0736dc1fb4f430208ffb19c4
BSIF,10,0,normal,reputation_update,13,500.756246,88,7486,589,0,0xb5f06c27ae4186203214a8089161bef4232db4f5fa2f48c47ef40b989d76af9b
BSIF,10,0,normal,reputation_update,14,502.746318,88,7486,590,0,0x53b408bbfa370a055739f9fe15c8d5e852283c50b708efa973a6cc1f5533d4bb
BSIF,10,0,normal,reputation_update,15,502.178197,88,7486,591,0,0x7a4c1c32ecc5351bd1b6ed3aa61d49a4c92a609e2267615289a027c7ac02b61c
BSIF,10,0,normal,reputation_update,16,499.863125,88,7486,592,0,0xec87d734b7ee757d198b50a5ed157466e34e54e49b2d648d01f3b6b4d0439e37
BSIF,10,0,normal,reputation_update,17,502.627386,88,7486,593,0,0x3a48b5fac9be9a25ee55681492e80fb664ecd3061cd40e74a421c4eaa8b3e0eb
BSIF,10,0,normal,reputation_update,18,500.936791,88,7486,594,0,0xa39cbfbc01f5ae20b6ef572c2521ee91f59813e6e925b5bd563a128c07836e29
BSIF,10,0,normal,reputation_update,19,501.056306,88,7486,595,0,0x3457e61ae717b3f8ae82161a4ddb59e60f348dd5c6a3b46e49cffaf3ec3ca631
BSIF,10,0,normal,reputation_update,20,501.384303,88,7486,596,0,0xf9a7396d59ce6f1df3b072d96f24c9910e12ef7ca2e0cef3d0bcf459fd35510a
BSIF,10,0,normal,reputation_update,21,500.570785,88,7486,597,0,0x206a1274d1e5478debd0edbe59dc75393cb612f93331dcf02c114b42247dd505
BSIF,10,0,normal,settle,22,501.102829,225,11065,598,0,0xfd43bc0f3cee2421a53aeb1551610139db9e6da9d0461cd0b7f8b88c28ad79b9
RPPS-TDC,10,0,normal,publish,0,498.593405,609,76767,599,0,0xceb629b5d07f71a216ee1190d374ce47e0fcbc8bf8cf71e71879d7d4bc21c2b4
RPPS-TDC,10,0,normal,encrypted_upload,1,502.830955,7235,1119312,600,0,0x56037bce4f5d8d734a365458e83c5be9151a5dd7807928d264d9ee27c48380ff
RPPS-TDC,10,0,normal,encrypted_upload,2,500.139852,7235,1119312,601,0,0xb5347d543aab3228fe906a14a063fe63d815bcd412906f962facbd3cb0e53d91
RPPS-TDC,10,0,normal,encrypted_upload,3,500.062790,7235,1119312,602,0,0xdb1323ef19c77fdb3c2aadc890b0b41848491697a448bacacbdda3c068a06a5d
RPPS-TDC,10,0,normal,encrypted_upload,4,517.876358,7235,1119312,603,0,0xebbcd62717a305aa33889dee6ff38e73bf9ce8be4a2d6b7a87ead6b138265672
RPPS-TDC,10,0,normal,encrypted_upload,5,487.850285,7235,1119312,604,0,0x8e634491104ffc437cf9d3f0fa644b525b0e682c5f8381c0be0ea6486b5b8d5c
RPPS-TDC,10,0,normal,encrypted_upload,6,500.875153,7235,1119312,605,0,0xc5a0e109a1e3e1770466ea5ccda24b7281ddfb91e346d4e048667b4c24b02af4
RPPS-TDC,10,0,normal,encrypted_upload,7,503.041963,7235,1119312,606,0,0xff0af57afb356e7a7213ff56c7144ed3bc667a59a7191b253e68ef2ed6fda4f0
RPPS-TDC,10,0,normal,encrypted_upload,8,501.119778,7235,1119312,607,0,0x42ba949c464ebcbc86f2e4ecbc46ada172e161c7cb4b2e8b339c6b9070418a66
RPPS-TDC,10,0,normal,encrypted_upload,9,501.923975,7235,1119312,608,0,0x3002db8877069ffdc412e7478c44367949a51baf6c718b3a37f2ab6b99191608
RPPS-TDC,10,0,normal,encrypted_upload,10,499.305491,7235,1119312,609,0,0x02f2e4ab1b0a927728fce5b7ba20136daf5b9c4755f5286cf3dd352eb4c49d3f
RPPS-TDC,10,0,normal,trust_update,11,502.331549,225,11089,610,0,0xc2aceb6c0d03a0600a67d52d5702e81d83783192e05be389930f59c1152526d0
RPPS-TDC,10,0,normal,selection,12,500.792181,225,16125,611,0,0x158e04118d0970a8b2d93d8208356bdc0b2e01b6b1abf1ef15e35c76fada1eef
RPPS-TDC,10,0,normal,result,13,469.943476,225,16102,612,0,0xce53c58894bcf37f0bcf1c9fbe705d23dbc3e5b9b6119971f92a03d30e482b0d
RPPS-TDC,10,0,normal,reputation_update,14,535.907401,88,7486,613,0,0x9cbad8bb11cef36667efe99248859649bd4ce4dec59e36de27604b73011ee09a
RPPS-TDC,10,0,normal,reputation_update,15,464.777676,88,7486,614,0,0x699ba166303af48e641ab7c9a964cda7df393466df28d74a7a3054c44d7176c7
RPPS-TDC,10,0,normal,reputation_update,16,501.323019,88,7486,615,0,0xc5fa04ae8dfbceb71f927e7d9357c49359e61c08e5ad275a2b21def157cdd198
RPPS-TDC,10,0,normal,reputation_update,17,502.487842,88,7486,616,0,0x8a7f30a1906b43d14af56f69609a56b55be16cf4e0b272e54935f08f9292e6e0
RPPS-TDC,10,0,normal,reputation_update,18,503.376772,88,7486,617,0,0xb74e6f9dda577819c9fdf8a80168ac6c62d4c22a1f39db918c18eaa6d8d75001
RPPS-TDC,10,0,normal,reputation_update,19,499.074735,88,7486,618,0,0xc2692e915f0b99018cb6da1ba27fb42f39973778fb42cef5aee3434b7c77b275
RPPS-TDC,10,0,normal,reputation_update,20,502.645295,88,7486,619,0,0xe4fca1ef5e846cdd56c0d69d62cb0c3ad413c73e66ebc524ad102776515cd523
RPPS-TDC,10,0,normal,reputation_update,21,499.571189,88,7486,620,0,0xb86f45b0256502e7d881078af6e483092891326e6d12cdba4276a5743695ec89
RPPS-TDC,10,0,normal,reputation_update,22,505.280152,88,7486,621,0,0xe986e160a8a1413279fd62bb493bb0306756cb82d6b2ec9ace7be37ddf341da5
RPPS-TDC,10,0,normal,reputation_update,23,500.755101,88,7486,622,0,0x81017645e1a6d0f968c6acf15cdddb6a679ea408b54094a16199c71edd7db738
RPPS-TDC,10,0,normal,settle,24,535.213738,225,11065,623,0,0x91b42ae6409ccd76ba82a27cb387fe65e0a713628b9b3e86464ca5ea8e627f6a
BSIF,10,1,normal,publish,0,465.898575,609,76767,624,0,0xd36395f48ec7d9e0324c614836d470b8dd4a2bad790e24941948259d70fa7e96
BSIF,10,1,normal,encrypted_upload,1,630.778007,7651,1185200,625,0,0x83bd933e30bfe72f8b0fc0f3f23a734b034c5104260c67207a6b16d885540c12
BSIF,10,1,normal,encrypted_upload,2,371.424498,7651,1185200,626,0,0xee624b4bea74e4145a9e20df77ab413c23c8cbbe751d303bc71b6213f203f229
BSIF,10,1,normal,encrypted_upload,3,500.217377,7651,1185200,627,0,0x2bd9c77f7a53a66887d3397a9a4dae928dfe00028ffb68cb6683fcb2ada4d7f0
BSIF,10,1,normal,encrypted_upload,4,501.464530,7651,1185200,628,0,0x977790a6c926d86d7fbc446203a1b7d26cc5da62d993a4610e9f3835bb71f2fe
BSIF,10,1,normal,encrypted_upload,5,499.685094,7651,1185200,629,0,0x98beaf68ee11f7b3fe06f23b50c34ae9ca70c8504d8e776c761001396a7445b4
BSIF,10,1,normal,encrypted_upload,6,502.283397,7651,1185200,630,0,0xf22f4a94d0b0ce9a0dc48f9e34c2e34e634fbea2ca86b0bf97e562b02b222f1d
BSIF,10,1,normal,encrypted_upload,7,502.742872,7651,1185200,631,0,0x3192b9f83174ec486728dc5cbbe35da3ac89c210832ada6fb392eeb61353bca4
BSIF,10,1,normal,encrypted_upload,8,504.013754,7651,1185200,632,0,0x852a6339bfbd4f2ec5b7fcecc43a4681924ed01907786599642b0bdc7138824c
BSIF,10,1,normal,encrypted_upload,9,535.991040,7651,1185200,633,0,0xdd9b5e6c5bdc8e31a51a228d8d4c342f2afcb95e993d741db73fc1874434b19b
BSIF,10,1,normal,encrypted_upload,10,466.622006,7651,1185200,634,0,0x9adabace1303a243acd4df79edb9cf5c2c0ba076c61f81133daa72f64e1f64d7
BSIF,10,1,normal,quality_report,11,501.378182,225,18236,635,0,0xfeaaacb9fd4e4ecdc8f231b9ea95316491449bd13feefd3b9289957f2e7ec86b
BSIF,10,1,normal,reputation_update,12,501.559903,88,7486,636,0,0xc5f066f255b34e2b187f140f3b14bdf681d44adf723bb00e30ac70c029bc9e4b
BSIF,10,1,normal,reputation_update,13,586.334431,88,7486,637,0,0x887836de0e6475aba71e25d477f903e01971e03fbb215c7b08f724b2d56e95ec
BSIF,10,1,normal,reputation_update,14,500.046357,88,7486,638,0,0xbebcaf76c578228cb1d7ec609d2afa8cda0f3cfb89f3b066dd2d51733f746000
BSIF,10,1,normal,reputation_update,15,504.958769,88,7486,639,0,0xd0ca93f2a5e1f739f71a51121e81cf356474ccd8d57b002315a75bfcf8276398
BSIF,10,1,normal,reputation_update,16,499.562952,88,7486,640,0,0xc98c179861788845bf2bf090abd82a46bf52bb9209253400a643704879ba6d32
BSIF,10,1,normal,reputation_update,17,502.144036,88,7486,641,0,0x7f8e8c13c3cb3b55cdfaa5ef86014470115666280660555f631025d37ec6012b
BSIF,10,1,normal,reputation_update,18,505.590557,88,7486,642,0,0x66ae097c216c3e14b19b3928ebce61e7f44fc289f9ccb1058628320caecf2c84
BSIF,10,1,normal,reputation_update,19,535.914689,88,7486,643,0,0x2d8e1946e5362aafdae328f49e5b0b4551f6f33047f2ea4cf5d29990a618880c
BSIF,10,1,normal,reputation_update,20,466.590213,88,7486,644,0,0x993e74bea2ebeba6b8aab859fd2851fc44d9f48d0435aa339546334b0361e5b1
BSIF,10,1,normal,reputation_update,21,499.823512,88,7486,645,0,0x7186a99503686d0d0f533740a73a3b7e4ff74237620619b4228b126a8197a0a2
BSIF,10,1,normal,settle,22,501.282389,225,11065,646,0,0xe20e301d3a58d00a826f6f29ff885d57e28cd6fc230ddb280e84c5e8b5b90296
RPPS-TDC,10,1,normal,publish,0,500.364279,609,76767,647,0,0x3010ccfe34c53b25ac0b10d882d4733817b3fbcc2b865d704e3ad3faffacdfb5
RPPS-TDC,10,1,normal,encrypted_upload,1,501.148867,7235,1119312,648,0,0x06c686958c8ee3460c3c18c389fa474ea95419e9914501f00fc806ffd5a12a84
RPPS-TDC,10,1,normal,encrypted_upload,2,503.214743,7235,1119312,649,0,0xc7eaa9c11fec317d1370b5a73d92934b40f5fc8f00927f9eca575a95a9c86473
RPPS-TDC,10,1,normal,encrypted_upload,3,499.934849,7235,1119312,650,0,0x5c3982fbb4f4eb2712bf7bc54f012381bfe8e22296094bd27557899ba2b6e0bd
RPPS-TDC,10,1,normal,encrypted_upload,4,499.445226,7235,1119312,651,0,0x76d29d1e0b62fafe2388ab41e33cd3e4ca7b37c083ab1a399cdbcb86bf2892f6
RPPS-TDC,10,1,normal,encrypted_upload,5,505.127494,7235,1119312,652,0,0xde063414befec49b460026bed06ab9d9312f02157e0c352dc68ef2011168890f
RPPS-TDC,10,1,normal,encrypted_upload,6,514.979682,7235,1119312,653,0,0x03f209e3c91553aca7937ab09e4098732e5bc09872df53861e60460b44f4e0e5
RPPS-TDC,10,1,normal,encrypted_upload,7,487.736910,7235,1119312,654,0,0xda3a05ad9ebf704fdaab3c9e8a408ddc22605513bb1a60e30d32c579d6a3dbe1
RPPS-TDC,10,1,normal,encrypted_upload,8,504.902751,7235,1119312,655,0,0x1d161a6fe482c02a4856232fec9be42e4d5470c382784dc705ae1d9c9f72cca3
RPPS-TDC,10,1,normal,encrypted_upload,9,540.179761,7235,1119312,656,0,0x5557c9f6b53e8dc51e8cb8c55199b0a0af57996d3c1c64a824269092dbdfc80c
RPPS-TDC,10,1,normal,encrypted_upload,10,504.299957,7235,1119312,657,0,0x2a279716c743ae6ff37cc47642e9112f8a4edd2d3da230e12409270283cb0657
RPPS-TDC,10,1,normal,trust_update,11,501.163421,225,11089,658,0,0x25b32317c8e8a695fe6ab380166dc72bfc3a27859302a1b762354e52f056d3d3
RPPS-TDC,10,1,normal,selection,12,501.124054,225,16125,659,0,0x1517b21b87f822f122b9d060b0ac873efdfd5ea940fb76e36c0dabfd7b31eb36
RPPS-TDC,10,1,normal,result,13,502.549157,225,16102,660,0,0xebdea622783822b647adcab5fd30af087e38cacf358a86e2ecfc71a6965c1e43
RPPS-TDC,10,1,normal,reputation_update,14,500.721293,88,7486,661,0,0x73dd223554dbc53b84bcd4f5f4e7a35c762a17c779ad09805f4b69a3b8d5ad1b
RPPS-TDC,10,1,normal,reputation_update,15,540.621691,88,7486,662,0,0xe3de45f474148368f77b20b674e4be1b2a13f2af757a4acafabc09c08db5a369
RPPS-TDC,10,1,normal,reputation_update,16,516.419403,88,7486,663,0,0x14af1a1c66cad3da6ac236a90d1cc74d1715e95c474636b9cc54a34b84355c6b
RPPS-TDC,10,1,normal,reputation_update,17,486.419067,88,7486,664,0,0x5f0b49cc13df133b0b526c2baac8bb3d0ab4f72fe85009a10f95f26ee515e2af
RPPS-TDC,10,1,normal,reputation_update,18,500.451671,88,7486,665,0,0x644fb1c45c00ccb9d58e6884eb9c639cfd85dfcb89109c13a4dbe0b176576729
RPPS-TDC,10,1,normal,reputation_update,19,500.566556,88,7486,666,0,0x350b1810ce00e59a6f0e0e4f79f7ee1337781c4451d2cd2daf949feb15e34e6b
RPPS-TDC,10,1,normal,reputation_update,20,501.710329,88,7486,667,0,0x57f85ac3e8750ddac5a2409f37c88c57e560e6f75aa8d185fa092d8fd5c77420
RPPS-TDC,10,1,normal,reputation_update,21,502.802824,88,7486,668,0,0x8bc0dd7b4055dc130d7914a351aee8532f09d6fde33f8da89933042b81e1e810
RPPS-TDC,10,1,normal,reputation_update,22,498.953811,88,7486,669,0,0xd9334a31bdb4f378729738cf128a99332565d93bd5429fbebf381ccf1de00ee9
RPPS-TDC,10,1,normal,reputation_update,23,541.577958,88,7486,670,0,0xd73935a94bb82cb59dc31650b3a5f245b5029270fe6bc30215c210bf913fe566
RPPS-TDC,10,1,normal,settle,24,562.045482,225,11065,671,0,0x7a6cf852ef9018f57974413bceb8dda8476cae3ac5cba16069cbc68f54980561
IRPP-TD,10,1,normal,publish,0,497.643522,289,16530,672,0,0x9936c9110c92957be7af71ca8b76b004f808512ebbe41fb83b3b1706e58a0f20
IRPP-TD,10,1,normal,credential_refresh,1,505.441709,289,28384,673,0,0x3f9f5f2917a78dd67ef9287a902e1d0fc9951e0838318ea69cbfcb016da963f2
IRPP-TD,10,1,normal,credential_refresh,2,495.699449,289,28384,674,0,0xba058859024300f2a764db54319fd64fbd044bedcb7203a68012f4c509f6944e
IRPP-TD,10,1,normal,credential_refresh,3,502.492887,289,28384,675,0,0x010f54887093cd7c8c209d12564c9b118bbed64d088528230ac4971d394098e5
IRPP-TD,10,1,normal,credential_refresh,4,502.373605,289,28384,676,0,0x7fe77c0a45c816a7c785a6f30ef5d83d15c91ccbdec9de768a0df19889b90fe9
IRPP-TD,10,1,normal,credential_refresh,5,504.936808,289,28384,677,0,0xd962efb787593e85e8540e5a3d2dcdc695d5cde6663d829c0da55f1cd0e966d9
IRPP-TD,10,1,normal,credential_refresh,6,499.689700,289,28384,678,0,0x98f359e34529b1d19f9a2fddf87c20a1a4bdc69be03075bd02fafb36887efef9
IRPP-TD,10,1,normal,credential_refresh,7,499.622583,289,28384,679,0,0xbce1bc71d88516f50233b538c33b0b17df30573792289f2e1ea7d64cef118957
IRPP-TD,10,1,normal,credential_refresh,8,500.186799,289,28384,680,0,0x9ba6feb46fab8b1b66193bbac428be871b752b687bcc9ac16e839956290f9fb5
IRPP-TD,10,1,normal,credential_refresh,9,503.720469,289,28384,681,0,0xfb48b23641df289898681a9b303e534cba12a2fb9f3fa88cf0aa7c49ec5eb385
IRPP-TD,10,1,normal,credential_refresh,10,500.317682,289,28384,682,0,0x2c26073c335373cc0605a88dae6d7d908ae35e02e2d69385a68c6ffcdefc6aa3
IRPP-TD,10,1,normal,input_close,11,528.775404,289,18625,683,0,0x6f14dbc7546c2beffcbcf0529a38d8527c7837edcd37538e62d2aa2530b3d186
IRPP-TD,10,1,normal,output_commit,12,475.341929,353,26849,684,0,0x3663a4711c1b1745cf1980a32a4e80e99355db72b4b294fb5081889f8b556460
IRPP-TD,10,1,normal,settle,13,503.130809,225,13383,685,0,0x3d1710878f63a86070fc84cfe74cc264e09d964e6a01b9108856c21d4a77f041
RPPS-TDC,10,2,normal,publish,0,502.130846,609,76767,686,0,0x7dd61daff4db4125a13ca1cb470d2d80b69b8063f40802a768f747d5bb0aa5e7
RPPS-TDC,10,2,normal,encrypted_upload,1,503.477181,7235,1119312,687,0,0xb7ccc09a8475ef7fdc5ba805563654fbae1f34c2f84c3f0f6d3a9a3de156ad0c
RPPS-TDC,10,2,normal,encrypted_upload,2,501.200662,7235,1119312,688,0,0xda501d7dd13181a5dec17cb3c6c7313ef3e6440cfee523713c3b88be474323c4
RPPS-TDC,10,2,normal,encrypted_upload,3,502.447450,7235,1119312,689,0,0xf5348e097f3c7a7748e5735f85d44c3932a84fdfb6a1d215032e5bdcb3d0b1c2
RPPS-TDC,10,2,normal,encrypted_upload,4,499.601324,7235,1119312,690,0,0xaabde1c10a14f148da6398d8e913711b4eb58e93bb2fc83d678a2ea16449195b
RPPS-TDC,10,2,normal,encrypted_upload,5,501.556614,7235,1119312,691,0,0xddc70a40db083593ee825830abc0eaae0486d035da49263fb5fc7a002274cfc7
RPPS-TDC,10,2,normal,encrypted_upload,6,502.024170,7235,1119312,692,0,0xb49a1f8d74b859667e1a71f242dceba990097d4b890c11a13a5b1a25e5cd5cd7
RPPS-TDC,10,2,normal,encrypted_upload,7,499.182359,7235,1119312,693,0,0xa977cce4e32af10cecd4edf6a75dc6756f68a6c2f57ec86c75ee6d535503803e
RPPS-TDC,10,2,normal,encrypted_upload,8,502.276998,7235,1119312,694,0,0x2cb68d23bfad6965628d686436663b5e327391d369ad14285fcf4436af2b11b7
RPPS-TDC,10,2,normal,encrypted_upload,9,502.579706,7235,1119312,695,0,0x3dd60c4f5068ab5e9f79dbc61a1c521d27e2f586e3f769e9f6462dc1f3e35e84
RPPS-TDC,10,2,normal,encrypted_upload,10,504.748783,7235,1119312,696,0,0xe6097e8644c6d255ed84fb84ed751ed58bb8c9e65598bfef96ffcae7efbe350a
RPPS-TDC,10,2,normal,trust_update,11,504.028104,225,11089,697,0,0x4dc61d05cff3e8f7b5d6ace9d238a74879ec46437ce34e5de80bacdf319ba288
RPPS-TDC,10,2,normal,selection,12,500.352488,225,16125,698,0,0x41d372542973dd0e9baa7ec7024af9872deeee8b99e4d9e9caf6452c3789b1c1
RPPS-TDC,10,2,normal,result,13,501.886254,225,16102,699,0,0x1107084d0b4b99172c16f0f2307f7095dc462ea28b9447f062cbacf8fcc764aa
RPPS-TDC,10,2,normal,reputation_update,14,503.576898,88,7486,700,0,0x573e9a25ca05a22f4c87883dcbc100529af455e4010cbc20c79d54839c93d781
RPPS-TDC,10,2,normal,reputation_update,15,499.854431,88,7486,701,0,0x08cb7401233deadf047e62b9db1c36a8b21cf4827c90ee7c68dbf0dcc1cf9dc6
RPPS-TDC,10,2,normal,reputation_update,16,502.672711,88,7486,702,0,0xdcf8cb4056bea7a5d33de7ab20e34e0a6d89648c83780b40a7fd2fa5e11ebf57
RPPS-TDC,10,2,normal,reputation_update,17,526.589413,88,7486,703,0,0x7119d21286049e15013b458d96472fd40e6b4027cff38347f2d3ac63624f339b
RPPS-TDC,10,2,normal,reputation_update,18,473.863266,88,7486,704,0,0x04acc06d1eaa151f9135ac6fba98597b79cc618f8451de5da7b2fc84698b0ea2
RPPS-TDC,10,2,normal,reputation_update,19,502.326593,88,7486,705,0,0xb1da89b16d75cd5f8c11fc323514f3186c4b392d88795620abc2dd717e945db6
RPPS-TDC,10,2,normal,reputation_update,20,501.005426,88,7486,706,0,0xe2ddbd53244a6da543e961cb84a6bdee31ea84a2b86a05f3587e5c2c261f71fd
RPPS-TDC,10,2,normal,reputation_update,21,501.761617,88,7486,707,0,0x5486d4240675f9220e7f7cf449559868378c1264ee262b5ed7e075b96a5d1f8c
RPPS-TDC,10,2,normal,reputation_update,22,561.155770,88,7486,708,0,0x72d8f352e20b71798d5f3652772cee1227b1d380a6c47c32a414763fa9d232a5
RPPS-TDC,10,2,normal,reputation_update,23,459.792626,88,7486,709,0,0x32b45bef0c3e4ea79029bb7629bdfabb33893db37b631b6e86d6f2e0df86bff5
RPPS-TDC,10,2,normal,settle,24,525.569140,225,11065,710,0,0x959caad507a07818025dfdd60450db7bc310ace2f01ceddd116add5f81d59323
IRPP-TD,10,2,normal,publish,0,501.524650,289,16530,711,0,0x5e1f8375ad0f706588f6a2603b44f7da9d91195d28f6481cef4bc3af74f30c46
IRPP-TD,10,2,normal,credential_refresh,1,499.121268,289,28384,712,0,0xdeac58715db2a4114e7c3a618f660e182ed49a32d917a9ec1ce966f18fce80a1
IRPP-TD,10,2,normal,credential_refresh,2,631.607452,289,28384,713,0,0xf794488219b6fb96e368dd721159b5dd0fd3b45ef0075de58c9d5935d971a700
IRPP-TD,10,2,normal,credential_refresh,3,474.324881,289,28384,714,0,0x3fa72718a99b2030e1fa695b6e4048dfc15e95bc38d74cb7e6ae3dfd46fc3410
IRPP-TD,10,2,normal,credential_refresh,4,517.976979,289,28384,715,0,0xf7c7d52b3bf4a7f938e0ef5b0248c404c4e90cb403c88172e395fdd6ccf2f2d6
IRPP-TD,10,2,normal,credential_refresh,5,500.614789,289,28384,716,0,0x2a5509deb2650b1b6901d4383b180092dc992314b36fc336d8a12a23624bdab2
IRPP-TD,10,2,normal,credential_refresh,6,503.153216,289,28384,717,0,0xf7f491396d0654a8bc1957dba03664082a212a5b667ab9202ef6ff02f00ddb5b
IRPP-TD,10,2,normal,credential_refresh,7,501.333374,289,28384,718,0,0x64acc5b189c16cb7939ebb6836a9c62234ec21971512044d97e68c910aeaf515
IRPP-TD,10,2,normal,credential_refresh,8,502.630670,289,28384,719,0,0x89b0611b9666d86d5286dfff35ec01b591e9a79ddd422f5ce15fd18f264e67f2
IRPP-TD,10,2,normal,credential_refresh,9,504.256714,289,28384,720,0,0x54cd0eea448af1b53502e0e3ba7b0dd5e8519c593336ffa0ff6a11e9c5a80490
IRPP-TD,10,2,normal,credential_refresh,10,498.119425,289,28384,721,0,0x3080fa5e7a9ed2cd5f51c8c63674cf6a197eeb4b6de8121b575f9582532b138b
IRPP-TD,10,2,normal,input_close,11,499.997034,289,18625,722,0,0xfd6b492336552a4844e74a3562d93902e0372885500226725ce49369f98bffb1
IRPP-TD,10,2,normal,output_commit,12,517.720668,353,26849,723,0,0xc1539a53bf2677468ac693086eeb17680dd5c1296b1625d2529d333a9d4aae0a
IRPP-TD,10,2,normal,settle,13,486.284171,225,13383,724,0,0x13fab0858efeb28243373e2af5ba110a1385e426761cad3e7b2435a4238098f6
BSIF,10,2,normal,publish,0,497.999031,609,76767,725,0,0x0fea2b8c1944673f20b5c1cae88367dcf8bbabc22886f53e5157006e8da830c5
BSIF,10,2,normal,encrypted_upload,1,502.924547,7651,1185200,726,0,0xb9984d1702f55caa87958776691c0d66bd34260596639876830ba2826e5419d9
BSIF,10,2,normal,encrypted_upload,2,502.223206,7651,1185200,727,0,0x6b023411f4faa3ebaf1b7f0815e1487bbf7516fa25e9c071919222a371d60284
BSIF,10,2,normal,encrypted_upload,3,502.665968,7651,1185200,728,0,0x6b9264fb3b1aaca2fa966396523f0825ff33bd4d919f64b563f18e95619b5010
BSIF,10,2,normal,encrypted_upload,4,500.971488,7651,1185200,729,0,0xcf15fbeccb677c262e98292e5ae08cfa2f8e0be5c1e1746fc6b9abe8cab97203
BSIF,10,2,normal,encrypted_upload,5,501.903924,7651,1185200,730,0,0x04b11c9cd601f34d4851bbce7613db3610980f525a96e9a9b8a0f699802301eb
BSIF,10,2,normal,encrypted_upload,6,497.992057,7651,1185200,731,0,0x12e6941173b54693a0288157ea06c7a18c66023a90978937fe8346391d9ea243
BSIF,10,2,normal,encrypted_upload,7,542.791534,7651,1185200,732,0,0xacbef9dd515e0ebe30b950328d885809ee511f0852139c8d044e653a26d66b53
BSIF,10,2,normal,encrypted_upload,8,475.347706,7651,1185200,733,0,0xa7af1b9a743ecaada593d42724f025cdc17286c3e16597b81f2b55622f281043
BSIF,10,2,normal,encrypted_upload,9,485.693127,7651,1185200,734,0,0xdb742b4dbaae6bc9eac3b211a5a33b9bc0de199d57fdff998d7b000e30f89b6a
BSIF,10,2,normal,encrypted_upload,10,502.031993,7651,1185200,735,0,0xc9de7c03cdc2ada1cc75a295c4ebc659ee9bf53e56a398ee6493b62cf5450b60
BSIF,10,2,normal,quality_report,11,498.109740,225,18236,736,0,0xffd0c4dff4eb5396ad9a1885c516b896aafcd68a770d6bbe71d4a1f22d93341c
BSIF,10,2,normal,reputation_update,12,501.622863,88,7486,737,0,0x8adf7febc886fbafd6378ea9c2ddf1210953ef927a1b395e88ee50cbc910b35b
BSIF,10,2,normal,reputation_update,13,504.049866,88,7486,738,0,0x228ae9c65c9a6f030faadc2400e35cfa68912f8a4b119aacd257824c8bf053b2
BSIF,10,2,normal,reputation_update,14,499.646880,88,7486,739,0,0xd5d12f1168611848f6cb02f25a0f9a6b04d186b20025add943d7b911aaefd380
BSIF,10,2,normal,reputation_update,15,503.812895,88,7486,740,0,0xc8783626a20b4613ab54c3fd8725e18d8d6ea8a9322c551259391cb77ab38091
BSIF,10,2,normal,reputation_update,16,498.840174,88,7486,741,0,0x5cef9045b4ef5ed830a2967741de06e6a9d8a7409249b1a58c28be462a757dfd
BSIF,10,2,normal,reputation_update,17,499.364632,88,7486,742,0,0x48cb1b0a1cc7152d81d22cfda541ad94465633115c369ba97ad7940bdb99000e
BSIF,10,2,normal,reputation_update,18,528.886400,88,7486,743,0,0x399a0ce82d73d523569ff92539c1da07af80b983bb7ae063cfade11e863db7ba
BSIF,10,2,normal,reputation_update,19,476.048813,88,7486,744,0,0xbb5c6ec7812a8a05e4ca8caa4e97f16cbaf57b175f4b21ef02bb6dab1a679a81
BSIF,10,2,normal,reputation_update,20,501.571108,88,7486,745,0,0x79b8bb1d7702672a776986c3d9c9a5e5a3108b4b89b3ce203d81e3462155966b
BSIF,10,2,normal,reputation_update,21,587.011427,88,7486,746,0,0x0aad1fd6d03219a14d146acd131ace079db455cab6dca698fc06f21d969d059f
BSIF,10,2,normal,settle,22,497.968926,225,11065,747,0,0x0bb0a96a2536544fe8f709f5f574c0e12016326dc7bd304e78ce4fd658762dca
IRPP-TD,10,3,normal,publish,0,499.402198,289,16530,748,0,0x61bf554fc3037d4374473194f3dfaf37f452ff15dd289998702e20568640459d
IRPP-TD,10,3,normal,credential_refresh,1,501.490526,289,28384,749,0,0x8c0412d732ce203a5f396b649a281f62c5a806e4ce78010ea26b04d8a0baa655
IRPP-TD,10,3,normal,credential_refresh,2,488.284574,289,28384,750,0,0x562282a6511dbc8637e4ea8fb14b214d2fe28ceb8506a3d68cb57056ad8a87ed
IRPP-TD,10,3,normal,credential_refresh,3,500.504181,289,28384,751,0,0xfe8194e936507a23f5162a8efe996decc4ea6b1a777641076917f919be959918
IRPP-TD,10,3,normal,credential_refresh,4,501.172428,289,28384,752,0,0x22ff810e9502c09271f716bea493f97290aa7d110100b86376a4dde45be070a5
IRPP-TD,10,3,normal,credential_refresh,5,529.664534,289,28384,753,0,0x7055a464280efe6e43861b640c44cc77f41c7765f7ee92263ee9e1daf3505af8
IRPP-TD,10,3,normal,credential_refresh,6,476.133562,289,28384,754,0,0x44614ac208a56993bd9bd7f570a3e8df49d13419dad02afa8a2ff197cd287196
IRPP-TD,10,3,normal,credential_refresh,7,499.660315,289,28384,755,0,0x7dcd7e193b0b09cb63f549978ca948d0d45cfbe15ae3218dd2a4aa6afb990480
IRPP-TD,10,3,normal,credential_refresh,8,501.881504,289,28384,756,0,0x1acd46a106c72d26adf07b389d9daa295a4bbaf6f18e43313b49f9ae2e751d23
IRPP-TD,10,3,normal,credential_refresh,9,502.607990,289,28384,757,0,0x5f303c4189de4ace8cacf17373a2d04f3f4db706a966b95fc70bbdf5ad97b427
IRPP-TD,10,3,normal,credential_refresh,10,501.221433,289,28384,758,0,0xf4b724370dd187d1ca5f09740c813b9ae6e438ce9b7afc6094ac9be354460d2e
IRPP-TD,10,3,normal,input_close,11,498.740211,289,18625,759,0,0xa18e2fb8bb086c10f556af4c22e261a9366412ebab6861e6b33bfa1c72a61702
IRPP-TD,10,3,normal,output_commit,12,503.377009,353,26849,760,0,0x6ca5bf7c57bde5b143acccd55c63a72904ef194eb0c271abe25b1dbfcdcdd7ed
IRPP-TD,10,3,normal,settle,13,499.126719,225,13383,761,0,0x0a1bb5e5c315e618054ad52be25b9fa386bd3186a6e16c5a756863c66fa004c9
BSIF,10,3,normal,publish,0,498.414167,609,76767,762,0,0xe4af7a044a15933d3d436073f9c16dd01dca3709c4ee1f0a88153e99e7842e85
BSIF,10,3,normal,encrypted_upload,1,504.701587,7651,1185200,763,0,0x7b46cba031c18db14d75f26d85f0e78d5a2d558b2ee1626d9fdd1f7c586233d4
BSIF,10,3,normal,encrypted_upload,2,498.470860,7651,1185200,764,0,0x1440c26378b9e388b77485b8caa385554362e080fb9e3ea5ccb543734eae6d5d
BSIF,10,3,normal,encrypted_upload,3,501.450450,7651,1185200,765,0,0x2b42d6c930d30995e1501afda9fab1db7e36b61c283a6a9b0eecab55dc85664f
BSIF,10,3,normal,encrypted_upload,4,501.817861,7651,1185200,766,0,0x6c5c3f14e9296818288626b81f8f575d706270b11f5f22281d33bb137214900a
BSIF,10,3,normal,encrypted_upload,5,502.164087,7651,1185200,767,0,0x8dd3941444c576cd1465198680dab49704eafb24b4ae28508bea604cbf31ffa1
BSIF,10,3,normal,encrypted_upload,6,503.998912,7651,1185200,768,0,0x33e3319896d9836029142c1614d46837c94809bd62ff585fd1f7674742ff3ec5
BSIF,10,3,normal,encrypted_upload,7,498.304995,7651,1185200,769,0,0x6158903f8439ad2379dc34e834b6b89426e019c532d6ffc79c4981f247b058a6
BSIF,10,3,normal,encrypted_upload,8,599.607254,7651,1185200,770,0,0x51e78ef6d0570e299957616fcd55b8c318425b7833d5aa0ed34c5ed7676acfc3
BSIF,10,3,normal,encrypted_upload,9,502.907553,7651,1185200,771,0,0xcb52897070e60470c464920980fbb8600227f1faa3292de81e9b40edfc976f4b
BSIF,10,3,normal,encrypted_upload,10,499.634947,7651,1185200,772,0,0x5b1df554bb1d99fc8b6fc941b15cd09be4ab29d1f21602e391d80298d3f934b2
BSIF,10,3,normal,quality_report,11,500.595384,225,18236,773,0,0xeac9715737d4157826858f7fdc61d36858a62e7cf7bc4c23331ae9a6c2359a4c
BSIF,10,3,normal,reputation_update,12,501.351175,88,7486,774,0,0x24caaea3db31624c7cf7fad74747ce62e9969b1d0756b527ff45afe22f8fcad8
BSIF,10,3,normal,reputation_update,13,535.913468,88,7486,775,0,0x4b097954c3db67a1c8d08088dd6279d77a4fdf7fdcdb704220aa23e5ee905a66
BSIF,10,3,normal,reputation_update,14,513.781351,88,7486,776,0,0x23f8b8ea725a8886eafcf0eec12ecc694aadfdb2db46b4b7be5165743e95a281
BSIF,10,3,normal,reputation_update,15,537.160003,88,7486,777,0,0xa06094ef12d4baca050d847d781e0dc2183ba207d86aba346d8759695df0b9ec
BSIF,10,3,normal,reputation_update,16,504.196543,88,7486,778,0,0xdc57ac25b4267d264870e22532cccf6caeac588c0f1342226211e0a0bd3f132e
BSIF,10,3,normal,reputation_update,17,499.790524,88,7486,779,0,0x87af550dbae1ad8056bc8200687a8d7f48b727894196da273b9136cf7e62ce59
BSIF,10,3,normal,reputation_update,18,502.564484,88,7486,780,0,0x87d159b231ae01d93130338ab979dff25ad212513273fdc15fe40cef8eae4318
BSIF,10,3,normal,reputation_update,19,502.291386,88,7486,781,0,0xffc28e80d2deacfaf43498c9bc768b2a2feb53f25605878d32f3f630a128b9cd
BSIF,10,3,normal,reputation_update,20,501.569988,88,7486,782,0,0xfcd4d6d7f8392c2a639f25bf2510cf640893661aab1aaf81b01442e1e3d77d60
BSIF,10,3,normal,reputation_update,21,502.454205,88,7486,783,0,0x39b6e1e3d38759e78fb3f933e501ff0922db456528ddb44d1570cea78122765a
BSIF,10,3,normal,settle,22,501.714267,225,11065,784,0,0x9f4a9c6cdd9d8c739a404ee8ded29b64674a760e966b327953133b25d0f3d0b2
RPPS-TDC,10,3,normal,publish,0,501.389030,609,76767,785,0,0xcc34b0669211c183feb30f33bb35e14dbab1c15323a420e3e65545ea54916d85
RPPS-TDC,10,3,normal,encrypted_upload,1,501.790429,7235,1119312,786,0,0x821b6273195d43f9010ffcda2818f87b8a72477de6274c930b9cc2bac18b9042
RPPS-TDC,10,3,normal,encrypted_upload,2,501.300257,7235,1119312,787,0,0xfd240ab99931ea708c031f5194f11c5a1cb194220dab0a61dfc7be74c1c3a485
RPPS-TDC,10,3,normal,encrypted_upload,3,500.457321,7235,1119312,788,0,0x30f4978e75d45e1f4850ee0c90790ca1fb2f0a8a10d20b07d0e25c7d4f6b811b
RPPS-TDC,10,3,normal,encrypted_upload,4,502.184098,7235,1119312,789,0,0xbaf648daf6eed82d66508006d26ba26368ea36ffad039ce14c5e3996acfe0783
RPPS-TDC,10,3,normal,encrypted_upload,5,501.507113,7235,1119312,790,0,0x4618b735ecf3f4f1b7aa8fd42634378be763af611b943dafb9a3ae97c13defc0
RPPS-TDC,10,3,normal,encrypted_upload,6,500.403199,7235,1119312,791,0,0xab6246f0b49ef326979afcf483d64bd59492e4dac5b55fd633bca3d10f9c5093
RPPS-TDC,10,3,normal,encrypted_upload,7,503.554581,7235,1119312,792,0,0x0f8c2cce94ced7cd652a9f72d72ac46883f49558b98a3d59de05438e70c79f65
RPPS-TDC,10,3,normal,encrypted_upload,8,515.720260,7235,1119312,793,0,0xeb3d49bff70ef3d4a6d7b54ac58225b5bd3a00f778652c7e79deecdfdcdb8945
RPPS-TDC,10,3,normal,encrypted_upload,9,488.733297,7235,1119312,794,0,0x7972d386e3541d5483124dc8aacd92dd346626cb2185003a62b4bc91cb82f185
RPPS-TDC,10,3,normal,encrypted_upload,10,499.098556,7235,1119312,795,0,0xd871ccfc7d7ffcd63ffac6b9150cc1eb65904ec5509d150d8675ddb4343c6d05
RPPS-TDC,10,3,normal,trust_update,11,502.851613,225,11089,796,0,0x9e062da614898b74264fb792887d159b0deb15ab65a6ff75f9d8564913b7c35e
RPPS-TDC,10,3,normal,selection,12,499.107276,225,16125,797,0,0x31649d1f290a17030ca3f876390f80b5bcefcfe6ab9a01961aff614ad32a1fad
RPPS-TDC,10,3,normal,result,13,501.477774,225,16102,798,0,0xa5626e7ede09f25ee35ae23133453b4adf4ea6c7354a4db436c7f8bd30aaecd4
RPPS-TDC,10,3,normal,reputation_update,14,503.260469,88,7486,799,0,0x7a864f4f09d868e1c2a36c8ecd616deedaebb402312747f12154edf4ffd532fc
RPPS-TDC,10,3,normal,reputation_update,15,498.423186,88,7486,800,0,0x096f98fbe158f9a5dd5f41010cdd1509be6d619af3622bcd94da97341e7b4ee9
RPPS-TDC,10,3,normal,reputation_update,16,500.294878,88,7486,801,0,0xa26a0fef7beaf2a2d0bf6be83089809c291bcc88a2a6b20cea88332ef9c88547
RPPS-TDC,10,3,normal,reputation_update,17,502.479841,88,7486,802,0,0xab8b746bf91996cc6cd80259e30c1f8668e12b531f65335ce085b5dca504ca17
RPPS-TDC,10,3,normal,reputation_update,18,502.146169,88,7486,803,0,0xffbe1611d7c0defa272bab51f8ad77ff789ffca0b445e5452f208ae30533bf35
RPPS-TDC,10,3,normal,reputation_update,19,499.608313,88,7486,804,0,0x3822684e5c76e5d8ebca4e155a043c856368a01f14b690de4249566b0b9afd71
RPPS-TDC,10,3,normal,reputation_update,20,501.539813,88,7486,805,0,0xa1fd35b71c7f3452d604543afab84beed46282d0d47bead894529ef13fbffa36
RPPS-TDC,10,3,normal,reputation_update,21,499.198303,88,7486,806,0,0x7dfef9caabb3df4c85063bf7f11c288002c70562ba6325463fedfab61d3064c5
RPPS-TDC,10,3,normal,reputation_update,22,501.587473,88,7486,807,0,0x2c5e2f3623132a39264e8afe45da34ba62c401f9d2078ed2345328189762c5dd
RPPS-TDC,10,3,normal,reputation_update,23,500.548559,88,7486,808,0,0xc3089be644a874f8179c3d2c0de2c408f5dfd6cb3557e4cd34aa5036e34410f7
RPPS-TDC,10,3,normal,settle,24,503.241837,225,11065,809,0,0x7daf99861b41a22d2ab41502acc660dc31419dd26e54cfb1bb86897355c81f66
BSIF,10,4,normal,publish,0,501.152611,609,76767,810,0,0xee787f0116e39233949854f9dfd073d1544eadf2ae44010c00fdae22d273474c
BSIF,10,4,normal,encrypted_upload,1,502.385212,7651,1185200,811,0,0xe1bc6595777781084c207e18c932c0c9dc1755c99e2e0aea9ece567762ad263d
BSIF,10,4,normal,encrypted_upload,2,500.313749,7651,1185200,812,0,0x9b9788335f7e235f7d09c8861f3eb002722a5e839ec60b86598b7f09f1f66168
BSIF,10,4,normal,encrypted_upload,3,515.654534,7651,1185200,813,0,0xb518aa9367408933c8c1fcd8be64b128192146bc4ed6cfd76c133c532807bcb9
BSIF,10,4,normal,encrypted_upload,4,487.273274,7651,1185200,814,0,0xc07fa2fa8d30b20afa21603150c47a93355020b6ca4f07dbdd1e43960279a1a8
BSIF,10,4,normal,encrypted_upload,5,579.721011,7651,1185200,815,0,0x609f6ddeab183ca2599d4868d82a8c7a82cdd17fef96838cedbcf4a64d3bffb1
BSIF,10,4,normal,encrypted_upload,6,506.521240,7651,1185200,816,0,0xaa2d10d0a88608dce029cb0b6678dff0843c3cc52e1c8056bc272b499f1721dd
BSIF,10,4,normal,encrypted_upload,7,501.396367,7651,1185200,817,0,0x38e82f895605bc78f50f51fda27572e768515b2a4e76d292f592495258a1c32d
BSIF,10,4,normal,encrypted_upload,8,515.656745,7651,1185200,818,0,0x7d6d45bddd1a476e498c8530a79f5166e33d354a98d2c5bb7c80070d99dcf3fd
BSIF,10,4,normal,encrypted_upload,9,500.749254,7651,1185200,819,0,0xc4206c98d2800a8910ebb19afcf8108de048bc2bb62d17cbc90889f207679943
BSIF,10,4,normal,encrypted_upload,10,501.911717,7651,1185200,820,0,0x479875423e49e713c76e646268102d35666548cf0d7c5ad9a056256e6f6f3db0
BSIF,10,4,normal,quality_report,11,502.549998,225,18236,821,0,0x1e3dee60b8ce8c90d7df6d9c3aef993ef670bf717cc8b5803961e0f6fcef23ae
BSIF,10,4,normal,reputation_update,12,585.194266,88,7486,822,0,0x983204f29b0963aa0e0fdca54e8164deafae6fb11ae14a45381b2adf96a79fd0
BSIF,10,4,normal,reputation_update,13,487.785108,88,7486,823,0,0xad9ba105222b60a5407405ef5589498ab0a7fcffe468f4257ea7e330098a7d7a
BSIF,10,4,normal,reputation_update,14,555.939661,88,7486,824,0,0xcb58a386fb635e0e44a2e814e23a1de1940615d49ef70fefd95c1b7ba630ad71
BSIF,10,4,normal,reputation_update,15,457.346936,88,7486,825,0,0x22ba2dde2162527a8e3c034fcbde58e9894b7c0f31fdcdb6eb24b9ce6797f762
BSIF,10,4,normal,reputation_update,16,502.300476,88,7486,826,0,0x07a9649e2baffb1a452265c75e38ee5d7a985758d0a275f90c26dc5749aaa5e3
BSIF,10,4,normal,reputation_update,17,506.734069,88,7486,827,0,0x9e0c84232c23a1da1ffe97256d855764c4f3fd24be7418004ec84e1aaf476184
BSIF,10,4,normal,reputation_update,18,498.893482,88,7486,828,0,0x67fdcd303cfd4fed8fe95d91937ffce7e243306e18fff5d6c57a342966b0f385
BSIF,10,4,normal,reputation_update,19,501.006931,88,7486,829,0,0xac2ba48652d76be86d0a80ed6b4e1d3035bd7d1369ba01984ea11e071890c8dd
BSIF,10,4,normal,reputation_update,20,503.542631,88,7486,830,0,0xbdd383144479840951cdf889df1ad4eb82d392ae8ea2fa371a08ec8505bfcd12
BSIF,10,4,normal,reputation_update,21,500.216103,88,7486,831,0,0x37399a4fb4a8e05be0bff30ca72773f25a40d1e1c672c1d178f1a834c12c27ca
BSIF,10,4,normal,settle,22,501.482523,225,11065,832,0,0x4e8aaac6b708e925a49dce65e6e4a63050ba4db4b984259fb502a9ec71c12c3d
RPPS-TDC,10,4,normal,publish,0,524.614179,609,76767,833,0,0xe0c6ad583ffb00853408921790aa9036ab9cf04cd166fc69d742f6e08f1076ab
RPPS-TDC,10,4,normal,encrypted_upload,1,476.735955,7235,1119312,834,0,0xce66ee85bec97c470890907a063b8eaec850f5508c24c2cfaa04ab94b96948ba
RPPS-TDC,10,4,normal,encrypted_upload,2,500.379472,7235,1119312,835,0,0xf4b0f241002e148eb87ef5810c5578c66ba244e18e5bab81e4cd5d2c243edd2d
RPPS-TDC,10,4,normal,encrypted_upload,3,500.700549,7235,1119312,836,0,0xbac86a23b3961548ac3b795ffceb5f733c0f6907f4b1b91b6bad0448602114db
RPPS-TDC,10,4,normal,encrypted_upload,4,501.291616,7235,1119312,837,0,0x577dd9de3739237ba2be7ba0615011eb402cce5a0083e7d116682a70f2ac98b9
RPPS-TDC,10,4,normal,encrypted_upload,5,498.862743,7235,1119312,838,0,0x5417ddad40f7cf24adc0d08b45583b126f07fc5bb33716a05b39255f152cf596
RPPS-TDC,10,4,normal,encrypted_upload,6,504.617746,7235,1119312,839,0,0x6f5cef642dbfd08a6745ba754e77a0e501ec7ea321ee03d4c30fc45c8c4eae3d
RPPS-TDC,10,4,normal,encrypted_upload,7,498.683709,7235,1119312,840,0,0x268c21f07e40a34e1802572864eff8f7b1c33efe82b2094700c70d210a66a1b5
RPPS-TDC,10,4,normal,encrypted_upload,8,502.274257,7235,1119312,841,0,0x3de0b9f4b2b52845f4c1fac377bda8747ea14d2c4545ac12b6a5290cd97f16f3
RPPS-TDC,10,4,normal,encrypted_upload,9,500.396516,7235,1119312,842,0,0xdc7d4289485f7838b5b527cac20fc4c46d4646facebc7f515e4d2baabc739866
RPPS-TDC,10,4,normal,encrypted_upload,10,528.508462,7235,1119312,843,0,0xd5dfac22e2d8a40b2345242b8a22132903d34bf86844c5ef446fe93c6019b24c
RPPS-TDC,10,4,normal,trust_update,11,475.534605,225,11089,844,0,0x0703e2f19611dea4cf5375d3eab7646d219c5d83f1414d1862aae2d178c87aa7
RPPS-TDC,10,4,normal,selection,12,502.615995,225,16125,845,0,0x3446743f84554e24a11c3fd2a7850973820f7e4e12c802b225900a3201f6e29a
RPPS-TDC,10,4,normal,result,13,500.795900,225,16102,846,0,0x652c0704664c0138e1aea6d4ff79b5dfa08cd2d832659bd782eb5836c09521b2
RPPS-TDC,10,4,normal,reputation_update,14,502.606589,88,7486,847,0,0x035d34413462dea84a297ae6eeee02538f9319d0b16453a07af23d82ea16d449
RPPS-TDC,10,4,normal,reputation_update,15,501.875202,88,7486,848,0,0x72c14b7aa961c4f32bfb129dfe65a641bd8984ec971917637907d7044b2bd04d
RPPS-TDC,10,4,normal,reputation_update,16,501.221824,88,7486,849,0,0xf3bc4583112fc20021936bda9cfca352415157ebf61d149a96f216f5f3d34dfe
RPPS-TDC,10,4,normal,reputation_update,17,501.250862,88,7486,850,0,0x3f96fe061791a1b5f3adf8cc15994b47acb16f24f158bc392b957f29cf3fa456
RPPS-TDC,10,4,normal,reputation_update,18,499.620484,88,7486,851,0,0x49faaf5dbfec70c9dc6ef60b71d879110de0d65bb939f287163950adbfd568bd
RPPS-TDC,10,4,normal,reputation_update,19,502.375256,88,7486,852,0,0x5618957e1c03f1a3739e6f163cbb77a16f1b35916bd92899b41fbed17c638ce5
RPPS-TDC,10,4,normal,reputation_update,20,517.657270,88,7486,853,0,0x65b94c49e4fc13fd028b1755b5ea06bc82c603dc2d38b281114f0fee6ffe304b
RPPS-TDC,10,4,normal,reputation_update,21,486.110280,88,7486,854,0,0x6a6ff2864ff5851327ab8dc5a3064b6ebe720c2baca2a99288419da2eb42e206
RPPS-TDC,10,4,normal,reputation_update,22,585.411430,88,7486,855,0,0xb1f1475761c4ee9d76e4fcbb4592b6b85496bf2dbbe6e1adc79eb15afa395145
RPPS-TDC,10,4,normal,reputation_update,23,502.580408,88,7486,856,0,0xc37a8eb0cb68a76a5b4c43399e7ea6113eb213d58c1b4c4441444aaf64aafdcb
RPPS-TDC,10,4,normal,settle,24,508.933014,225,11065,857,0,0x5630cc3abc88524102779a783f3a8a05c13d13737be371e8e43fdb2354d72b8f
IRPP-TD,10,4,normal,publish,0,497.356089,289,16530,858,0,0xc4a5ea1f9baa627b546535b444b95b50b6e34b43d23fc5f5f6b7b97d788b49dd
IRPP-TD,10,4,normal,credential_refresh,1,505.253849,289,28384,859,0,0x87541d3ae6c24a60a204c75c2dbce6dcdfa9eb7de5f8c704deeb6d66c03d8b7f
IRPP-TD,10,4,normal,credential_refresh,2,501.894817,289,28384,860,0,0xd184429f767d09653be5f8b5c36c72a008baa752a112704c4ccace1df49a68f8
IRPP-TD,10,4,normal,credential_refresh,3,501.274938,289,28384,861,0,0x24d7093447b91e37ccc3d663fc2aa3527e94bfb1b40cf5b0efcd28fc85a6648a
IRPP-TD,10,4,normal,credential_refresh,4,501.632310,289,28384,862,0,0xa4141e9551982bcdeb188100c129a8755d41a6adfa45ef57a56782766a3f3ada
IRPP-TD,10,4,normal,credential_refresh,5,503.787802,289,28384,863,0,0x485182883ac2fb9799dc099a75a259ff588e57904c2d302a410e1065f5f51d43
IRPP-TD,10,4,normal,credential_refresh,6,501.928091,289,28384,864,0,0xb15b96a914f52cf268c5ed0341595543c214c29fc5b81fd5eeb8fc05fad193ee
IRPP-TD,10,4,normal,credential_refresh,7,501.855071,289,28384,865,0,0x1f627242a81450665bbba5cfda839b96178ca6a111ae797da6d653874d2f3100
IRPP-TD,10,4,normal,credential_refresh,8,502.409278,289,28384,866,0,0x7a86b153535ec7e82ae8be011140c9990b2c620c4d9f645997ea452abb7e8980
IRPP-TD,10,4,normal,credential_refresh,9,503.017320,289,28384,867,0,0x593985acd7d50b622c58a4132d75d08c99c7df542aeeb3f9620becf64aa71ce5
IRPP-TD,10,4,normal,credential_refresh,10,500.370292,289,28384,868,0,0xbab6de2e5e31deb6cc470764abf9f1e3a9475b95da6947b66b7d1306db002a9b
IRPP-TD,10,4,normal,input_close,11,503.962660,289,18625,869,0,0x9e8b0853d0633c427c386391d6f51eae5365ebe85f099a31be676aa398ca72a2
IRPP-TD,10,4,normal,output_commit,12,501.723799,353,26849,870,0,0x6e57f739483e9dfaca8017163b44d15e9ff1e1a1b5842e7856ec45004a0539c7
IRPP-TD,10,4,normal,settle,13,499.512750,225,13383,871,0,0xcdde2f25fd10c08067b46b82eb3660c2b31579cd9af0a6f843f9494f62e8bef4
RPPS-TDC,10,5,normal,publish,0,500.076884,609,76767,872,0,0xf0187a83e3eb107c0159faab7581cd82ce303c39ea28998b73b516f6e3876b7d
RPPS-TDC,10,5,normal,encrypted_upload,1,501.723990,7235,1119312,873,0,0xfd61dd09c132cfa5703bbdf4ce51b7a91cc4ac32415b3126a3098deae55b5454
RPPS-TDC,10,5,normal,encrypted_upload,2,500.440343,7235,1119312,874,0,0x4e4b3f8ea4309e88454f1f96079fe2ed4e2ff58cf309e5025b8b758c5bb5dc70
RPPS-TDC,10,5,normal,encrypted_upload,3,501.367354,7235,1119312,875,0,0x4f9483d4ef6ec9f65ac43e27be471b8f5bedbc4efc78ee2fa0ec71516e08cd94
RPPS-TDC,10,5,normal,encrypted_upload,4,549.533170,7235,1119312,876,0,0x588c6ef16826e88815a0af23ca5b262c42521e630898beac9d78668a9e0521c9
RPPS-TDC,10,5,normal,encrypted_upload,5,500.710669,7235,1119312,877,0,0x649e221e8a5fec9bcc7411ad96d32d3d2ed1407e47844d79d3c5abd2e9442b01
RPPS-TDC,10,5,normal,encrypted_upload,6,502.918068,7235,1119312,878,0,0x7889eaec22d075e6f270acf4ca09a65002882f734e0125e74073f6448ab8830e
RPPS-TDC,10,5,normal,encrypted_upload,7,620.989915,7235,1119312,879,0,0xeb67a990abdba8d665aa2f9da9851437e37b61c22c4ed3e89caf8c4d358f1015
RPPS-TDC,10,5,normal,encrypted_upload,8,503.767090,7235,1119312,880,0,0x2d75f599953bc5d7df4ab0891aebefc68fe08caed79c0d7616e0b029b68c97bb
RPPS-TDC,10,5,normal,encrypted_upload,9,498.920224,7235,1119312,881,0,0x57445c959b182cc35c46fd0d6a0ea9e9f595863e9910d45883335709f2ff7279
RPPS-TDC,10,5,normal,encrypted_upload,10,504.601622,7235,1119312,882,0,0x9f768b87cc7df56df0d8c25bffffc95794e1e8d92161387fb3c5037d20776eae
RPPS-TDC,10,5,normal,trust_update,11,500.192817,225,11089,883,0,0x5b1a1efb1cbe5e2a08756e3ed3c3980a95a514e7783755cb886c7ed599a13536
RPPS-TDC,10,5,normal,selection,12,499.555897,225,16125,884,0,0x195a7ee09ce90b1a8b6cb8ddf149e98132047969bc4d1ddd515c58240b5cd1a1
RPPS-TDC,10,5,normal,result,13,501.344005,225,16102,885,0,0x8044f297e5e17460fa5a9e5f2d7a0e872fdd2abe2d845f1d53d515b7e355b56b
RPPS-TDC,10,5,normal,reputation_update,14,502.822324,88,7486,886,0,0x17477be96d0019f57d72babf9a0d76f748e1499a5fd3e007380da684aa6aa5e7
RPPS-TDC,10,5,normal,reputation_update,15,499.761970,88,7486,887,0,0x324b7a0d61df2e6d11154113f13054551b9a6ba55e5eb1a2d35eb0118775dce8
RPPS-TDC,10,5,normal,reputation_update,16,502.101436,88,7486,888,0,0x9295c4166eec7330050072e0e13ffb0c3afa5787e630bbdc366f7fe313a318cb
RPPS-TDC,10,5,normal,reputation_update,17,501.504965,88,7486,889,0,0x72996a22ce03ccff1638dc5ea83961a365560061f7688a635be50a9fb92d5021
RPPS-TDC,10,5,normal,reputation_update,18,502.276975,88,7486,890,0,0xa1994d9fdab83999305726f7e9a860ead60505ae37c9520e65107fc24c33e5bb
RPPS-TDC,10,5,normal,reputation_update,19,502.722489,88,7486,891,0,0x5b863b87859f3de9bf3b6fe6fa29ae93483d91bcb4427a94bbdc19bd930747d7
RPPS-TDC,10,5,normal,reputation_update,20,500.579066,88,7486,892,0,0x29d33302c5269299e48cc252ec661f9bc937456b5a78986079b341892eb79695
RPPS-TDC,10,5,normal,reputation_update,21,527.746598,88,7486,893,0,0x390c618b1cfeb83bf28b7cf0080ad54575b056cfd666ddd0ebd866ce24c67a77
RPPS-TDC,10,5,normal,reputation_update,22,472.964500,88,7486,894,0,0x97cd024a1a5b397c0f2fe6d011a77d38d12411afbc0fe62d53e103f04fd7cc98
RPPS-TDC,10,5,normal,reputation_update,23,501.560546,88,7486,895,0,0x855ca25fafa19cff3aee29c2049119e24b9f909cd32db8ffad5dd4bd691f3837
RPPS-TDC,10,5,normal,settle,24,501.564639,225,11065,896,0,0xa5dc11b97e58d3c7bca2c5f53c63f742d7932111c19ee2fb2737dab130a357ef
IRPP-TD,10,5,normal,publish,0,595.215315,289,16530,897,0,0xc49a3f3ccbb4afbdcb9cc06d14aa2802f75b49b1f00f69e08edf870515d88628
IRPP-TD,10,5,normal,credential_refresh,1,404.204768,289,28384,898,0,0x3da214e63dc24c41d9b79bc2b8318f3d918149480e95be9a83f098aaec2a192b
IRPP-TD,10,5,normal,credential_refresh,2,503.167573,289,28384,899,0,0x96150de2420a8bf5f62b6869efe9d8d7aa98fb23642381dfb382eae6aa105c3a
IRPP-TD,10,5,normal,credential_refresh,3,502.415118,289,28384,900,0,0x154427603190c34be6608d8351f0977d911391a48266804180632157fdb1e1c3
IRPP-TD,10,5,normal,credential_refresh,4,500.917485,289,28384,901,0,0xac17010d6e4df91f18f3adb5b5490caf33f0102a809fb4d7f62992b574427ffe
IRPP-TD,10,5,normal,credential_refresh,5,490.392999,289,28384,902,0,0xc2286071c11fdc08959857eccd37e2d6dd08b6b0a066e72677c0a8063372f626
IRPP-TD,10,5,normal,credential_refresh,6,529.677795,289,28384,903,0,0x25e499cd904f071af60eee500624527cbe8d98d7852f22447e4ccf2c26ff1a7f
IRPP-TD,10,5,normal,credential_refresh,7,473.452737,289,28384,904,0,0x2c8efc2d122226d4e42891458cc907ddb2d062066f61da92b45cd6f2769be893
IRPP-TD,10,5,normal,credential_refresh,8,499.709787,289,28384,905,0,0x6087ae055609f11b37681509a64fb80c87de08709b5c15cec3b6546a9d6ed713
IRPP-TD,10,5,normal,credential_refresh,9,501.005796,289,28384,906,0,0xb2eaa6e2b361f31971afa6f52432a2e0bef9a5a59c7c4eae4950d6f15334c34c
IRPP-TD,10,5,normal,credential_refresh,10,501.312265,289,28384,907,0,0x693148342523d6fa75ff80c95f7069265e52eb2931c328fd32cbf1b71ee3e6e6
IRPP-TD,10,5,normal,input_close,11,505.214950,289,18625,908,0,0x45b8c91f77fc7cda8a0dccfe459a34840ced1c5b9456fe0ad7c797569db65292
IRPP-TD,10,5,normal,output_commit,12,499.005016,353,26849,909,0,0x1d2f76eeb4d180cf2722bb736e90a1c51763c869a62c1da778b83f853dc516a7
IRPP-TD,10,5,normal,settle,13,500.969162,225,13383,910,0,0x01b135acea313908fd4c389dc07301bc26b6e6efe4fd481149aacbf696beb424
BSIF,10,5,normal,publish,0,501.313754,609,76767,911,0,0x9d64ae7928d7b3a00b64f3402e60af90be6f0c663ff5c62a219479fe02e37c54
BSIF,10,5,normal,encrypted_upload,1,503.379827,7651,1185200,912,0,0xd58d62a247eb215756c9befcd5eaff61fdf7aaf863b4e1f6b0e43d42d871bf90
BSIF,10,5,normal,encrypted_upload,2,650.128890,7651,1185200,913,0,0xe5bc5d2aa7f56d06a81d7003a133f6a6a76c3ee27fa5b2d09da088ecd63ea564
BSIF,10,5,normal,encrypted_upload,3,485.458717,7651,1185200,914,0,0x956704419a4acea9599c10ca2246371bc90ca6e2701ba113ae4596fed2ef7432
BSIF,10,5,normal,encrypted_upload,4,513.441782,7651,1185200,915,0,0x5ed92c97ae553e95db743c1dc84f9a776ef25442f16436d09729cbf3333c0520
BSIF,10,5,normal,encrypted_upload,5,504.219388,7651,1185200,916,0,0x0d9eb64d5b688cbc642e670f106e7ec56b5af309e78d20fcd9ea4c0ebff67c28
BSIF,10,5,normal,encrypted_upload,6,544.424172,7651,1185200,917,0,0xca2744fc3e6ffd1ce8f4b3906a748b0b29edc9da52a13ccb33d9bf00638ce17e
BSIF,10,5,normal,encrypted_upload,7,503.891672,7651,1185200,918,0,0x8e795f9fdd77634a40c22c8135a42cc2245c9da45b9e88d2f0c943a6359a5a80
BSIF,10,5,normal,encrypted_upload,8,500.485248,7651,1185200,919,0,0x998147630f402b91d61e2daedb773c5b7e0001ec9e6421392a04b0bf902baf4a
BSIF,10,5,normal,encrypted_upload,9,502.633696,7651,1185200,920,0,0x8b823d980daf7a42cee01cf9e180d9d0069fbf30e8fb33279297be1db73bc618
BSIF,10,5,normal,encrypted_upload,10,498.038713,7651,1185200,921,0,0x8f22e72bfbd3cf98b3d6471da22b226263eb4227b2b6cab9799b52670bb4e83b
BSIF,10,5,normal,quality_report,11,499.761895,225,18236,922,0,0xbe0afec8c6326a8945956cbe53e30b8a7a2a1ca3718b27f30e146a8ee29a867b
BSIF,10,5,normal,reputation_update,12,515.060329,88,7486,923,0,0x41c7df2225caf6ae65a742039b2316b1d99b094d58b1619e4df948e63f29b197
BSIF,10,5,normal,reputation_update,13,486.546545,88,7486,924,0,0x7781d91059812b1d8617996730300893853c013596b6e28a7a3ddd1906d1d6ec
BSIF,10,5,normal,reputation_update,14,501.776444,88,7486,925,0,0x9c23b2048e5731ffb029f07d992354c6bd9584f15117cf4ef556126e69f9ac1b
BSIF,10,5,normal,reputation_update,15,500.751966,88,7486,926,0,0x972d3c2c5975409ef7a92cd7f248581abad25cc7dce898b54f68f6702bd9304c
BSIF,10,5,normal,reputation_update,16,503.304460,88,7486,927,0,0xb86a43e513445964fd6ee68ecea876daced219d576f9e61b1a1d90e86d46c9ac
BSIF,10,5,normal,reputation_update,17,501.082338,88,7486,928,0,0x417ed804521c79e00d508408176be69c098f2142a083aa516fa0fda6cd0be75d
BSIF,10,5,normal,reputation_update,18,501.511477,88,7486,929,0,0x5615b235f31caabaeeae9a025d56f4ca090c17abc82060862dbb3ab3b6b727e6
BSIF,10,5,normal,reputation_update,19,503.756130,88,7486,930,0,0xb012f06cdfec5a86b8b8102e8ef463ee9a3cef1be3fb2872389a70d0fefa51c9
BSIF,10,5,normal,reputation_update,20,499.030158,88,7486,931,0,0xdd4662aeda6623f0e670fac480deda4a5798a9089db39ee18d550181bd77a130
BSIF,10,5,normal,reputation_update,21,503.119460,88,7486,932,0,0xb1fa8cbe5c6474531a94288360729ffcfbf9df5af63e160ed0962c1805e9b245
BSIF,10,5,normal,settle,22,516.620294,225,11065,933,0,0xd9d7fd637b07309357715a6f3204b7aaf4d7df5d4b699608c077c2004c23e573
IRPP-TD,10,6,normal,publish,0,483.723016,289,16530,934,0,0xcc7129de5674de6fc0269ffe905df8b917fcdd105fdddc3a47f033bba7b37897
IRPP-TD,10,6,normal,credential_refresh,1,501.922082,289,28384,935,0,0x87d301ecab7126ab9c1a5d72e3f82ed5f57a6e19cf05024ab03232299a2757c2
IRPP-TD,10,6,normal,credential_refresh,2,501.664698,289,28384,936,0,0x62adc122e7f7e11d4f33084dd0867b9162632613e454b6e03c59b9cd81d8d033
IRPP-TD,10,6,normal,credential_refresh,3,500.464104,289,28384,937,0,0xb18bd6616b00fc435239e16db13220e72fa21f312414ce8c94da810a7d9ea4e9
IRPP-TD,10,6,normal,credential_refresh,4,542.209104,289,28384,938,0,0xf0ff7eafd5efb57fcc079c9c5764a0bf067708a77fe725825517fe1ba000586c
IRPP-TD,10,6,normal,credential_refresh,5,463.428734,289,28384,939,0,0xa5515084a64c0f94df011ec7fb1ff633207c51ce5b93fb6f7d6303e1680d835e
IRPP-TD,10,6,normal,credential_refresh,6,500.307882,289,28384,940,0,0x65ed14199f24b9e12c253e5d43e2c8f28ba32c9ecd2649ebf182f96ac53d15b8
IRPP-TD,10,6,normal,credential_refresh,7,615.969173,289,28384,941,0,0x449928a1299643e32812c1cd90f01f318a145fe6f67a79cc3fc03b0fe6b29c06
IRPP-TD,10,6,normal,credential_refresh,8,465.703300,289,28384,942,0,0x02c745c21e526beab1872f25d2bac8f677d7fb4d1452bddc326ab9396a73e1d2
IRPP-TD,10,6,normal,credential_refresh,9,530.981156,289,28384,943,0,0x8bf8ff68709f1aac39efafb2b81754d4268f550cf3f7ddbb46a61c0e9bdecf71
IRPP-TD,10,6,normal,credential_refresh,10,540.244570,289,28384,944,0,0xcd50bbe6145b7800e32614549cf0e2081adb8a3afa4b69083928e89d09cbb891
IRPP-TD,10,6,normal,input_close,11,511.784750,289,18625,945,0,0x1f7bb05b9c030b6ff198ddc94b78a1dd2b2651433873ebc7edaff5091bbddb1d
IRPP-TD,10,6,normal,output_commit,12,500.090364,353,26849,946,0,0xd00713af2ecc8616f8cedb871369a9354b9e35fca3e7f055b680401e7dd1f88d
IRPP-TD,10,6,normal,settle,13,500.544076,225,13383,947,0,0xe542a93c0ca99550d66d9fbb9a328ce38961b52f9e312ff8ab5b6e122dc169be
BSIF,10,6,normal,publish,0,499.833622,609,76767,948,0,0x80a79e3545bfe46eb1cf41daef3192e610539fbbd6e504edffece70413bb4585
BSIF,10,6,normal,encrypted_upload,1,502.858666,7651,1185200,949,0,0x2af103a5db1e19a6e593c9cd31a347b5b910e78f7ca72ecc94535d9db60f8447
BSIF,10,6,normal,encrypted_upload,2,503.524967,7651,1185200,950,0,0xd8c46a37ba5201a4189b247dab61e0f22ce8f9368e52283c4c26dc66895df83e
BSIF,10,6,normal,encrypted_upload,3,501.635128,7651,1185200,951,0,0xe2a34b9800aa4657fda7c9094bfa2af4e0a5dbfb80817e18136e1677d1273ae4
BSIF,10,6,normal,encrypted_upload,4,502.371040,7651,1185200,952,0,0xc985eaba66cf7deba67e91426c60c5adcaffd6609c26fde980621c23315b9779
BSIF,10,6,normal,encrypted_upload,5,501.498271,7651,1185200,953,0,0x470c43336bf0de48e89ce474857d0a085df7f6f57ec887971a4b8d42f5c5f9ff
BSIF,10,6,normal,encrypted_upload,6,498.672246,7651,1185200,954,0,0xb68cbe2217c07d9ad9681cc19909c0fe8db5e21ed6c46b70252e2f6af36b4065
BSIF,10,6,normal,encrypted_upload,7,503.198096,7651,1185200,955,0,0xa15f8fe2e1f93ed20a49a9db2759025e9491ab1003948371ed18345ebfc9c21f
BSIF,10,6,normal,encrypted_upload,8,500.515518,7651,1185200,956,0,0x4d9e29de4646ff48526e74f4f6429ec47089b57eaccd21071bc93169755364b9
BSIF,10,6,normal,encrypted_upload,9,499.122629,7651,1185200,957,0,0x853aa5cc99b0769b0deb5f920035cb982f6ef1672394c6a8c106c5982fe4eefa
BSIF,10,6,normal,encrypted_upload,10,531.096062,7651,1185200,958,0,0xb1eb92b0020f72bcd2157795cabb124a07ac710fa48a41f23a54f928cd9628c3
BSIF,10,6,normal,quality_report,11,466.002283,225,18236,959,0,0x23c8ae8feceaa9cd3be372f06dc4dd983702335d5ae3635b73be4abd5eaa0139
BSIF,10,6,normal,reputation_update,12,503.211464,88,7486,960,0,0x78699183f872d71fccd40a4f9fba44c3ca2cd1cad5ec3bdfda2581ca92e3f3ad
BSIF,10,6,normal,reputation_update,13,502.515140,88,7486,961,0,0xebc3eaa129e522384928a108490f4e449f5dd33930cc7ca4a6454c3f61cdc685
BSIF,10,6,normal,reputation_update,14,495.319823,88,7486,962,0,0x565d70b0741bcc45ed9ce1c1cbc0046083bf17d668f4e2614d6efa71a3f28c04
BSIF,10,6,normal,reputation_update,15,502.371223,88,7486,963,0,0x31ed5117327948a2b657db5911a58d6fe8ebb4e5df32a5105af5d27f75589bea
BSIF,10,6,normal,reputation_update,16,499.471899,88,7486,964,0,0xa4c72215cfafe501ed911bc2de9aa10bcc5d4c93a2133a023e7b9c77cbb653dd
BSIF,10,6,normal,reputation_update,17,503.159839,88,7486,965,0,0x4a86d789fa9d94ba4b7b4badc5b3557d4e32a4f17e8965fbd3527fc0de3bf916
BSIF,10,6,normal,reputation_update,18,503.257992,88,7486,966,0,0x20bf0ac6e2b3ac039963b5af76f991b8e693a3dc91f94b8acf67d66ca0f9b539
BSIF,10,6,normal,reputation_update,19,500.806573,88,7486,967,0,0x664531c441e4278813e3c33b8b3699873bf4d87b15bb2de4598ed22ff3a2ac5a
BSIF,10,6,normal,reputation_update,20,535.998583,88,7486,968,0,0xb9c7d2879759eac240285b6b06ffaee130ffd4584c4caff958065b5eb79d19df
BSIF,10,6,normal,reputation_update,21,467.368264,88,7486,969,0,0xa44e45f9f034b69bb74d00f9ba2b2a8290baa8de5440ccc5c6bdb6c5096c9bb3
BSIF,10,6,normal,settle,22,501.975299,225,11065,970,0,0xf22813cb035f53c18e68034cd8bc1fb588f143dcaf862765e59ea3574caa6e3f
RPPS-TDC,10,6,normal,publish,0,502.345171,609,76767,971,0,0x55d9d8e6245c50b3013d3058504632f20999e03438af049b7e9e655ff3695758
RPPS-TDC,10,6,normal,encrypted_upload,1,500.811443,7235,1119312,972,0,0xa768e898bcb5891ce68fcc87e45f5410853a7bea44de96786a480835dd5ba776
RPPS-TDC,10,6,normal,encrypted_upload,2,500.597740,7235,1119312,973,0,0x17266169e02ffe4e431d27ac975ca7b082627d0eb172578fa0013c4cf358542e
RPPS-TDC,10,6,normal,encrypted_upload,3,620.487886,7235,1119312,974,0,0xb04cf7fd2435c64a6b530a762943af1827ba2812cde3c6065ee7c1b506b3f2c1
RPPS-TDC,10,6,normal,encrypted_upload,4,380.656196,7235,1119312,975,0,0x8921124603e8410d767109f4279256ad782edd2c1a1138e41038ed97eaa63d38
RPPS-TDC,10,6,normal,encrypted_upload,5,499.951856,7235,1119312,976,0,0xb187f13a34256f23d28fccf663ec70713878db49855ecaa5dbb2b398e01a53d6
RPPS-TDC,10,6,normal,encrypted_upload,6,500.918136,7235,1119312,977,0,0x783436fe969e0fdccf8efe94877838870245d34aedff51f7b24b0f136240cf41
RPPS-TDC,10,6,normal,encrypted_upload,7,613.790240,7235,1119312,978,0,0x9c051dcf2a31707e6935707e3d9af4c8ed31ff42f3a9dcb732c12451cda5682f
RPPS-TDC,10,6,normal,encrypted_upload,8,389.351821,7235,1119312,979,0,0xf2705e1f746c1715b38f85e0c5f671d05c2713ee1b094098ad6f11a5d4fe5f47
RPPS-TDC,10,6,normal,encrypted_upload,9,502.267878,7235,1119312,980,0,0x949ab0cbfc53202c438df7c7bb64e31c142b1e7d4355daf5f94e72e611a9ab70
RPPS-TDC,10,6,normal,encrypted_upload,10,503.109459,7235,1119312,981,0,0x73ce3ae69be885e1c0187842c384ebb79279d5abf0f2e061c15717376d404644
RPPS-TDC,10,6,normal,trust_update,11,499.556270,225,11089,982,0,0xed11be80c6f1034cf6e8a976879984d3793deee3012885737b7d3d5f78a7d2d1
RPPS-TDC,10,6,normal,selection,12,501.843786,225,16125,983,0,0xf61552b5360d08eb32b5ade2be577d9dc92d7821f98ae7b4fcb448bbe0640e58
RPPS-TDC,10,6,normal,result,13,500.359733,225,16102,984,0,0x91d58effbf5d98ed2a7b998c0437177d02ebf47a72557928f209eb004b17af52
RPPS-TDC,10,6,normal,reputation_update,14,491.452740,88,7486,985,0,0xe9249a1f3254e26fc127e17d8000e5c8c7b70fc65e94faf999de44caf6219e3a
RPPS-TDC,10,6,normal,reputation_update,15,546.406828,88,7486,986,0,0x325371ab3b368fba500aa482b8e2bce81389cb94f519631a447de294d6a61a3a
RPPS-TDC,10,6,normal,reputation_update,16,540.937126,88,7486,987,0,0xe2d349278b1f5a8554292c0d5ff73fe53e8f9e998dbcdaf3597a25d22333395f
RPPS-TDC,10,6,normal,reputation_update,17,514.758853,88,7486,988,0,0xf6015485dfef3193b0bdc31c29f12053a1a69918b934e147e1112ef6bbfb6174
RPPS-TDC,10,6,normal,reputation_update,18,492.332225,88,7486,989,0,0x56a8e97707eac8b31a6a875797a71cc390c719e447011d7d950095a32efcacc0
RPPS-TDC,10,6,normal,reputation_update,19,501.174065,88,7486,990,0,0x46d02223b94b3d7c6da8c022d1b5fb57f07174030fbfe268977377a01cd05bc8
RPPS-TDC,10,6,normal,reputation_update,20,500.312027,88,7486,991,0,0x26df4f79fecbe8caedea0f9a35e34d540ce4ba00d277582e99f31491a25c7a8b
RPPS-TDC,10,6,normal,reputation_update,21,502.501817,88,7486,992,0,0x6ef56688cb5b05011e4b8c55985e2512ecf549fe5eb7e117cdb35522a78767bc
RPPS-TDC,10,6,normal,reputation_update,22,503.627263,88,7486,993,0,0x8c48a98018621a97acf703fa9948bb7f67e4d92868b3d3ff88897a6a2f48aeb2
RPPS-TDC,10,6,normal,reputation_update,23,500.267553,88,7486,994,0,0x6b8c6d0233a3ce06c7676864308b9f7b38c80bd08d64b49406b50754e3d806a0
RPPS-TDC,10,6,normal,settle,24,502.253282,225,11065,995,0,0x9db70c8e9ca2a529b863cad9fc70f8a46a4f98065ce794e9918890e8f6a80083
BSIF,10,7,normal,publish,0,497.537263,609,76767,996,0,0x3b9e406531ee36d0a72ce386e62e8e4ae086c202db840600af981628a4e3a9e1
BSIF,10,7,normal,encrypted_upload,1,552.383913,7651,1185200,997,0,0x9c7a3a675d7ad202279902bd673f78b20ce1c8467e7b6fd6f4c68249a255d2ab
BSIF,10,7,normal,encrypted_upload,2,514.384643,7651,1185200,998,0,0x505cc728a52bcc287ae2a62aaf2ebb72fba25c56b22d328884b7b1914306f014
BSIF,10,7,normal,encrypted_upload,3,490.639755,7651,1185200,999,0,0x147bb14229a2934e583950db8fb2cf7074246732e37e520e72ba56626701c499
BSIF,10,7,normal,encrypted_upload,4,501.599515,7651,1185200,1000,0,0x64e0cd026790f99cfeeeeeecb386cc1cabf62f12d386e430d3dd8b80479cbca8
BSIF,10,7,normal,encrypted_upload,5,502.156120,7651,1185200,1001,0,0xd4d6413278e89ec30b84e7271d18200c75c890c93a84bd6a12189a1896db986d
BSIF,10,7,normal,encrypted_upload,6,502.312962,7651,1185200,1002,0,0x2c5c6f3444c9bc7aa16ec2f22d42f8492542a55c8973f8f5a1d93fa909efe1d9
BSIF,10,7,normal,encrypted_upload,7,505.823603,7651,1185200,1003,0,0x7f66c4a41635d003463bbc2a461cb87e322cef07227c476bd437c22927972ee5
BSIF,10,7,normal,encrypted_upload,8,504.086530,7651,1185200,1004,0,0xefbc03a2096acc882c51716baee0e784957170a91387cdcdd65396bae24fa548
BSIF,10,7,normal,encrypted_upload,9,502.631144,7651,1185200,1005,0,0xfbc310d9f6d1c0dc560ff7795f24d1734318d203412e63d21d187e9861dbed7e
BSIF,10,7,normal,encrypted_upload,10,501.375380,7651,1185200,1006,0,0xb3d661afb3b77be56d00173246efe65016c27be057a056038563a95c38ca57b6
BSIF,10,7,normal,quality_report,11,501.419903,225,18236,1007,0,0x0a0220a2b657afc12c8365bc2c33b65a3ab3221586acbdc38bef4e9a8cdbd845
BSIF,10,7,normal,reputation_update,12,501.411884,88,7486,1008,0,0xdac8042ea95a1f5194cb70cce158729a01e396c2b32eaec16ca642775f7fe301
BSIF,10,7,normal,reputation_update,13,501.176955,88,7486,1009,0,0xadfafc1aa24d3342e4fddcb6c0257fe22272de182a30351266288c88adc716ff
BSIF,10,7,normal,reputation_update,14,502.672737,88,7486,1010,0,0xf601af541b4e718f053981a2ad97575c8e1073c997df732a651931477bf867a6
BSIF,10,7,normal,reputation_update,15,502.283542,88,7486,1011,0,0xef5003826e985b0cd288a180f351ca094ccb7e3af26bbdd22607a0855d52200f
BSIF,10,7,normal,reputation_update,16,503.034524,88,7486,1012,0,0x9871ff5c6732f7b978d52618ac0d65cff2236df25a60f93d7b636018196a8746
BSIF,10,7,normal,reputation_update,17,502.842676,88,7486,1013,0,0x4da35790a7e86176604ff72cacf68d24a81fd562cb13632ad1c9a60b306bfa4b
BSIF,10,7,normal,reputation_update,18,500.001441,88,7486,1014,0,0x4075625fb259861f50e9688ed2e0bd0c3ff311dd5bd5119b424a226c446e59ec
BSIF,10,7,normal,reputation_update,19,503.155040,88,7486,1015,0,0x9213798670ab867b53199816f50a046307cc0e60141458caeefaccc0ec59c994
BSIF,10,7,normal,reputation_update,20,501.280210,88,7486,1016,0,0x47c595d9c2642db06f4a0db52e67b7051adc6372bec6734255c23d54b8466227
BSIF,10,7,normal,reputation_update,21,500.229295,88,7486,1017,0,0x9061ffa0ed06e44b190f94db34dd50f43e28d0a4a94b4ae0bdb4c781636baffb
BSIF,10,7,normal,settle,22,538.492283,225,11065,1018,0,0x669c6ef2f24af77feda8bb47169a09672dc3143650307fefb563175a97632b92
RPPS-TDC,10,7,normal,publish,0,464.393963,609,76767,1019,0,0x7b02c7ed718d450f8009cfb248733b0a7ab71008958753b1d12503db4a244e83
RPPS-TDC,10,7,normal,encrypted_upload,1,500.534966,7235,1119312,1020,0,0xe381a6f15ddcac1341b262362f136a370a5b124e5a70f925a5fe2a3ad8293567
RPPS-TDC,10,7,normal,encrypted_upload,2,500.615636,7235,1119312,1021,0,0x9ca2c0ead29051bbe2091761b0d74ddc2fb4ba2775fcf40ec2fc466f77f7e5ed
RPPS-TDC,10,7,normal,encrypted_upload,3,504.866449,7235,1119312,1022,0,0x36cc3405a43334f20ce1f50f5f00a149dee580e9dcca8d3fdad404065312a90a
RPPS-TDC,10,7,normal,encrypted_upload,4,502.040892,7235,1119312,1023,0,0xc957036c405e7cdd8070dc568938eca13f12c821d91ae99b0dc077e4518f1361
RPPS-TDC,10,7,normal,encrypted_upload,5,502.317560,7235,1119312,1024,0,0xa94094772df511d1fd29a76ff6ed550afd597f892493cd6b7b448582d1239345
RPPS-TDC,10,7,normal,encrypted_upload,6,502.286683,7235,1119312,1025,0,0xc66612a3ceeb8586705aa9a48fbd70f32b4b508415af995493f40590c7f3686c
RPPS-TDC,10,7,normal,encrypted_upload,7,500.156703,7235,1119312,1026,0,0x9b1771ec4577c40a63a374fcab1f3dfc04e3f5b34dda3b9425e3997181671e12
RPPS-TDC,10,7,normal,encrypted_upload,8,502.511730,7235,1119312,1027,0,0xf18eebf7614adda65bfa5d3840c1287161747341e7c45801384c1e2714631859
RPPS-TDC,10,7,normal,encrypted_upload,9,500.911681,7235,1119312,1028,0,0x1a9eeee6a6d66363e2f4c8b76599d8386e5438113d5ed3d17f0b06811b71bea2
RPPS-TDC,10,7,normal,encrypted_upload,10,501.046468,7235,1119312,1029,0,0xf6c41351e40174c229add77944f03d760f8ba881bc4b367ffcac5f85d81cb9a6
RPPS-TDC,10,7,normal,trust_update,11,501.978158,225,11089,1030,0,0x4b5119153bbeb0e5a8701d0c2f956d89438fd014022be870811b3a40340a4bfd
RPPS-TDC,10,7,normal,selection,12,544.391330,225,16125,1031,0,0x48949a40f8da1f5afba98b749ae639ea66dfc2ac3f57c021feda38fdc2870af2
RPPS-TDC,10,7,normal,result,13,459.183593,225,16102,1032,0,0x482d8491345a26f11605f6b175ad43941cfeb4017a7cf1adb64c70cda6800263
RPPS-TDC,10,7,normal,reputation_update,14,500.144766,88,7486,1033,0,0xaa8049bd331ada1974143363dd53102ce27727d032323b061a861e85bb1b5787
RPPS-TDC,10,7,normal,reputation_update,15,503.001118,88,7486,1034,0,0xb1bd1e6ffcd41d438397045846974551a348000e9035c6423425b9fd646d3ccd
RPPS-TDC,10,7,normal,reputation_update,16,501.590370,88,7486,1035,0,0xeb38c37cfc4b984b8fb063e89c8fdc6d0d68d6f39d2f40be7b2a8e081c2d2c0b
RPPS-TDC,10,7,normal,reputation_update,17,501.844127,88,7486,1036,0,0x8bfb7a001de6d814007f465561639f79706651fe6f2479ffbc9c52a4cdfabdfd
RPPS-TDC,10,7,normal,reputation_update,18,500.061708,88,7486,1037,0,0x219120edceec3b35110270946adcda19604554eebe43ba78fe3e0c6d1e6609ac
RPPS-TDC,10,7,normal,reputation_update,19,537.560208,88,7486,1038,0,0x4a68fee493c10ca0dd4724ed5db1e280732d6412fb082ff91d9683e0a5336d3c
RPPS-TDC,10,7,normal,reputation_update,20,467.170441,88,7486,1039,0,0xc7f2c6e5aeeca36d0055a64ccce6de66c3273555031c9ca0b807db1c35aeb7e4
RPPS-TDC,10,7,normal,reputation_update,21,502.674844,88,7486,1040,0,0x3bff7b59efaecaf59a4d3a761cc7ad03e2502dd76c368b95d651fbaadb4d4849
RPPS-TDC,10,7,normal,reputation_update,22,501.833090,88,7486,1041,0,0x6934fe2cd06e4dcb6d4d1e282c7839a79873d4a2e579e6f954095b16c4ca07c5
RPPS-TDC,10,7,normal,reputation_update,23,500.413105,88,7486,1042,0,0x03d741f73b163723e3fc5f43413b75a6e411a5f25944e0d793de6e5505d12100
RPPS-TDC,10,7,normal,settle,24,501.496698,225,11065,1043,0,0x9a2b45c27ff0305e9d97cf6dc0e2b01c124c3a23f09738c07518f2a2d2fa2903
IRPP-TD,10,7,normal,publish,0,540.354862,289,16530,1044,0,0xfe11130dbd74b734069aac3997d68c0c56740dbe6b234dad1df390442c60ed56
IRPP-TD,10,7,normal,credential_refresh,1,460.007176,289,28384,1045,0,0x4dbbe6cf30d8e36543e44e0e4106f4b5a27be7f529e0acf5918361e6885dc613
IRPP-TD,10,7,normal,credential_refresh,2,633.711162,289,28384,1046,0,0xa92f2bde15aee9018abb5851524b7b2ca09410adb9ff64e9914c12634a412780
IRPP-TD,10,7,normal,credential_refresh,3,374.345183,289,28384,1047,0,0xb2c4e60f7b8486375a6c82664acc2909879f2f3048651332ee4229191357b887
IRPP-TD,10,7,normal,credential_refresh,4,501.190936,289,28384,1048,0,0xe3766158aef2bf55dc906551699fd1359ecb2c4415964994dbd7970a0335b088
IRPP-TD,10,7,normal,credential_refresh,5,499.806578,289,28384,1049,0,0x190259f8feb963fcf13ec1789f83dbeca91468adab6f82e48eaa12211c2cef68
IRPP-TD,10,7,normal,credential_refresh,6,500.997297,289,28384,1050,0,0xb17561925286c9605aff5877b2dee841593a85cd9dee05f77b2cb53857bcb494
IRPP-TD,10,7,normal,credential_refresh,7,502.741954,289,28384,1051,0,0x952ad915baa63d2dff1b7353c08b454a77d80d383c6e7b9337be624bc106bd98
IRPP-TD,10,7,normal,credential_refresh,8,502.700632,289,28384,1052,0,0x87dbf9581e6893fe7d3f3f6432925be6121c1afa6c09100d1dfd9bd1700898d6
IRPP-TD,10,7,normal,credential_refresh,9,528.755385,289,28384,1053,0,0x912d2add29de24ea88077d35469773fb30ede535efbc9bd2178605ef699004c6
IRPP-TD,10,7,normal,credential_refresh,10,523.280923,289,28384,1054,0,0x616982cda3d117e06082254319ad5685eb872e2f269e5141c54d678bb73072cf
IRPP-TD,10,7,normal,input_close,11,501.437566,289,18625,1055,0,0xe3b8dd78c854136b8f6219e17c5c0ba46dedbc42f9b2ffc02723976eb93325af
IRPP-TD,10,7,normal,output_commit,12,541.164062,353,26849,1056,0,0x1fa339982596bc98d45a1fe6c4d0484c594b7c3c84bbbafe89e5f88f78ee4d53
IRPP-TD,10,7,normal,settle,13,508.479005,225,13383,1057,0,0x77465a7e3175dcbdfd7efdd16b0ffb06922e8912e78c86a12a57484f6bb36400
RPPS-TDC,10,8,normal,publish,0,500.855685,609,76767,1058,0,0xd6467a5f2564605dd7f6ecf4788dbfb3466730e15e274b9ed45adc8239915c49
RPPS-TDC,10,8,normal,encrypted_upload,1,501.767725,7235,1119312,1059,0,0x99519be98e2f31d45a34a2c2f6d31b2a18ee5f7629c1b658f5a0f47eb10216fd
RPPS-TDC,10,8,normal,encrypted_upload,2,502.932372,7235,1119312,1060,0,0x761d7fc5a1a140d0cfa54d76880f0fd0b4ba6d1167526f451f44c66bc7f2ac47
RPPS-TDC,10,8,normal,encrypted_upload,3,501.134452,7235,1119312,1061,0,0xe301a3c22095b406205d0245d9e966e01381dc866087ff558616398e53a55625
RPPS-TDC,10,8,normal,encrypted_upload,4,500.217711,7235,1119312,1062,0,0x129cae077cc54b774912236487bfcd2b2a5989750b3c89b4956d4cf7294ccfdf
RPPS-TDC,10,8,normal,encrypted_upload,5,504.864787,7235,1119312,1063,0,0x140bca66a8bd4c60356ad25b2ed07c3ef05810780ae7f5b0f10fd16ce97bc115
RPPS-TDC,10,8,normal,encrypted_upload,6,501.304883,7235,1119312,1064,0,0x0fdea92dc5c7bc95ea5d025485737f340197ff9e2e0b039741eedf1b5e8413b0
RPPS-TDC,10,8,normal,encrypted_upload,7,504.984333,7235,1119312,1065,0,0xa2cbbb738e600549a6248ba16a1348a9b9571a0c155c84f8345fcf0bfbef0a93
RPPS-TDC,10,8,normal,encrypted_upload,8,501.323993,7235,1119312,1066,0,0xa1cad3852fab9ccd8574e2937d58f02e3d8152c956143d255a6c6c11f6a85d2c
RPPS-TDC,10,8,normal,encrypted_upload,9,501.524994,7235,1119312,1067,0,0xb76e44883b1ba47c1310f25f5ad83e304048767563cd3811ebf9f2d85ba7228b
RPPS-TDC,10,8,normal,encrypted_upload,10,503.711815,7235,1119312,1068,0,0x6d9eecdf033197ade06403e6d51d7aa3b2838c62455cba9bff2e35570b56d5ff
RPPS-TDC,10,8,normal,trust_update,11,488.446712,225,11089,1069,0,0x586bd9359d544f337d498c7ac4fa1b2b3e73ee2e6bfa43a930b3efed223239e5
RPPS-TDC,10,8,normal,selection,12,500.702055,225,16125,1070,0,0x6ab4931d0f5c96663ada8ff31d27853364844e245a3d5064adc36af783e8fccc
RPPS-TDC,10,8,normal,result,13,500.043351,225,16102,1071,0,0xf309b178abd773c239608497b0279bdc5fb4ca159d7ef545d83e4f8a1e747702
RPPS-TDC,10,8,normal,reputation_update,14,503.692752,88,7486,1072,0,0xc3e8a9bebac2da194a5be0c7660e89cf733d072a55902971962f50dd1771d207
RPPS-TDC,10,8,normal,reputation_update,15,499.655297,88,7486,1073,0,0x472def74f1db5e1387f8dea03c184f66ce4d214c36fbe1a66d30882f236744f8
RPPS-TDC,10,8,normal,reputation_update,16,500.511409,88,7486,1074,0,0x29e0a4d2fab9c6bcdb8a9f6a87f630a53b9965008cc6f4e549f3edf5416ce07f
RPPS-TDC,10,8,normal,reputation_update,17,501.144397,88,7486,1075,0,0x79852bd1a43a9073a26cf79490ed83d7dbce5c75cacb30f415770e1dd9995865
RPPS-TDC,10,8,normal,reputation_update,18,502.478252,88,7486,1076,0,0xfdf8c4cba0c557588823e046299124bd991f218b15ba581e14f53639992c390b
RPPS-TDC,10,8,normal,reputation_update,19,501.565954,88,7486,1077,0,0x36d59ca6f447f8dd237cac6412f128e923858a328409ff9d75f1a1f5beb09dba
RPPS-TDC,10,8,normal,reputation_update,20,515.778501,88,7486,1078,0,0x56cdedde969abf24629ac87d64874ef28fd31e9cdb6cb3ef1d2b6ad8a870c17d
RPPS-TDC,10,8,normal,reputation_update,21,487.029297,88,7486,1079,0,0x96865afe1e760c72c5006d3174f0d25e86d3ef442bc7721da6b200e9490b0b51
RPPS-TDC,10,8,normal,reputation_update,22,504.572313,88,7486,1080,0,0x99362efec1fb83329cfb6aa3f9f749f57612668dca4eacb161d0b7fc3fe60d60
RPPS-TDC,10,8,normal,reputation_update,23,499.897837,88,7486,1081,0,0x95f1a700ba9189e55fbf7df609f195b4b4aa5d69e3c2c9af90b7786866ee16ec
RPPS-TDC,10,8,normal,settle,24,498.837197,225,11065,1082,0,0x6180016b83c82c73e329a0eaf275c33974b2e01081f3c0ea3a69fdc3e068fb08
IRPP-TD,10,8,normal,publish,0,542.517005,289,16530,1083,0,0x8d5ce3fcef82122abe955610c75643284628dad7e5e7db058cb900ac8c40591e
IRPP-TD,10,8,normal,credential_refresh,1,501.099301,289,28384,1084,0,0x468bc3dea9b378ac0869dacdfcd64689407a2050bda53b16dee5b7bf8f6c5625
IRPP-TD,10,8,normal,credential_refresh,2,500.810770,289,28384,1085,0,0xe0f6233c04b782b3ee0175c7e9a92f5fc463c32a52af1985906bf1f686f40467
IRPP-TD,10,8,normal,credential_refresh,3,501.756784,289,28384,1086,0,0x225bf5057550cecd5efc4fac2fcf4b4880144985c9ad0ab454b23b6b7a04e4c1
IRPP-TD,10,8,normal,credential_refresh,4,501.464942,289,28384,1087,0,0x73b3d62cb12307057bc66a50a2d90c6520775faa407d2de6323fd16e981350a9
IRPP-TD,10,8,normal,credential_refresh,5,537.124479,289,28384,1088,0,0x8ad0ebd80e4e5714dfdee317ca8bd4f4f0c32ca6d5e4929a02b39df5304ac6c9
IRPP-TD,10,8,normal,credential_refresh,6,504.985557,289,28384,1089,0,0xc3e1e6fee63ff2238068df7fe896d9e81da60bf1006e46896f8c9476b6af15cd
IRPP-TD,10,8,normal,credential_refresh,7,491.933699,289,28384,1090,0,0x926dec59d665a3a42972390d87cda7a0f3226dacae6eccb70695185e4f28d2c5
IRPP-TD,10,8,normal,credential_refresh,8,500.271713,289,28384,1091,0,0xa73033f3fdb2c0b8302af5b9a0a9af9540255bcb8a8ecea66a5daaa95603932d
IRPP-TD,10,8,normal,credential_refresh,9,501.362280,289,28384,1092,0,0xf0573096c266808d69abb035c6014667f139c021c9b16809be5e0a062132e273
IRPP-TD,10,8,normal,credential_refresh,10,501.012945,289,28384,1093,0,0x6f07a1352c1f2d09720c0e9f65ec80606ede754bd87d9f613cf7a057bc553cd6
IRPP-TD,10,8,normal,input_close,11,501.632391,289,18625,1094,0,0x4707e90c68f00e8391a38f3de5450d7bd434a60f9bbd4b713f08060b73b86ffc
IRPP-TD,10,8,normal,output_commit,12,501.241948,353,26849,1095,0,0x5b4777d83ca585226eaeb0f1054c909f87f68a919508b00b08a51eee7b10e583
IRPP-TD,10,8,normal,settle,13,501.204354,225,13383,1096,0,0xb29cd4c5758d75ad6c29c16a8df94e39321220fd6ea48bfc04a1bf303bf08319
BSIF,10,8,normal,publish,0,514.997078,609,76767,1097,0,0x5c872e21ce635ade12e63cafeca1e4759601baea383763ed2074e7223c350bdd
BSIF,10,8,normal,encrypted_upload,1,525.702012,7651,1185200,1098,0,0x1e4c4b8b44bcdf5e77f81858e043ef98dac6d1b470471fd3405ec31a21150975
BSIF,10,8,normal,encrypted_upload,2,473.979017,7651,1185200,1099,0,0x79af800f1da79dbc951f9229b290309bacba8dc4608465ba51e2d6f2cb329aa0
BSIF,10,8,normal,encrypted_upload,3,626.221290,7651,1185200,1100,0,0x60d9b0899f8f8a916dea68597aa3c9f0a0fda716c4d2ab7b8d8a68fd17f2ed2f
BSIF,10,8,normal,encrypted_upload,4,377.965328,7651,1185200,1101,0,0x13dd4d34af0fc1f3312973f35014de2cbac06db173ecbb5a43cf10d302803696
BSIF,10,8,normal,encrypted_upload,5,503.123148,7651,1185200,1102,0,0xcbd934d64562a0a21352cc7eec2707664202f55474503230ab24ad7aa762971d
BSIF,10,8,normal,encrypted_upload,6,502.834037,7651,1185200,1103,0,0xf8bccfc9c1d35173185e3ecdfcad9969b51cf83907e9a290d9cd145378bb4716
BSIF,10,8,normal,encrypted_upload,7,501.446182,7651,1185200,1104,0,0xc6a5251066cefa7ac8910bf751c69a1b485d74585ca5dea4d500f74f6796b8f4
BSIF,10,8,normal,encrypted_upload,8,503.504845,7651,1185200,1105,0,0xb42f35acd7602e11382d94734ab4b4219ac7b0a4c3e50a1720a0ff2a173b822e
BSIF,10,8,normal,encrypted_upload,9,501.366657,7651,1185200,1106,0,0x0fde992a01db00292f7422be69c68ad6745b0f66d4fc978d3ff92361718d4d67
BSIF,10,8,normal,encrypted_upload,10,501.731360,7651,1185200,1107,0,0x9b390d9c1009faf3d31062411e8d29bba1271b47f41566bbe6908eb6f0801ad3
BSIF,10,8,normal,quality_report,11,538.597478,225,18236,1108,0,0xbf86c952f23171091b67027d412fa6840916be04ef076159fbcabb057d02c1f3
BSIF,10,8,normal,reputation_update,12,466.245783,88,7486,1109,0,0x455b35fad23bd6f927b3ad515a4a61c37c2ba07020f90f066cb6cc13e42233c1
BSIF,10,8,normal,reputation_update,13,499.696075,88,7486,1110,0,0x8b0fbbc720f5a25b2cc6ce550b4d12061c3741650405f337f02e6bd397eac5fe
BSIF,10,8,normal,reputation_update,14,499.345945,88,7486,1111,0,0x9c6701093f5028f6ca24c26464c1eb0ab671917b2ce0f70d0408f318478a5cc5
BSIF,10,8,normal,reputation_update,15,502.302235,88,7486,1112,0,0xe1c3ca3a270f5a1dda6206f70898a0829bc20ab71cde0ab33b22c8184bddb6d5
BSIF,10,8,normal,reputation_update,16,500.870000,88,7486,1113,0,0x702de2c29573e9af2edc30f08b39fd920e3e7e1e34e3b2bb0550bde6ac0a654c
BSIF,10,8,normal,reputation_update,17,498.527409,88,7486,1114,0,0x366e9fd7c2b8fdd7ab168d99a6133d30933ee25df17f8ab501fd3241c73b3ef7
BSIF,10,8,normal,reputation_update,18,506.286496,88,7486,1115,0,0xb95b12200fb7f8add69d9070a80cd5d04c13e41a203e59cc37e23c596915e4f7
BSIF,10,8,normal,reputation_update,19,567.188702,88,7486,1116,0,0xf9a0780b55d089b3c9ec7c4012c983c136c109c32eddf1d1cb298d04c9b218c9
BSIF,10,8,normal,reputation_update,20,499.055716,88,7486,1117,0,0xf4f4bbc864294e716ac8641e95affee46d4645b70d5e76ea719865474dc6dfca
BSIF,10,8,normal,reputation_update,21,505.681677,88,7486,1118,0,0x52a5edde04ada894ffef4ced1d1419b410e4adbc26b8c8e488c29b750a759afe
BSIF,10,8,normal,settle,22,501.498862,225,11065,1119,0,0x11e63e360369d40d2594e1e8fc8f182cd9534865b23e17c175ba43c7339af32f
IRPP-TD,10,9,normal,publish,0,502.596999,289,16530,1120,0,0x786be4b6098e80bd316ffd1364f55a63ad6ec98b1985b70394f8115c91d3bb3e
IRPP-TD,10,9,normal,credential_refresh,1,503.490398,289,28384,1121,0,0xdfbb2fbe2217fcda986ee8b7d0a4c44ddf8e1186f5a2d980c331359b168bb563
IRPP-TD,10,9,normal,credential_refresh,2,500.054419,289,28384,1122,0,0x0f7c9395ebb43785276b3ea6d96e998048413f53d66746015d584b8f18261de5
IRPP-TD,10,9,normal,credential_refresh,3,546.992892,289,28384,1123,0,0x8a5eb27cc58c885d6dfedbcb1c6e42d7eeff5bd0eb7d112e687147c99e8f9e24
IRPP-TD,10,9,normal,credential_refresh,4,454.842615,289,28384,1124,0,0x442b15dbe0af12fadcbdb9556926acdc185e2c24756eee3ee7a158d0d27364a1
IRPP-TD,10,9,normal,credential_refresh,5,503.650377,289,28384,1125,0,0xba5279b2ede7379a52a91d6516f191255f26fb8e0edb23b977791fc9563ff586
IRPP-TD,10,9,normal,credential_refresh,6,498.222672,289,28384,1126,0,0xd8532c9d4d6eed3ff5f8f82eb033dccf027135ce374f695d78f6b1498c7eb25d
IRPP-TD,10,9,normal,credential_refresh,7,503.011778,289,28384,1127,0,0xc0f42f7c97d9d96d2d1879b14b3290bcaeec9e1d241e1ab9d73d3e046b490bc9
IRPP-TD,10,9,normal,credential_refresh,8,535.998789,289,28384,1128,0,0xd9131bae29346a7f0d96bfe5443c6089d966e26260673c97bc71ea89aecbf7d0
IRPP-TD,10,9,normal,credential_refresh,9,467.261441,289,28384,1129,0,0xd3919c9d0e930991b6d2fdd02d7d8b11eb3d1955d770f8c2ae76e67bc0c0f67d
IRPP-TD,10,9,normal,credential_refresh,10,499.723403,289,28384,1130,0,0x1e5107afdf4c8bf3dd2ffac48d8d015a6b8b9ea384f4387545c6586c0b4858cb
IRPP-TD,10,9,normal,input_close,11,502.563032,289,18625,1131,0,0x179a53731d67b9746dd459494c75f3c7be83f2d579c529a47e76b938e7b6800e
IRPP-TD,10,9,normal,output_commit,12,502.566645,353,26849,1132,0,0xa307331b7e1b44ae9ca4147a4cbb7645db3b15d06a02da3cb0e8569577c0f3de
IRPP-TD,10,9,normal,settle,13,501.111122,225,13383,1133,0,0x9c92fc7ab651c5a81e387f6b6122603ffce199a480d8c19a53e7aec679dc4f13
BSIF,10,9,normal,publish,0,497.267277,609,76767,1134,0,0x01ca15922cf991f9ada1dcbdfabdc6b23099f9ae709c1eaf0a7380adb7dbff73
BSIF,10,9,normal,encrypted_upload,1,501.561667,7651,1185200,1135,0,0xc19b7edf0a949e034dbdb8d952acaee810e324098e88b3c6f9497217e85d62c5
BSIF,10,9,normal,encrypted_upload,2,503.728871,7651,1185200,1136,0,0x9da27a9ff63c4dc5795726cf6bade3328a2a4a5b4fa9ef4ee74d82c621d470e4
BSIF,10,9,normal,encrypted_upload,3,632.839255,7651,1185200,1137,0,0x40b1d3d953f52031c919ed9e38577e4a98d9422deb9189284f9a4d23e324d501
BSIF,10,9,normal,encrypted_upload,4,369.267251,7651,1185200,1138,0,0xdd1d026caf70e8d54307cfe13e39f76d3d2944f5d127e193861d09dfe5688a43
BSIF,10,9,normal,encrypted_upload,5,501.256009,7651,1185200,1139,0,0x3de291d3c68a3667ffea23c8c26fc0bf15bed39db8065521a3303b44561cc85a
BSIF,10,9,normal,encrypted_upload,6,503.150723,7651,1185200,1140,0,0x0a49ac5f1dfb80981d8e2918b27d1e5e4999543ca3b5c71ffd56f0374c9a0a73
BSIF,10,9,normal,encrypted_upload,7,544.449837,7651,1185200,1141,0,0xac1c22298dc77cd257bba3dd10052f1435b137ed47c7d82fe8994a0c6300257a
BSIF,10,9,normal,encrypted_upload,8,542.762540,7651,1185200,1142,0,0x9b1cce7c94abe2a2d47d7346dc97f2ef8f22da8335f8d615b0775c719ae236ec
BSIF,10,9,normal,encrypted_upload,9,593.441261,7651,1185200,1143,0,0x90be4019eb4ddfe214798539869150484dd1268f1e9679881ca2584199900aaf
BSIF,10,9,normal,encrypted_upload,10,409.830631,7651,1185200,1144,0,0x4aa75181f3154df1ecf14bf4f9a3200f671702fdb2d8f421fa4744ba0c229349
BSIF,10,9,normal,quality_report,11,502.794412,225,18236,1145,0,0xc0cee56d555a56199be8812f332a0bce2507cf2be88774e1974e47b376948791
BSIF,10,9,normal,reputation_update,12,500.426965,88,7486,1146,0,0x1ef47f8fa49f4dbc37a8576ee28b61426775ff58840456f4420631471509ec46
BSIF,10,9,normal,reputation_update,13,501.510192,88,7486,1147,0,0x7a2faf8513715f0fb6775b10a7d3cf3bf3cefb806fde2e2be5eaef39f530b5bf
BSIF,10,9,normal,reputation_update,14,515.978392,88,7486,1148,0,0x229d4335686d50f41806cabeb61fcf864c6aa87f2e1a79a3ee75606515fbb77a
BSIF,10,9,normal,reputation_update,15,486.457784,88,7486,1149,0,0xd850f9f059ccc076e383ca7462e6c45449c1bd2f228454e54d11addbe02adeb4
BSIF,10,9,normal,reputation_update,16,501.554070,88,7486,1150,0,0x9d95ce90bcd196a6fed3f272e7abb7185408081345f4c6b9eea6240acb2b7c42
BSIF,10,9,normal,reputation_update,17,500.542105,88,7486,1151,0,0x5f9e49b8ae5646a9f638a173791b6e3df3c0847bb5863efbda1e892df9317195
BSIF,10,9,normal,reputation_update,18,500.271285,88,7486,1152,0,0x4f9ed1b09a0c1af99912f83f91eea70bb97876f9d1768ba535e198397848df9d
BSIF,10,9,normal,reputation_update,19,502.448689,88,7486,1153,0,0xa2b2b6e30300332f9f32acf50e89395fe66eb295fd119a3631d6cda42fff8e7d
BSIF,10,9,normal,reputation_update,20,501.392824,88,7486,1154,0,0x11082ce1fe15bfebaed20ce74a6f971b72b4d4b5266693484857a9d1ef8f16ea
BSIF,10,9,normal,reputation_update,21,502.422163,88,7486,1155,0,0x11c7a1906b8daeadba3be8a6835802aecec5e0060745c60cf485b2f295abe91d
BSIF,10,9,normal,settle,22,501.809228,225,11065,1156,0,0x9aa2be2f5a95b0ad971514bd724f1aea4cf1e1a685687d3f1f6cc68b9e896546
RPPS-TDC,10,9,normal,publish,0,496.491487,609,76767,1157,0,0x9a59ee818e6affb4063cbd8f1bae7034acda9f25c70a907df66a0f9628600a04
RPPS-TDC,10,9,normal,encrypted_upload,1,515.613481,7235,1119312,1158,0,0x156a0706685ade19257a1811b2bd9a063f8386900aedf5459b87b75a2d527088
RPPS-TDC,10,9,normal,encrypted_upload,2,490.339904,7235,1119312,1159,0,0x76cac8f17865f8272cf14e80e358895940121b3e6ac85d3035ed380c78669989
RPPS-TDC,10,9,normal,encrypted_upload,3,501.119836,7235,1119312,1160,0,0xb0aec58e0d7ab1c4ab5041563883602f915e12581478bffe1c3349b71026b8ad
RPPS-TDC,10,9,normal,encrypted_upload,4,502.755862,7235,1119312,1161,0,0xa9ee11fcd8a70ed1a0bdcaea45c0b1682b24de7cadc05864b51be7e091392f12
RPPS-TDC,10,9,normal,encrypted_upload,5,499.081015,7235,1119312,1162,0,0xda793b5a21d406c52ab78e74bdf279de748d6736397a7c9207c2382f410aaf19
RPPS-TDC,10,9,normal,encrypted_upload,6,502.739212,7235,1119312,1163,0,0x74ff8570c2b85c504b2076701ae5f4c05406dc46c756f9573cfbb4f31ab5a0b6
RPPS-TDC,10,9,normal,encrypted_upload,7,502.509415,7235,1119312,1164,0,0x0839467d73149fdf8c8e1e80346183ded7b6d4f75bf4fd8f353635e7732dec9a
RPPS-TDC,10,9,normal,encrypted_upload,8,500.286104,7235,1119312,1165,0,0x28d00070442c7942c989b732b90c904389e6908aaa6408df6bf9db4c29db2a2e
RPPS-TDC,10,9,normal,encrypted_upload,9,503.240518,7235,1119312,1166,0,0xb3cad19f40beab666e632a7baff654398164594124309f535dbb7315f92fab70
RPPS-TDC,10,9,normal,encrypted_upload,10,499.412180,7235,1119312,1167,0,0x355ec01b16883780605131dc23fb1e9dd13903cb0a2fadd1ed1179c85b483dc5
RPPS-TDC,10,9,normal,trust_update,11,501.095026,225,11089,1168,0,0x0ce5d9e27083c2592103d411a01cd2dce4f8983b8599bc4eb19f3e368bbbf933
RPPS-TDC,10,9,normal,selection,12,502.427031,225,16125,1169,0,0x8fdd6647f039f706b26b4d260de893ba89ac51f3e4edb94e54d33acc18cd3e46
RPPS-TDC,10,9,normal,result,13,501.148887,225,16102,1170,0,0x19fd90c436b54b72c853401c94f6493ef719bbc1ec0c8414732e8bd8e750eaaf
RPPS-TDC,10,9,normal,reputation_update,14,500.988924,88,7486,1171,0,0xf5d5b88eaed7d815b96854e2c61c11c839bf31863bf830ac00ebccdf5a2b667e
RPPS-TDC,10,9,normal,reputation_update,15,503.944627,88,7486,1172,0,0x859cd600fdddcec4b3bf26f5919e34f4592ec150380ee9c6c8352278125c0ab2
RPPS-TDC,10,9,normal,reputation_update,16,501.619827,88,7486,1173,0,0x35e90cd95493899fbdd814c5a1d42f6d49a988504bcaefdb9839281a354109ce
RPPS-TDC,10,9,normal,reputation_update,17,500.238603,88,7486,1174,0,0xd4024a1d4acf07c6d4e2c23e525ac79dee7b625070f3f08fa047f568921fe81a
RPPS-TDC,10,9,normal,reputation_update,18,500.416659,88,7486,1175,0,0x28680343e01d46238122133ab8add0e74cedeb4658b8adb5987989d27d82e864
RPPS-TDC,10,9,normal,reputation_update,19,504.307983,88,7486,1176,0,0xeabe63b4eb9f864f9a5c8c5a53cc81cdda48ca388fe636fa8b2d13fad68461f9
RPPS-TDC,10,9,normal,reputation_update,20,498.867146,88,7486,1177,0,0x3cd8acbcdc6f6b4ad7552cb542627b66f48c282a6f80117f0ba3e051124490d8
RPPS-TDC,10,9,normal,reputation_update,21,539.406914,88,7486,1178,0,0xbd61df852a1a21eb6614191be82b1b24151d43d616398ed45b8d6d935189641d
RPPS-TDC,10,9,normal,reputation_update,22,466.221448,88,7486,1179,0,0x18f51fd585afad2ab90b542954e20bce28be7111d318e157f4dee35909efd601
RPPS-TDC,10,9,normal,reputation_update,23,596.851185,88,7486,1180,0,0x5dcfc40bec29f72f0505287e4f0930a4bcc969689cf273cab52454df598bd0ad
RPPS-TDC,10,9,normal,settle,24,465.142951,225,11065,1181,0,0xe77a9851a317b434d7402aeb0a6fb908f3db645ee30c5855e48bbcabe5e6987a
BSIF,10,10,normal,publish,0,500.146537,609,76767,1182,0,0x6a02154e2deb6557370e155fd1d535442b32d2223a46e24c140c609f40c78046
BSIF,10,10,normal,encrypted_upload,1,503.632782,7651,1185200,1183,0,0xea3e495ea8c1dda1105224c1491551629c70a6915c95a9475689bc76bfb2cacd
BSIF,10,10,normal,encrypted_upload,2,628.885997,7651,1185200,1184,0,0xd8f01a6757147858f6b24f866462531bc86acfe7ce2a24627335fceff81dea01
BSIF,10,10,normal,encrypted_upload,3,372.477179,7651,1185200,1185,0,0xba0f133fbab6d6b24c897c2c895adb7e3288b137a865495e2accab647dcd8409
BSIF,10,10,normal,encrypted_upload,4,501.767654,7651,1185200,1186,0,0x31462787c2bcaba2dd2d7b78dd03b07ed11fba02257cc8ae5d5a8d8cba7eeadc
BSIF,10,10,normal,encrypted_upload,5,502.828894,7651,1185200,1187,0,0x58f5f09e3db8b696549578f74c36b0d9df93f859e6542391535bc16ec124316f
BSIF,10,10,normal,encrypted_upload,6,581.956933,7651,1185200,1188,0,0x34f1f6c7c323e2ddb523a4b61cfbeb4e16afbc0fd42fc67fbcd2721a635a1f79
BSIF,10,10,normal,encrypted_upload,7,420.109209,7651,1185200,1189,0,0x7356b8a2f22ccb232b5f41782035ca14124a60db6b3e6423ce2503d1fd909993
BSIF,10,10,normal,encrypted_upload,8,500.778601,7651,1185200,1190,0,0x7dd5254c249d9c5dc97ec8ef25ecf65927c6a9292bd1b4d2b5c56b1a25bcd68c
BSIF,10,10,normal,encrypted_upload,9,507.087447,7651,1185200,1191,0,0x34e9159f597f4ff2ba45157532f184a42219958b3c975f92a1d5973779fd6e4f
BSIF,10,10,normal,encrypted_upload,10,501.225007,7651,1185200,1192,0,0xbc29f6807431ed45a77847eea482362593befb15b1d66225cb038bb1617d072b
BSIF,10,10,normal,quality_report,11,499.573179,225,18236,1193,0,0x5e1f839a22e811a0acf9afec29c8e3e13e5317645af64bc8d0d573e42a04255d
BSIF,10,10,normal,reputation_update,12,499.641250,88,7486,1194,0,0x8664d91b8686f58a7a16d0d46f6aea0e991a823d9f2337fcc2998d1cad28df9a
BSIF,10,10,normal,reputation_update,13,501.619684,88,7486,1195,0,0xc288a1cc8a755c5d16c08bc4856ab5aa811a3837ab358a856e499f81962357e8
BSIF,10,10,normal,reputation_update,14,620.463763,88,7486,1196,0,0x8ee77acc1346e9826aa3e7ff662eb0c977c12984a3c4de024867872a0b383d29
BSIF,10,10,normal,reputation_update,15,386.155351,88,7486,1197,0,0x1b9c5e628a14aa90af48607d87b6b5b1f89302a357edaf69e9c8b24a42172d6a
BSIF,10,10,normal,reputation_update,16,508.075857,88,7486,1198,0,0xc97f0a7996d34aad00c9dd0dc19721fc4b71aa465e969580b7c6036ef6ffcaa9
BSIF,10,10,normal,reputation_update,17,465.821795,88,7486,1199,0,0x0602abecc1f87100c6504e6b211705302bb954415a828dcc3d9a80bf00bd2976
BSIF,10,10,normal,reputation_update,18,525.730933,88,7486,1200,0,0x30b109a4b1f4a99331c6ad43cbdbfeb17e44446bb89a098496399a9daeca81c5
BSIF,10,10,normal,reputation_update,19,499.723702,88,7486,1201,0,0x4eba6992676f69fe8af6afee3df7a0ff51fa393c6cc8884bb001ce9c58ce0208
BSIF,10,10,normal,reputation_update,20,503.921898,88,7486,1202,0,0x35bca560cc7732e85d8256c5bb412f582c4f4aed5da263de2a59e2ebeceda27c
BSIF,10,10,normal,reputation_update,21,500.138822,88,7486,1203,0,0x0c802569a1dc42a1065d6a6ba1a39a43b8e048c8c94fcb535d54114bd6b7e396
BSIF,10,10,normal,settle,22,503.937601,225,11065,1204,0,0x05f77762e105ff96f7aa1d47631098351a438f7055963a98f9915d58fcfa2804
RPPS-TDC,10,10,normal,publish,0,497.552461,609,76767,1205,0,0x63c0d10b3c79571c6c20173224718c0d09a3b90d9052adc1a4bc0a407b7c20d8
RPPS-TDC,10,10,normal,encrypted_upload,1,506.358548,7235,1119312,1206,0,0xaee7e0bc9d200a71405cb7ea13ec9d1adc83e448e562a978488e377605188c6c
RPPS-TDC,10,10,normal,encrypted_upload,2,500.785453,7235,1119312,1207,0,0x015806ae323c117205a7abfd08c33bf3ac9349a89f39d79a719d508d001e3f75
RPPS-TDC,10,10,normal,encrypted_upload,3,536.478736,7235,1119312,1208,0,0xa35943e4575fd695ba0ad0a566fedc1fd5a3c8fc81cf51d320e2b1948c197feb
RPPS-TDC,10,10,normal,encrypted_upload,4,470.146758,7235,1119312,1209,0,0x993347a4d27423da8c52be36b9a364c87bec15bc3027bd586a4a4c1212af7207
RPPS-TDC,10,10,normal,encrypted_upload,5,499.289375,7235,1119312,1210,0,0xf18226d5ea1232ee1975f40374c7e1a05a945be5a50159cd7018ea46aedcdc36
RPPS-TDC,10,10,normal,encrypted_upload,6,501.492968,7235,1119312,1211,0,0xb4e8e02f19b69fe3d43625432131b0619199e954de83c21608147b909e9f4c5c
RPPS-TDC,10,10,normal,encrypted_upload,7,501.517632,7235,1119312,1212,0,0x76073acdda731e2fa5b56fbb921d099f486ac2c89ee25301797c90aee79c5fd3
RPPS-TDC,10,10,normal,encrypted_upload,8,500.433471,7235,1119312,1213,0,0x4d7fb9603cdbd43010ff2366af834a3d92f37dbe11ea53f079ea47381f9e83b1
RPPS-TDC,10,10,normal,encrypted_upload,9,500.882229,7235,1119312,1214,0,0x1c1ebb8fc0948751f5c6752e0e04818d85b3f375cc2b72d08736b4e790f20388
RPPS-TDC,10,10,normal,encrypted_upload,10,501.801709,7235,1119312,1215,0,0xbba50690ed8231436d34a6fb0c41ac087adb0c88b80d8c472a73ddace6d4d5e6
RPPS-TDC,10,10,normal,trust_update,11,499.748228,225,11089,1216,0,0xb733c073a68470aa2c4cd31ef87114b66bfed640db188b4a9f926eca8c4e3945
RPPS-TDC,10,10,normal,selection,12,503.596391,225,16125,1217,0,0xb77e0be433daa1994734d1dbda1a35c6e24433df106f8a4106bab78d41eb75e6
RPPS-TDC,10,10,normal,result,13,523.456142,225,16102,1218,0,0x560751ae3911a26944c110f9600bf4b4ba18a547b8b9e801bbc3278ace3eb245
RPPS-TDC,10,10,normal,reputation_update,14,574.832522,88,7486,1219,0,0x2f7f6b20c869d9ae8093586fa05ef0f5f9d069972b2f2977ce60c73d563393b9
RPPS-TDC,10,10,normal,reputation_update,15,499.943576,88,7486,1220,0,0xf9eea71c19050f9d2f62c002290f18a4e94784067e6d17c3e3876daa885697d2
RPPS-TDC,10,10,normal,reputation_update,16,503.972680,88,7486,1221,0,0xb0b501544a88a620af7e0667d94a7d5b2aa797c2cef1fad89a80e3aa1f50934f
RPPS-TDC,10,10,normal,reputation_update,17,500.205426,88,7486,1222,0,0xa3dc0a3ebbdc2bd712e2d9575a5b2eb2c090c0000094720a8a14b19737ef82d1
RPPS-TDC,10,10,normal,reputation_update,18,502.831524,88,7486,1223,0,0x40abd7c43450e7a72e33dede8ffcf8f7d55bba030288906d48dbef66633824dd
RPPS-TDC,10,10,normal,reputation_update,19,503.737486,88,7486,1224,0,0x5ab3952760cf0c54915393314ee8b66758b30696072751b5dda5e00c8334abde
RPPS-TDC,10,10,normal,reputation_update,20,498.415024,88,7486,1225,0,0xfa48393436494c22d239ca2e0c0d22b90779a68eaa454b718cab4d728da8e19c
RPPS-TDC,10,10,normal,reputation_update,21,506.164506,88,7486,1226,0,0xc747cfd38e09cbb36a48afadcc6daadc0c9ab1e08223fe56de6c298ad478b7b7
RPPS-TDC,10,10,normal,reputation_update,22,501.402083,88,7486,1227,0,0x4919ae0f151ca14eae15998e5ced61b575369e410e56cec5e8aac82cf8ce4d30
RPPS-TDC,10,10,normal,reputation_update,23,502.012586,88,7486,1228,0,0x4f37e2daadeea459b5ef54906c739753a60970abc1d027fe41a64bd5fb1ba1b5
RPPS-TDC,10,10,normal,settle,24,502.808791,225,11065,1229,0,0x4a972749de4d435aebeeb1d3458d9fbc3f91fabbe7c2583ed35039094d54b597
IRPP-TD,10,10,normal,publish,0,499.102577,289,16530,1230,0,0x58417d4f50b8766182b4a50c2b5dcc41ae335433c5cbee75b6f004413543cad3
IRPP-TD,10,10,normal,credential_refresh,1,501.193852,289,28384,1231,0,0xdbabe0d013d2f74940e7d1081f1cb10f828786b3a4ef86359f99faed893cb527
IRPP-TD,10,10,normal,credential_refresh,2,500.472054,289,28384,1232,0,0xb3f3ff9fda207153760e85fa58b98b53d3aa8c7b9cfb8a1f44f518569e7d7d57
IRPP-TD,10,10,normal,credential_refresh,3,503.007053,289,28384,1233,0,0x7d68b58bf00d6b078c6ebc61be2047daf5e7cbe9eba77e971492d672253e420c
IRPP-TD,10,10,normal,credential_refresh,4,544.697371,289,28384,1234,0,0x016ec9ae781644a8a7578fa80561302ab5c679a3951b9e2f241d09214d908b28
IRPP-TD,10,10,normal,credential_refresh,5,558.262503,289,28384,1235,0,0x516a0f67ed02d82f0cfecfd9cbb08671a481002895ea952ea520058e4660422a
IRPP-TD,10,10,normal,credential_refresh,6,502.169698,289,28384,1236,0,0xd66341ada6d57b3239862f1fb612d39d97dfcd2b14798681f7ab9e3de5a19453
IRPP-TD,10,10,normal,credential_refresh,7,501.090115,289,28384,1237,0,0x2864b4440314304ebf7df549c4d0aa3cc24df554fcfde412290eeea6501b0bd8
IRPP-TD,10,10,normal,credential_refresh,8,499.424870,289,28384,1238,0,0x1cbb9f2cfe4f15bef4f45ca00fb994773ef0c484e73f2a3e8d83f65aee3a174a
IRPP-TD,10,10,normal,credential_refresh,9,590.032312,289,28384,1239,0,0xb80c5af6e6787dadbd967a6b7f220498cf64dc0a3f83ce1f1f2ff1282179786d
IRPP-TD,10,10,normal,credential_refresh,10,499.137596,289,28384,1240,0,0x200cd69f8e250d6c3577fe18c826c6f6c35dad0a70c99e09a3016c798134bf56
IRPP-TD,10,10,normal,input_close,11,500.107904,289,18625,1241,0,0x5e42fedf9a939ef0be8bdf48e57aace3d6de482a8bbe88bbe1c777b1d027792b
IRPP-TD,10,10,normal,output_commit,12,503.228192,353,26849,1242,0,0x9f78374700b5ac018e13b67203377b5701113a63023449780aac935fa6a303df
IRPP-TD,10,10,normal,settle,13,501.234020,225,13383,1243,0,0x2d3116ab5f2f488889dc4be2cd413bdfc2b081dfe104fe9a73692302eb308df5
RPPS-TDC,10,11,normal,publish,0,501.036592,609,76767,1244,0,0xcb6da2f32c2f8b4d4a98eeff5be01d5b9929c1e615d8283e5da95c6a3cd3e957
RPPS-TDC,10,11,normal,encrypted_upload,1,500.474243,7235,1119312,1245,0,0xe0ff843270033abba3727a50106ac02bbb56c89632682f6c8985377e8c05dd94
RPPS-TDC,10,11,normal,encrypted_upload,2,502.709843,7235,1119312,1246,0,0x49c223a276c4a9579aacdc39513291c77e303768f953968f811ec7d5e82cd33e
RPPS-TDC,10,11,normal,encrypted_upload,3,501.164325,7235,1119312,1247,0,0xc86318dcdcb04e41b18aa407f316374b2fcf3bafbe68053800ead6577033dd40
RPPS-TDC,10,11,normal,encrypted_upload,4,536.140506,7235,1119312,1248,0,0xd148f111de827034e669abf02ba03f311faf65acc127ac49a423dd2293d6de05
RPPS-TDC,10,11,normal,encrypted_upload,5,466.744825,7235,1119312,1249,0,0xf4ea2afd2aa840d412b33699719a687d7919ce9d18c86d3c55ac94d2a4667fb8
RPPS-TDC,10,11,normal,encrypted_upload,6,504.876771,7235,1119312,1250,0,0x7a1cc06f49d69f50b05c56088f1a8b42c86da2862beab860c898519bd2702e2e
RPPS-TDC,10,11,normal,encrypted_upload,7,493.693195,7235,1119312,1251,0,0x2ce8c02bb6a8b810c47662775668970c686bf4eb47ea65f1e1605dcc4b0ce476
RPPS-TDC,10,11,normal,encrypted_upload,8,504.297776,7235,1119312,1252,0,0x20e0d51014f7d842661cbe31a5ea93b4e650ed41d9ce69a924d9ec73e8799d1d
RPPS-TDC,10,11,normal,encrypted_upload,9,500.378274,7235,1119312,1253,0,0x8d858003a9851d7e9e3bfc17283867c0194bb670fd0c908e557935633ca87884
RPPS-TDC,10,11,normal,encrypted_upload,10,502.184042,7235,1119312,1254,0,0x84918f2a977e30eab4c7d454bb87a7d7ae96a9ce02d98d3329f6e9e5be90204e
RPPS-TDC,10,11,normal,trust_update,11,517.880458,225,11089,1255,0,0xc20928d072d8400586862f066f48c98f27c765ba8ac04b058874120d28c8e971
RPPS-TDC,10,11,normal,selection,12,546.859990,225,16125,1256,0,0xba4e921be6e1e5267c18f46cfeda8b7d7a740978096d83a9cfb9928315d4e52e
RPPS-TDC,10,11,normal,result,13,502.924323,225,16102,1257,0,0x11efdf8dafbd829302331efc12ab9c077a94323ca8a0fe290c4c39678ae71dc5
RPPS-TDC,10,11,normal,reputation_update,14,541.992239,88,7486,1258,0,0xb74eb8831e0758e5ceab220cabb454f23551e73a87076ba4432d08321cf10353
RPPS-TDC,10,11,normal,reputation_update,15,492.517207,88,7486,1259,0,0x49ac0b735f88550d98f7f8494f8ddbe09c41b5af42399f3c3522455440d113ae
RPPS-TDC,10,11,normal,reputation_update,16,504.035981,88,7486,1260,0,0x93d3fe76749d3791cb08ddfa27024253844ae256c4269424543b48fccbee3808
RPPS-TDC,10,11,normal,reputation_update,17,502.638639,88,7486,1261,0,0xb2687c0cafd5f1c45b6ab430302feb75803221736aa9d546cc71f565e8605d83
RPPS-TDC,10,11,normal,reputation_update,18,501.272780,88,7486,1262,0,0x4d8de9ffa780e77098ac355e65e891728f4e9ed22b448b1590917b2c59368c91
RPPS-TDC,10,11,normal,reputation_update,19,501.979700,88,7486,1263,0,0x929a569e3d46b1f7fb204c70669a453ca71ab1b3b514427aa5be79be5e049b44
RPPS-TDC,10,11,normal,reputation_update,20,502.339449,88,7486,1264,0,0xa5a10fffe1cdbcae50de78e421a51ac94de0fd2f2e5dc2759920cb7a0ff9355f
RPPS-TDC,10,11,normal,reputation_update,21,500.069189,88,7486,1265,0,0xba4226c7a8a30a14b47fbb34d41d89a8b678bdc85345f994dc4ae365ce4b1178
RPPS-TDC,10,11,normal,reputation_update,22,507.246565,88,7486,1266,0,0xa183e47870fc31348456d4c7372a9eb5d7ed67e2486ada4bb1bcf873e284b22c
RPPS-TDC,10,11,normal,reputation_update,23,498.350483,88,7486,1267,0,0x0697c573a92cc89f5484dbdcb8c31070836640d1697d3656fdc65724f3be6bdc
RPPS-TDC,10,11,normal,settle,24,502.877033,225,11065,1268,0,0x0c9ef1245e82af901f0a1b490ce153f236df81b592e407002f1ded25a61faa2d
IRPP-TD,10,11,normal,publish,0,499.042535,289,16530,1269,0,0x63fc3132bbf47e16828211c732158c512c9f48d31f3c8492fd350aefb9ed8950
IRPP-TD,10,11,normal,credential_refresh,1,502.697455,289,28384,1270,0,0x7bc31295159de45f70b55b74bd18f3a8efbed58c5fc716e40d3de130d2fc9234
IRPP-TD,10,11,normal,credential_refresh,2,500.904707,289,28384,1271,0,0xfce0a2fb45cfcf675b504eaf62cb545455749ba3f5c6ac560f72e3f61c16017e
IRPP-TD,10,11,normal,credential_refresh,3,502.392345,289,28384,1272,0,0x53c8296a0d54fb312433a25ffb8ab21c522f368ca7184559eb3c16c3b1b5f548
IRPP-TD,10,11,normal,credential_refresh,4,498.893776,289,28384,1273,0,0xf694973bc255c487f70be507303000fd20fe9ecd589c23de4e8c135d22c334b3
IRPP-TD,10,11,normal,credential_refresh,5,503.161432,289,28384,1274,0,0xe7eea0407646ca95cf9d525bd23ba61bff1684111e8d1f078ab2b3e2b3af2ac6
IRPP-TD,10,11,normal,credential_refresh,6,502.232557,289,28384,1275,0,0x3aad47da7053643f84c336d1bad8e29e05fd99fc4039488a09ab0531c9d5653f
IRPP-TD,10,11,normal,credential_refresh,7,499.056378,289,28384,1276,0,0x95f505e5f973f28a97507c465b619c618ae231e28f27c39eea23347771962d10
IRPP-TD,10,11,normal,credential_refresh,8,504.523681,289,28384,1277,0,0xaab07958e4bdad04c917e496aeaeafbcbeb127152616edfc454f24d6f6b62fb1
IRPP-TD,10,11,normal,credential_refresh,9,638.503782,289,28384,1278,0,0xb6ed4df1825b7c608845f4578ceb015512119490fc1925ac90dd3aef443f837e
IRPP-TD,10,11,normal,credential_refresh,10,505.644748,289,28384,1279,0,0xc6afce565e3dfdb57ba123293edb98dbad2ddb4bd20994f04c4e7e94dbf7e135
IRPP-TD,10,11,normal,input_close,11,499.448871,289,18625,1280,0,0x1ca37ea0207e517a46c2460cf106267206e2ef4bb47cea11f809d6afcc9cd43a
IRPP-TD,10,11,normal,output_commit,12,502.112743,353,26849,1281,0,0x3caea95deb72aa08de6ccbf19e6b81d6d8db2d95ecab6fe3b2fd854f80f91fa6
IRPP-TD,10,11,normal,settle,13,546.814288,225,13383,1282,0,0xebdc4add9d975f9548aa7019b23e996e7a071c0a2bd5b2ce1b21cee8780123e7
BSIF,10,11,normal,publish,0,497.353020,609,76767,1283,0,0xdb4e2d6780aab9a4ca7af16a128873aac500d250906a3bb8c19c5a8cde1aa515
BSIF,10,11,normal,encrypted_upload,1,504.883476,7651,1185200,1284,0,0x0b3952677b04f438383ee4840ef2252dba354987dda0899ca035bd25cb61ff64
BSIF,10,11,normal,encrypted_upload,2,499.492724,7651,1185200,1285,0,0x0adafefc7f9489831e5be8e5f74a463a245565091eb9cc7a9907b751acb33a5a
BSIF,10,11,normal,encrypted_upload,3,501.383978,7651,1185200,1286,0,0x3e47078147a229613abdf50503aed83caa0d462f9d081294605cadb499bfb9c5
BSIF,10,11,normal,encrypted_upload,4,501.972409,7651,1185200,1287,0,0x56b55d1020ebc781004e889c4b8d6c9b5b86f07573d2927d95b95ca74c700d39
BSIF,10,11,normal,encrypted_upload,5,512.041149,7651,1185200,1288,0,0xa192632a9d5a94859b0fcfb31ae9bdee3935a0b63b6a7a7882a2ce9d7194ba39
BSIF,10,11,normal,encrypted_upload,6,489.042075,7651,1185200,1289,0,0x56885a082973a076c8b27697475e581c47624314fb6e0a07a318c150db9b67b3
BSIF,10,11,normal,encrypted_upload,7,501.301200,7651,1185200,1290,0,0xa93e43d613e0ae61df4953828df99c2e1b12becc59697d2269905e2213d22b87
BSIF,10,11,normal,encrypted_upload,8,502.296479,7651,1185200,1291,0,0x47508f179f07c70dc2dbd18e682cd2b965e8cfb897db74182d3fdd1ff2e650e0
BSIF,10,11,normal,encrypted_upload,9,502.312948,7651,1185200,1292,0,0xd30bacb6e9735f9d37b93ee70e8ef199c82edf5ed3249dbfc3dc97806c06e07b
BSIF,10,11,normal,encrypted_upload,10,503.275554,7651,1185200,1293,0,0xd5d0e50f668f3ea3c69154c765833f6d5d187d9e3b13af56bf77dacc0aebeb1e
BSIF,10,11,normal,quality_report,11,498.919862,225,18236,1294,0,0x6ef69225b4440f342775c09db9bb821185a2c7f39d7cfdb15a6b8eb817088475
BSIF,10,11,normal,reputation_update,12,503.510625,88,7486,1295,0,0x114ace1c8d503ce9893a406c019c01d9df3154c77126808d9276c5b19921ec0d
BSIF,10,11,normal,reputation_update,13,498.193407,88,7486,1296,0,0x2b36647bd5a66059f549cf7e71f224e8e5a3a3c4c5db91687b94ee5443fb44f5
BSIF,10,11,normal,reputation_update,14,503.638651,88,7486,1297,0,0xf8ee66ca403b4b63b8fe0919e1bec52c98c4e9fc35105f4d90d298886b6f66f4
BSIF,10,11,normal,reputation_update,15,500.353469,88,7486,1298,0,0xf87948cde4235c43a1524360e57eec9f29601dfeacac67be2c344161cf7623e7
BSIF,10,11,normal,reputation_update,16,504.438051,88,7486,1299,0,0xcab04c86c11fcfa295d27e5455cee96da7b9dc723a061b878a7c605a43609b44
BSIF,10,11,normal,reputation_update,17,502.597867,88,7486,1300,0,0x577ffac83e5a011c3abd2e0d703c4243dafd247636665eac5e6cafd7b91be6de
BSIF,10,11,normal,reputation_update,18,542.646465,88,7486,1301,0,0x96ccd9efe2c2472352552923db6b54978d728a4c4fbbea8be45cf1ab1786c5be
BSIF,10,11,normal,reputation_update,19,458.758159,88,7486,1302,0,0x787a1e42ab30fd2eafbcbbf333fba27582420e349f162b5802cea752a2d497f1
BSIF,10,11,normal,reputation_update,20,500.051022,88,7486,1303,0,0xbf572031180cd2bae34943fe8610cd374316800816a47dc3c05275d3517f8e7f
BSIF,10,11,normal,reputation_update,21,501.440204,88,7486,1304,0,0xe02b992432de94c6416b6ff3546f59115834ee318740505925cd9cc41e093d16
BSIF,10,11,normal,settle,22,503.100654,225,11065,1305,0,0x454e284ccb6e60a69c45cf40b2d4321f056b1f2d6cb8e312ca8ceb8e2bb8cd60
IRPP-TD,10,12,normal,publish,0,498.998347,289,16530,1306,0,0x761be7e80632badc2f0dd418fac579743c6d494f74c564d3fa00fdc2aafba341
IRPP-TD,10,12,normal,credential_refresh,1,501.058236,289,28384,1307,0,0x35f99c5969b79faf7d3274c0e53e18f9544d9c4d7bfe95d88f02c12d2b8306ec
IRPP-TD,10,12,normal,credential_refresh,2,516.796411,289,28384,1308,0,0x721bdb04953b20b4874b6ae8f4804467188fcf8315043b1d0d5210f479af9108
IRPP-TD,10,12,normal,credential_refresh,3,485.358741,289,28384,1309,0,0xa446f127d24c64041dda2603db51e8a68f0484ed8a0cb7f586fa917959466251
IRPP-TD,10,12,normal,credential_refresh,4,501.913705,289,28384,1310,0,0xb1d20e38a15e521453ac2d4bbd75ad0e00c3e7742a5e096b0ea79bc16ed2ef79
IRPP-TD,10,12,normal,credential_refresh,5,501.991582,289,28384,1311,0,0x82f383dcc1b70285b2c3154c54b84c878cce78f3ca0f159899fd58aba6404d67
IRPP-TD,10,12,normal,credential_refresh,6,501.618375,289,28384,1312,0,0xb839e8ed06860d73fe2b999bc1ff7dc65496cec0f94714d5d2805746a7d47698
IRPP-TD,10,12,normal,credential_refresh,7,500.658709,289,28384,1313,0,0x3c6e17cfc95c4ec2ce5c8faab5017a27571ea2d9b14610e55fa01f745a6d3249
IRPP-TD,10,12,normal,credential_refresh,8,501.318762,289,28384,1314,0,0xe7b5247149f04cf31b6f91dd4a6d696b2a4aa88f28eade6ce036b4674f4f0077
IRPP-TD,10,12,normal,credential_refresh,9,500.693514,289,28384,1315,0,0x2dab0b83c415e1c187c97dfcbf5fc5825809b78d8e904ec557b0127eb10bacbe
IRPP-TD,10,12,normal,credential_refresh,10,495.069859,289,28384,1316,0,0xc1417f80a23f4e42a31633307ac8498b10309ec16ce380ffe0aa53cef3b09e38
IRPP-TD,10,12,normal,input_close,11,501.077548,289,18625,1317,0,0x5035d1a93cb09d47c5cb0dca506c56f1fa3a1d81d6ae86a8114d537e044def90
IRPP-TD,10,12,normal,output_commit,12,503.135629,353,26849,1318,0,0xd2a1c33f07b99eea387e187cd777e8eb51353e4c0999647ab57ffd69e6957f90
IRPP-TD,10,12,normal,settle,13,501.242413,225,13383,1319,0,0x3b2e413d30d68ac5905eb55e05d5dd846b6e134f001c790abc313e476215790f
BSIF,10,12,normal,publish,0,500.723811,609,76767,1320,0,0x2e859d417095fecf4bd95cc3199f37533bcba9f317b553209833227a5c000048
BSIF,10,12,normal,encrypted_upload,1,498.979079,7651,1185200,1321,0,0x8d7b9c241a9c78f7775124f88a8e0aa02d72804c4a9510c352e13ce3abaf3243
BSIF,10,12,normal,encrypted_upload,2,505.012594,7651,1185200,1322,0,0xf619a9660ee09233360d2389b4348c7765811d4000b37a0640aa72706723173f
BSIF,10,12,normal,encrypted_upload,3,502.774142,7651,1185200,1323,0,0x3a4d630888c129ba64edbff9f7498c5a5bcd766ce0582c8553c0a58dfeeebd22
BSIF,10,12,normal,encrypted_upload,4,498.311776,7651,1185200,1324,0,0x5231e8a1050eb11d427e67cec75a37cdd5150bea375404bf9f6b2bb60d9f0578
BSIF,10,12,normal,encrypted_upload,5,539.640946,7651,1185200,1325,0,0x89e4b3be420c5ef6d7096a6241605fb72e202e557decea841faf5d0a4eff2519
BSIF,10,12,normal,encrypted_upload,6,499.486445,7651,1185200,1326,0,0x3162e01b9ddfb6b9e930dafb4813bca3824d74938435f88a1dc7a8cc0b178d4f
BSIF,10,12,normal,encrypted_upload,7,501.034644,7651,1185200,1327,0,0x1398393e2a8ff0fb14f085d844605a21d96645d08b9eab6e0a8f28b0841cbd18
BSIF,10,12,normal,encrypted_upload,8,538.142295,7651,1185200,1328,0,0x4ad74ad58dda0df5c55d84b84df58153cb5c7a8f9a5eed46461e00412778a381
BSIF,10,12,normal,encrypted_upload,9,465.541848,7651,1185200,1329,0,0xed7fe953485bb7be118c48033642bea47348337b0d3be6919c0e78cbb8fffa5e
BSIF,10,12,normal,encrypted_upload,10,503.706615,7651,1185200,1330,0,0xe3b79d00149df3b719f3f1c92e82f98a9b65cf320251a1922f12824ffb08f9d2
BSIF,10,12,normal,quality_report,11,503.519408,225,18236,1331,0,0x3727ec129cbf6a48e755c2616a3e35f99bf791838f499ce4f171c58c727e0926
BSIF,10,12,normal,reputation_update,12,499.313071,88,7486,1332,0,0x96431f0b21274195e8ecc1f5d49ca148a4a8348eaf0780cbec1693807bdd3c43
BSIF,10,12,normal,reputation_update,13,635.573549,88,7486,1333,0,0x5ded2f812eb8d8542181aeabbfa99c2ad9d265fa32e435fdabbc6abe5f0cbfc0
BSIF,10,12,normal,reputation_update,14,369.090393,88,7486,1334,0,0xd77fa03f5667bce17a1350ddd1b058c854114cdfb58ce6522388c45913f6b831
BSIF,10,12,normal,reputation_update,15,540.105605,88,7486,1335,0,0x3a95f0c923dea706df35a96bae788a49edacdfd899a5217978e62431e9bff781
BSIF,10,12,normal,reputation_update,16,500.071467,88,7486,1336,0,0x2980965a4b57241b15b7e8193c0646cd421ce9637204751df1fdadf916ecee90
BSIF,10,12,normal,reputation_update,17,501.765647,88,7486,1337,0,0x15dd20abf9b4e0ebb428335c4059071e2ed9b23c6d22f120e5cb869bda9692e1
BSIF,10,12,normal,reputation_update,18,502.877853,88,7486,1338,0,0x8db801401df39f0dc669a76f438c724fbd406bd19f6245514e9b77386108ecc3
BSIF,10,12,normal,reputation_update,19,499.796790,88,7486,1339,0,0x47f310dada7ff723e5d8a5e910885e0b407254486fe617febf915ce5cfc02261
BSIF,10,12,normal,reputation_update,20,503.338507,88,7486,1340,0,0x39b9629b85257f3291a40dbd8b2fd1ab84ff6ba56e3f251c7a04b9e349ffc2b4
BSIF,10,12,normal,reputation_update,21,500.701975,88,7486,1341,0,0xbc80f5cf2f33c9d8d510ce8d07534103e0fbc8e53bca82d16f46fe9d81fc0dc6
BSIF,10,12,normal,settle,22,501.811699,225,11065,1342,0,0x72af602a998f01b4ab352ed886dc7daff31ce30ff432fec776613e0715ce88b9
RPPS-TDC,10,12,normal,publish,0,496.240102,609,76767,1343,0,0x80005d66814145e9f967e73eb09ab33d489ed903e0a8a506cc2f8ded5ecc1f6d
RPPS-TDC,10,12,normal,encrypted_upload,1,504.696389,7235,1119312,1344,0,0x72be133916e5507b3be31fcfbd193292286f7be62f56e66bd2f1d95af90c12f8
RPPS-TDC,10,12,normal,encrypted_upload,2,503.305365,7235,1119312,1345,0,0x75008dc0afe8e5e6417716529bf8aa71cbd4ce8759706d7c24614dc580d58d88
RPPS-TDC,10,12,normal,encrypted_upload,3,499.588162,7235,1119312,1346,0,0x1828bf7a00a4872750dace6b96b386a79153b4017ee487fbef76d20036665c8c
RPPS-TDC,10,12,normal,encrypted_upload,4,474.205538,7235,1119312,1347,0,0x9337c36c970b7425f66bc6bb9675d397ac0111798c49cec62389f837a0d2fddd
RPPS-TDC,10,12,normal,encrypted_upload,5,534.596407,7235,1119312,1348,0,0xf8ebdc225e043172a8bac697e8865b941268885ee67cb5e6b49f298f1d02d203
RPPS-TDC,10,12,normal,encrypted_upload,6,468.134294,7235,1119312,1349,0,0x8ac8417e082e7e00dbe67b1959b4d9a6b159969e7f90c3f2577733b83289e0ea
RPPS-TDC,10,12,normal,encrypted_upload,7,504.131223,7235,1119312,1350,0,0x18d635914dcc4ff7b0a66b0ade713b9da3eeb675544d0317a0292dafbe8026ad
RPPS-TDC,10,12,normal,encrypted_upload,8,500.624680,7235,1119312,1351,0,0x7ca8dd753863eb9920c6881ac0430312f35587331c015b69b5e7f94a897b727b
RPPS-TDC,10,12,normal,encrypted_upload,9,499.343543,7235,1119312,1352,0,0x67eb8e1ffc66ebd4bad8ea10211826d551a09d4ee62f4cb3c2501d8c52187104
RPPS-TDC,10,12,normal,encrypted_upload,10,499.544090,7235,1119312,1353,0,0x265839990e1e187f96cbdedaef0045114d543de944cb51b680baceee38880e97
RPPS-TDC,10,12,normal,trust_update,11,501.399461,225,11089,1354,0,0x1f8efecc298461f532a99d87cdc80191c94a438a9640c01d3198c358ecb11153
RPPS-TDC,10,12,normal,selection,12,500.011376,225,16125,1355,0,0x6a5d3dfece357955d66f6dcc3a0f959ae4b68965d1f8d627f84abedb2453c6d4
RPPS-TDC,10,12,normal,result,13,502.336027,225,16102,1356,0,0x646db275026ec277ac68ece5844e63161923cee309c0b0f03b85703f16490c20
RPPS-TDC,10,12,normal,reputation_update,14,498.828570,88,7486,1357,0,0x2ff297aa72aba2225e2c66bfc4503df3bfadb29039fd40ccb6e32fe79f06bfe9
RPPS-TDC,10,12,normal,reputation_update,15,538.884926,88,7486,1358,0,0x42d4ecb578dd2e023f2d6b0030d8ccc5ef490cb640237964d12bcb48c0f06698
RPPS-TDC,10,12,normal,reputation_update,16,465.457464,88,7486,1359,0,0x64a2f9f8b97c651b79bddedd5bfe116da761658a0f95759f4c80289d8541a04b
RPPS-TDC,10,12,normal,reputation_update,17,500.424480,88,7486,1360,0,0xcb086f44ffc661f093f16cb0e58075b46a944a4f9e76ddcf347dc39f8ce0776a
RPPS-TDC,10,12,normal,reputation_update,18,501.611150,88,7486,1361,0,0xa3fef0cb484ee9029c2e96dada736f9950ecbc02f9bfd7cd458408ccb763b6b7
RPPS-TDC,10,12,normal,reputation_update,19,503.903359,88,7486,1362,0,0xcf88dc49886637146bb7bd84d5d077d4d2e223a9baf42fde43d68f1f7482d6ed
RPPS-TDC,10,12,normal,reputation_update,20,501.774178,88,7486,1363,0,0x4a4b9481a1f27d385cbf7d15c1b3f347ac7cd49953e107598bb1df7af5b63024
RPPS-TDC,10,12,normal,reputation_update,21,502.768789,88,7486,1364,0,0x3fb8193401e44d079872232a5f0a218cca516d0f7bfbcdd7cf9271e20805f9a6
RPPS-TDC,10,12,normal,reputation_update,22,500.182125,88,7486,1365,0,0x5ea4c05d6890e9616f50ec23e0dbe19f415a1727d3e653487ca62bc54faf68c9
RPPS-TDC,10,12,normal,reputation_update,23,498.372357,88,7486,1366,0,0x4501aaeefc04f9a7b86915ce19d2a7dd4025626351848494ab5d834aa2290e05
RPPS-TDC,10,12,normal,settle,24,500.181450,225,11065,1367,0,0xf7390ed2b6bd2d6e905d00d3271707983c761f5cc834dc47db995f23a4bc1768
BSIF,10,13,normal,publish,0,517.258274,609,76767,1368,0,0x0df63ed8039d488070cbc41e417b56cd83f64a4de8886fccc098a1f07747698f
BSIF,10,13,normal,encrypted_upload,1,487.126507,7651,1185200,1369,0,0x71aa23676501cf0e187f7fc182f9288c0f2ba56d0a4dfac645e2a6d6e6fb188a
BSIF,10,13,normal,encrypted_upload,2,499.570397,7651,1185200,1370,0,0xa3fbf4162c80fb335ff4deba13fe4f2b7cef19fba87a80b8dd08e4445e053481
BSIF,10,13,normal,encrypted_upload,3,501.650518,7651,1185200,1371,0,0x0692e767ecca7339cb6db85e75d56035553f2b63afd7527c220d316f749e8ad2
BSIF,10,13,normal,encrypted_upload,4,582.369868,7651,1185200,1372,0,0x178f7d338c9aabb0c9ff69bad54672cefe7757811e3bfe1d861e574064da46c4
BSIF,10,13,normal,encrypted_upload,5,464.219682,7651,1185200,1373,0,0xde00a2cd00a676ce15c696c4d62d2b39b7a048a0c7630fa8ed3fbd92a9b0ee60
BSIF,10,13,normal,encrypted_upload,6,500.711317,7651,1185200,1374,0,0xbaf7142481d53200c2816dd31f79e3900d2a52d9eb6d9df37d97810d5844af8c
BSIF,10,13,normal,encrypted_upload,7,501.305446,7651,1185200,1375,0,0xa7f6e2096e5b3066b041fbba494d2ec213e667a5ea0211a3e89dab745a048e3e
BSIF,10,13,normal,encrypted_upload,8,545.245794,7651,1185200,1376,0,0xaebe4f34eb1560886a1895a7a317ebc4c7c464fc1ef02cde1f16506cb398b52c
BSIF,10,13,normal,encrypted_upload,9,500.077115,7651,1185200,1377,0,0x567b717bfd23b27c660a6b8e03d58da18d36ca30ce634bfd420b046108d452e3
BSIF,10,13,normal,encrypted_upload,10,499.436243,7651,1185200,1378,0,0xd5567d4877645a73e205716b9fc94de56b22c0850a999ff90cbf290e62c0b660
BSIF,10,13,normal,quality_report,11,560.397694,225,18236,1379,0,0x9e9270ead5bbad94d4aea2ea62a4b21fabd1873d7b266a05f62f4b8b1a885aa3
BSIF,10,13,normal,reputation_update,12,502.286908,88,7486,1380,0,0xb780b001f9a7fe51f1fe2423756b2c558237c794650b75cd6bf60b32bdab884a
BSIF,10,13,normal,reputation_update,13,540.862434,88,7486,1381,0,0x317ac09e667111e6958d502b57910b100df0dce4565a476a825b993692fae37f
BSIF,10,13,normal,reputation_update,14,499.643808,88,7486,1382,0,0x5bdb17e4be8fea1224acc276bc03c8b3d4c185b6c6ff3121e2f5a340687b2f36
BSIF,10,13,normal,reputation_update,15,501.682314,88,7486,1383,0,0xa27be0b973efad3c0d058afeb238f8dedeea5e644dfaed8714cc1d7bae383442
BSIF,10,13,normal,reputation_update,16,500.827754,88,7486,1384,0,0x0d33bfdf2da19ad40b3dd14a07b8327bced88d88f0f4c6cd9a746ea41c5bc348
BSIF,10,13,normal,reputation_update,17,506.384091,88,7486,1385,0,0x4e006f9f2337fdbbb51eea839cae6d0a4335824a00056ba5db3496b54cd5e754
BSIF,10,13,normal,reputation_update,18,501.292433,88,7486,1386,0,0xf70ae6ae464bda6c55a517253746eb1db837aadb1e3171cc9cc9daf54326e2e4
BSIF,10,13,normal,reputation_update,19,499.635182,88,7486,1387,0,0x705f69b012a5780eea64d3431bd1402af5af627c1e7a379e8c38af6bd6e7faf1
BSIF,10,13,normal,reputation_update,20,501.799155,88,7486,1388,0,0xddbda3400231fd7242d6346d3f6f2824d82f6873e32a130baefd5591eb3254fa
BSIF,10,13,normal,reputation_update,21,504.971698,88,7486,1389,0,0x0cebe193715be3a9b305eeb37e436fd81cd799c1eff4154ed1117787187b79a2
BSIF,10,13,normal,settle,22,499.878043,225,11065,1390,0,0x355e372d35e25475842a823fc734453ee394ae0025139ce4defaf32ed31fc83b
RPPS-TDC,10,13,normal,publish,0,498.846933,609,76767,1391,0,0xf98a151f1bd8ceb8e1630a1978c4922233b53abf32d0ded495b5d331c61bf39c
RPPS-TDC,10,13,normal,encrypted_upload,1,503.971280,7235,1119312,1392,0,0xd38087e9608a001b5a74d160613d60f1b54c08d7aa43e09355d74a398787893e
RPPS-TDC,10,13,normal,encrypted_upload,2,500.053262,7235,1119312,1393,0,0xaaa4055ccdd31280ca8ab5d81cf29a8e0dd6ee058f3f3a624895aaba8ac1d88c
RPPS-TDC,10,13,normal,encrypted_upload,3,501.024354,7235,1119312,1394,0,0xc6a15e6c2c0bbb2e94c96b2d3f46d580e9b859f60114133e0f227f0513eb500c
RPPS-TDC,10,13,normal,encrypted_upload,4,502.103550,7235,1119312,1395,0,0x7e787eca46239e9581a571c64b2c5ac506c3287fc62eefafdaf029d56e546d31
RPPS-TDC,10,13,normal,encrypted_upload,5,503.751457,7235,1119312,1396,0,0x1951e9db09110f0f8edaa78032dbdb955b2470214c03c3464398d88816c2ef28
RPPS-TDC,10,13,normal,encrypted_upload,6,500.469242,7235,1119312,1397,0,0x187a12ab668085c672fe887e8d340eab7d787f1b12bc33fbcafa9338b2a3e4a0
RPPS-TDC,10,13,normal,encrypted_upload,7,530.055344,7235,1119312,1398,0,0x193144352aef65b24f3e74087f4255fc9d676f64091b586213e96e0b34cc451e
RPPS-TDC,10,13,normal,encrypted_upload,8,473.882538,7235,1119312,1399,0,0x6f5960e232595d4a927a77ad4df150c7ffdc3ed4d60de05d0c6c2125bd388f29
RPPS-TDC,10,13,normal,encrypted_upload,9,501.068450,7235,1119312,1400,0,0xfe7a922937acb28890c600db82d94197534b5365d24348f026c2f8c5a1c22e57
RPPS-TDC,10,13,normal,encrypted_upload,10,505.184013,7235,1119312,1401,0,0xf2df0fa291101d07d77bea6dfd143ed4f0bff1703b1223cd4a9254e45a0b96df
RPPS-TDC,10,13,normal,trust_update,11,500.953882,225,11089,1402,0,0x48e3ea5be210f1bc3886238f7f31ce379197e05e44b425deebd3645298eea634
RPPS-TDC,10,13,normal,selection,12,497.931497,225,16125,1403,0,0x40be9f8a4432b8c48ee8e6f4bdb4477239c61e5b42aa37395d56729f9fedaf60
RPPS-TDC,10,13,normal,result,13,505.034150,225,16102,1404,0,0xbf08c9668065c3c4aed882af7b1129b6d509cba492f9a048cfa342ecb7a00a16
RPPS-TDC,10,13,normal,reputation_update,14,501.478889,88,7486,1405,0,0x57b78eb919ce93b05bb76cb46490c5520d10c7a7b8174a2f8f70ce2a42757388
RPPS-TDC,10,13,normal,reputation_update,15,499.829476,88,7486,1406,0,0x036454e24c75b64a25eb5243a055d78eccb72090a07b68775a3c0e21685eedaa
RPPS-TDC,10,13,normal,reputation_update,16,503.959740,88,7486,1407,0,0x926bede6f5dba9ab3199d5d7f8e960c6dc50032406bfef832831e74fff5165b4
RPPS-TDC,10,13,normal,reputation_update,17,533.593327,88,7486,1408,0,0x2bf8c51f2b7bd0e7ee4f21ccde257ab10da74980da115a97aed79a57f3032376
RPPS-TDC,10,13,normal,reputation_update,18,466.386078,88,7486,1409,0,0x28f011fcb39fd41931461f00d06c109d540ab1023339ff335f492851d65f6493
RPPS-TDC,10,13,normal,reputation_update,19,506.234766,88,7486,1410,0,0x0a3defe3887406feab6c07d3f366b8466c8f007bac90399ec2cc4ed567775ad4
RPPS-TDC,10,13,normal,reputation_update,20,499.775825,88,7486,1411,0,0x32254508402ccae1c03c746f4ba40bd815268a1103a9e5af98980e5d65ef314d
RPPS-TDC,10,13,normal,reputation_update,21,583.894932,88,7486,1412,0,0x6073c38872e2e678a457b93566bf7534b6c84c570e7207db8fdb8058e29a5645
RPPS-TDC,10,13,normal,reputation_update,22,501.235569,88,7486,1413,0,0x35d232bcf9931eec13fb84365d667202d673e027324187d5b4aecfb616736d8d
RPPS-TDC,10,13,normal,reputation_update,23,501.038024,88,7486,1414,0,0xf5319098eb7f05274e2637cc86a0304281d91f89eeeb60c172c2d78ba1bae0ee
RPPS-TDC,10,13,normal,settle,24,503.394921,225,11065,1415,0,0x2e0c963dcfa0b5bc83efaba58521397e9453b086b51f719c6a6efbbc45c51933
IRPP-TD,10,13,normal,publish,0,495.711037,289,16530,1416,0,0xa606e54df1fec2523616d633d885d3104628c3528b3f2731d595969ab8191061
IRPP-TD,10,13,normal,credential_refresh,1,500.489699,289,28384,1417,0,0xcb413d26783e45c3cef058896cc1c7757420d6991d4487aac469140ac3aa14a4
IRPP-TD,10,13,normal,credential_refresh,2,537.768654,289,28384,1418,0,0x0a7451e7701f857c22e0fd5c44e219b3ef9e64e6cf27cf511c18a3e0772dfe6b
IRPP-TD,10,13,normal,credential_refresh,3,467.648785,289,28384,1419,0,0x087a387a017499dfd9dd3c3f4b4524692d2713075f76f8eba077bee1d63ab513
IRPP-TD,10,13,normal,credential_refresh,4,509.020105,289,28384,1420,0,0x17649461845da6484263b7f00b91bbe2d647d4483c52cba7f6d7d25683ec3f45
IRPP-TD,10,13,normal,credential_refresh,5,502.104050,289,28384,1421,0,0x0ab3ffb4fccecc54e2028f66d3016364a253a58f8f997cd99f8edd024b3e9028
IRPP-TD,10,13,normal,credential_refresh,6,500.605156,289,28384,1422,0,0x6efa7ce2dde0b1589f4d426a7090bafe2b26ec9643f8b5275ceecdc5886ee10e
IRPP-TD,10,13,normal,credential_refresh,7,502.117776,289,28384,1423,0,0xae6ab1757741ff5610ad64cfdae8fe9bc13a691130fac7490a60f449d52fa9c5
IRPP-TD,10,13,normal,credential_refresh,8,498.718104,289,28384,1424,0,0x5220522bd0af5ae032dd957dfe9f19276e5f834b7195c1d653668640febbb11e
IRPP-TD,10,13,normal,credential_refresh,9,501.424944,289,28384,1425,0,0x323d58af0b740758983607626a25aa0584f90e6fd8927ef1c49dfbaad02e10a7
IRPP-TD,10,13,normal,credential_refresh,10,501.623155,289,28384,1426,0,0x3b651302cbead5477ac3771ef0492240e893943976cfe1c387bde59f5bc9f90f
IRPP-TD,10,13,normal,input_close,11,502.159442,289,18625,1427,0,0x3bd6b565f85952b8bbc62e3d0abe550061d7210a58751a97e2e70961e959d1e2
IRPP-TD,10,13,normal,output_commit,12,550.837245,353,26849,1428,0,0x1e8d61f502138fa3d8f470e2f841d9c55ca9b828b38d701b42347c553ab577be
IRPP-TD,10,13,normal,settle,13,500.244565,225,13383,1429,0,0xf1cf28a460ce04a3d3d6e58e1772e4ba8e17ea2779a734eb8349267f5d78ce13
RPPS-TDC,10,14,normal,publish,0,501.388860,609,76767,1430,0,0xc13ec7ffa00724764998ec75929bdd67ab634349eca4a0498b287b7a9c554c98
RPPS-TDC,10,14,normal,encrypted_upload,1,541.457624,7235,1119312,1431,0,0xf3cb1d5e22b9d3ba46a6f095c6b0713c9b2f9518cda98722674eb38825661739
RPPS-TDC,10,14,normal,encrypted_upload,2,504.230405,7235,1119312,1432,0,0x36775dbb454f745bc9a9eeee6e43563725c9dbfde8d51d718ff3ff99936fa4b3
RPPS-TDC,10,14,normal,encrypted_upload,3,501.570440,7235,1119312,1433,0,0xc79a0f4239af6d45ba92163149c890a515b178f3bfcc6bce7f3f998b472e28b1
RPPS-TDC,10,14,normal,encrypted_upload,4,501.269355,7235,1119312,1434,0,0xe6094be727d28f88fbf90e074523a95d2a27e72d5943ec83a971254536dc950e
RPPS-TDC,10,14,normal,encrypted_upload,5,502.136671,7235,1119312,1435,0,0x4e859653b6e10b49d3fc49f12c8021e98c706f818070361bee38a4fe7bc35772
RPPS-TDC,10,14,normal,encrypted_upload,6,500.298429,7235,1119312,1436,0,0x535f66e17b16cf98ab6a8a6204bca91a4bd228fd305727d28c04b2dd5330bff0
RPPS-TDC,10,14,normal,encrypted_upload,7,502.216449,7235,1119312,1437,0,0x09e114140d22678390aeca0d5b4dacc97419f102cdaf4806ddb19026d3b56413
RPPS-TDC,10,14,normal,encrypted_upload,8,504.607508,7235,1119312,1438,0,0xa3eb8e9d296b9095317724e4b87b4bc58104c93676c29b26b2aa2fe97719641b
RPPS-TDC,10,14,normal,encrypted_upload,9,500.098776,7235,1119312,1439,0,0xf37878a69a40a9e1037b308f580658ce2eefe1a0d6c665d83c7692cea1066609
RPPS-TDC,10,14,normal,encrypted_upload,10,502.890112,7235,1119312,1440,0,0x9e9aef5fedd045a56c916d729c99a27909c71bb298bd7ab76c31c356ac4f3513
RPPS-TDC,10,14,normal,trust_update,11,501.100353,225,11089,1441,0,0x132cf4729f5c8aa502b327d8efffc4dcff5e04cb2a90224460320e10445468c5
RPPS-TDC,10,14,normal,selection,12,502.033972,225,16125,1442,0,0xc705b93b8204f2ca110aec4ce77779aace07eff5008f9106296e89a910bb68ee
RPPS-TDC,10,14,normal,result,13,544.981043,225,16102,1443,0,0xfb133b7fa185f9b30f686d2ab1390960942a1101b5cdeed1528ddd3a9f330335
RPPS-TDC,10,14,normal,reputation_update,14,499.775168,88,7486,1444,0,0x50c1be8d3cfa5666ca5db356db5a9737c8dfdd9e01f0e7fdbffa9831559e029a
RPPS-TDC,10,14,normal,reputation_update,15,500.652153,88,7486,1445,0,0x6d6919dd18c3b85a5bac346c8e4cf1aef3fdebec5da6aef1a05708177bd925b1
RPPS-TDC,10,14,normal,reputation_update,16,502.158754,88,7486,1446,0,0x2b818475ab78c57aff712e2831aec6f9d320e7becded8a9e709326980cf61b6d
RPPS-TDC,10,14,normal,reputation_update,17,502.495669,88,7486,1447,0,0x605c1f2573455355960afad2aefbc604e87b423f82c50f719fa6262b48381eb4
RPPS-TDC,10,14,normal,reputation_update,18,547.294571,88,7486,1448,0,0xd4330841bf5328205593cec61fe725da1b10c6862f312a8fb505361fe4f914d6
RPPS-TDC,10,14,normal,reputation_update,19,501.463564,88,7486,1449,0,0xbc28c32050eca0ae63f66b0696a6035cb7d2000e4b3b43af3909539d094887b7
RPPS-TDC,10,14,normal,reputation_update,20,499.972958,88,7486,1450,0,0xf44ffcf18dbc7bd4c18e7d6bf111fbbf6da99666c6f4bdd46a648d063c5d6043
RPPS-TDC,10,14,normal,reputation_update,21,503.864464,88,7486,1451,0,0x70cdc56d5f35a8ae7235a714664e74b794854412d0c049904e2f15aaefd9716e
RPPS-TDC,10,14,normal,reputation_update,22,503.104495,88,7486,1452,0,0x5f0e2bdb3465895ba8ffbb80c697a5a46dd00d5852667909f89cb180dbadf8af
RPPS-TDC,10,14,normal,reputation_update,23,501.802777,88,7486,1453,0,0x87fad5028bd01d78f27a23ee254302fa73361f197db286dc487519efd681bbba
RPPS-TDC,10,14,normal,settle,24,501.227362,225,11065,1454,0,0x63935a0f5273ab10c499c16983749c8c4d95e24ece2c711a8dad539436ebf8db
IRPP-TD,10,14,normal,publish,0,497.496643,289,16530,1455,0,0x0854573617272303ed2d7fbfa10ff1bd09bca256f81f367f56e2de8cc09e9e01
IRPP-TD,10,14,normal,credential_refresh,1,501.068008,289,28384,1456,0,0x942cbfdf5fcbcbafe61cb995e64a69a40454351e925a4f2e2c19fe6b46a3c43e
IRPP-TD,10,14,normal,credential_refresh,2,503.644012,289,28384,1457,0,0xa62efa7fbf5d2233d5fed762d59ec196c408fdeca1e517ea9c87af0d947a8756
IRPP-TD,10,14,normal,credential_refresh,3,505.517656,289,28384,1458,0,0x4ca295c88e1525e363454c81fb700cd3bd34249b450bc02a9967f79414a16932
IRPP-TD,10,14,normal,credential_refresh,4,499.212127,289,28384,1459,0,0x2caf19b5a4983fcfe1d252789b94d27bfe40752b709b738c84a9571103b1e447
IRPP-TD,10,14,normal,credential_refresh,5,502.268772,289,28384,1460,0,0x424d2a40bbb865965c1cf140f7ba9a92619e365f0eabf857eea846fb6683b2cb
IRPP-TD,10,14,normal,credential_refresh,6,501.683209,289,28384,1461,0,0xd8dca3b81c0acc938ec4ef03422149b0a6d316f0c03a439878e68bef1da9401b
IRPP-TD,10,14,normal,credential_refresh,7,502.874900,289,28384,1462,0,0x4b8fb28f96547135e72816c86444dad0bd4eda94e555bededfbaf942e2b9fb49
IRPP-TD,10,14,normal,credential_refresh,8,501.327807,289,28384,1463,0,0xc1fcceb3fdcbe0f9cc4121c173808172fcc0dafe5b115b505223c7aad3ed4b4a
IRPP-TD,10,14,normal,credential_refresh,9,500.109794,289,28384,1464,0,0xe89c98f9a5bbbdd46b2f1a7d97bc444ed3519178bf47554959d1424582e6e8c0
IRPP-TD,10,14,normal,credential_refresh,10,499.473865,289,28384,1465,0,0x9fdde1fc80655e4c7c767d2ca0b612ba5b5ee056c8f63fb9e52e4b6831827666
IRPP-TD,10,14,normal,input_close,11,503.290598,289,18625,1466,0,0x7bde6e496a971836fe3c82872e40fbae0f3dfeb79656ff45d09911048baccd74
IRPP-TD,10,14,normal,output_commit,12,504.014128,353,26849,1467,0,0xe97dec4a57aa3646920365cc9f5b3bf3c61c560b384ac370baea7e18556fd445
IRPP-TD,10,14,normal,settle,13,515.429393,225,13383,1468,0,0x9cd32941ab96cb317330dbd4efc191bb12f2209a1ebaa1296c96f1d8ec8c96d5
BSIF,10,14,normal,publish,0,485.674875,609,76767,1469,0,0xf08f8218594e1a321193e260f97226ac87659f86ce7e67e5fd753a32bcc27dc5
BSIF,10,14,normal,encrypted_upload,1,501.808458,7651,1185200,1470,0,0x69be25309dd2e8a80262199ccf03fad00fa82473ada2d39ea31a1432bbdc2a6b
BSIF,10,14,normal,encrypted_upload,2,504.401633,7651,1185200,1471,0,0xb173f3e3d51775361f5d3af190118a70a2e118429c27d1e2c4e04cf94248fbde
BSIF,10,14,normal,encrypted_upload,3,499.138933,7651,1185200,1472,0,0x923e8ebc6daed0370169b654a861c57a0f8ca4951c63da10e4fe1636d8f8e35c
BSIF,10,14,normal,encrypted_upload,4,503.312305,7651,1185200,1473,0,0x0ab02c9bf4ae8f32232a417e67b6e4cf74604d56abc8d9a2f5dbb44e732ebdd3
BSIF,10,14,normal,encrypted_upload,5,502.884482,7651,1185200,1474,0,0x00cc61a2eb6ce2ede66959fd256bf91a1a2393157559131e5787f4ef683ad874
BSIF,10,14,normal,encrypted_upload,6,503.485512,7651,1185200,1475,0,0xe91b25a5795282f25d68a7dc4af7009c3b9bf6a384efe5df9242e9253321c262
BSIF,10,14,normal,encrypted_upload,7,499.575227,7651,1185200,1476,0,0x6b78e043295411c0bdb401339784af421982239ee9644c1fd31bff565840ae22
BSIF,10,14,normal,encrypted_upload,8,501.900498,7651,1185200,1477,0,0x5aee370199de0a193a868c457daead7807f137d4bf08cd2858b5e28be0f22c72
BSIF,10,14,normal,encrypted_upload,9,535.070912,7651,1185200,1478,0,0xacb5cf235502efd6fb26ef23b68fbea2d2b90db3240f0dfc6f61774fe6406b14
BSIF,10,14,normal,encrypted_upload,10,550.562484,7651,1185200,1479,0,0xb1926c4a9ff9eeedf124e972704f047c4c5de1a5068db7c0c50b1296e56c9af3
BSIF,10,14,normal,quality_report,11,553.057387,225,18236,1480,0,0x893303ee4f5222d4de5a96a708870770fcf73f47517bbd12493265eeed4b03f4
BSIF,10,14,normal,reputation_update,12,501.672474,88,7486,1481,0,0x9a4fe02414d0e5913696dff0d98f683bf6299235a8ccc7e3aac4f0a7e4c6a22e
BSIF,10,14,normal,reputation_update,13,502.090771,88,7486,1482,0,0x02bedbdf9b08e95392d8ba86f1dc5058dc34f42685937c50542152cf8b111d70
BSIF,10,14,normal,reputation_update,14,503.398274,88,7486,1483,0,0x6524f8afe44f08ece0fa1d9da24b6df7831a72faaa24beb23bf2cce7e49791fe
BSIF,10,14,normal,reputation_update,15,550.625277,88,7486,1484,0,0x56d7a16810897b2f10dccfdf8d948ada12dc1b642fd3422a632ef7f7fa6faa93
BSIF,10,14,normal,reputation_update,16,499.852338,88,7486,1485,0,0xe75673e8cdbf0861f84513e810e45333928924176a92649dddfff92c7f15820d
BSIF,10,14,normal,reputation_update,17,500.400098,88,7486,1486,0,0x56eab6aa9a9d5370fc317f26c96866ed458cafc363c0080fe2ddb39ec3c9ded8
BSIF,10,14,normal,reputation_update,18,501.320859,88,7486,1487,0,0x9f0cd5345e3126350a5d3711bb682ac28fb9d73c19c9b7f1b55ac1d409690375
BSIF,10,14,normal,reputation_update,19,536.852734,88,7486,1488,0,0x7011e0fccd0ca1cd81b400a4dd290685adea69005b4942012b2c26222068a4c8
BSIF,10,14,normal,reputation_update,20,469.279516,88,7486,1489,0,0xdb8de7b3e25e8ff050e9f2e552092a204ddc273402e70682f281a2208dbe49c9
BSIF,10,14,normal,reputation_update,21,501.894183,88,7486,1490,0,0xb50c140f57d7a5496513599e71069edd095f24aa5fcc1d9772394e54116038d3
BSIF,10,14,normal,settle,22,502.104817,225,11065,1491,0,0x20711bc0e210fe823e21e2da054b88594efa8e6290a891a322519eff197bc8ff
IRPP-TD,10,15,normal,publish,0,497.196586,289,16530,1492,0,0x7a1cc3560d81a91b61f2c41dd2274175a2ab869b2a295518a2e59deb18a22537
IRPP-TD,10,15,normal,credential_refresh,1,502.011280,289,28384,1493,0,0xdbe3721b3d8304998acc0c65f4ac0662da84c4402bb8388fc2faa3f01fdf0491
IRPP-TD,10,15,normal,credential_refresh,2,500.743127,289,28384,1494,0,0x50358cad5b04668a0bb728ff7bca1a31dda52309858eb267ffff168b936c22c5
IRPP-TD,10,15,normal,credential_refresh,3,499.789262,289,28384,1495,0,0x2abbb4c24acc27aece1bde499ddb8f3cc08b342b760345f79bb47a473bf4d509
IRPP-TD,10,15,normal,credential_refresh,4,500.302105,289,28384,1496,0,0xed7f0141881fe831bb0228bf94bbd11f69afdb727879bc50ee75ae9c07209b9f
IRPP-TD,10,15,normal,credential_refresh,5,501.266657,289,28384,1497,0,0xe5618a5422a1855448d1c08eab1191b4610a0a57f3114047d6ea27443e171fd2
IRPP-TD,10,15,normal,credential_refresh,6,503.282493,289,28384,1498,0,0xacd05ca1e500f23b37dbde9fff1d3c8d01afe0bbcd5f0df4bdd15c17011ced84
IRPP-TD,10,15,normal,credential_refresh,7,502.797209,289,28384,1499,0,0x88b85a4afd4cafba62e195336c4fea41bdbc68e05ba60a15e7479bb69eff7c10
IRPP-TD,10,15,normal,credential_refresh,8,498.998071,289,28384,1500,0,0x26298fddb19484d46345ed3da079b2ef787ac4e1eb35c8bb814d70f928578ee3
IRPP-TD,10,15,normal,credential_refresh,9,501.148970,289,28384,1501,0,0x4379e956c76ea2fc54a2b9e2919e75d25d559c1235fb5d437fc32bd4fad5e703
IRPP-TD,10,15,normal,credential_refresh,10,502.070087,289,28384,1502,0,0x67eb4f238cd5d07ababd31459c00eb402b165089bc09fcdb83856187961410e5
IRPP-TD,10,15,normal,input_close,11,501.935502,289,18625,1503,0,0xcb2b0e316ea2ff52cf09059295a6b41ecf332d7c5ca520302fe64054f1fb024e
IRPP-TD,10,15,normal,output_commit,12,501.200531,353,26849,1504,0,0xa2c24546ff246394110c458d71902ac7236f5398fe3bad76e9a1257c736c87dd
IRPP-TD,10,15,normal,settle,13,500.746465,225,13383,1505,0,0x526ffdd783db473333e2d84466b8511e637126cc4826e7de5b2c6f54009a882f
BSIF,10,15,normal,publish,0,503.273963,609,76767,1506,0,0x6355a7f13a9920333c8df1410b33e18789b447a94726f389f6995bd0bc01c301
BSIF,10,15,normal,encrypted_upload,1,502.854990,7651,1185200,1507,0,0x5b49de52a63a8f5cfe907157a21e6fa314243114df9127c5cb0c9a9db2f37897
BSIF,10,15,normal,encrypted_upload,2,532.678825,7651,1185200,1508,0,0x14ff3d6513a05d3aad818c5a7e22fb091d9e0e432fab68f57d4e840d8bf08401
BSIF,10,15,normal,encrypted_upload,3,467.811308,7651,1185200,1509,0,0xa1479e39c487ac096865e7ea13c3302921561d13faa5eaba9f23e661f88c4771
BSIF,10,15,normal,encrypted_upload,4,503.249805,7651,1185200,1510,0,0xdfff718b61dafdec18e81657d4b5f5ab76d21dbfe161771f5cd838abbef68942
BSIF,10,15,normal,encrypted_upload,5,500.259928,7651,1185200,1511,0,0x5a612fd0414eeead4791ac8061de352fcf68b2129a5e00d3a614a5ea249c6c63
BSIF,10,15,normal,encrypted_upload,6,501.460123,7651,1185200,1512,0,0x2a904aa9e03a3d80daee7084c9a50ff4945ddc50bb8b93683f5df1c5232bd829
BSIF,10,15,normal,encrypted_upload,7,503.848764,7651,1185200,1513,0,0xbe935dfb24646c13806fd2b7961b9003ccfea236433461e161faab1fc6fdb5c3
BSIF,10,15,normal,encrypted_upload,8,500.958723,7651,1185200,1514,0,0x26c29df342aff99168d69f00edd8c7ad12ca83bd66956ac9143277b4013bc940
BSIF,10,15,normal,encrypted_upload,9,503.847642,7651,1185200,1515,0,0x99ae6466a6a16b54291ef4519bccc1a61614a359f0247d8ad0f19b239627ef10
BSIF,10,15,normal,encrypted_upload,10,500.372348,7651,1185200,1516,0,0x80ee2773917813ff6ec5745b6e5aaded7ecb382f32d583d419dc1cfeb63e8201
BSIF,10,15,normal,quality_report,11,501.996584,225,18236,1517,0,0x8aa8b69367de8854373c7f7ad97dc1055c938435e0376b4fef40936870791214
BSIF,10,15,normal,reputation_update,12,501.627499,88,7486,1518,0,0x28df1dc3f2690e4eafa9477a41eaac018cb2c53ab312f2c7b9fb27a7fb36c0df
BSIF,10,15,normal,reputation_update,13,500.675275,88,7486,1519,0,0xe8a42d017dd3685808835041232fe24815d6488f1f329d6c8f6d55182766fe2e
BSIF,10,15,normal,reputation_update,14,499.749128,88,7486,1520,0,0xda82dcff9c52e136e8c07d1d8aad4a3131f8b715b8772949578dae6c97b14017
BSIF,10,15,normal,reputation_update,15,581.750925,88,7486,1521,0,0xcdafe52886cad839b7f8921c4211c6c30b90369cc78ca33d84aa22c6a07f5e29
BSIF,10,15,normal,reputation_update,16,501.430860,88,7486,1522,0,0x45563bf4b7be3179d006654bbca7e8903c9be0247a47ee53821e63f9032c1e3d
BSIF,10,15,normal,reputation_update,17,500.993668,88,7486,1523,0,0xba0438af20677a5c3c6faac3ddff9b823f52c13c04fc56db61d77bd0fef4ed5d
BSIF,10,15,normal,reputation_update,18,504.599060,88,7486,1524,0,0x56b78833f4955bdbdcb40878e42ad3da0b599c38f2c80d4b67fecb81ad28b316
BSIF,10,15,normal,reputation_update,19,539.310407,88,7486,1525,0,0xe5807cf8dee92ae02c350a7ecdcf23fd1fa78645e1d836bd1a6f1839025d3f33
BSIF,10,15,normal,reputation_update,20,522.053815,88,7486,1526,0,0xce39930cb2f2003e4366c3f0e106ee95f8b01455c5d84b664115240d6dcbf41d
BSIF,10,15,normal,reputation_update,21,502.051110,88,7486,1527,0,0x7d9f174174a9b579773681abe45825f57b601d413037432640aafe74e7ff8728
BSIF,10,15,normal,settle,22,515.784984,225,11065,1528,0,0x14a324211443e47fa0bb2625d994483bb1c0f0b87e2ae76d8b79b1a1141d10e7
RPPS-TDC,10,15,normal,publish,0,485.039080,609,76767,1529,0,0xf9e0415db43e081047f60871057ce85f0f026c60fb3fee52dea2c74dd7ce7ec6
RPPS-TDC,10,15,normal,encrypted_upload,1,501.345012,7235,1119312,1530,0,0x5c7df1fafc7cff4bfd8acf0006a21385b4860589c0c8f571b3a65f4b7f91db5f
RPPS-TDC,10,15,normal,encrypted_upload,2,501.197157,7235,1119312,1531,0,0xb09de3082ce5925fc4f664e29b3adfaa4d6c9f9d5044d57c48f922001beb3325
RPPS-TDC,10,15,normal,encrypted_upload,3,586.851402,7235,1119312,1532,0,0x7459bdc47fb9f4fa8ace4cb5c2ce8b2e41e3b2ed1d29ac5d2afc964daab36294
RPPS-TDC,10,15,normal,encrypted_upload,4,454.653611,7235,1119312,1533,0,0xe1e94dba1d08bb250ad20ae18ff8e179c1c9c800de14ee24510d7f776f535f71
RPPS-TDC,10,15,normal,encrypted_upload,5,501.953012,7235,1119312,1534,0,0xd5ece5fc90313a926248160ac81d7ab1974c1af7b2820d92f92068a7a88c30f8
RPPS-TDC,10,15,normal,encrypted_upload,6,502.994780,7235,1119312,1535,0,0x74722e48c6a94869a015a8e21f2248525fdd184ab0e3fe7f8143928f21f7a904
RPPS-TDC,10,15,normal,encrypted_upload,7,502.210776,7235,1119312,1536,0,0x1fb2664c8178137b42a435c0a43cec6ef646c14c1269cf33e49afedaa1942b5d
RPPS-TDC,10,15,normal,encrypted_upload,8,500.974282,7235,1119312,1537,0,0xa2d15b6c89a3479d4888959045bc41dc26f349fc3f6398ae7a0f2f545fbd9f6f
RPPS-TDC,10,15,normal,encrypted_upload,9,516.445207,7235,1119312,1538,0,0x0dd781c3bc3357035cac5ebb6ca2f3d2c66ba5fcbb4a072feeab75b7e0522a62
RPPS-TDC,10,15,normal,encrypted_upload,10,487.633655,7235,1119312,1539,0,0xf3f27df18d21a5d33c7ffdfa018683815179f9126dd5e20b57cb445981e9ab5a
RPPS-TDC,10,15,normal,trust_update,11,501.310348,225,11089,1540,0,0x8a84d1a7c20fe10de0765bb062cc9ae1f9dcf46f31d476754428216322c6b430
RPPS-TDC,10,15,normal,selection,12,500.578148,225,16125,1541,0,0x34b6eda626c05575bc741ef690cc52afd637dd612898301631ac69bde2297a20
RPPS-TDC,10,15,normal,result,13,501.737108,225,16102,1542,0,0x1d6c0e4cc9f67a18df9559b8ecf561584aca2ab6fb75cfd6cdbfcb52f471743b
RPPS-TDC,10,15,normal,reputation_update,14,502.499260,88,7486,1543,0,0x982d5430413a4c0338842da9bbe8f52303d1089e52c606b43b0ae33934c45a6d
RPPS-TDC,10,15,normal,reputation_update,15,502.472315,88,7486,1544,0,0x37822c3bac38631ea54800a1062a1831968aa06e57086b1a4114f8bcec0264ce
RPPS-TDC,10,15,normal,reputation_update,16,501.803342,88,7486,1545,0,0x19b7a933e380fa0217c86a2763b9d2bbed7508fea02e69cc5f22efe92bf26250
RPPS-TDC,10,15,normal,reputation_update,17,499.688076,88,7486,1546,0,0xb3d4890c7909f987f5450912d603993a1c0387888db1949856cc155f84c0248f
RPPS-TDC,10,15,normal,reputation_update,18,501.096935,88,7486,1547,0,0xbb86461762be82d2a00789513ee7350a61e040501669873c0feb4cd44f8a81ef
RPPS-TDC,10,15,normal,reputation_update,19,504.828778,88,7486,1548,0,0xe4ff0f8b3c4a099756c69a5447af766d203443fcd3aea3ac457b4d7017a9412d
RPPS-TDC,10,15,normal,reputation_update,20,500.054765,88,7486,1549,0,0xef4be03be0d0d0ce565795e345ced68c5343bdfb7445566591416719328c9984
RPPS-TDC,10,15,normal,reputation_update,21,501.083555,88,7486,1550,0,0x058cfe5198679d9c9bc4fadb3b6bd006ab6bb1e2e4e57bb529375ef90c3b49aa
RPPS-TDC,10,15,normal,reputation_update,22,539.025427,88,7486,1551,0,0xe36a0b4aa08f10843824a3c923d5013997b8b6a19f485cb5be286a5ddf1f45c9
RPPS-TDC,10,15,normal,reputation_update,23,462.503113,88,7486,1552,0,0x96579f6eec33b643001e2aae374376f8d4ff596a95527eb40dffc54048ae69a2
RPPS-TDC,10,15,normal,settle,24,502.305329,225,11065,1553,0,0xb61530454d94088cc4f72509e5798f8c11037e1afe89e3078233a63103bbd10b
BSIF,10,16,normal,publish,0,500.017732,609,76767,1554,0,0xe01883eb9c4d5e10972d65e513898b3b33be87e85d3af68de2e047569cedb669
BSIF,10,16,normal,encrypted_upload,1,505.179872,7651,1185200,1555,0,0x50355a7a24e11a3f6c4a6d356934b1dc759c0646cfbca56f4b4e5f48683cdc93
BSIF,10,16,normal,encrypted_upload,2,499.344212,7651,1185200,1556,0,0xb021901f39168d8031e648683d0a62c0e97d3cfe17bdecc4e82779b6603a993a
BSIF,10,16,normal,encrypted_upload,3,499.318390,7651,1185200,1557,0,0x26bf886a3a3b1d25d9ddf62ea8dcaf7ecea6642184c57a1ee864bacb0da95f22
BSIF,10,16,normal,encrypted_upload,4,501.553551,7651,1185200,1558,0,0xb671d458aa8c0d8e34dfc89d73dcc526d91bb7dfb98b34567b8f777d33b2dfa1
BSIF,10,16,normal,encrypted_upload,5,501.412651,7651,1185200,1559,0,0x01950e0f27b1046256f705d29fdc8554bdd3901e38410cc1d8d87e79fb964a7b
BSIF,10,16,normal,encrypted_upload,6,500.611746,7651,1185200,1560,0,0x5be601aa772a17b35f86510531330704deed1b83b432637ccb9d038551a81177
BSIF,10,16,normal,encrypted_upload,7,504.475447,7651,1185200,1561,0,0x262043fc3a6815d6d66fc8e2371d5c77856c5e0cfac28faed927bca2b2192100
BSIF,10,16,normal,encrypted_upload,8,499.292645,7651,1185200,1562,0,0x862e4e15775625647e800c28b886a2e90d5d74da51184b616ef13ed0af552c13
BSIF,10,16,normal,encrypted_upload,9,508.036116,7651,1185200,1563,0,0x51d85258c8004953165654c7559b2287c6f7cbfc022b25dee29fb9bac7a72c57
BSIF,10,16,normal,encrypted_upload,10,506.189065,7651,1185200,1564,0,0xb5d9209cb22a840282afa1ba00ca3dde476b227a98528a9edc342d8ea0269086
BSIF,10,16,normal,quality_report,11,536.041361,225,18236,1565,0,0xcc5a13d3a9e89ce02d202a9c474787ccb709fe5bbccd1ad50686321ed7eff7c7
BSIF,10,16,normal,reputation_update,12,461.499872,88,7486,1566,0,0xc906cc396bb8346a87ddb88f61b02111e353ef88a10a68bdf611262c858e8f51
BSIF,10,16,normal,reputation_update,13,502.594862,88,7486,1567,0,0xb2dba6a29ff32eeb7838430699245d9c65231e455ded47c2a5591f9bff72180a
BSIF,10,16,normal,reputation_update,14,632.938523,88,7486,1568,0,0xb53b2fa61c867f2104e8452ff9252bf03363aabb5acb907d9e699bfa133a1a8b
BSIF,10,16,normal,reputation_update,15,501.089926,88,7486,1569,0,0x90b8c7a973f0fa1a03a3ecd89904a28b8ce750ef5156985986755fc1cf2c3634
BSIF,10,16,normal,reputation_update,16,556.506453,88,7486,1570,0,0xfe845d653eb10663f1c26fbf0a7d3f9fda80d58bc082f54821e97513bae91aaa
BSIF,10,16,normal,reputation_update,17,499.132141,88,7486,1571,0,0x7e339c446053fc53d6e3488f8683d9076605eb620a825eef76fb0ea4cc2ae1bf
BSIF,10,16,normal,reputation_update,18,506.451267,88,7486,1572,0,0x947f3b142be2260e3bd2858e42e4d37bdee7dcf89d7e393b6ed87d042d92423d
BSIF,10,16,normal,reputation_update,19,504.345142,88,7486,1573,0,0x1e7a0b239038a0038fc493a87770ce88333b5f0fe91c0ebbf5de6e7ddb444d54
BSIF,10,16,normal,reputation_update,20,502.508943,88,7486,1574,0,0x455c9edf77534fbd078f8f157ddb74244cd76c40356a1ef2089b3a5d6867f9d5
BSIF,10,16,normal,reputation_update,21,502.218383,88,7486,1575,0,0x1f97895612833a498913124f918ce837c914bbbca99ca57927459c415f771344
BSIF,10,16,normal,settle,22,535.955676,225,11065,1576,0,0x994e2b160d0cb142a8ca14da1c4ba521452c6cddbc79d73da9fcb07c9e43ad56
RPPS-TDC,10,16,normal,publish,0,465.343180,609,76767,1577,0,0x38037c32d33685e71b72156b4bfe8d896203d2154bb88e256f42ff650c6eda05
RPPS-TDC,10,16,normal,encrypted_upload,1,501.034663,7235,1119312,1578,0,0xe7984d1c354cb71e6cb0e5f5a383f9b3227960f29a2bf09e6ffad41515de89a6
RPPS-TDC,10,16,normal,encrypted_upload,2,501.440307,7235,1119312,1579,0,0x909bc6dbea50594c22e3a99227e06cfd8aed510e79afe3dae5120fa8d9b367e1
RPPS-TDC,10,16,normal,encrypted_upload,3,502.485530,7235,1119312,1580,0,0x2b7982638061d72a821377b703f90ed2a28cc414106737b134ce5581cfebb772
RPPS-TDC,10,16,normal,encrypted_upload,4,500.686070,7235,1119312,1581,0,0x3de1d25cef2c7db068c0b1275895a124e250e7fae1e2ffcaa9f304e97c15e122
RPPS-TDC,10,16,normal,encrypted_upload,5,501.096826,7235,1119312,1582,0,0x1010dbb45dc05fbd3ce19149e43d46a13a224167122b58e535c96fd321b95164
RPPS-TDC,10,16,normal,encrypted_upload,6,504.246264,7235,1119312,1583,0,0xfe8f564f995be7933ae0bec686c6da9b1b25293ad01fcf6e99947ae05dd855e7
RPPS-TDC,10,16,normal,encrypted_upload,7,499.639268,7235,1119312,1584,0,0xb17bf083fb1ef10db41e1a8de8afdfb55d317f383509438e1d124da29e901319
RPPS-TDC,10,16,normal,encrypted_upload,8,499.914230,7235,1119312,1585,0,0x8e66f20510576c0397ee108f492ce1aef0f99c03ff8b412eb981bae06ea0355a
RPPS-TDC,10,16,normal,encrypted_upload,9,536.046981,7235,1119312,1586,0,0x316fdc5e4cec53898a1f36afc7346e4f23dfcb7ee212b1be674fbeade1feba8c
RPPS-TDC,10,16,normal,encrypted_upload,10,465.864265,7235,1119312,1587,0,0x5fa5de7b6eb3339aa6d8fc759ac0af47c02b72c9fbcab49d0780c7c7294c73b9
RPPS-TDC,10,16,normal,trust_update,11,500.034632,225,11089,1588,0,0x286ab19f1457aa28c26fb56589474d05c45803e07042117aa2854ce9bc244fa7
RPPS-TDC,10,16,normal,selection,12,503.143849,225,16125,1589,0,0x27fec6ca55687eeff4c385a44090fc20005122d05620ac4adfa6bb0a2c554491
RPPS-TDC,10,16,normal,result,13,501.599201,225,16102,1590,0,0x342adc305dc8fa62b76a8dbfcebdb870a0ee281262754da9749e0ba11a0d3f2f
RPPS-TDC,10,16,normal,reputation_update,14,504.170121,88,7486,1591,0,0x847867d6f54718fa18385784c22ae04a68513f0e9564b6eb54c5a9da3ef3cc77
RPPS-TDC,10,16,normal,reputation_update,15,500.681017,88,7486,1592,0,0xea74e7c6e9b3311b28c0393817c5cd9e80ad6cd5804a379a2ea2bf29eda3eb33
RPPS-TDC,10,16,normal,reputation_update,16,503.583888,88,7486,1593,0,0xd7dc4c356c412380834b7aba3f40dd4b4942f1d77630bf3ac275c36feb3f5f84
RPPS-TDC,10,16,normal,reputation_update,17,501.775378,88,7486,1594,0,0x22a4d26730f73e635b55bbec61fdbc9d45b03857c5f36d402ef118ae3cc0e9a6
RPPS-TDC,10,16,normal,reputation_update,18,500.482975,88,7486,1595,0,0x5351f0aafdd0fa897d299075e947b0e31af49d9a4fbeff9f6266396565efc4a1
RPPS-TDC,10,16,normal,reputation_update,19,516.701825,88,7486,1596,0,0x9ccc3fc89094e735517a9d586eaf199a1cec73e68e3c247a99776bd4a9cd8d3f
RPPS-TDC,10,16,normal,reputation_update,20,487.778560,88,7486,1597,0,0x6863f89b65d9899db6081c748ba7f88566186e13ea0991b77b8b5026ac57f6a2
RPPS-TDC,10,16,normal,reputation_update,21,504.610191,88,7486,1598,0,0x03c83490d93e94d0a412e7f41f1683f3d4335e9123b2f431dd5ff5de2ee55a6b
RPPS-TDC,10,16,normal,reputation_update,22,546.745554,88,7486,1599,0,0x48ab0fd4772484739c4d5057be8be3cc8603b533cfa1609d6149ac32af3345fd
RPPS-TDC,10,16,normal,reputation_update,23,504.315695,88,7486,1600,0,0x1bb2823e0614b2a5ff4bd6dbe501f1815938c332bb7ddbe2eab5f75d0ca39947
RPPS-TDC,10,16,normal,settle,24,550.485392,225,11065,1601,0,0x1728a216d9c0145e42c7b55324677e6bb3a04c726c29a389c0b2c0f2fbcc4125
IRPP-TD,10,16,normal,publish,0,500.135655,289,16530,1602,0,0x626c795909a838b4c146bcae886f68366792f5b098f739baa15b754654cb01e7
IRPP-TD,10,16,normal,credential_refresh,1,503.084095,289,28384,1603,0,0x981b6e9b51f67608ca1972f9c9c8b701bed4dac1828ff1d51d5a656eff80c7c8
IRPP-TD,10,16,normal,credential_refresh,2,501.840819,289,28384,1604,0,0x645cff93cc67b9244a192de49ed9350b24cdd874de7e421e8a6fa4a41d89a8e4
IRPP-TD,10,16,normal,credential_refresh,3,498.832870,289,28384,1605,0,0xfeb2d406e9b0f3993af7c04f2802e81784077aeb2266e2e8aa6a10174b2bf74c
IRPP-TD,10,16,normal,credential_refresh,4,517.555738,289,28384,1606,0,0xba7da2b1f6721d4a6d40abc16ef97076f500be27bfae3e409907f033f3f1d052
IRPP-TD,10,16,normal,credential_refresh,5,486.379945,289,28384,1607,0,0x7762a70b87ccb33df41753683563fd9b684ad29c04dbaec55f2e8b97c40f7ed5
IRPP-TD,10,16,normal,credential_refresh,6,498.736867,289,28384,1608,0,0x5ff3abecb75273f3091b16593b1f7e607f7611980c0ecf42ee8b910073fd8830
IRPP-TD,10,16,normal,credential_refresh,7,503.024782,289,28384,1609,0,0xd4c4c8dbf6fc2d5b74605b8ce0ff916ae327a8a07602b804da132b735cbbf994
IRPP-TD,10,16,normal,credential_refresh,8,502.520268,289,28384,1610,0,0xb7d2c460733ff223744afd7160ed65eb34511f17102bcf203b13c4d94cfbb66e
IRPP-TD,10,16,normal,credential_refresh,9,499.532097,289,28384,1611,0,0xb03cea7492931428f266237a5929860b2f71823136ddd5735e359ac090c341d9
IRPP-TD,10,16,normal,credential_refresh,10,503.350496,289,28384,1612,0,0x97c552107432c03a9fef2f33a5f379cfe105535ac5bd3cbef55aa848ac2f0281
IRPP-TD,10,16,normal,input_close,11,502.611346,289,18625,1613,0,0xf9e051f640f435bd0a0a1074fd00a97c47003398e5e5cb6811baa1a0b5af2054
IRPP-TD,10,16,normal,output_commit,12,499.615855,353,26849,1614,0,0x5e2ad73fdda53d75a8cc78be24b172c9eb7543e0e862bcaaff5336950eb00cf5
IRPP-TD,10,16,normal,settle,13,504.192316,225,13383,1615,0,0x1951b2945b2c060316baf4769543ba23066187e3e7dc7044b09435a6440e00fb
RPPS-TDC,10,17,normal,publish,0,495.512954,609,76767,1616,0,0x85b766c3348c34a5b54bc610ccec58d517bb05f4cfab681447f560f323ccc8b8
RPPS-TDC,10,17,normal,encrypted_upload,1,502.804638,7235,1119312,1617,0,0x637c01c00e4f0ef880f7f0e9af45c292b2b0d9551beacc7688dd8d69972102b5
RPPS-TDC,10,17,normal,encrypted_upload,2,500.345337,7235,1119312,1618,0,0xfbf7ed0ee4b8c91e7b9aa4792a3d1e688903ec32416fdb137f1bf5f2b741f8ea
RPPS-TDC,10,17,normal,encrypted_upload,3,502.760881,7235,1119312,1619,0,0x47347be9c1b0d9148ed5a8f964097f337edd0717dd1afb0ac43cbc4723378ac8
RPPS-TDC,10,17,normal,encrypted_upload,4,549.155076,7235,1119312,1620,0,0x1d9d3f05fb95283fcf8ad6fcad12c01b4c6bdb40319856ab416b39f4d331ca74
RPPS-TDC,10,17,normal,encrypted_upload,5,502.377651,7235,1119312,1621,0,0x38a9d9103930cbd32faac126aed6d808dd53a71011e3d6981d72313780e9fc32
RPPS-TDC,10,17,normal,encrypted_upload,6,542.424360,7235,1119312,1622,0,0x67c3d7224c8f3dffc926336c0b373732fe474272fed9e5e1698ce1ab3536ecdb
RPPS-TDC,10,17,normal,encrypted_upload,7,499.772109,7235,1119312,1623,0,0x03b4dda63f1a7a2661bc5301124597a2b4a84ecf267ff0b70d5eae6d848de903
RPPS-TDC,10,17,normal,encrypted_upload,8,501.948901,7235,1119312,1624,0,0x42cd5025b14e3f2e3809e4edc3dae1b3a8d3bacc0c567a0d58e47bb9a5ab92a2
RPPS-TDC,10,17,normal,encrypted_upload,9,503.923214,7235,1119312,1625,0,0xf8f47a5f5b293a472136d6bbb7c43d2b116a964b3a36ba3b943c7b57672524a9
RPPS-TDC,10,17,normal,encrypted_upload,10,536.910511,7235,1119312,1626,0,0xf2e6b6eb0d14fd138b8c2e9d998fcb59a5e4d8bd93a4db1239d938c8c3ba3372
RPPS-TDC,10,17,normal,trust_update,11,462.776224,225,11089,1627,0,0xf680386871f3b2d3c8c994b677788289f5e9e2714541826cce47d00c4c3fd32b
RPPS-TDC,10,17,normal,selection,12,502.046105,225,16125,1628,0,0xa418a4feebd93030b1f0641f87a22894bbf995a2ce13135087f90412e8e06e71
RPPS-TDC,10,17,normal,result,13,501.182488,225,16102,1629,0,0xbee14f45f3772cb2d62b4acd2043ac6c5871321e1de947502540f0af1a8bae25
RPPS-TDC,10,17,normal,reputation_update,14,501.549735,88,7486,1630,0,0xf7fbe2a005fd0eb4f5ebbaa4d75806e52a9333e67fc644741a406d93c35f71d5
RPPS-TDC,10,17,normal,reputation_update,15,501.275941,88,7486,1631,0,0x5d2c9daca43a0c0f656399c079006102750680c03ce641300d5efcc70615045c
RPPS-TDC,10,17,normal,reputation_update,16,501.944370,88,7486,1632,0,0x40f00ca11ef0a328cbe2a85aedd02a96430019de7c0652937581ddadaae77546
RPPS-TDC,10,17,normal,reputation_update,17,502.215538,88,7486,1633,0,0x9755538305e9ea7761c7a86ba889044122e408de6debcead263cf9db9c9de5ab
RPPS-TDC,10,17,normal,reputation_update,18,500.618559,88,7486,1634,0,0x26656a43abcb2220d75cdd2030689879606869b606ba31db7f89d136337381fe
RPPS-TDC,10,17,normal,reputation_update,19,500.671534,88,7486,1635,0,0xe008fe63161780891dbe66e24f0b267b00899a0ff800553d158954825d9cff9d
RPPS-TDC,10,17,normal,reputation_update,20,533.402259,88,7486,1636,0,0xa68cf5e496a8d16ccb571a6bce043c6cde9a7ac9ff0ece79e5f49a6fbad502b7
RPPS-TDC,10,17,normal,reputation_update,21,509.010176,88,7486,1637,0,0x512fd276abbd944c7460575b3671c575995479f68a63f037f516dff9d65a4004
RPPS-TDC,10,17,normal,reputation_update,22,503.147723,88,7486,1638,0,0xb84d3bb2ac4eba60d1c95c2578eecfcd632a3b7bf81b4ee075541759fcbd0f3b
RPPS-TDC,10,17,normal,reputation_update,23,552.752378,88,7486,1639,0,0x3a1f891d417d3473aa934bcb3df2794d784c4c8069cfaafacd0c3c46a4ec526c
RPPS-TDC,10,17,normal,settle,24,502.438181,225,11065,1640,0,0x0120798b014517473f17d75e0a73cb490f4c6e43853f8ad60324034660ac656c
IRPP-TD,10,17,normal,publish,0,505.663997,289,16530,1641,0,0x8358af35852267725d14857f26994105c7cb006b01125d11a0617ce3766ad6e9
IRPP-TD,10,17,normal,credential_refresh,1,500.208902,289,28384,1642,0,0x7f7161d0fa254ef1563a376bc46ecede1358999f7dee4d727d7560a5e0ca657d
IRPP-TD,10,17,normal,credential_refresh,2,503.481187,289,28384,1643,0,0xc36502e9b614ef561730d3d33b470affc5e8a69c09a37aae26e2a44f8f2658b2
IRPP-TD,10,17,normal,credential_refresh,3,500.361364,289,28384,1644,0,0xe424d7c37603450af73fb48988187cba0d0035d184fdc6e6010c65d0524a79b3
IRPP-TD,10,17,normal,credential_refresh,4,500.447570,289,28384,1645,0,0x265cd4ae6f450f2168fdb6fea9a5dc4fcf310532f5c9616ccc53d2ea66d1de97
IRPP-TD,10,17,normal,credential_refresh,5,503.256772,289,28384,1646,0,0x9671a6fb55a403b6026f9dba43e33f86eee9a73b750d8cb24f187f7da04d038f
IRPP-TD,10,17,normal,credential_refresh,6,503.017315,289,28384,1647,0,0x0c79722cc99f4d915b566880253b22489134028b11f2ca606f1375a4fb298f80
IRPP-TD,10,17,normal,credential_refresh,7,501.206287,289,28384,1648,0,0x272a2d5fc967f4777fb77605e4e8a58ab10b56285032e4dbf46a3835ac8312d1
IRPP-TD,10,17,normal,credential_refresh,8,499.933359,289,28384,1649,0,0x8777693c0baadc6068c929f324ce09cb2be4469765be3153954106e3dfbc7274
IRPP-TD,10,17,normal,credential_refresh,9,501.654646,289,28384,1650,0,0xe1198b5036375def6a08b0f375d7b0f078e77bdf1d513ea2237f62abd7370017
IRPP-TD,10,17,normal,credential_refresh,10,471.739782,289,28384,1651,0,0x58b3ea0275f6e277e9572447813137dcb6556b98b8055078acdbf4300e5f19ef
IRPP-TD,10,17,normal,input_close,11,499.789166,289,18625,1652,0,0x1c085227b79326486a98a96aca48593b54b1d63bc1eb67f2b61f8a19ddbdc9e0
IRPP-TD,10,17,normal,output_commit,12,500.925206,353,26849,1653,0,0x99f1b88e59678cec255c418ddc6170417f46cac06e0c4c647f317bc031882412
IRPP-TD,10,17,normal,settle,13,503.796776,225,13383,1654,0,0x9a27fdd47b061cfb67128986430e4f1f55bde205c79f54e0b33845e7e4e4d5a4
BSIF,10,17,normal,publish,0,496.807123,609,76767,1655,0,0x5d4b77ca612a6297c702ee6675aead49b59c606a06a740a5f2768e9b266d059f
BSIF,10,17,normal,encrypted_upload,1,502.763097,7651,1185200,1656,0,0xb46a80071ad8fca863b77904b9d2c5e69ef6fd4ed556c2bbd341c41ecb7582da
BSIF,10,17,normal,encrypted_upload,2,505.626901,7651,1185200,1657,0,0xdb1cd8bd646ed44c9e1c3928c6fe51c480104755801d462a3dc354ab3bcca1fd
BSIF,10,17,normal,encrypted_upload,3,499.103023,7651,1185200,1658,0,0xb9bed4bf0d6b22dd437cce9bb2b867fc71fb113ff4db6c4748c1a69b41274627
BSIF,10,17,normal,encrypted_upload,4,501.363326,7651,1185200,1659,0,0x56e602055248c7b306ebe6ac584a967cd9938545e6008a31b069a4bb53232120
BSIF,10,17,normal,encrypted_upload,5,502.384057,7651,1185200,1660,0,0xe8a1d385afa96e7ef7db0c2e48359b69863f0a84344d8bb5a0da183424acd038
BSIF,10,17,normal,encrypted_upload,6,500.120780,7651,1185200,1661,0,0xd6f03e86c18b6e6cb079134548b0e734d977ac4a8714a7ef1380e00712af58c4
BSIF,10,17,normal,encrypted_upload,7,503.676167,7651,1185200,1662,0,0x8c905dff158698dfdb051b914c064f6b016fbe594528304705e7770404e4628d
BSIF,10,17,normal,encrypted_upload,8,498.131185,7651,1185200,1663,0,0xc17f742060abe562962457aa678fa3cc6261176b7a47b582d90864199ddabce2
BSIF,10,17,normal,encrypted_upload,9,504.385471,7651,1185200,1664,0,0xc0a0344e4a95c6d884e7fc8e982f074d81cbc1c241c48141e4b41d5673b4db20
BSIF,10,17,normal,encrypted_upload,10,501.840913,7651,1185200,1665,0,0xb2bf14c0676d4b9067a6152aed6844e08bcda5c80306a6263e11a64d0fb9c75d
BSIF,10,17,normal,quality_report,11,535.883264,225,18236,1666,0,0xa9a61eaee434d3555aaa19befc41e40dca5a58b9401b614f46d39db91c0797d3
BSIF,10,17,normal,reputation_update,12,466.605639,88,7486,1667,0,0x6b55ca808cb116370eb8dbec8545bd9b405d56acf928bb7e2624ebe869cf7d39
BSIF,10,17,normal,reputation_update,13,501.260946,88,7486,1668,0,0xb2c92b1933d5dc4687c72a56a540988c98e8dddb45c054c70958335d9af009ba
BSIF,10,17,normal,reputation_update,14,499.636002,88,7486,1669,0,0xe25050d9b6fb35916426c9f3036b7fb17a0ae5a67ccba38fbb9aa9b0f282d1a9
BSIF,10,17,normal,reputation_update,15,501.580947,88,7486,1670,0,0x116f5bfed74e849fd7e89d8a8a0597a44978d3cd55f356b199cfad98aabcebe5
BSIF,10,17,normal,reputation_update,16,631.572543,88,7486,1671,0,0x88eb5fdee0709f97ef68173a7fadadd2d7c80afccfa5356e78f819fa8c7bfc03
BSIF,10,17,normal,reputation_update,17,502.012678,88,7486,1672,0,0x2377f88c3e3acfbc63231834576b58c76d939794f3598542d571cf41c37e6c03
BSIF,10,17,normal,reputation_update,18,559.730292,88,7486,1673,0,0xb9f3ea59bdb82e8a23c81aad6a6615d1857d3ccadee923c21410e5cf81e4da50
BSIF,10,17,normal,reputation_update,19,502.568399,88,7486,1674,0,0x2858d2410cd2e66d1d78c455284cee0e1b0e9d5008eac477153a3a54f051328e
BSIF,10,17,normal,reputation_update,20,503.516697,88,7486,1675,0,0x216333f3dc372f440adbb30f14c919204040c6c3ea5d6459a90b2db2dfa4c454
BSIF,10,17,normal,reputation_update,21,535.637031,88,7486,1676,0,0x688006b78559254e11b1e745ad661a1965ea0510061417f2912cdbdc6d8516cc
BSIF,10,17,normal,settle,22,468.187196,225,11065,1677,0,0xfceb9bd0c5aeca085676e3245fc7a289e99a93960d12f6f4f5d363a4f54331a7
IRPP-TD,10,18,normal,publish,0,500.755496,289,16530,1678,0,0x41a7db78b025e68b7c83cc7c53bd8852de2fc38bb9101fac109f0c409c1cc79d
IRPP-TD,10,18,normal,credential_refresh,1,502.336682,289,28384,1679,0,0x01698477768407a7cc41ce347c991dff7a8187b5b0006358a6008f424d273bf6
IRPP-TD,10,18,normal,credential_refresh,2,501.712576,289,28384,1680,0,0x64efcd181825eff2c661a465d2e4286a7f65abf3b30a2b595adddf892a888bc3
IRPP-TD,10,18,normal,credential_refresh,3,499.913998,289,28384,1681,0,0x9f20c8aa0d3ac0567b2296700febac4c2ffa67738e5addc477ce94c49fc43b39
IRPP-TD,10,18,normal,credential_refresh,4,504.423106,289,28384,1682,0,0xd013508da420b40450cbc2c8344e27981182b664ebcf14c225ea8bedcc719f9e
IRPP-TD,10,18,normal,credential_refresh,5,499.806148,289,28384,1683,0,0xdb4ce1c8400a8162ddb6138eaf435abcb58a188df9ca6d149adadbcd1166e4f8
IRPP-TD,10,18,normal,credential_refresh,6,502.372148,289,28384,1684,0,0xe265355df357fbbe6d394c6141947ed89b898179a02fbf8a662d27912b0a84ac
IRPP-TD,10,18,normal,credential_refresh,7,500.328687,289,28384,1685,0,0xe0edc9b9709eeb5734d44ba9c69de4033ba9f3ed47d724e8c26c4b8aef770bc3
IRPP-TD,10,18,normal,credential_refresh,8,517.074325,289,28384,1686,0,0x8622d3ea9d5e2c3ef3c4898d265aa5c81fbb1a6766bad14b28f4874fe6b0912e
IRPP-TD,10,18,normal,credential_refresh,9,485.486920,289,28384,1687,0,0xc3f18c53c243ae69b818ed0d32784961cc8e49f2bff91eee9957374136c54fcc
IRPP-TD,10,18,normal,credential_refresh,10,500.382628,289,28384,1688,0,0x9fe2134f554ba2370b83c0711dbf0a2b602811e93a980f5d25cfdc055750a486
IRPP-TD,10,18,normal,input_close,11,501.389758,289,18625,1689,0,0x60cfcab12fa1cf8d6b3d1d8df9da286a5a094395857a937b3c51db4290feb79f
IRPP-TD,10,18,normal,output_commit,12,502.865427,353,26849,1690,0,0x9170b03251400e1f67f89b6e59762715a324f9a72a90681c377fdabb02adafad
IRPP-TD,10,18,normal,settle,13,500.206724,225,13383,1691,0,0xd53d5480ee7ac19b77ff1f71081a7aad9024eedfd69f3dc1d28b6c8f60836ee5
BSIF,10,18,normal,publish,0,497.787045,609,76767,1692,0,0x40d3b5c5d05773fa6af479278eb2d19e74e4dfe6e3a3e9a3677464c5daf82b07
BSIF,10,18,normal,encrypted_upload,1,504.057473,7651,1185200,1693,0,0x18ec05361246eb6f191c30ae2b0e1303d76b021299ba03b4f28d29dc1d304ecb
BSIF,10,18,normal,encrypted_upload,2,501.437879,7651,1185200,1694,0,0x86bcea94b3e1418e0ed5705fde8fa9d2c288494473221d0ab19360ce4c2fe8ab
BSIF,10,18,normal,encrypted_upload,3,500.206115,7651,1185200,1695,0,0xa9850502ab1c155786f200ba972b17d4a671db534c5d8a6ae631221665946d65
BSIF,10,18,normal,encrypted_upload,4,517.035053,7651,1185200,1696,0,0x20eb565bec6c37eaf221df323cbae16f8c16456f3edfa45f99ef6bf11f7845e9
BSIF,10,18,normal,encrypted_upload,5,483.588800,7651,1185200,1697,0,0x916f49e3a0861fce15a3e74f4df941e8f0c892020bac88ddb691e76ca4f1bf66
BSIF,10,18,normal,encrypted_upload,6,503.030482,7651,1185200,1698,0,0x0e449d38111189954f49ce490cb97b63afce5838fa765556de7836ccc1e7940b
BSIF,10,18,normal,encrypted_upload,7,518.804292,7651,1185200,1699,0,0x310e3da0ef4b62541fa892eb32ed1902b1570faefce3c46bb3a7bf58b45a93d5
BSIF,10,18,normal,encrypted_upload,8,501.367877,7651,1185200,1700,0,0x861bf2b965664f09a7e336de917b5ce60d217a9abe43f4c5ce48508a977b0b41
BSIF,10,18,normal,encrypted_upload,9,503.403972,7651,1185200,1701,0,0xca5dc7fe8e5f3cf057ecad1b140c1374603ed00bef8b31a4b155f1e436b08151
BSIF,10,18,normal,encrypted_upload,10,572.675034,7651,1185200,1702,0,0xc4f7016d2b879cb8f0b049bfc55c5f924b6b8b8637a25043f12b1c0e510d62e7
BSIF,10,18,normal,quality_report,11,461.680948,225,18236,1703,0,0x98d79f2212e656a57bb86a5321237661ffacdf27e4fb4283f4ca7bbe12d054c1
BSIF,10,18,normal,reputation_update,12,545.507690,88,7486,1704,0,0x5a20881c555f16f770144075e9f4948d9c34c1b3ad0244f996f14b5af53708ff
BSIF,10,18,normal,reputation_update,13,502.824536,88,7486,1705,0,0x629b0398ebc62e247096eaf5867d911e1e3f27c3262b357135e2007ca319df11
BSIF,10,18,normal,reputation_update,14,514.469429,88,7486,1706,0,0x8054a38818c3136c398a3ef609b62bee5c1664a9ea92455055ed6946b7d705ee
BSIF,10,18,normal,reputation_update,15,486.658314,88,7486,1707,0,0x80c8544c9425efa686c15216ee2236a6f85120b75df4c6054a62a7e5ea3b5883
BSIF,10,18,normal,reputation_update,16,501.977073,88,7486,1708,0,0x746ac61c1a12eb6c2ef018a5500a68933b4e9ddbdd758802f5d3fce26ef69887
BSIF,10,18,normal,reputation_update,17,503.740096,88,7486,1709,0,0x84e8ef730265710dcbff776b2ed1d1f406c5f0c94cf0687f2bbaec6cb912f60b
BSIF,10,18,normal,reputation_update,18,501.030526,88,7486,1710,0,0x777f2947c7c42257f226367e3e6d3f4415374a7678a92e6b05c789c00473af67
BSIF,10,18,normal,reputation_update,19,505.267579,88,7486,1711,0,0x4a831ca5a981d49d54a678de522b724d372d43069f5696b4ca516dc3240cf869
BSIF,10,18,normal,reputation_update,20,500.228845,88,7486,1712,0,0xc285d5748cee5ced5f1da2cdb92ed307e52dbd14350445373bfb0f58128e6a3f
BSIF,10,18,normal,reputation_update,21,469.489970,88,7486,1713,0,0xa15c378068c3d90259150d5241f9639b226bd1ba8681c9b3349467c9feb8a48f
BSIF,10,18,normal,settle,22,500.702420,225,11065,1714,0,0x5b3dd13373d74de625438a6678d34cb4021594cdfffd84c3cc769a3ba618ebce
RPPS-TDC,10,18,normal,publish,0,499.219355,609,76767,1715,0,0x2e4f753c4f7c6714c13cc1d8bb142919e1f68cebd708ee0a1af31cb00870b8aa
RPPS-TDC,10,18,normal,encrypted_upload,1,535.865076,7235,1119312,1716,0,0xcc8b0baadd4a41d660c2fe91031bfb1d7278021b11b8770010cee88e2b07d592
RPPS-TDC,10,18,normal,encrypted_upload,2,466.011318,7235,1119312,1717,0,0x204e09ff528363c82d84b8c0bfb17cb7ca65895c9fc00629468d14e2b774d7bd
RPPS-TDC,10,18,normal,encrypted_upload,3,502.141538,7235,1119312,1718,0,0x756bf056a40628672616b9d7a147c256ed85bc6c5f86e81b7710ec58953c76ad
RPPS-TDC,10,18,normal,encrypted_upload,4,502.538759,7235,1119312,1719,0,0x74f84f4c211fa7c5e0cd5cc2c2f60bbb68f69ef75a0a6db69858a7b507b1a4c9
RPPS-TDC,10,18,normal,encrypted_upload,5,500.761012,7235,1119312,1720,0,0x07a5747de0663950d460a235833ec44f37b6bb40d6309d2bec2cc112e3528939
RPPS-TDC,10,18,normal,encrypted_upload,6,500.710631,7235,1119312,1721,0,0x723323fe11d05e430959f48af7d2cd60fd22f5acccf00267967483e2fc96a84b
RPPS-TDC,10,18,normal,encrypted_upload,7,503.072190,7235,1119312,1722,0,0x6400eab77709a4b5903ff292512f7532a2a4c1664c6cd78cb1e423696ec00fe5
RPPS-TDC,10,18,normal,encrypted_upload,8,500.216047,7235,1119312,1723,0,0x090cf02ea69f220d3ee491474d29c6d0d30408714490d259f4542ec003e7855f
RPPS-TDC,10,18,normal,encrypted_upload,9,501.934615,7235,1119312,1724,0,0xa4c7f2f59109146b210086b4dcb12372922be91411d497555332fc4d31f0d17f
RPPS-TDC,10,18,normal,encrypted_upload,10,499.426543,7235,1119312,1725,0,0x05a27bec5372c6ab15e651de7f46eedd0e772d5bd8adc5af65c130396bfef0d6
RPPS-TDC,10,18,normal,trust_update,11,538.283067,225,11089,1726,0,0xfec10939d757a466c44752722583c247b4345b4fa135e5ae7ddad449ec32294b
RPPS-TDC,10,18,normal,selection,12,467.764985,225,16125,1727,0,0x2cd9230a5d2d0e9b9c5d85e11842222ea8e6043a3bfc1cf36c3ff50a9c0ee9f1
RPPS-TDC,10,18,normal,result,13,499.529014,225,16102,1728,0,0xf1494797289987f1711bae7d306df10279a4e5d344d52709aa00c2f1e4597e62
RPPS-TDC,10,18,normal,reputation_update,14,588.253607,88,7486,1729,0,0x1bffd2270e14a1cc7baad1c9309c1e185ff10bee801ebdc2d351b41c8f776f9f
RPPS-TDC,10,18,normal,reputation_update,15,500.587693,88,7486,1730,0,0x0cb4d5ad4dadf0c8429963f022fdb21d85e186792390b1c12fcb20248b23fe41
RPPS-TDC,10,18,normal,reputation_update,16,486.672567,88,7486,1731,0,0x878766d8ba128ab2324c5a5a595afcc8dcf6192ab12d95f50ac210f51123718d
RPPS-TDC,10,18,normal,reputation_update,17,504.282291,88,7486,1732,0,0x23ac78668adee5310f974a5448fdad79d9ba778fd2cbab763fe341f6523961f7
RPPS-TDC,10,18,normal,reputation_update,18,499.762766,88,7486,1733,0,0xc8e9daf947fb178295b6f6390036168177c946521c9a28b576d7ac15694286a5
RPPS-TDC,10,18,normal,reputation_update,19,501.312188,88,7486,1734,0,0xbdaa05a6e3b01e42ab56e4d1dbb02ff0deaad4c735845c6126530414f6293d18
RPPS-TDC,10,18,normal,reputation_update,20,501.787362,88,7486,1735,0,0x9d4d2756a0dda8bc8b896024ce7b35337298c72637456f84c3e17be49d45ec17
RPPS-TDC,10,18,normal,reputation_update,21,535.686015,88,7486,1736,0,0x23042a070e4191f7823b84da85c215d9ab17229092b450cdfca1fe7d54023c49
RPPS-TDC,10,18,normal,reputation_update,22,467.476869,88,7486,1737,0,0xc1ece1f75644e0887ef74cd848ebc189b8e733e2683ae11e5f10e81877cdbf70
RPPS-TDC,10,18,normal,reputation_update,23,500.495997,88,7486,1738,0,0xc7c8d7d8b38e80b2651af3f2fe6ed6810f6551912d56a736ef2d4ef23f909ee7
RPPS-TDC,10,18,normal,settle,24,505.757367,225,11065,1739,0,0x9c1b42cec3744b9dc28126aa8ac120ce2a42eebe9b6d096f1d5bca6dd2d690b2
BSIF,10,19,normal,publish,0,504.939795,609,76767,1740,0,0xc5ef4c875cf14172e62f65f248c7a2a6388ec7ff042029c59e745b9bd655e3cd
BSIF,10,19,normal,encrypted_upload,1,503.378564,7651,1185200,1741,0,0x4f69a82249e89c1a4d9997b16734ee7360b3cc2328d0173b7d1bf66a12264d6b
BSIF,10,19,normal,encrypted_upload,2,500.884216,7651,1185200,1742,0,0x992af3a8b355c0f1106aa2920046d30c77f124ab5542549171da72328df013ec
BSIF,10,19,normal,encrypted_upload,3,500.930347,7651,1185200,1743,0,0xb3edf714ce235acd5b08e5079a3f64f870b282ec62f36e6f3400c6e26359cba4
BSIF,10,19,normal,encrypted_upload,4,546.046790,7651,1185200,1744,0,0xbda4fba4ddd4e291e39fb9682077c10868d1a5d3f2aec042fe481ea71d545859
BSIF,10,19,normal,encrypted_upload,5,503.239207,7651,1185200,1745,0,0x56e3479834874d5ac76c9e6bc70604f8caa99223192a04e28da1e0036654c30f
BSIF,10,19,normal,encrypted_upload,6,501.894674,7651,1185200,1746,0,0xcd81a3112fb65d4e2df6f647f6c378ddca3d8731184414fa902f21e55f940796
BSIF,10,19,normal,encrypted_upload,7,500.861560,7651,1185200,1747,0,0x423d268ad9e53a1cec71f9347c5c1cc2d6a74b15a55da6517b3c3474209e55bc
BSIF,10,19,normal,encrypted_upload,8,500.845700,7651,1185200,1748,0,0xf9ecec8b5958b872560a62429ab0613d96ed27e245c4e3f94ad08f06c54f2469
BSIF,10,19,normal,encrypted_upload,9,500.709296,7651,1185200,1749,0,0xc29b63d760e1bfc9b140f345513c739ed1ca5ea7bf785fc5b1662716a326637a
BSIF,10,19,normal,encrypted_upload,10,503.511745,7651,1185200,1750,0,0x768c939ba18935dc64438836f5aa3fa6f26e411ee41d128eeadfc949454a4fbe
BSIF,10,19,normal,quality_report,11,500.866611,225,18236,1751,0,0x049851d4ad65c9bf20097c3e38af1dabfb98ed978c6466d07ecef5f315ffa9ad
BSIF,10,19,normal,reputation_update,12,502.072363,88,7486,1752,0,0xef9144a8eaee5e9c09eb3c6ef17cb4b9ccbae042efa5ee11d84cc687254d898d
BSIF,10,19,normal,reputation_update,13,502.577692,88,7486,1753,0,0x1e024f5a49f58fb4eed8bfd916241f42e63f257100f9d86207f57cf198d360c6
BSIF,10,19,normal,reputation_update,14,500.958061,88,7486,1754,0,0xfd92177620a11402bd8a5215242668a3eead114035aab5ae6bd9a76cf761a383
BSIF,10,19,normal,reputation_update,15,502.947632,88,7486,1755,0,0x5c7ae77e92af6e6d91c8191af0ca79887d3848b051476b162c88b30dd40e6e12
BSIF,10,19,normal,reputation_update,16,515.452345,88,7486,1756,0,0xd21701bae8a70d041527da16a7b37516030f8fda0052f794e961322b01244b4d
BSIF,10,19,normal,reputation_update,17,487.224348,88,7486,1757,0,0xa0620133b88103e2b4c1846b3936807384e3c5c7827430a705efcafdcd03178c
BSIF,10,19,normal,reputation_update,18,499.594452,88,7486,1758,0,0xf0d1d84d23686b2685a99a6f000cd40b65c02d94a64c1523fc6f4643e59f8b03
BSIF,10,19,normal,reputation_update,19,502.517178,88,7486,1759,0,0xee8366a48ff81e5eb5119e8e1242696b56e5cf0cfd75a245c058bddfd646de92
BSIF,10,19,normal,reputation_update,20,501.901373,88,7486,1760,0,0xe9e04482c0bd4536a1d9adb8d3432feb4a9bfd97cfe1edbaf19d1c2f03fbee32
BSIF,10,19,normal,reputation_update,21,500.501961,88,7486,1761,0,0xd95843385880f615b25cb1973d57db2af042759f228f270408b913e62bcd1cdf
BSIF,10,19,normal,settle,22,503.070198,225,11065,1762,0,0x373e07032768aa5e2ee0e30af4dca4fdb963860e9cb47c51e4ca7dd207e77632
RPPS-TDC,10,19,normal,publish,0,499.705110,609,76767,1763,0,0x809002247fad0638e5feb7b0dcc1848ffe790daee4f84125eb54193081477a4b
RPPS-TDC,10,19,normal,encrypted_upload,1,626.358841,7235,1119312,1764,0,0x2312633867f0b282ae1ed4e84ae518378f2c8379dc51154b1336ddcfdf15f559
RPPS-TDC,10,19,normal,encrypted_upload,2,376.927803,7235,1119312,1765,0,0x13fc2d69c44b15a856f7b90cab8de1a0486e542b51586107d792f27a4e2105a7
RPPS-TDC,10,19,normal,encrypted_upload,3,503.869395,7235,1119312,1766,0,0x1f0a68bf91d977129341b93d080938df93e9e5155cb4cc7842055cf34c69d8d4
RPPS-TDC,10,19,normal,encrypted_upload,4,500.209531,7235,1119312,1767,0,0x4c23539fcd51766b487605a0aa510d8d88dd7791d5b233de8840b71df8fc860e
RPPS-TDC,10,19,normal,encrypted_upload,5,502.666811,7235,1119312,1768,0,0xd971f590b3a3ea2cf2a809ee47a9b69846d43caa306c17fe264b61ce49d46aad
RPPS-TDC,10,19,normal,encrypted_upload,6,502.331989,7235,1119312,1769,0,0xca4e5be29916f6b62af0ca05dd358e4349528752138e24f7e2114fa5151eaa7c
RPPS-TDC,10,19,normal,encrypted_upload,7,501.623327,7235,1119312,1770,0,0x1772fd77436a9c6ade46891933cedfbcaa08b138be8f120d778236e1a44966e5
RPPS-TDC,10,19,normal,encrypted_upload,8,503.822834,7235,1119312,1771,0,0x5e8f12108f50fbdbe29d9b8944ec1da1a0c81162341ef35544ec2eb7785c06f8
RPPS-TDC,10,19,normal,encrypted_upload,9,499.831944,7235,1119312,1772,0,0x4b6704ff244a9c5edce66d6a0b9ec426ce0ed86a2611cda36e5e0e65a725f724
RPPS-TDC,10,19,normal,encrypted_upload,10,503.337658,7235,1119312,1773,0,0x4050516517bc9ba519c14cf538546a12eb9fd23b1a38b5fec17a05fbc45c6cd4
RPPS-TDC,10,19,normal,trust_update,11,526.074018,225,11089,1774,0,0x95073ceb69ef35f4425a6dd2b7a7150a4e1094d09c079dbf8363a6e2ab0bfc11
RPPS-TDC,10,19,normal,selection,12,500.905878,225,16125,1775,0,0x8a25bb4988b21247581e4122c73c886e8ce8cff3eacc68058f6382ce95a5fddb
RPPS-TDC,10,19,normal,result,13,515.604113,225,16102,1776,0,0x27dab5bc514dfb11c71292d751277005c2af03361a6cfbc59b89437b24f8de68
RPPS-TDC,10,19,normal,reputation_update,14,487.639500,88,7486,1777,0,0x7c2762d429e9fd795482943f026c3a568661722dc87a5318bdb12bebb0bdf903
RPPS-TDC,10,19,normal,reputation_update,15,500.311197,88,7486,1778,0,0xcdfe4a225b39745cb1312a78579fd604681f7ba77754f524ed67faf419b9c5d4
RPPS-TDC,10,19,normal,reputation_update,16,501.615502,88,7486,1779,0,0xe7889433cc27bfd8ad786098e658c34dffb040685802b2b8dc1a117ff34712df
RPPS-TDC,10,19,normal,reputation_update,17,503.664343,88,7486,1780,0,0x6975b68869f99c743178af5e923445a2b8a6272349687984f1d73ed79a6327a5
RPPS-TDC,10,19,normal,reputation_update,18,501.737451,88,7486,1781,0,0xc59b90419821b47cc7f4b83c29d8be61ae9b7c25e4da2f7198565f0b152895ef
RPPS-TDC,10,19,normal,reputation_update,19,500.653125,88,7486,1782,0,0x0354452bb9220f4794e6654e9c54f21d964163d5aee5c3cc11c0dfb3ed867342
RPPS-TDC,10,19,normal,reputation_update,20,501.818057,88,7486,1783,0,0xab31048c252a8ff4e583116389691558ddfd4fc381d077efc2c47e9d0e60ea02
RPPS-TDC,10,19,normal,reputation_update,21,501.964761,88,7486,1784,0,0x91f415a89ad5bd5fcbe9848d914563cc47c404f9aecb9e5d4d42d227f98d1261
RPPS-TDC,10,19,normal,reputation_update,22,502.856047,88,7486,1785,0,0x075447209788cd6c83a76c09eb0b1595114da46d4508d45e9d68af5f130f5922
RPPS-TDC,10,19,normal,reputation_update,23,536.295733,88,7486,1786,0,0x3256a21450ebb791e1af431d2dff69b494f6a9bd34b716404794e288d4350081
RPPS-TDC,10,19,normal,settle,24,465.453387,225,11065,1787,0,0x8285b7113e67cef2302a3fc8b472e196aeeea12fb555020f870fa9caaa15ce75
IRPP-TD,10,19,normal,publish,0,498.897459,289,16530,1788,0,0xcf7a6aace6165e5a410fa810f1986622d5906b8495fe248a537f113352f39767
IRPP-TD,10,19,normal,credential_refresh,1,501.416316,289,28384,1789,0,0xee955bcd3fc68278c09da39dc23828b842653870b3be268413b149c12c7ceb49
IRPP-TD,10,19,normal,credential_refresh,2,500.859851,289,28384,1790,0,0xb69a534284006bf5ae7c7442787c28785436f6ed98b3c1502a4f4abd07b4de99
IRPP-TD,10,19,normal,credential_refresh,3,503.716313,289,28384,1791,0,0x299ce79b247c9e3cc2683e5b7f3fd60a0811e798224747f045da141cb31a4557
IRPP-TD,10,19,normal,credential_refresh,4,502.368680,289,28384,1792,0,0xd24503bf3ab5b308029639f4bede9d3844a03ec4caaa49f77db2df903f939dd4
IRPP-TD,10,19,normal,credential_refresh,5,503.489365,289,28384,1793,0,0xfa383b9681aec3e43a671c6580fbe457c5d73c35d1651165b23b913056c9277e
IRPP-TD,10,19,normal,credential_refresh,6,513.445259,289,28384,1794,0,0x18c57344507232a9528d4a5a0baab3efe960f998e07756fbd25ea025c0c59788
IRPP-TD,10,19,normal,credential_refresh,7,579.922197,289,28384,1795,0,0x223494e97a722f06270702ccee085f1d17dc7b5159d1603df5825e944abf5d33
IRPP-TD,10,19,normal,credential_refresh,8,537.620703,289,28384,1796,0,0xb6faced4055e4bcd640df36e3c3fe3e673e1b1c8b01795386522f3b941ee06ae
IRPP-TD,10,19,normal,credential_refresh,9,466.504239,289,28384,1797,0,0xc702acc9a522c7331818b9d835fdf11cb90bd5ca855d153b90f82b6759f6b516
IRPP-TD,10,19,normal,credential_refresh,10,501.050851,289,28384,1798,0,0x8a7395010e9f1af3211abd9b986f8180082b0a0c62b70d1cf9b5e08511938661
IRPP-TD,10,19,normal,input_close,11,501.417714,289,18625,1799,0,0x535ea7948287467b2cba90ca3abc0a6b9d72d86eacc3984e23172d8cf5168f09
IRPP-TD,10,19,normal,output_commit,12,499.507926,353,26849,1800,0,0x836d919ee6df68613d7ffd9d1c8efe7c63649dc261fefa001e776e5fdb40248b
IRPP-TD,10,19,normal,settle,13,502.421076,225,13383,1801,0,0xc0411158e01cb032754fcfbcf01b7cd5f7e39b87022334250b26f9d67898a7a0
RPPS-TDC,10,20,normal,publish,0,496.506474,609,76767,1802,0,0x335cbb6d1f7517fa1163b8c2757dcae9ab1d412b2c67a9b2d30f75bfc3a72d8e
RPPS-TDC,10,20,normal,encrypted_upload,1,500.279775,7235,1119312,1803,0,0x535c6837fe7e29a2279744d37ef082dd0f807a32b4deaece7a4624ac19dd398e
RPPS-TDC,10,20,normal,encrypted_upload,2,504.365578,7235,1119312,1804,0,0x8a6f30aea4889971d55f2cdabdf1b9fb2a819c90c116237f43632227f1770f27
RPPS-TDC,10,20,normal,encrypted_upload,3,507.223593,7235,1119312,1805,0,0x0443f0bef8a99f3b5634301e8ee1a5afc032919beb33650e69eaa1cd61687d9b
RPPS-TDC,10,20,normal,encrypted_upload,4,538.399045,7235,1119312,1806,0,0xc8a6b576f88dd330ef1bf75dc457ace9d75ce5b541d0d7f81e500932a6a0501e
RPPS-TDC,10,20,normal,encrypted_upload,5,464.690038,7235,1119312,1807,0,0xfd01c5f02a02b3f1c76b6fd21d85ca7041152133e893fc29f673062494db3cd7
RPPS-TDC,10,20,normal,encrypted_upload,6,503.021917,7235,1119312,1808,0,0xa8c2dbdc9e659ef9df928d20ae70eefec13401e5df882c57689471426de1346f
RPPS-TDC,10,20,normal,encrypted_upload,7,465.416950,7235,1119312,1809,0,0x0e39f98babde6261fc05f424e0b62ffdc8467a4c7cf6a9fa52e5cda85cca7354
RPPS-TDC,10,20,normal,encrypted_upload,8,500.074847,7235,1119312,1810,0,0x801d04dd8edb937f9cd318df521ee4ce61098561cbdd5633f06c95b91f29e164
RPPS-TDC,10,20,normal,encrypted_upload,9,502.107354,7235,1119312,1811,0,0xa23903f88e532a8ac5048d9b56592d611fbac0019f90d5a15b0bf3aba231fe1f
RPPS-TDC,10,20,normal,encrypted_upload,10,499.205009,7235,1119312,1812,0,0x92c3f117d7bcce21dc4bfd321d38f9203bc3182876093293a84b4e5e195c6ebc
RPPS-TDC,10,20,normal,trust_update,11,501.988272,225,11089,1813,0,0x7aaa80f6545ead7f9d57b1be7515bacf0dbf9fef5ab86023363652abc5a3c497
RPPS-TDC,10,20,normal,selection,12,504.166709,225,16125,1814,0,0x14fc54c77847d9140feb0dd63037dc0064ece3176eadf5a37f769ac6e8b4d80e
RPPS-TDC,10,20,normal,result,13,502.384971,225,16102,1815,0,0x0c3ed65217876881ac4d189e45a48e165bc02535b36409d1ff990a96d55a494c
RPPS-TDC,10,20,normal,reputation_update,14,539.364928,88,7486,1816,0,0x8de279f93bf4b55b6a1b8131ecc4ebd7085c18acd36e63533eb8ba4628254e42
RPPS-TDC,10,20,normal,reputation_update,15,502.114762,88,7486,1817,0,0x0787b11a10e1ac762536f3d0f19d081298e4feb98615290780ce4152f7c35113
RPPS-TDC,10,20,normal,reputation_update,16,501.667783,88,7486,1818,0,0x4734e27f96cfc47717b232ed8acaa6f8768be85ab5fed866e38274bf9a4dda64
RPPS-TDC,10,20,normal,reputation_update,17,547.618917,88,7486,1819,0,0x7218a957f87a29b7644be3450d3ed85e54e4735be075bb72ef0260b6932dd4f4
RPPS-TDC,10,20,normal,reputation_update,18,500.222983,88,7486,1820,0,0xa6463a73db6aaff2cfdeb90d88f04aac86fbf134bce96649e6e29ad84c18f718
RPPS-TDC,10,20,normal,reputation_update,19,503.908950,88,7486,1821,0,0x562233e1b6c41a45e44787f4b524d69d68010f39d9f7e1b255da492524d1dc86
RPPS-TDC,10,20,normal,reputation_update,20,547.298112,88,7486,1822,0,0xc4d18c8a15b9a82e1299053848b1e4661f34880c90ddda53df6e41306c55ec52
RPPS-TDC,10,20,normal,reputation_update,21,455.630421,88,7486,1823,0,0x5ce7405e88caf8c0d2cb915196e2e8b95cbdfd577fbf0a5736b6aaf2485fac04
RPPS-TDC,10,20,normal,reputation_update,22,503.019188,88,7486,1824,0,0x6ec339e31759940ad48074f14c38b9cf051ea2f0d90a39923b2f9e5c1d1f7b28
RPPS-TDC,10,20,normal,reputation_update,23,502.959825,88,7486,1825,0,0x7fe6afa272fc200d1d2767650eb9f87900bb5f5351c42fee4ccc7f83a964c991
RPPS-TDC,10,20,normal,settle,24,526.186501,225,11065,1826,0,0x32d6ef60ba06e68e754188db5e1c297f8e73689771476f247948b41257baca23
IRPP-TD,10,20,normal,publish,0,474.285126,289,16530,1827,0,0x6e9a96d2b066edeb3f52283eb86e873bf2ce05cf32d26bb0e1f7bcd05c2a3676
IRPP-TD,10,20,normal,credential_refresh,1,499.318188,289,28384,1828,0,0x1ba778cc7fd52aad02b87bb20976088145f904b800307ecb136b31893c8166d2
IRPP-TD,10,20,normal,credential_refresh,2,502.921185,289,28384,1829,0,0x99aa7d40d05b952c2305bd2321c6c8d0db267ffcc6d26aa5c1f48e0b6a822ec5
IRPP-TD,10,20,normal,credential_refresh,3,500.059762,289,28384,1830,0,0xd6435ecedab4eb00fdd17ca7e60184508f357d0947b43b9fa0ba2e01fb03f576
IRPP-TD,10,20,normal,credential_refresh,4,503.095412,289,28384,1831,0,0x7c0c52996b483fac3399752fbd3e0db83215e85f6341c720d7ced46b59537df3
IRPP-TD,10,20,normal,credential_refresh,5,499.695043,289,28384,1832,0,0x900c78ac1b5a3810ea15a3b0f5de856a885c71ccfa3c162d23b1dc8108782fbd
IRPP-TD,10,20,normal,credential_refresh,6,502.931865,289,28384,1833,0,0xdb3eebd15901e9f78666ef67aee10d6bf1a376e57a8d90ca5d24c5f58438c9d2
IRPP-TD,10,20,normal,credential_refresh,7,500.595824,289,28384,1834,0,0x728e7b14b40f90ed3d1cdfc21e4c891f2ea41069e0680fde3134197bc27358b2
IRPP-TD,10,20,normal,credential_refresh,8,502.034835,289,28384,1835,0,0xd23b33af89514367d17dd9341e373f9b9eae3444eb96d363604a0d2825ff1852
IRPP-TD,10,20,normal,credential_refresh,9,516.903245,289,28384,1836,0,0x749994662241bd711bf52d7e0403b891756e15a6cc5e9f6d799fe90487278564
IRPP-TD,10,20,normal,credential_refresh,10,488.273991,289,28384,1837,0,0x029c06547991d39243568652821e7545e95a3d7979c5ddcee49714db8de5fce2
IRPP-TD,10,20,normal,input_close,11,501.245416,289,18625,1838,0,0x81a85b6cda05979a5cccb1796237467de817bebe7cd304a3ac72972ed5448e4a
IRPP-TD,10,20,normal,output_commit,12,503.020642,353,26849,1839,0,0xa1e80ce67a888eb121062a54e9e17f064c5b12a5be7c922bf328ca66597fb70d
IRPP-TD,10,20,normal,settle,13,501.887519,225,13383,1840,0,0x80f8205040aa1d17a953f57fe1cdc998c4e10ec5551f767b94ba4844951bc49b
BSIF,10,20,normal,publish,0,498.162310,609,76767,1841,0,0xbc6d7847a34ea3d3b35080ebb7ba1e348d7043b2fadb3715c92f38993986ec8e
BSIF,10,20,normal,encrypted_upload,1,500.849901,7651,1185200,1842,0,0x0053fc2d92de71bbb18391bff72cc771a0482e1579f78d396acaafb33ef61231
BSIF,10,20,normal,encrypted_upload,2,501.492602,7651,1185200,1843,0,0xf69a6c13872aba26bfbf78e854a3a2e83063086e78ea5ec7e76c50c3a2abfd9d
BSIF,10,20,normal,encrypted_upload,3,499.975440,7651,1185200,1844,0,0xc5027887156c2fda08d1d399eb8042ebb331e404e0925d4430b8b2956b626940
BSIF,10,20,normal,encrypted_upload,4,502.810819,7651,1185200,1845,0,0x19171fae5a0d33ad054cef8227c32869e056c4b0aedb30b6acd282902475bade
BSIF,10,20,normal,encrypted_upload,5,514.273562,7651,1185200,1846,0,0x8d5a11683a96524bee2148ceff96fbeae72d482d552e5d157f3d29484b6e586b
BSIF,10,20,normal,encrypted_upload,6,485.545321,7651,1185200,1847,0,0x21b7945130a4a26639f2e592e48a58376a617fc4952fe9dc37f74a3d43237378
BSIF,10,20,normal,encrypted_upload,7,501.840816,7651,1185200,1848,0,0xe21cc631b4c7cc087f8d570f4caa7df7005f0172150a1cc04a51345847fdcd44
BSIF,10,20,normal,encrypted_upload,8,502.385428,7651,1185200,1849,0,0xa439600e5129924dfbf3c4b3ae7224ad4804ca643955cfb44dfff0d0a89ccd3f
BSIF,10,20,normal,encrypted_upload,9,502.841900,7651,1185200,1850,0,0xe5975aae75ff5e9b2e924e16494474c71d106e269026c044eba1f35d03cdc682
BSIF,10,20,normal,encrypted_upload,10,502.319341,7651,1185200,1851,0,0x5288cc87ec6b2ff3058ae014faec6a02c854a58c00afc571851c8a7772fc9874
BSIF,10,20,normal,quality_report,11,499.119142,225,18236,1852,0,0x98a5529b7a8d502f8e1e177eeae11fa63a7524cc5066a55814b9eb21e1f951cf
BSIF,10,20,normal,reputation_update,12,502.972704,88,7486,1853,0,0x1a3dc5e1fa82c944e789f160eb72f43698b77693d5b4827c5093515a7074170d
BSIF,10,20,normal,reputation_update,13,501.163064,88,7486,1854,0,0x1e24996660c5f04a45af914b6f034e54cb59ac1ffdb76f124e5ff7ce55ea64e4
BSIF,10,20,normal,reputation_update,14,585.251297,88,7486,1855,0,0xcd57a51eb0afefc124e50f6063eefd17b4254f955ef0d7e989b04abf91cd714f
BSIF,10,20,normal,reputation_update,15,491.923316,88,7486,1856,0,0x791a7ac290951698a007d2d67686e0055a2ad6f5694c7aad5471aeaa8fc55229
BSIF,10,20,normal,reputation_update,16,465.938208,88,7486,1857,0,0x6f88830ff7c84e822b10e110f5d4e43bc436e2cc51397b3cd8d9d5c1681a076f
BSIF,10,20,normal,reputation_update,17,500.813495,88,7486,1858,0,0x96c9a7d0fe0b201e119c457f4a66c1ca087e3950c79d44240be70c4e28356669
BSIF,10,20,normal,reputation_update,18,502.464712,88,7486,1859,0,0x6f020bef22f9981a356b09deb37c26d101e9abaec9376f962bf3ee7747fd870d
BSIF,10,20,normal,reputation_update,19,500.467742,88,7486,1860,0,0xe7acd10312f468976df8845c699143d23eeec767b3a6eff715aa8d6b523a9915
BSIF,10,20,normal,reputation_update,20,549.444759,88,7486,1861,0,0x740df7dd8617c7eac417c79f9a59971948666d109f872be1711b67e78af1d857
BSIF,10,20,normal,reputation_update,21,500.294958,88,7486,1862,0,0x2dc2f58621fd62f1bd6c6f1f0e258d3a186f8ac8338bb021d6c3eca6d0f59be1
BSIF,10,20,normal,settle,22,501.062037,225,11065,1863,0,0xc7d68342a3d27c6dedda95095b7ce02b5b7148cb555a372312ad4560a88de8ac
IRPP-TD,10,21,normal,publish,0,508.779543,289,16530,1864,0,0x2856753620458d1badd74907559525b4a765ac21d9d375131fc8039b8eaa93cf
IRPP-TD,10,21,normal,credential_refresh,1,501.550731,289,28384,1865,0,0x519ea7b90817c012524febff1c85569e5ca68072d05c246b4ed6aee6bddc317e
IRPP-TD,10,21,normal,credential_refresh,2,535.782724,289,28384,1866,0,0x82e1427a085a993c725939826891ab4abbbb76328318ebf45b9b6bdd14244739
IRPP-TD,10,21,normal,credential_refresh,3,465.299198,289,28384,1867,0,0xd2886a42509416ad291b827c7b3f6b2366adeaee635c0d24e3675c7dcd29472d
IRPP-TD,10,21,normal,credential_refresh,4,500.865526,289,28384,1868,0,0x6c31f3288e3ab2c392f163c5e37d032a6eaff051d6311b9f99c7a7a83226e7ae
IRPP-TD,10,21,normal,credential_refresh,5,504.118708,289,28384,1869,0,0x3cf6f500ca2375c059f15b5af537fdbeeafeb76410ecc941eb2bdcca862ebd92
IRPP-TD,10,21,normal,credential_refresh,6,503.143260,289,28384,1870,0,0xd9739345035ca65af0f174f73b19f774fb8eab26f3e3300f7cb43001ef8cbb2b
IRPP-TD,10,21,normal,credential_refresh,7,499.831326,289,28384,1871,0,0xb1e74b7aa4df206f476025c1c7f1651c015686327216e8ef8da86f7d3fb59781
IRPP-TD,10,21,normal,credential_refresh,8,502.886929,289,28384,1872,0,0x5cb4c72b539fdd691e91dbee888a5a3b4b6170dd3a5932d19cfeac3079e25a89
IRPP-TD,10,21,normal,credential_refresh,9,501.954108,289,28384,1873,0,0x58cb5d95c607920af8b10140dc1a93be845180299821813acbf5f1c8df6f0ab1
IRPP-TD,10,21,normal,credential_refresh,10,503.217988,289,28384,1874,0,0x203b9b097b25a791b3ea83f38f022c0697b620903069d0c2c4ca2a095d4c5ff5
IRPP-TD,10,21,normal,input_close,11,499.319589,289,18625,1875,0,0x532c906b545579643b72716565344380125dac8832c73799e5985642650cc161
IRPP-TD,10,21,normal,output_commit,12,500.187144,353,26849,1876,0,0x9736aa4d94da0487586e11b5791601ecff285b56690c3b5ba25744f89a182398
IRPP-TD,10,21,normal,settle,13,500.233225,225,13383,1877,0,0x8d2ba091333951b77ccdbf54e7d2a26e0204a2117e50bc224966102dcb17f467
BSIF,10,21,normal,publish,0,497.266932,609,76767,1878,0,0x981710891437a016932db6715f681f676a7b9447637457fcb6c68230810c7278
BSIF,10,21,normal,encrypted_upload,1,503.102062,7651,1185200,1879,0,0x146f305ad50300da797fa271490fff7fd80466d45ce2f537ba93bae193dbed76
BSIF,10,21,normal,encrypted_upload,2,502.549640,7651,1185200,1880,0,0x611c49655dc58c0c57aff66b804581991fcc37862c601b801581d5e8751ce117
BSIF,10,21,normal,encrypted_upload,3,499.827005,7651,1185200,1881,0,0x2875fda2e2542e4d14d016fca4796e06c144dcb5810fa8884853bf2340769352
BSIF,10,21,normal,encrypted_upload,4,501.151795,7651,1185200,1882,0,0x5c3f2f03124c8545851f52fd48861772f5214c7a81eaa6e5c6164145f24b574f
BSIF,10,21,normal,encrypted_upload,5,521.253429,7651,1185200,1883,0,0x2f971f53e048f045c8f53ecaa35bfb72bec117846cf9ee9a7338d13aef044c89
BSIF,10,21,normal,encrypted_upload,6,566.976243,7651,1185200,1884,0,0xcd68af865b5ea3d663f7b1c60afd3279f86dd7b4d393150fcd0b3f56ee72855f
BSIF,10,21,normal,encrypted_upload,7,503.450324,7651,1185200,1885,0,0x3d3bc3c8629cd44348308aae9b39d698b0a56e0c2401fd7e10bd739fd7280fbf
BSIF,10,21,normal,encrypted_upload,8,534.504809,7651,1185200,1886,0,0x36224980603b5650fa531691c286664d4f7e387aec4df50c5eec307a966ad18d
BSIF,10,21,normal,encrypted_upload,9,467.625046,7651,1185200,1887,0,0xbf260a723d072a9a76451144e41c2233963be7e2d21cda1dd7994609ef080e93
BSIF,10,21,normal,encrypted_upload,10,487.054506,7651,1185200,1888,0,0x7fb5c640ef8e24274d6017ab5e98fdedfce712d50655a7eca74bd32157b15920
BSIF,10,21,normal,quality_report,11,503.847870,225,18236,1889,0,0xe6270108992658f0f8388f01b704b94f61d69955afe62202a86252546d542e5a
BSIF,10,21,normal,reputation_update,12,502.723676,88,7486,1890,0,0x3e3ee43ad30cdad9a713ca6b0d703f7fc674ad7a0b82a32ea9678efee31cb3d8
BSIF,10,21,normal,reputation_update,13,502.796225,88,7486,1891,0,0xe37416c2767041f7651b64aca1b0da4537258fb316c35693d82516b0e0782a79
BSIF,10,21,normal,reputation_update,14,499.801074,88,7486,1892,0,0xcf99d9d3a3198340404e7355144b1fd9105e902168e97f378a4adfc8fb085171
BSIF,10,21,normal,reputation_update,15,502.792700,88,7486,1893,0,0x4138659fb4abd95ff35fa48bfdf4169e66561931657e6dd2beec2020c3aca701
BSIF,10,21,normal,reputation_update,16,501.654063,88,7486,1894,0,0x2414f657fd33a5e455e81f4112e2e227fa96d6c8bafe40bdf257660a8761c6b7
BSIF,10,21,normal,reputation_update,17,504.646311,88,7486,1895,0,0xbd9169832554e10705402c15e2ef22d185fc9fd70f160e461d7d143e1568b5b0
BSIF,10,21,normal,reputation_update,18,538.499133,88,7486,1896,0,0x5bc79ec13908e3d79d7b3b48cd2ee029965e67a9745ab85d10a835f775d3f1aa
BSIF,10,21,normal,reputation_update,19,464.643289,88,7486,1897,0,0xcfa52fc1d3a3149353f3179dfbb3756528fc29e294499bf6d69d37fee9542d1b
BSIF,10,21,normal,reputation_update,20,500.240329,88,7486,1898,0,0x512dc4b13b9dac46d36e6a99ba1ae25262c42082a380b4caa34688f6b353277e
BSIF,10,21,normal,reputation_update,21,503.160547,88,7486,1899,0,0xf1070b91983455fe60d8edac2a0050ad0e8964feadd794135ec07f8b3c1c0f70
BSIF,10,21,normal,settle,22,490.144511,225,11065,1900,0,0x8c05470192ba48075c7138dad9a5286fd2c123a05ab5ae3323499df1274d979c
RPPS-TDC,10,21,normal,publish,0,498.158617,609,76767,1901,0,0xc8b5772df799ef4b32851e86ffeed9484089e9d529298bea361f7265fdd7b5c3
RPPS-TDC,10,21,normal,encrypted_upload,1,504.436739,7235,1119312,1902,0,0xe2b02c67bd2a0e13187897cbfa7a08c8064de544d74cb06076e2b35af216f16a
RPPS-TDC,10,21,normal,encrypted_upload,2,503.678188,7235,1119312,1903,0,0x2bda2b304cb056fdc6e1b6e14158caee02ce3231bd2ef74440d93bf3a2f47dde
RPPS-TDC,10,21,normal,encrypted_upload,3,501.683983,7235,1119312,1904,0,0x03185f6bbf74696c1fb806cd8f3f2c70c0b41a779e272c819a9a98f937bf8ac9
RPPS-TDC,10,21,normal,encrypted_upload,4,503.538003,7235,1119312,1905,0,0x8f17c03ada2c6406507beb2aca941d6a48131320e8547841ed8495376052a004
RPPS-TDC,10,21,normal,encrypted_upload,5,507.312885,7235,1119312,1906,0,0x0cd3bdcbebb1d381c6bd0b86b6cac1f6302da95bea7d720e059c6f3d35f52d87
RPPS-TDC,10,21,normal,encrypted_upload,6,537.584958,7235,1119312,1907,0,0xf3fbff2ec47dc48637d0ccd257b5d7bcd9b6613018b9be6920330873c163c39b
RPPS-TDC,10,21,normal,encrypted_upload,7,462.825930,7235,1119312,1908,0,0x84d6223f483c1e478a87a488e497676d187575da496c5f88ac06307f5c874ddf
RPPS-TDC,10,21,normal,encrypted_upload,8,501.710489,7235,1119312,1909,0,0xb0f17dcafdde4343464048c4dfa46e75505dc4507c716a4f1e879c9ffc88be04
RPPS-TDC,10,21,normal,encrypted_upload,9,501.364014,7235,1119312,1910,0,0x5b5215b3213902fcc79d54e9c453c41923c0c3835bcaacdf0cdd8a9dcb413d3c
RPPS-TDC,10,21,normal,encrypted_upload,10,501.715084,7235,1119312,1911,0,0x2a0d5727e0e140488d6cb3d73a23c33e4b6594d87d3bb3647f3b5ba699613fe1
RPPS-TDC,10,21,normal,trust_update,11,499.095811,225,11089,1912,0,0xc07de8c885f2d4f0b9b364e604cb6301526135366a938ff89f50bee6ac783d49
RPPS-TDC,10,21,normal,selection,12,582.544998,225,16125,1913,0,0x8cd9b9a5e7c58699a3e89d8497506f2071c502479717ed630dd966e7ef630579
RPPS-TDC,10,21,normal,result,13,459.188857,225,16102,1914,0,0xffed5de6469f1a6d8e75b70e56a1c62cf635633d1eaf87e7d0f0410912e07232
RPPS-TDC,10,21,normal,reputation_update,14,508.809288,88,7486,1915,0,0x9f54e57920ef88bbd55a0d9b1aa216e33c599215238423fbf86dee79db7459f6
RPPS-TDC,10,21,normal,reputation_update,15,500.908907,88,7486,1916,0,0x022bede51d97e4a6c047a05346cc36c322e7b55c37d0141ddb18a35d1e5819e7
RPPS-TDC,10,21,normal,reputation_update,16,502.118451,88,7486,1917,0,0xdcd026c460f808f44bcc77a876075f3ffa09e6a7326da024475f102b01d8aeee
RPPS-TDC,10,21,normal,reputation_update,17,503.826071,88,7486,1918,0,0x500e928444a69c6bb18ce5f0b549150677df6af5690fef34cf44f345fd7bdc96
RPPS-TDC,10,21,normal,reputation_update,18,540.015346,88,7486,1919,0,0x6c25ec2e09b2568b30c5dd4669476978c2d1eb98c0a2528cdc234d6c7e85a1aa
RPPS-TDC,10,21,normal,reputation_update,19,500.500096,88,7486,1920,0,0x84df0f9159b319623dc0eb60705e8b11619815cf0a63298f85db62a9ae4a6187
RPPS-TDC,10,21,normal,reputation_update,20,502.455540,88,7486,1921,0,0xb9a9b8cf6daa36e0a2403f8f8c9f09877ecaaf32903ab11477a818200be0293c
RPPS-TDC,10,21,normal,reputation_update,21,504.942947,88,7486,1922,0,0x0ab3fdbc6374e6d77d6c828d21cefa3abd871b9c05440faa3b4287f3274dd3f5
RPPS-TDC,10,21,normal,reputation_update,22,497.537754,88,7486,1923,0,0x39fb8fff8577f00eccad85b908a49c76a31ed73a0f26c8a3e689d33b879b22e6
RPPS-TDC,10,21,normal,reputation_update,23,502.732513,88,7486,1924,0,0xe4080ceeceb5198db51d74f284047faded0e79f7408305926d99ebf9338f551d
RPPS-TDC,10,21,normal,settle,24,502.310324,225,11065,1925,0,0xa0b9b8574c4f5513a0a385172ceac18396a348983456d22feead6c59e9916497
BSIF,10,22,normal,publish,0,514.866377,609,76767,1926,0,0xcfe9a7a92b38ee4a78a9b71ac40c2e65afd78188b8077de151b21e05b7051112
BSIF,10,22,normal,encrypted_upload,1,482.993307,7651,1185200,1927,0,0xf138991d075e8445d5dcc2f8c4838a90443eae17bdf9c76aad68f8bcb7386281
BSIF,10,22,normal,encrypted_upload,2,504.108585,7651,1185200,1928,0,0x9bb47b4af8717c81755ef647ce291645a87708a33b4e3cd596eca328ff698ab3
BSIF,10,22,normal,encrypted_upload,3,502.102940,7651,1185200,1929,0,0xec99296476b060a32f9dfcbc4d282150df1ec20f1352fcd9f631713857634951
BSIF,10,22,normal,encrypted_upload,4,548.432369,7651,1185200,1930,0,0x086a11f3ae99f657a8f3e417f1f28c73ea7bd3cb0a117f141db87ad2c5d1a668
BSIF,10,22,normal,encrypted_upload,5,455.333814,7651,1185200,1931,0,0xf43de6448bc8d6e96fe4b2f61d2824592b1a660d6de75afabaac82befe5f34e3
BSIF,10,22,normal,encrypted_upload,6,501.699145,7651,1185200,1932,0,0xd44465a055ee869641dd5205d8680440382aa5016caee5844aa81fe091ee5cb0
BSIF,10,22,normal,encrypted_upload,7,504.678562,7651,1185200,1933,0,0x78af4ed917bb03009bb5c86e1f6b1124db93104f00b4fadfe517b585c765f07b
BSIF,10,22,normal,encrypted_upload,8,501.356722,7651,1185200,1934,0,0x66fb8ace37ba898e64962a99f76b6ecac38253c25c536b1654491a9bb66c8770
BSIF,10,22,normal,encrypted_upload,9,629.890636,7651,1185200,1935,0,0x265a3f134c2ddefda8bf6285639713970b38e7bf2d64427240a7332b6789a998
BSIF,10,22,normal,encrypted_upload,10,527.888580,7651,1185200,1936,0,0xe5aa5f3cf47704257853bcfe6524d51b5dd38e851e81d672bbdc5f40c148e265
BSIF,10,22,normal,quality_report,11,490.814512,225,18236,1937,0,0x26008311b156bbff026fccd023fcf5e44d31388ef166f6693e8ac44af94adf79
BSIF,10,22,normal,reputation_update,12,502.333250,88,7486,1938,0,0xe3110f247993857ae90f33ed01e22f552d4696487a9dae7b399fec914763acc2
BSIF,10,22,normal,reputation_update,13,534.278687,88,7486,1939,0,0x13f26d266e5eba5648ab0bedfc1779e5c7a378b25b5c14f72ec1a581a24e76f0
BSIF,10,22,normal,reputation_update,14,502.181628,88,7486,1940,0,0x2cdfe6bc4dfda3c3c4ad834f077963c9b709ec463c66b115ca17df418a893d73
BSIF,10,22,normal,reputation_update,15,501.633498,88,7486,1941,0,0x1f4029afca1288314174a5075fa51a36f4c4abd0b889cf825dfd46c708e1b04d
BSIF,10,22,normal,reputation_update,16,506.401799,88,7486,1942,0,0x8e596a704aeb17cce36ae14c38829d502b376bcef9751d800d3934db33739995
BSIF,10,22,normal,reputation_update,17,498.489865,88,7486,1943,0,0x8562c949a6698f8bee5836ca8d187dcbbee586fdccd766c9f03e1908e3fe7636
BSIF,10,22,normal,reputation_update,18,503.281216,88,7486,1944,0,0x8dd4c400e57baffc421d7119794c3d30843967be025ad1647433216ba25c6597
BSIF,10,22,normal,reputation_update,19,503.215608,88,7486,1945,0,0xb68a8efd09322375e2660919e34ad3d4fd975bad4e02cf37931d038ffd391a9a
BSIF,10,22,normal,reputation_update,20,533.118828,88,7486,1946,0,0x3bbe269898d690e5b63fa58f645d05b63c3d697cd07e94cad630cf3ad406498d
BSIF,10,22,normal,reputation_update,21,465.451847,88,7486,1947,0,0x774c0d0202e8ab236a06e092852cacaa7c72bdfee0b856ec13b5f3a5161abc07
BSIF,10,22,normal,settle,22,505.108836,225,11065,1948,0,0xc3cfa10e90b932a49d3470212cf8fcb45029c59a54073c74338b684b3bce867c
RPPS-TDC,10,22,normal,publish,0,494.311711,609,76767,1949,0,0xf758403fc03dd722b3aea494b6d6465e6f33c72f3f4d97c346eb7906693bc055
RPPS-TDC,10,22,normal,encrypted_upload,1,505.323338,7235,1119312,1950,0,0xd7800917c59d15d9722776b42281c357656979da3c4717cbe8eb068cf7081f73
RPPS-TDC,10,22,normal,encrypted_upload,2,499.877012,7235,1119312,1951,0,0xe400fac0403d17783111b49ef09e8ac57724e9e1f1a1a3667c1853b4c21ee8b8
RPPS-TDC,10,22,normal,encrypted_upload,3,502.204003,7235,1119312,1952,0,0x368558df6325dd55ce9560dba82510ca634c2ab9e5488c6ee427bdaf33a2c925
RPPS-TDC,10,22,normal,encrypted_upload,4,502.618751,7235,1119312,1953,0,0x5c4c122060c8f6777dea85dc8ab24db46078c2ef13cf634d9cad918762c704b3
RPPS-TDC,10,22,normal,encrypted_upload,5,501.218296,7235,1119312,1954,0,0x9b8dc4bb6c2a822008250dbb101ff8f30d2049b5357ccc11708ccda17745cd07
RPPS-TDC,10,22,normal,encrypted_upload,6,503.385634,7235,1119312,1955,0,0xfb3cf9efc2b3dd4606ad9ab6667d5c85ddf50f6393ba03fda21fbc6732e72241
RPPS-TDC,10,22,normal,encrypted_upload,7,536.171896,7235,1119312,1956,0,0x9a7999ef54a44d8122bd47e4172b7c753f1c2b7de79eb3d73edcde4bfd9cff53
RPPS-TDC,10,22,normal,encrypted_upload,8,465.384840,7235,1119312,1957,0,0x7f48488980602bcda224488a0f210fca1b9dbfd009c0bb424cc1a0c631df498d
RPPS-TDC,10,22,normal,encrypted_upload,9,501.659047,7235,1119312,1958,0,0x0c7fc5b47947cef2594e41f8f9c221298eb2c9375ca723cc4f57f1ba12ea1239
RPPS-TDC,10,22,normal,encrypted_upload,10,500.265072,7235,1119312,1959,0,0xc6012fbc34e027b226fa7f43baa3f48f7ec984bd64b3e4c522942ab639b33956
RPPS-TDC,10,22,normal,trust_update,11,500.329484,225,11089,1960,0,0xdc6dd97ae77241aff1deb4fc766dbe36a6eb44496a0a802caa803ecc9856adef
RPPS-TDC,10,22,normal,selection,12,501.647407,225,16125,1961,0,0x788c0d25a0d0e419b48320a55c76ee78e67becaead7107014d6496e224628422
RPPS-TDC,10,22,normal,result,13,506.004752,225,16102,1962,0,0x3988af5d3c32b6fd070bbdf936c3b5a987c2bb5d1c20f87abca32d3d0be05f02
RPPS-TDC,10,22,normal,reputation_update,14,499.416582,88,7486,1963,0,0x23f798416f3c7df21bdab36e64cb7487d77f2a95102472d15406f1034e2cba90
RPPS-TDC,10,22,normal,reputation_update,15,500.086191,88,7486,1964,0,0x897e5c9d5679f6e960b8411f9094eb5628b63866045c13ecd2ccf204596f9a90
RPPS-TDC,10,22,normal,reputation_update,16,501.491200,88,7486,1965,0,0x5eeafac9328944ee8c6bee09aa1555487d2261186cd19f70f27fafd0e0c5f101
RPPS-TDC,10,22,normal,reputation_update,17,503.237406,88,7486,1966,0,0xe6f27f5ead48b1a3ab7bd43723c57a902bddfea29c8baf4bed2f2e2af9e8a23e
RPPS-TDC,10,22,normal,reputation_update,18,498.691611,88,7486,1967,0,0xbcb98205247ae8030542a19666afd8772b99ed62f55ec073cf2abd195910448e
RPPS-TDC,10,22,normal,reputation_update,19,546.223414,88,7486,1968,0,0x42c3dc9ab482def96b1647cac187119e50842378156bb67c8aa4d7d602f40d37
RPPS-TDC,10,22,normal,reputation_update,20,501.547174,88,7486,1969,0,0x0652b5b7f33109c514c5c12a19f60fdddd0e95e84133337f98bda074b377e246
RPPS-TDC,10,22,normal,reputation_update,21,503.625221,88,7486,1970,0,0x801c228fb28e02b64084d69e90bde6ebaa51543b50aa8d618d8a8ffaee817b7e
RPPS-TDC,10,22,normal,reputation_update,22,498.090331,88,7486,1971,0,0x94167605a6a7d23542ef24241b9eaf2c7c82e97df2d64f65e9bba37664e690d8
RPPS-TDC,10,22,normal,reputation_update,23,503.757248,88,7486,1972,0,0x0353724a3fcbdd5c30c36a344d1f9fcc9105579dc579d0f16de2f4de5238c601
RPPS-TDC,10,22,normal,settle,24,627.844707,225,11065,1973,0,0x8d1693f124966dbd708db5a18a994755c087a0aa0907bdcaf732ea71fb237cb4
IRPP-TD,10,22,normal,publish,0,499.454834,289,16530,1974,0,0x72ff077d172d5b6c5bd6e3a08fb563d27a5d41ab231fa262daa33d32455dfeb3
IRPP-TD,10,22,normal,credential_refresh,1,500.715423,289,28384,1975,0,0xf3e6826a5a064a8ba47c201d5389731303c6cf840a480609dd553d9228be32cc
IRPP-TD,10,22,normal,credential_refresh,2,538.150136,289,28384,1976,0,0x10722798eb9df69b4c1014626389953e7ad846de5e778eb1eaba8f81ee8af459
IRPP-TD,10,22,normal,credential_refresh,3,464.935294,289,28384,1977,0,0x80c60add582f04e44175f5c651584e3601e64da3aae3cccc44b437be8270900c
IRPP-TD,10,22,normal,credential_refresh,4,503.065709,289,28384,1978,0,0xe515716055c80272af612f0a62a35e209d8f97a4625b19b358510ce5c8ae7a86
IRPP-TD,10,22,normal,credential_refresh,5,509.583685,289,28384,1979,0,0xb3972f27c91f05927c375adefedd31e4fa05b80763d4f5df4696152938b906a3
IRPP-TD,10,22,normal,credential_refresh,6,502.110090,289,28384,1980,0,0x10c82f2704aeeafacf12b1c3095af889584ecbc1239591282f9466f4ab9be711
IRPP-TD,10,22,normal,credential_refresh,7,504.602163,289,28384,1981,0,0x1ade2814f932f95541b5a42da26a4e1dd4284749649207dbe11844a2e95ef47f
IRPP-TD,10,22,normal,credential_refresh,8,499.277828,289,28384,1982,0,0xf56e0b04ad697b8cd3a6e07e698a4496bad07c3df72550c7d08c48da0fa83de6
IRPP-TD,10,22,normal,credential_refresh,9,540.707557,289,28384,1983,0,0x9e3a1339549a3b37dce9c942880faf450db0612bb6b2540366aceec523dc675c
IRPP-TD,10,22,normal,credential_refresh,10,558.383824,289,28384,1984,0,0x49bbe51ae5a9c0acc018aa164f841cbd48697266d0dc8a16573fbe2e7a7c75ea
IRPP-TD,10,22,normal,input_close,11,505.382691,289,18625,1985,0,0x0fc36eaefcbceb9c12461efdd386eadac26f45a6f035ff505db626c60e86c922
IRPP-TD,10,22,normal,output_commit,12,505.419395,353,26849,1986,0,0x97880c179f4febe52e7e3eb03a757e07636d8f26f203cc95bf276fcfb8d6d3ad
IRPP-TD,10,22,normal,settle,13,501.520926,225,13383,1987,0,0x88ae6629f270823c9a9fba06093b78f11d6bb04fe0639d5adead52cafcf041c8
RPPS-TDC,10,23,normal,publish,0,498.732790,609,76767,1988,0,0xb51bb710d44a1726b14e03da1271c07df12096701a8379248958cefa001bceb8
RPPS-TDC,10,23,normal,encrypted_upload,1,501.870304,7235,1119312,1989,0,0x037c35a543cbf8cc09447610cbd93e6c0cd362398851fdd780016e297de7e238
RPPS-TDC,10,23,normal,encrypted_upload,2,502.596212,7235,1119312,1990,0,0x01c206e148742d1bb2034cd3a1aa24d8048b32b6992d11139eb5c9899a1050d1
RPPS-TDC,10,23,normal,encrypted_upload,3,500.804690,7235,1119312,1991,0,0xd92d40d35dc431690091062bc1fe8f28358821b53bbdf5fe23f4cb1b860b4a2a
RPPS-TDC,10,23,normal,encrypted_upload,4,500.659049,7235,1119312,1992,0,0x2de2fb0816fa4a31e2d4173f8deda1f6743a002f3633c60ffca3060f3311e5db
RPPS-TDC,10,23,normal,encrypted_upload,5,503.315548,7235,1119312,1993,0,0x2e72a159d9fa76521c0f4d1564d8d23bd5a339ba464ab6c9da43ee6f0c788b26
RPPS-TDC,10,23,normal,encrypted_upload,6,496.426089,7235,1119312,1994,0,0x04fb2d11fc4baad0744b26d634a2116695ce3496ea5f56f6d22f6949e4de9abe
RPPS-TDC,10,23,normal,encrypted_upload,7,504.643219,7235,1119312,1995,0,0xa9e2c1277dabd6f3246870edaba514ae4b1d6af148e18af7aa2f5bac2bd9663f
RPPS-TDC,10,23,normal,encrypted_upload,8,501.923345,7235,1119312,1996,0,0xa9301095649eb0ab873aa2f5ec337332569188a030ad5350f74cffc391d231c7
RPPS-TDC,10,23,normal,encrypted_upload,9,501.768631,7235,1119312,1997,0,0x5618cf6cb0a736593cfb6417060aa747b88ef74affa9d379013c89b721328728
RPPS-TDC,10,23,normal,encrypted_upload,10,626.207902,7235,1119312,1998,0,0x0d9f477cfd0914ad8ca39b5391b894afb6f8dbdbe077d97cb15160c69a7a0a46
RPPS-TDC,10,23,normal,trust_update,11,499.119900,225,11089,1999,0,0xe1a05a946e54e5349911b85c5d97a3baf0780f7818c64f41c56b9dd34b5a463b
RPPS-TDC,10,23,normal,selection,12,559.861710,225,16125,2000,0,0x9741552211c8d7ceaa619aa9162b52580702b9cece9e9d4e8c476c74bf3d71e5
RPPS-TDC,10,23,normal,result,13,501.735460,225,16102,2001,0,0x3bf316b418c1eeb1ad4d99e8fe1b75766d3a769e6d678f6d597b6ffe61bc2e97
RPPS-TDC,10,23,normal,reputation_update,14,505.744668,88,7486,2002,0,0x73e2e8d7145106342a4b87d663903f382bafcb86e8a08367250cf6f773de9d0d
RPPS-TDC,10,23,normal,reputation_update,15,501.245754,88,7486,2003,0,0x92f844460660b45bbe474fd14acfdb8b608be5a810147c1657f1ef875d1f0f34
RPPS-TDC,10,23,normal,reputation_update,16,503.289232,88,7486,2004,0,0x74a8bca67a4a9fc2be581126cc0b234a8bc9a21ddf94ae0a747f838edd0c787b
RPPS-TDC,10,23,normal,reputation_update,17,502.416356,88,7486,2005,0,0xc2f9cf217dbbb7dee0799bfa23931c0e1f519da46301699e58b9fe9c50908b07
RPPS-TDC,10,23,normal,reputation_update,18,500.508447,88,7486,2006,0,0x4f10f8b82582cf902e273499ac12cc28f7cd8b56200e410ce986c18f27f43814
RPPS-TDC,10,23,normal,reputation_update,19,503.143736,88,7486,2007,0,0x1be5e53a55ab0de3f3c2aff073f59498a648efbc2ee3d9d382170ca3da566783
RPPS-TDC,10,23,normal,reputation_update,20,500.206480,88,7486,2008,0,0x2949174dcf26d1391938ff739dc0185daa74509f64493e22e91707149707219a
RPPS-TDC,10,23,normal,reputation_update,21,501.697221,88,7486,2009,0,0xf28c4408527a466f743c0e4a2c3e5f4c35d18cc2143b3ce9e8e523749bc1df25
RPPS-TDC,10,23,normal,reputation_update,22,503.226905,88,7486,2010,0,0xd1a23667148b450a79e48868b84f00d08732732a21d9a3733ef9c77774e07449
RPPS-TDC,10,23,normal,reputation_update,23,501.644855,88,7486,2011,0,0x7966227227d64a7d2d2ae3118275cc1c840cd5f772762672cd22cc92f2ae26ae
RPPS-TDC,10,23,normal,settle,24,500.041444,225,11065,2012,0,0xc3be4a485f80482949a840bb5b9ce611b1756da552f8aaeab154a61d122ba894
IRPP-TD,10,23,normal,publish,0,501.079610,289,16530,2013,0,0x107f5d1558f5fb8aa8c37dd7f87dc6613cf44eb2a1a4c967cbd291c0761656b5
IRPP-TD,10,23,normal,credential_refresh,1,499.826965,289,28384,2014,0,0xcc8abb5da113f5c845b1e57117e6d7c5ec59c444a69c788a31ecd4c411f2d4cd
IRPP-TD,10,23,normal,credential_refresh,2,534.689128,289,28384,2015,0,0x977964c49a5752a8c2f3f8c777be812ac1118e84fb80109395a93c0b402c8ea1
IRPP-TD,10,23,normal,credential_refresh,3,467.869272,289,28384,2016,0,0xb975e7aea28c4f5d7cbe18b775b561865247191baaeaa73eab476677f7d01cb9
IRPP-TD,10,23,normal,credential_refresh,4,503.191406,289,28384,2017,0,0x6f635e539438a21031322e4560e409721485746d1678252e8a3d6de33f165dfc
IRPP-TD,10,23,normal,credential_refresh,5,502.812887,289,28384,2018,0,0xc83fd4cd08fe2803d1a3db3a8f2f348bdda297d25f8c1f65922b8be1115528b9
IRPP-TD,10,23,normal,credential_refresh,6,502.394344,289,28384,2019,0,0xdcedd2c3a05354d14da8157ec2a9cdc4d6ba40ea6d0fb4fe7c216ff900d82359
IRPP-TD,10,23,normal,credential_refresh,7,502.804328,289,28384,2020,0,0xed6b12115e03c65f69ffc8743df78eef480dd2a7737e7cf3f02280837b8d7ec9
IRPP-TD,10,23,normal,credential_refresh,8,500.995545,289,28384,2021,0,0x9971963b76f4541ba8820d52d37ccb00fed498a37f9d4448b7d56bd9f97cf76a
IRPP-TD,10,23,normal,credential_refresh,9,498.226244,289,28384,2022,0,0x8c358692dc19cf02f8ea745b76cdede741dfd39da1db441b6a25a28370e9b213
IRPP-TD,10,23,normal,credential_refresh,10,475.097899,289,28384,2023,0,0x7680e09d90d8a476eeeaa5d23574c7e74698fc8362106248cf083a5dabf60c3f
IRPP-TD,10,23,normal,input_close,11,500.671458,289,18625,2024,0,0x19ffc0a8639ea47aa6c86dce4e091672b1015ae093000aaf6646d51a23ed73aa
IRPP-TD,10,23,normal,output_commit,12,503.406515,353,26849,2025,0,0x1aa8e6d585bad4546e178115bd28969838c7b58a08e5e8c9cc33849dacd8fb8b
IRPP-TD,10,23,normal,settle,13,501.997804,225,13383,2026,0,0xf20c4294159e8fe91f7b7ff5a496b89242a1572001b4b0aaf8660a785d57ce63
BSIF,10,23,normal,publish,0,498.406771,609,76767,2027,0,0x625abfa5bd4cffb8e5f466d2606b66d145f47775c105860b81f6c32cbbf71ee7
BSIF,10,23,normal,encrypted_upload,1,502.222636,7651,1185200,2028,0,0x852e529749fd13afb4bb35f5532719f550ba62c76887664bbae979ad90f03aef
BSIF,10,23,normal,encrypted_upload,2,623.837881,7651,1185200,2029,0,0xa7a9d8ede9e1d60fbf0b1c442bd29d17acd41e7e6b1f4d541dc10e6f3a054de2
BSIF,10,23,normal,encrypted_upload,3,378.844947,7651,1185200,2030,0,0x66200d972e3d7a9ba114e57c067e38469d646f4e31bf45d0797641c6a8405679
BSIF,10,23,normal,encrypted_upload,4,499.259788,7651,1185200,2031,0,0x4d5c5226277db0dbbea0d0ce8ba3aa5352ad4f872dba4d42c1c4ff28777ecef5
BSIF,10,23,normal,encrypted_upload,5,503.026355,7651,1185200,2032,0,0x17a1f84dd6d7e7117464e640b0987642257316e97e187770ea0c762cbc81956b
BSIF,10,23,normal,encrypted_upload,6,544.022548,7651,1185200,2033,0,0xb9e24759bb79926d2ea574e6faed0b86adcba83f6082b485f21e4dd30b8c627d
BSIF,10,23,normal,encrypted_upload,7,499.873740,7651,1185200,2034,0,0x2c67b48662caf869a990aed7738ef9f6d7f12cdbb95560caf8a43b0b90993b34
BSIF,10,23,normal,encrypted_upload,8,539.124517,7651,1185200,2035,0,0x3738cb9557f4e94cdab967e4d0a9e49c56e269aed81f6165363d4a8434caeb09
BSIF,10,23,normal,encrypted_upload,9,500.635031,7651,1185200,2036,0,0x7f65ec9a26f34a20c947a87973123508e356d449a3a34b502428b06e6cdda97e
BSIF,10,23,normal,encrypted_upload,10,503.714929,7651,1185200,2037,0,0x9dfeebe870c099477e5a9b6fda360e5f97a3df730fdec640342400579c7114d1
BSIF,10,23,normal,quality_report,11,512.038062,225,18236,2038,0,0x7e6b8e87a546a56857ca3992bc939f2a3ecbec4cfa14f40592951fcbd6d130d5
BSIF,10,23,normal,reputation_update,12,492.804399,88,7486,2039,0,0x823784703bccc1a4b445661285e65754c5f0934472cf05609df7839873314eb5
BSIF,10,23,normal,reputation_update,13,501.066635,88,7486,2040,0,0x5a7fe56c9ace600029f9ee44aa0602a365911196b2f43b1269396d751a61f975
BSIF,10,23,normal,reputation_update,14,500.659531,88,7486,2041,0,0x781662f12ac989730aa54734a5504985e8d624ec71df3d9d15611f997ee2ae7c
BSIF,10,23,normal,reputation_update,15,500.072459,88,7486,2042,0,0xcf63b21e418ba953af405ac4124836a49b6757f9afa857ad9e4b475e7e352ac9
BSIF,10,23,normal,reputation_update,16,501.651790,88,7486,2043,0,0x00df581d0e4a3323803029c6030c92a6bee117f1e31344b3e0e0808113223255
BSIF,10,23,normal,reputation_update,17,539.473254,88,7486,2044,0,0x18e84c990b010c5906ecb791cdfed2e0778a2147cb1f9c4ed9a3d9588e1f529c
BSIF,10,23,normal,reputation_update,18,503.620383,88,7486,2045,0,0x1921fd2dad051bb59869fc93413c44f9adec55255e8d36e2a759212cee03b573
BSIF,10,23,normal,reputation_update,19,502.018051,88,7486,2046,0,0xea8a120daf8380c96cfa97fe57cb75250af064363599352f66f2b53257090a54
BSIF,10,23,normal,reputation_update,20,501.816120,88,7486,2047,0,0x96602c0bd1e5c2a00824b7740e69066654ae65d2394da92df9f85d2414324942
BSIF,10,23,normal,reputation_update,21,505.887656,88,7486,2048,0,0x84ad9f32f44c5004c48cc24f9af30ed4a266b6ed350ef79e8a31942b35403875
BSIF,10,23,normal,settle,22,501.617530,225,11065,2049,0,0xf920a97e226f31a0c0572f1182dd524a0759b4fc0730846b5a35c69b2f6bba19
IRPP-TD,10,24,normal,publish,0,500.257071,289,16530,2050,0,0x347c2bc4146976a1410c4fc7ed84f6cb3eb83d0972231602bedcd9f2136ac509
IRPP-TD,10,24,normal,credential_refresh,1,502.010014,289,28384,2051,0,0xe79a2ea6e9f64f7978b80d2bcd8cace405499138298f402f3bd27844a99a2e3c
IRPP-TD,10,24,normal,credential_refresh,2,498.780325,289,28384,2052,0,0xae319a9a5a8b8274467c32c8c0785dbcd5c81e86d731d6aaff7d819208370bff
IRPP-TD,10,24,normal,credential_refresh,3,504.255208,289,28384,2053,0,0xe54916664970337e80744320e4da7bc1bb79c067a0d020190f7deff38653beb9
IRPP-TD,10,24,normal,credential_refresh,4,501.737791,289,28384,2054,0,0x08303c47d2ce035273eaec883d8f125da7595ba4a0f474262a14625c3ac502bd
IRPP-TD,10,24,normal,credential_refresh,5,498.587987,289,28384,2055,0,0xdd3209b8a3d52eada213c2cd8adda60ecad298f4a5e84503fd76b52fead794f8
IRPP-TD,10,24,normal,credential_refresh,6,501.148369,289,28384,2056,0,0xc1661fa4c5b65823824f19f5247e132b0ac9ead02642d599000efd2d35e94e86
IRPP-TD,10,24,normal,credential_refresh,7,499.113568,289,28384,2057,0,0x0ed314edae4f2550c719dbdb2ee9a108fed4540c9fa5b72ba8f44631bc8eab18
IRPP-TD,10,24,normal,credential_refresh,8,504.135192,289,28384,2058,0,0xd5eee83bc29872f1d17b1c83bfad38ac3b06ee1d07ef1bd7c6b7664d5595d2cc
IRPP-TD,10,24,normal,credential_refresh,9,501.776841,289,28384,2059,0,0xcd3c939c38cb3224cb8a7e11f53e87eba189b664336f9801a6e104c46930cabd
IRPP-TD,10,24,normal,credential_refresh,10,501.860856,289,28384,2060,0,0x5f66d7911a65d2d0409d34909929a19711bcf622cb2e761bbe98406076daa026
IRPP-TD,10,24,normal,input_close,11,502.100410,289,18625,2061,0,0x3b9ac3aa84a5f31884a0c3d62c3635bb6c5206f3e83f5b9549da30573e1a69c4
IRPP-TD,10,24,normal,output_commit,12,589.976354,353,26849,2062,0,0x8db43c4f771252c85989efb9ee067b774f33fb28ea4ab81fada78cc84e364f93
IRPP-TD,10,24,normal,settle,13,412.057140,225,13383,2063,0,0x29237817b00ce5aebe9612e423a7c76ff1b81a6dca866801d8ce97a835adb909
BSIF,10,24,normal,publish,0,500.861346,609,76767,2064,0,0xe725d2bb0ece9b97b2a795abba35494f0552dc071dc81ba2a7b8269563d7f521
BSIF,10,24,normal,encrypted_upload,1,502.482645,7651,1185200,2065,0,0xc9869e0b65bca3e04a4dee8a5ceacd041eb4a97179d45706a3cb09f143bbcb92
BSIF,10,24,normal,encrypted_upload,2,534.407572,7651,1185200,2066,0,0xf9280648b93d2119e8f25112ef718b7ee335ac2ed764c55e87d46195cb216ceb
BSIF,10,24,normal,encrypted_upload,3,500.303467,7651,1185200,2067,0,0x28d636eb4ca76801be0654dd8bee030cd172b2152a9d1c963007b1a6eb8cb0eb
BSIF,10,24,normal,encrypted_upload,4,501.988407,7651,1185200,2068,0,0xd3c565e8276a63eed0c369a09dc21654b03326b567b6d362236333e915f106e4
BSIF,10,24,normal,encrypted_upload,5,499.778624,7651,1185200,2069,0,0x645fbc7b37cc34c49244cd29c5abe508ed5dc669a0f0a382a4dfed27890abed0
BSIF,10,24,normal,encrypted_upload,6,500.945957,7651,1185200,2070,0,0xaf1428062fa0390aef579ffa4d0d36ba5212ae08405e30bbf084d28a3bf32d9f
BSIF,10,24,normal,encrypted_upload,7,502.413737,7651,1185200,2071,0,0x3a92358205a1160c4d5e4473dc8d402d9b9304f6c45219a6eea0498bff34ddc0
BSIF,10,24,normal,encrypted_upload,8,499.417119,7651,1185200,2072,0,0xf8e4264ee584d008df1bbb9d30700d5b54803fca196fe5109bcb52ff579b0461
BSIF,10,24,normal,encrypted_upload,9,504.257577,7651,1185200,2073,0,0x4cefa6bcd5223b37be3becc6a4109ef334a6dc0b1016bd4124a73e64cd633ec5
BSIF,10,24,normal,encrypted_upload,10,499.329862,7651,1185200,2074,0,0xe89f35b14af498e088323e1c88031c82a585a3b5a11ca57a6404bdcb5dff8ebb
BSIF,10,24,normal,quality_report,11,506.186493,225,18236,2075,0,0x19e14445f4e0d4639b029a6c0ac606ec00babe78e27301d97c715907291aa3d9
BSIF,10,24,normal,reputation_update,12,535.590969,88,7486,2076,0,0x6f4c8c2f3da8d49e15ffe82ff2361dbc5cf15e755e7879d5e135906db597e020
BSIF,10,24,normal,reputation_update,13,461.500283,88,7486,2077,0,0x4b1472c73db9592d7f04b9caa14878ce4f4cba6a259df4dea24c187ce8b75725
BSIF,10,24,normal,reputation_update,14,519.943772,88,7486,2078,0,0xe2179faeaaed4f09385b497e297175fdbce36638e8e9dcc296e0fb4c8315e5de
BSIF,10,24,normal,reputation_update,15,543.921949,88,7486,2079,0,0x2b1e3908dafa97bf6c7bca43afdda7efe9219b6acc6cfd58f42dfdc73402294b
BSIF,10,24,normal,reputation_update,16,502.111276,88,7486,2080,0,0xdbecc576810f9f2dc93d7d85a915689bd43439f8a2787960af46a82a260952b4
BSIF,10,24,normal,reputation_update,17,501.208169,88,7486,2081,0,0x6ec971445c506ea8c80283b24d24cfd4a63a1e5d79c369172995bb087cdace25
BSIF,10,24,normal,reputation_update,18,498.071799,88,7486,2082,0,0xb3928e0efb21c2356e1c852a0faab8adbf67569ec3579fe2655b5d87c66f67de
BSIF,10,24,normal,reputation_update,19,503.157487,88,7486,2083,0,0x4310d575f77746a132e4ae0735a6ed181f238d398581def1a35b6bd3a764e5ae
BSIF,10,24,normal,reputation_update,20,499.100667,88,7486,2084,0,0xb7ebe2189bfb526ba89569a83a3eda5b325c97c23c5da694d4ecaa96d79e3106
BSIF,10,24,normal,reputation_update,21,505.095574,88,7486,2085,0,0xb8ded99cfda2de0336cfc3e121cae627a1ea87c39abf2be4785341f7c6eec5a8
BSIF,10,24,normal,settle,22,500.800200,225,11065,2086,0,0x92a00ced6ce892efe2a4127e142c7e009b1ff2520bc5d74510c1a5cacdd7adbf
RPPS-TDC,10,24,normal,publish,0,499.259062,609,76767,2087,0,0xe7ecf8eb84575ce1eda93c2352c1fca1a31f59646bf101cf739d41e624a43613
RPPS-TDC,10,24,normal,encrypted_upload,1,502.055190,7235,1119312,2088,0,0x149b90750eb895ca38c60a66b306baaa85e29bc89e81b3e0c98188795be5950e
RPPS-TDC,10,24,normal,encrypted_upload,2,542.798292,7235,1119312,2089,0,0x2461032cd4f88f3f2895490873e574e8372238d7e440a20587be9df12a2e4802
RPPS-TDC,10,24,normal,encrypted_upload,3,465.586487,7235,1119312,2090,0,0x3a899a8b678f52a0e71fb0d5d76a0fb7aed4d62efeb742aec125309fc7e53b3c
RPPS-TDC,10,24,normal,encrypted_upload,4,627.027563,7235,1119312,2091,0,0x3f08b2ea16c65c8a54602f3176dee6711f2fbac1d0cc0ae3c4e5a2265349cef6
RPPS-TDC,10,24,normal,encrypted_upload,5,371.746557,7235,1119312,2092,0,0x38fa1708bcac98701cac9bae23d5fb04d8c19a4c79ee415e7b9a6c454d892047
RPPS-TDC,10,24,normal,encrypted_upload,6,502.314838,7235,1119312,2093,0,0x69c407c45a073697236ce9b002e98b3ead8b00f79105f4f48cad0f7187406660
RPPS-TDC,10,24,normal,encrypted_upload,7,499.477895,7235,1119312,2094,0,0x2e06febdca12562761daa290f4062177ecd506a2a990d8e84042ef33b119a498
RPPS-TDC,10,24,normal,encrypted_upload,8,501.334776,7235,1119312,2095,0,0x100c553e732f428a0cd675ca7954f9b6edaa7336e3f4894ed41dca6456809507
RPPS-TDC,10,24,normal,encrypted_upload,9,502.082252,7235,1119312,2096,0,0xbeedf1835e1d24e99e4e50b731f487229357761f955f504137ceda9bb5d456db
RPPS-TDC,10,24,normal,encrypted_upload,10,500.611157,7235,1119312,2097,0,0x1cec4cc19e9ee0552322b280a16d7050deeb22986e5a94f526dfa65281e5174c
RPPS-TDC,10,24,normal,trust_update,11,504.339665,225,11089,2098,0,0x372d2227b4e7126133b4c05fbe0aef0c9757e43f820a744501c70ef16a5ee703
RPPS-TDC,10,24,normal,selection,12,535.001409,225,16125,2099,0,0xf81545ac5707f4e2b2054d5b77a24eae185ac7d787278ccbbdabe1ae6f4bc035
RPPS-TDC,10,24,normal,result,13,467.204304,225,16102,2100,0,0xee0c6c9fa325b8f8dff1f0903dac9a6fbd950e5dac459194c18da6d0a020fa9f
RPPS-TDC,10,24,normal,reputation_update,14,501.131710,88,7486,2101,0,0x84a12c57779506c1b85c974aab6881510f60629b91eaf828811444f199332f3c
RPPS-TDC,10,24,normal,reputation_update,15,496.191821,88,7486,2102,0,0x6aac179f0f41a79f7c79f90001df6b3e89acc0ac4cb024a043ae3c021aed4124
RPPS-TDC,10,24,normal,reputation_update,16,499.309096,88,7486,2103,0,0xa3ca1f0b5ff76ef90ffbab8d746396fdb25cf7cff84e863966b0ac1ebc10ed10
RPPS-TDC,10,24,normal,reputation_update,17,501.468920,88,7486,2104,0,0xeaf4873c0ddbd987401518a2dc999bb8011723bbc8eea97f70afa4b386dde7ef
RPPS-TDC,10,24,normal,reputation_update,18,503.271800,88,7486,2105,0,0x032e8195e30433c0ed30a236aed74b36d05f6d18c48d3d247ea7b6ae316f170b
RPPS-TDC,10,24,normal,reputation_update,19,498.532798,88,7486,2106,0,0xfa9452978e708dac23599d4c7ef3a26f20bce504d46ce15bacd5480f3b78e2fd
RPPS-TDC,10,24,normal,reputation_update,20,500.020545,88,7486,2107,0,0x0fb1149b5ee144788565389523deb846ff36b58ac0d7e6ea65accdc661e7dc27
RPPS-TDC,10,24,normal,reputation_update,21,485.517281,88,7486,2108,0,0x11f8010ac26db1bd8b945d6c3312d4da0a4e6c110afcac665e355e93ceb73ba2
RPPS-TDC,10,24,normal,reputation_update,22,534.821668,88,7486,2109,0,0xf55bcdfc7fe0e4b253bf41016d564263acc155ebc593ed95ad4ccaff6907319b
RPPS-TDC,10,24,normal,reputation_update,23,465.607877,88,7486,2110,0,0xe0785208226abc36137cb5bb3e423da3f88631e2924898dcaf3be539c4069569
RPPS-TDC,10,24,normal,settle,24,501.644514,225,11065,2111,0,0x85aade5b74c108090e5439c96ad5e1060e7f64aaa3bd18429d3f7f6bcfbd6267
BSIF,10,25,normal,publish,0,501.648530,609,76767,2112,0,0x04c15b6ba328d377d9281c53af73591ce2ef3a9311af32183e1b2a9539656f26
BSIF,10,25,normal,encrypted_upload,1,502.738515,7651,1185200,2113,0,0xe2348da594526ac776beb41bba5253224cff8cbcb787c211da0816064bdf3758
BSIF,10,25,normal,encrypted_upload,2,503.580256,7651,1185200,2114,0,0x154de4fc3898fee4e0d0a6d290e9e16bdf7136bb4dc62b3aa9fa6261bbefa8f2
BSIF,10,25,normal,encrypted_upload,3,497.448157,7651,1185200,2115,0,0xa7cc7e7d15081929877e8d9333a4d17ccf0bb45f5bfd94297f5756f4697e9066
BSIF,10,25,normal,encrypted_upload,4,501.204248,7651,1185200,2116,0,0x5ac6b0563c2a0b9201656c043bad4cf806c7aa41f5fa4b56100ebd446fb08778
BSIF,10,25,normal,encrypted_upload,5,504.845851,7651,1185200,2117,0,0xd5f5c8f778d4a3e1f1b13f28a210bc8c7c097beb04dec182ddc435d6ffea8406
BSIF,10,25,normal,encrypted_upload,6,499.861196,7651,1185200,2118,0,0x65406abc878f7e71efdf01c89191d7559c37ab07804acd5127a34f5439da6f09
BSIF,10,25,normal,encrypted_upload,7,501.301261,7651,1185200,2119,0,0x517cf1d0666753ec461fde7762b9b83d4568e2ac611fd054e315ff05c19931c4
BSIF,10,25,normal,encrypted_upload,8,501.334878,7651,1185200,2120,0,0xac3ef966420ae8846f95e42145d27fe52fa992abded2232bd25d67ca85fd511b
BSIF,10,25,normal,encrypted_upload,9,501.037643,7651,1185200,2121,0,0x4649d9ba23d16de1142052420b50bbdf8082556de076c6f0f576f2eb7afa6aa9
BSIF,10,25,normal,encrypted_upload,10,499.877784,7651,1185200,2122,0,0x950b18b4264740551252af893c8bccf1b27ab1479c4af484e021433eef0c8f71
BSIF,10,25,normal,quality_report,11,501.397123,225,18236,2123,0,0xdb53812a96dc0e91e9d975711002b62a42f6ce8cac388dd464c644a9467eec18
BSIF,10,25,normal,reputation_update,12,501.968234,88,7486,2124,0,0xcad368dd44bcbf2d8512e4aa286742498530b6943c1f138f4bb0cf62b44de055
BSIF,10,25,normal,reputation_update,13,499.829649,88,7486,2125,0,0xd5f1020c8252548d518a0c576ed73f2e3f570998f3ca9f2ea4650b55e48b7fa6
BSIF,10,25,normal,reputation_update,14,502.894076,88,7486,2126,0,0x53dba9fcadd61b2242171d2a580c8aa5f70d88613dce43cf308feca9c83879a3
BSIF,10,25,normal,reputation_update,15,502.223023,88,7486,2127,0,0xd9255f9ddf1d7270463ec24fc742f88c0f3e5ec84646915742aa6d9153b2cf02
BSIF,10,25,normal,reputation_update,16,503.054825,88,7486,2128,0,0xf0a61024c592344260e0bd3e3c3f93504c657229ba7379fedae03a1d2c143e26
BSIF,10,25,normal,reputation_update,17,531.032541,88,7486,2129,0,0xea8e8fec95d889b4c1cd64d77bd3329112fd959f4cc6bca73cc4481538a0ce03
BSIF,10,25,normal,reputation_update,18,468.710392,88,7486,2130,0,0x616483443f2181c8104c1005f72be66de1e02cd0167c097a43354726f1847ff4
BSIF,10,25,normal,reputation_update,19,530.781084,88,7486,2131,0,0x49fa07e870754cecb1e33d1a29828c941cc5cd5b4a8953003cb9f8abee1571cb
BSIF,10,25,normal,reputation_update,20,502.576920,88,7486,2132,0,0xb83033f86afdf86dda1a82c5353306592e65395a99c006409e68e8d924f06550
BSIF,10,25,normal,reputation_update,21,503.051735,88,7486,2133,0,0xad2de2c7df1572a78c64eea80639550f821828f87fb84d6575ff9c5899950e7b
BSIF,10,25,normal,settle,22,500.591266,225,11065,2134,0,0x527195738c3e3871a440ec801dd7a8b6838755fb33fc62593df8a2f523110135
RPPS-TDC,10,25,normal,publish,0,498.834287,609,76767,2135,0,0xc2919dc88f7e43775e1af9ee7c78e41cfc50d51414266ea87a9eec6f940ad457
RPPS-TDC,10,25,normal,encrypted_upload,1,500.692972,7235,1119312,2136,0,0xeeddae19079ad3dcea49d509587b8fe33efd1c3093376803866a8bee0441bcd8
RPPS-TDC,10,25,normal,encrypted_upload,2,503.205890,7235,1119312,2137,0,0x1ba166d5ddbfe9a16f87d601f96c8803ad7199e9670f63a9265aeeaee6acb740
RPPS-TDC,10,25,normal,encrypted_upload,3,502.906275,7235,1119312,2138,0,0xd7087f21d5cdc65758634e9ae0a5b72d2ef879750b75b0215039b2820cab6f41
RPPS-TDC,10,25,normal,encrypted_upload,4,515.473873,7235,1119312,2139,0,0x9dabfac58ccaac558b1d93d4d0424746f251bec9b9d1fc8972b13b96c3b208ce
RPPS-TDC,10,25,normal,encrypted_upload,5,485.208653,7235,1119312,2140,0,0x7779be42178a996ff399956e0e0de5ea058d1015b57aa21fde600286ab2c18c0
RPPS-TDC,10,25,normal,encrypted_upload,6,503.053664,7235,1119312,2141,0,0xc26c4c897c0305e568ac59faf26110fd724e55e40388dfb705d2549b865f2542
RPPS-TDC,10,25,normal,encrypted_upload,7,501.251160,7235,1119312,2142,0,0x62b962a5e2bdb0eb0e1e245a2995feab4b7b162c50876c670973306ec0b8a113
RPPS-TDC,10,25,normal,encrypted_upload,8,500.772541,7235,1119312,2143,0,0xa92fcd4b7aff6441e2cf85a9c01cb23af331d814d8e28220d27ed77b6ce6a011
RPPS-TDC,10,25,normal,encrypted_upload,9,617.846246,7235,1119312,2144,0,0xe868a6b26b6c115dad407ab4515f5d37a11c13d0431468ad08a3ff0e6df36e54
RPPS-TDC,10,25,normal,encrypted_upload,10,384.709439,7235,1119312,2145,0,0xb1c622610cf476016b5421b9a28b750b469612b3dd6b4df7516b0e929f0d214c
RPPS-TDC,10,25,normal,trust_update,11,499.318753,225,11089,2146,0,0x3dc71b308ef1dc011476caf50b76121296fbf17e0d23ea8e3b31362f2fcad37b
RPPS-TDC,10,25,normal,selection,12,499.596079,225,16125,2147,0,0x4b035010587fc04ffbc0085332824eb15dd7ee5831c1d3b83efebb0c394b8472
RPPS-TDC,10,25,normal,result,13,501.629720,225,16102,2148,0,0x8a2cda5e936c72effcd567aa2ddb339772beb50a544156f8df7d70939213ad85
RPPS-TDC,10,25,normal,reputation_update,14,502.661053,88,7486,2149,0,0xee22d6a768d98d5fab2467c50226493124c41453a9b4e1d378001770e2e6af73
RPPS-TDC,10,25,normal,reputation_update,15,502.639632,88,7486,2150,0,0x4a5a24d84e4bece1948a81f89575c7e5ad4bdad8b1da96c47c520fdbeab5f7e7
RPPS-TDC,10,25,normal,reputation_update,16,501.760850,88,7486,2151,0,0xfbae260a39f0ceeb9d470ba3b0f4440323334e8732e181da6bbf4b4cde2c134e
RPPS-TDC,10,25,normal,reputation_update,17,500.153684,88,7486,2152,0,0x5db53de13a54261b156c12d73f9b51df1288a0a45051841e947f0001e0817219
RPPS-TDC,10,25,normal,reputation_update,18,502.560717,88,7486,2153,0,0xa16ba7e686d4beafd30d3f2352c08a4d4318cb0158443bdb1320f7a4057fa1dd
RPPS-TDC,10,25,normal,reputation_update,19,499.578717,88,7486,2154,0,0x7cea60c8550363021589f4a731b5e727d4cb0c72b8ddc8757c80a17993703bde
RPPS-TDC,10,25,normal,reputation_update,20,500.480026,88,7486,2155,0,0x4bc6765db52d0071e7afbe4331165f18c9a242b3af98c1bdaddae637f8d14ccb
RPPS-TDC,10,25,normal,reputation_update,21,604.757312,88,7486,2156,0,0xafda039ee90fe94c753e999113d00dec34d69bef84e902b95c22947471bfd6bc
RPPS-TDC,10,25,normal,reputation_update,22,398.586174,88,7486,2157,0,0xeb55e300ab7b7741b428a6d7d80b68f4cc3515e11c83eee9499f98f82badb87e
RPPS-TDC,10,25,normal,reputation_update,23,502.333815,88,7486,2158,0,0xd5f2d3c6691107f7e6297db970d137a497e3705b010e26234f9c983d27ecdd1b
RPPS-TDC,10,25,normal,settle,24,516.435606,225,11065,2159,0,0x29df9855b06449e63d5bd12a8a1eed5e8dba88d9207fe2ff17b181fd057bc17f
IRPP-TD,10,25,normal,publish,0,594.050716,289,16530,2160,0,0xb1f81beb91c869e381817d4ac0c630c7bc878b44fbed69038c8156bd9a91cf00
IRPP-TD,10,25,normal,credential_refresh,1,393.977180,289,28384,2161,0,0xae8ac76c18a708116b954b47464ff6f48d9a9ed1756242ee4e544c620eebdd63
IRPP-TD,10,25,normal,credential_refresh,2,501.415140,289,28384,2162,0,0x2aaf766cf1ddf71cb3aaced822178e725dd92f3c5c3f11b0553dace8d5d18cc4
IRPP-TD,10,25,normal,credential_refresh,3,603.203124,289,28384,2163,0,0x785d0d195df25a6e78478b5a78787716a5456b84f05e756b923bef0dce29406d
IRPP-TD,10,25,normal,credential_refresh,4,400.671864,289,28384,2164,0,0x24839a7358a3a59d05d65676f48e34f4fa08a393ab2f83b126143a2bd45bbd58
IRPP-TD,10,25,normal,credential_refresh,5,500.424701,289,28384,2165,0,0xb7b03aec57a33b78ce493999cce740c477990ba09350f5e8c2ab9e5228d8af52
IRPP-TD,10,25,normal,credential_refresh,6,501.207231,289,28384,2166,0,0x844af4bb0b9fa2a78e60ab4ef05310bb11ebc659673ff1ccdbf52b651b9423ef
IRPP-TD,10,25,normal,credential_refresh,7,533.886806,289,28384,2167,0,0x44aa3364872eae1ac73b87b38d3ddedbb8a99ae87d719c14800f5ab875661aaf
IRPP-TD,10,25,normal,credential_refresh,8,499.507780,289,28384,2168,0,0xdb22840c375a38a26c64ff6a388be62bb08270a47780c3ee5c535ca63c832afe
IRPP-TD,10,25,normal,credential_refresh,9,503.326000,289,28384,2169,0,0x9c198f2e705b0503cd922e250da3b665bfe0db74213162f1910a9eb1a902f79a
IRPP-TD,10,25,normal,credential_refresh,10,517.775568,289,28384,2170,0,0x65f40f08a2de154a376bd600a1854ca340bcb0fcaa1fb5d45e5f8ef650c56d6b
IRPP-TD,10,25,normal,input_close,11,502.588731,289,18625,2171,0,0x8914a70d40157f38278b270e658986434d0b6e8846d9ca933c5c06e050e57520
IRPP-TD,10,25,normal,output_commit,12,502.870360,353,26849,2172,0,0x8b3c49dc6039786900d308fc34de40f50e0a352bd7f51f94a993d6a1c549a08d
IRPP-TD,10,25,normal,settle,13,537.320800,225,13383,2173,0,0x407dcea9d8a618b85baab06d8bb0802f95496ec9953ea43502eca483b6eb9c54
RPPS-TDC,10,26,normal,publish,0,464.097143,609,76767,2174,0,0x77638cdad9f6b6eaa3683f1604e9baaebe557d31835c10fc6c01b6c6b6f6b6fd
RPPS-TDC,10,26,normal,encrypted_upload,1,499.834260,7235,1119312,2175,0,0x4dc56f216808563f36c4ccf2357dcea1f2d3bf8ca5330c076b5a6a7eabfc1838
RPPS-TDC,10,26,normal,encrypted_upload,2,471.181659,7235,1119312,2176,0,0x5ac99ca857239962f9cb17dd656d3a0be58a5e14adaddb28d7e3c7136df23c40
RPPS-TDC,10,26,normal,encrypted_upload,3,504.160882,7235,1119312,2177,0,0x6cda7bfa82392200140974d392ac9bfc2f7ac110ad20c1426e8de53a7003a27c
RPPS-TDC,10,26,normal,encrypted_upload,4,502.967287,7235,1119312,2178,0,0x3c6adff91ed8947b569af91c8fbd923e47fe57fb567a3fcc7634673a25a6110e
RPPS-TDC,10,26,normal,encrypted_upload,5,501.273569,7235,1119312,2179,0,0x386905f6f6a5a106fba35e239ddf8976f92463925257de6e77ca93b70626c023
RPPS-TDC,10,26,normal,encrypted_upload,6,501.614889,7235,1119312,2180,0,0x7270b229036de7d21c82b73d19004356fa1c536bd81a7d4425f2fb3fd3d1f853
RPPS-TDC,10,26,normal,encrypted_upload,7,501.133860,7235,1119312,2181,0,0x5af804f64e1c64c0047bc9b2c57a0a1de294f16ec1f44e23ff4d800c5ee860c0
RPPS-TDC,10,26,normal,encrypted_upload,8,501.102645,7235,1119312,2182,0,0x678d7881de4d6b5598b35fd7d4d0dda36ac6ab815ed6942e92c2410d2f166ab9
RPPS-TDC,10,26,normal,encrypted_upload,9,536.958744,7235,1119312,2183,0,0x719466f0ac31704ed3fb4f4c090160413952b8d47bad50edab4c863bebd789c3
RPPS-TDC,10,26,normal,encrypted_upload,10,506.615130,7235,1119312,2184,0,0xe2d03cb1982a42317bd1973986916003a3439a8134499e7911a859334753ec46
RPPS-TDC,10,26,normal,trust_update,11,502.025285,225,11089,2185,0,0xc9b3b57b0cbf7529f9c8485ec2c687a859c48b04029ede71940d0ca9bd4d80a5
RPPS-TDC,10,26,normal,selection,12,503.340799,225,16125,2186,0,0xdc60b9aa3ab8be7a6fa6bdba31118c82f11c484087339f0e782b6ec99fa581a1
RPPS-TDC,10,26,normal,result,13,499.556654,225,16102,2187,0,0xb83c097d6328d5234e268ada447ca50c4387538f260a94779d90f6ee99d84b56
RPPS-TDC,10,26,normal,reputation_update,14,505.522487,88,7486,2188,0,0x8bf10a0839957964b6f75e2fca55752bf3a838f1bef1f6764ae9676cc0d5f6d1
RPPS-TDC,10,26,normal,reputation_update,15,502.214620,88,7486,2189,0,0x3c6e7eed5d24cc30eb35e1d5700ccc6c1621052bd68dd43ab22d86bee7b31090
RPPS-TDC,10,26,normal,reputation_update,16,502.310229,88,7486,2190,0,0x969cb42f3e403dd30527a569f7378004b463bd2b93e2486cd181db4a1fad582c
RPPS-TDC,10,26,normal,reputation_update,17,499.344902,88,7486,2191,0,0xc59d1aa86cf0fc3ae94053a1ac04288743352eafbe9d1ad92dcf35d2e2d5716a
RPPS-TDC,10,26,normal,reputation_update,18,500.978109,88,7486,2192,0,0x46b55a63b09d185d40a3fa87a41ead910bea9d386b6e5f6a3089ef328c707056
RPPS-TDC,10,26,normal,reputation_update,19,529.629188,88,7486,2193,0,0x7e8e2d33c68da7135d4a59c050446aadd31c7b0ddcd138edbe69d3938850c984
RPPS-TDC,10,26,normal,reputation_update,20,468.269126,88,7486,2194,0,0x100b3f45ae5c9d12882f7d935e0a759bfe74b08d039fff9ab0ada3d1cc9e0444
RPPS-TDC,10,26,normal,reputation_update,21,501.911763,88,7486,2195,0,0x1c852378d787a808e1676b9c1bac7f460cd3ae3786e9ba8b7ae5e5797e3c8c24
RPPS-TDC,10,26,normal,reputation_update,22,504.038401,88,7486,2196,0,0x03e83f4c1eb60174eaf7aaac033bf6c914908d13e8467016f74689b95d28f33c
RPPS-TDC,10,26,normal,reputation_update,23,496.613793,88,7486,2197,0,0x296d0ad4581cf27dd82952bed4dc990c3c524d69b4c67f4b85cfaee26af15ffc
RPPS-TDC,10,26,normal,settle,24,548.188618,225,11065,2198,0,0xde69318bc8c428c83c3dd1669ce9fdb6116cec0fd7b3861fde30a666da641c99
IRPP-TD,10,26,normal,publish,0,455.047578,289,16530,2199,0,0x51b3eb9728348a33fd81e3b08194d3c0ff20036bbc9eeaf8c6b34d7ef24ae854
IRPP-TD,10,26,normal,credential_refresh,1,503.082781,289,28384,2200,0,0x16f7607ebf3098f8575878bd75296f84699e4b5fdc22872b4bc43267648d5eb6
IRPP-TD,10,26,normal,credential_refresh,2,503.827669,289,28384,2201,0,0xecae33199548538db8382bb877bce669a5c2eba2f7a974a265277a62e2d5c95c
IRPP-TD,10,26,normal,credential_refresh,3,499.281263,289,28384,2202,0,0xaac2fe2acc39bf64ad724e2022cbfd832e27dbd4f07c78490ad0b99ed8cf19d8
IRPP-TD,10,26,normal,credential_refresh,4,538.843748,289,28384,2203,0,0x52f9d5e0ebee7a97fa59e4d164f6c4c690c1363c593a845b9f3edbc649a1549c
IRPP-TD,10,26,normal,credential_refresh,5,467.114743,289,28384,2204,0,0x25b4d5fcf9823bceeab7bcc82bda8a93af942b5ed707018942245822c5c86f10
IRPP-TD,10,26,normal,credential_refresh,6,501.638159,289,28384,2205,0,0x989235dc3a1eb741c268f9e7ebd17e9e36902c8455cc60e8f496325198c1580f
IRPP-TD,10,26,normal,credential_refresh,7,501.106775,289,28384,2206,0,0xc37f56397931de7d3b2cba0c19970a1cc1930e2821e9b1e4ef4485786bc3b86c
IRPP-TD,10,26,normal,credential_refresh,8,502.213934,289,28384,2207,0,0x8420d194e4db144b32e245728b60c2d584b9a7715974f241abe0e4f57e1b88c1
IRPP-TD,10,26,normal,credential_refresh,9,500.361015,289,28384,2208,0,0x8bf8d2ce54f0b925920bb91ef603a5fa2297cc7c2791f2031c33f085123a8808
IRPP-TD,10,26,normal,credential_refresh,10,503.125813,289,28384,2209,0,0x95bf52b5b6d53bc5d812a8abff18d35b1b62e96ace1e807b1b3b6956dc7e3dfc
IRPP-TD,10,26,normal,input_close,11,506.162627,289,18625,2210,0,0xc140e9ac94b6adfedc3a877f628d67ef791327a17b15066144eee2fec6911abd
IRPP-TD,10,26,normal,output_commit,12,529.105727,353,26849,2211,0,0x4ad54ce3ca912e34b8ad60c16709ca5b67ad976c0833ece9897650e062b5389d
IRPP-TD,10,26,normal,settle,13,502.814186,225,13383,2212,0,0x8dd3c591e84c9fa092772a0f485191fea3494ef0102c899ed98ba1bf4a944dbf
BSIF,10,26,normal,publish,0,512.340510,609,76767,2213,0,0xd574189d3665d01e1ee58e3db143e4031b140b1d961e863a3091b0009d22af61
BSIF,10,26,normal,encrypted_upload,1,500.727444,7651,1185200,2214,0,0x7b98e57bb33853be6e1364df70270749e663874b197aa35c0cb67fdef97279d9
BSIF,10,26,normal,encrypted_upload,2,541.158017,7651,1185200,2215,0,0xe9abe9f4c79e3c9d021eb72e3456528f45c4919d355950ac6878a194d34ea5fe
BSIF,10,26,normal,encrypted_upload,3,548.987864,7651,1185200,2216,0,0x5e67c6bae47a4080a34cf13f2d91219a10b7870c70e48413dd6f12c2a041812b
BSIF,10,26,normal,encrypted_upload,4,500.162936,7651,1185200,2217,0,0x8aad0683a53683b2c6e968104b33cdac14bbfe836e5f2542ca1e2fd765d772f4
BSIF,10,26,normal,encrypted_upload,5,514.311271,7651,1185200,2218,0,0x45a92dd11c31615d6b2893153c0574337b744f7fe2b894f79f0dc56007abf714
BSIF,10,26,normal,encrypted_upload,6,500.545328,7651,1185200,2219,0,0x9ed30f8fe844882bb2639d5e0ef39263ba3ce876b3597e0d8ff03c2e779b8995
BSIF,10,26,normal,encrypted_upload,7,503.507379,7651,1185200,2220,0,0x357e88e407cdf58b2ccbc1ea802219c5258d45843cdcc5f865401263b0f68980
BSIF,10,26,normal,encrypted_upload,8,499.505171,7651,1185200,2221,0,0x5af5f81ecae36aa10ccda040089dee8a439b3640d070883de37afdfa258686e9
BSIF,10,26,normal,encrypted_upload,9,504.873166,7651,1185200,2222,0,0xe376487b0530de24a49d50527dba766d9d551a79d21b4f25aaf73db2ee9018c6
BSIF,10,26,normal,encrypted_upload,10,503.470350,7651,1185200,2223,0,0x9cb94a608de250f9d62fb1925629d89b9aedf6f97aa62eab78d30df551983264
BSIF,10,26,normal,quality_report,11,595.817894,225,18236,2224,0,0x8e582aa740803ad36983043fb7fbc4f3f98509221d8df21892f6d4b324900a7d
BSIF,10,26,normal,reputation_update,12,405.276708,88,7486,2225,0,0xc575673b9b67b5accb6b92a3533f25b438997d3b4c1b8c368c25f4f1f7f6f382
BSIF,10,26,normal,reputation_update,13,503.295200,88,7486,2226,0,0xe8f45db18326de25c08433e9c7a7426ee02b76e2de339093458446bfed1bb979
BSIF,10,26,normal,reputation_update,14,498.565676,88,7486,2227,0,0x7c690c67e5d237558cd8b734dbe8c704031582f93aa66ec7e367ddcdca780f2f
BSIF,10,26,normal,reputation_update,15,541.585261,88,7486,2228,0,0xfe95a4b46f1d3fa2c233189d520149c8cc727d403221f9ac66ee3698176164c1
BSIF,10,26,normal,reputation_update,16,504.555902,88,7486,2229,0,0x226bb7017736d62c371b70d9f562002ffd5fd2bbb7ac6835e9db514310153810
BSIF,10,26,normal,reputation_update,17,500.735802,88,7486,2230,0,0xa74f4b6505a3cc1a17b4b10656d6781a537565a4603f00917594532795f56590
BSIF,10,26,normal,reputation_update,18,503.832753,88,7486,2231,0,0x2ef05b80326b351a42d5835ba80ecbea02be19575311dc1dd22ebcc6cc0a63c9
BSIF,10,26,normal,reputation_update,19,501.132645,88,7486,2232,0,0x9b53bd8d4a28e073412d9d1f2b178554b65fcfb037c08a93b331719b44f0fcfe
BSIF,10,26,normal,reputation_update,20,513.793110,88,7486,2233,0,0x1e714a3bd2360f00ec2de7749f74b45dd985b2908ae537344d3dd0f25489f929
BSIF,10,26,normal,reputation_update,21,490.577059,88,7486,2234,0,0x9a13c7b3a6165957bd9877d22002340996aa97d246fb2a0bc27de222323f0d28
BSIF,10,26,normal,settle,22,500.310714,225,11065,2235,0,0x3698aa988e81e692d37f6bf68a963374a5277eb09cd32e75cefeb1be04a9600a
IRPP-TD,10,27,normal,publish,0,499.390236,289,16530,2236,0,0xe777219e3af61ee0478e7a9894b46bb7cdee8b854fb45484e9ee3ac104434f2f
IRPP-TD,10,27,normal,credential_refresh,1,502.496727,289,28384,2237,0,0x8458c57c42c377c652c614be92bb62a17ac057533d952758c145ced24105d1c0
IRPP-TD,10,27,normal,credential_refresh,2,499.631196,289,28384,2238,0,0x921ad350a8aa0be50802fb6e69b7614a45a6d9ddffb85f1a353d77628c4d3d47
IRPP-TD,10,27,normal,credential_refresh,3,501.210908,289,28384,2239,0,0xc4757a346f1d2124282f62e222778ae99ad2128c8cf465dca0bb4b544e7cb0d6
IRPP-TD,10,27,normal,credential_refresh,4,502.444055,289,28384,2240,0,0x616392b923302c6cfe00aaefee648a624c257aa5f6ad674fb3de0cf0016eb4d6
IRPP-TD,10,27,normal,credential_refresh,5,501.842180,289,28384,2241,0,0xd6cee179b0f7065e1570ba766392d62917f5adc1bbfd60af540cca69930f3a21
IRPP-TD,10,27,normal,credential_refresh,6,500.541223,289,28384,2242,0,0xa60404d88714d621fe9b3919bec1180ebbe96a164c3eaaf6f41ce8734ffb58ae
IRPP-TD,10,27,normal,credential_refresh,7,502.117940,289,28384,2243,0,0x79d63fb51e6f2793e67cb546b7fddc4f8dba3aaa1771ca1a42ba1790cf8bd4b9
IRPP-TD,10,27,normal,credential_refresh,8,502.001909,289,28384,2244,0,0xe1b11d9d427d14ec096fcc3725556c4f17b9af594d33405d85e532bab506639e
IRPP-TD,10,27,normal,credential_refresh,9,537.959821,289,28384,2245,0,0x6f74e553b2d225a53cc4c5c766ad37b8fd66fe2690fe8a580896f44d027dc522
IRPP-TD,10,27,normal,credential_refresh,10,500.900453,289,28384,2246,0,0xc7ce572d09122606839debb6e22196e8dae9bf0f36e18d6a11e2cad29c29e30e
IRPP-TD,10,27,normal,input_close,11,592.591687,289,18625,2247,0,0x62a509a9c76e3c333e9111b24ef2f98c856f24136d2f1a64d47be8baffa84972
IRPP-TD,10,27,normal,output_commit,12,422.351307,353,26849,2248,0,0xad764a0403cb14d1176be3399578be8dabc8f8add72d6570b03e4a78f91db7d8
IRPP-TD,10,27,normal,settle,13,501.124320,225,13383,2249,0,0x3452c3f3549bbb5865cb3116015b96807f175071d295baadb2f0db97be3cc490
BSIF,10,27,normal,publish,0,499.924678,609,76767,2250,0,0x35f4bc765cb9d0afc751e7c222057eb87a635cc265d94c80dc278ffa8623afb7
BSIF,10,27,normal,encrypted_upload,1,533.172398,7651,1185200,2251,0,0x97b866568bb0c7244f2b0b3754b5bf30956ba5cc3eaa0737f053fbdfe91b7b1c
BSIF,10,27,normal,encrypted_upload,2,502.773184,7651,1185200,2252,0,0x33fb39e8cce9b2e08a0667a59e77df948de438ed0a35e3fd73b066dbdf9e3462
BSIF,10,27,normal,encrypted_upload,3,537.518323,7651,1185200,2253,0,0xc36abacee1a098ec8d1e32fdb11f8faf96ffc011e84f0aa3b330e5e7ff1d749f
BSIF,10,27,normal,encrypted_upload,4,464.626870,7651,1185200,2254,0,0x1c75332bc137f382f069c5b4f0f3d8a6e682d78120a3c6444a1f553180cd9fbb
BSIF,10,27,normal,encrypted_upload,5,505.732509,7651,1185200,2255,0,0x0ea263947d8072d0725f0f636b526b574d1ec2dec567c3b0517bbf162a99b811
BSIF,10,27,normal,encrypted_upload,6,506.263952,7651,1185200,2256,0,0x9d03a90ee32c8b8215d91747c9eb7c2bf73a055d3a5c7b6c432471e6209ff7ec
BSIF,10,27,normal,encrypted_upload,7,500.420940,7651,1185200,2257,0,0xcb0a60fa9574946ceae0b58573e5d3459833e1b917e95ec90d21885bac5aad45
BSIF,10,27,normal,encrypted_upload,8,502.376775,7651,1185200,2258,0,0xb982f8d642b7214a7f39f1d785a7aa36022ae5cb0d7307289287ab36b4a1e291
BSIF,10,27,normal,encrypted_upload,9,502.402106,7651,1185200,2259,0,0xc54a2cd12f58da2e53179372916eb6ecd3a5f5b4aa7e859e7c92b03b5dd2d9ae
BSIF,10,27,normal,encrypted_upload,10,504.535239,7651,1185200,2260,0,0x180d972ffdc1933e9eeaf296bd51a69273825ae0c87203b811afdb51de20b885
BSIF,10,27,normal,quality_report,11,499.580996,225,18236,2261,0,0x528eebf095037b297a1da83c7fd63f93a398bb11d2439904ab8bc7bc6e9aadb5
BSIF,10,27,normal,reputation_update,12,502.782227,88,7486,2262,0,0x1f7b5860833832a7d817359e5252432f2c1cb42a6d6b3c2d695cf26ea27cafcd
BSIF,10,27,normal,reputation_update,13,535.875292,88,7486,2263,0,0xc55aa24144f7ea0e9485bc404a517a43780f4cd8c99298e6cbb1fefce182bf0f
BSIF,10,27,normal,reputation_update,14,467.361585,88,7486,2264,0,0xed8d4c2e559904a0a16d3ef91ca8db24483e7f4611ea27a9bbef044ef85bada1
BSIF,10,27,normal,reputation_update,15,500.955746,88,7486,2265,0,0xddff204c7cf6f2f765cef8b0b7d7f8598017ffe17097385992d30ab52b883a69
BSIF,10,27,normal,reputation_update,16,501.707566,88,7486,2266,0,0x30dcbc6e57a7e33034469b6fb7e7f225dd28b6086b4a7b399fe3aa124eaa5816
BSIF,10,27,normal,reputation_update,17,501.849569,88,7486,2267,0,0xa8c413c5d376f9f30840fd07ddfab7575277f8ebbd35d4b9fbda80b0be07b880
BSIF,10,27,normal,reputation_update,18,501.333176,88,7486,2268,0,0x997f05a5e80744ad90e87efa5da765ef186a1806cd467303da3a85ffcecd4add
BSIF,10,27,normal,reputation_update,19,500.045290,88,7486,2269,0,0x4a51e3448744d8fd4d5777173fb9ebdbb20f133b54ac2879749c7403b54790cd
BSIF,10,27,normal,reputation_update,20,500.054424,88,7486,2270,0,0x8ef05f9e254ba4b7f7eaf3c3f2584436bbf834284ca395c0151fef41b2e70fd0
BSIF,10,27,normal,reputation_update,21,501.188695,88,7486,2271,0,0x38a78dce07263d23f7816f9faf6c47d2fa7580369f861b417f046942fbfdbd39
BSIF,10,27,normal,settle,22,479.747900,225,11065,2272,0,0xb0a8cc1775cdd72290897b90b9f88ddf71d604953e3b09dccdc6de2a0909389d
RPPS-TDC,10,27,normal,publish,0,498.987835,609,76767,2273,0,0xa1413e9dd7bdf1219ac00b2ae7aa0b4144186cfb5f602fee5f43b17bea0d89c9
RPPS-TDC,10,27,normal,encrypted_upload,1,505.030034,7235,1119312,2274,0,0xfb57059443bb8a90e7a2b6ef62d82f2f02389e0cc221403f1fc9f3d47a4cc8c9
RPPS-TDC,10,27,normal,encrypted_upload,2,498.713097,7235,1119312,2275,0,0x22b29f6afbccf07e137d93a985dd617c0521bfed782823eba13a51bf1b36d651
RPPS-TDC,10,27,normal,encrypted_upload,3,502.387711,7235,1119312,2276,0,0x09e2c792a77a7f0c3a448d93fec5e023f8a9934d4cc3780598ced77023e71ab3
RPPS-TDC,10,27,normal,encrypted_upload,4,503.275590,7235,1119312,2277,0,0x831e6da0dc8cfba160ddff5166aee2daddaf1d4c68bf1c6a16001044606d239e
RPPS-TDC,10,27,normal,encrypted_upload,5,499.764982,7235,1119312,2278,0,0xe4c9b9925751054c901fab85d0b391914501130efe21dc03abc2db5f4c8d169e
RPPS-TDC,10,27,normal,encrypted_upload,6,500.646390,7235,1119312,2279,0,0x3a8d1ee535ace05c64e9b05ac71ade831a4c1c1acb6c8b7fa6db765848f00e62
RPPS-TDC,10,27,normal,encrypted_upload,7,502.332259,7235,1119312,2280,0,0x8a5273342c99a8d980b281992c56376de9ab30c875d6d2794977b9739e036563
RPPS-TDC,10,27,normal,encrypted_upload,8,499.392579,7235,1119312,2281,0,0x55376bdd2f544c77a19b97d2693ba6bca0566df3f23c389c4624e6395975e3a4
RPPS-TDC,10,27,normal,encrypted_upload,9,503.614629,7235,1119312,2282,0,0x5335870ade3918092deb14ec10f9f25c6e51d9535d528b7e66726bf96f225839
RPPS-TDC,10,27,normal,encrypted_upload,10,515.026791,7235,1119312,2283,0,0xe8ae533a0fe2ff04e94c38b1aa2ef21b1d0f4944383e3d517c38874966721551
RPPS-TDC,10,27,normal,trust_update,11,488.472158,225,11089,2284,0,0x0abe75497a5df35605218126d188ee22fee8200a70ca4833d7347a43ac41b646
RPPS-TDC,10,27,normal,selection,12,500.776472,225,16125,2285,0,0x2236980ae5db5506e03d4205c8c0a6beba3d79215b7d5ff31cfecdd79aefba90
RPPS-TDC,10,27,normal,result,13,503.691365,225,16102,2286,0,0xc57d9979c0376ed70823ec56a527200a93d6bad7026f4bf1d1129435de587135
RPPS-TDC,10,27,normal,reputation_update,14,500.724000,88,7486,2287,0,0xb4dc8f23ef8ec15b6a12807469ac3a48cf0ddc65903f9903d99d6371835b8d58
RPPS-TDC,10,27,normal,reputation_update,15,503.475105,88,7486,2288,0,0x399890d8012901e153afbecb4b06933f4c2e6f24cf561df585d521cd09534f01
RPPS-TDC,10,27,normal,reputation_update,16,501.762576,88,7486,2289,0,0x0740f0c51a497c2fd30fe2bd16a5367b074c73ea9d941303bf87a893fa8f2183
RPPS-TDC,10,27,normal,reputation_update,17,500.564807,88,7486,2290,0,0xee2633c8a9137d333319190787554d1f7e439a93ea5dbd0db22af91ff3b7b0f6
RPPS-TDC,10,27,normal,reputation_update,18,514.507581,88,7486,2291,0,0xbc23c92fd370ec0359432cbe4ff4cff3b8c61e565f4f1a532e3a9c35993c307d
RPPS-TDC,10,27,normal,reputation_update,19,573.689800,88,7486,2292,0,0x42d93b0a521c910dc4376f6235ee5dd22994f8976c97a3c3e7ef17ac39f99124
RPPS-TDC,10,27,normal,reputation_update,20,480.782635,88,7486,2293,0,0xd4779441f80f050c52bac5f5df67960f1150c3908bac03fbc14f376b365aad6c
RPPS-TDC,10,27,normal,reputation_update,21,485.654777,88,7486,2294,0,0xd80c13d93c9481d764b30e9a001d4d7cfc294f6b441ed04a2a672f56c96fd32a
RPPS-TDC,10,27,normal,reputation_update,22,503.533680,88,7486,2295,0,0x51fa922e3501759d16268b3d012af0696398e5407bc54c295b15c302ba4774c6
RPPS-TDC,10,27,normal,reputation_update,23,545.047414,88,7486,2296,0,0xed6695d49d635879698f4ce5f8301866ca196db5bbdac3fc3757b02f56962ba1
RPPS-TDC,10,27,normal,settle,24,458.035965,225,11065,2297,0,0x817e90ff13d58095a279f63b25e25ad2a7dcee8a2c273c341a41f0110b461bf0
BSIF,10,28,normal,publish,0,500.021228,609,76767,2298,0,0x41bf70e1975bb7bb4a8a047a497553a85344fdd5823753e9ec37df79a16ce22e
BSIF,10,28,normal,encrypted_upload,1,503.242639,7651,1185200,2299,0,0x3968e464e1814771db2d70d2de590b3b65ea3feebee1a893460a21f54ff7e1c5
BSIF,10,28,normal,encrypted_upload,2,502.067151,7651,1185200,2300,0,0x5dd573f5600de7b8a6ce3107a2b6bcb2f37c338b1d80ab25fe2335b9e9a2e746
BSIF,10,28,normal,encrypted_upload,3,505.943949,7651,1185200,2301,0,0xb2d2a08f1cd8f35e9c98ccc2343e0ed41ee879fdfe796872f97ca493b2b6a801
BSIF,10,28,normal,encrypted_upload,4,618.750494,7651,1185200,2302,0,0xbf5ce189e216490738a3db32ed0f52d0a62652ec66549b295ab344ee8c513f54
BSIF,10,28,normal,encrypted_upload,5,421.451529,7651,1185200,2303,0,0xbc5cc91eb5f635404e6b03635fb87ef85f218e0b5b055bb8b8aa915a066a6f69
BSIF,10,28,normal,encrypted_upload,6,466.092044,7651,1185200,2304,0,0xe69b11e675cd0f8d667bfceeeb30c7607ccb9cf6fc91c9f1d8ef871044b83d38
BSIF,10,28,normal,encrypted_upload,7,500.294182,7651,1185200,2305,0,0x71b30cebaa88fc348c5ef26f8775efac61d567b967bc704e98666f93fb414979
BSIF,10,28,normal,encrypted_upload,8,487.846504,7651,1185200,2306,0,0x67ded3d8c44b080844dcc6ee014d9bae5e10f7c1e413ce083f8f9625f1f5a5b6
BSIF,10,28,normal,encrypted_upload,9,503.210648,7651,1185200,2307,0,0xd6d78fd24cfe76b3f7535aa8526def46312abae171965b067360e1267ae26ac9
BSIF,10,28,normal,encrypted_upload,10,501.213522,7651,1185200,2308,0,0x7adba3d09925eb09d87c391103125cc322ec753292bc14ba5fe9c78c1e72374b
BSIF,10,28,normal,quality_report,11,502.092491,225,18236,2309,0,0xdb0ce87d73d4ba46dc27595045dbbdac1e96980636b163f8cebd75c9a67ccc1f
BSIF,10,28,normal,reputation_update,12,524.461407,88,7486,2310,0,0xd39b497ae2c24f5c61c2e3ef0b0303b53a345d7fcf8d39fad3f4fa4de383a33a
BSIF,10,28,normal,reputation_update,13,504.617299,88,7486,2311,0,0xd9dc316b45a087216554e77be4f6cf6ba29810b27dd5e22d6f424b392db89978
BSIF,10,28,normal,reputation_update,14,502.264654,88,7486,2312,0,0x1c0b048d6b0fb53ffb32d6b87eeaf27613b78d19640c8a2676262b7d88084c1d
BSIF,10,28,normal,reputation_update,15,536.733324,88,7486,2313,0,0x79d4eb5a41ee949f8bc5f91a57b23deb13e730bb08912d9276a65325d6e9a5e5
BSIF,10,28,normal,reputation_update,16,465.138147,88,7486,2314,0,0xd90db9f14aee3878f0c51fb0be0eb56d148499aa18b7e29348191fe19f0dd7b5
BSIF,10,28,normal,reputation_update,17,501.799934,88,7486,2315,0,0x75cb15418d4693d3b1d9a52fbb09d1f1ba45ed0b7d706aaece3761bbfe710364
BSIF,10,28,normal,reputation_update,18,500.835585,88,7486,2316,0,0x2a713aa30d0e61cd129b4914e39f8fab7732919072788da58f91ad90c8b28c36
BSIF,10,28,normal,reputation_update,19,504.087047,88,7486,2317,0,0x7cdf7d0375fd5c5e2852ccebc542c6c4d07d8f0e6c834060de5cf0b171ac4a02
BSIF,10,28,normal,reputation_update,20,501.522693,88,7486,2318,0,0xd8ceb02a018b11cc6b687058d68448ca4b78c64b3898eb1069ec1247499310c1
BSIF,10,28,normal,reputation_update,21,502.131886,88,7486,2319,0,0x36f2fe44e68505a7fc8e8381ddc236ae4d085a951afc2069dace757b6c20bf89
BSIF,10,28,normal,settle,22,508.089097,225,11065,2320,0,0x662e2f8870b50fd8c72dc60acf1beb0631c2d2f7cb2b8ae8f11e5b5ec33f1379
RPPS-TDC,10,28,normal,publish,0,501.776665,609,76767,2321,0,0x7f4e48db039839080f15bfdeeb47a8255ef4f9207f60043481a9576b63aa13b6
RPPS-TDC,10,28,normal,encrypted_upload,1,499.659368,7235,1119312,2322,0,0x025514cb65336bee27b23b5ae3b80032e3208a506ab1e89a039e79d017ae5fec
RPPS-TDC,10,28,normal,encrypted_upload,2,495.155998,7235,1119312,2323,0,0xef61cc874ddb7be546eba82554ed1f8deab42b6f9cffb6c1a11e412ab2f8831f
RPPS-TDC,10,28,normal,encrypted_upload,3,501.882673,7235,1119312,2324,0,0xf33cef2962468125ca96af190f074adae5b7e91c9b487a0c0b99ca706506b611
RPPS-TDC,10,28,normal,encrypted_upload,4,502.789705,7235,1119312,2325,0,0x5c165c36175f2a82d1774dcdc1950f119a08ad1b0b817c6fae9f5f65b71848ad
RPPS-TDC,10,28,normal,encrypted_upload,5,500.196597,7235,1119312,2326,0,0x8f306d141aa4e775f52515c42b2ec00e558db48510adbad01f69599f168e1599
RPPS-TDC,10,28,normal,encrypted_upload,6,501.939044,7235,1119312,2327,0,0xeb3ed4fa8e1f7f4f44cb41b7079cec6645f561e84067e2102902a94a25ebd163
RPPS-TDC,10,28,normal,encrypted_upload,7,500.912659,7235,1119312,2328,0,0x38a033dcf0f0e6e10b5d9edc0704b58693f2eff9c05230fcea5a295921d955bd
RPPS-TDC,10,28,normal,encrypted_upload,8,500.826070,7235,1119312,2329,0,0x10b5639640a431c6649e24b81921a138615c8f4c85fd808da09c1a991356afe1
RPPS-TDC,10,28,normal,encrypted_upload,9,501.043072,7235,1119312,2330,0,0x555d04155e0aca7153e845c8498d98376efafbef89f165bd7b378d9b9957dd71
RPPS-TDC,10,28,normal,encrypted_upload,10,505.236479,7235,1119312,2331,0,0x57f7faa0d803637f09b45be8d83eb8cbd4d514806d83bd00ab86a11145651128
RPPS-TDC,10,28,normal,trust_update,11,499.422782,225,11089,2332,0,0xb27a9ebf9b365d86cd19aeeb3f7b359c7bb409a1174f4f42e9c38a2ea0c852a3
RPPS-TDC,10,28,normal,selection,12,585.827652,225,16125,2333,0,0xfb72ca0d3d08039715562292f35600d13049e0aa80b1aa8ed56604de237f9863
RPPS-TDC,10,28,normal,result,13,502.344841,225,16102,2334,0,0x4d4442c2e6181d48253200d57db2a5972bf6fa8e242ea20e941a57d45aecfcee
RPPS-TDC,10,28,normal,reputation_update,14,502.324136,88,7486,2335,0,0x19a6bfa962a70e737f25a3a09c63da0e1303dc5b97c0ca626116fc831226c093
RPPS-TDC,10,28,normal,reputation_update,15,500.697958,88,7486,2336,0,0x5f3efcb96a8554ecd2802875b5e8d2dbad535535d449d95e4d86e76543179b62
RPPS-TDC,10,28,normal,reputation_update,16,500.096164,88,7486,2337,0,0x9d08ba23b988ae82d38f1ee4d613fa1a14181321232000ee2d301b01209c6ca1
RPPS-TDC,10,28,normal,reputation_update,17,504.870031,88,7486,2338,0,0x034226194716f5cfa1b209c41825f7c5a6a920a9b0d4bd144379a5e644078144
RPPS-TDC,10,28,normal,reputation_update,18,506.215697,88,7486,2339,0,0x119c044a668df60aed10b5b9461a1aa5478c835e203a3b0a4624eec107fb46cc
RPPS-TDC,10,28,normal,reputation_update,19,496.022693,88,7486,2340,0,0x277093393b6b110f78ab58efe1aba61b3a69734fba603698f470255261695e32
RPPS-TDC,10,28,normal,reputation_update,20,503.002332,88,7486,2341,0,0xadae588347139ff108c970d1ab8f953f4fe05fc41b95a6da656255448b2ad178
RPPS-TDC,10,28,normal,reputation_update,21,501.754369,88,7486,2342,0,0x01385572ecdcff094afe1497bfb88bfdf558fd6172b26d33f47eb6c62a003032
RPPS-TDC,10,28,normal,reputation_update,22,530.671997,88,7486,2343,0,0xd9806c5aee8c7983b9d6d4d07613dc2a5d0e016be3602385291568ef125baefe
RPPS-TDC,10,28,normal,reputation_update,23,464.712168,88,7486,2344,0,0x5faa30744dac34165d84c06bac8b3a72d143fd05de613650620fd0490b19a6e1
RPPS-TDC,10,28,normal,settle,24,500.814237,225,11065,2345,0,0x8b9b3a62c6797aee574bcaea5894b01c710b85fd0ee583be8383331630acba17
IRPP-TD,10,28,normal,publish,0,497.901494,289,16530,2346,0,0x969751a45e2aae3123086aee48c3b8af1031feba0fc09b45b6f03527c04b204c
IRPP-TD,10,28,normal,credential_refresh,1,500.506185,289,28384,2347,0,0x877600aed7d0de3f634edcab1a3b110742a0b0f767f5c5efa75cf50e093ebebb
IRPP-TD,10,28,normal,credential_refresh,2,505.543995,289,28384,2348,0,0x6e24b806291d4c86d195e1c62f317ca9a07e5f001fe0837384953331501e5b66
IRPP-TD,10,28,normal,credential_refresh,3,501.324803,289,28384,2349,0,0xf6e853de6ad6944100855ed049d388d974022b2e9efb07bba3cd8066791d1e38
IRPP-TD,10,28,normal,credential_refresh,4,501.177216,289,28384,2350,0,0x5214d0c40d88f8aef9a85fa359a00d2e2e4f93b8c9f8be39990c7b7ced02ce48
IRPP-TD,10,28,normal,credential_refresh,5,500.770332,289,28384,2351,0,0xa03a50f5e99bf6f1ea6e07209ba8f9fa92afc66ebd466c73cf3b16479679748f
IRPP-TD,10,28,normal,credential_refresh,6,507.195795,289,28384,2352,0,0x20b3ee19537e4891ad7ebde22de26b7f12edc8734f5f58136fdd6cac69123713
IRPP-TD,10,28,normal,credential_refresh,7,515.457043,289,28384,2353,0,0xd89f3b3b1c51e9c48e87060740a720cb01acbd3e9ca81171757d926a6201768a
IRPP-TD,10,28,normal,credential_refresh,8,484.519973,289,28384,2354,0,0x1dfb0dded8f7a845dd47f1ff466677d4193f294a9a3528e82cd16aa8a1251750
IRPP-TD,10,28,normal,credential_refresh,9,504.835616,289,28384,2355,0,0xb1f5d6e88eab3f57e84b2e85dbf10568e0f60b9db9a17ad638105d0398787f87
IRPP-TD,10,28,normal,credential_refresh,10,501.462945,289,28384,2356,0,0x39a4a9029241e42c139514dba818f14647b373a7427b18e19fab0e252adc2440
IRPP-TD,10,28,normal,input_close,11,499.635022,289,18625,2357,0,0xef43a6bc3718f098f0bc81f9c33b1097ba0cd1666ef14975dd7da21e4429b535
IRPP-TD,10,28,normal,output_commit,12,501.221176,353,26849,2358,0,0xbd1ece136c568f93aec21c459f4c8c59635b346ea557ddfcb738dbcf78728142
IRPP-TD,10,28,normal,settle,13,503.151257,225,13383,2359,0,0xe3f06b59b1835db065182d89ed3dc9758530c8c811dbfbd04cc5b129b7a20b37
RPPS-TDC,10,29,normal,publish,0,502.180795,609,76767,2360,0,0x36676c5aa9a43371314976257cc1010b093786a00e9bd51f1d6f8372e2d55713
RPPS-TDC,10,29,normal,encrypted_upload,1,502.272064,7235,1119312,2361,0,0x2abcbdc7ea252e5578e8ab786615f884210a9b538cb515483646b624e892492a
RPPS-TDC,10,29,normal,encrypted_upload,2,501.533498,7235,1119312,2362,0,0x6c8590e89f7ae249ab7c24ce39ae742319ff80499c0c9334b0cc8da4e73f3fe5
RPPS-TDC,10,29,normal,encrypted_upload,3,513.326403,7235,1119312,2363,0,0x4f7a27ce776a0a7e82e0d3a7cae8afed8b2e620ccfad84a9bc252eb0f8a82d88
RPPS-TDC,10,29,normal,encrypted_upload,4,488.761840,7235,1119312,2364,0,0xf39bf89339ea8552f0766afb8db3e7b569004819a1da9c35afaf2040bf8a8b56
RPPS-TDC,10,29,normal,encrypted_upload,5,504.003241,7235,1119312,2365,0,0x3b20c1baabe05de8f429c3f8885df17211ba2469b334ee6bd0811e00ef4e6c78
RPPS-TDC,10,29,normal,encrypted_upload,6,499.365802,7235,1119312,2366,0,0xef4d202af8efe91e5641cc8e0e430d8265ec65d3d1c4993736fc2eb0563ec013
RPPS-TDC,10,29,normal,encrypted_upload,7,500.768392,7235,1119312,2367,0,0x566ef27dd647fec5634d64f46f84337bb5aace76ff6e1d5997ef1188afe8c35f
RPPS-TDC,10,29,normal,encrypted_upload,8,499.675527,7235,1119312,2368,0,0x2b64e8b9045048f4e1264db1c53250dac2380297a3bead73eea85937dba9574c
RPPS-TDC,10,29,normal,encrypted_upload,9,501.952579,7235,1119312,2369,0,0x27219e1cacc9b2a445a4dd0a9a6d15202ff34ff26de90665b957b1712dfd284a
RPPS-TDC,10,29,normal,encrypted_upload,10,500.442596,7235,1119312,2370,0,0x4dd318b60551f34990fcaf3deaae1de7b3c01e6f135590dae21379dde095b005
RPPS-TDC,10,29,normal,trust_update,11,499.639366,225,11089,2371,0,0x7ae192e1e72b1529c055992bd3204fe4f6def4b8bd3f25c8d9f11a766e8d00a2
RPPS-TDC,10,29,normal,selection,12,502.510404,225,16125,2372,0,0xcb4cc7ea6db6f228ba39c7e06cb7a4b832dacc0359a13d91f7cda98273bff4de
RPPS-TDC,10,29,normal,result,13,515.619180,225,16102,2373,0,0x6adc2e92f5234f238487ae78ad7f10a34b5cd7eebc6e6eee8f33d47e9d3fefab
RPPS-TDC,10,29,normal,reputation_update,14,488.049116,88,7486,2374,0,0x20dca124a450ac782f413ed5f39e9a4fa787555425dc51bf41c5a763b64bc7c8
RPPS-TDC,10,29,normal,reputation_update,15,504.023637,88,7486,2375,0,0x7ac517ffd539efc4802671abb7ff345c8bc0384cdc7f0cc136ab8f604738c0c5
RPPS-TDC,10,29,normal,reputation_update,16,498.867253,88,7486,2376,0,0xfd1bb58c1e02e37cd6e4c78fdd4f6d440f2ba679bf86a678169b084efff55bb8
RPPS-TDC,10,29,normal,reputation_update,17,500.810132,88,7486,2377,0,0x1d5e265d3c91db45619914b7c8fdc3ec8e259dce26e6b622d06ddc86bccc22e0
RPPS-TDC,10,29,normal,reputation_update,18,500.358943,88,7486,2378,0,0x69285cfbeafd0968a36a7a998162cde84ee5b2c2c8a1119f83e914a448d06717
RPPS-TDC,10,29,normal,reputation_update,19,503.741757,88,7486,2379,0,0x2e503e707a7a8b9bec20bd6e61e744b2b33bd7fc0fed84e2ee3833a5140ca914
RPPS-TDC,10,29,normal,reputation_update,20,503.701527,88,7486,2380,0,0x1ef8c4e575570208d92fce928263ca9bf1dc9245d4bcbcd6d2be7133702f8c69
RPPS-TDC,10,29,normal,reputation_update,21,499.063866,88,7486,2381,0,0x9baa1f273244aa5b072a4580ecdfcc06c5b15b48c22c88e66f9f03d70f7757e7
RPPS-TDC,10,29,normal,reputation_update,22,500.895941,88,7486,2382,0,0xb946ca7e47c979a84c71f4de387f35f27b04229310139326773d4321688f1dcd
RPPS-TDC,10,29,normal,reputation_update,23,501.252380,88,7486,2383,0,0xd8ce4df198994b6dbff7426eaaffd8d504991e24dcea24c8afb57312c60f2538
RPPS-TDC,10,29,normal,settle,24,500.981379,225,11065,2384,0,0x1f98109c16d934439ead9f99ac0c5c9e3cbd8b07b385d029f08dedf23fbdf737
IRPP-TD,10,29,normal,publish,0,501.403173,289,16530,2385,0,0x1eba7cc81ee0ce321ced90e569b0b55571ec4b30ec88acb0025d1bd82095f8af
IRPP-TD,10,29,normal,credential_refresh,1,499.779808,289,28384,2386,0,0xb7442ddf3261fa7b3f650c1bbad7f7b300a200929de72621b1b5ea6eddbd4098
IRPP-TD,10,29,normal,credential_refresh,2,502.923226,289,28384,2387,0,0xc7a9dda7f5040d2d889b305027a41e8545cddea09b2a2dfe10c16ccbc667250a
IRPP-TD,10,29,normal,credential_refresh,3,497.405149,289,28384,2388,0,0x9aa94c38dd87db1f5a6cee2358297cabb886ac002aaefb655ee672a7f22b5c4e
IRPP-TD,10,29,normal,credential_refresh,4,501.116216,289,28384,2389,0,0x2098a58a8b30d219a2953b73c05eae0e9b97617bcf2f0499751d0559d0fc4e23
IRPP-TD,10,29,normal,credential_refresh,5,499.980843,289,28384,2390,0,0x18212128c80228ba93a43176aad3c1bef2e23b5134ca51c3168ec47f046a677f
IRPP-TD,10,29,normal,credential_refresh,6,503.409463,289,28384,2391,0,0xdd244814275aedfc399a61812b65a99faa784a9d4e522e6bc51ba22c8858c3ba
IRPP-TD,10,29,normal,credential_refresh,7,502.618221,289,28384,2392,0,0x106b4c8eb31b759cdb07e00b94036356bec638628563dec6b6aaefb54b840603
IRPP-TD,10,29,normal,credential_refresh,8,535.460498,289,28384,2393,0,0x3d7bf95a489014a265af25abd12ab70a54563233f047822ae8e94e102d5785df
IRPP-TD,10,29,normal,credential_refresh,9,466.228052,289,28384,2394,0,0x44ad3e69a429f657045a99421199c953412dde6ef589e24c4146ba2f75d751ed
IRPP-TD,10,29,normal,credential_refresh,10,500.234227,289,28384,2395,0,0xa14838cb427deb4d13737127e5eb28a77534058ce8797009315080a4be990fc2
IRPP-TD,10,29,normal,input_close,11,503.197205,289,18625,2396,0,0x7cc4a8aa60f65ef6c3459a9e52e875bde329ec9cc1cc63a2a3c0bcc9c5d2a7ac
IRPP-TD,10,29,normal,output_commit,12,501.418232,353,26849,2397,0,0xf724c5c43a1686ef40cb5c88c1ddeac5d89bcd9f3a6c0642d8b0e25231880805
IRPP-TD,10,29,normal,settle,13,501.553380,225,13383,2398,0,0x84759c88db82390b6b062d414c1637d5fac0205c0a9596a19dc4d591e629213c
BSIF,10,29,normal,publish,0,498.717319,609,76767,2399,0,0xb72c9ccea1691e3f4005080b09b09e1b7f1501c7f9e9d3a9e400ca57f4b8a892
BSIF,10,29,normal,encrypted_upload,1,504.252721,7651,1185200,2400,0,0x4d9f231625acbcf9914203f2b900716067e3564a243451f2abe02a7f049ff742
BSIF,10,29,normal,encrypted_upload,2,500.427375,7651,1185200,2401,0,0x6b9409102480fd7557794318c72c269b93f4ef98096819ede2d3b661ba5b27d1
BSIF,10,29,normal,encrypted_upload,3,502.179923,7651,1185200,2402,0,0x30f70f52b77026487c6a500d1b6d33d0891768305c45c916b4d2aa4053ee4a8b
BSIF,10,29,normal,encrypted_upload,4,537.478059,7651,1185200,2403,0,0xbdd8445a4c793e493b5cdbc72682c93c99d057349d65cb18d2d1a250692d1169
BSIF,10,29,normal,encrypted_upload,5,465.153607,7651,1185200,2404,0,0x05244931d493497d6828adfbad2c05c4a18bdf0fe67d471a49e3314d0f7f00fe
BSIF,10,29,normal,encrypted_upload,6,499.904916,7651,1185200,2405,0,0x5d1eb21b194648431bb0064db650830f209aef226a9c4b7de58f2a0751966501
BSIF,10,29,normal,encrypted_upload,7,502.182940,7651,1185200,2406,0,0x4def2acc0ec98e0727aae03c5492a3a6e6955144127232891ced8d2b7e2b83f1
BSIF,10,29,normal,encrypted_upload,8,503.992775,7651,1185200,2407,0,0xd597e6fd900bcf568f4beab4166d7d0ee4f1048466c67a0e46f328c74c0e501c
BSIF,10,29,normal,encrypted_upload,9,502.712316,7651,1185200,2408,0,0x95eb7b8dfdd1ac077c0fde40042e17715b3e24612b5388aa117c7c5dbb01d8c6
BSIF,10,29,normal,encrypted_upload,10,499.986778,7651,1185200,2409,0,0xe66b968c1f044a278ca12022c7dff0259233dc85c8f4288252d67f1476f6a2b7
BSIF,10,29,normal,quality_report,11,502.247744,225,18236,2410,0,0xaf5b8a802c8b7b9597257b0030a10646b75a8e21844eb04611b7e1a2cf9f0ff3
BSIF,10,29,normal,reputation_update,12,501.419328,88,7486,2411,0,0x394b8ddb378a342eeb1fc5bf50e369859afd6520ffdb2c17748eeaaa4b38af25
BSIF,10,29,normal,reputation_update,13,502.934820,88,7486,2412,0,0x8265d06a316e577b64e2f6957a4ffd5bcc5f84d1442ea829389b69ea5c16cc4a
BSIF,10,29,normal,reputation_update,14,537.249573,88,7486,2413,0,0x75a127117196dc5044909ccc734a05dd7f39d8ae0b8e14a8a2255b720cb6df44
BSIF,10,29,normal,reputation_update,15,465.318717,88,7486,2414,0,0xe89ddb1f9a231a663b8d70337dcb58ce5a93147216940676f52f076b49854f24
BSIF,10,29,normal,reputation_update,16,500.416592,88,7486,2415,0,0xb7658d808906de82c4a325cf6aee7259b2684755ee1d5077028b6a7830a4bf0d
BSIF,10,29,normal,reputation_update,17,500.697999,88,7486,2416,0,0xe53d33c4eeb4ce575c699cb59e40e3e49ef4f781583916c7751ff485ec8d9717
BSIF,10,29,normal,reputation_update,18,500.775415,88,7486,2417,0,0x557ccefa482555948e4ae300b152642621a707af5a5be37eab52cefad02d533c
BSIF,10,29,normal,reputation_update,19,503.102761,88,7486,2418,0,0x049edbb3063886935eff78a07adba08dd1c75562f0919a4b3177f3d0ae178ef1
BSIF,10,29,normal,reputation_update,20,503.904589,88,7486,2419,0,0x699c2de0b8b390ce54a720831547893197ccf92eff3a70b16ce1533cfa71ee92
BSIF,10,29,normal,reputation_update,21,467.409084,88,7486,2420,0,0x50e96e795e3b108a7c30598b26c96aa6a014134d3ed4e2996ac8fef4cfbebcc4
BSIF,10,29,normal,settle,22,502.069458,225,11065,2421,0,0x10daae2ecc966b16cf71ef18a96b0ee7d458c655bb41f782a46174a8a5a8f6b7
IRPP-TD,20,0,normal,publish,0,500.020279,289,16530,2422,0,0xbdf1a9939cfd2daebec1be78c70787afabe96cf19019ae330112b37210f6faf5
IRPP-TD,20,0,normal,credential_refresh,1,536.359840,289,28384,2423,0,0x11b87c17e60d2cfcd0b66d2ec9bc2a2efe831f6ff54c35b9fe3282bc131b26c2
IRPP-TD,20,0,normal,credential_refresh,2,603.567039,289,28384,2424,0,0xc2104e5ec905d1390997b13993bd22543f71b92616bb7a41f3fba5934e0ff372
IRPP-TD,20,0,normal,credential_refresh,3,386.813171,289,28384,2425,0,0x3f7d26d13ba488a8a602a3ca2bd33546a6b1e8ebfc0499095164ef04d5a584c5
IRPP-TD,20,0,normal,credential_refresh,4,578.264161,289,28384,2426,0,0x4b51e6ec57852f6db77d26182822b06b2e78e02e5db23e1c75021ca68d63ee02
IRPP-TD,20,0,normal,credential_refresh,5,501.283440,289,28384,2427,0,0xcdbc35595968737c0e26b9c3bb9824d7adc575dd465643c82e2ab2b0c9d57ddf
IRPP-TD,20,0,normal,credential_refresh,6,503.528016,289,28384,2428,0,0x58604164f4392ebb8f94129f2b022094774c7f3f3b3474b82fd73e933271f7a1
IRPP-TD,20,0,normal,credential_refresh,7,503.746542,289,28384,2429,0,0xd7451f4edd0115e2e961fddc35b0f9c0afbc0df977ff356bac6de9a1685ada9d
IRPP-TD,20,0,normal,credential_refresh,8,499.852643,289,28384,2430,0,0x67a3ae12fbaaf0d91c3acb5727a11e7d01c4f3ae5125fc9cfb1571ffa2fd74fe
IRPP-TD,20,0,normal,credential_refresh,9,501.096670,289,28384,2431,0,0xe2cf11ecb7cef5d83935a86f43928e5476e9fa0beb43372bf2a902d4e2f30630
IRPP-TD,20,0,normal,credential_refresh,10,501.497765,289,28384,2432,0,0x565aad4b42b366049280114df098fd8a5138f765cedda621763ff9dab23b2574
IRPP-TD,20,0,normal,credential_refresh,11,502.345609,289,28384,2433,0,0x46f1d36133435aca43597018da1eb16cd28ec9fdc873a942b3f70857ea9959f5
IRPP-TD,20,0,normal,credential_refresh,12,501.694694,289,28384,2434,0,0x7d129cbf42e9a34eacbd9c03c4752328c568f742f239483a69f22c5b9b33773c
IRPP-TD,20,0,normal,credential_refresh,13,504.341887,289,28384,2435,0,0x0266b1ef37127339f153863e0638e8357415378906c1980e5ca3f3133319b1da
IRPP-TD,20,0,normal,credential_refresh,14,497.737872,289,28384,2436,0,0xdb32b0613ee262899a1affc80230625fe0ac63f64d336c4db034c2d71d15fe23
IRPP-TD,20,0,normal,credential_refresh,15,502.114409,289,28384,2437,0,0x761ee116fae007fbaf252dcd0cb7ee84b793afea4d98ec860d3a43164d9a780f
IRPP-TD,20,0,normal,credential_refresh,16,503.286975,289,28384,2438,0,0x493fc7dba3ccf2214f13854aa0e91106a2c3f76fe7255c905fbc85fa1b1b6339
IRPP-TD,20,0,normal,credential_refresh,17,501.609060,289,28384,2439,0,0xdcb02a113366952e88b3b4f1df811339979eda36265a93d7db72d8dcbe8b1383
IRPP-TD,20,0,normal,credential_refresh,18,500.130100,289,28384,2440,0,0x4f19dcc9c4504e6f6bf58c77b603c1913305f084c533c6c2fe124c28dfafc707
IRPP-TD,20,0,normal,credential_refresh,19,499.026155,289,28384,2441,0,0x10f350a2d15bcc6b9a90d48c3b5cb76d395423d3a2f6493e6fa1bc250f24d671
IRPP-TD,20,0,normal,credential_refresh,20,501.602615,289,28384,2442,0,0x652d8fac1b5fec4d8f03db7c635e77bb470188b7b7b2df6f14ca0d6afcda8e92
IRPP-TD,20,0,normal,input_close,21,517.595099,289,18625,2443,0,0x221de9cb1186bfd3ed206e1718846ecb25c92bda440adf6894775a081d7e63da
IRPP-TD,20,0,normal,output_commit,22,488.502566,353,26849,2444,0,0xc9733ec209ef22b4cf909cf5dc860ac17692f92b3f3bc95613e9617d8949fe19
IRPP-TD,20,0,normal,settle,23,502.539940,225,13383,2445,0,0x9d429ee0d47115675217d0675ba27f5625927f8991725740ccce2c0a10b1e148
BSIF,20,0,normal,publish,0,499.853415,609,76767,2446,0,0x30b0c74263c88beb4b1df915fe882c40a5adae12aa52f93dee1b743125382670
BSIF,20,0,normal,encrypted_upload,1,501.514219,7651,1185200,2447,0,0xc266d5a8ae7bb80ed894bbaff7b5032b709d1aba8663e56f9ccb30f1dec6f2ea
BSIF,20,0,normal,encrypted_upload,2,499.887167,7651,1185200,2448,0,0x6dbf506fac56ba06512dfa734a781cb891d418b23bf310701d61f45e932c2f6a
BSIF,20,0,normal,encrypted_upload,3,503.008607,7651,1185200,2449,0,0xb58c494364a5509e40e0544d36b6037b3b14aaa0ea68397cb78e538a5e491366
BSIF,20,0,normal,encrypted_upload,4,500.849827,7651,1185200,2450,0,0x5c91c9e5dc49a99e2ee4ac5fe37f4041ec9ce952df9a4bef7403a007312b0388
BSIF,20,0,normal,encrypted_upload,5,626.407639,7651,1185200,2451,0,0xca6abf3b043c17740f0626ac8b518198d4f8e0be3c2332c279ebb165269167e3
BSIF,20,0,normal,encrypted_upload,6,378.512014,7651,1185200,2452,0,0x4a15ba34a1965f750c3e056e628967edc80742b1fc1c3cfa35a18fca54396350
BSIF,20,0,normal,encrypted_upload,7,506.564735,7651,1185200,2453,0,0xf6bc5e037cb4601d2a64353831de06652abe547036ab5afa22bdb587d7917d8d
BSIF,20,0,normal,encrypted_upload,8,496.911993,7651,1185200,2454,0,0x23bfa94bcce46e1ad5f1b4f513e46fcaf6c865e0a45b3dce5b2cde5edfc44372
BSIF,20,0,normal,encrypted_upload,9,539.052252,7651,1185200,2455,0,0x04a8f7640eb846c760c63ec11c50a5927851180c269f0be3671d05e25a063eed
BSIF,20,0,normal,encrypted_upload,10,463.176914,7651,1185200,2456,0,0xf6847722babcfa0a1da24489417dcc823d11e82d77df368f3d4a93e6736495cd
BSIF,20,0,normal,encrypted_upload,11,502.232219,7651,1185200,2457,0,0xb5e4257820864d509d8acd600f90eebe0a9a6f07a44200425c960f38fb431ff4
BSIF,20,0,normal,encrypted_upload,12,502.083439,7651,1185200,2458,0,0x79d96233374459bdd03e373410ae67ae8e64271989eb258dfc4a2e0dea4eed0d
BSIF,20,0,normal,encrypted_upload,13,523.182206,7651,1185200,2459,0,0x9b2dddb8e7002585b5cd9fdde528856b69889c5bebeb74770fd9ed89afecd647
BSIF,20,0,normal,encrypted_upload,14,498.476516,7651,1185200,2460,0,0xef12c457f1e00ce84b160f6ef2c276c8f97060138f5a437ff9b384a8d0405048
BSIF,20,0,normal,encrypted_upload,15,502.340843,7651,1185200,2461,0,0xd9403ffe9bea6a4d025cdfc9fc5106c6b88e215c257995fa3b0509ea900a390f
BSIF,20,0,normal,encrypted_upload,16,502.261329,7651,1185200,2462,0,0xdced19573916fe96b7b8eb064454153969a6ce42d20dfe3371e46c3f4f5516fd
BSIF,20,0,normal,encrypted_upload,17,537.488611,7651,1185200,2463,0,0xf46cb01480db4ae3a05e9dc60f7fe5b3b4cf57236137f36723164a693473bb58
BSIF,20,0,normal,encrypted_upload,18,465.937239,7651,1185200,2464,0,0x30d6752dd24ab81e36e9d504bea273ba7b5056e065db9e27aad6457ca9576301
BSIF,20,0,normal,encrypted_upload,19,501.771544,7651,1185200,2465,0,0xdb83b7a04c7b4536b84212824cd8c07c87aaba65c8e80c8731b18eae08dde64b
BSIF,20,0,normal,encrypted_upload,20,502.851598,7651,1185200,2466,0,0x1031d1cd1368730ab5697477b45acd3d43dd54c6898fee4546fb108c54d89175
BSIF,20,0,normal,quality_report,21,504.871523,225,18236,2467,0,0x81ffb6a79841796cedb52c2477c6fed01eb211de5d21f6159bf2569491c37a63
BSIF,20,0,normal,reputation_update,22,496.341101,88,7486,2468,0,0x45274d832b9cf65f14edd2fe2c24fb70ca3e88d3b8ba61cdf9af15b757bb2921
BSIF,20,0,normal,reputation_update,23,501.346518,88,7486,2469,0,0x4ae4f6c2e31c219fb12dac3077aea5893f7c640b83144b8c039016454afd78da
BSIF,20,0,normal,reputation_update,24,502.023767,88,7486,2470,0,0x5c1b9a3d161f083b0f5717360d1ed0ea6dab39fc363fbc458f7d292066707426
BSIF,20,0,normal,reputation_update,25,501.802339,88,7486,2471,0,0x87d255438c60ab5e9b370decea20a2681e243469922ea55187734e87cda2838d
BSIF,20,0,normal,reputation_update,26,503.080897,88,7486,2472,0,0x36c6599edc0a1a26969edff4a09f7e25dcfdbd10cdfe15229cb7485074b110b5
BSIF,20,0,normal,reputation_update,27,526.920828,88,7486,2473,0,0x21f223aefbbbe73250e2e2395969bafbd06c3ac9d24eab6ece4b19752e424111
BSIF,20,0,normal,reputation_update,28,477.650212,88,7486,2474,0,0x0e2fe0a30461adc15798d04f04909349413a81164c3c01c7ef962608a6881cee
BSIF,20,0,normal,reputation_update,29,518.348468,88,7486,2475,0,0x94f42fb2901592b5fc188918b15107df5a41be273c9d418e4a77c5cd79e330ac
BSIF,20,0,normal,reputation_update,30,504.825218,88,7486,2476,0,0x88d329a4d428446f07033de168b2140d8f3e0ffafd603c7dbf01afe0006642b8
BSIF,20,0,normal,reputation_update,31,528.516746,88,7486,2477,0,0x52393902ea8428f0553bc75d131ac67b561679d70294ffdd54b62689bad88cdb
BSIF,20,0,normal,reputation_update,32,526.473343,88,7486,2478,0,0x2d53864fe93856215699ca65fa8470ee2ad30caa0fbcf18192ce0ceb84cebc0d
BSIF,20,0,normal,reputation_update,33,549.355015,88,7486,2479,0,0x28c878e292a377e5f829645122817d8447dc56c8ca10554cdbf93af32177d5d6
BSIF,20,0,normal,reputation_update,34,499.832323,88,7486,2480,0,0x9a278c4f5d8cc88871ff8b2b7ee095508491209bcd18b104bb0eb0d6c9fbd468
BSIF,20,0,normal,reputation_update,35,499.973466,88,7486,2481,0,0xd0799bebc4f6928b009685d7080bdae244e3a9e95ec80968a8c451de4728e877
BSIF,20,0,normal,reputation_update,36,499.072573,88,7486,2482,0,0xeee8763b768fdd48590d19a64680933bbd2c3e86c828345d581c69b6b0129cde
BSIF,20,0,normal,reputation_update,37,538.514161,88,7486,2483,0,0xad9bd5d529d79fbbf04cad49f86fc70722cfdd2b6fbe00ffe9a4f02e80338dd1
BSIF,20,0,normal,reputation_update,38,466.585932,88,7486,2484,0,0x2b96be76a3836e756b4196d089ac7674c5a3edcea3782353b6904d29e66a5ba0
BSIF,20,0,normal,reputation_update,39,497.899783,88,7486,2485,0,0x28bc1589ee204bf69aeb40e9d1d08dc86f3fc76667397f8511faee9e4ca8619d
BSIF,20,0,normal,reputation_update,40,503.009379,88,7486,2486,0,0x0e09439639902194d890b23ba5a6e6457f7643c0984bc935d0b721d5169778f8
BSIF,20,0,normal,reputation_update,41,547.131997,88,7486,2487,0,0x8be48c3295549f67d3dbad62c820ac3985ae91598fa60747c62089856ddcab1b
BSIF,20,0,normal,settle,42,502.177599,225,11065,2488,0,0x90ccf42dabdd5937ae3ee80ad65480ea3ec6c71f4e78a317f30b874376012813
RPPS-TDC,20,0,normal,publish,0,498.842685,609,76767,2489,0,0x7b0dd53608f22da420df06252a945de8c46e23b53d114923b41dcd849b26fd81
RPPS-TDC,20,0,normal,encrypted_upload,1,500.842963,7235,1119312,2490,0,0x766e757e4377064073a5b76367bee4ed6938ca64463682bf295b245547b7ed48
RPPS-TDC,20,0,normal,encrypted_upload,2,503.734521,7235,1119312,2491,0,0xd8fdccd8abd707f1f8eb352b508fec0d867db1c1760d43d6bb4135e552e77e1f
RPPS-TDC,20,0,normal,encrypted_upload,3,501.814753,7235,1119312,2492,0,0x1085ba1bde6c6ba1177bc0e1e88dce2fcc70b425e023cb0b0227429a02997ef5
RPPS-TDC,20,0,normal,encrypted_upload,4,501.198341,7235,1119312,2493,0,0x891afdfa01a454c93df5542f3bd33ff7e4da8104a4d1cc6027530f8d0bec59f0
RPPS-TDC,20,0,normal,encrypted_upload,5,501.171692,7235,1119312,2494,0,0x69f94b2f3901a5e30fa71f56086e38141875af0d2ffc3ed1cb0a3e6ad57690df
RPPS-TDC,20,0,normal,encrypted_upload,6,502.257949,7235,1119312,2495,0,0x631479cfc9036098cad98432fd4655d116bb31f62b7ac549fda2dd6c612cbe33
RPPS-TDC,20,0,normal,encrypted_upload,7,503.127157,7235,1119312,2496,0,0x310b9bdaace72b362f06c3726da20207ae90dba64f881a40700db999ee5e1dce
RPPS-TDC,20,0,normal,encrypted_upload,8,500.546096,7235,1119312,2497,0,0xcb66e11cdcd27861f7bcc405606e33b169728f95ea12e67d38795fc0629a6885
RPPS-TDC,20,0,normal,encrypted_upload,9,498.438244,7235,1119312,2498,0,0x4cc4bd02ef46e5481766a4be2c026e43b5e238c6a6373ebb406bae9b0c335970
RPPS-TDC,20,0,normal,encrypted_upload,10,501.742367,7235,1119312,2499,0,0x0f233163fe505004f8e7da410e2ad4a4ee4c1d864dd8f87d1815c559b26e8f92
RPPS-TDC,20,0,normal,encrypted_upload,11,502.155327,7235,1119312,2500,0,0x4ce431f4bf0849975d7922f5697b3c989ad1b0a9691bf85c151acef3d2352275
RPPS-TDC,20,0,normal,encrypted_upload,12,499.808865,7235,1119312,2501,0,0x524f2aae9dec2592ecc64900edc2b54b7f5adf22920c9a9dd61b274152b57c40
RPPS-TDC,20,0,normal,encrypted_upload,13,499.600441,7235,1119312,2502,0,0xb91b66ae063399962c86b331c1e8f8f965ac67df188eb385059205baad750e7b
RPPS-TDC,20,0,normal,encrypted_upload,14,542.887020,7235,1119312,2503,0,0x0507cc33bf6ecaf8c58812991f6e6551c6de1063941faf534ef761d51b871651
RPPS-TDC,20,0,normal,encrypted_upload,15,461.685563,7235,1119312,2504,0,0x7918effea319ac06a1073757270c26d7ec6df1241b7c12754303f289f889d8ac
RPPS-TDC,20,0,normal,encrypted_upload,16,502.700350,7235,1119312,2505,0,0xfca715a5bc35af8e39a4d52c8618608cf63fa064717fa3173f40ed37ee997999
RPPS-TDC,20,0,normal,encrypted_upload,17,576.649812,7235,1119312,2506,0,0x601a46078c4f2522af18a3a9829dbede5d280ef018b5c6fa1b7a0ff917d6c09f
RPPS-TDC,20,0,normal,encrypted_upload,18,479.424812,7235,1119312,2507,0,0xc77e757a43c748f1a17114fbd737dbc14b9d26302019f33148f48182673d97a8
RPPS-TDC,20,0,normal,encrypted_upload,19,501.793643,7235,1119312,2508,0,0x5f80011b473aea4139fc5cf9aa77f0c7e9fe4d49daa7d5af9fae1ed054b4be76
RPPS-TDC,20,0,normal,encrypted_upload,20,533.990316,7235,1119312,2509,0,0x967449b309929ce7ca69834364f3b5a994fe7560790a9394df6b451f7f377afd
RPPS-TDC,20,0,normal,trust_update,21,499.469622,225,11089,2510,0,0xd8b520d18779038b2d8713c6a56c5bf270f4ab1f389cd56b0226467e0a253c21
RPPS-TDC,20,0,normal,selection,22,503.457680,225,16125,2511,0,0x3382411dacc82da1b43f80b6586cfe05d73f5cbf99a07205c8af70f741b09eeb
RPPS-TDC,20,0,normal,result,23,500.855942,225,16102,2512,0,0x6b89e763efdbf8f29943a6af05a9bbd81af86a609149804664411c85973ab491
RPPS-TDC,20,0,normal,reputation_update,24,517.822602,88,7486,2513,0,0xdb537839df896b12df298f0af6c5dd2d96bf07bacadfd5ace80519a2fc82f4e0
RPPS-TDC,20,0,normal,reputation_update,25,484.451574,88,7486,2514,0,0xfd6d6c67468082c1228eb384f2db15f8c515ebd71b3cff284c40614a4b66cc80
RPPS-TDC,20,0,normal,reputation_update,26,499.636724,88,7486,2515,0,0x35509f31585c581a0c36db687f2fe7039dc5cc7995ce5c2fcd3e116686ca7904
RPPS-TDC,20,0,normal,reputation_update,27,503.354828,88,7486,2516,0,0xfcdaed8c69f8461a03cf356d6412f9551404f2d48ef62df92c7885685ab216de
RPPS-TDC,20,0,normal,reputation_update,28,502.142617,88,7486,2517,0,0xcaef5c5d30b7e7b24b5f83a314833fe6dc05f8a5d37dd67a1a9908c6947c4096
RPPS-TDC,20,0,normal,reputation_update,29,502.137365,88,7486,2518,0,0xd16f27377b13e05a55c89efa0bafffde1123d43110928fc9612415bdcbb6bb54
RPPS-TDC,20,0,normal,reputation_update,30,500.870074,88,7486,2519,0,0x1bec742f37768e799ebd0975881808efbee91e9027cd2e44bdd985ed0735a6b5
RPPS-TDC,20,0,normal,reputation_update,31,502.415411,88,7486,2520,0,0x3f41d784af3e92eaa1c844d6d1bae05101ba90e81825d19179fe0a50a07ad4a2
RPPS-TDC,20,0,normal,reputation_update,32,501.022844,88,7486,2521,0,0xa4fd8f5df7d028773f41ce2190b5750fee3bc1702efb2a6f6bf29066b6ffff50
RPPS-TDC,20,0,normal,reputation_update,33,500.828816,88,7486,2522,0,0xef14f5f2bd85b1bd3829af5a53cc3efec1906ef89241ed1faa417b9c28a7a00f
RPPS-TDC,20,0,normal,reputation_update,34,515.561947,88,7486,2523,0,0x42ec0653299623e0312ad0ce0326bf21a1e80cb5391214e08f91f9e27888bcf7
RPPS-TDC,20,0,normal,reputation_update,35,488.990685,88,7486,2524,0,0xd3a4b3fe5b0f3b24203589a41f0d91ca0af0ef17fc768542fcfe35a88a413537
RPPS-TDC,20,0,normal,reputation_update,36,499.955397,88,7486,2525,0,0xeb8d082950732178794ee4a0f5afde8fb3e6043b8010fd4ba695500abf5d8632
RPPS-TDC,20,0,normal,reputation_update,37,505.819244,88,7486,2526,0,0xdb9c4f831724bf9eb8f2ec9a5251097abe021f9cf23595ced07363036d51cba8
RPPS-TDC,20,0,normal,reputation_update,38,502.468432,88,7486,2527,0,0x0bb7df91481521dd546fbdb5ca2c5dcad81a68af08fb7be0d283aad174dfa8f1
RPPS-TDC,20,0,normal,reputation_update,39,500.297475,88,7486,2528,0,0x24af6660a55b7defd7ee4eaad6985bb39f900c8244101148aba74f7a317eb04c
RPPS-TDC,20,0,normal,reputation_update,40,500.792806,88,7486,2529,0,0x7c08f7ffde87c99234c9af293b300b6e43f7aafedf869ea09a8cb87e7ab36b25
RPPS-TDC,20,0,normal,reputation_update,41,501.991351,88,7486,2530,0,0x0852011f070d66aafa5d0d49c07f3538e4bab0a582ccc8eef01a1a2806577aa2
RPPS-TDC,20,0,normal,reputation_update,42,499.976916,88,7486,2531,0,0xa92bc3276f329c331087fa00ff9b02e765539bd5e46cc4ed86124052e418baee
RPPS-TDC,20,0,normal,reputation_update,43,502.971451,88,7486,2532,0,0xe1dcda6fccde0f19d0718b8ee2d06173c6696603e9e925fde037c65c6675281c
RPPS-TDC,20,0,normal,settle,44,522.003566,225,11065,2533,0,0x5a02fdb54969f651824cbac929d01aab5767c6512d9c27101fbddf30875bea9a
BSIF,20,1,normal,publish,0,478.619841,609,76767,2534,0,0x562de7a474f9fac2a5b7d152bd24878552df05ddb786b318d4686b5b198f5c71
BSIF,20,1,normal,encrypted_upload,1,500.907620,7651,1185200,2535,0,0x380900fa0c513f254aa1b5571c1a2671d0e870cbc01cf7c9247b8a1a864ba506
BSIF,20,1,normal,encrypted_upload,2,473.172582,7651,1185200,2536,0,0x818aab18a8402b44584ecde72ce4a7cf101208378d37ccfb116767d0a616040c
BSIF,20,1,normal,encrypted_upload,3,503.937360,7651,1185200,2537,0,0xb498b9a6070d14190707a9df708747cf33e2624827efdffa940b1a6bd147b9d3
BSIF,20,1,normal,encrypted_upload,4,503.050718,7651,1185200,2538,0,0xbaf7422183c8f7792e9dd55b2a2fbac1ca72dca24758fc03722de1cb539851c9
BSIF,20,1,normal,encrypted_upload,5,500.305428,7651,1185200,2539,0,0x6ff38e55a4e64be93fe612de942f7ebac3e91d93f522dabbad6aab1a9cc82d27
BSIF,20,1,normal,encrypted_upload,6,503.886860,7651,1185200,2540,0,0xdd73ffd573b156fd5c47870be664e6f8a49e5a290cdb169537fb882fe19d3c88
BSIF,20,1,normal,encrypted_upload,7,498.395636,7651,1185200,2541,0,0x52b8c34bfe00accea28381aa08fd59eaee01d62db067d9ef905a979a387bb268
BSIF,20,1,normal,encrypted_upload,8,501.215735,7651,1185200,2542,0,0x70d571ee779b58e71c9cc92cd6faf21e7cbfce51aff73dd0eb68e7e95649a4b4
BSIF,20,1,normal,encrypted_upload,9,505.247868,7651,1185200,2543,0,0x8bf7ca6b693d4fdf3968764f4cc6cee9bfe97bb1b1a7f2db0bcad5475abea060
BSIF,20,1,normal,encrypted_upload,10,499.276602,7651,1185200,2544,0,0x9e257bb5064d08b30983751b82c10747b19c95a57facf4eb448905199c296480
BSIF,20,1,normal,encrypted_upload,11,503.929289,7651,1185200,2545,0,0x453184a8df171ee36e28c4c72556556ad67c226a6fbdb0fd3a6db4f099ac1470
BSIF,20,1,normal,encrypted_upload,12,501.205620,7651,1185200,2546,0,0xa1c0bdc46a30aa27dbd8f637a83f919e71949b9062beac80c8a1992d68393d9f
BSIF,20,1,normal,encrypted_upload,13,502.670356,7651,1185200,2547,0,0xca00cdd94e67893b699f6c19f769208e1f0f10bfb506804aace120b64796c6f5
BSIF,20,1,normal,encrypted_upload,14,500.384475,7651,1185200,2548,0,0x1c249777e4cd06b66c125720fb49fb84f231bdb56427187f475714c7e9cac386
BSIF,20,1,normal,encrypted_upload,15,501.152054,7651,1185200,2549,0,0x321e5345c32d773c3a4f7af4a424669b164ec0bd3ce56c4b8d338018830272cb
BSIF,20,1,normal,encrypted_upload,16,547.829529,7651,1185200,2550,0,0xe4f31d6bfa9151c719e84cb34a95599a2e22abfacd566d14d31d6d731f2c11b1
BSIF,20,1,normal,encrypted_upload,17,501.189138,7651,1185200,2551,0,0x79d33235cac115863f4dc4b00efc396900bcb99fd22ef19600ac5040c3ad1413
BSIF,20,1,normal,encrypted_upload,18,537.978964,7651,1185200,2552,0,0x369bc752ed4824518b2983a84fd92ae44ba9bf0328b040ef430f22e9a0921ca7
BSIF,20,1,normal,encrypted_upload,19,500.586544,7651,1185200,2553,0,0xec6c524611c5772eaed65d18378f07ae288657b0d5fd17ca90d566acf2fa51a8
BSIF,20,1,normal,encrypted_upload,20,504.004637,7651,1185200,2554,0,0xdc6ded354d87e1b206917bd9b3758924423458198b7f6e5f9c760eece3642a51
BSIF,20,1,normal,quality_report,21,498.285543,225,18236,2555,0,0x11c9c8a155f40bf703faea66577766f6ad9fafb5ae8fc20e7a5d9d832fd3f73c
BSIF,20,1,normal,reputation_update,22,502.625117,88,7486,2556,0,0x82d9db4cca04523e9d26191b4695892fbbfcacaabe8dacfea3c97f116314eeec
BSIF,20,1,normal,reputation_update,23,501.194340,88,7486,2557,0,0x69a3713d8e16c2b1970cc3fa4f86558680c5e42efcb448383ed52386cfc2f71c
BSIF,20,1,normal,reputation_update,24,504.154192,88,7486,2558,0,0x4332178f774146572ce7be6dea80ccf502e99a4b4d70abfc9f6d2aa87a830b54
BSIF,20,1,normal,reputation_update,25,501.553994,88,7486,2559,0,0x5c9009e335e98bb3d1ac9782843d7156b1c5567f8f8823d11bb215b0b24e2311
BSIF,20,1,normal,reputation_update,26,500.700708,88,7486,2560,0,0x8c456a225374e9402c50a4fdf378a68edbd25cfcfb3e1e0b54649d8665695251
BSIF,20,1,normal,reputation_update,27,504.435152,88,7486,2561,0,0x1eea59a288229f9cb944bd4e76cb24be3a7ac24b599a7d3bab2cf4cb9e85e414
BSIF,20,1,normal,reputation_update,28,499.557156,88,7486,2562,0,0x81de8e30bdecbcda868f37be5cb557e815c8729ce0ed9fc4c411f57177f86a07
BSIF,20,1,normal,reputation_update,29,537.892976,88,7486,2563,0,0x1edffbf1fc7391d985eeea166c11e8e61570c8861dc5c60358f7189c017e97ad
BSIF,20,1,normal,reputation_update,30,489.047871,88,7486,2564,0,0xb5f86b74349ba8c3a892cf897d53e44e76bddc35557868a55474ed86457c8054
BSIF,20,1,normal,reputation_update,31,534.829820,88,7486,2565,0,0xba782a39dbf06aa912e2afe82cbe653e3194b2abe73d69eca71d145910f96b42
BSIF,20,1,normal,reputation_update,32,500.978582,88,7486,2566,0,0xb9f788fe1861d0ff65e2a79b472563cac77332ffa5d910e180f5268fe427538d
BSIF,20,1,normal,reputation_update,33,504.510683,88,7486,2567,0,0xf684072952228283b70ded4a6b09a77cae194fe8ecbb6c868570962b977b883f
BSIF,20,1,normal,reputation_update,34,504.455150,88,7486,2568,0,0xac4683c04851a210122a987d3eaac5d0487f1e9765a604f1d49d65b2b176af9f
BSIF,20,1,normal,reputation_update,35,501.108627,88,7486,2569,0,0x65b2440f431f1ad98404a0ca40bbec6131ed75690cfd28fa1c4e7903e5fa611e
BSIF,20,1,normal,reputation_update,36,502.363359,88,7486,2570,0,0xe8210c8669b29296b4b404d32ef68ac0150b235aeb1ccf8492594139db7c5830
BSIF,20,1,normal,reputation_update,37,500.716713,88,7486,2571,0,0xf13ed6d7e92d090965b8cdd6db74876fdb877c12776134c084a3f56d806ca825
BSIF,20,1,normal,reputation_update,38,501.425314,88,7486,2572,0,0x50b4c56424b0fd79fedc195b53d7cf8081ae563ae5f43c5c22a178c57923b075
BSIF,20,1,normal,reputation_update,39,539.459285,88,7486,2573,0,0xa118c1b17d1062f6c1830f4135c960e3854087ef6561e51e26801fb5aae77352
BSIF,20,1,normal,reputation_update,40,501.132972,88,7486,2574,0,0x7bdde168a8a31cb728d4151ec097337233c0385b7c4aec0e28bb76f91ad915dd
BSIF,20,1,normal,reputation_update,41,502.309148,88,7486,2575,0,0x0d2968a177f4648f04e5bd6423c8d209ea49114a12044fe3a7f1dd75d0d975d0
BSIF,20,1,normal,settle,42,500.088590,225,11065,2576,0,0xff0320df0ed95c93495318921e65606973bf9d397e414d9704448664e86f7c09
RPPS-TDC,20,1,normal,publish,0,498.672825,609,76767,2577,0,0xe63051b7b7de8ffbe5d9b7e25dad299667f88e62cae11cadc22f404823d1d280
RPPS-TDC,20,1,normal,encrypted_upload,1,504.078425,7235,1119312,2578,0,0xced96eb645f35211f93abd38d61346d36292b1ccccb36791368a699883d831fd
RPPS-TDC,20,1,normal,encrypted_upload,2,501.737149,7235,1119312,2579,0,0x2fea8a14028e2679216bd3a4fac665291fe4806167fbf7a9cbd4400a50403984
RPPS-TDC,20,1,normal,encrypted_upload,3,503.709121,7235,1119312,2580,0,0x47eb6efa7dc3c72f2244dab93db8f706d01fbfdd92d7b7a2b965da74caa117d4
RPPS-TDC,20,1,normal,encrypted_upload,4,501.804414,7235,1119312,2581,0,0x933d8e936b9464596336a2f004f711b8125b1efc8e1c59fc77f6c3d9582a50d0
RPPS-TDC,20,1,normal,encrypted_upload,5,503.501278,7235,1119312,2582,0,0x7d1a482206cd6c65a719024e75aa4b5b1dc1a3fa76f1a595d18b422af6a2c4e2
RPPS-TDC,20,1,normal,encrypted_upload,6,499.139851,7235,1119312,2583,0,0x3aa1178533dc0bbf507524de620416f5120500b17604a49123df72d57654083e
RPPS-TDC,20,1,normal,encrypted_upload,7,504.092951,7235,1119312,2584,0,0xf46d704c7ba505c76d6cc2c9fe25d682fc77600bec6191fd7a92144a0961afc2
RPPS-TDC,20,1,normal,encrypted_upload,8,500.873050,7235,1119312,2585,0,0xb9cad08ce6c67bebb0241774df1c59acf597d202e5950f6d435bc2185ed10e44
RPPS-TDC,20,1,normal,encrypted_upload,9,501.063365,7235,1119312,2586,0,0xb7982f0f073044c1d13620365679a6f9d0fa56db3ed43a300327afde17e2d41c
RPPS-TDC,20,1,normal,encrypted_upload,10,501.521182,7235,1119312,2587,0,0x09d2397febb15139d3e19691ce9628b6d274e9d8ec51e70fd52a89d052ac4907
RPPS-TDC,20,1,normal,encrypted_upload,11,503.328096,7235,1119312,2588,0,0x3f5df6fd39a8fb9b7e7b10c690251b15b670aac9bd94c7ee54ef0bebd6d8460f
RPPS-TDC,20,1,normal,encrypted_upload,12,501.852061,7235,1119312,2589,0,0x203ea9bb6aac7fd43f4b56b2f0e4b047f58d540cea37274f9394f280e4deca0e
RPPS-TDC,20,1,normal,encrypted_upload,13,499.466311,7235,1119312,2590,0,0xf05936496ee9f89557df3fed8e7d2798fe1bc091508c7b614693ac5d8c0552a1
RPPS-TDC,20,1,normal,encrypted_upload,14,501.522356,7235,1119312,2591,0,0x2fe8a664dc0e652c77459eb9a7e10078c8d36be2da77869db0ba0a2f6aa4095a
RPPS-TDC,20,1,normal,encrypted_upload,15,628.312772,7235,1119312,2592,0,0x43f8c411dee273a742ee4be73f2a13a51e850366c9849998c23af25c2973eec8
RPPS-TDC,20,1,normal,encrypted_upload,16,387.210208,7235,1119312,2593,0,0xaa125cd751fe19013bcc6438494db55af7b9eceedfbcc778a49d7fa27f3ec1f6
RPPS-TDC,20,1,normal,encrypted_upload,17,487.845047,7235,1119312,2594,0,0x008baa82a96fae09c215dac8435f4b6340fdf55d378c685335f3c83771acc40f
RPPS-TDC,20,1,normal,encrypted_upload,18,504.642871,7235,1119312,2595,0,0xae49a5a77573cbec29b433c0971eb1db0936ba7b65141a37a2ad8eef54e42ba5
RPPS-TDC,20,1,normal,encrypted_upload,19,633.086191,7235,1119312,2596,0,0x82e57b8cfcbb998dd7e0bc3dd77945a9e495dd0be0c87986ee5e2aa377a6452b
RPPS-TDC,20,1,normal,encrypted_upload,20,368.800921,7235,1119312,2597,0,0x65c6cce4047ab4b85be892d1ed9abb62323a60a55cfa93ee959398e3b46ffdad
RPPS-TDC,20,1,normal,trust_update,21,499.828056,225,11089,2598,0,0x2eb9412a74292827a9ef71366b3b8c7ed1ff3b290363f1948407c4192678a908
RPPS-TDC,20,1,normal,selection,22,502.711878,225,16125,2599,0,0x40e8a7aded7a81daf2cfaff3d7dfe13e6f3c8becdf381e8a8be8df6fb0e156d6
RPPS-TDC,20,1,normal,result,23,502.570500,225,16102,2600,0,0xdd668bc3bfab55c279a1db71720a2bb879d6f027d480c83fba41e52594419cc6
RPPS-TDC,20,1,normal,reputation_update,24,501.226756,88,7486,2601,0,0x5dfcad4747d5d0c1d190eb1b5a6a5d68e4b17a0974aa5e28fa8e9f1d83b56145
RPPS-TDC,20,1,normal,reputation_update,25,500.442482,88,7486,2602,0,0x9ab2b217cd1f5701762c23dbef33ff74672fc1de4cdbbd5cdf48d044dd7ac6b3
RPPS-TDC,20,1,normal,reputation_update,26,503.169811,88,7486,2603,0,0xfd873264531a599c4ea1fa8e0676736b342d1dbd1268f07d1e5d00d77bebdb5e
RPPS-TDC,20,1,normal,reputation_update,27,582.968694,88,7486,2604,0,0x1cd9e64892bffef027c4b13c15f03cec1aa3ef2450e7d92f49a62734161894cd
RPPS-TDC,20,1,normal,reputation_update,28,502.929106,88,7486,2605,0,0xc1ecd3237a5deda34c34d7ac899d2545e6e98af0ab232b6be52b2c85ea0267bd
RPPS-TDC,20,1,normal,reputation_update,29,502.594480,88,7486,2606,0,0xbef8487053eb831ad3a7f7ca7a4cc57abacbf9f8c2b5e9b38c5203fa02e3cef2
RPPS-TDC,20,1,normal,reputation_update,30,501.027901,88,7486,2607,0,0xe6e58ab29229e20a4a00332e1919cf96309e65daed5f7721a33018577c8c7584
RPPS-TDC,20,1,normal,reputation_update,31,501.879615,88,7486,2608,0,0xe49ae31119f5170b87a6e70db9a75950a6d3b35766502c176d7ba9230953b71a
RPPS-TDC,20,1,normal,reputation_update,32,501.427201,88,7486,2609,0,0x1cc4655f65c19e037b8e3ebea15fd6421e792c9779e468c9d8a04060a48d60a7
RPPS-TDC,20,1,normal,reputation_update,33,501.347566,88,7486,2610,0,0x6d7aa9dcbc571b02ac69025a2b9183e80670277d07aa730804796cd43779c04f
RPPS-TDC,20,1,normal,reputation_update,34,501.712129,88,7486,2611,0,0x1fa28e3f74f5d7f6b84a3ab583fe6e8dea5d7d3da919987fd94983f50c4863a8
RPPS-TDC,20,1,normal,reputation_update,35,500.980354,88,7486,2612,0,0x1653629fd7c313d6f1629891dba65f6aea850199678879a248ac81486a6e3372
RPPS-TDC,20,1,normal,reputation_update,36,535.809393,88,7486,2613,0,0xaa9831159d3ed7bc684cfaddaa7652e7d5ad6327096b184e8d8454e857e4fff5
RPPS-TDC,20,1,normal,reputation_update,37,466.175587,88,7486,2614,0,0x8da0e311773d83f40586b7e6aa2c16011e6a92abf7afe643e1adbfb3df07179f
RPPS-TDC,20,1,normal,reputation_update,38,498.529397,88,7486,2615,0,0x28f8f35564cd9700d7b4ac22c4ed5776dcb4fc9d9f5da4702654d7edb4c7faf5
RPPS-TDC,20,1,normal,reputation_update,39,500.220275,88,7486,2616,0,0x005455c5a91e1a64ae385ec76be1c90920fb5f20450dfe65368fe4c7449750a8
RPPS-TDC,20,1,normal,reputation_update,40,501.024113,88,7486,2617,0,0xb24ce3211be6b0ee00a248cd263f2311fc16b783f7a6bba65d40241de339761d
RPPS-TDC,20,1,normal,reputation_update,41,482.069335,88,7486,2618,0,0x2338fa733ebe9d4ee25f298a508b6c9b8e1d45e661aa0286d5cd1198958a0849
RPPS-TDC,20,1,normal,reputation_update,42,502.814533,88,7486,2619,0,0x625a1a76345816d82d54cc2baaec990b82c48a7a34ecc3a44a23a0896144ba33
RPPS-TDC,20,1,normal,reputation_update,43,501.318952,88,7486,2620,0,0xf3f564786f96f40b03b85c68167da9bfb0e3df868b6c26bf6ada933f711ba781
RPPS-TDC,20,1,normal,settle,44,502.236679,225,11065,2621,0,0xea08a92c2450b07a595c1d4e9fee8e06a4123c0f207f257a5be4097ff6bb1c02
IRPP-TD,20,1,normal,publish,0,499.159919,289,16530,2622,0,0xfcf203f04adda95a184a3e15f87f789caf1abb6a0893e262391672481dbb0a44
IRPP-TD,20,1,normal,credential_refresh,1,502.933168,289,28384,2623,0,0xdfe7fe6e19813d50fdca3bc04b78d95d0e25c7a2a06218c78e2b05623b02251d
IRPP-TD,20,1,normal,credential_refresh,2,501.114799,289,28384,2624,0,0xc19891f0409c63b5df5aeb42ddf5046935448a0cdc1889885e54c4cdb00e58e1
IRPP-TD,20,1,normal,credential_refresh,3,504.331682,289,28384,2625,0,0xbab65da7b5130e3d2a89b4451d65e38d4ef347d09c1dee50a239875891b10ac4
IRPP-TD,20,1,normal,credential_refresh,4,496.564945,289,28384,2626,0,0x195afee14de52ac3258cbf34271579fe98d47ecd72cce701f75e0b9f9576c030
IRPP-TD,20,1,normal,credential_refresh,5,543.311209,289,28384,2627,0,0xd427e28e691874b47683167c88aed587b200487edc987290c4a035107eb445ca
IRPP-TD,20,1,normal,credential_refresh,6,503.707940,289,28384,2628,0,0xb3ae81dcb3858c8a5fefaab99060f220738904385bff8ca482e05dfb3cc75083
IRPP-TD,20,1,normal,credential_refresh,7,502.483508,289,28384,2629,0,0x2599750ac87e6022d3ae013a9430c566c54b51cccbd6d7fbb10f4bcc67df6185
IRPP-TD,20,1,normal,credential_refresh,8,500.145661,289,28384,2630,0,0x3e86f4c87bad7cf3fe2709a51dad4156e5d1b97f6a4af701f09ef0e8312a3b1e
IRPP-TD,20,1,normal,credential_refresh,9,544.769881,289,28384,2631,0,0x089678c17d1310603ef3ab6bc826086a8181a2c4845784c7ebb7eda2e39dc333
IRPP-TD,20,1,normal,credential_refresh,10,501.853474,289,28384,2632,0,0xdcc6f4ddb3a23817b2d6ca4d9fb9cf1eab44e26667dab58db31b249aca0594e6
IRPP-TD,20,1,normal,credential_refresh,11,533.518313,289,28384,2633,0,0x1455032725af7250109a544a3f6cafcebf4a772c8665ef32700f2c7fed596640
IRPP-TD,20,1,normal,credential_refresh,12,466.988339,289,28384,2634,0,0xb1f625db58d85f366f9a2811118d0ce2a555f4007bfc94e1bd3b7c5316a3297e
IRPP-TD,20,1,normal,credential_refresh,13,502.547961,289,28384,2635,0,0x474e6fddacb390901dabed89665a03f16cdfeaa5c691c57a0e026d4986114f18
IRPP-TD,20,1,normal,credential_refresh,14,499.492302,289,28384,2636,0,0x7f80bff0bbb7388da66c3671b83638ed278cd98169ef2cd0f83f547df16fc6a1
IRPP-TD,20,1,normal,credential_refresh,15,502.589333,289,28384,2637,0,0x01d235f3076c777b53ab04071a27763c58b517efe82e48df4a54d67c7c453c5f
IRPP-TD,20,1,normal,credential_refresh,16,502.128916,289,28384,2638,0,0xe7ed7ea358a7764cbf4fb157e9538991c8dded6b63110a9bba969db8541e51ce
IRPP-TD,20,1,normal,credential_refresh,17,503.303215,289,28384,2639,0,0x506a9017ebccbd626edfb913cf03e155d36f5fdf3fc25d3ca9052ad7acd49877
IRPP-TD,20,1,normal,credential_refresh,18,502.338821,289,28384,2640,0,0xeea00cdab580d1ffdfdd49f171d946902d4fbf0962f20499be75d5472370c44a
IRPP-TD,20,1,normal,credential_refresh,19,590.762584,289,28384,2641,0,0x5fc845239dc08c0699d559b9653228c0146c4ea2ef4921db547f7274835fe5d8
IRPP-TD,20,1,normal,credential_refresh,20,410.472485,289,28384,2642,0,0xe97393f210bfcb21c9a286561c0e32e4e989de4ee37f9ed8f0e787636b9bdb31
IRPP-TD,20,1,normal,input_close,21,537.254818,289,18625,2643,0,0x1bd31930895250662d9779c62163106e4ce19d9e1ee3a745fea979d2e2446721
IRPP-TD,20,1,normal,output_commit,22,465.923300,353,26849,2644,0,0x2f3964a420a7d9584896f19b50dc5595f4b0b003b912aea3848413aab7829d0d
IRPP-TD,20,1,normal,settle,23,502.099560,225,13383,2645,0,0xe75d076b6bb20884bb826e98889be55cfc24d631e465923aa8020d7df17fd4ec
RPPS-TDC,20,2,normal,publish,0,513.012015,609,76767,2646,0,0x248531797707cf6700b19620faaaf6f1c25a1d7a20739ecd23dc407a97ffcd2c
RPPS-TDC,20,2,normal,encrypted_upload,1,499.777324,7235,1119312,2647,0,0x5417e975eae21e2cfd632672ee4becc7262bc5cb73de8fce3e3885e41aa99aa8
RPPS-TDC,20,2,normal,encrypted_upload,2,503.510835,7235,1119312,2648,0,0x962de5c6ee49fa8e68587774a6afac83299c735569049b2d56441895e5b8564c
RPPS-TDC,20,2,normal,encrypted_upload,3,499.778054,7235,1119312,2649,0,0xe494b920eab5f399e265982321e4ed69d6bca9eccac5850f1c12d530f3368c77
RPPS-TDC,20,2,normal,encrypted_upload,4,502.202065,7235,1119312,2650,0,0x1edd871df84b91043edca83b39d21c410be9f42d126c87f4007a25d536cc5a23
RPPS-TDC,20,2,normal,encrypted_upload,5,606.484651,7235,1119312,2651,0,0x99bb3c8574b0368524ee8d4692eb4ca788807e51496c6d16556ef0e011845ca7
RPPS-TDC,20,2,normal,encrypted_upload,6,502.702399,7235,1119312,2652,0,0x30345c893086736379c8cbb948c1804d2f15d4d899b410f39aef875330d28f7c
RPPS-TDC,20,2,normal,encrypted_upload,7,536.153910,7235,1119312,2653,0,0x6f28b2a73caab8a0a1c827ed424b87cf8c3bf80fd3f942556c06146bd9051b9b
RPPS-TDC,20,2,normal,encrypted_upload,8,464.988539,7235,1119312,2654,0,0x573ed3bfc4aff70c797026a7869f2c7929b234260083268a572cdd7e81c9fd00
RPPS-TDC,20,2,normal,encrypted_upload,9,501.938987,7235,1119312,2655,0,0x70aa390b611e950d483324989840d874a0eca27e0225553d1070d70dc486032f
RPPS-TDC,20,2,normal,encrypted_upload,10,503.085325,7235,1119312,2656,0,0x031a6ed9314234c2f882f6a0e6fffd0fe07f9bb36e3dff23ac44f3b41a1cea55
RPPS-TDC,20,2,normal,encrypted_upload,11,501.527480,7235,1119312,2657,0,0x68987dddd48f578acdb084375967bc3dfda8b4bb4cd4650d432444d1ec714f1b
RPPS-TDC,20,2,normal,encrypted_upload,12,503.554055,7235,1119312,2658,0,0xb0f9731be40da3dccc24fbd8b56515955d432951d72250b94b55d07e7b1872e7
RPPS-TDC,20,2,normal,encrypted_upload,13,501.642286,7235,1119312,2659,0,0x8311ef94b3dc26eb13c943e78b4ca82daec81af5b5169011ce18f7b18f803e3b
RPPS-TDC,20,2,normal,encrypted_upload,14,502.492888,7235,1119312,2660,0,0xfc6f4545c86f4ed40d85c98cc28168f035cafe86b0056b63aebb608f1766607b
RPPS-TDC,20,2,normal,encrypted_upload,15,500.173661,7235,1119312,2661,0,0x846d1b0bdf7c6694e6f24c4acef7a4805a4129259fa26eca3e82c264fdbc887c
RPPS-TDC,20,2,normal,encrypted_upload,16,503.009845,7235,1119312,2662,0,0xfa8c014ab54f190cccdf4f0aeab38b5e8fac654c10cfcf920140a8c15915d643
RPPS-TDC,20,2,normal,encrypted_upload,17,499.904999,7235,1119312,2663,0,0x627b7a1794aaea3d34e68405ee4a83f2160b2d0e981e0825ab08067030ff0f12
RPPS-TDC,20,2,normal,encrypted_upload,18,500.929582,7235,1119312,2664,0,0xc7738f804b7e4e5f26dc7edc3ef235bafdea1e1b89c853d0ad741020701d7551
RPPS-TDC,20,2,normal,encrypted_upload,19,502.538521,7235,1119312,2665,0,0xc7489b19ed7c8140fc99dc27993ae44215bd5e421939e511081e391e41600b9d
RPPS-TDC,20,2,normal,encrypted_upload,20,500.502826,7235,1119312,2666,0,0x2cbd1a4c9d75008d268e9f8244d9fd3d0c4aca74a207010b4d8cc4164c0618b0
RPPS-TDC,20,2,normal,trust_update,21,502.723498,225,11089,2667,0,0x05f94b1c799d160525ccce78d905775927d2a28836bbbefdfb8867ad2c9368af
RPPS-TDC,20,2,normal,selection,22,500.889697,225,16125,2668,0,0xa6d393958cf06d1d735a69623c1faa5ee88d7165cf0d943f91b5d58d172e83a3
RPPS-TDC,20,2,normal,result,23,500.067689,225,16102,2669,0,0xe0ecc2c0881d298496a604239b72efcf6095fb0317be29e2f71af1a33910c69a
RPPS-TDC,20,2,normal,reputation_update,24,502.427320,88,7486,2670,0,0xf5fd1838e3e16bb72b587a56591326d70da3530b8b08233f3531894f0c1084ec
RPPS-TDC,20,2,normal,reputation_update,25,500.854034,88,7486,2671,0,0x23eac4274e15c36676f87ff3e40ab5c5eb9c4195ddd00277431164c3e093b1a6
RPPS-TDC,20,2,normal,reputation_update,26,500.782315,88,7486,2672,0,0xba61586af409be085ef75a191208ffb89007db1764ff638c67967c445f4c7f9c
RPPS-TDC,20,2,normal,reputation_update,27,517.016114,88,7486,2673,0,0xe073f88b218034f3c35803ed1b7e7936a49af67161553443add46ad6463a3bd1
RPPS-TDC,20,2,normal,reputation_update,28,486.696305,88,7486,2674,0,0x23d807fad8eb6fec89fca28cedb7bcf824ed789149ada17ceaf59aed6000e6f7
RPPS-TDC,20,2,normal,reputation_update,29,533.996378,88,7486,2675,0,0xcc39117cfccaaa658bd0e2043e6a8498d9467fa1e44831e3e29302f9e10a287b
RPPS-TDC,20,2,normal,reputation_update,30,500.076855,88,7486,2676,0,0xe2b22ce53d7e35a7c7819b36db3148532f5e671ccc8ab5155df9ed6af4686ef5
RPPS-TDC,20,2,normal,reputation_update,31,504.509556,88,7486,2677,0,0xebf069ade715cf03798638091ad74da0c69359d50ee6797b545c4cbdd4735cc2
RPPS-TDC,20,2,normal,reputation_update,32,531.608081,88,7486,2678,0,0xccef4907c51025f68b876c265f4bf7e40681585381a540abc8f4dbe6e84ed31b
RPPS-TDC,20,2,normal,reputation_update,33,597.828635,88,7486,2679,0,0x1a80e6e206b5e56f6d28900cd9530d52b831a43da32ed46a2da9e44084e085d7
RPPS-TDC,20,2,normal,reputation_update,34,405.499267,88,7486,2680,0,0x32df1fb6d07f668eb821bacb29e5ef45abc50ecb60fb6759d9d6e1ef99c7343a
RPPS-TDC,20,2,normal,reputation_update,35,503.098701,88,7486,2681,0,0x6604db4e075a32642fc7527174ea963f4e0c44c26b56e8e060b81ad11ba7ceaa
RPPS-TDC,20,2,normal,reputation_update,36,501.736740,88,7486,2682,0,0xa0620b0187461ecfed8e5266d5ba54b96e3ca8246bfb0fb336608533fd0308f1
RPPS-TDC,20,2,normal,reputation_update,37,516.181448,88,7486,2683,0,0xbc57cbc1854a448bd11d59a40ad4f5038cde989435eb6e64effe99bf558b96a1
RPPS-TDC,20,2,normal,reputation_update,38,487.073685,88,7486,2684,0,0xd8544469809b2af92e4ed0264e726134bb11a009944a9c546f4897dfa8ecc5ab
RPPS-TDC,20,2,normal,reputation_update,39,502.545424,88,7486,2685,0,0x0cb4f5df3db0a9cc4bf5eb54a4918635e6d68dd373b0d474db9d0283e5ca789c
RPPS-TDC,20,2,normal,reputation_update,40,503.533412,88,7486,2686,0,0x4bb43ab07baa35f159974ed5bef809a0ed4afe5d013ff75f5e7e5282c86297c2
RPPS-TDC,20,2,normal,reputation_update,41,503.364235,88,7486,2687,0,0x26492e35ddf302766a5bf9e81a9e519e9d6c30772661085e31df0302bb335f1a
RPPS-TDC,20,2,normal,reputation_update,42,499.963652,88,7486,2688,0,0x5099e94747aba14fbde6925aa53f49f93fe217d8b865e3a56319251798e55d94
RPPS-TDC,20,2,normal,reputation_update,43,501.115636,88,7486,2689,0,0xba281d118e1827f32b52cbe94a45b14aec135eeaa1f61961744a014da7961d5f
RPPS-TDC,20,2,normal,settle,44,502.721533,225,11065,2690,0,0x6be51d05f72163f6165c51f7784bf22f20bb59d9403b127485908fa75783dd2f
IRPP-TD,20,2,normal,publish,0,541.920001,289,16530,2691,0,0xa1a1a12672229f1191f1e900518580dbe5722bde80a8c63f5077f8b9249d534f
IRPP-TD,20,2,normal,credential_refresh,1,459.360894,289,28384,2692,0,0x2893ea3130501abbda3d67b951ed0b608edb8b39a4c6d9ae6cb9a7d40d45b13a
IRPP-TD,20,2,normal,credential_refresh,2,538.732012,289,28384,2693,0,0x34f4c1c0a95203a8fba3c2e5ef64b40040ec4c13ec122719cde7b7152fc09898
IRPP-TD,20,2,normal,credential_refresh,3,465.873302,289,28384,2694,0,0x955c2a9b7470cfce993280e8daa70c8383cae6cbde2f2dc1f275dd4e81e14332
IRPP-TD,20,2,normal,credential_refresh,4,502.291684,289,28384,2695,0,0xbeccc831ed14c9f328a3c76ea6ba34bcdb28b067639c48b0d3217c0454a25180
IRPP-TD,20,2,normal,credential_refresh,5,503.526721,289,28384,2696,0,0x46a422f04060d1a5444fca839fd12453066b2b364fbd46270a9506da10796f0a
IRPP-TD,20,2,normal,credential_refresh,6,497.197574,289,28384,2697,0,0xea71e28bdd14e1ba66a847ca6eacf1317dc5bead6fec7fc743c91ce191e24a55
IRPP-TD,20,2,normal,credential_refresh,7,504.024700,289,28384,2698,0,0x2f6a92e319724cdf5d43cbb85698ed762a28bd6ead60eb7586e61d0da029c37a
IRPP-TD,20,2,normal,credential_refresh,8,501.528145,289,28384,2699,0,0x97a3d16a249076868bca317ca1a85fa3132b17a80acd7d992e10a67680eb6724
IRPP-TD,20,2,normal,credential_refresh,9,501.355865,289,28384,2700,0,0xc6a828ec9847107142d78774ac489a073941d8393575ef326ffdc1c8ad025b2f
IRPP-TD,20,2,normal,credential_refresh,10,501.970058,289,28384,2701,0,0xed915dceba75efab7704f14bbedb8e5f6293c104cfb3ef0f9b55897ff03473ee
IRPP-TD,20,2,normal,credential_refresh,11,500.676284,289,28384,2702,0,0x389268236ad4534726d505c650cb2dbaed09c395becca6b7f8f5074b3b836d21
IRPP-TD,20,2,normal,credential_refresh,12,535.899109,289,28384,2703,0,0x2af2d0f0af76c72536b99a90443966e7eda0809922188787dfe69c99c08d8bce
IRPP-TD,20,2,normal,credential_refresh,13,473.193116,289,28384,2704,0,0xd2bee5ee8d08c9b2d1ef8b47a30b1f93e9c018cd36566584c1036a9f4c386f00
IRPP-TD,20,2,normal,credential_refresh,14,506.614804,289,28384,2705,0,0xddff03767c8b700614c552190dfb3daa028e8df52af4f9338297f5d36f0e5151
IRPP-TD,20,2,normal,credential_refresh,15,502.541001,289,28384,2706,0,0xe50ddb4d5bae72710ca601004edf9da22e5c83712b418c204367c8cc03791f8a
IRPP-TD,20,2,normal,credential_refresh,16,500.243489,289,28384,2707,0,0xecbbe3e7d8149ffe72c6fc231ae4d34e546f16aaddd97329094f2492ac5ec36d
IRPP-TD,20,2,normal,credential_refresh,17,585.410415,289,28384,2708,0,0x41faa5f12bd4025a11ff4c98332613c95f5f5dbaba90c1abe36b6a91659fd8ad
IRPP-TD,20,2,normal,credential_refresh,18,467.377599,289,28384,2709,0,0xbb5c85f46922228db2168ece489203389fbdfa6384d1c19f0ba2584428a0aa3b
IRPP-TD,20,2,normal,credential_refresh,19,471.375765,289,28384,2710,0,0xab1be2563c51ea8f830e687d8fd63d4eb91d438aa5907f208ae2e24f73955183
IRPP-TD,20,2,normal,credential_refresh,20,627.264707,289,28384,2711,0,0x0eee2a3d2051877dd09f36a511e64eeb7678d64756aee066352d92a0a55ca141
IRPP-TD,20,2,normal,input_close,21,500.239104,289,18625,2712,0,0x9208139c4d8560b27af28e5fb48d954a942aaa23c4ab89c3d3b907f2aa92f72c
IRPP-TD,20,2,normal,output_commit,22,505.552181,353,26849,2713,0,0xdbf793a7a481fec3c5311e4cfa0e11cf41fe5284cd6f5e4b5737d821a41b564d
IRPP-TD,20,2,normal,settle,23,502.381357,225,13383,2714,0,0x0e613f69b7fd68318740ab0d0a10d29b006cba6f7c9c030e229709fef2f1633c
